name	pc1	pc2	pc3	pc4	std
ABAJAP	0.487854761607589	0.2281781347539737	-0.05814396896803277	0.10880280546919752	2.780413497596684
ABASEC	0.6300877157641551	-0.05585394389295601	-0.05220137858622352	-0.08457679609989713	2.3026322446720715
ABEDUH	0.5160895836942849	0.5078920782753229	0.13895596605162944	0.08370983117099566	3.4804212878886402
ABEPAA	0.5290793987257656	0.08767298298284483	0.21735963450339896	-0.02739990412212217	2.5293891278396226
ABEPEE	0.5094738529158054	0.12082038581817903	0.15637913012763685	-0.0009704526477642625	2.60049561972948
ABESEI	0.3960771367126892	0.6011333439129082	0.3632588538437228	-0.011519434303368152	3.5723509606556383
ABEYUF	0.9267297351997685	-0.4001749367873318	-0.7377270656678708	-0.3805543476320271	2.2354963370200553
ABIFIE	0.6951169721998296	-0.36450755334086804	-0.29817416557713106	-0.09326539337350744	1.8859765533263195
ABIFUQ	0.4487094974226302	-0.1505462549744627	0.14078801877987182	0.005865611702120049	2.038431894935335
ABIGAX	0.418396937620642	-0.17255349352895788	0.14278469241687597	0.008344270539159131	1.9713659457641557
ABIGEB	0.3661111243142541	-0.19326889125068664	0.15846987882498673	0.017616567629773615	1.8959107394345045
ABIPIK	0.6578023572792668	-0.5151732689648358	-0.08346100298912676	0.009883905016022456	1.7409490882850502
ABOMAI	0.668595205359007	0.13230843601614392	-0.24049105009836688	0.1410676210315372	3.037900658791325
ABOQEO	0.2261295431525494	-0.10199083967501485	0.33762446029270154	-0.062384554297962413	1.827856232027408
ABOQOY	0.39073808699563006	0.18792839431621833	-0.002361067200806921	-0.25099827675985575	2.543314494415684
ABOSAP	0.9045912745371076	-0.33583931692815516	-0.1302809743231707	0.004579243559961248	2.3039876515943356
ABUSAV	0.38507072284943433	0.19024166627959346	-0.29777836066612473	-0.009037283396855791	2.7271659993381165
ABUVOM	0.4056630619638515	-0.2985749088353613	-0.21400431450704777	0.09027818454308068	1.7596258210337838
ABUVUO	0.4151215231888985	0.42152584414978245	0.13676970507374892	0.20718355429813806	3.1286842261181556
ACANPI	0.19726133848620853	0.597352764371858	0.24247834747371622	0.047897580302825926	3.2280054060944168
ACASOO	0.4524723686864123	-0.5811813853659743	-0.055986493796000375	0.07384692193713176	1.5966001310832103
ACEJUP	0.2142234763524442	0.05201772207426769	0.10786846023790708	-0.2581833908461249	2.1347475331631482
ACEKAU	0.3433336056895717	-0.031689643695564366	0.18980877274336577	-0.1147642428199933	2.113772424160074
ACEWIO	0.4841553031570278	-0.09670045535431634	0.13253729092288305	0.07525464604571858	2.171666581842627
ACEYNI	0.35295639368498133	-0.3201894845213371	0.16994678579788144	-0.1318680306998296	1.667437176421036
ACOWAS	0.6432094294373387	-0.0038508906567278622	0.46082792083896196	0.16340053553404466	2.8018264678492812
ACOYUO	0.596494555824929	0.31200612584469933	-0.33745684642669643	-0.041161738451537325	3.087522455986106
ACUGUC	0.4985372432416293	0.08921677524342946	-0.07998758138872675	0.20173222114144396	2.6218361432248662
ACUJEQ	0.6590045280026331	-0.20921403388152987	-0.10536590811076377	0.04491192960818435	2.2800824056375117
ACUWUT	0.2769716196508871	-0.009786520466679249	-0.011190568161841954	-0.10520197049015377	2.147465938573455
ADACOB	0.4804378106703098	-0.14303989175052356	0.04388848308460361	-0.18030583385077975	2.1183498507591945
ADAJOI	0.4546060699872525	-0.1372118873968209	0.026207368235381126	-0.1497500501616451	2.138609165624148
ADAJUO	0.42692278438367737	-0.10552277774852473	0.0374436494885967	-0.18422481383753198	2.1264168276976667
ADAKAV	0.513714372274638	-0.059220689900648875	0.02605229397147922	-0.21845460897216978	2.2881866904295505
ADAKEZ	0.482169481104993	-0.24931525599947213	0.03312770366358722	-0.08022545009954739	2.0065994393207864
ADEVOU	0.33288216473799714	0.29888300726959033	-0.030429563545411355	0.029143219286185205	3.1115198309717336
ADEWIT	0.3021192248553124	-0.43745789160635934	0.0717844214552539	0.05840460506229766	1.6339518468313148
ADIFID	0.46541839541810326	0.2895994528563675	0.004486584676418229	-0.33143729037458186	2.8475406172740856
ADIMOS	0.5923464052740108	0.17375424832726882	0.24246984364986418	0.07285807825580082	2.8623560677192854
ADINUA	0.7358699189438243	0.11516153241743857	-0.29229914517095495	0.12374036188735685	3.107760574376206
ADIRIR	0.24487770855992164	-0.2159495923050578	-0.01682213895570582	-0.27876716533147017	1.773000023697739
ADOJUB	0.6034427967490759	-0.2003912245423306	-0.0798927966275598	0.017277879641098913	2.2245809669258203
ADUFAJ	0.7314450781794486	0.5370023948114603	-0.17827819479378215	-0.04174738525368328	3.832550739349089
ADUFIR	0.5959318498757673	0.10720752244999046	0.18720045255575196	-0.052507660663119446	2.632861827795306
ADUNAQ	0.5199637440752909	-0.3478515817024633	0.045790847815719876	-0.15520124760843085	1.8878790495182867
ADUNEU	0.370460743498759	-0.21362661910053576	0.08266979757658716	-0.20546653218831085	1.9310063034005087
ADUNIY	0.3830946319507209	-0.2783020045128372	0.006303925237734001	-0.16068839683912206	1.8374610432345213
ADUNOE	0.2737165421489194	-0.4076007960001759	0.1524522145533977	-0.023925687300904573	1.544926112451954
ADUVOL	0.5055265183109263	-0.25250977674094205	0.17563266830964003	-0.12316050695015475	1.9900152038276055
AEMANI	0.7109475633255045	-0.2057829065241908	-0.1603382542678994	-0.19944381201411554	2.2220147070099157
AFAVIO	0.7421998850541005	0.3951735156035138	-0.052036287441706075	0.23192449993565828	3.6676466641409835
AFEGAU	0.6079649580419337	0.38594714743811087	0.10936109006846603	-0.1389967415793748	3.3443284134770415
AFEKIG	0.6441316134351531	-0.32381290921030886	-0.031649910824001225	0.11378788087768212	2.0879630136156235
AFEKUS	0.794882405918445	0.35853875871023905	-0.36459856924022	-0.0863144182671416	3.9639042301454332
AFEMAB	0.609993194816087	0.6106805795178827	-0.12210864796026893	-0.12289858245168771	3.752700662588043
AFERIO	0.2980548418763411	0.30296837711315094	0.30985474208441943	-0.2086064697650637	2.676149715480489
AFIBUN	0.4520168262297899	0.23800138806845023	-0.005525856631606443	0.2477468482413231	2.9239752146032556
AFIDOM	0.4610052306543624	-0.33534148941308267	0.03714709495241754	0.1316589344322937	1.8202218392997769
AFOFIL	0.8992790381168767	-0.18138308744775222	-0.1740112164705493	-0.1612211474936086	2.3175164335376577
AFOMAK	0.5612978354013922	0.18909841055332946	-0.2341480738917828	0.14888296082313804	2.9602160031658418
AFOMEO	0.4643750362322461	0.2626085990965672	0.0657822557659786	0.1746390063295441	2.856863155548273
AFOZAY	0.5676316854851251	-0.1483532418332375	-0.34127789013859	0.11410580046428025	2.611189409052399
AFUCIO	0.5419338062107784	-0.23548690738699857	-0.0005087520970271237	-0.042441207518318994	1.9453447522503398
AFUCOU	0.6275904434220188	-0.14578756927645223	-0.11898632130538458	-0.07315710112028016	2.186261708264678
AFUCUA	0.3839276405925869	-0.5605435373992833	0.023561194528705517	0.07657554281738821	1.3930032818788431
AGACUG	0.3097911359699346	0.055796678884769094	-0.039064518880174516	-0.25596422927118073	2.3026008244840086
AGAMIH	0.731316580097463	0.6568946169999944	-0.15550897412031434	0.14046234634902743	4.246366210396836
AGIDIF	0.5361463352585405	0.2694352385463402	-0.17041026811541754	0.09485256178295463	3.0014435546218756
AGIKUW	0.7032357574310772	-0.28621951963352704	-0.20210972955932738	-0.2548311227369891	2.0239906943498536
AGIRIS	0.48031682997733594	-0.2579892290627783	0.24145906773777248	0.005270504852627384	1.8414562224310087
AGIRUE	0.7358568445034157	0.08911420438237863	-0.10761824921843904	-0.2816640871318804	2.8751361913984583
AGOHEJ	0.6368367338637535	-0.3698996354050343	-0.08856109541674997	0.1071696537432771	2.0197411751584795
AGOJAK	0.4807382749104141	-0.4378019546266246	-0.08349099574031858	0.11237914531498445	1.6500841696347823
AGOJUC	0.8215708563618813	-0.02386796430310172	-0.44521081193206086	-0.27288689925741233	2.6729708676254758
AGOSUL	0.570675005371414	0.4798445179707451	0.0712826456482939	0.16518122987957307	3.533150237896212
AGOWOI	0.7327222316055471	0.3106212968504481	-0.26393117514697806	0.35706725418447105	3.902697479867989
AHABIV	0.3184500287474803	0.06367948553900998	0.23007629659652373	-0.1239772196290795	2.2213977280987116
AHABOB	0.5454415426203232	-0.2525578752258856	0.15571063036455374	-0.179073572003838	2.0013835614495195
AHACOB	0.31856131621551853	0.2944358588404803	0.024590167154355885	0.1072374884360202	2.6746129151147735
AHAPIJ	0.5137453456071128	0.3777405971320246	-0.14037728952207418	0.0558865214680941	3.223713677499746
AHELEH	0.34013949290106016	0.03496414315379948	0.04621563718941463	-0.38223629654717367	2.270839033976925
AHIGAZ	0.5243874058562072	-0.07019111267193842	0.2193339762842192	0.08853020710828403	2.260341707143877
AHIGED	0.4765767379644279	-0.26658710788699347	0.3768986735602003	0.09141098486608847	1.8952860909783178
AHIGIH	0.5241852872708446	-0.34941126546906115	0.1810847798415126	0.08678078994484578	1.80041570746031
AHIHAB	0.5240957948961364	0.09024570447937753	0.10303598028259572	-0.33414008341289797	2.5245491211435835
AHIHEE	0.5193741061406385	0.08700711399565093	0.18607507366260018	0.08319395856390853	2.4887721640661047
AHIHUU	0.576791183028095	-0.047011264533567104	-0.14717547471806938	-0.27196990932796317	2.3104371688359273
AHUBIR	0.5653132080575203	-0.3221393713772501	-0.028506593974675372	0.029301792188737942	1.8930534096822738
AHUCOY	0.5129698282020296	-0.21537287913087486	0.11041799325524501	0.019512523525181708	2.023669076531743
AHUCUE	0.525362497914168	-0.15445516513902996	0.08887637751669156	-0.034018925158136565	2.128801235245236
AHUNOH	0.16834909329885006	-0.22300646641889182	-0.07015362508979409	-0.24223623519581472	1.7950533373026099
AHUQAV	0.40680740894751466	0.5530516799184201	-0.15026146044060934	-0.10863841965113626	3.359537712640619
AHUQEZ	0.41167517019097133	0.5540645088490642	-0.15138258710454466	-0.12236966271058668	3.3717490411334916
AJADEV	0.7194014714750674	-0.19346848448120482	0.12240262521330736	-0.2080197307107366	2.258078446101994
AJADIZ	0.5332877466587007	0.08705337614660158	0.09080702976368246	-0.2090160256990094	2.547004020556558
AJAFIB	0.6066374399106333	0.19189557877184146	0.021187091848945933	-0.3665535519166635	2.8668756217426217
AJAFOH	0.5308025263840097	0.16475973299192648	0.14397393162320224	-0.19726310949900128	2.7039739650935055
AJAHEB	0.6263251085477535	0.7085817375679302	-0.1140551617463389	-0.08750573786764998	4.174288050854572
AJAKUS	0.42665549588923657	-0.05530212089810141	0.2589171955799048	-0.040488751140234924	2.1675318898255282
AJIKUZ	0.6434681941941509	-0.3469664071156753	0.10277879423399475	-0.007021935818849294	1.9590706223517
AJILOU	0.6206758164833799	-0.29295717531073145	-0.03486727941770122	-0.01235065235219552	2.0674015142570865
AJIZAW	0.49088607256527617	0.1665873746255462	-0.15065529052309967	0.23025415238796176	2.886023630473339
AKALAC	0.3567416914230277	0.19474834427539672	0.10779077269947249	-0.23511828376500588	2.5670001868000543
AKIKOV	0.4333391813967964	-0.5474047383057039	0.1617774341529147	-0.02964131765562201	1.4676056059056795
AKIKUB	0.49320720319662215	-0.5709696955740109	0.24754991020261763	0.06766137384362744	1.5092190706592357
AKILAJ	0.28364148142051304	0.07816202945422829	0.34933642399353515	-0.2756457468156266	2.213508687867864
AKOPAS	0.6486030892028118	-0.16678819859001184	-0.15235989958474502	-0.10324115732102081	2.177385514401034
AKOPEW	0.6177253968846417	-0.09078573143732419	-0.1154115504637549	-0.07997846489647913	2.346880134361072
AKOTUQ	0.5890034825722523	-0.48761187498928144	-0.12179449080496929	0.10855189398989515	1.788126723855403
AKOVOM	0.48142570806157625	-0.8001514033958846	-0.05171858509765569	0.06818740651242466	1.2155319005863563
AKOWAB	0.6909148346796128	0.3396953609039831	-0.19787530012552254	-0.11496379024530971	3.1685938579329607
AKOWAZ	0.4322099132424526	-0.7361357218747259	-0.09665822627968998	-0.0457776778411632	1.2738934079746498
AKOWED	0.4557619877251371	-0.7807387303597996	0.1018343703543945	0.027552287152622076	1.242647943176784
AKOWIH	0.48213597149142107	-0.7972364095350425	0.13025487035306496	0.06108049017911	1.234173234387806
AKUFER	0.6169529351956431	0.14019410770083238	0.1415536447356219	0.03606032905592142	2.815101134925756
AKUNAY	0.5569108430488097	0.0014588151966509859	0.029506080098852847	-0.055298793229253185	2.311097079082175
ALAKII	0.5960561989675499	-0.17847572093377775	0.14291682800605068	-0.009546229231091677	2.186175248100942
ALAMEI	0.44689242676113494	0.28648118806706774	-0.0038143251964620623	-0.029477958369843328	3.001124502205429
ALAVIV	0.5977283721992679	0.11320637052638571	-0.32753889638566863	0.11531400436691985	3.040562744818706
ALAZUI	0.3025516645219337	-0.16502258851466803	0.385910326688678	0.017778662668727685	1.8689670591484115
ALEBAU	0.5847612827674462	-0.34130086807417126	-0.09560091997277743	-0.018798214507684784	1.9017838108433023
ALEHOQ	0.5667743125183815	-0.20945250483019792	-0.004571148523540236	0.1414872530441024	2.2509200061272594
ALELEI	0.5522734370583571	0.901805054396985	-0.24362810508383512	0.13802826852694292	4.615326825450769
ALESEQ	0.5061336584019562	0.3215860107401693	0.29757723750307374	0.11775126344300885	3.160839102276269
ALINAL	0.6695688205213539	-0.44497318238628336	-0.058749686591615065	0.08180616277383695	1.8739720519679617
ALIREU	0.487515557852392	-0.48528726193282823	0.08067174060522339	0.18456511176804108	1.6882436778416734
ALOPIA	0.5185175397384025	0.15082806792043402	0.13287230867374306	0.1088825561864404	2.746297374639717
ALOSAW	0.5830166272814115	-0.026363963216420386	-0.2983128208744056	-0.06687252814931254	2.390804588483162
ALOTOL	0.3408207985879015	-0.16582878926236358	0.14229325999314024	-0.18132726959141587	1.9100892612635954
ALOTUR	0.2566393757490668	-0.27672896894179994	0.195500738047247	-0.15636036457174113	1.6821220376028758
ALPHNI	0.8667879096260735	-0.10407616325468419	-0.4683890751247093	-0.055370257098812825	2.9270882777539122
ALUBAL	0.1916419020373885	-0.27944240110797647	0.31931559782770086	-0.2343956588864458	1.5805708222511299
ALUMEA	0.46492350832110585	0.006226910037645965	-0.1782724849520249	0.1914777363425348	2.406236135716375
ALUVOT	0.1994739464534474	-0.25569110187560173	0.29038598291833817	-0.18531252048479185	1.5601918899015785
ALUXEK	0.6839279359605541	-0.024144125682300035	-0.30557241579394934	-0.2172724580213536	2.606912308128172
ALUXIO	0.6581618401020366	-0.07901644813790862	-0.301621823851016	-0.256587264602817	2.416187625266693
AMACEZ	0.5140429716980375	-0.015912003745378406	-0.2649718190446686	0.09715769499881963	2.329875547336866
AMAHAA	0.36205379110422875	0.40840765765170717	0.23060140836195425	-0.02117995778893466	3.072203121588477
AMAHEE	0.33171744949978166	0.3192052558367073	0.02688289783382472	-0.36273852052054867	2.798413665480023
AMAHII	0.4279823311539026	0.272832400110645	0.2232492525079739	-0.17662400126285427	2.8323070507824033
AMAHOO	0.3578035473286789	0.24035317408917622	0.03822866324027201	-0.23729733357391047	2.6975321831175534
AMALAB	0.8408401651272364	0.12637825955479712	-0.3543020026910695	-0.24609420159271533	3.1030634271340083
AMAMEG	0.5434088816838267	-0.030403813384927793	-0.02460839173196116	0.06610233689473077	2.345925922069177
AMAQEL	0.41908977834078787	-0.14777139541256806	0.1965302596238085	0.0825334844881408	2.015152658378411
AMARIR	0.49697012483279135	-0.5886740045452556	0.28458105862213107	-0.0038723567548211157	1.545749142703897
AMBXNI	0.6483592167488306	-0.16032346014977353	-0.056659213041250746	-0.12650074388804694	2.1206004335964215
AMIKUE	0.44839181399146	0.7330671202150462	0.23912795827508088	0.22184555844831666	4.056852371465568
AMIMIS	0.49825644921206536	0.6428015588169514	0.13081587058932073	0.3842167841833941	4.009519138365367
AMINUG	0.3697918765088213	0.1286985212288257	0.14098929517350994	-0.04200139566049002	2.5348123384907586
AMIPIW	0.4648614390430872	-0.26063179305252454	0.1087835643498331	-0.03494779529050199	1.9316835309363671
AMIPOC	0.3866800737208447	-0.05839839110805648	0.06654656181183957	-0.17751485534809297	2.0939936880148533
AMIPUH	0.7059616990608317	-0.5353063172417354	0.010263245498897372	0.06565522126106887	1.7879936776906737
AMIQIW	0.6200821730637376	0.1044082526709259	-0.08518200241790527	0.19209578219633244	2.9007737562253224
AMOFOZ	0.45080098370226107	0.4022645952727419	0.07040835658173533	0.06853304580556177	3.185458609930118
AMUGUN	0.44805380803591444	-0.5446971035930458	0.08424278464216126	0.10857363031291008	1.677041096905069
AMUYOY	0.4212499380967465	0.37525045462590106	-0.2628401270144093	0.30583066715222856	3.582459483744722
ANAFON	0.3408042269363101	0.1337508434495023	0.28195950458781355	-0.16580890789425207	2.392489531592076
ANAJUW	0.5971489974352515	0.5254613612923431	-0.007254426055810975	0.1843919052285265	3.731594274757266
ANAXIX	0.3726597960630711	-0.026524165306620454	-0.13947186496457586	-0.3415892785710355	2.1843185801870857
ANAYAS	0.36566119575947376	-0.8903999808349919	0.1129965488930986	0.08760067315828843	1.1331235913951028
ANENUE	0.774334208431851	0.3545632784045929	-0.35610653185698965	0.1923287115900118	3.97419370508986
ANEPAM	0.7004901530920327	0.35844920471722386	-0.11416312838792488	0.25689719705506053	3.6463472952476317
ANOBEN	0.44337394423811105	0.0421410382932217	0.1724433785479278	-0.055886732397707264	2.3484008742775675
ANOCAK	0.5203617568677137	0.21912862873908825	0.14841066715427212	-0.15711858740932555	2.843090048973819
ANOGES	0.4918481745785188	0.7202865537884439	0.10971003797497308	0.14937736615577213	4.018530527693413
ANPYNI	0.5515469552544072	0.12690126712431032	0.18582036309039363	0.10223629952361137	2.6242102800160607
ANUFEV	0.33116623910234244	0.16574559477184073	0.023287055520211042	-0.3217814495289812	2.3273189768282805
APAGEE	0.5932139654498609	0.5032753247376868	-0.3971761822800753	-0.3790092928360158	3.833962369327317
APITUP	0.5246136357552835	-0.5437470690125179	0.04976424464901594	0.08443391086410447	1.6260271347783468
APIVAX	0.5345334658769403	-0.5419909311060859	0.05312688639119162	0.09762067318698683	1.641790810707476
APOMIE	0.32094196936911956	0.2520461364078373	0.30265284906245554	-0.01824057891933465	2.6712426695661726
APONAX	0.3053177397963527	0.12440387412288179	0.415654027436911	-0.09384573002616543	2.3483672393042223
APOTOO	0.5762425824468718	-0.08899488249415655	-0.27422655909419746	-0.20190668982830273	2.358075522941264
APTANI	0.4033379159648369	-0.12355751200597878	0.35867751956821664	0.16030785624796856	2.0818692786190445
AQACNJ	1.2895249062621295	-0.6400485085587495	-1.038266887101086	-0.46150697697678317	2.8503691756594662
AQAPEO	0.504707097046551	-0.022137429529460288	-0.11858859538591832	0.3542942341241208	2.467170783938095
AQAYID	0.5308599005982586	0.14212068107665246	-0.20118741601890305	0.20736642320172854	2.820448624844857
AQEMOZ	0.4669972864519947	0.5473408926271415	0.08983989346145613	0.08537733981120572	3.515624400223592
AQODUH	0.8218511375731614	-0.4368265898685758	-0.07291659038159408	0.03718529145581692	2.0248357333046205
AQOHUJ	0.34080625877909343	0.3003868681481487	0.2721857667749945	0.05068176134642757	2.715238126376117
AQOYOV	0.4946677690755745	-0.09840137106982896	0.38824087368773397	-0.183214250098568	2.2476162729062357
AQPRLB	0.6223915934007547	0.1549895281184856	0.059773917697236306	-0.09595636498380124	2.6934228610984587
AQUKAA	0.5122389083063412	0.3528609011930229	-0.10148122284301886	0.056882522884965696	3.1009883649537016
AQUSOV	0.4291588994806421	0.2659541296143614	0.12382860796198852	0.2990631923172959	2.9365979128446025
AQUTIQ	0.39810366548682286	-0.07649424118506815	0.34783148571235484	0.10284024022930081	2.0908100065582715
AQUZER	0.6877888240983472	-0.3114402855379033	-0.19220616564102197	-0.17832892532546923	2.0977493304692874
AQUZIV	0.6319528093731481	-0.10366845838804094	-0.10612674563472853	-0.13403147244660546	2.387439195350806
ARAPOA	0.460903681258257	-0.013447857766001872	0.25006414795756265	0.1933693535978806	2.3265135977571267
ARECOR	0.4431722418819284	0.4605081403205933	0.35381974931746357	0.10400635961841147	3.3101840902792556
ARECUX	0.39102066641939803	0.45636690890187376	0.18504447816563613	0.047513069790961024	3.2003300554902125
AREDAF	0.5518528751749239	-0.6378107819420737	0.06201495604162613	0.03812910164614858	1.4771789873933712
AREJUD	0.35584614106151946	-0.8002322917813928	0.37693668786008444	0.07478042947566735	1.2394405915658657
AREKIS	0.3522822329756101	-0.8014771203593923	0.37503833912476825	0.09414359298748143	1.2543623640776769
AREKOY	0.5038443680092008	-0.6436215135564164	0.2294443872173132	-0.1628449463765903	1.459479900906053
AREKUE	0.35780637515918023	-0.7967266306550083	0.3721271053220944	0.07836932299288434	1.2510909974251803
ARELAL	0.4528464804603072	-0.6378945472874631	0.31311923826287247	-0.07704497871572624	1.4309337570559988
ARIRUR	0.5034861001845918	-0.6602165359409705	-0.06706951335144071	0.11929253805886594	1.4886019165624798
ARITUS	0.4857849922971038	-0.26658114600937377	-0.008582228620991297	-0.022319578573918294	1.8865649203836643
AROCIT	0.3695891038331709	0.38629677522497236	0.12252724586042038	0.057890721621174875	2.935532066504538
AROCOA	0.593009791273218	0.2469203072606282	0.09996320138314066	0.03475913326984748	2.981912031744779
ARODAN	0.401870444269953	0.3970356196426441	0.2994861587764637	0.13381663403384764	3.1049508029623687
AROGAS	0.5828305594775918	0.3122069882660415	0.01891167259756231	0.19198510749436537	3.111176686426113
AROMAW	0.6446389759924642	0.10401852135764791	-0.2029145593661353	0.3167484512485401	2.9257043278685524
AROSIK	0.49858638280382817	-0.6109302502371645	-0.01578409676420907	0.004134066898724611	1.5267504633921334
ARUGAW	0.3000649369463284	0.26311851179658213	0.12181823434161182	-0.11947283175998337	2.6171154595357793
ARUKEG	0.6116366289930326	-0.07022356004797894	-0.25835143650429004	-0.10751001321225313	2.3217009831835695
ARUWIV	0.5370662865257785	-0.0984709260563246	-0.24364699007465096	0.017922692229180057	2.213865516984338
ASICOU	0.8795835144024355	-0.4341200458662476	-0.08113017884593261	0.0073891360253675875	2.069629430894693
ASIPIB	0.5547731217412917	-0.19092226326688666	-0.23043908836772864	0.4181569150020546	2.5025737824307877
ASIPUN	0.5647657468037188	-0.15814917132199194	-0.25728649665109454	0.42019089371665325	2.5486458853126392
ASISAX	0.379138958782689	-0.23463356009107877	-0.17589699598023198	-0.008805998159342326	1.9579520222083666
ASOTAF	0.48542311998538246	-0.431296744732659	0.012183170437666646	0.025480248464924648	1.6685457993732715
ASOWUA	0.7131437926032369	0.3783748382122106	-0.03389131100418066	0.1595282361561487	3.6187818881129
ASOXEL	0.3951369973591552	-0.20379039582629663	0.02935981617932297	0.3258911049548448	1.9563791563333823
ASOZOX	0.4691534871493692	-0.02508283682514394	-0.22494717072178222	0.1732756078813304	2.425209713418102
ASUBEV	0.27347507467825105	0.06750954595170025	0.33634100039209375	-0.28851437830147364	2.1813771895693157
ASUCNI	0.5825421367999413	0.4634197043373106	-0.08012865514904283	0.04303998465580578	3.50871581581564
ASUGUT	0.40537359904091375	-0.30121383562788445	0.06574862586139071	-0.2090480316224631	1.8178998537896038
ASUHOO	0.3992367823812346	-0.343605440722776	-0.014032619134571503	-0.24473990458619616	1.7564056236499148
ASUJAC	0.440407818966289	-0.1992792872571685	-0.19282775578993955	-0.1781511493934136	2.400141156063282
ASULOR	0.44813512489795926	-0.4062415594055819	0.00926290097648412	0.03595936211554257	1.662754113285491
ATAVID	0.5177677032616312	-0.13800206474108617	0.39335834386435065	-0.24853873156363349	2.20354783910509
ATAVOJ	0.4057887572464871	-0.1571853201441785	0.37006098975265145	-0.16856766568205267	2.044426391408924
ATETEB	0.3263618611902248	0.13017611418719055	0.24389338283702677	-0.07179606067979521	2.3438848176670803
ATETUR	0.39905657423522545	0.13400593364669747	0.26216642089562303	-0.07045102604293389	2.4279599036233015
ATOBIV	0.6152265957244492	0.44922553889095296	0.04531244260047601	-0.19767924101043305	3.4128662645889745
ATOCOC	0.6031603163005634	0.447474223005425	0.025951905392322797	-0.16647600390291772	3.4108010151025026
ATOCUI	0.4701338261029484	0.4039778845153123	0.08240716285253685	-0.2133643109495892	3.2551573721964937
ATOMUS	0.3637636585336681	-0.17290472709148427	0.14440436118670688	-0.07087522310084263	1.9263888541501202
ATOTIO	0.6943045951913671	0.5239461671455747	-0.13592855085212985	0.20295635776882776	4.064124959855238
ATPONI	0.7406141436986706	0.44837355107321253	-0.2611091660429664	-0.18863766336590637	3.553478341313928
ATULUZ	0.43119186445288893	-0.09638229695119314	0.21817685703111023	0.01765119478961421	2.113334499014136
ATUPUA	0.6443001699116797	0.07653324619306236	-0.1641388670214097	0.3207256364124909	2.8912376876591277
ATUROW	0.40010689020240076	0.22688529304022112	0.08696114719636369	-0.0548725906203284	2.640196546390494
ATURUC	0.40660497048776634	0.38063289145603624	-0.2632190116057064	0.3069262553693125	3.617212202960354
ATUXOD	0.5074914899564229	0.6967673623778858	-0.021489679684165354	0.0922327699908045	4.055728458083488
ATUYEV	0.4325147115828294	0.5605964875307914	0.035009143118121755	0.11696191272804438	3.6869256518777966
AVABAC	0.6805508775999192	0.3832630170675112	0.019911172360197932	0.07507953327289392	3.4942828553248364
AVABIK	0.38476602561852413	0.39341551919506135	0.26242756948783597	0.06317514013438537	2.9633308220354637
AVADIN	0.6282348170414185	0.10271119363866738	0.026204520583172367	-0.30456850482062614	2.4780121046063273
AVAYEB	0.5192547051250909	0.5714316342888909	-0.01159728440013158	0.022596210770457335	3.672042503930969
AVEKAO	0.43398705740424237	-0.1162935119613392	0.15810204084847043	0.053851493912460094	2.043132554187899
AVIBIR	0.5311468328360558	-0.5711669776681689	-0.044973462975714674	0.05036998710598749	1.606204174758999
AVIBOX	0.5092948626021983	-0.5967101292670042	-0.018943489947108053	0.0666042475337411	1.5551181548363324
AVINAW	0.3094851521189126	-0.009826655100794262	0.15002951095497322	-0.28328910841943217	2.2056164181564943
AVINEA	0.5631081783938168	0.1788410693755948	0.1186454143247645	-0.18689401549446527	2.7709368991192935
AVOHOI	0.7313457360734255	-0.28553678851803505	-0.12969364097408226	-0.1433587094477835	2.07410008256955
AVOJOK	0.44228212335272943	-0.03793693961446845	0.33777410975768096	-0.0451589035928478	2.240070591411564
AVOJUQ	0.4835884201754723	-0.28235307371538043	-0.17542873575098034	0.05344725567483906	1.9424315296865435
AVOKAX	0.6147014139028766	-0.08523382407390102	-0.42789160626564954	-0.3190113597704561	2.7060855995604864
AVOKIF	0.396647632664596	-0.032057845166363355	0.30934152970992146	-0.015214321181772218	2.1669704684675866
AVORAE	0.5000432802395531	0.529430933301588	0.12689200224289007	0.20862715757810885	3.6356669720747368
AVOROU	0.4410671977128855	0.6904400193981564	0.2757805361119197	-0.02837182749394017	3.9003174781077483
AVUJAC	0.516327806415501	-0.018310335532414946	-0.0048714062337917585	-0.00247890089324904	2.3810907155495267
AVUNOU	0.5144849566557035	0.6567192048861998	-0.12206459626002716	0.1900056892168443	3.9475400806577783
AWADUA	0.30319377897042843	-0.143351172090945	0.34639647159028647	0.0940113925189059	1.8651131828248302
AWAQEV	0.4159472464172387	-0.17705171640325582	0.1456185067041853	-0.06358627194408036	1.9857066421322906
AWENAS	0.5266579522783141	0.3294304168268634	-0.03892767799818192	-0.12327498874919342	3.0475860251044544
AWIKOJ	0.5668373534103006	-0.034224898159316855	0.14379057863405376	-0.04559201403226826	2.3739185832076597
AWIKUP	0.5250314428540497	-0.017638487487765284	0.13743910133478057	-0.021834361856330683	2.3658010598480796
AWOJAY	0.4402122872036802	0.05001469531797355	-0.12588504807898618	0.2802675154719653	2.535702659865197
AWUTAN	0.6609688956842312	-0.23834458763140476	-0.044308153783996385	-0.046462565462231306	2.166134531604654
AWUTER	0.6396648667179798	-0.24392068883626844	-0.0178020771689876	-0.01475420999487323	2.1358282504329833
AXALEQ	0.5041373753981118	0.23083305362237416	-0.32253242889456274	0.13801576738699367	3.0503230330653133
AXALIU	0.5066911952134481	0.39066113143323133	-0.28704927888008436	0.20781661987961458	3.56166557273051
AXEHEQ	0.2929043026007343	-0.28873748614310146	0.2483613966606899	0.018601960245164917	1.6571049749646873
AXEHOA	0.4068755688662131	0.15210397805727574	0.269017556817349	0.13969470699262115	2.5991452422648256
AXELIB	0.5057308545373562	-0.0417693728870646	0.13757362870678966	0.04457169654956246	2.262710403257797
AXENOJ	0.37632691224596826	0.16054366174121454	-0.07619650521293592	0.2181777239515535	2.5915313029804317
AXIBAN	0.5879966252621536	0.030839287393509218	-0.24617667256243328	-0.32544034261794347	2.498162290126683
AXIBER	0.6317885726985351	-0.34505631631522465	-0.15762454056945938	-0.02122570421183482	1.8825665037846502
AXIHOE	0.41900470354894814	0.45171154334625685	-0.29168325823683283	0.09927019699628509	3.4902015306428193
AXINUR	0.5377021212222006	0.3244803347494036	-0.21034935830944176	0.0787659881762593	3.318521416586227
AXIWAI	0.6202833476685781	-0.25793934107175875	-0.09068178922581573	0.0537526780247172	2.20046190750549
AXOTAK	0.6347471912961442	-0.38652431524620373	0.040843240046198714	0.048751649971316494	1.984185582633057
AXOWOB	0.501947924666708	-0.3005031957937124	0.02798702706824588	0.09107416611363284	1.8814571916738885
AXOWUH	0.4159063080200269	-0.22497688038877178	0.061934059867063435	0.10988458973124643	1.8891183349789986
AXUBUS	0.26044528313488646	-0.21051611458189984	0.22767120512437178	-0.10606000567197117	1.736933762074302
AXUCAZ	0.3005923285557617	-0.2211518039260956	0.2024982274209957	-0.08757848681149778	1.8251874242797743
AXUSAO	0.40512225372988286	-0.24464723348675765	0.011584558726253663	0.0769737582078952	1.8384652798285597
AXUTOE	0.8040998571756592	-0.4562623905989878	-0.04662745686571964	0.011191764398392612	1.9638572504966814
AXUTUK	0.8302940545818158	-0.45091826472152663	-0.0586905699218395	0.009513179330346372	1.9946713303654868
AYACUY	0.37767235406202104	-0.3401474133322285	0.17002035235930624	0.13216298007468952	1.782668586917644
AYADAF	0.36946719808796225	-0.13118869981252865	0.07945896787280321	0.005960172297682441	2.013478648440353
AYAGEM	0.6798876296815717	-0.023124618185359356	-0.3028474013136964	-0.21921220023347182	2.6034433800616643
AYEDAK	0.5046388038599705	0.2604928043498383	-0.36429628593341956	0.15066982810551016	3.3079985086452997
AYEWAC	0.20451595623128727	0.47701114827114927	0.24994748439948455	-0.10901937116082198	2.9113561121788867
AYEWEG	0.3464807533856158	0.13734454036927618	0.16715831913266732	-0.20008535058740845	2.3943437167932187
AYEWIK	0.41708918771788994	0.14650031236809774	0.1367150912806372	-0.09207476871058635	2.5182497944957256
AYIDOB	0.5728036980601905	0.4047659458697017	0.18692300599760292	-0.3145575381665994	3.254072100666548
AYIDUH	0.4952693884508248	0.5108397717248234	0.2596151174987884	-0.4359259339780656	3.3934322724917565
AYIMAX	0.8295137994937827	-0.3240280675876795	-0.08192390635312087	-0.0454884160233506	2.259653067257352
AYIMAZ	0.5653458491556069	0.06878332995298896	-0.2315374692518119	-0.048135314394296635	2.618647321349817
AYIMON	0.31529563358566026	0.38040096243074273	0.18256767872648222	0.060086861566914715	2.872549205297701
AYINAY	0.584997540144478	0.19170929078997415	-0.008581825909647262	-0.15660978983970797	2.7800631335094685
AYIQIJ	0.5333839968537406	-0.06577714385968336	0.03472179830103736	0.45814097914239876	2.5101621196476227
AYIRIK	0.5710087972688989	0.45649106028974107	-0.052290684473689855	0.3102511778852698	3.8490661985446324
AYITEI	0.5623044318446766	0.5373996983667613	0.0269445291807342	0.30475660734280063	3.8678746823835795
AYIYEN	0.5068865494818491	-0.3259206116048494	0.03852914736392771	0.08471937050545436	1.8881629426563673
AYOBAS	0.12088321497358878	-0.2965107373298392	0.26902898239450274	-0.28620787347388826	1.5428627006861366
AYOLEG	0.616543525175623	0.338196400947462	-0.11391914469839892	0.18108833485439113	3.3679426345804084
AYOQOX	0.4306115652312146	-0.32579776922339426	0.04741545079378548	0.12463837356757666	1.8303258832372176
AYOYES	0.5134530457419295	0.44224538675630143	0.10086038245592319	-0.16315892417090344	3.236728499426502
AYUWAU	0.4953322300168601	-0.5578520040216154	-0.07866322173875016	0.1141114812407154	1.6485378623109814
AZANOG	0.5038436627196106	0.45077831218728726	-0.13502319480455163	0.15183594133348166	3.5895000912380803
AZAYOR	0.518058454433203	0.5881347752808103	-0.0022441069761674065	0.3028706773076572	3.9694773220317723
AZIBIX	0.47399447615318735	-0.6663804139344458	-0.15332976918387933	0.012596085389553717	1.4492080859108332
AZIDIY	0.2860430117046069	0.3262846660102146	0.290704242932726	0.06577211313109592	2.754379524268108
AZOXIW	0.44471077760922917	0.09850495378437489	-0.4266249184918632	-0.08677752728289932	2.6073525159528073
AZUJEK	0.3780881157320257	0.27355208652455076	0.14502381010039425	0.0827308061235056	2.7804618767392006
AZUVAS	0.3195113768570459	-0.5278303586850406	0.21222485849657374	0.021209489526353237	1.425673786050023
AZUVEW	0.3091958962770227	-0.5381191259241376	0.13388970989337506	-0.05042789711770457	1.3738364474945401
AZUVIA	0.6416594643840465	-0.388314232168565	-0.12635921049488905	-0.1262544427166417	1.9212775223066947
AZUVOG	0.6431972690453911	-0.2938396806984981	0.06656863367685267	0.049077257173251065	2.136520920953112
BABPIG	0.3186508950119107	-0.5388894507878701	0.17032921232270856	-0.05453843106677626	1.3491685282294594
BABQAZ	0.6554098620949729	-0.37245884537532603	0.05372461497536221	0.18506234247302789	1.9622700452955915
BABROO	0.41430458402611237	0.023773316734281957	0.10136793642916128	0.07699221312157915	2.3376751621707035
BABTAB	0.3970158137481503	-0.059154104437907806	0.13810640282687098	-0.10438320932157559	2.194365831146319
BACGET	0.6342855447491731	0.002172977812006146	0.008803037445772224	-0.2065509920231336	2.4359490013807035
BACGIX	0.6297609325835793	0.0007377582104931696	0.032852230714186414	-0.23652022202889883	2.435582661818824
BACGOD	0.5581282150394022	-0.0983842870259429	0.15048112198401345	-0.281690391333851	2.2264005610163466
BACNUQ	0.6852628608241957	0.3267562626728823	-0.15267176119745018	0.21762762426872057	3.392838314136661
BACPEC	0.6919412773609279	0.7820842265658796	-0.3204016975545571	-0.12377314874147756	4.471628501017996
BACYUC	0.5851016361810011	-0.5150263610171825	-0.025711929509113968	0.12582716867731372	1.6898231657692944
BACZAJ	0.6423528086812524	-0.3448260217525017	-0.05437209062309685	0.04573679708885345	1.9321343187403321
BACZEN	0.5264182207478862	-0.20275854868704182	-0.1193054318353226	0.027178830301949734	1.990630454384005
BADRIL	0.5260609008551018	-0.019916498841539586	0.15987272902360922	-0.02114557113340445	2.3083306988713446
BAFSIM	0.5860672532371618	-0.10589275708579156	-0.17460370432723699	0.19450909125925586	2.2517906918521513
BAHBOF	0.6154946520113729	-0.07989301290319098	0.03671949584792969	-0.05263666676054793	2.340088523323824
BAHFIC	0.41379952063028647	-0.35991602491756747	0.09021977827785752	0.035693986547621244	1.67352113082306
BAJGID	0.7915591770664561	-0.278354563372106	-0.10415736132649152	-0.09348943339321923	2.1750987538196456
BAJGOJ	0.6307956542187751	-0.10494461654759285	-0.07940871380311827	-0.07481862277187905	2.3675880367318696
BAJHOL	0.25778013782435627	-0.32846138018938675	0.12543724549949847	-0.13311891979969792	1.6283098139157268
BAJPAF	0.6918291930459857	-0.05056131976626024	-0.004814205520595874	-0.22910561937032414	2.479043483876429
BAJQUY	0.6846555584385996	-0.09770155405853764	-0.19110692685462782	0.07474602046544573	2.3608745492105165
BAJVUE	0.6543180632200869	-0.011757671516980357	-0.1276991441795237	0.12981414288389267	2.740366941984714
BAJYAN	0.2854396226627345	0.21535417407362215	0.4685563088991632	-0.16126411345406294	2.455294817334744
BAKBEV	0.5847753444822494	0.013896775124574427	0.1309572990872863	-0.06355045240425544	2.410861440462056
BAKBIZ	0.6581524649067534	0.15911163762524846	0.11067462882774831	-0.14219380215160599	2.737166357893147
BAKBOF	0.6773253933521479	0.17776324629005796	0.11109228525980172	-0.1279873319522405	2.7792500265991866
BAKBUL	0.683636533861498	0.17848068192292857	0.09719628201594363	-0.14764529359706685	2.8369623315581065
BAKDUO	0.6711717862526507	-0.3623133734526774	-0.02835115336106775	-0.04522765140621683	1.9390732562430129
BAKHUU	0.3884937442957348	0.3486785595603021	0.20133733221151384	0.3704661814709114	3.2496400800482874
BAKJON	0.5378293401818803	0.5248279399913964	0.06416788095795767	0.2852219297576017	3.807237900876134
BAKYAQ	0.3383227031924143	0.09523793847720213	0.20082940361792323	0.19121096379089192	2.404397690889809
BAKYOD	0.5335290633102483	0.5478798867397241	-0.2964889493685687	0.15445595197673934	3.8798300051278676
BALVUF	0.6649728632112444	-0.35011578777480556	-0.21080337384865028	-0.3209638356110213	1.9076955811789527
BAMGII	0.5007637752959964	0.768804497150575	-0.018952550481918684	0.1292173660963335	4.138590387220992
BAMPIP	0.5807845707089028	0.2742853569721309	-0.11122595491866173	0.2687412023831272	3.194221057714395
BAMPUB	0.38587714451792277	0.569695734234485	0.004867983551582078	0.015407450303550353	3.417457434457101
BAMVUI	0.32306408281513965	-0.2790259106929046	0.18393736859271376	-0.052802052527829074	1.7706678354537413
BAMXAQ	0.5613614600312085	-0.4837043250755662	-0.06000989725542797	0.017353365168559315	1.5822675874994796
BAMXIY	0.45909724418621156	-0.24430554994362458	-0.07368505268282832	-0.2262292645270531	2.0901349853368285
BAMXUK	0.359791724407275	-0.0837292995154062	0.08299000458414324	-0.17958603769114223	2.029146198060192
BAMYAR	0.25631018047895715	-0.36634999597231094	0.23076836325877487	-0.06329889647520726	1.5414297839376143
BAPBEA	0.6370707209512707	-0.14774909415144113	0.07413381012672618	0.07794679718027284	2.225478320553924
BAPGOO	0.38423707709784694	-0.383277627294642	0.05869731731201644	0.16351745439465798	1.7122351123132382
BAPKEI	0.6672768786232295	0.5292651155557889	-0.15957585345738404	0.0716013962246555	4.068182775316018
BAPTAQ	0.6593370860699173	0.09032895207190639	-0.4268203737635612	0.007489908922235947	3.056768208250068
BAPTIY	0.50868053401497	0.5372158509316056	-0.0926852101569581	-0.05022726618145454	3.520906453936329
BAPZAT	0.7328802097808085	-0.5041006970776598	-0.5595887868271566	-0.09574930152346169	2.199168865407343
BAPZIB	0.6764512243818652	0.042518136998012226	-0.4838766817849318	-0.07847978118408615	3.012821599894317
BAQDAY	0.8276316183482004	0.6092915595865198	-0.421029145698735	0.04247958124876318	4.707394075747462
BAQDEC	0.7960451417776415	-0.022199391346549694	-0.715730938442339	-0.2680414074440859	3.126880419814628
BAQDOM	0.5180583480008325	0.38399775462449615	-0.15884727341671812	0.13267198274104822	3.4038373366777472
BAQHAC	0.6833907410379068	0.7888675917795516	-0.23617324852672772	-0.08318011894355715	4.549130848756511
BAQMEP	0.5387221144689827	0.04408267806755328	-0.0377241031236708	-0.003070469973926168	2.4728579096533765
BAQQOZ	0.49250018783467286	-0.6154220237190972	0.11791567080944929	0.08803063729685083	1.490690243218968
BAQRIU	0.4936787640336444	-0.6141758388789279	0.11538651780627188	0.0875875652888382	1.4932720287228811
BAQZEB	0.25875342093678544	0.06181681027936989	0.3204202867504393	-0.28463613632076235	2.1332699789220495
BARGIL	0.4544820485224381	0.12513447651433898	0.15254099068874832	0.10205976253595397	2.606304654640114
BARHEH	0.5523637674024862	-0.06663451280983929	-0.366194280225613	0.06531720081911918	2.6615141392503894
BARHUX	0.5299366470275535	-0.23697962411331006	-0.3016006167565719	-0.04326270973911381	1.888752554536034
BARKAI	-0.939835500789183	-0.29532182762367504	0.5966140127578765	0.09128182579230895	0.9441662811375808
BARPIV	0.5923838085465807	0.47837844681297814	0.16687971183961214	-0.08059388406433253	3.5206159296390003
BARPOB	0.5892379619138248	0.48279666308116986	0.17568097797518745	-0.07419414904677037	3.528486168660587
BARPUH	0.6951753566346834	0.7553164444702399	-0.1775498622606172	0.19210399528610184	4.578767741379512
BARXOK	0.4309404363098164	-0.17025052965622217	-0.011467692173778368	-0.07904146023250243	2.0133169970030287
BASBEE	0.505256429965498	-0.5532284203710437	0.02145292493311171	0.1397705328196871	1.6367468108864598
BASSOH	0.5430053354202302	0.295567485240579	0.24353656054160072	0.16941343302404155	3.118911747848488
BASTAT	0.44595302785378	-0.3404370185396607	0.018606186856133786	0.04103401783136843	1.7137693187917793
BASWUQ	0.4232784812315362	0.12858555351493411	-0.07428290615955202	0.24769822489412968	2.8050540506085144
BASXEB	0.40409867126213506	0.09817827634285846	-0.06802261896385649	0.28465150687668717	2.709961831514424
BATLIT	0.6017069359302463	-0.5332853442342377	0.004994461756705773	0.05049618904773002	1.7233483923088855
BATQAR	0.5015227653078789	-0.024076037814859282	-0.05222761136424268	0.2332911313219977	2.3445021673802793
BATSIY	0.6842485298791541	0.05234786111527599	-0.029456201557133348	0.0893382189546757	2.7519098206679398
BATWIF	0.5346880331112338	-0.5205295646589514	-0.007691206744029136	0.13501348764740972	1.6393870280781737
BAVCEH	0.7561392376631462	0.48564576105262713	0.21687173842490876	-0.10641253228362622	3.906262836141
BAVDAG	0.29062959296558377	-0.3099287381036457	0.24018607993970942	-0.023663537071360305	1.6848420907759134
BAVFEM	0.7219682815606889	0.2600113512484281	0.0714784647176869	-0.22122605787081223	3.07267410162053
BAWKOA	0.7386105342870231	-0.14626459324176433	-0.15296378273008782	-0.11917627596089887	2.352774167499995
BAWMAO	0.5179608452339064	0.3343725167814402	0.2655261465830848	-0.10705495199662358	3.066874981437958
BAWMES	0.5278070644641213	0.3440971115662054	0.27504301375097384	-0.09876222533315196	3.118154582870105
BAXBUX	0.5539086367709682	0.28532186457046976	0.13939851702917158	-0.2973417717890537	3.034502504393371
BAXCAE	0.3655837440798102	0.15804037043897196	0.20866316334177687	-0.3645921225588582	2.393336201671158
BAXCUC	0.4168881652853207	0.4052732059427675	-0.29808580951168384	0.2264893997846416	3.375959703730387
BAXLIX	0.655427118920163	0.6614851281878289	-0.21492429513146338	-0.07218019996133848	4.030377932746538
BAXTAZ	0.551834414962034	0.14053974882304482	0.00251253451087341	-0.0791556265316042	2.6866408579307515
BAXWAA	0.6218150938678599	-0.31326936244139014	-0.12166421611800268	0.014124522606111566	2.0389150816186934
BAXWUU	0.48717624270033255	-0.6122911209493885	0.10396837539346507	0.15198587598634322	1.540650288606607
BAYREY	0.13594175424198296	0.3571469845338632	0.15810331531545935	-0.0019440102932610295	2.712588553339521
BAYTEC	0.6113996750694541	-0.1856619024067539	0.043491815098579356	0.18031839208437705	2.267172046887727
BAYTIG	0.6471273108816877	-0.14897566280711866	0.03542787362520916	0.16468044271677817	2.3591698345267296
BAYVAZ	0.45851046241317306	0.40932081470834797	-0.09325296802924958	0.19123413319233218	3.27069839467478
BAYVED	0.6280716128951509	-0.31740563186337467	-0.16068927729097487	-0.17436540000521616	2.0799854229904935
BAYXAA	0.532904457622223	-0.44928354543842625	0.016947942877233405	0.09632710645447352	1.6742757948316893
BAYZUX	0.35876396188845305	0.05109131357702018	-0.08578869212381611	0.2547075728586035	2.506010099665243
BAZBAG	0.38203983078613213	0.14681765416939108	-0.20325569234754548	0.17523161046896296	2.703349265562307
BAZLOH	0.3532813257672691	-0.3843395041025841	0.2531238411445889	0.061661229889579394	1.5572022824320284
BAZMEY	0.36593962363318333	-0.38435127588505863	0.24532774475728159	0.015436841363617646	1.559869237082163
BAZMOI	0.4745670729851712	0.21203910401091786	-0.4359948450313354	-0.36928546036343507	2.800644367627142
BAZSIE	0.8166162715551177	0.13395798349579763	-0.504731091293952	0.03579524997593026	3.17959615936843
BAZSUR	0.6763921866547378	0.1108256983931987	-0.09440885504571978	-0.11087354624514008	2.91880244459397
BCAZFN	0.2149611611985609	-0.5212363649572556	0.01746970343127155	0.006318887055887623	1.373810736451769
BEAMNI	0.49741834682052133	-0.29255513951291284	0.10813162780725355	0.09045117665191661	1.9731978814678293
BEBQOQ	0.6078472281265421	-0.3052251578791888	-0.11830477884577947	0.028125517258438	2.058284562534109
BEBQUW	0.5722859373078366	-0.5008292221571218	0.07250580228653405	0.12224111873990896	1.7198984391052803
BEBYUE	0.4662919243778223	-0.23605706867214757	0.08587072179383393	-0.09282488712341201	1.8257210653420959
BEBZAL	0.4882669302882219	-0.06146877552485848	0.05862784405095256	-0.10841864103519548	2.0460369413632
BECBIY	0.6414008705204548	-0.24567711978722137	-0.3102550167310949	0.13117325887331402	2.229918624328407
BECGID	0.4485523610242197	-0.0664406528532331	0.1238307339087105	0.02966995713982081	2.185672640852786
BECHID	0.5630040893787829	-0.409006738035764	0.05411231125517846	0.08039563853899455	1.8107636690601066
BECHOJ	0.600268943411927	-0.3692675071572742	-0.0022835809262077844	0.027645680969155734	1.934612637435834
BEDLII	0.6146622765333518	-0.41509847154374424	-0.19888530874777322	0.01614947718777809	1.9367128831391862
BEFCIY	0.6666455481053903	0.24203302321736558	0.15711364705433298	0.02468902309820988	2.96065954331741
BEFGUS	0.36680442055644225	0.08732237784315203	-0.09737936481038381	-0.3279572932605331	2.31672411335975
BEFHAW	0.3994439488980328	-0.5958813416681011	0.03975526135118729	0.10919597130942402	1.5121793470237777
BEGLUU	0.5374023106094379	-0.5633978684283929	-0.0857398480650578	0.03369645375137739	1.657826498218866
BEGNEG	0.3560173521663996	-0.37650970543146467	0.08132868187069472	0.1724326593739361	1.6652330303607854
BEHHAZ	0.4471216624916696	-0.06355369050061768	0.04283279246658318	-0.015695119493668835	2.2743621145222876
BEHHIH	0.47019004656314145	-0.06892986192919479	0.04028166829803208	-0.04215638189955469	2.264456308952876
BEHKOQ	0.547616356295606	0.7972401509998864	-0.38792280805713547	0.0492058402299569	4.483258362186043
BEJBOJ	0.6995146269956996	-0.25075715519498565	-0.0312874340680481	-0.2920783617695054	2.1470183756932286
BEJSEO	0.6251222454874403	0.17129421181038346	-0.13501627630201823	-0.34594267246271626	2.839685137466021
BEJSUH	0.6196556881670201	-0.3865731579965267	-0.17662780705422848	0.011221581621699698	1.9560366588987788
BEJVAO	0.3386306031828754	-0.23533736367898417	-0.01946778320007171	0.08563723236075403	1.8124001759698065
BEKDUS	0.5506051119181263	0.11282733428668393	-0.016800512667327586	-0.344107187444219	2.703663370822797
BEKFAA	0.5665576387823341	0.1227010169501786	-0.06020055686203901	-0.3882265702264834	2.764420014785268
BEKFEE	0.41724786099208533	0.24616181672449433	0.08322945917409888	-0.2781757800097782	2.8093222385097
BEKRIU	0.6243573125873008	-0.1597637974975171	-0.0789398156592341	0.030557867531705415	2.1225692206888516
BEKSOB	0.5933901329843883	0.26102419906817526	-0.044104101640052	-0.13828234068885048	2.923342380125374
BEKVUJ	-0.6061604056330965	-1.2870207904092763	0.29640109172862394	0.22893041871963404	1.1099092618190454
BELCOK	0.39020564778110245	0.6912809381405818	0.6442349260191815	0.5340938894878751	4.277935707027975
BELCUR	0.6095645805804679	0.007349755084158766	-0.25758876437260103	-0.255389697364373	2.4821548524991037
BELDAY	0.6147528775441655	0.019454624406664005	-0.2617725083762072	-0.2840081317822362	2.4897389301775457
BELLOW	0.4365352448222737	0.3562736711421108	0.48278374670012325	-0.10929591729241749	2.9930122076780976
BELVAS	0.5689040421363458	-0.29544107038191697	0.03117520384490781	0.10302693239895905	2.0588974529163138
BELVEW	0.5760838598571274	-0.299777073562945	-0.0017213391226385683	0.09860290845173611	2.066475042525279
BELVIA	0.5602272734679188	-0.2966605023515765	0.012556674028392487	0.10717051798687545	2.053127192793663
BEMHIM	0.41238295622956045	0.303804259956775	0.48288915103597274	-0.09133181366737929	2.8280844812428825
BEMHOS	0.37225648718639537	0.13126526811931133	0.2648738889424695	-0.20516936928905916	2.4235483788244983
BEMHUY	0.2913797458187952	0.22672424987432235	0.46496553909021476	-0.1523238450811521	2.4943185799708174
BEMLIS	0.6262697301148821	0.004479280368844551	-0.3269895697369299	-0.211706364640047	2.606044843481934
BEMMEP	0.631066467237634	-0.022345456568092757	-0.3622415144110934	-0.22196146191778737	2.6034690525057225
BEMWEW	0.5526583930286915	0.49610234944973364	-0.13715790118448157	0.0808486001954401	3.4847700144634848
BEMZOI	0.339285333143005	0.3837368728107931	-0.1256058829043336	-0.03977360527829736	3.464729394547623
BEMZUO	0.5383514029107959	0.5741034600459586	-0.21338250618392693	-0.05750861334922629	3.596189107517746
BENBOO	0.6143609676800699	-0.24109584600186545	-0.07328605472575224	0.07023616979290687	2.2019962077058626
BENDOP	0.5395457993602939	-0.3795345445687293	0.06071060126524985	0.06501185113688111	1.9402836220482205
BENKUA	0.5516898917903434	-0.3678177472962627	-0.07727761358882816	0.11864180568633888	1.8292313423349158
BENMAM	0.5648015291891575	0.31739695457660777	-0.22683306541476309	-0.3245441648028093	2.955861101232545
BENVOG	0.5010157096167482	-0.5814762124122851	-0.012631413874899508	0.23168192977139235	1.616068373593746
BEPCAC	0.657425540144275	-0.22366047839627592	-0.11222649359160985	0.04497844535891442	2.282399648877647
BEPNEP	0.3183628292156695	0.012380191224389325	0.14864761138391475	-0.06793063085296806	2.174201527072896
BEPNOZ	0.39525492244378313	-0.04176514401507305	0.15688870134710495	-0.0646073738339833	2.1843647650128046
BEPWAU	0.5342042493495471	0.31433919527775717	-0.0075436740510706896	-0.11336250707808405	3.040377501444399
BEQDIK	0.3334479067768097	-0.3141266377205859	0.21878308378022265	-0.03396425343298028	1.682497669128923
BEQDUW	0.448019582738171	0.4597774491150756	0.15501213425469698	0.19109082355098772	3.4243815254935677
BEQFAE	0.6539764176643983	0.3579751912641623	0.38274525861204106	-0.10223502993318258	3.3446507500671943
BEQFAF	0.7941017918289415	-0.3072433940646197	-0.5160332146596418	0.1000262556078202	2.3503831722516315
BEQFOS	0.3423748302960674	-0.10089671174647462	0.3475722396020238	-0.03787115641719588	2.0077632352570474
BEQGAF	0.37757906572292477	-0.002814025815822463	0.06897494565137016	-0.14935588688298512	2.28946265059877
BEQHAK	0.4500593452963946	0.22193844408803845	0.213629160606796	-0.09301783961028584	2.675217095277777
BEQLAO	0.14088925513768125	0.26459568528451416	-0.08994177140092621	-0.10884198350002582	2.460575536708242
BEQMIT	0.5079975467459494	-0.02672905215270214	0.13115527444718242	-0.09249221508628815	2.209818653603584
BEQYEE	0.7591808127943978	-0.21386869182719218	-0.4236228580719733	-0.001976212814592128	2.4919812122128637
BEQZAB	0.3231418486743043	0.24718546759847698	-0.020285391386203486	0.23112829132606583	2.7320722585097634
BERFEN	0.6606462454456397	0.08962770756125328	-0.05330344825697996	0.17630287337315703	2.906212580997418
BERFOX	0.6959819342932327	-0.028085033442630344	-0.06252361264298238	0.12135938169578743	2.687081112931109
BERGEO	0.6652888317366727	-0.22303425223503157	-0.10698762257653482	0.046339762583193875	2.2622878926005447
BERGOY	0.6563457180674748	-0.2343570608693463	-0.10223995242208161	0.04477472621051273	2.251541219538785
BERGUE	0.6816884339783016	-0.20106095800197527	-0.09669314179203145	0.035752324102292635	2.324454277156147
BERTAX	0.3038053915990271	-0.7482763756246597	0.08297860038770133	0.15404694591588414	1.2143216694183323
BESFIS	0.51313695393514	-0.5359381740894206	-0.010592555697215233	0.0268965040497818	1.5687779410354978
BESFOY	0.3587349041289656	-0.3043281681159829	0.08462862907126173	0.05230939807755601	1.7031540303497608
BESFUE	0.5386176340172995	-0.4376102756772347	-0.047172259921031	0.1148584940383974	1.7999850154343622
BESTID	0.5209671806829057	0.36914485652892026	0.1135772352085288	-0.1201682376625529	3.119395174081306
BETHIR	0.6099570089206825	0.7136386891406449	-0.15201830987724962	-0.013598717618036951	4.132625619836096
BEVJUL	0.510794878359027	-0.25084395723840813	0.01272705833101577	0.24729165873216202	2.0551599445446618
BEWFAN	0.7679100681103463	-0.684393672179049	-0.4568346110770957	0.019609213519966945	1.9116535343441248
BEWQEC	0.7406175792064973	0.14908358736161784	-0.5224659214836781	-0.0880443487357937	3.3481462010958416
BEWQIG	0.5785275783770025	0.34872372063267004	-0.2802173406645495	0.2262283130709442	3.771782004354636
BEWSIJ	0.5777433291189231	-0.13840309891056696	0.0075270576732364425	-0.20795177017167848	2.222497269707732
BEWSUT	0.7446672312402409	-0.18518053080690922	-0.284177959525611	-0.17487169318174234	2.2799688484665133
BEXFER	0.47917013527808994	-0.19014635588919654	0.03261934464368563	-0.19960712660409524	1.9790460644227443
BEXKOE	0.6169035560140328	-0.3546586745339593	-0.02119543547951446	0.0010602210980818032	1.8095775897325062
BEXKUK	0.7852430139029112	-0.4449261087705302	-0.04257633554042038	0.008696332653822938	1.9753720704070092
BEXMUO	0.4712005468721827	-0.17346861428970445	-0.1991528731570701	0.16728606870658108	2.1005442615423107
BEXNAV	0.48159883358030875	-0.09917745777323451	-0.13251220092955437	0.1835621021609003	2.1924134032579916
BEXZIN	0.49978965898280325	-0.3070110390001728	-0.018861570040904788	0.17054197560626255	1.826622907106439
BEZDIV	0.4575599482826238	0.02998286296762985	-0.04663025855344051	0.235257394116972	2.435294290917285
BEZKIA	0.49302048811548627	-0.21610445817490587	-0.028358017320688697	-0.03220765721751698	1.9483115063341243
BEZYUB	0.5156057251875357	0.6674688937363624	0.13653221964633394	0.2464581784604078	3.98504191145033
BEZZAI	0.4529474669090119	0.6747590291012359	0.19094380250982795	0.2387862599421754	3.916188282965852
BEZZUF	0.4977051597616331	0.3667680552541658	-0.012250855886976636	-0.0073876788907425855	3.140946801187132
BFBZNI	0.5093308044578277	-0.014744661180933009	0.15169842220946944	-0.010054638359233481	2.453115791767977
BIBGIE	0.40740757784715154	-0.10203511778645703	0.0055540925556082504	-0.08821422892146347	2.197788779242476
BICDOG	0.4428610320385298	-0.11911935562151484	0.17433873568308766	0.08509563792352312	2.105685335701939
BICFUP	0.44577793128417564	-0.387121430151703	0.001507448177063761	0.16766457036540372	1.7060075085234907
BICQAI	0.4853120674036031	-0.2533059833365303	0.10810818828294949	0.0402361384287775	1.9843661626090714
BICWEQ	0.6840450291039746	0.5080908166769699	-0.18907853959360776	0.034656106654218366	3.801445726613582
BIDQUE	0.4694904367397603	0.30002822053752304	-0.12245286160414438	-0.035077909059031916	2.8713243638973136
BIFKOQ	0.42094993047443285	0.3452486867363575	0.13393423702159857	-0.08316240215920055	2.930791402123451
BIFVAR	0.5029379859530279	0.13179677765223105	-0.23644350434036654	0.2729162331404213	2.9478833321222666
BIGNAH	0.6279886938652082	0.129230066009475	-0.03717517856916059	-0.18810968255581617	2.73606418727962
BIGNEL	0.6100894071201708	0.3493978997267843	0.1721806555313088	-0.15340683880663541	3.252305021865996
BIJBAZ	0.3983754701187108	0.04069310989102734	-0.138121300212183	-0.06699337915225714	2.3536643878420853
BIJMEO	0.6423307711726718	0.19505363963483038	-0.4701825051600953	-0.2314087011592677	3.3719695527990776
BIJQAO	0.5679864010355828	-0.05926684699206267	0.15771062043862039	-0.02773783559874326	2.342957139579142
BIJSUK	0.506839070412406	0.12210802817366098	0.1275532963424155	0.038532718261066835	2.619260113210431
BIJTAR	0.5029542617362086	0.134515732202734	0.12826155434678374	0.04570098142402486	2.6595642984355554
BIKINI	0.2760777348810928	-0.5947336000411099	0.0003166207470094162	0.02496914668746284	1.3124042918087642
BIKLIQ	0.40356274624451416	-0.15434184983677493	0.2275634876251011	0.07734490348160097	1.9631485299335685
BILNIU	0.5121411142717971	0.7241487445703482	-0.1384812030338323	0.15077265048395705	4.096533174229128
BILNOA	0.5098079909706241	0.7259379925102375	-0.135559205992929	0.15085429913528675	4.095513365739471
BIMGAI	0.5496688807663226	-0.5928462157651183	0.014045601191120846	0.10929176502561881	1.596057175018191
BINCIM	0.4685117633235354	0.08349323223081144	-0.08009304394294138	-0.11221652665072814	2.387774548565913
BINMAO	0.431997149795011	0.38374572825151293	0.20722998793284386	-0.09046074590624331	3.0032113255620287
BINTEX	0.6896000671474853	0.12376563763825343	-0.052480038202620025	0.2515003465325641	3.141984315458488
BIPANI	0.24951952973255764	-0.5775956855468243	0.16485125983593865	0.2287664672328058	1.3589506485653007
BIPCAG	0.4273820926917473	0.2852908876345308	-0.018861685064088356	0.04491817733068011	2.9125290217437203
BIPHIS	0.6174951977521319	0.11949597579428631	0.0024279389675286173	-0.005823389899457049	2.7911207427600653
BIPRAT	0.3892072320176325	0.32962940528648565	-0.1894496220335072	0.2577676466594045	3.023263149914619
BIQKAR	0.5758800314407218	0.28441826078326066	-0.35456280359313574	-0.04782712676434504	3.211082036269265
BIQTIH	0.5006779765759317	-0.08843457417782653	0.12570826810533636	0.08945485388712442	2.214259698766198
BIRNUN	0.27222195659348003	0.05890662137672892	0.13302200276847895	-0.325591415127926	2.3172005310094144
BISDIU	0.4557338838167446	-0.2839247190308464	0.04552479964704485	-0.390285400880597	1.81475784426227
BISJAR	0.5675395544268129	-0.4429537182467707	-0.1606117271574947	-0.24871269311723787	1.7561312353551777
BISJES	0.5067312049880188	0.2752606799477702	0.3119405037638155	-0.09600217897918155	2.955518276378638
BISJUL	0.5482049793780108	-0.47340802831269824	-0.03774038904349402	-0.14098363616787357	1.7401467536186732
BISKAS	0.5431074894382295	-0.4920404313834598	-0.12195777040013456	-0.15452846355321254	1.7020052650977782
BISKEW	0.5466007248840823	-0.37904312143123253	0.05011865259285775	-0.2001952676229119	1.7858154520159089
BISNUO	0.43311636412943955	0.3110115368745811	0.1786191506846289	-0.09768524635916397	2.983960700463083
BISPAW	0.24010928293638756	0.2063060722634466	0.2261539316247564	-0.12218473111734761	2.446469566980025
BISPEA	0.2588306069337176	0.1924845330959082	0.05887992901373895	-0.09723801011836414	2.493764043466148
BISPOK	0.22555886863593422	0.39592293391278427	0.242128308215471	0.07914996779183672	2.7851191448445367
BISQIF	0.32294692404312064	0.1284705005895312	0.21197195639231842	-0.09966304788542169	2.4579254939514943
BISQOL	0.29652359520676175	0.3737489062644021	0.3272733305513362	-0.0371687402651188	2.7965370996148087
BITMAV	0.5082711815801142	0.12848174509795285	-0.14237207983204242	-0.1402231190878903	2.7602726498011174
BIVFOB	0.3683379782384071	0.019535538907603706	0.10654482897193787	-0.009855591211032959	2.3424186449818976
BIVMOM	0.671118912722318	0.16072086816900988	-0.28118147716238423	-0.17680742543070405	3.052203983181068
BIVWUY	0.5707061678467618	0.2710201234551325	0.2529794891992416	0.11760063031496931	3.0545342246053373
BIVYEL	0.15907416275953112	-0.4516712849091577	0.21339597748390887	-0.13840319153108027	1.4037112119355417
BIXPAD	0.5654563529334053	0.3756830006200168	-0.0323971616363155	-0.025705786312655195	3.2604997689987036
BIXRAE	0.6808065485414652	0.23965927234654816	0.09933839865251948	-0.1061506927055967	3.1221953135860616
BIXREI	0.5014240432023023	0.31339056964148354	0.17325209820566367	-0.017755542663970433	2.93171554949022
BIXROS	0.9006047925997942	0.17627610090494641	-0.012118626492736484	-0.14717970474960507	3.331524599682875
BIXRUY	0.5369549175889281	0.3416625347532309	0.0314349777693511	0.028240162986373597	3.084305322693
BIYFUL	0.6123510470981746	-0.3391496247628533	-0.05752990145134915	0.22659807132598314	1.8850854402256942
BIYPIJ	0.58510128338333	-0.3753742604063092	-0.037727026847113876	0.008048525424588619	1.8507158615123833
BIYRIL	0.5537838531236519	-0.361927699320719	0.12408972011183966	0.06531242459167658	1.9281991490494286
BIZBAN	0.723935675573796	0.5894051546954521	0.18161311609135516	-0.08912172630581101	4.10262617958335
BIZHIC	0.5154190108224439	0.20995606640799822	0.02499629246866085	0.1283896820882116	2.792378284293134
BIZHOI	0.44321439078182046	0.24196399247969325	-0.09179298424169768	0.24318911790490844	2.8609188031833774
BIZREI	0.5806607330102604	-0.24730171739768178	-0.059379229793010344	0.07567308190153933	2.1596336352339147
BOBHAF	0.4945072546440876	0.0707938500191775	-0.6067563772130903	-0.3058416552844556	3.0232798769978304
BOBKEK	0.4387394298625944	0.011995923851763526	0.05602018123332478	-0.2394787861199701	2.2386205826217367
BOBQUE	0.4733310694556794	0.33518563678927504	-0.07227853163598978	0.19947891223991548	3.2211860351783264
BOCFIM	0.4121534699563085	0.042622209769405256	0.09237337620799535	-0.02672854039779287	2.2987834626565453
BOCZUP	0.6624253848373858	0.13939162685942086	-0.29456014316042956	-0.15029357893294398	2.815229361556643
BODBAY	0.6310854363754457	0.17468626572960236	-0.276678229719925	-0.182760507753991	2.8296184036656897
BODBEC	0.6586101402879887	0.11400208725458208	-0.3094949385345501	-0.1026775857757277	2.805333219385193
BODFIJ	0.5622354391651649	-0.25208455213169456	0.03294351413587562	0.0792762997402949	2.0765462559311483
BODGAC	0.5405932406653635	0.7645861534774222	-0.056767239226928154	0.35750536425552054	4.616803621145705
BODGEG	0.5557765265322825	0.45791496045232544	0.06548796806627663	-0.009218275586833372	3.3719271061883314
BODQER	0.5417987634104247	0.28261608886454087	0.09288504271992687	0.07456720197103359	2.9387112946416036
BODRUI	0.4589623457878851	0.3263115287634753	-0.3483740071125503	0.17193010800841357	3.575229042708176
BODWOH	0.6876955632927606	-0.3074580867710727	-0.00035929401785569914	-0.1274450242644815	1.9676738440974888
BODXIC	0.7134888737410989	-0.27827731134281886	-0.03800608544881385	-0.06241621304760343	2.245922934896857
BOFMAM	0.600701153816205	0.1751887180323452	0.15943217895815245	0.07021836071392404	2.8789634750087547
BOFNOC	0.38105993397070037	0.18066826097978986	-0.5140588943738682	-0.4821758437399078	2.6806291246127127
BOFPOD	0.5345040467358739	0.15149683713764803	0.131366083356513	0.07142234860500069	2.746300629461598
BOFVOK	0.5048051072038424	-0.12004210432550974	-0.0727646796152353	-0.03056159616005543	2.1342076512880075
BOFWAX	0.3119244085760591	0.5298752412574886	0.0033728838671478606	-0.28933733178893545	3.2119555563939053
BOFWEB	0.28754159414651603	0.5393396209287317	0.12545922465214326	-0.20780387118389776	3.2366323366225074
BOFWIF	0.28759881434960377	0.5395865741031569	0.12572257116868582	-0.20835631077984096	3.2366640240442814
BOGBIK	0.31924031704011924	0.22933187860078597	0.49196889019552126	-0.28064908951742845	2.567968695167989
BOGFIN	0.6398691439410715	-0.32090726837633055	-0.1258259403160586	-0.4982261767537141	2.044937627807115
BOGKIS	0.5489614868608248	0.8058505694632777	0.10465305551042933	0.0027852048902023765	4.293493591976576
BOHFOT	0.6473924915672322	0.5248107626199022	-0.2480226616011888	0.15665170418614993	3.8381322038701438
BOHJUH	0.45598242660889987	-0.6209777326871225	-0.07235632168027739	0.021354487365043733	1.4461969120340354
BOHKIT	0.7703820580068736	-0.39026613765273516	-0.6488358373539516	-0.06509415810289682	2.3040221975873276
BOHKIW	0.550062747111344	-0.5025896676075905	-0.05374690962213754	-0.0014980538353063545	1.7038091757715792
BOHKOC	0.6854223920461981	-0.6329848551722803	-0.14349064139761172	0.09666798835438452	1.649414066352585
BOHKUG	0.4866801158213958	0.21581218045007053	-0.539049183140436	-0.5431123223955568	2.886181642771203
BOHKUI	0.5066124257024383	-0.6889116684917499	-0.06686921036658623	0.13894790742281649	1.4603776200937402
BOHLAN	0.5141699812052378	0.1773456460499266	-0.5136532305828869	-0.5073550030056768	2.8481715039108932
BOHWEC	0.6621625791195891	-0.34150887344336517	0.05327189856077574	-0.12352455205128655	1.8498254888811587
BOHZUW	0.21898908859028854	-0.8441340898972374	0.34514993043590136	0.2699894628780177	1.218315033369376
BOJBAG	0.18787522468607998	-0.839048059962496	0.3476189971221512	0.26555418880346116	1.2093816643529656
BOJNET	0.7808263660290669	0.16929859943802114	-0.3165238988798501	0.19792251443670034	3.2386806193211255
BOJPOI	0.19090360036037168	0.2717623871055689	-0.2977781718674041	-0.30812368711535854	2.586728018465201
BOJSEC	0.38170912972153914	-0.1767183822985122	0.12922551419736045	-0.12352627961717315	1.9754107517474244
BOJXEH	0.4376684652085725	-0.09735770262479937	-0.35964066771612296	0.2300318081931786	2.6311039868746673
BOKWED	0.6852027381380026	0.14926608975927516	-0.11381182901493801	-0.2732980501901909	2.776084770238494
BOKZAD	0.4755822530115372	0.24577954372954536	-0.033624536512611373	0.14455872206862236	2.8697867693780896
BOLDIQ	0.49042460120960474	0.08791340373306165	0.18046791581307547	-0.07205415186132941	2.4810329549669925
BOLDOW	0.37332953707590555	0.12074298321708896	0.21838613906518756	-0.11160930041302304	2.445197602406612
BOLDUC	0.4026163705198158	-0.15740696383082634	0.12874142781063153	-0.09298155622226963	1.9480856023462032
BOLLAS	0.5177976234087387	-0.11182869646467962	0.11614033836951843	-0.023106177744131234	2.1548477849707326
BOLLEW	0.5243380807347107	-0.11004985219125046	0.12061048853113401	-0.010178862768223794	2.1562680369649794
BOLNEV	0.6848609796699403	-0.16652776216732765	-0.08354013714910119	0.013136040725847611	2.406889178075023
BOLPIB	0.5813237409975915	0.47879207870505425	0.08329216812751145	-0.2333693428949245	3.5155961577348434
BOLPIE	0.6634517474239932	-1.127258805190341	-0.3489112275780592	0.09234365749876917	1.3781107432769886
BOLVAA	0.5038080243586682	-0.09356918774382152	-0.0635628324823513	-0.2612803881689844	2.2374696575431545
BOLVEE	0.3766370719362975	-0.3246758522982786	0.005357508128953109	-0.20644102091620425	1.8434184854127336
BOLVII	0.34592658990711866	-0.286175991585854	0.005265703135677022	-0.2943480391404623	1.8244971534623808
BOMSOL	0.4463528047930678	0.22972135034396285	0.14183765969633894	0.049288835259040036	2.703638246454488
BOMSON	0.6478581693254535	0.13448153505778782	-0.05490347627608877	0.11412767580812176	2.8549652996677635
BOMXUW	0.5324366147684767	0.6440191812595214	-0.09751055693394461	0.11132171869254902	3.958317051391315
BONCAJ	0.46874589435529135	-0.042379373744627497	0.12460894023165225	0.03087686720001672	2.222556068887922
BONCEN	0.5152435964863606	0.09017745112319643	0.22513583183214697	-0.012232044521926923	2.4965099543529368
BONCIR	0.3503082425803363	0.13121001711858393	0.11390785769446282	0.014324720980656921	2.4631194339962423
BONHIV	0.3457294302390084	-0.2019531784495814	0.16151507551523525	-0.14736350668569287	1.8615230308788575
BONQAW	0.3483062815446156	-0.1244152873768572	0.08416047246606542	-0.007154349246213332	1.9915864128835377
BOPMAX	0.3931472300306895	-0.10680409740399935	-0.029971097211913135	0.22659505785333212	2.135851648580284
BOPQED	0.3951812940454973	-0.16820445535132458	-0.003114878769351126	0.007601717321919003	2.0295454479203543
BOPQEE	0.6415184481405829	-0.08700251110585534	-0.1814674350917029	0.04912773116759457	2.3574671886693253
BOQPAZ	0.6740504279141888	-0.47356417244364557	-0.03190808754655774	0.0628316950552597	1.8529252967183143
BOQPON	0.5732047878794395	0.039292982110639134	0.04475306021301731	0.03128784406785305	2.6292489657036686
BOQZOW	0.5751181014686946	-0.5658833934645793	-0.0285095532648506	0.17090855045457842	1.6306802943443177
BOQZUC	0.5829932148774439	-0.6735093106288514	0.08802076738369508	0.2368580229041245	1.5127381820705132
BOSNEC	0.7065527113324928	0.5261193653352855	0.04812868204869772	0.2069005620929794	3.9136697946887127
BOSPII	0.8933054356953134	-0.41239620428832724	-0.09722643836783279	-0.024138874127329797	2.118278941461486
BOSVOU	0.4916547798018174	-0.616367790863567	0.11818368053200232	0.08870027309674114	1.4888112557938635
BOTPIK	0.5798131785658835	-0.2896478414734461	0.01897374414690149	0.016637072775425796	2.017970812443978
BOTZAO	0.66401178075564	0.41127675626006266	0.17428871958694714	0.10691013912113059	3.4623217609110055
BOVFUO	0.844142487700811	-0.3728408896043573	-0.0991188734181562	-0.021039557068953732	2.1900533775240065
BOVLOO	0.6614482701195339	-0.2420433056137047	-0.11199227048483718	0.03933689714199218	2.2482039382139933
BOWHOK	0.6471763137205473	0.4312343175078536	-0.1726594643501004	-0.008305904159904794	3.4935300861091667
BOXPAG	0.512919264862207	-0.6104637328705578	0.10569001720979912	0.0316795735338592	1.4576357443089485
BOXPEK	0.49236166454080266	-0.6599208298870368	0.02159818405267036	-0.058440278150554706	1.3593439118815707
BOXPIO	0.5047596820134501	-0.6659610211154915	-0.03987860482808548	-0.1328187638366577	1.3888658828732132
BOYCUP	0.4383451006358259	0.2375150028575097	-0.34012986272179124	-0.383514201758223	2.9662079217417445
BOYKEI	0.6100209980999276	-0.2409358165616189	-0.04427039126611071	0.04060721616357728	2.1431667165512245
BOZHUV	0.5643648853251584	0.02055957744744563	0.09934169726551212	-0.20257455265684182	2.3755231394887337
BOZJIL	0.5554686205692292	0.5307608150104849	0.030439329192819775	-0.048399279128206976	3.563469301531647
BOZKOS	0.37936895405568993	0.3473707030383041	0.14123889455510938	0.22796893671711788	2.9315669800492725
BOZLEJ	0.5369256607670643	0.05238414325247236	0.15076098446819206	0.07151170523157993	2.4743295804410446
BOZLOT	0.5525255911350166	0.06880087838007627	0.1725155279997012	0.03904085230647046	2.5177829514610996
BOZNIO	0.40832104793965573	0.44597645499053895	0.053104357856376544	0.15455942595653732	3.200985304972593
BOZPEM	0.42134899509652524	0.45530384929306594	0.06959115700505294	0.11248673170118613	3.1932880685810954
BOZPIQ	0.4745633610535487	0.5963988903865522	-0.10709566199407487	0.09243993057863671	3.737126242228565
BOZPOX	0.5009153246025253	-0.0415114681437589	0.08357137399215636	-0.10414906506706025	2.210270507492595
BOZYAT	0.6415696810458993	0.16492523515887159	0.06199295669233218	0.2639154279768151	2.9833780290538376
BOZZEX	0.5953723732734693	0.08433905163063944	-0.045182984313359986	-0.11141632209960915	2.640064299783537
BOZZIZ	0.8663149063433009	0.655162287635787	-0.15211818292004037	0.07239197862566694	4.495940081410233
BOZZUL	0.6937482799215351	1.0621199613941195	-0.14390332080711854	-0.04308791497052182	5.4711182416415065
BTZANJ	0.37542192359637916	-0.5992332311146874	0.07649660873075742	0.16309499658246146	1.4914869614642767
BUBLEQ	0.28409802644179516	0.4776029672994214	0.1406447169680485	-0.13703086748600407	3.01613432599134
BUBNIY	0.5254657286575073	0.09484305242858927	-0.09299284786663753	0.3359612627564211	2.7453681384456576
BUBXAZ	0.5344088760389027	0.00396193373064704	-0.2688720222041232	0.2509918495323936	2.6211701773037035
BUCMOB	0.7484994832933412	0.3153884764977939	-0.2520966747755527	0.07166058410076381	3.4465606800833224
BUCVOL	0.455575827617662	-0.1694719003771226	-0.20284777793561926	0.14464895759137875	2.004243387748694
BUCWOL	0.4705509339390872	-0.6343452217648866	0.15652214271010806	0.08473993368445706	1.3331781881013103
BUDJAN	0.6305934606175239	-0.3435203108563779	0.007550720314206699	0.12824049859378112	2.0165642496049028
BUFHAL	0.7534570573161625	-0.2456881702006818	-0.4969534044443095	-0.10637837030489707	2.4002908209546545
BUFMUN	0.5393365036526401	-0.4524804579664494	-0.14162170303708915	0.07479545232991658	1.8133574092655311
BUFREB	0.5527256530668492	-0.32021607720028866	-0.11691380983879612	0.07965025506571302	2.0326866950029427
BUGBEN	0.4977996376583578	-0.24404419617642692	-0.1368541756865854	-0.3078494823274693	2.1858781190404812
BUGDUD	0.733128310274922	-0.14608445439244228	-0.11104163847211077	-0.1510261556015819	2.2595687723353017
BUGFAL	0.7862054000632019	-0.5171102247226269	-0.020364270567746895	0.013187124841284798	1.714198790989078
BUGFEP	0.7281625002947898	-0.5346085994909068	0.04136562234959133	0.022998594434191343	1.6448362573372806
BUGFIT	0.6567874252306121	-0.4463343083578003	-0.07354896207286803	-0.052951147271446175	1.71624206185555
BUGFUF	0.6209153811056085	-0.3697433665559261	-0.12138395319829397	-0.0042645775530084085	1.8511326739460583
BUGJIY	0.5890770437085475	0.2542389972109147	-0.22596460715343403	0.08489682613012833	3.1769633293322475
BUGSUR	0.4267844959712601	-0.45993674519272637	0.241606793003662	0.379986751070808	1.603820772844611
BUHKIA	0.6811900116603669	0.2980872128368105	-0.01463732078939392	0.15163318199837228	3.3753526726337517
BUHQAY	0.35006191984803126	0.41759800660219265	-0.1352027742894995	-0.2783663603118657	2.982312505041929
BUHWEI	0.3085114218076339	0.38160445610648597	0.1088905789070573	-0.07708640954111325	2.865533645086274
BUJJEW	0.4636370897233144	0.21508610898036032	0.3251129882166594	0.005676941122785488	2.6980310146199904
BUJPEC	0.7105406921683732	0.2952513007456334	-0.2849039848572482	-0.18630934704788782	3.2830636659450914
BUJWEJ	0.4517299645421806	0.07913658064503788	-0.10464290386713306	0.2624599327470408	2.5686199714960765
BUJZUE	0.23303800355339055	-0.2959993282996029	0.11289714496964867	-0.08380887729173742	1.7514069632230398
BUKMIE	0.6012845554140496	-0.1662803255330844	0.010434026323228068	-0.031614777124532	2.128123809665986
BUKMOK	0.5202100426861076	0.0967090650621208	-0.02832379134453762	-0.20532972092996388	2.4734583920530326
BUKZIT	0.5817335885792341	0.3449688445064203	-0.3304541867998521	0.1444858747544486	3.63728764730178
BUKZOZ	0.6709348929162147	-0.008145591282696924	-0.48810179093479344	-0.07802549081796097	2.942326396018661
BULBIW	0.6944895752629616	0.4444682188119565	-0.37705589266932005	0.12342625388503425	4.008949589464089
BULTIL	0.33927037294253237	-0.16766677995386284	0.1929975071452747	-0.08030625258366834	2.019040120651372
BULVEM	0.5796574957308875	0.22879896896795804	-0.2261866372639942	0.1500557576165802	3.1399921538110696
BULYEM	0.4525391438285338	0.37242370439477307	-0.2059450707083762	0.15734179618431532	3.274908266701071
BUNLUU	0.5832629269598275	-0.46167577084047895	-0.12560146885573018	0.11526932955670689	1.7274460143511885
BUNMEF	0.45047200475983473	-0.5884443540394685	0.10395551825601287	0.2033331727509931	1.444564462966073
BUPZEU	0.5858714718973088	-0.2780254783863155	0.13254006269448254	-0.06270095900224264	2.0614685289397525
BURBUL	0.5589450831843044	-0.6246354678794698	0.10627865258916355	0.33625248547609116	1.5716068801369614
BURCAS	0.5083819646896179	-0.5134050245855906	-0.002576739951697646	0.3770893923360332	1.7085228973772777
BURCEW	0.4283222622520064	-0.2616336576880704	-0.02243026375922478	0.40813991408563866	1.9729990657450518
BURCIA	0.5693994460002445	-0.015898277754770644	0.018359922837123635	0.2664157593653141	2.545642757718819
BURCUM	0.5477189256204529	0.20397246997206941	0.25330110833820296	-0.007065036128936275	2.7584256335207993
BURDEY	0.5776268342592639	0.46321817613355926	0.03071658285493374	0.3588053943196256	3.9348841562042653
BURHON	0.5723601341274387	-0.01740515390355317	-0.1198646414616884	-0.02418744930321229	2.419708286021506
BURWER	0.38924730813455	0.3351552939229046	-0.03498697315736376	0.271728916063729	2.9966801038560407
BURWIW	0.6161305125741539	0.21839320198585668	-0.03354516525255984	0.1335593272830662	3.031196473701392
BURXES	0.5367967052181859	0.8844079024711109	0.22145458480046193	-0.02135727692804819	4.58827740523297
BURZOD	0.7950943071181715	-0.4824650383450342	-0.42225907368063836	0.1676399758592929	1.95165665622417
BUSNOS	0.6753205110371532	-0.22811798209116366	-0.2154710774038218	0.3627755048646122	2.2656429302574845
BUTJOR	0.5371968916246699	-0.4320305010287406	-0.071218039027086	0.1616896087466212	1.796015631575075
BUTWUK	0.37607305125169255	-0.0012609452026974208	0.18615468867042378	-0.21774865538419041	2.2259447269696
BUWXIC	0.5174096933019117	0.17740053995958596	0.14699950331040149	-0.2165283374656755	2.681823196580683
BUXCUU	0.7826638768713661	0.41947803681704027	0.09543317850407129	-0.1886017236176904	3.7220306101176144
BUXDAB	0.5794482001072874	-0.09335262760669108	0.10818657180540817	-0.07798493247051805	2.2909634539400177
BUXDEF	0.7058404340605016	0.3971737792969513	0.17011952331841745	-0.1134750977040526	3.5095955689747265
BUXVOG	0.6026220486788239	-0.397594250852427	-0.18154429695298926	0.027322940292343903	1.9362803166984577
BUXWUN	0.4496069484464247	0.16802973312785682	-0.34998576628614814	0.10415455328694515	2.9380672126180922
BUYNIS	0.6568507805499868	-0.017328377292029813	-0.16756370140153104	0.04038890239223765	2.4986350241112696
BUZBAB	0.5345459246706321	0.11148835401071833	0.08073331867701122	0.16132367682605198	2.5781078415347043
BUZFUY	0.3592713670382217	-0.507575131552781	0.004753455838082163	0.17085353211935989	1.5537957308144597
BUZRUM	0.43341236663881144	-0.5608418380947149	0.0861374413827404	0.10370823656302905	1.5155287371800903
BUZSAT	0.4333461937769494	-0.5723113964397238	0.07532076795016288	0.10612082569377783	1.4887135230969395
BUZSIB	0.4812295771876771	-0.562225474697927	-0.010337049699704878	0.03907587564306593	1.519928329359562
BUZSUN	0.4535574183306341	-0.5973131275891191	-0.012188045107008563	0.043312966826537125	1.4470549500194272
BZQNIX	0.43732970096747525	-0.3611213201292977	-0.03039772196554967	0.11252339599947919	1.6893472392050308
CABLEY	0.4246573086966343	0.7600838448740876	0.041626771309763375	0.2274800324372268	4.247051765981054
CABNAX	0.6575289120366756	0.2981913529240674	-0.12056218371546476	0.279523078158097	3.5079349616313147
CABQUS	0.32738031306442483	0.2765902118801221	0.23058834761256025	-0.10955715855634639	2.7246153671829045
CABSII	0.5632881819557838	0.09505501202358466	-0.312216410306527	0.021232323919212398	2.8356976617730507
CABVIM	0.4990355793171286	-0.47142634124465865	0.0871959225968352	0.09851318513818685	1.7913401913299407
CABVOS	0.4193763996816591	-0.4976865811373044	0.1230278989747636	0.11812352151800282	1.6886174448396298
CABVUY	0.4814168376089034	-0.4966285034043553	0.1005875546375378	0.1027747649085157	1.7333322913140428
CACQEE	0.7253094131671789	0.08447688358265083	-0.27129385523145766	0.2901814840223899	3.0593006865541312
CACTUY	0.45445793515057886	-0.3504385293246676	0.03571314638864198	0.12454229903761094	1.8282564089466633
CADBIW	0.6573928522943158	0.07689816280323099	-0.5153377477785752	0.04525696512346043	3.355661617286752
CADFAR	0.5241150009531736	0.01390158371336013	0.009377585461839796	-0.16899966145430095	2.3668001337371782
CADGUL	0.4782458351214336	0.6423305125992287	0.03552181494524467	0.18513992847398103	3.9494208733698444
CADKUR	0.5367015089821683	0.2266696831876278	-0.053305084362942026	0.024459488260660446	2.821678760145072
CAFYAN	0.7576933265229453	-0.13555691473500212	-0.16982221736484956	-0.1811995683566492	2.416969234310839
CAFZOB	0.4340983061927508	-0.1584893541194665	0.13368229971250742	-0.18441843423169046	2.0064912117425973
CAGBAQ	0.44542752375917694	-0.13593593802731338	0.07352195148544255	-0.15892895966564557	2.078702525541405
CAGBEU	0.4319693832451641	-0.1427148311253646	0.06864244106358061	-0.13881779482190054	2.063313380567339
CAGDAQ	0.47789536479667394	-0.31987996474558117	0.1595688229142399	0.18844433581168868	1.8705847151402837
CAGHUR	0.5051736895653169	-0.40616706959006665	0.0027147551637206058	-0.03409565676953022	1.7374440730839176
CAHBIA	0.44038140555825134	-0.13268195696991747	0.08208418474016632	-0.1349313121976583	2.0925975218185124
CAHHOI	0.05500559456482401	0.03761424547249858	0.16689951035462333	-0.24307592768048075	1.8987499304067121
CAHLEG	0.5072529836789768	-0.3560407891583923	0.10847439729863531	-0.012680901194998116	1.8012388265070847
CAHQAF	0.40877180528710433	0.2087568633602031	-0.060512603187052885	-0.1536687762298357	2.748931798384583
CAHQEJ	0.5226928521016383	0.03214541578593298	-0.16088826696734962	-0.13161470631168576	2.433391890523591
CAHYOC	0.5443163504509032	0.6077926533726702	0.09378768289476169	0.08139170957223457	3.7986772296675233
CAHZAP	0.7230489895505592	0.4153651686730521	0.07687348669943936	-0.018426891264358675	3.5425965480681585
CAJKEF	0.24801201752963875	-0.39924581288526784	0.06171292702096007	-0.26514819175449	1.5760932823320024
CAJQEJ	0.5292140516402339	0.3024816505378744	-0.07328036941935018	0.26905317962839126	3.235851441883571
CAJZEW	0.4408532270616954	0.447535873363312	-0.27278225067112455	-0.03533338030480072	3.424375131878491
CAKKIK	0.3746383959342383	0.3547284164576062	0.0303463106819767	0.19448225403862263	2.9738925064675414
CAKPOV	0.4807411544352158	-0.1422839270561611	-0.3307751764964903	0.03283295653317547	2.3262698516273117
CAKQOU	0.6266866809515914	0.0600804008812577	-0.09357301243800295	-0.15144594738563905	2.5745485462313793
CALBEW	0.7000086369302663	0.23547863685575832	-0.16560816539288975	0.012969366479613744	3.1458032882593234
CALBOI	0.5952856629922785	0.8760468961694312	0.0431341629606385	0.2298031342707847	4.849142007749943
CALCEZ	0.4330529416408062	0.11914882830432957	-0.2691311391875046	0.07677606061345166	2.5932298010871553
CALQIS	0.25141011749796416	-0.8274918201035133	0.3504123528733859	0.26806177060422776	1.2357903962252106
CALQOY	0.15493206727065845	-0.822327935926426	0.36513043411740437	0.25716965997372404	1.1898433161099589
CALQUE	0.13008744660661398	-0.8187734506512052	0.3610682103265382	0.24625928006036168	1.1859586109193656
CALREP	0.15809874652132905	-0.8082068739768834	0.35287976379705677	0.24859622577765306	1.2024476577618537
CAMHYN	0.1786480350856703	0.44156119706169544	-0.20124571762519244	-0.4686301501971498	2.667810418653081
CANBID	0.6112303030522908	0.6807017814342627	-0.45076472801283274	-0.06719902059897967	4.288980167141525
CANHEG	0.5247902613722308	0.0708162250768038	-0.37603983323153595	0.04740544531198011	2.794641845056867
CAPDOM	0.7108177051358879	0.35637124773051904	-0.09651648282611586	-0.5468542156440257	3.4576645886032003
CAPMAL	0.5445629619589925	-0.3505438967244153	0.020481469818895925	0.13692010227560328	1.9770992962449485
CAPMEP	0.522208917914269	-0.3949319229498014	0.05566267106961842	0.15231467075750182	1.8910296972267346
CAPMOW	0.4547047381844802	-0.47426159491160086	-0.015819051305628523	0.35856556286766184	1.6645365949616204
CAPVUM	0.8394521245012374	-0.42270723938523036	-0.07124672861169694	-0.015628609134983013	2.054059717603578
CAPVUN	0.6138318785985053	-0.467415097653893	-0.015689051801088427	0.05594497479122556	1.85763583634011
CAPWAT	0.7486974331046872	-0.4684976163040101	-0.03886936139037064	-0.027956187088981323	1.8455044748660654
CAPWEX	0.8141459637832531	-0.42739690133209357	-0.05527317690049191	-0.006505070030623547	2.0283974729302745
CAQBUR	0.5718875037908964	0.002092505248775807	0.10739280772781959	-0.133583197590946	2.3554854409625827
CAQRIW	0.5062553781107582	0.2063813133432309	-0.23208767056241017	-0.17838047831885684	2.9864932302634624
CAQROC	0.2897565455585953	0.07212600079493876	0.28913227171359995	-0.07669075145517044	2.2418446879365748
CAQVIA	0.900350789384956	-0.014026700179643048	0.020315792778097017	-0.21279053087144872	2.817684093934083
CAQVOG	1.097463526984173	0.18599006334949708	-0.10224388815089722	-0.2826605233043941	3.6089742372609086
CARPUK	0.5309659381255489	0.6275521479920824	0.1669489404194253	0.08410896736425194	3.813697878966363
CARROF	0.6545062483340116	-0.4209953475000593	-0.2297725672610285	-0.010535333355389906	1.808653441891793
CARSAS	0.6978825947144571	-0.2901501062901002	-0.369165647315291	-0.12511209518081656	2.0698341849539488
CARVAR	0.5635063412111672	-0.2582686587455539	-0.036772098880929194	0.08989453136917179	2.011068215372932
CARVEW	0.4607520141730932	-0.3322809845427245	0.04688582864766977	0.13050158232162729	1.7982690777847228
CASBUV	0.3782471266123162	-0.033014027553270306	-0.20600646954617594	-0.22754820784132324	2.2264745349065436
CASCIK	0.36723128478380307	-0.032897451501988785	0.10491512058117947	-0.1566414936180609	2.1463089878190473
CASFAD	0.5131387686182931	-0.39140623741176406	0.15522461278629585	0.14784707934735947	1.7770701041076853
CASHOW	0.32202858963071757	-0.8357386091835498	0.3544759621330364	0.28613435147707944	1.2855488595087943
CASJAI	0.6936056345578399	-0.017083807091669678	-0.3104707984630673	-0.2221378269792464	2.6057797027713914
CASLIR	0.6828756363135939	-0.3668887220173458	-0.31972006767743044	0.017364915610711615	1.9817012501404396
CASLOX	0.30940512149254484	0.6406484687044648	0.25732546833648023	0.46461303633737666	3.8372706500626306
CASNIX	0.46391989544623247	0.27496139901866823	0.03264720221303541	0.4090863652042209	3.1502176034488056
CASPUL	0.4572822214388177	0.23618363028643952	-0.014104371129501428	0.36539021449839176	3.081445709546609
CASVUQ	0.5436125719114031	-0.06462243050032568	-0.16639904753107887	-0.02012714458057549	2.3499323943489108
CASWIC	0.5966935717137716	-0.31093944150463165	0.018396088833390806	-0.03799785182871537	1.9788389808321294
CASYOL	0.5451336607169353	0.2880263216697369	-0.09635558835216511	0.19393392358830297	3.211665221531156
CATHOV	0.6259635199273985	-0.24551116814679547	-0.25632313464149076	0.18611504064393614	2.1988341873404966
CATJIR	0.4525239898243667	0.35655118226619653	0.09230471801970225	-0.058930511378602474	2.8996836195923024
CAVBAD	0.6443641668846807	0.36809389260297765	-0.1799869127436157	0.16932319005204938	3.3776446701443996
CAVGUF	0.4446509948503339	0.3578313012654533	-0.3924744777638889	0.1416762549610187	3.577376536651901
CAWDAI	0.5714473512955296	0.02735289653963477	-0.3958806342246406	0.07458655381507899	2.6990471644804295
CAXVOP	0.48363316294159553	-0.26025393448477874	-0.28675622889835395	0.16012506985390002	1.9491059972136533
CAZHES	0.43819151258872413	0.3025975201836157	0.09563223036218771	-0.019758418031527974	2.926086035224448
CAZPAY	0.5642832509675673	0.4750552179567327	-0.23731001652769412	0.07811970923213594	3.5655302477954387
CEBDIZ	0.5596825132284495	-0.24616052009303097	0.26987038934756546	0.12654360879180038	2.055789537852246
CEBFUN	0.3123922858620509	-0.7409748502782854	-0.05144437374187631	0.0626328628078621	1.332072532508233
CEBGEY	0.31082156728601484	-0.7322915075014874	-0.03974429878087948	0.04584234651630602	1.323747551288822
CEBKEA	0.5540492478519381	-0.2752759871861508	0.03821152185098893	0.05680837835618925	1.8530996934458763
CEBKIE	0.7130351951600344	-0.10115806803951281	-0.057664087290396585	-0.17031640523684688	2.3521928956717018
CEBNIH	0.40377131596719007	-0.013207043717182856	0.1146637427042019	-0.04447095105271506	2.18033075214249
CEBTOV	0.6147329407477287	-0.49231069763512864	-0.08866451637452948	0.118244052308332	1.786310968240871
CECHIE	0.6961357646469661	-0.2660765531575241	-0.02052723537008947	-0.08329170948633652	2.1368929814949986
CECHOK	0.7102279361707495	-0.2588564075451575	-0.031524673182775846	-0.09357269301799956	2.1581600938267442
CEDKIG	0.4609777018307675	-0.003810562732571167	-0.2586886015478723	0.0714518570947304	2.4120079900142466
CEFFOK	0.3559853222999658	-0.34067396441001274	0.10315641437831449	-0.13370407721886157	1.7372006329548313
CEFHIE	0.5227895367790785	0.16705877542165481	-0.3579950847535546	-0.08192789969261544	2.8797428400113674
CEGNOS	0.5082675276808049	0.46785715739523237	0.32172013160592766	-0.07772014658495796	3.2934940954797547
CEGNUY	0.5024650961340473	0.45483743936181914	0.33265303895324266	-0.054799758145424454	3.3107707641402544
CEGQAG	0.4766867344241934	-0.06231116063214737	0.02138298881301022	-0.23482733436451347	2.4914860887300883
CEHXUL	0.4905545468232235	0.4061817129683311	-0.300530371020578	0.012247949023073466	3.448789397378088
CEJPIQ	0.4947534759705512	0.15343910408850323	-0.32223423833906867	-0.004571318973352556	2.7505902630293626
CEJQEQ	0.3801745481910519	-0.20208808832990552	0.21498700289970596	-0.09695674080819863	1.9778761551548825
CEKBAY	0.4226615549500998	0.20209070650611796	0.03309910287514202	0.10144911834659759	2.609203153341301
CELCON	0.39267327523845097	0.06386849552528959	0.14520412711673358	0.25069307338418184	2.3759927258864213
CELCUT	0.4161726409737847	0.03666416288892113	-0.06747261804513155	0.12321141682572624	2.33600825719836
CELHAD	0.5300376103524593	-0.3015938547987316	0.17339332121741646	0.09719543706120443	1.9207112902981203
CELKIN	0.44011586915372014	-0.45740207233366875	-0.01100342042830725	-0.08663593605036883	1.5458477363015275
CELZIF	0.4097680193773341	-0.2658727586170803	0.05095171205256965	-0.11303346672464072	1.8850952860200056
CEMQAN	0.6464339249295179	0.19455482651772407	0.019982951965667392	0.2719003214026975	3.1884052019355216
CEMSUL	0.26027642365321	0.09435638188313135	0.1581115774038724	-0.28864350845049264	2.2025972252069352
CEMYAW	0.2312092811596509	-0.10251443747150978	0.07034658687023379	-0.2600758453175693	1.9685630360462778
CENXOI	0.5402347238327678	0.5636583946400432	-0.28078017355714036	0.04572585308838792	3.738943320673456
CENYOJ	0.6444004969101798	0.4821283394666963	-0.4736148481330267	-0.13411565578743168	3.7069813094328694
CEPFEI	0.6036510838897771	0.28283589533582193	0.02017537789693613	0.0002993795088844439	3.0713392904215477
CEPREV	0.5705550964439094	0.49107150539685906	0.626242079724455	-0.20508948704903157	3.730161556118115
CEPRIZ	0.5536087782208909	0.5062955497296355	0.5595432930032702	-0.1811637763725769	3.663258524287267
CEPXEC	0.5797558785672408	0.6414838259913683	0.09651246192369003	-0.05905556215658117	3.9386991050984776
CEPXIG	0.5316509939605432	0.2732668959240498	0.2316146715554232	-0.08155517518216414	2.933304715262261
CEPXUS	0.48066157096115525	0.021049059561657486	0.11826309379222241	-0.06044316572548007	2.3770940724541196
CEPYAZ	0.4696324112162742	0.007392956820591601	0.12706396471265533	-0.07292129638380125	2.330625758049909
CEQBOS	0.589441551093131	0.3839236655341475	0.0973455941019935	0.13013212917259503	3.3123063107558885
CEQNIY	0.6597547996554498	0.48598554388896953	0.015477998918657601	0.21007609430031488	3.7693960527581494
CEQSEW	0.4516771382539524	0.28099396576291935	0.17147249332909947	-0.14171113756962778	2.8899352726862295
CEQSIA	0.4374872283353426	-0.12532569587196873	-0.014626069970397754	-0.08764699902500683	1.9968139316125044
CEQTAT	0.4529587504141084	0.3397709392826354	0.23470247876732886	-0.019786532958803935	2.9547869081588964
CERBEK	0.6701687011712574	-0.2592627488087226	-0.09192471648973959	0.053039691492130295	2.244917188214647
CERPAT	0.5125780308277088	0.5547644149584465	-0.01577669200556034	0.2861332829339428	3.88130079736026
CERSUO	0.48078068932047824	-0.28405687991290657	0.09131457789186798	-0.2662993963333561	1.7888422382643385
CERTIE	0.8357288820686213	0.012511406208720155	-0.10560343768334406	-0.3089197881456201	2.6519823669293254
CERTOK	0.7872738615463595	-0.11790069278855256	-0.13561560622548274	-0.32103311739858553	2.4579773567110745
CERYIH	0.4901644798711926	0.013073104518835685	-0.020034552841926977	0.04950809297953511	2.309017645835259
CERYUT	0.4774867959960387	-0.001834836451464119	0.020036580416189192	0.056012474488189294	2.29774960010481
CERYUU	0.6630448166671732	-0.37014084637419387	-0.06742050578369198	0.019307657094024867	2.054887466883472
CESDAH	0.24233666151041966	0.2871165155650672	0.3263490730266663	0.04989608693416267	2.6499759448288964
CESGAI	0.5198063392032113	-0.06386037796913856	-0.1798733055549367	0.12054407169056969	2.3964462087316574
CESJIW	0.5034662887057815	0.2962683995504272	-0.08560409503271726	-0.16729641523874245	2.998024572620884
CESJOC	0.22955618459785265	-0.2769992529198536	0.2678533954181499	0.030863319320304217	1.6744155327375623
CESQOJ	0.5871077293199027	0.4829110126957461	-0.10073646242032766	0.22478703979758946	3.7140031808472482
CETGUD	0.5733673792414598	0.4807640551951934	-0.018201153669261144	-0.08497477052208458	3.4592963586820336
CETYAD	0.46790912439813503	0.0018395627584431584	0.257546513903287	-0.07356777016811047	2.3283015141294254
CETYIL	0.32359176960210867	0.08581594493179698	0.2718914838296605	0.0524755908112951	2.342859569825266
CETYOR	0.41460185322901744	0.2089966744534483	0.36571551842624217	0.1228362661596309	2.64511207577596
CEVBUE	0.6194249141408363	0.5295934488253785	-0.12191945089180173	0.025600382698964867	3.749826829938054
CEVGAL	0.7954743626313645	0.6786886159639849	0.06331661894082352	0.2650316495411595	4.547829337360664
CEVGEP	0.7498626424557076	0.09283668952365894	-0.4046378250515268	-0.008195145316113282	3.1985233769685912
CEVMID	0.25164440500442975	0.24819256586734056	0.3413980441052114	-0.23037648626116047	2.556926731561846
CEVNEZ	0.6206402726899567	0.07401716067483811	-0.009055241493392499	0.1037445581701587	2.7829095599444624
CEVWAF	0.6806228498517255	0.7897138264485093	-0.12063402056985059	-0.0026959824998942852	4.507907827272326
CEWCOZ	0.4328124613124862	0.0044546121607393074	-0.057865638927894175	-0.09801074147270258	2.3757385574121317
CEWRUT	0.3824034954704958	0.045900193965588365	0.1621163912419494	0.04870140015592245	2.304700375487476
CEWTIK	0.40259753229485984	-0.5464518600769726	0.022550894442178615	0.02339472796971428	1.4909996905685514
CEXGUK	0.39486353505074856	0.2691564782549904	-0.19377649299679695	0.06850032134675957	3.299031102931849
CEXMAT	0.23587155241757918	-0.016710128614024447	-0.21826408460198068	0.04624562533508885	2.2516828853054918
CEXMEX	0.21111988739118015	-0.13997488557472618	0.05767657221071382	-0.17915126420645938	1.7223661068272504
CEXTOS	0.5749532079735502	0.3952720403109826	0.2843905654987421	0.053610611118962176	3.2559562996826292
CEYBER	0.15654708334332712	0.08490506849579842	-0.13392102336594222	-0.27317917522328505	2.273637871560127
CEYBIV	0.13884465373495125	0.10238890415356425	-0.1953611142532049	-0.2464620936194546	2.374088460028426
CEYBOB	0.16890802271776817	0.07005573284827164	-0.0875166836309264	-0.30902268187078713	2.2277697477312977
CEYPOL	0.5151862441084498	-0.4311304427806869	0.16198586361159975	0.051741392205511286	1.607100410089559
CEZNOK	0.17519924578113155	-0.16363617634826827	0.05994010415638926	-0.24956004974834906	1.669328122915072
CEZROS	0.8573812749690894	-0.36188632703731627	-0.10385997931237717	-0.029313437275950358	2.2110915829410507
CHTNIA	0.4626286080787949	0.5361218705010553	0.488033102804328	-0.10416160191167782	3.5949446183484035
CIBDAT	0.3516411270308102	0.10471802482940024	0.264531092136444	-0.17756794914379403	2.3210592802778347
CICXAP	0.49657327380271266	0.17904068234398277	-0.4596165200193602	-0.31729364687267086	3.10566442728047
CIDGIJ	0.4340888838486414	-0.3555693440840797	0.044727789229927664	0.13713957725724613	1.7742831677033057
CIDYIX	0.36987877143137027	0.3104128658947398	0.3725207948505026	-0.0715384245103855	2.7411773355158773
CIGCAW	0.5999387037102961	0.002477939383159277	-0.09886317999169626	-0.12248054996853226	2.322753026703537
CIGTAN	0.24050893828167919	0.4497412686480725	0.4350329312390131	-0.10156586711377853	2.953800816102045
CIGVAR	0.6506378908418506	-0.10435510048432813	-0.25838543241621925	-0.027601236169424857	2.374907375651232
CIGVIZ	0.6365472412821065	-0.14396395787421223	-0.2299671943198263	-0.03755821983236993	2.2570188593475393
CIGVOF	0.6445145861130106	-0.14367964456582538	-0.24207098990841966	-0.04158093162417567	2.267011664787536
CIGWAR	0.5647997414106563	-0.3608662740730291	-0.005086497887300548	0.0891596298573549	1.8742297927554885
CIJWOK	0.523010088656096	0.8667303469463896	-0.31701271154015015	0.06926119043363434	4.60055566274058
CIJXUQ	0.5214359292034274	-0.519408517178116	0.08622582701704581	0.16877778472974764	1.7066962426921242
CIKGUB	0.36539017573679455	0.18681436316275113	0.0679070711856318	-0.2632648161596617	2.5010113629057513
CIKHAI	0.24853824673796732	-0.05236720234001552	0.16449691763152172	-0.062431917226985933	1.9781261054991375
CIKHEM	0.40235435970753564	0.027367047826681305	0.1789997801652065	-0.08232905989584192	2.3019965437296435
CILBAB	0.4330092458027437	0.5799673578861491	0.04637941224083225	0.3073569300917215	3.6800678023353863
CILDAE	0.4781004792978587	0.3053347432581344	0.2382576556993115	-0.10883884925118352	2.9343341767525084
CILGEM	0.6909658250878037	-0.04276477208666712	-0.33002345322629006	-0.23286373695687607	2.4501031100963067
CILNUH	0.15761493543707994	0.3069190172925299	0.12241240914072579	0.07767496332728444	2.5667477067398576
CILPAP	0.4453001173309401	-0.020317739267919074	0.03195191019616324	-0.3175235882415278	2.2468705056141234
CILPEU	0.5342595590281709	0.05416936195287368	-0.06750439520840985	0.21205990570807154	2.672828285199397
CIMFUD	0.2656636640016603	-0.018002143140062484	0.24152733589357978	0.11371794381862471	2.0966237473296574
CIMGAG	0.5195190469487629	-0.3745958739088704	0.1416239101125542	0.16529473408393147	1.796499413233967
CIMMOB	0.6035584094606721	-0.09802276589745103	-0.10311334633641225	0.027597561281463977	2.488659311227184
CIMMUH	0.5965324324854295	-0.08287959720648544	-0.12087182719067174	0.027458595230845224	2.5118202436942925
CIMNES	0.605095719767049	-0.08137290815002413	-0.11499854057500156	0.01693226932240744	2.5201668138565294
CIMNOC	0.5882971591514936	0.22111153774149853	-0.07290781815069718	0.12913368352504873	2.976410520886245
CIMQOG	0.5793160524254741	0.47136768654010003	-0.10140064460775175	0.26602258257495315	3.8617723879084997
CINFUE	0.6011345532758892	-0.3075396027868298	-0.03665489033053755	0.10217778160367864	2.0812132415973954
CINMEU	0.3526903962619454	-0.3377826589866435	0.16465384013371592	-0.17469216775316443	1.7172995107709839
CINMIY	0.3304837547975108	-0.3866519226873345	0.2010098963533446	-0.10588460618988534	1.6386359306966598
CINMOE	0.3477911442803485	-0.568516782129745	0.2044614423838087	-0.04301719456609428	1.4137618075708531
CINMUK	0.39202658335953267	-0.5521162137527231	0.17213004971793583	-0.044419520580129754	1.4717413860794595
CIPGUD	0.5857698949638941	0.3617692117628637	-0.22438366224739867	0.10692152858863882	3.452134032243442
CIPJIY	0.45621749820229685	0.16662840311659013	-0.015561705852876306	0.14815036442015772	2.7913394996608174
CIQSED	0.6293411554217725	-0.3368929075166515	-0.039186096475727586	-0.1557026058997351	1.9210867104149412
CIRVEE	0.4721930470383633	0.17713642952180242	-0.13164625246579656	0.2349704308477658	2.8393528109744253
CISJOF	0.7484154494251394	-0.22548658412226968	-0.02924769078847527	0.053519493440775556	2.308142810647444
CISJUL	0.7371780295087245	-0.21722049812679062	-0.02883160589710157	0.05797313407668709	2.3134104540770744
CITLIA	0.7134434968560317	-0.28273917337694543	0.017726939861425123	0.05696152719518182	2.1659744562352716
CITQIF	0.3866830873602636	0.17528908140381788	0.0254471577116612	-0.03208452707856178	2.690650644971843
CIVLUP	0.45944091856830216	-0.4463492538476762	-0.11370283733668801	-0.026439109442726566	1.597000765666768
CIVMAW	0.4718794347139825	-0.46778148001907405	-0.1499631378615503	-0.058202223373570575	1.6764565669246632
CIVMEA	0.45189781090979597	-0.47882985742703515	-0.08582439893783773	-0.034022340019986594	1.6286118416267987
CIVRAC	0.4549199401249755	-0.36041568014413045	0.061830339413489865	0.3650540633248204	1.786304457036651
CIWNEC	0.42403806534332666	0.7174469291877507	0.10508102502832467	0.16749851008613265	3.8893491991009967
CIWTAD	0.7208766365117105	0.590465830955498	-0.2542427277653069	-0.15297010657874177	4.119516397668995
CIWWIP	0.4940435603465456	-0.35420502358136974	0.025232844056051404	0.15602904874091966	1.917665324271858
CIXHIC	0.517341714442721	0.1156133791627724	0.06768701467971752	-0.2721966715956839	2.630736667577338
CIXPUU	0.39273025027925357	-0.08661327660738256	-0.07255784951499931	-0.11082736771846642	2.1239734304263003
CIXTUZ	0.1524714123055828	-0.07552862961875664	0.024945133354761978	-0.11474176257643277	2.0199986150337903
CIXVAH	0.14761055683458135	-0.07355785888684961	-0.07145795015739428	-0.21970687640130293	1.9295320343261309
CIXVOV	0.2840329564385202	0.4019363937619756	-0.1106015299528102	-0.044226378305630754	3.213529440533188
CIXWAI	0.44035981459313067	0.08039874718836362	-0.059612794445646614	-0.07178544329999034	2.6230661202274845
CIYHOJ	0.510084540558621	-0.27348759885972945	-0.19576704506081996	-0.011781665313493221	1.9466080416233855
CIYHUP	0.47075986192955455	-0.401485291832294	-0.13709768161404567	0.157501621380909	1.8160220098652204
CIYJIE	0.4913620219309234	0.6968329513484424	0.14022274674752383	0.22577916832793377	4.03121622704416
CIYSEI	0.4568966367095113	0.32505847318017345	0.4752305844803023	-0.07044911183103278	2.9072551309174473
CIZCIA	0.5172065207552023	0.2975547630445437	-0.34822285631705957	-0.3955885135029512	2.9983622053771524
CIZGAW	0.43429723420661315	0.26807542025491427	-0.34170615739755955	0.16732732885573998	3.366463872463793
CIZHEB	0.41884063520509507	-0.35333104783461855	0.07280998169868669	0.1348186376864502	1.7555778583995956
CIZHIF	0.4411946695948421	0.27953679552464356	-0.3530125128691598	0.15349814769958725	3.409550492235808
CIZHUR	0.43908329411469005	0.28467071572084496	-0.3507203217738975	0.15762121274608604	3.4173752488509033
CNBONI	0.5408160014605325	0.2454989961261272	0.0005820322000088668	0.4022837205777242	3.1479517871131457
COBFEE	0.7171299676733636	0.35318402931691645	-0.23687946689624526	-0.4686936058835577	3.3991008184280087
COBLOX	0.47075023584054065	-0.5211094711971204	0.11289956027397818	0.08244115731263668	1.7062069098865371
COBTOE	0.5212012887512891	-0.5465871156190634	0.04020495080791171	0.046040934134746976	1.619000694995338
COBVUL	0.45499230049038886	-0.19198945561778777	0.17890287930170207	-0.007619369697994961	1.9256104820289843
COBVUM	0.4708187280793279	-0.5465415133975847	0.05513401723527819	0.04871757902914481	1.5877189842793198
COBVUO	0.6617065143262817	0.112153986321095	-0.3917965053076547	-0.04952299162170898	2.982827868132341
COBYIF	0.6512035245092367	0.6685565147337191	-0.009118021894023762	-0.005824203867697424	4.240438309757936
COBYOL	0.6712536094649497	0.11599633263343095	0.15774886108037275	-0.11543893547503654	2.8024600979928653
COBZOL	0.6943902724045783	-0.13428047849806982	-0.571013481293321	-0.07093617486075884	3.1496884420799964
COCLIQ	0.6036483390996894	-0.19220338268464307	-0.2962715295460304	0.10234244628831775	2.219020019354146
COCLOW	0.4909275955137664	0.2110086074893602	-0.07719733906147812	0.18738583024046163	2.8427484433549868
COCYID	0.4346845751921258	-0.34909815063665783	0.04836129143776824	0.13598783660649488	1.782187137300308
CODWAU	0.3388744604270708	-0.042782978450165765	0.19213903413390349	-0.2120284650175593	2.1582206300175626
CODWIC	0.32529129934283807	-0.06442097853636991	0.1965879524681306	-0.21783148259538265	2.12160610459208
CODWOI	0.18086204565258557	-0.0778820843328241	0.2943616687968974	-0.16114745993340351	1.8538797747253384
CODWUO	0.43875968722528835	-0.10200141513485204	0.03766283125132561	-0.051438161665363455	2.174343438758271
CODXEA	0.5982895701137281	0.19680277861333403	-0.4425654263484708	0.09447755378425716	3.0772254794371765
CODXID	0.3835731320843596	-0.185111449242216	0.22383820978130714	-0.11168699301942743	1.937436107456197
COFPIA	0.6413634360520151	0.15051696357171981	-0.27991084265210775	0.10451666512269106	3.0078220855110893
COFVIC	0.44459233334487	0.25781540884459797	-0.17236688552840893	-0.13554554603055874	3.058519122343463
COFVOM	0.3078633760350056	-0.5114799185322902	0.18233458757942816	-0.061428758282088866	1.424459093050661
COFWOJ	0.4635626476942969	-0.005566481472699853	-0.013757182843067692	-0.29105230323224934	2.3812910004108434
COFWUP	0.5924931988330924	-0.10123920947087707	-0.09085122566919415	-0.056852104645593135	2.3693118223062495
COGQUM	0.4546684260998193	-0.14306565698040158	-0.13403753629717755	0.1077451686970365	2.220190167994619
COGVAZ	0.6977709013307907	-0.293480825965379	-0.2950247744756344	-0.023976016021038563	2.021111630418846
COGVED	0.6977456889217812	-0.27958218583487743	-0.29931275204571	-0.02605603290032387	2.0487438281493686
COGVIH	0.7058028235918821	-0.2835819921922576	-0.3074638633755271	-0.02995557420467161	2.0551780035636096
COGVON	0.7036579482067173	-0.2734476504336899	-0.3048672599023896	-0.03458711004811227	2.0623172660517293
COGWAA	0.6672457861680261	-0.30776100534550394	-0.27966509989252397	-0.02191217565595001	1.9734906791959999
COGWEE	0.6966376061106425	-0.2756101254698472	-0.3067798905902079	-0.036317396199693146	2.053429047432758
COGWII	0.7126071828867468	-0.24693656998189975	-0.31724810247717816	-0.03284681714097923	2.128757983214014
COGWOO	0.5502820377358422	-0.5215297595251842	-0.000679798593992878	-0.09414197623181642	1.6067079503325525
COGWUU	0.5680087891234722	-0.5436739110873856	-0.05846799850292624	-0.06311498454478047	1.592215794456167
COGXAB	0.5615186346613585	-0.5028728337372834	0.003606341739331012	-0.13213298662336764	1.6424410240353513
COGZUW	0.40244559206349795	-0.2236059056283325	0.08089069223163772	-0.058395061038794105	1.9393165209919285
COHBEJ	0.4044047160667752	-0.2482707467495377	0.08594784418751167	-0.044133306126681746	1.885699214573974
COHBIN	0.4454452508984472	-0.2361324354204447	0.04763256241232933	0.0005388467598378271	1.9560525125227461
COHBOT	0.5643717779872386	-0.40550339250047557	-0.022554281296869372	-0.00045984329305483185	1.7869397815344592
COHGEO	0.3425218060536728	-0.0772109371040195	0.2708065130526116	-0.032425098935053895	2.1092283113724144
COHHEP	0.334346136088286	-0.0537786885467513	0.1474518082720766	-0.08757821651393446	2.1848458140986535
COHMUJ	0.5405438212708873	0.22854029769953965	-0.15697987692587165	0.022204519329189078	2.9117240466795873
COHVOL	0.5038827056008044	-0.30577554977310745	0.003257528009363894	0.056686398474896246	1.842451469808545
COHWAY	0.4298907663254532	-0.3688265854724894	0.01938335782636605	0.10263140089864778	1.6966882510847259
COJJAP	0.5372589658994338	-0.388719978012604	0.011471080043029283	0.19906073076762587	1.8228474474992136
COJJET	0.538203039181445	-0.37185400104837535	0.004567908760538003	0.1654842812912687	1.8317089273800138
COJJIX	0.496636040327628	-0.5460759531519571	0.21063952912943418	0.27442806404999853	1.6358550853141482
COJJOD	0.5276289389453348	-0.38837744722360135	0.016006129702945626	0.20073833909179606	1.8240298932685537
COJKUI	0.4131220305085641	-0.026034670222215967	0.2787261060776379	-0.03919812537624792	2.2610143208161793
COJTAW	0.5583145538674845	0.019455175583711008	-0.21047801623058157	0.25461655648871057	2.6043290064559734
COKDOV	0.45958492893080916	0.350678015448043	0.5152489319712413	-0.11476102397864686	3.0103463537380755
COKXAB	0.5893449330318852	-0.2679487853999456	0.11343145154371312	0.12880116812067915	1.915795675063163
COLGER	0.45847186525251704	0.5225255433812622	0.4530048865573447	-0.10163382168819361	3.5455667323215367
COLNEY	0.5527281761787606	-0.08362362211581098	-0.3952543183184611	0.17530732712021324	2.8594598961484063
COLPEY	0.6674167287482007	-0.4354942049532623	-0.1369525962489697	-0.026208920053909866	1.938434963334597
COMBOW	0.4024230302459113	-0.18051089316063568	0.20773316865567648	0.09546730977505678	1.9568564974709237
COMGOC	0.24471200722142283	0.22417643267221735	-0.16514175612146897	-0.21898071386564244	2.8490498495451555
COMNAT	0.8881975618668756	0.02474638109725274	-0.44741534876186845	0.05151763793391769	2.7577535888287903
COMVEF	0.675699377950167	0.3495824326354749	0.047654765949658895	0.07516696286920546	3.3750608517901974
CONBIQ	0.5202395867767899	-0.5374323252946367	-0.05437389129329788	0.12122113521869997	1.63277837229667
CONFUJ	0.33224191095288935	-0.6496988797182858	0.12561636913350985	0.25253474509583124	1.3782242598500944
CONKOF	0.4946334924237643	0.17004126522544033	0.257700092604454	-0.15578622631246558	2.679423168614617
COPDOB	0.5720494390629218	0.41813029082253456	0.20138853508978044	-0.25755231313498717	3.365345645916984
COPGEU	0.7911617989976802	0.5361948203945128	-0.17865717656717073	-0.0406548855423392	3.9185778990263125
COPQON	0.4275523522836169	0.44080139271051244	-0.22009964279604344	0.3634807884900648	3.827650514552785
COPRNI	0.26187897330417265	0.2662121963425919	0.06997328172645623	-0.27614143800624646	2.5255695062308945
COQJIC	0.46741399656535787	0.09445189296376408	-0.05246119917407441	0.08762449287286841	2.472780814074599
COQMON	0.4950053946337247	-0.055785560464528046	0.2284876875663996	-0.010696444429425633	2.169739358382535
COQVEK	0.6723760764441096	0.4373273070054488	-0.1815305285432221	0.054879291387831944	3.662215498808655
COQVIO	0.6871886172936863	0.39181009909235925	-0.17563575712074375	-0.02525606970413799	3.5117417197283034
COSQOQ	0.6744100978830385	-0.4773538322400505	-0.16297675962596112	-0.06335737958413204	1.8951881955338556
COTGAW	0.5204220377347495	-0.33490363462655337	0.06345494253994924	-0.029174222084941547	1.8724951645106556
COTGEA	0.48718701388312	-0.30238693607398504	0.07925502043923438	0.03103633995443918	1.8475706597670725
COTMOQ	0.8864142745776151	-0.3946152317973484	-0.6098113385580736	-0.24069883972748934	2.2275354412315385
COVGUQ	0.6605005981314029	0.19407244764307122	0.27064238093880133	-0.07722143058145461	2.97231239382187
COVMAD	0.5754560830822699	0.305800832418853	-0.1740991276511851	0.13926657434393985	3.0695289776676136
COWVOB	0.6343735403249378	-0.15136568666880204	-0.29395840455037325	0.11554992827363897	2.3030126705016793
COXGUT	0.5167950544958675	0.20406581006344404	-0.1720724453183461	0.0923888048947503	3.1054889733000777
COXJUV	0.4611525649255732	-0.16201969328542873	0.24822106193492843	0.1053788817401921	2.0374611827267586
COXNIN	0.785107401865714	-0.4459765360493089	-0.040392739104005836	0.007238459504041488	1.9736684127747202
COXNOT	0.7857496228225065	-0.44540055933702216	-0.04030723267375581	0.006130203908900865	1.974240668354452
COXQEO	0.8134946339024891	0.36381239004870203	-0.49402221436035787	-0.05604623531598592	4.168896684322511
COYMAF	0.537765349404939	-0.4584752191429794	-0.04600320193851767	0.06711119047438362	1.7468884060442054
COYZUL	0.6131624039941626	0.27037435328347936	-0.2425367563929368	0.01159991713775866	2.9980441616223388
COZBEZ	0.5352430953625547	-0.2863698837037083	-0.2178871864915755	-0.051004836697725695	1.8703550454839624
COZYIC	0.5415215438621779	-0.29590058447471296	0.1754009864265919	-0.1477368521643016	1.8947007108935057
COZYOI	0.9111476049236442	-0.20127132274844897	-0.21812160534856606	0.11167706598171023	2.5240748657645944
COZYUO	1.0185526672481986	-0.38098531561172155	-0.2874461845619197	0.06752455593415593	2.2286455621181385
CPFMNI	0.6172928017251689	0.31647221066235814	-0.1591480256608555	-0.15675542570608497	3.0229570893546582
CPMPNI	0.36053303283172156	0.1847453602047267	0.1140586892195535	-0.24474447631958174	2.619851515901737
CPMXNI	0.4263935301999773	0.30607129558506485	0.4665756734936476	-0.07334019098112445	2.8256424870315615
CSINIA	0.791978226609908	0.2647073768015593	0.082858154116706	-0.1975882162289626	3.3240516576461765
CSINIB	0.5244678620079233	0.2263507372057753	0.43871768222427754	0.02542575709736386	2.9185916072413454
CUBCAE	0.37164799335094933	-0.47064049097287947	-0.0145001599411866	0.1365346455688383	1.6275302416317263
CUBCEI	0.38280279382101856	-0.49568392600701416	-0.025153795146163567	0.13486901580866426	1.616297460857437
CUBKIT	0.7090058583594674	-0.12526909031333475	-0.38803424734897646	-0.054780225086710044	2.5379205928063038
CUBKOZ	0.44289903034243405	0.013700797601568067	0.2246841067647149	-0.14421245316394804	2.3018250514587186
CUBRIA	0.22343354732348697	-0.1959840792176447	0.13164951029081656	-0.16023295894172068	1.6995469515482822
CUBZEH	0.48933761878755977	-0.022895215948240982	-0.11715634406797013	0.08049773211296746	2.29370186679707
CUCDUC	0.7217091065558705	0.3110976714023264	-0.03746496341877489	-0.047698940031712045	3.3574061901620165
CUCRAT	0.5737300364642035	0.38042112023191144	-0.32853009759586	0.10408260890223399	3.674505433077549
CUFKUM	0.4785194207934058	-0.2937792692184539	0.022056603469014793	0.15598942643573865	1.9117014314902665
CUGFES	0.5894232645262356	-0.1559705619859974	-0.12266870773448647	-0.21202297203982023	2.1398695781742463
CUGHER	0.42912387019854936	0.06031890100054671	0.21039952118758448	0.03401032103460903	2.4124025879346016
CUHKAT	0.48328405094096905	-0.12949173232191008	-0.21007442414746477	-0.2515466771612195	2.225469935504676
CUHKEX	0.43005359803052556	-0.3062341185220918	-0.1351801801606079	-0.2662672778011645	1.9741561659331253
CUHKIB	0.4175467234207213	-0.28355128580347766	-0.04178308059527639	-0.24685868236064196	1.914791110851077
CUHKOH	0.2840068848485302	-0.3593708070123431	-0.05922423430481751	-0.2513880552099627	1.745669251906816
CUHPIF	0.4044062560799109	0.31442807570269166	0.19406909754019475	-0.032246848560909154	2.8905503740075784
CUHPIG	0.5326379170401143	0.5213846444586597	-0.06682171736446506	0.21792284301308962	3.6938287338671616
CUHTIK	0.6400206984306154	-0.13714720133889308	-0.20247144331420472	0.27768533034587617	2.297095149661561
CUJCIW	0.6384584339689177	0.3384631069277837	0.15078998214248351	0.1503489349686412	3.4160263913431264
CUJJAS	0.5806802175364538	0.42719567541158016	0.17028006182730596	-0.11395196946455606	3.3408883825085223
CUJXIP	0.40631221330264555	-0.5587730950542217	0.0793724867094939	0.0809454701041796	1.5648804261957499
CUKZEP	0.5203241093402626	-0.28261265189384377	0.2067980302686157	-0.1715538186831752	1.9199342923130487
CULZUE	0.41822251114705455	-0.3246326518654997	-0.04123540317907477	0.13429150246224553	1.7698379853916524
CUMMOP	0.3812637017203686	-0.272728112525888	0.11564525506617238	0.25177437680794734	1.8159230892599019
CUMNEF	0.36967660316456374	0.43824866186524913	0.10973934969228011	0.2816861269346627	3.2375253224127785
CUMVAK	1.1998789558964669	-0.5728069253576002	-0.4453815730649933	0.25915362716142526	2.2060624807753006
CUMVOY	0.31850630777998745	0.2526957496502882	0.07004025424764929	-0.10035469883159266	2.568826273660649
CUMWAL	0.5564414973132896	0.2560922239242568	-0.05135676673085922	0.05400480730062644	2.93913225541097
CUMWEP	0.5599628500924672	-0.06431271991860583	-0.08921300143677018	0.16054646932503785	2.3970174547224077
CUMWIT	0.2661191352610466	0.15918051798927407	0.06158031731124536	-0.0037079016093707964	2.387715375762172
CUMWUC	0.5361247374302396	-0.3104168629709289	0.15290486317972465	0.14380799934257746	1.806659567801661
CUMXAK	0.5425949265951875	-0.2594988843500938	-0.08127902077146647	0.34753997788504987	2.067866128804065
CUMXAM	0.2999476794567326	0.12276876054031677	0.030499323072938858	-0.018150683285993036	2.3601858432128573
CUMXUG	0.2677009995395183	0.20195188821877585	0.09688198683198235	-0.004303564473784199	2.4857305630918045
CUNLOO	0.40198253100100434	-0.45306303876528997	-0.29185358736343636	0.15243125818593023	1.7881137639667517
CUNNIK	0.3918413193859642	-0.6421695499714727	0.1582892510082809	0.17723526100511677	1.3776393504055597
CUNYUF	0.5951872305185875	-0.09653108836285741	0.04160724218858966	-0.060774115446438	2.248007018203534
CUPJUU	0.5448253935251026	0.006452028037604571	-0.18798627973496368	0.10048317336602884	2.487553639566052
CUQFUR	0.28175147936868994	0.10402404268433796	-0.019869716030526903	0.3444011372222948	2.527434882089454
CURFUS	0.5345352355761523	-0.19380998361377857	-0.01660599691613402	-0.11692974110333877	2.097359489904539
CUSYOE	0.5413527032344883	-0.24894978489465566	-0.32750109927954874	-0.23137483478556048	1.9873490255776438
CUVGAC	0.6385584166976814	0.1862490279591535	-0.17384585864858842	0.12397215583865093	2.992803026903362
CUWJAH	0.6048476669026774	0.16565446076475204	-0.07087951012003303	0.17717822045412912	2.8671248771562943
CUWMEP	0.45483041716819805	0.175513454023159	-0.07849001867871834	0.2123876680750414	2.8754035494986905
CUXKAJ	0.48162708370873375	0.12903245860182666	-0.2514420194195153	-0.03612163180096565	2.582150993293411
CUXWIC	0.4183673882240324	-0.7122955648600173	0.05718946232909761	0.1040519009880411	1.3621385306464169
CUXWUN	0.5526034661933226	0.5142587934400529	-0.12766021314540088	0.22065936997205593	3.7188067225992283
CUYZED	0.5934873853482099	0.05336190376708805	-0.0959092261931531	0.28056961813790615	2.8764636382071864
DABNID	0.5681934362925629	0.12278906953111196	-0.06611681011556846	-0.13181862986202703	2.523215430428834
DABPUT	0.2775168640466883	0.0732389770519572	0.3284145126501812	-0.3050860499079311	2.188350074780647
DABQEE	0.27207956555994883	0.060668310465061825	0.2980980489885164	-0.3174633501839804	2.1484391266182836
DABQII	0.2585634029010171	0.07007944252195639	0.29314403024094476	-0.3133934383611852	2.1849380722039764
DABQOO	0.2587507862588456	0.07154588427080777	0.2930152740470396	-0.31336112104277186	2.1937485171986477
DABZEO	0.6256945451639151	-0.260403388319695	-0.05093787447400791	0.06471474206742708	2.1633582186111813
DACANI	0.8521054982993697	0.36691486902949016	-0.06804382679328887	0.14713560102862439	3.766984404777663
DACHOG	0.5477739193463247	-0.297334779017533	0.11359949143678569	-0.15181275760165253	1.8650816443160223
DACPOO	0.4993679025218949	-0.4763892499046614	-0.06078843897895758	0.18980111653074966	1.7649063018403566
DACXEN	0.3409496767438993	0.08864216334482308	0.2525874741835454	-0.019526861710856658	2.2776408525443377
DADVIR	0.43507103476071496	-0.3727717214236258	0.06779278699204289	-0.08601417428460169	1.6986915228657253
DADVUD	0.533071013959054	-0.2082671302979142	-0.08424216046649724	-0.1467450933183334	2.005709912708193
DADWAK	0.506072010651236	-0.5304898428992622	-0.09927392655548965	-0.060482567887840705	1.5738910544798816
DADWEO	0.2332935287250324	-0.27138435920091153	0.08532037093834624	-0.13697017613264895	1.6494785719439604
DADWIS	0.47847350500004815	-0.2866707438412158	-0.08641438004688598	-0.29174427736206504	1.8691857157864433
DADXOW	0.7338063742065133	0.2539226325028852	0.11382835542672831	-0.18483317810024125	3.1268810868531185
DAFMAB	0.20820036161380706	-0.27114953287182864	0.06337457009511555	-0.10441103398352049	1.714895522278236
DAGFAT	0.6539530341062614	-0.059731161804035024	-0.17465762080072944	0.1114780244803768	2.42165008009037
DAGLED	0.4596008536297038	-0.07736986996575104	-0.1155246778372192	-0.2350040325451826	2.212472060150498
DAHCAQ	0.5258620762020207	-0.4341902072815633	-0.06229960988023275	0.2421762034210302	1.738068103143824
DAHJED	0.5334989992388905	0.17116359608727577	-0.345258728920906	-0.16738192087572418	2.802283132958306
DAHVAJ	0.7853292236208222	-0.5263042937455478	-0.0036394494207513117	0.1022743125050525	1.882762578485896
DAHVIR	0.26276415267955455	-0.5797709022224231	0.13762943526948698	0.12129791277142729	1.4940343950250314
DAJBEX	0.5082103796305049	0.48653348461367385	-0.10798703785026809	0.2303577504428198	3.6739600237423127
DAJCUM	0.37661601612637785	0.18202285223562634	0.3149761592241894	0.03872236262257685	2.5066583633947963
DAJPAJ	0.629643702695236	-0.1422614561637005	-0.030332160960231676	0.2344011570920817	2.4112311750013093
DAKNEI	0.2628141598778013	-0.23337231871280562	0.13030161499758514	-0.1034959908353761	1.8310045170976756
DALDEA	0.7000403425414756	-0.11618859692141977	-0.4131119723004119	0.009458310746401716	2.6435232699544526
DALJIK	0.5578174197039507	-0.028515339529218135	0.1284376758527945	0.17183324867790334	2.4536132474450527
DALKAE	0.2406258570036015	0.20796789500926988	-0.25469384116863714	-0.22906932652708767	2.423158053062333
DALXAR	0.6186960594686344	-0.131403887862663	-0.4356622943855051	-0.04694087886565129	2.5502211790665297
DALXEV	0.5078050917934327	0.07399995603054162	-0.27064833710778613	0.1072653438384302	2.686895357777816
DAMJEJ	0.386847299937239	0.4356612299759378	0.39121583298776447	-0.15822610475501353	3.0835370777136064
DANQAN	0.5380368710871766	-0.27612613530579044	0.0067286778921859525	-0.024851769496982645	1.87702143099775
DANQER	0.5229319624133071	-0.14902161885368967	-0.0024612917290159075	-0.0463778638837159	2.0840861649369367
DAPCIH	0.5656720831954019	-0.4582750450955349	0.07836637201020757	0.025284343822603143	1.7983575882310199
DAPXAW	0.6303077494733351	0.3800103447944689	-0.15678229145636507	0.1472102320315946	3.4748066302754324
DAQCEG	0.628485259195183	0.395907518717762	-0.1727293442727954	0.16047634274434186	3.5625853948179063
DAQCIK	0.5996320763364249	0.40065499994222514	-0.126991101977518	0.20284596194744448	3.4929157732139657
DAQGUB	0.5617328890955804	0.1419492582533584	0.04863501629987693	-0.1982178105906609	2.5995090762171627
DAQVUQ	0.2873295971402552	0.08590202376888967	0.5369879317377151	0.34405877188178635	2.407823315019579
DAQWEB	0.44366178268457634	0.31500482276536557	-0.24744621563005742	-0.13229166926975788	3.1242431079655777
DAQWOL	0.34540912359497433	-0.0912070264052322	0.23316390727777736	-0.07548951999199663	2.0714460894039646
DAQXAY	0.46213507867377945	0.0843623530494278	-0.0926256436992551	-0.0920655729965022	2.741058406901169
DARMOA	0.3125716329099575	0.39571005974007134	-0.12748111243967947	0.07768696495076702	3.005840828367533
DARRUK	0.3170862941988757	-0.7845872613774059	0.21923381305120054	0.24800992093819357	1.2347776037870748
DASCOT	0.5540654528424254	0.4058275905624281	-0.35544905982295805	0.1719665623270733	3.5949375230527427
DASJUE	0.38214252527032233	-0.11631508615137773	0.149183479218636	-0.12858661719094389	1.9987072591278867
DASXUR	0.5072982829832426	-0.3601775973099883	0.04440962432974693	0.05087195338013193	1.8120242812878167
DASYAY	0.46959509415513967	-0.11770562258234868	0.07386351662421811	0.13809284305421599	2.1183847696098175
DATTUR	0.3609047268829739	0.13278468800386348	0.2755569039825188	-0.0212882216039343	2.366336721966608
DATXEC	0.5980941783578739	0.421004060348744	-0.4888214080900667	-0.49694681690922754	3.3894585147494993
DATXUS	0.5911924911804345	0.34373503384380866	0.031647762789871206	0.03625393460218161	3.138163235453457
DAVDOU	0.8074004162577015	0.6464306706802987	0.06606589419445552	0.2159417939685907	4.4300392036343545
DAVDUA	0.8405173459124473	0.7386449176732757	-0.21488722878522185	0.08019003320599229	4.714232177439331
DAVFAI	0.8396337838437793	0.7384003933158336	-0.21236362709642884	0.08253378318461883	4.7119276779013415
DAVMOE	0.39221031402539097	0.6549451914208124	0.335739783215317	-0.026512385310227614	3.7256891393692846
DAVNAR	0.5408804798207356	0.43961071384817013	-0.17713787015344695	0.10985107454472849	3.408176223755066
DAWGUD	0.5122223232421961	-0.20574581364601702	0.07359187054026389	0.11497871666489443	2.043868187389806
DAWTAZ	0.4189506963608016	0.04173339108248185	0.36447643245214373	0.15911897971946287	2.371343709420737
DAXSAA	0.42823156474707336	0.22141134348986516	-0.1031801558031813	0.06515765742351964	2.678444398122474
DAXYAE	0.46764668095590434	-0.5147850355431443	0.03787843028066552	0.22029591297803697	1.5900000369196516
DAXYEI	0.46413340954230886	-0.5012101612982652	0.03575914264176373	0.21380317635379142	1.6027755120980705
DAXYIM	0.4685879908760615	-0.512479003611063	0.03956371451612101	0.22006258296989473	1.5889019855127517
DAYDOW	0.5060033743658394	-0.11882898360047549	0.26593773771442575	0.0020402723257706493	2.059574134757973
DAYLUO	0.7839044009577556	-0.42377659898430986	-0.04305222579585419	0.07129626265385028	2.0014704924598252
DAYPIE	0.4137855058323048	-0.4327130728056998	0.015374905411338402	0.17547177606506492	1.621296831744964
DAYTIH	0.47546582759128775	-0.35011886325424746	0.15779542927482526	0.09059716047583719	1.8502042107160666
DAYYUZ	0.46553835363693974	0.1707945673623164	0.28186551922917413	-0.014137197173377851	2.579903600673968
DECKIG	0.39324047011677	0.26009762568891953	-0.3348733501432167	0.16657093105176218	3.3058369617872456
DECWIU	0.44683102382882556	0.36461623428987616	0.19487454458419384	-0.2926555163609084	3.140099284101773
DECXAL	0.6656521233144668	-0.20340497859278814	-0.35701651921563393	0.1898437840909037	2.343298181499673
DECXER	0.2650252844460428	0.25711764923595304	-0.016375795139039993	0.025265541194341216	2.9637242940136055
DEDPIN	0.4008753037948489	-0.09470793975043121	0.01550465686292174	-0.015455292916830649	2.1813043320026426
DEFCIC	0.4347897915600427	-0.32599487401063276	-0.08807251698200771	-0.19228285197221978	1.8445494182328661
DEFGOK	0.7075235288545167	-0.12433003971713234	0.03439856078492816	-0.09864598463866771	2.3053887014591763
DEFYUL	0.5858163709877715	0.09610056470983673	-0.011685596123290731	-0.17220043100020105	2.592796018618096
DEGHEG	0.7828371394009714	-0.01627914435362671	-0.17908371510860974	-0.02748112706194028	2.7168306087890848
DEGKUY	0.43171582194107305	0.22735075736684907	0.14781610307276258	-0.026326883491190854	2.66881385020065
DEGMEH	0.2806354274915801	0.08802868800951896	0.2096637825162468	-0.32159889698670596	2.2247464850589003
DEGNOU	0.508061283228157	-0.3510405514893895	0.10236218543720804	-0.032785598434525505	1.7955189819580444
DEGSUD	0.7445279468078354	-0.34251228132664424	-0.1960298876255146	-0.050212835509014536	2.154797548378555
DEGTAK	0.7194632347699992	-0.30386935226074674	-0.20332885703026715	-0.053543916108602194	2.1789762941663167
DEGTUH	0.42232604944587404	0.44769055304572747	-0.13883894446429604	0.14518896824422067	3.218097333719247
DEGZUN	0.5430609251911678	-0.06679772681928023	0.09130124430792849	-0.27238294111814065	2.07169974116853
DEHBOI	0.4465322311550395	0.07834936290316248	-0.09684064982100622	0.23414710362790409	2.572634864491075
DEHGEC	0.2270063532912867	-0.16137598206986023	0.21535530935093306	-0.08908187370424336	1.8250057574865137
DEJZAW	0.5266926324695467	-0.4511296549365934	-0.02715813835794644	-0.08520055909207994	1.8140758594267452
DEJZEA	0.584097380940646	-0.46650485596597857	-0.02990416744547702	0.12935918462240112	1.7144584079582688
DEKWAS	0.6719087963236499	-0.05088294978441005	-0.2603394858062855	0.1772397193686308	2.5272685304756477
DELCED	0.6439848008168907	-0.021588668264711224	-0.3430693885816005	-0.08910544520141164	2.616841549555771
DELCON	0.6562391689963842	0.03933506409636098	-0.33159154903989846	-0.06613381861558314	2.689771829173808
DELCOO	0.4080284945370378	-0.5871508666687023	0.01712079099565486	0.09795872888369528	1.5221628058984922
DELHEK	0.17405791840772045	-0.2526088586861326	0.14072965809270757	-0.15420422062317796	1.6022225507683663
DELVIA	0.6231998540696511	-0.18881702265888411	-0.050266259365662744	0.12543963765021487	2.3037516577003356
DELVUM	0.7288875932084213	-0.4585242547635763	-0.04841404228736309	-0.05671534616196634	1.8237930627196701
DELWAV	0.1940576641460332	-0.1355294027033851	0.07099421341462567	-0.17184565661234125	1.7605129866932063
DEMFOT	0.30219879838541797	0.1303738620803355	0.02488272167496114	0.00504308863040992	2.6560838131790314
DEMHAE	0.5243229856115406	0.2588650861685561	-0.11692428110503167	0.06322105080558761	2.832523733139583
DEMHEI	0.5212842003461384	0.2551430081692713	-0.13646300344147547	-0.12309493445379867	2.7678728791025273
DEMTOF	0.5185384054364084	0.21752183588225255	0.32509897530405857	-0.014137734946748998	2.7424328060493677
DEMWEB	0.6809139300726548	-0.45642119987816676	-0.03855198494407279	0.018764683530950323	1.9679220066486711
DENGOV	0.4991522776947477	0.1333653504232574	0.13722107375005993	0.07255133139277684	2.7271880604060748
DENJOZ	0.38494788874718466	-0.11181835422634906	0.07034086764074543	-0.012897162585021334	2.0698340846994023
DENRAQ	0.37599811519156745	-0.29294497027069843	-0.06851525713762184	-0.16911983535644431	1.732966506770164
DENREU	0.27206210548830345	-0.7026247414012512	0.06263834865675144	0.05803036456891997	1.2089637625013583
DENRIY	0.25004599769243585	-0.9230483480230551	0.12284452464065848	0.12299564824179894	1.0581878278480736
DENROE	0.38409606916619055	-0.6161214291560869	-0.0490952658365681	-0.07167672081884537	1.3621784764134042
DENVAU	0.6082959715030531	0.22397864148093866	-0.1634547482120256	0.057055176177725354	2.970402439871214
DENWEZ	0.6877417660867131	0.2268377592563776	-0.2705499754736913	-0.20233181280159807	3.1471797338230796
DEPBEG	0.5527483116979122	0.25819016812407003	-0.12930598739817808	-0.05796705478791589	2.954648423527206
DEPCEG	0.48801662923734224	0.0961361616451266	-0.3081599571038774	0.18530462708108797	2.7529256406356013
DEPKOY	0.666869898103136	-0.0757859939520674	-0.4138788445165847	0.15342253033408398	2.5160495211024108
DEPKUE	0.6276352260381568	-0.2993480775046273	-0.033240822696966585	0.11229136344669986	2.1155262683042064
DEPKUF	0.3629643517926615	0.17764408630643772	-0.15393613992643007	0.016138977345904658	2.6059994538171845
DEPLAM	0.3772260925205613	0.11647365769487741	-0.15099566612561288	0.04242291883204268	2.553114099068078
DEPLIU	0.3022289302278751	0.22706683043372272	-0.10750650468265999	0.028447249060245906	2.6340622190893987
DEPLUF	0.6959831411360966	0.121237673974323	-0.06139661386357308	-0.16482965879437983	2.7165612071647174
DEPNAR	0.34099857114022436	0.08651616253199017	0.28522332397440325	-0.16737977051734754	2.27656031901709
DERMET	0.6573446662422908	-0.12037086736446291	-0.2864759519449701	-0.20649125933114254	2.3019009602184894
DERMIX	0.6541786054605865	-0.10553490359845694	-0.20655976474637974	-0.08746353644455009	2.320769080153027
DERRUN	0.6821841079590856	-0.46113936813478584	0.008950351884121216	0.05906972857088827	1.8662123607608727
DERVUR	0.5697702725849147	0.09355089910256391	-0.40307995735975105	0.02102920790576636	2.7899106712657025
DESGEO	0.559392661863388	0.4491275401497089	-0.05042244109347338	0.06184837462865813	3.4534150761768414
DESTEA	0.4803499395786801	-0.41901180170724844	0.13246810027951014	0.22117599116182268	1.7010949789975416
DETHUI	0.635807297120083	-0.2599256532679916	-0.05288069071933971	0.012284084269694741	2.1750728548048586
DETZEI	0.6589594675655972	-0.5009600727937755	0.006851284490488815	0.0005339811478488471	1.7640959126668738
DEWDOC	0.4937319768956261	-0.046403544754419324	0.1132866501332575	0.03652788169239086	2.193404595508104
DEWFAQ	0.5410488630627093	-0.09172512277255913	0.02630516527099662	-0.00789693233652336	2.160437925050368
DEWFEU	0.744965099163875	-0.14147761959189217	-0.37567813112769943	0.051633059064615267	2.5529947205993544
DEWHIZ	0.39999307190449596	0.1414137707705101	0.038797178089574	0.32595509127253647	2.687319241332686
DEWJOH	0.3323993788483759	0.09156725589560084	0.2929187312462235	-0.1874464914596729	2.323342805636185
DEWKOI	0.4628825757151338	0.05067216897706277	0.08729087503339497	0.04641517928208446	2.442038204318953
DEWXEJ	0.4062067693677589	-0.2313255589184113	0.01865134318452763	0.1090476009445482	2.087835523736514
DEWXIN	0.4289804483017434	-0.19965481943448876	0.015505669248808307	0.12125577251584334	2.1517820461991546
DEWXOT	0.42678427574110867	-0.19527454468691707	0.01684138977774015	0.12711206488106563	2.1478873725504126
DEWXUZ	0.4229149280929345	-0.1866486789991726	0.01909182033071405	0.14342928230830077	2.159812015536362
DEXFIX	0.3170550484401584	0.2300296815150717	0.47961970654619424	-0.07756851451829225	2.5041786644909596
DEXFOD	0.4176549245280352	0.3443970280732933	0.4879559923744846	-0.1251071530079121	2.9476852499605974
DEXFUJ	0.3220847335602497	0.2814721442263969	0.48253467592805643	-0.13558075764454625	2.688872626245165
DEXJEV	0.6525951909165144	0.4410467840243125	-0.2642140057241741	0.17029622101267378	3.6719634743342637
DEXZUD	0.545270995112622	0.520282712866719	0.2633478194639644	-0.08928418439909469	3.4965012480240634
DEYNOK	0.45503568659033533	0.03741052677532504	0.020748017319195663	-0.35573368382862647	2.4540625144617563
DEYNOL	0.4156179224305383	0.4195297920627163	0.13810482834298832	0.2092519017245844	3.125920261471315
DEYNUQ	0.3530040277212878	-0.3379041851688861	0.2300534134825854	-0.04984919638197639	1.6473011856008508
DEZHUL	0.25394466922953995	0.10397180192287972	0.19011549439818587	-0.29931112657180375	2.235689197732915
DIBHAA	0.8289694326837687	-0.3633577673233459	-0.08221130094005515	-0.06803327208608317	2.14849631203341
DIBHIF	0.5747177924758473	0.2711901682766686	0.02844394683745212	-0.32270184816823666	2.940875794303832
DIBTUD	0.5745650144758665	0.2510630574192089	0.3081104898072616	0.047516393461979875	2.9697658736748878
DIBVAL	0.45779743166195885	0.23942018244574093	0.03347974797941049	-0.260667948639709	2.723981724988732
DICSAL	0.5316134235193166	0.1668383906217683	0.050958823346466064	0.05537109655980695	2.7957938854606628
DICTUI	0.2868636775523914	-0.11897449547120889	0.17462598025876058	-0.1150648890513412	1.9258657306040834
DICVUG	0.4360274970832947	0.7785323310702248	0.5590535906261428	0.6548431832786828	4.816583440207806
DIDBUQ	0.46133088258812194	0.17933019718740614	-0.32209410299579216	-0.005987532530082548	2.8666346182254436
DIDDEB	0.35300427494527664	0.12347185403658609	0.27358578353916213	-0.16982417976562164	2.37438590073126
DIDMAG	0.3457211768264856	0.1234959453916438	0.05028725116186175	-0.15272424259359163	2.502296022999931
DIDPAK	0.6377393003114395	-0.12392427844908181	-0.1410269783809013	-0.10675700640672421	2.194643760709763
DIDTIV	0.32615630353718883	0.2390659389228525	0.47953191386789196	-0.07417757250112131	2.543088279565315
DIDTOB	0.30465588287601086	0.4307078371572161	0.1938340382746579	0.24781956241769498	3.0811960549915343
DIFHIL	0.30204823627925936	0.218948367160189	0.4720174673059605	-0.08556319596720133	2.4632680912287785
DIFVIA	0.663042269725012	0.09836066170631276	-0.33713923889270314	-0.1651170186002408	2.691204860341334
DIFVUL	0.6746331110860257	0.36004523403177313	-0.23324413359721752	-0.02147385835993923	3.427687532799723
DIGJEJ	0.6686596933405706	-0.45244151653411296	0.006086565661165416	0.1338353777880646	1.7362966405847986
DIGJIN	0.4510537225425466	-0.6045225859218358	0.10250117926625274	0.23999483130003263	1.424312741117765
DIGJUZ	0.40551859764017895	-0.572612838133177	0.03223492662613854	0.1563978775003344	1.4303301412723985
DIGMAH	0.5632859921776996	0.2904093736979242	-0.09656878265601768	0.3010946260117142	3.1150538643842722
DIGRUK	0.4499082876351803	0.028228545667946386	0.08354548360147304	0.013982950263558823	2.337934812871409
DIHDEF	0.30333412425778583	-0.27680593379973684	0.026715486616901207	-0.25903933045496563	1.8697419415959768
DIHLEN	0.36744248891484066	-0.3597011455101916	0.16677650520267792	0.22342639889114924	1.6998046384848249
DIHLIR	0.5148284833951502	-0.17976410509088647	-0.1867782038225407	-0.12188994634207555	2.046737592957581
DIHLOX	0.6053705036662587	-0.052987574767978905	-0.3439364987781734	-0.07116588114777897	2.3442676148462263
DIHYUR	0.4650168875003722	-0.21601231874838234	0.13162839072890659	0.04749376451069566	1.984256968975336
DIJMUH	0.35662458134470487	-0.35312256328028097	0.12231480315934135	-0.11246872142874771	1.7072484671991226
DIJNAO	0.3511134380324048	-0.354970398962794	0.223537941779495	-0.07166759099907917	1.6619820276276016
DIJNES	0.4606323061035402	-0.11256285964102057	0.10755387418956336	-0.24937781856431257	2.1953700575902375
DIJNOC	0.4594920954000381	-0.11573957285014269	0.11636222725400161	-0.2520920117331365	2.170772562736534
DIJPEU	0.6602005472243642	0.2329423377448025	0.027499896856843745	-0.2779000131575985	3.031568014512512
DIJPIY	0.661623489600351	0.23382944727519872	0.027012735236287055	-0.27736949824261786	3.035425566735615
DIJPOE	0.7044722796751577	0.12256215325965528	-0.12299256726333324	-0.34388502246558106	2.93437891274214
DIJPUK	0.7188473602122754	0.3858161876008077	0.1363906534900028	-0.15317501980387183	3.490196771204836
DIKPES	0.42265017720548226	0.26275675167376833	0.20496373537194879	-0.015885861585979197	2.757367839540562
DILBAC	0.6329459091976561	0.271330718413686	-0.031157839047905193	0.19328071493648852	3.074362222099325
DILDOS	0.7344048719375582	-0.4414105345687162	-0.0444124056162564	-0.06751334920360634	1.8874421554053327
DINNAP	0.9991953420189441	-0.5397779686779427	-0.2182069295252393	0.31330095491518045	2.0274313858316324
DINPIZ	0.9981760108612701	-0.5388544160424119	-0.21659129803093585	0.313874422869804	2.0291268454595657
DINVAB	0.3544065610791991	-0.5045238278986639	-0.1803724706009545	0.2943434260362542	1.734947407326502
DIPNIP	0.5794505928479987	-0.3692983037231284	-0.06948318709388693	0.030492282503920966	1.775997108658271
DIPPUQ	0.2502247757484759	0.18873135011562792	0.48956075811092525	-0.05575886296618099	2.384567713226021
DIRPOJ	0.5907475955548067	0.016422665408433054	-0.11257462296451197	-0.25297405303673703	2.4174576347118935
DISDIT	0.49930911215002993	0.3691026641900622	-0.0323205238453002	0.028107126704771463	3.083064438506682
DISVEG	0.32804608286031023	0.025515767366454417	0.15730831613008692	-0.16686972352109386	2.2704022825268475
DISVEI	0.5050423068103029	0.7258908217285118	-0.13940927899953653	0.36623558240634396	4.379312839093394
DITDES	0.5259904119552017	-0.46273124364914936	-0.16461457111438332	0.0499117164577438	1.8097437524263276
DITVIL	0.7660622466902076	0.774191600787223	-0.09862721920020148	0.20327748384753858	4.78253852178474
DITVOR	0.9612431762936975	0.04734351658998466	-0.6758144877685452	-0.24355539574181378	3.6867035162185533
DITWAE	0.6152140121978071	0.3723363184359242	-0.27667340682808655	0.2211052701086243	3.490225053666362
DIVPIK	0.4680625096839073	-0.30211903209150753	-0.13364745502208478	-0.12192325970614377	1.9034167855464215
DIVQEH	0.4987933389863555	-0.3600762208326903	-0.072599129789625	-0.14420727783405496	1.8285979432155863
DIVQOS	0.2745650476459054	0.47887473725211205	0.17252165745686	-0.10034991598287223	3.0467259223720413
DIVVEN	0.6028313972150716	0.3367285782485646	0.18162384152533034	0.16020481836741696	3.225806419706224
DIVYAI	0.7582099272630201	0.6594909698180719	-0.3087183770489952	0.10212748978436387	4.4508225441640406
DIWBUG	0.3462699861582723	0.08616695565617072	0.1432065712400343	-0.30752186332588516	2.3379218488985107
DIWTIP	0.5663255709962121	-0.33996916153066337	-0.010738159690470553	0.09476714992329487	1.9985163416128124
DIWVOX	0.7485386420442621	0.11519822243509326	-0.5593845352563089	-0.03184249655147169	3.1573515642659715
DIXBOD	0.4093937328480024	-0.16783859837086867	0.20604955932451202	0.07977433152325211	1.970403044679538
DIXHOK	0.37819441884153093	0.19720425851934573	0.17897422200986607	-0.44326480974289445	2.5668575966873686
DIXHUQ	0.38478272608545616	0.20123402417681058	0.1856349833511815	-0.4614472465877578	2.562433241706188
DIXPEG	0.4578259799534319	0.07227884529831123	-0.18033580781294112	0.2426113548683725	2.608481250373029
DIYXAM	0.47017508474696346	-0.11995144901034685	0.22395030780922787	0.01664326410008017	2.0434607143016272
DIZYAO	0.562999065822197	-0.41614843437551285	-0.1714043043398745	0.0569503972851672	1.890437640393233
DOBCEE	0.2939492862528472	0.4486874691433771	-0.06859425601127098	-0.02310355950894022	3.313091468752418
DOBYAW	0.6483673104458827	-0.0767872176812518	-0.21138725333898944	0.005978406313334895	2.4107803205006406
DOCWUO	0.522297047210408	0.31869960244030937	0.2980244712219656	0.08899732662930593	3.0641881606677837
DOCYEB	0.3567488750079635	0.20248978300575426	0.07472401363622452	0.20149852640706628	2.609501504582463
DOCYOL	0.496668551890048	0.39733420832330446	0.07671690509822163	-0.09501977472176218	3.15411583864272
DOCZAY	0.2987620159666178	0.175733509005171	0.16810888486483372	0.07196477229737439	2.4182012108962656
DOCZUS	0.49066495831391777	0.33035671881466394	0.013545809309672668	-0.0747577491661081	2.978580629770447
DODBEF	0.347888172434891	0.19507989742071302	0.1540013635919378	0.14234287010899	2.536964146011305
DODFAE	0.35032612227597015	-0.6215280042670759	0.02727636665836919	0.09518914800143072	1.3493114682971346
DODFEI	0.2890707977796465	-0.7634958654655327	0.08186610136759936	0.1575398126894041	1.1804650800613685
DODJOW	0.4609686389508054	-0.37438128349604943	0.06848414990394994	0.22448407898066058	1.8426199122969769
DOFTEY	0.548152748160291	0.10649673029281245	-0.11212463790571847	0.34108001023157436	2.8130805676323605
DOFYIG	0.4168335100476641	0.3811368518203893	-0.043858846955863874	-0.2910328481792588	3.0692706546066573
DOFZEE	0.9579240252265846	0.31814671895172314	0.017390594752187363	-0.25155401821341516	3.8088178011435354
DOGCEJ	0.3776378294501246	0.36954829813029555	0.0826380048420847	0.231513629344602	3.23202557378781
DOHDUA	0.48410622622112065	0.17304315732300404	0.06111897314063017	0.21050666654243616	2.7016876544820505
DOHXED	0.697400626326341	0.4183631505281471	-0.23729536957745975	-0.028099195610625266	3.457849647134327
DOHXIH	0.7253982782948878	0.7545952675125533	-0.44588934077355225	0.1799658655561862	5.029859722755571
DOJREB	0.46968020536402033	-0.1197111575419844	0.12095828414780438	-0.05949229459666694	2.1346876509821833
DOJRIF	0.5046696616988218	0.1422152175011562	-0.3479405272042563	-0.18424275632714748	2.813263916389734
DOJROL	0.6135922231267807	-0.17376994574718513	-0.08095650589354705	-0.15793318128635242	2.198241208903297
DOJZUX	0.6647130717839715	0.47236715598534906	-0.11281854565828678	0.101570000887767	3.7010111566191917
DOKQOJ	0.46765221642604793	-0.37531678728617623	0.27997515172381976	-0.06048895707610341	1.790779314948933
DOKTEF	0.43539740101584545	0.6112871818130977	0.34110667108773024	0.02222298524848829	3.69570048149182
DOKWAB	0.4330790428539544	0.7987861340935839	0.5186664230060858	0.5730293251872451	4.654681557474602
DOLVOR	0.5094808482724638	-0.3389789233070174	0.2546230090049203	0.1426768985342119	1.836754663873236
DOMLOI	0.3841712698041526	-0.08720110171708714	0.1882840734399675	-0.018353608357415792	2.113714075072179
DOMLUO	0.3981437383929185	-0.08632346988070148	0.19226528916841834	-0.1253818937509914	2.1604483212152816
DOMXOU	0.3816899530511222	-0.5814745305803964	0.0881513862747001	0.23964442307646405	1.4867622060802035
DONFAO	0.4786024453963238	0.2948338744268519	-0.17308575993146957	0.1068561544352908	3.1105082453359554
DONQOP	0.6888668531450577	0.1648203298949289	-0.3589867449318741	0.11154331335588784	3.0928140172671634
DONQUV	0.7337811941157479	-0.07206866256764392	-0.3343953036459295	-0.00812235109169801	2.4578103941160734
DOPRIM	0.35402915054839035	-0.05353313773512759	0.12220354122760191	-0.20024177372697777	2.127442549693136
DOPROS	0.4478363016559408	-0.054461711800086354	0.2996484688896166	-0.16477551145064362	2.1324976648576905
DOPSOT	0.41412907346046435	-0.2049391913364288	0.28007160467193515	0.036955254622262526	1.905548803689542
DOPXAI	0.5557003770790647	-0.0243143971303766	0.012201629526366331	0.038410164294074026	2.3503769258046874
DOPXEM	0.5774787597614974	0.5148120823104357	-0.1671519037861303	0.1033359123778537	3.7970399910632837
DOPXIQ	0.5909387500197605	0.4826569675973953	-0.10687519100226212	0.21486802500379398	3.584609020540842
DOQMAY	0.2614653900421766	-0.18130114172288497	-0.030943118041406578	-0.14384542005012596	1.8671396807496718
DOQYAL	0.48505108987503753	-0.0673243257939243	0.005162256610761418	-0.07774412736158784	2.165538795533289
DOQZIT	0.3936170240764376	0.06814027778983976	0.2854487962297802	-0.04862738736182769	2.356732654718346
DORJUR	0.5777438078926593	-0.37992480149881164	-0.07727720972985669	-0.19249871116251377	1.8151282494842125
DOSBUJ	0.37612949310474786	-0.41155561663977613	-0.14918514289402057	-0.014299870076269303	1.7162574639142094
DOSDUN	0.509853458641202	0.19762234481525562	-0.05511567218061734	-0.07089359660389645	2.7100056873814315
DOSGEA	0.1776868064954722	-0.79960607153283	0.34945227314797517	0.25357922878324	1.2044214178387278
DOSHIF	0.5115657493600212	0.5109591147664266	0.09924657653742644	-0.069441532073129	3.3841080001205914
DOSHOL	0.5705471443121484	0.5265991516319519	-0.06554692165972982	-0.2603454081456742	3.4784779849338276
DOSHUR	0.2949235758053308	0.018811858574590293	0.23597833963673787	-0.18135509570678982	2.195008198702729
DOSJAZ	0.3097845265065988	0.016758005030009522	0.21995649043335513	-0.21566618998651005	2.202072481552176
DOSJED	0.2926359278557089	0.02219797824749046	0.20498051867872535	-0.20910636145393086	2.2178532758863585
DOSJIH	0.29141367453541367	0.019198713818313957	0.21376503421383586	-0.22769125463794804	2.2129198233680136
DOSNAB	0.5761391347898215	-0.08352690479817843	-0.3786597785617643	-0.2541730669101814	2.365887146779661
DOSRIP	0.5479657992155484	0.641337493106278	-0.03268350213653783	0.07263423431541552	3.8933675539221038
DOSSAH	0.4622088277315841	-0.18481342560327177	0.2841924076073393	0.07161894113249466	1.975951713646295
DOSSOV	0.5084577606682386	-0.14944900254883056	0.23583461167432446	0.04475234367039173	2.05104838314336
DOSTAH	0.5123028812242367	0.6177698928727584	-0.02926857459756918	0.04293692240737866	3.6867942053047393
DOSTAI	0.49260697998327885	-0.12352795088815544	0.18341950489540393	-0.0014322971613279743	2.0428268450741194
DOTCEW	0.4040952924175629	-0.6555674910540995	0.03197582760175853	0.16536569882146518	1.4459061189911935
DOTMOQ	0.5286140193890523	-0.5380402737878244	-0.0620993277851848	0.18231484582068413	1.7190048728130807
DOTNAD	0.42543913349746454	-0.6411708877367187	0.017453625443577717	0.1601758523881402	1.4719386683081148
DOVTIR	0.7048528282077724	0.7553042369695864	-0.04962388685177394	-0.07004105441562565	4.482224877802299
DOVTUD	0.7294986115158046	0.3981457247269672	-0.5120374359420088	-0.3402043472374023	3.914674404689747
DOVZUK	0.7146696973530213	0.9068865183877649	-0.39602482373678616	0.02374490741294133	5.093565240720194
DOWCAT	0.7092357862540988	-0.4599459359763957	-0.1849836334155187	-0.03262982786528025	1.9255368100526102
DOWDUO	0.7096431144105289	-0.55535112443539	-0.1115152000318514	-0.028190897748857906	1.7711071157753342
DOWFED	0.40159064075156703	-0.07941939113723179	0.12966212900087876	-0.1291669142287183	2.1543490996024173
DOWJAD	0.5236939194117394	-0.5182458734243571	0.07516979573398044	0.2100570124771871	1.6342905756490225
DOWJEH	0.38374798603125715	-0.5701663622919119	0.08965068191004608	0.24802671872737214	1.4881688537746292
DOXQAJ	0.5676636973445248	-0.3005078026249225	0.11133367127474567	0.036370819051592305	1.9604285776898982
DOXWET	0.6748392723488283	-0.180870788308493	-0.0746352608263944	-0.2262314247633223	2.3017832351044643
DOYCAV	0.35719527881118207	0.29445082903040154	0.4591926764342439	0.02677383659947023	2.764563335853028
DOYTUJ	0.5580305003841994	-0.4282283767552231	0.0656860150492751	0.07485775492784799	1.8229786869179636
DOZQER	0.25455789950873653	-0.01787596273105776	0.1838812040840075	-0.15501071002219863	2.0579449208497027
DOZQIV	0.47779590360531543	-0.08759252688539794	0.24727009321031235	-0.016761512522606305	2.161691938586114
DSACNI	0.2708902712468171	0.29322663576850744	0.5369756469875084	0.11923787144464787	2.715405292357518
DUBBUZ	0.5603824893591076	-0.6465491205196849	0.057313227306499126	0.3542435468908936	1.4899978129925129
DUBMIX	0.7958021494410668	0.3444358998254184	-0.585438192952572	-0.2167635023202672	3.98385507694614
DUBZIK	0.529663803698381	-0.0456284930932435	0.20329687065538743	0.07543052249273018	2.3180605173352875
DUCDAJ	0.6408455631341896	-0.41438671642124564	-0.2854256596357724	-0.1279615523546795	1.7621732042087697
DUDSEC	0.5278317945552056	0.32067303408558623	-0.18412117865300492	0.008711431234788156	3.1284788871637352
DUFCAK	0.420262098028104	0.30274698236804326	-0.3230908130438539	0.17514901095491803	3.4085927038076176
DUGTUU	0.398503200329853	-0.008067811761591211	0.06759881967518785	-0.14554293634014692	2.3563105005528397
DUHGAP	0.5637712010014271	-0.3994332918276227	0.04718059885151216	0.08655254991216951	1.9020074442328023
DUHGIX	0.9431405245640185	-0.09348797203731761	-0.07740836273021763	0.113302475325435	2.75900573934227
DUHJIZ	0.4682327848466681	0.3910345755884783	-0.2742666788395364	-0.05091923824609278	3.282952711952199
DUHKAU	0.6383019562841632	-0.2741599479711846	0.03728231658710737	0.19632845856335762	2.1091409114586224
DUHKEY	0.58086757738117	-0.14313602622316965	-0.02418470027910037	0.12830172340634083	2.2933243440023787
DUKGAS	0.2971916998731521	0.2282673926032347	-0.25226497764246514	0.17318047787921514	2.715553345369012
DUKHEW	0.2975338719351126	0.16677245559784912	0.20748095938997585	-0.3157580487569007	2.3918900510378007
DUKHID	0.45729334408014655	0.2956637405764344	-0.3582468995438677	0.1529625900743518	3.4741423779232345
DUKMAY	0.359724294840988	-0.41800430263395366	0.06508061098437298	0.39445667605912726	1.633591708126779
DUKMIG	0.38588481123067897	0.19081395665843653	0.32345306839666144	-0.12125402981319401	2.5540885298299316
DUKMIH	0.5367372797740861	0.20524326541429727	0.32374454924067303	-0.21235662978415154	2.8555227318657077
DUKPEH	0.3141020002062782	0.3184309617681686	0.035182930252952174	0.0907956445374309	3.134611869554992
DUKWIS	0.360569857959014	-0.38897195952500335	0.10839261621893873	0.13779160899410411	1.6886761924992544
DULHIB	0.761591908418553	0.04341942648641793	-0.2957254638804234	-0.22624790512429177	2.5253868832178212
DULPIK	0.47727971711609385	0.1780756860258813	-0.05443556334461533	0.18353544849811354	2.78168231720058
DULPOQ	0.844559291444849	0.16158520632655723	-0.4500830298224677	-0.2796791415135976	3.584503619286008
DULRAE	0.40391967626787295	0.7128979406034456	-0.1494337588792329	0.2955845331695418	4.211008950077028
DULSEI	0.5599236263725675	-0.5776506869655179	0.1768373613759237	0.17224109006767097	1.6649779396339899
DUMCIY	0.7664165816884454	-0.4444011395115522	-0.06029421041057261	-0.06272201161182533	1.8719520153458014
DUMCUJ	0.34130604388639085	0.3702651919076444	0.396624231771973	-0.21040683299361257	2.9142021614632703
DUMXAN	0.6206831238848398	0.35860518235643474	0.09611269643012568	-0.25822848256013425	3.4312385564823833
DUMXER	0.40033238906792334	0.08879880419409739	0.11248844780178621	-0.20410491795919666	2.5024408605405757
DUMXIV	0.3919404690149326	0.042287043075209224	0.2554352203323217	-0.11946165155132736	2.3139097828760486
DUMXOB	0.32342391598092046	-0.07720504128119293	0.23499114296421675	-0.1028672393174264	1.9743024592265614
DUMYAO	0.24029098520959513	0.3158723540635668	0.22546904420745428	-0.16138252411518705	2.6116580772816853
DUNHEB	0.5844143770999501	-0.44164436683104324	0.034787700611813785	-0.06772055712350913	1.8636742548233531
DUNNIL	0.5593437451177055	-0.4129993575955644	0.04709561615403085	-0.08244804528230973	1.86046475822044
DUNWOA	0.4655367754519304	0.09023753509171506	0.0938528574306422	-0.10110735676194631	2.4924379584769385
DUPKUW	0.49136826158527125	0.09327830116087404	0.1844378568559168	-0.023088414661579973	2.5219157185926835
DUPMUX	0.5617569861941716	0.16395078670784205	-0.16489335191868917	0.03708991722631646	2.7333670975190167
DUPNAE	0.46627930842496923	-0.006915248261324197	-0.08157857309824369	0.0035247806610529814	2.2938352737961143
DUQFAY	0.6340182636334628	-0.4805946643299568	-0.16810990353633914	0.0037043778142484066	1.8431299508800585
DUQJUX	0.5026399087420526	0.1413347073890446	0.10488384887977939	0.25403384623586506	2.702612981975077
DUQMIN	0.7849141587599178	0.28853742025953333	-0.35742993680791674	0.1116348520092791	3.8880924457147525
DURDUQ	0.7430535895331545	-0.45512015175444814	-0.02839992767724822	-0.038545185369077195	1.8287094732520213
DURFII	0.3934608286176493	0.13079786898939222	-0.1926968324633469	0.12141168840622579	2.6014657333278755
DUWZUR	0.47068874600295274	0.17942264234540378	-0.09374442807977851	0.2510861821965454	2.9736752170371896
DUXPAO	0.6553497701799156	0.07683538305433671	0.08034822936389743	-0.1945450494309638	2.7025283382945773
DUXROF	0.4944999749154837	-0.506261793127815	-0.11651903622729498	0.10809902222773198	1.7159111751946625
DUYFOU	0.6659994417099853	0.4350472779820392	0.056631406154231734	0.07880301146827685	3.5655804470542867
DUYGUC	0.4617252285988478	-0.565294410091962	0.06218406171730789	0.042357443880961514	1.5634500738954111
DUZCOQ	0.2718025645924933	0.025451098896388386	0.1686666151677149	-0.26253221446950825	2.078113440938797
DUZTUP	0.2012079048789257	0.2883071113698913	-0.02816461417794061	-0.022983632746453257	2.7518955001884846
EABIMN	0.5582425479328412	0.05913351001601941	-0.14680518561391737	-0.4016767136614863	2.639141919109345
EBAKEA	0.7287477600016405	0.5204882178208159	-0.13080949392101512	-0.06417877055846712	3.902726700895868
EBALEA	0.43718663204659425	-0.623760076221144	0.12113709880850962	0.08864030485479076	1.4738775736006986
EBARIK	0.5141453483276246	-0.17322220298279994	-0.056361908361329816	-0.051809102609346805	1.9715731723223704
EBASEH	0.5235850218246725	-0.003966977708211222	-0.23135765632628374	0.1219791478449789	2.686813976350818
EBECIY	0.7180746898325907	-0.3638170241753211	0.002328996574630815	0.048948176239353866	2.105526336806572
EBECOE	0.5885446026258796	-0.38412601558746584	0.057847637624721865	0.06886912827901995	1.9550957917633307
EBEHEZ	0.4177225059274443	-0.15952259778760913	0.1439596985580648	0.053719442254746244	1.9566371402036402
EBEYOB	0.4275738889528009	-0.06278297325907783	-0.16309770766042941	0.070198239658139	2.2722312283254533
EBIJUU	0.40743800364828253	0.21454252812256946	0.03442473663046729	0.09989290209462101	2.6627126122378786
EBISOY	0.4821662333278125	-0.18784979096671947	-0.2571686388561145	-0.02495825522384118	2.066584985118866
EBIYUK	0.5595990652096869	0.23484520099394846	-0.11024374042282856	0.1555350005374586	3.000575544861293
EBOLIQ	0.7147484614226158	0.6862700009978294	-0.22317603774317718	-0.005441071029564169	4.353439816863693
EBOZEC	0.49024024100860775	-0.4260649859445852	-0.003993367011590393	0.05913308640151147	1.729720683997829
EBUJIV	0.39413655158744465	0.05754517390902593	0.18274199465277002	-0.11613080536263977	2.3037105479276274
EBUJUH	0.27828354487697915	-0.28525215199256426	0.1633112852285073	-0.1436468260458849	1.7102512359275464
EBULIA	0.26684441877445586	-0.530471024474958	0.16670771227800907	0.08502206033769723	1.4034679256818243
EBUQOI	0.6040069669432135	-0.2469416854080501	-0.07914723838518538	0.040971857245920396	2.1022293072651492
EBUZAG	0.2951706000636829	0.4233233840050817	0.11625273789074869	0.11849305166123528	2.9403013311060104
ECAFIZ	0.571890067949548	-0.4228794982917146	-0.19822092924358325	0.028182242742871774	1.8721066230410652
ECAQEH	0.4963014398708596	0.11877124319808019	0.14927837703709093	0.10724829104660795	2.5293006612254123
ECAYIS	0.8290580207006526	-0.45384825736024137	-0.05814175140816788	0.010872843874704495	1.9909024095317056
ECEKAA	0.37821271651699195	0.11827713162747061	0.24839007338313301	-0.015258913311793576	2.3595022259725913
ECEWOC	0.44708344795465926	0.3585876206917617	-0.30506929926002424	0.2780675563166667	3.6492226134303034
ECEXIU	0.5663611211888799	0.10157806055769192	-0.12111333985597736	0.08942095414060795	2.5947726857780826
ECEYAN	0.670828730523163	0.21912035619510545	-0.2797510595591423	-0.024393560957743317	3.0908229566267535
ECIDIF	0.46870596863647584	0.22096418525692413	0.06499739962782969	0.1760804034587552	2.821371882320792
ECIJIJ	0.7233641659226944	0.5818299557152884	-0.3496577323722264	0.1278403757447147	4.1013249609165925
ECISEO	0.6084934175996155	0.60417441752768	0.0581114270387241	0.3164776809263373	4.091447556664461
ECISIS	0.5384251570499119	0.6193342388602674	0.22864073865476692	0.06781011042035862	3.877179067721829
ECOBIH	0.6493102376711075	0.335047592600307	-0.28705264480030046	-0.018601940290265295	3.106977431268135
ECOJAI	0.8581368117338055	0.4672342698256179	-0.4135869339547235	0.04176689476288219	4.217890314342004
ECONEQ	0.5025564000069211	0.49936635051172296	-0.2226681445728062	0.05908948020242644	3.4968930993657734
ECOQOG	0.36292700843552694	0.19451796615701095	0.20250564018795092	-0.12409223218128136	2.497194680267065
ECOVEY	0.769298541209559	-0.4337896385287944	-0.0628838444872571	-0.014986975819621301	1.984530624280993
ECUKUM	0.2703545461593184	0.02663242576419008	0.28041897484620865	-0.0365642134746501	2.1495372418727983
ECULAT	0.4500661620614803	0.2948556419825663	0.290565419760457	-0.14712440500923307	2.8555845481470103
ECUMAU	0.3661845123336924	0.1314507737764992	0.19458238853129595	0.007567789833376082	2.3915188263856226
ECUMIC	0.3208464575331891	-0.14176628119528328	0.3227417631219993	-0.11955237050703822	1.9214445211564788
ECUMOI	0.31196994122968924	-0.14685670574528242	0.3187935185954961	-0.11599820665131345	1.9101688448596676
ECUNAV	0.3109487166868017	-0.12474968035194228	0.30685880502961776	-0.06017432743957285	1.8924003944443144
ECUPEA	0.64502260132672	0.6157584158943915	-0.1269688459466488	0.09009235484394394	4.039153167172107
ECUPEB	0.3492796121944717	0.25944615171574126	0.3084403560357258	-0.06829820303548344	2.6639744174216347
ECUPIF	0.3130618257362996	-0.17975311419507287	0.2682846422399575	-0.14162440670666898	1.8652929842132333
ECUQIG	0.2869711447108756	0.04744257516896555	0.15634442879273072	-0.16243603449326033	2.156885703384238
ECUQUS	0.27192665153606166	0.04137693727144387	0.1494717907596549	-0.17791046493950424	2.1059236671482515
ECUVEH	0.5043284519403999	0.3257177410574333	-0.1220542328775138	0.38719958151164274	3.501298249526292
EDADUM	0.5880353523639403	-0.042930041001594976	-0.18472049826750506	-0.08938538846798318	2.3075966439112694
EDAFAU	0.6749508134946725	-0.1558517128818151	-0.25330673608132115	-0.11631700980778	2.3237609467444984
EDAFOI	0.647558909608235	0.02732669050936585	-0.03581633098426048	-0.34680921123592473	2.409761072714053
EDAGUN	0.4508078075029518	-0.6422815888297457	0.08062786853414108	0.09713701477533424	1.4554848080846519
EDALIF	0.6052427925475232	-0.41968581669086963	-0.058430453071215645	0.09802332291883438	1.8719273499161857
EDALOL	0.6053037116206017	-0.4197471068642435	-0.05819221336664994	0.09725708690434953	1.8711693729639869
EDATEM	0.5014524442164872	0.2518794826937934	-0.18186564975166503	0.14225915340664322	3.1520506465155664
EDAWEM	0.5436100369819554	-0.30833907841573904	0.11260274102442944	0.10642781032603865	1.9565345059193198
EDAWIQ	0.6432437453124296	-0.2468922182235266	-0.051025697522996405	0.06368218380053187	2.196763326557598
EDIJIL	0.44176528225144196	-0.3818445124303318	-0.004356864881365635	-0.2265753905204695	1.7085178504086247
EDIJUX	0.32420343568515353	-0.8602849679168063	0.1879358651366631	-0.007161572139456028	1.1444886741434261
EDIPIT	0.6027315758084839	0.546895041033282	-0.14186416254148876	-0.13387485072161515	3.5603808463557476
EDITCN	0.6904115215935294	0.5058053242323988	-0.38951557561277966	0.015081398717154368	4.361193157914541
EDITIY	0.5357885447997424	0.2304075422864807	-0.47700931696790994	0.04928244844534403	3.614388383249445
EDIZIB	0.5304669310814987	0.1785077952291278	-0.2551050736939958	-0.01677017883261272	3.0886537673949306
EDOSEW	0.4660333723701884	0.21492748205936857	0.028274223469351475	0.022160604062239794	2.673330073227451
EDOYEF	0.7404165880529545	0.27422113992036	-0.020507515770711943	0.160095687005803	3.5101467738862993
EDOYIF	0.6270994452629619	0.8389938529664124	-0.11801535759202045	-0.09723140138480012	4.502242956253515
EDOYON	0.5222949544030966	0.19331187557961546	0.32681700670304875	-0.19254106283122074	2.7520442153350952
EDOZAA	0.405780725901443	0.1352861035318521	0.16781513169905438	-0.2979325027415357	2.5446780831044338
EDOZII	0.6174823761297601	0.18506861752523265	0.0019192685099033019	-0.05374711213362347	2.904618040437291
EDUDOY	0.5294181897221932	0.20334700996087224	0.32462937141242987	-0.21509673685376063	2.791355392292136
EDUMAT	0.5363367082434944	0.2026965944548348	0.3220589300497756	-0.22194650586390108	2.843350037750386
EDUNEA	0.5753196893781709	0.3857968256719629	0.012891510868379169	-0.16600869117481776	3.2680250628502154
EDUPOL	0.3971846665740495	-0.7989105536334739	-0.001402008223746018	0.052015818699042274	1.2158301366011033
EFAKEC	0.39617149441744814	-0.3175914747250042	-0.046707244829903606	0.09157426337060341	1.8265828482063293
EFEDAW	0.36333659989379274	0.2244944337297126	0.12082476430295716	-0.1359647580542359	2.5223707648838833
EFESEQ	0.5654545710401502	-0.48673817546889525	-0.10300468938812371	0.13515793835082895	1.7734050812909676
EFIVIA	0.5367805995358719	0.24413672750364945	0.015681505275030747	0.19432705879529427	3.0089571291630355
EFIWUM	0.45819798883477514	0.25097064842011335	0.23366928978318807	-0.1788174345216993	2.790015483275039
EFIXEW	0.679766015630511	0.36571558998093817	-0.16191408203047913	-0.03666910490139665	3.309717587173891
EFOMUK	0.46039471261722476	-0.009741458593158473	0.1950329908192439	0.18145355287567888	2.3656859342951835
EFOSEY	0.5765413930469441	-0.25411380193330363	0.1780074397522104	0.4375977796994008	2.0936420764735963
EFOXAA	0.7349429299866364	-0.4523598122665415	-0.042789224734033814	-0.05412800986041924	1.872487459623933
EFUCUH	0.30661125260303734	-0.22150462501652032	0.5527291330200423	-0.08811143108482876	1.7948430414038739
EFUDAO	0.3193650064442539	-0.18311621891792976	0.276290234943915	-0.07097505299736798	1.8981896394275215
EFUDES	0.3538162852661708	-0.16312419458377983	0.14285542663625556	-0.09551934789985482	1.949101936973039
EFUDUI	0.4887159253103137	-0.12715154376720156	0.3131836464448147	-0.2021114206882189	2.079443772633728
EFUFOE	0.5216491852670018	0.18411256262083045	0.2510120911794688	0.13178336756675563	2.7377051554818856
EFUGIW	0.4668568833903306	0.11217976690179204	-0.08734686200944292	0.05855694198446312	2.453592672704938
EFUQEE	0.4812495376989503	-0.41613540096234825	0.009763088951515009	0.1345405638186567	1.7448095125866225
EFUSED	0.4988426572564677	0.0283945937094974	-0.2671916073692935	0.008081003496494335	2.4270431948307776
EGABUL	0.6335036117535404	-0.2147760803445522	-0.09492287003573142	0.05293489295653399	2.249770865334405
EGAXER	0.47509543817730293	0.37126094790919123	0.345015150075644	0.27161760022727593	3.2814903874699817
EGEPIR	0.6138157936531909	0.24681633457128033	-0.31478555506126127	-0.004441073907045262	3.235803856693943
EGIQER	0.5561187266169814	0.5612153042867726	-0.09411022101554664	0.1345761543569211	3.85169852783142
EGIXID	0.7196422298575857	-0.4906368002904505	-0.021797561162279086	0.00015503351444697347	1.814005970991547
EGIXOJ	0.7921266814115961	-0.4546517981365588	-0.019783452842502276	0.015348324008017925	1.924035371417907
EGIXUP	0.4571844927130675	-0.5543755353611748	0.07436214051265824	0.071892590623767	1.568009778380095
EGOLOE	0.6734538029923556	-0.10996165771933927	-0.11152245258316511	-0.0436709965700782	2.2530009892041996
EGUBIT	0.45015903954482184	0.035795348914409365	0.2348775900595501	0.14388846766819152	2.4640875466860517
EGUDIX	0.2890228696993562	0.09141635832532523	0.39207024633340504	-0.30937204783087036	2.274491120583937
EGUGUI	0.6570112514680897	0.27728614676129404	-0.1886062075778409	-0.1714215247145351	3.0100854868503966
EGUKOG	0.5850635217490572	-0.2532928679147993	-0.15231064696772273	0.08786544219088281	2.196346571310976
EHACUN	0.4146791284533444	0.3528096755134601	0.270610538074773	-0.024476246801908783	3.0538585675888874
EHADAU	0.33956179254358476	0.3230822868109165	0.2824890591757284	0.14756426734558753	2.8705880193756603
EHAJIH	0.1807421695804492	-0.2857104029170305	0.2935444440946304	-0.2579130483015428	1.6383420869116887
EHAZOC	0.43677561391019193	-0.13206833812204472	0.1432119632428754	0.03930654093620267	2.0083271057901486
EHAZOD	0.9391360289320048	-0.2449301094952154	-0.824169142553802	-0.34652539326467463	2.9767874656522824
EHAZUI	0.46045231279368615	0.1800274280223123	0.16571517624208432	0.03753921309313464	2.6553926311382403
EHEQAJ	0.5910273607236771	0.5516466140108164	-0.08160023883303547	0.1448008147973754	3.687635577027455
EHIKAI	0.5094031012613538	-0.1970699308250397	0.008959273630176928	0.07157214722605734	2.025448897205387
EHOGUE	0.3572665455336246	-0.6218962254032145	-0.02134638500061105	0.08322110926807519	1.4385883051472557
EHOWAZ	0.5064249167625796	-0.211310435301729	0.025092410833727014	0.13988172955503075	2.11848045023513
EHOWOP	0.6944127712859194	-0.4014071662982573	-0.0056314435822735626	-0.012562845188149888	2.000901012411848
EHOWUV	0.7079201864210116	-0.36817423367599134	-0.008872494845892795	-0.009076145457423662	2.066086331534993
EHUDIW	0.5165751353866037	-0.23393972100220803	0.1545603449570034	-0.07639518071248318	1.8401252408405617
EHUGUK	0.654348075248147	-0.17591357449456252	-0.09812731769615939	0.07233028800726873	2.351785613902758
EHUZOY	0.4632901475050044	0.8296156700402486	-0.06566467229344006	-0.17326254132717128	4.310625662729592
EJAROW	0.6369126274418813	0.18061692842491586	-0.12238913451937775	-0.18201088405455967	2.870986281864729
EJEKAF	0.5115004700269727	0.4626508852306868	0.027620059462481958	0.0023178037630218057	3.3009274951186125
EJEVOH	0.48146160111920455	-0.4958507867994002	0.07811160559546262	-0.060735564281990825	1.6539060857859882
EJEVUN	0.3777191700860074	-0.32776028700211857	0.32864522478557	-0.0832639921697439	1.6222114048691492
EJEZAV	0.6559571067280467	0.25041166273336435	-0.147610764266661	-0.06466270596468947	3.0677820923285886
EJEZEZ	0.4664312116670528	0.13481197552052204	0.08996257091752966	0.056269690664580166	2.569249937081817
EJOTAB	0.5676342184214329	-0.3943871415545515	0.05842349577982539	0.05115500714886058	1.9223181715688908
EJOWOQ	0.30871490556037173	0.14285399164457507	0.16604549023103235	-0.23397465518172533	2.382641389706304
EJUSEK	0.6678194061660587	0.6213002980062617	-0.24373686360100866	0.0730089828265763	4.166403556299839
EJUSIO	0.382905521626002	0.6511636261601953	-0.09869584096099467	-0.012283858470640119	3.6694767329622735
EJUSOU	0.44207714903114237	0.44801646619544344	-0.27602670124964446	-0.03614544917552231	3.4306299845155257
EJUTEL	0.6214742222403604	0.701570441042185	-0.1599435482315419	0.049344425977444054	4.179242197924985
EKASOZ	0.3901792496848264	0.27484833420174953	-0.3835984407042701	0.10745880600060512	3.211349875829877
EKECOO	0.41959316349332276	0.20460842546920005	0.2616078389500311	-0.03220435551508825	2.631278406111951
EKECUU	0.4522336105056093	0.030932860760943724	-0.021633328786789953	-0.20850873123559444	2.320802323220446
EKEDEE	0.4743849074642288	-0.5515063226892782	0.11089865453697953	0.13383428167600003	1.5859248036682057
EKEDEF	0.4800231856770738	0.28925519256310683	0.2137608395936333	-0.0972846240816513	2.8913607265282493
EKEDIJ	0.6172880689332789	0.1644825739646554	0.12407420958000909	-0.09322869303393558	2.7678860833848073
EKEDUV	0.4307978787230713	0.01738496422270905	-0.03449323173863226	-0.1908244259394865	2.2960356588271975
EKEFEH	0.4219559062166054	0.2758982811328803	0.3928329195850539	0.08540845934288518	2.77131727004771
EKEFIL	0.4465547506299341	0.8339185317582232	0.11227160303604905	-0.007930613150395956	4.270909626121857
EKEGEI	0.5997325570806851	-0.16425903927388075	-0.18344498911819365	0.02352261848385414	2.259517102697818
EKEGUZ	0.5157071489621066	-0.038307578345183765	-0.1543112643962068	0.3262007655805424	2.4927727281162015
EKELEM	0.8066952505740721	-0.2333650716876412	-0.6298525486828611	-0.2870288577724483	2.3202638403649236
EKENOA	0.5833139246530976	0.1808101079160554	-0.009216681348172134	0.27042896626213275	2.8897247360145246
EKEQUG	1.0364483532516955	-0.6856693364546262	-0.6214770142409533	-0.07050479837468418	2.3276820965831666
EKETUJ	0.6154491008869956	-0.46948330579331016	-0.1594478895726515	0.03974224486501022	1.8251050033651424
EKINES	0.3868838690626184	0.7506114132401497	0.4092765570754898	0.21877367031970502	4.190281500780689
EKOQON	0.5902257177737633	-0.5902472202269268	-0.024070162926993793	-0.04019825801874102	1.6958544103768838
EKOQUT	0.37978706509053417	-0.80926967326161	0.2921175475214161	0.29037584865363836	1.299935029433664
EKUGUN	0.6295807294650926	0.021978038082842294	-0.0609926825917041	-0.07034910117364664	2.492814461568676
EKUHEX	0.4941494537111444	0.12722566034389501	-0.03375751790214135	-0.09414220908695745	2.5373109525488777
EKUQEI	0.4739578551938006	-0.06964061424446803	0.13741231927756353	-0.017103768050237847	2.179487192066494
ELAHAA	0.6413284698093191	0.4407980039816199	-0.1320236854999063	0.00851140028629721	3.6444165587477135
ELAHUU	0.5588952600603667	0.6056875042199251	-0.015673769657091274	0.25445183085272777	4.023488244218859
ELAZOH	0.4738460615271851	-0.5957841588403192	0.08960442300833554	0.11929013757148788	1.5450613720055864
ELEKOW	0.41670671437529183	-0.02305422797290125	0.03275546619992267	-0.06137207892541924	2.2852743312682886
ELITID	0.4783252034228891	-0.3759610152644573	0.10091856789284501	0.020473428483581836	1.7323112984775035
ELOVEJ	0.4533233586973182	0.3011402560258104	0.03336770626140005	-0.10256157375265988	2.842177122947307
ELUROV	0.4480320018945827	-0.34497665657339427	0.036716396061079654	0.13179129457423935	1.8000645629991658
EMAXIA	0.4685480498838279	0.45367404578291515	0.032262007188041744	0.19196624283609004	3.441605586019141
EMEHOU	0.5059004366252866	-0.020573407588009827	0.036129791961857616	0.017736168347895463	2.217348901016628
EMEKIQ	0.6605180133184225	-0.38920392698091655	-0.026204862941871375	-0.06013077523749383	1.8585989930298696
EMEKOW	0.6416480889789371	-0.3921211686171918	0.09916603356029921	0.08899795175897872	1.8483040743801233
EMELAJ	0.5598387581016029	-0.21360826009122702	0.094704620779449	-0.10247583021292055	2.0998738869879117
EMOPOO	0.5465995967719524	-0.21134170633140714	0.1064624143065113	0.1008494839798481	2.0605985881579705
EMOXIP	0.49815537355506034	-0.3830581545555728	-0.04102107518918934	0.04501981788251763	1.8072429590986647
EMOYEM	0.502319721179016	-0.42014344301330553	0.00440516381701174	-0.0032029795206333853	1.721715232506725
EMOYUC	0.5038830176886826	-0.4142584561517257	0.0019265613319835728	0.002101449870804996	1.7340498920509229
ENAXNI	0.5432113226763002	-0.3745144511208687	0.0777640284757149	0.1258653325540125	1.7383896311605396
ENEHOX	0.7705533303606034	-0.4715396709407496	-0.06912210002446913	-0.006857403064942806	1.8957101066875233
ENENAP	0.6794492137099288	0.4420275447594526	-0.03961187450307798	0.041229676323143415	3.6121097581428994
ENENES	0.5907360700913848	0.31127770080610684	-0.3745055606799503	-0.0398981413017785	3.48908055172269
ENEVID	0.4725130437220466	-0.12884430128115004	0.14293066162716733	0.05610533031339156	2.0710407496988945
ENURAJ	0.6192211556392913	0.17740964240909407	-0.23387043952697867	-0.1369567799008516	2.7672059449620505
ENUREM	0.5302649066792036	-0.024956369979079927	-0.13440968929335367	-0.1221074460701919	2.3282698439604808
ENURIQ	0.3748052755076454	-0.16647853612496777	-0.16728856140528992	-0.05343374595876618	1.9009785506826944
ENURUC	0.418290777766142	0.1667355490695918	-0.05683185452432343	-0.27628172722593086	2.5180837554759785
ENUSAJ	0.46010742820302397	-0.1896822936309248	-0.1899905522456638	-0.009009717470993682	1.9506030098107776
ENUSEN	0.44199861493755677	0.013079141870440146	-0.009376668495205617	-0.10939561760674342	2.20636255233399
EPARIX	0.5522527161185948	0.3098801568899708	-0.24120190132692232	0.1182070923221515	3.404896184010483
EPARUJ	0.574750294746317	0.2883928915276835	0.13009727564970106	-0.1578504808527032	2.985047482005044
EPECUA	0.596082958058493	0.28679393125504227	-0.3556785304834121	0.110582880063061	3.583039278914413
EPEHAJ	0.6136697859200106	0.30500525734699957	0.08969179429543583	-0.28863101394841795	3.048849805978096
EPIWUW	0.5263362228262993	-0.028408513123913945	-0.15732347333870833	0.33903363108591544	2.527631597532087
EPOFIB	0.5321725797663186	0.16185884738085715	-0.39361249375151414	0.07249730375368765	2.888043945964208
EPOFOF	0.26867028900068135	0.24813148370547722	0.0788541906302157	0.25239579141903645	2.6456944997409324
EPOGEY	0.5774838617624791	0.11763974663432483	-0.21391992519765216	0.032519806663814696	2.7546601644133912
EPOGIC	0.5135510948906514	0.5233581268185173	0.031771851206816054	0.11145241679072883	3.5981995627813133
EPOSEK	0.4342253840619783	-0.5304782728049057	0.22944989413859773	0.3885226633099376	1.5676792259811645
EPOZUF	0.7827994063912769	-0.29490849550269155	-0.15755229689686812	-0.008148587876934857	2.261768405186043
EPUTOB	0.4733768470896358	0.6215791061224466	-0.23663316043840638	0.1506550570809862	4.4295400877546065
EPZBNI	0.6988628088336943	-0.5908834171756069	0.007269615812689159	-0.14168280582796366	1.6049891701715349
EQEYOR	0.5613945767950339	-0.11858942456195495	-0.3426026551990445	-0.14623128621310028	2.3103154697975743
EQEZEI	0.50152648934671	-0.17543106288130578	-0.2665653069902089	-0.13802260781389825	2.14404305056214
EQISAZ	0.6241466696832196	0.28434084272545923	-0.11194027492455819	0.04149467099703755	3.111045265222697
EQOJAV	0.6705820367587041	-0.026292855755715216	-0.07742191082912007	-0.10105292454530505	2.3994615048381416
EQOLED	0.6390790115147817	0.38086522206146284	0.10250910713530745	0.12301542826467005	3.602694998627082
EQOLIH	0.716273686941534	0.2713959356411756	-0.024764483924889932	0.15731635712319786	3.476473347772877
EQOMAB	0.30476054420087006	0.18787344550747898	0.175136823375044	-0.23554194518257854	2.4796076285430004
EQOQAF	0.3218853048580468	0.16340494387296767	0.1767171795350833	-0.3462574698935928	2.4331518721646583
EQOQEJ	0.2890093458925991	0.15475939694700014	0.20484360949117436	-0.26627184821651595	2.3684684912105567
EQOQIN	0.2911450562619171	0.13054123009933058	0.2886505736890931	-0.2989303106978067	2.3060780469282247
EQUJIJ	0.47925174993072783	0.2911043183816391	0.05782344514217244	0.16615050938500125	2.922280181822905
EQUREQ	0.7064736327096695	-0.25862950908814925	-0.3317860435067669	0.10162824372846455	2.286384657075785
EQURIU	0.7283958970236082	-0.23939164565952337	-0.35572057763543974	0.09958811185183762	2.3449962853487687
EQUROA	0.7674791634186802	-0.13560215709006412	-0.41387879116969956	0.01260337419180156	2.5506607465357045
ERAKEQ	0.5074885769477389	-0.35008553534750747	0.07568698803477003	-0.3562720327995	1.78792554153337
ERAROH	0.41171938153147725	-0.5355821251120381	0.0632431970584198	0.1433586616770002	1.5991771609380132
ERATIA	0.46384582678372244	-0.5540685836203533	-0.07463324287077402	0.05117707021578895	1.6294190656861787
ERATOG	0.45655714905892264	-0.5607331101619113	-0.0682920904192023	0.07458053510774332	1.6156831188773275
ERAWEZ	0.5590160835039679	-0.3847700814977555	0.08052922130660453	0.10071867598890177	1.937381926581292
ERERUP	0.6074837054154569	0.18093697039719453	-0.30950056678455684	0.01355675190524597	2.996148095351294
EREWEF	0.4832524440249104	0.30213076010640094	-0.10997888416350866	0.1357286946644627	3.0635139100214213
EREXIJ	0.49639345199348295	0.0008777739352299821	-0.021339472258236118	0.34613651058915684	2.4587787545438147
ERIRIJ	0.6011717837708561	-0.3650487794832495	-0.19305955405627184	0.01279557826806653	2.017900147211491
ERUQUD	0.48282689950736035	-0.3896078947781255	0.061796389017395675	0.07317191821535668	1.7619081140586546
ERURIS	0.4814996509702878	-0.392637997277212	0.07055728203439401	0.07294057564451203	1.7460119583406823
ERUSES	0.5150158594379377	-0.08687777084275805	-0.16640152667506308	0.20974622765712453	2.365325786289718
ERUSUI	0.7953530612212836	-0.2452954721987865	-0.9781194294190956	-0.5455853198120026	3.1489794786905305
ERUTAP	0.763439911588149	-0.24089848030832034	-0.9509342510066661	-0.5158501125414897	3.144860491294918
ERUXAQ	0.30037591522945295	-0.2695380814448607	0.402350164181044	-0.09001622150921343	1.7387759302266899
ESABUX	0.5831670961120459	-0.2900563247213469	0.07614974307064909	-0.08801105944017519	1.9306658331418516
ESAKIU	0.4121048293139653	-0.6545294587534524	0.26046559508559897	0.019310855490723162	1.282312993846226
ESAQOF	0.5311502495970348	0.28791723242907175	-0.042294711580667756	-0.046065356484541034	2.9505233796162083
ESAQUL	0.6466432429143465	0.4242791915838472	0.1351239969562911	-0.18366296330803555	3.3732368056195545
ESAYAA	0.5916656149325998	-0.39787065345014966	0.028383003286082314	0.13010079986730033	1.947372746354522
ESEVII	0.5060609343178522	-0.3443860786325573	0.19781158148210448	-0.09336293768802659	1.865769407590651
ESEVOO	0.4647223594595893	-0.36595563700734784	0.17383038285227848	-0.08594143710409215	1.7641300076295816
ESOCOE	0.2752530334264143	0.12897356645552216	0.23521967527435161	-0.0774810985656236	2.3246625901020472
ESOYEQ	0.9389756241683962	0.060826573235574985	-0.6993399477945241	-0.27069174304458293	3.992252760116823
ESUGOO	0.5831310631165714	0.21059037811623516	-0.22688247676535084	0.04835949121716879	3.069803050853989
ESUHAB	0.5315799443094802	0.545090712179547	-0.2101806766164804	0.02192913816333995	3.712136170895442
ESUJAE	0.5680243465131589	0.23510328837158978	0.11874801374225716	-0.2433332259153298	2.78327720365575
ESUVUL	0.3905002451044428	-0.6225239050941921	0.033465349291563515	0.16017742981270006	1.466909017813249
ESUWIA	0.442839587122525	-0.6291084390733765	0.03709309482378034	0.2006520274891378	1.4915173079845945
ESUZOH	0.6704574131476289	0.1949227299144755	-0.10652840606387022	0.16007198916049536	2.9258683374010803
ETACIL	0.5689799900028518	-0.024443879238793174	0.033458458642465716	-0.28850825341636177	2.4307456992456276
ETACOR	0.5560736432089692	-0.10443048485145517	0.2605489049900256	-0.0034232310353385365	2.2472695149871287
ETAPIZ	0.6290966071021495	0.447907634135	-0.4009112630064175	0.06425456395020074	3.7146109617959278
ETAPUL	0.5716449862143609	0.043918061505016856	-0.173860597451583	0.10814432948738636	2.5320866137332434
ETCHNI	0.5363920583133153	-0.24789308492181258	0.012362407689247484	-0.1546522852861878	1.9543505367950569
ETEBEN	0.364934210701124	-0.19065004633946656	0.27503611934758715	0.054782588634404994	1.8825633424826849
ETEBIR	0.4119438184925235	-0.08696288209924406	0.1253229512600194	-0.006810546296902281	2.1220884436619682
ETEFIU	0.3715793037003605	-0.6963906342580909	0.029406092107963064	0.09506034650008624	1.3037378130334474
ETEFOA	0.371296996697394	-0.6864322652041949	0.03640888347491027	0.08785360931449156	1.2920165158030437
ETEFUG	0.38768383892691993	-0.6846290859537056	0.03388663256650108	0.0834730472524857	1.3094011591027273
ETEHIU	0.5388592337650415	0.34348573715714437	-0.2577963500055419	0.10981948000611659	3.3340847937769076
ETEHIX	0.37463469322888	-0.21846400491862386	0.1571007194561561	-0.3101886258393181	1.8919018566918213
ETEHOA	0.5819669199823689	0.37074979778589484	-0.33383061769275724	0.1243623603431985	3.741581349233795
ETEHOD	0.35811908984034435	-0.19329183979925355	0.09594702601804664	-0.33161800579359885	1.9169671605985288
ETEMIZ	0.5606451744211736	-0.04312969452505764	-0.0994348280691209	0.13381622326244227	2.400120298203317
ETENNI	0.6906815628779475	0.8433340742187008	-0.2714095457191751	-0.13540861401335352	4.66385583684573
ETESIF	0.4972429273882044	0.19259420302422217	0.06735343593948262	-0.14328467374940035	2.630265604985366
ETETOM	0.6799263324184688	0.35676221894967597	-0.01483194250101151	-0.32873061220808064	3.377557509266085
ETGLNI	0.5624777941856518	0.5180964405410169	0.19727895569863063	0.21616425158181202	3.6157945927294857
ETIBOZ	0.49722096796774906	0.320860026081849	0.007922060277951351	0.17515880913862175	3.0338746664033542
ETOFOK	0.5215584806365738	-0.0708100614802604	-0.1701167013212908	0.13065851770461387	2.2910447174206396
ETOKAB	0.5658509657695534	0.15103942657472216	0.1427820164134897	-0.06636770175620961	2.9381331701953206
ETOKIJ	0.30260015832804	0.844050820274032	0.3070762343328532	0.1957580783673349	4.16010050808527
ETORIQ	0.514263155482217	-0.49197714190935427	0.05415119051934844	0.2869493131592861	1.7251625560004273
ETORUD	0.4149725243623541	-0.1429460729193821	0.1308888595831775	-0.28361291198998595	2.0530546811548493
ETOVUF	0.5917983564888409	0.023909445627885634	-0.248212796129306	0.16959576772784846	2.681808310970584
ETPNFL	0.6004661320668339	-0.3615286694508343	-0.23811462792357793	0.027043752272209516	1.9788221287445398
ETUKIO	0.38066217176371	-0.3901688774172082	0.10618824147848263	-0.11456078983184582	1.6803493236304214
ETUKOU	0.839291784205968	-0.33445069142592626	-0.09418407369622823	-0.029573041039561772	2.2526784414667262
ETUQIU	0.5244728036458071	0.3139727566793252	-0.027944154142435673	0.16725343209652166	3.0400762120359666
ETUSEU	0.39912316805670844	-0.557293701619638	0.08390174922566235	0.07409116846879918	1.560741049571526
ETUSOE	0.46971234741671	-0.23727027856582833	-0.07618930939137004	0.012165734039843378	1.989356849462209
ETZMNI	0.4953711964422407	0.27881176910029665	0.3147595776282214	-0.07109659359570664	2.8346232944212915
EVACIN	0.2735676926351398	0.4589310123444216	0.16892229546000223	-0.149861541239321	2.95045819095847
EVACOT	0.464602917165851	0.08293093062369042	0.17740532273506215	-0.17115566357848194	2.4659188468185285
EVACUZ	0.43684567529269636	0.15528156887164013	0.20760061816905162	-0.14731556728501044	2.5654948471041
EVEWAD	0.4233925459830994	-0.4497645664512674	-0.04303278327141608	0.10546242404720792	1.7209663442617904
EVEZAI	0.45106156864715885	-0.13492030327127869	0.15942196135779088	0.07067378539004798	2.02882329343319
EVINOP	0.46466456932869704	-0.473345276224499	-0.1485527824221758	0.07537356368746194	1.755366070394763
EVOGUT	0.698761294595827	0.18661355352104775	-0.17486453782486927	0.1160335075953009	3.1320616300403645
EVONOU	0.7534747428736033	-0.08904099227133976	-0.439864235240504	0.06892147929675443	2.6778923041606557
EVUCUV	0.4703408827168758	-0.28630970610195766	0.016462028069818946	0.07710064710304006	1.9084567400610273
EVUDAC	0.46937834276591506	-0.328758336643266	0.005767508171862279	0.08237740066024132	1.870895740411067
EVULAL	0.7679428186731085	0.02728530680848651	-0.04550753898298181	-0.22210195723446347	2.6541664299180887
EWAJIV	0.7694641558895379	0.46841544369898597	-0.32036076454484685	0.029331744061728976	3.7741945377264337
EWAJOB	0.7377190464714456	0.4546687416872088	-0.34023052068906195	0.013418707851060589	3.683075748186705
EWAJUH	0.743287091012971	0.4786166153005147	-0.29752355308304484	-0.06043454522185755	3.6865820717948785
EWAYOQ	0.31994621183878724	-0.7990482931582374	-0.1519155666625042	0.04582382872956164	1.4633633601817397
EWEQOM	0.3886493204401935	-0.03829064935860714	-0.009267356059359813	-0.11264538490412164	2.163821728834135
EWERAZ	0.4643078325335317	0.023156878776106074	-0.022644202696647034	-0.09377287586262005	2.4283944817292453
EWERED	0.49650524627490444	-0.26377140270462307	0.05747048381698755	-0.13272747264766255	1.8852536861671891
EWERIH	0.4967087426681589	-0.14212849005682504	0.08006562151896446	-0.12738045731285463	2.0292280554373896
EWEVUZ	0.32447224282703546	-0.7986370058603032	0.4075820774267201	0.09173814892002999	1.2252953730745815
EWIHUP	0.5279341457671718	-0.009106305401265929	-0.0829007033576846	0.14431841702265968	2.3828768787122088
EWIRUX	0.34301263949273286	0.3791797555585952	-0.02352242052959709	0.05244184564404232	2.913407774505958
EWOFAX	0.4373934135337185	-0.08301833918821809	-0.16252973283646027	0.17123307602246401	2.3138315576220605
EWOQEN	0.3507904229186578	0.42667306194132926	0.10527736746540595	-0.014742717564086114	3.2371145439748172
EWOVAQ	0.1413684368720629	-0.4753614144994403	0.2125209866935618	-0.17091078895904727	1.4525836798702212
EWUJIP	0.5151389569626952	0.8560359718807218	0.12735555217233233	0.16247846921853493	4.534792383767726
EWUVIC	0.4637325369589229	0.6091149753164306	0.04051480490382316	0.39032376987054285	3.866425209983128
EWUXAW	0.6218573543987569	0.2993114156236749	-0.15422135315147525	0.16501602455323594	3.2538444419982904
EWUZEC	0.5778653634195692	0.30540799845227085	-0.169450069533195	-0.404325845775868	3.1354284213825356
EXAZIM	0.6134158466991755	-0.46978482153597945	-0.032738444906577346	0.031448901417734015	1.8523356423725355
EXAZOS	0.4657956904135032	0.3166851994488555	-0.10479439381916267	0.17697584891218898	3.1278922578978383
EXEDAM	0.18966038097807436	-0.38005648185597735	0.2081581808119361	-0.04000806612480921	1.4985594916294724
EXEDEQ	0.19965930175229207	-0.41321738654389545	0.20854224197512744	-0.031607363903120245	1.464890217172705
EXEDIU	0.2178005032256758	-0.47037516091198867	0.2249803415737086	-0.04706469399720238	1.3745356623701217
EXEMIF	0.5168366293451596	0.5250474254064587	-0.2587795685273584	-0.0314610950432398	3.5250973594558315
EXEMOL	0.15846297407071663	0.16362620448286147	0.23787001661503632	0.017973022067565545	2.25723276577358
EXENED	0.9901279258300253	-0.7185241265280424	-0.8868264719176183	-0.3825865794758869	2.4123307133834455
EXIPUW	0.40675404191339304	-0.06703410229305529	-0.001055431394969275	-0.058508072688554125	2.1455153995168623
EXIQAD	0.4218183424556514	-0.05964092920685643	-0.007351677205881008	-0.06047880043810501	2.175322556040457
EXISUB	0.4488577628386512	0.4556603863924465	-0.11132300054202592	0.05087377740785877	3.465593840737369
EXOBIC	0.8274148348789465	-0.4343916770666922	-0.06567955463367542	-0.011471624335397036	2.0142351566915386
EXOCEA	0.8087156282877537	0.3564485899544363	-0.035095459796691666	-0.23765872669026972	3.575290634562287
EXOSIU	0.6827358421579843	0.4581482200501256	-0.21168845670930975	-0.015416112744755878	3.62283006258306
EXOSOA	0.48008007196616376	0.43599766346269064	-0.005011382295425512	0.12376461971797394	3.341719633991418
EXOSUG	0.5058873429842974	0.5289828026965353	-0.008302911105591462	0.14155216820619732	3.620033711227711
EXOZEW	0.486414505882804	0.16186040917358827	0.19701033639150356	0.06727967452962202	2.5719363062187472
EXUDIM	0.4725631309015377	-0.29309830118271835	0.0937625714508247	-0.2809635089547528	1.7786375356449509
EXUHOV	0.6403814660970077	0.10956284299931254	-0.12955288551028676	0.17547214411157835	2.7948975765058903
EXUHUB	0.5387317347320506	0.35304683108971535	-0.13681131673972433	0.17931950321872125	3.3593282615568336
EYAJIY	0.8180057482858638	-0.04240072125265917	-0.38704303404048107	0.10638825780623327	3.138954984008577
EYECAO	0.7088249674345217	-0.4836575838914151	-0.03439422735523956	-0.006147793470607593	1.8292828537829147
EYEFIA	0.5802805564496882	-0.40652066903086814	0.05851303722619544	0.08440330026538267	1.8957575940676552
EYEPEG	0.4597341900555163	-0.14360779263965473	0.14126284722747628	-0.12651179140518193	2.0589720526854505
EYEXUB	0.5039668499215502	0.12032937410192379	-0.20757172476119115	-0.2839962023749755	2.629814209812063
EYEYAI	0.31612890272580163	0.05811705781855149	0.11457513759009874	-0.13184403940282352	2.239050205282537
EYEYEM	0.3172757715419059	-0.1367922492018113	0.016540553990854273	-0.2388832425817351	1.8965449131055245
EYEYIQ	0.5283809772727581	0.35397059774696576	-0.05781948862314809	0.21406375090180918	3.1978408713834665
EYOMEK	0.5177143318442488	0.46392453945169126	0.03519112378932672	0.049010600180929224	3.468939686794602
EYOSUH	0.3844660754887981	-0.17660593686186923	0.2835580886551455	0.13288573704934326	1.9422707683720122
EYOWEU	0.5215720840433509	-0.25373372481606193	-0.07956592415092359	0.4786803141135165	2.1327790026134212
EYUGEK	0.6810276918597538	0.5658886675436663	-0.073161221135746	0.016467967598306456	3.8730524818328815
EYUNOC	0.6733699546788596	0.38029428534634535	0.00039491666853183616	0.2587789559050819	3.5088781251309435
EZACAK	0.48593001779356726	-0.14503371860839215	-0.17160210430734457	0.12002927331391897	2.2727587555644817
EZALID	0.63180051356606	-0.3665441379240097	0.033064399758594376	0.036790322707233515	1.997507985237623
EZAPUR	0.5633140249014277	-0.15823116355202627	-0.11960791681051636	-0.08247420380889946	2.248964901447917
EZARIH	0.6257258906138228	0.22912424998937775	-0.12700559957519247	-0.03298343367737474	2.943854915804149
EZEHOI	0.5619460845643234	-0.07681220505987765	0.05281772788985645	-0.039232242084292296	2.2842022571072813
EZEMUT	0.571199006630196	0.4104899622209692	-0.1575461188262558	0.1570387912946925	3.433824617401718
EZEZEO	0.46585453480845285	0.2395582147721061	0.1989828727555949	-0.13576741584406316	2.685009573523866
EZEZIS	0.6634126550557573	0.3813439567481801	-0.19281693196463734	-0.0902182915246333	3.269836731128905
EZEZUE	0.2840767289650161	0.06600825815975292	0.29072322001636813	-0.3031167274455191	2.201118511271786
EZEZUF	0.39772863720795826	0.24261250875174628	-0.3471925808527844	0.14085536560883372	3.2343452864891677
EZIBAQ	0.26558230764215773	0.15916729187263554	0.31394615325429476	-0.24388890259320972	2.3501012110987074
EZIBEU	0.24318033787177118	0.1524723658335319	0.3300611733079781	-0.20683728820973096	2.270763276427456
EZIBUK	0.19545950182026894	0.11221641642490099	0.1661465874602301	-0.2959846132902009	2.184689479501854
EZICAR	0.23112648229205401	0.10043090763489795	0.2261557356725929	-0.31727718360773616	2.2377884759540243
EZOQAN	0.5237307548314725	0.5388293084452733	0.07522281193723623	-0.05153515027686745	3.5712447272050096
FABGUN	0.5029621313150372	0.415691639159294	0.12636114383930147	-0.15473391741101106	3.1714106765364414
FABTIL	0.27864925106910565	0.0902010171981837	0.09359887394593175	-0.23055597269337164	2.2480278844473816
FABTOR	0.32011057187820313	0.020627307251944865	-0.13801872091627376	-0.24087106436118427	2.2561899462024035
FACKIE	0.4125943706302184	-0.13919673789243497	0.18008089220222234	0.061451812416577614	1.9940826087228305
FADHEY	0.4262254926259157	0.6631139280743545	0.38004925050736277	0.3662244451161365	4.015087870819049
FADZUG	0.6778919602203279	-0.20456929652366768	-0.07246758155386339	0.045969242040000996	2.1965371410635415
FAFNAB	0.2831736912049765	-0.025048744969804602	0.3314105610008014	0.14982785354999012	2.0750142678940002
FAGGUT	0.48582383455538825	-0.2054008472211719	0.08307495634671097	-0.04239547063710092	2.014554384946049
FAGKII	0.5136128233074002	0.7762407822233923	0.257125244743835	-0.08178440069319289	4.116610710672844
FAGRAH	0.4820353845408345	-0.5587460361680949	-0.1476091312463264	0.0562150756506777	1.6516726770519738
FAGTEQ	0.48984913460353674	-0.23904703598778676	0.07897082540397726	-0.11274559195780003	1.8778922256943615
FAGTIU	0.5061132675838218	-0.010357093062818765	0.19203452792287412	-0.15608231282769475	2.351353546196321
FAHDAU	0.5460947409757537	0.4634911387072429	0.3717150242486541	-0.058182019185454875	3.414081791457786
FAHDEY	0.451805661824892	0.29186909690219154	0.23959709207516722	-0.11021849490872578	2.8757700333925436
FAHGII	0.6511720667237126	0.7718622808629422	-0.1490921565072188	0.10578920952437543	4.3493330573879225
FAHGOO	0.8042104612837768	0.38639103816083836	-0.13604671123478593	0.2533019313676545	3.6744985817648588
FAHPUC	0.4554677032793162	0.03721070087853995	-0.19469308745479752	0.114674360298957	2.437855659450122
FAJDID	0.35033245042490924	-0.504108974325552	-0.008175220461585406	0.14127808618530513	1.5799793548286514
FAJDOJ	0.3806756361286423	-0.26010196579166345	0.022762381498836984	0.08227248975625213	1.7900242516708695
FAJJEH	0.4763424737941966	0.4121691842678492	-0.013583915584886808	0.2917762324299322	3.350002543804883
FAJZIB	0.598861836453997	0.17332479311728505	-0.42802828541781773	-0.04040948674726583	2.828267758984756
FAKMIO	0.7419123152960703	0.42333068312632083	-0.10617745351998516	0.20756379957375443	3.775743635160935
FAKMUA	0.6571231522980847	0.06356614388862475	-0.1843744306022474	-0.03817666823277055	2.692923829631013
FAKPAK	0.5158748281146481	0.3292627619234067	0.2462518558254615	0.11998395527507752	3.2210719516428035
FAKVIW	0.504305366652563	-0.3885090297170484	0.0555066014495495	0.049184437567626305	1.7517670415226463
FAKYEY	0.47514251810635777	-0.42410742510787425	-0.025003217018792483	-0.007346253893312858	1.6702220760492832
FALFOP	0.5537574120298183	0.03351930643140124	0.030836879688894744	-0.04301506081690719	2.3784319032484
FALJAD	0.672765450547292	-0.24039706598335633	-0.11539156316772942	0.022198664546942654	2.260473326771625
FALJEH	0.5755564862443023	-0.2577619299067376	-0.13517961827507832	-0.048167426526131235	2.156560747486612
FALJIL	0.6346692861011993	-0.2583930864451378	-0.09545223497376963	0.048535786506497064	2.183699784710425
FALKOU	0.5759339207077598	-0.2864739588956204	0.013039430270022509	0.012301474566300877	2.0201290963652756
FAMHEH	0.5780333653101275	-0.33059714488775804	-0.09448591102214073	-0.1272936010033457	1.846518047162214
FAMLOY	0.6037568633668595	-0.37723436599972	0.056951353973491825	-0.003356486120754499	1.9310742499735598
FAMMEL	0.19903714933064132	0.7062504513284871	0.3008767843742712	-0.01904095518728307	3.501016435728866
FAMTUK	0.5382657275370573	0.539037545971306	-0.07165302799308565	0.06890263153777174	3.672389715026527
FAMVAS	0.5661771565420795	0.489119416677974	-0.16240645416828653	0.04569314417051964	3.6166861322870125
FANDUV	0.3170410756681967	0.6363030007530849	0.4307988830897562	0.09582913650695232	3.5270558373322083
FANFAD	0.4188673787322612	0.4943179899787654	0.19269899994162398	0.01864648995865885	3.2806775204253786
FANFEH	0.4897064724161577	0.24502393481492984	0.29699378794298625	0.13040912144634115	2.9724648772500313
FANHUX	0.49245316538975636	-0.27972419169918045	-0.02350782459708363	0.06096326466247079	1.8824915831517828
FANMAL	0.3463267161967378	-0.0095472801024454	-0.18791709725831462	-0.4823108397339482	2.309358080331955
FANTOF	0.4358155918096882	0.11661315376585599	0.21441727078586797	0.08756930927326728	2.538837980981971
FANVUN	0.46232325454997447	0.5987280391244777	0.37402425119112037	-0.05087099250001896	3.5948234714735987
FANWAU	0.22604323538360793	0.08461428385509787	0.032982798434041574	0.181633833410971	2.3655582397115227
FANWEY	0.743855537666934	0.26336961340708875	0.052784406302499975	-0.18829245680379725	3.1595073670896636
FANXAT	0.5168973122356633	0.4759320401631357	0.2170784349023615	0.24926954597898376	3.4706121105574748
FANYAX	0.5082049576188945	-0.04491515404777728	-0.2556930171979148	-0.015725796158305376	2.218604920788845
FANYIF	0.5176559946692478	-0.04029715480602844	-0.21124889981224956	-0.017497097890332144	2.294081089636476
FANYUR	0.6304233124635745	-0.09619632016635878	-0.40567848721866473	-0.06062966644694294	2.463916968188747
FAPKAI	0.0668432667091241	-0.19863117193462376	0.01545066159880551	0.0812115593601179	1.7047083045208806
FAPKAJ	0.4704920463708939	-0.3740636044879425	0.06041461105198587	0.04952144839296532	1.7676147918433884
FAPKIR	0.4458674948986463	0.5147180542677746	0.4640652377200871	-0.08139164319867662	3.510300990479536
FAPNIB	0.5405368536206163	-0.12213446401723614	-0.3200712140658114	0.1300473261840725	2.257088393237772
FAQMES	0.4859925379546919	0.17446351501024937	0.2592223785870473	0.21152020292187756	2.745852522983014
FAQMIW	0.4320408623835048	0.11023664460579091	0.1164075358743217	0.23830297085138558	2.627327918132643
FAQZIH	0.616287987003612	-0.3443250629470772	-0.0734663243819621	-0.013969097054114511	2.013506106417116
FAQZON	0.5432075756519827	-0.3588123565327342	0.08154872286875767	0.042698435319012525	1.8217717867374916
FARWEC	0.6451900860262647	0.10827585155124428	-0.3639030894330243	-0.03046559677096012	2.690206329314393
FARWIG	0.8344589933749216	0.17155977559927113	-0.6057540747595088	-0.12136704406711053	3.6001676680512116
FARZIK	0.608572660803234	-0.4462712784719338	-0.15457919036692414	0.03646051033522471	1.8888675967752777
FASBOS	0.691578862849477	0.4111107306577421	-0.3189595006858307	-0.05516801491851685	3.497815031612616
FASBUY	0.6859442862968548	0.4117037520798655	-0.31029164242536744	-0.057525638488566774	3.48791841966819
FASCAF	0.5096399739920292	0.4212445676142276	-0.18698838543151702	0.08846068693647367	3.4179677413727942
FASCEJ	0.6881300263920167	0.4118356590399714	-0.3142355085365414	-0.05539859208869201	3.494245376016985
FASCIN	-0.8108106018905388	0.05126057072731427	0.344309659241993	-0.04689630668343235	1.2043663264107283
FASGAJ	0.630374479515087	-0.5204557365128823	-0.0704637494150284	0.15562728261482428	1.6485017476386423
FASREX	0.33507362052873146	-0.3049748570171914	0.15840814166299777	-0.1333066510934794	1.791225922405079
FATFIT	0.33625478583496715	-0.21307999564502325	0.1633776374491114	0.06017759485879065	1.951291669187329
FATKUK	0.4952514023380168	-0.07219827834000542	0.03635388691207167	-0.15390917218181366	2.2905704646421823
FATLAR	0.3099497637463622	0.001771913943041513	0.18806930584835013	-0.1893070249042732	2.1916707775317295
FATLEV	0.3949073621625061	-0.27885509828829524	0.13477898418097914	-0.1435943410056324	1.9060944270423237
FAVCEK	0.48717804537385323	-0.388547168126893	0.12364752980890001	0.21380752437981398	1.7532624631163083
FAVGIT	0.5407131060722206	-0.5576835750183137	0.04605438879637544	0.05775488711893492	1.634766685738535
FAVGOZ	0.607547938977925	-0.5014925075775045	0.00352265627236395	0.018375368183514134	1.7336584553296768
FAVGUF	0.5662233236129426	-0.41992176879701204	0.04357805684529904	0.03446403926051044	1.8225866762171514
FAVJUH	0.5210783573089364	0.04195853650946477	-0.21300570280908054	0.18378095191618654	2.5322942900097236
FAVYUW	0.36558327978583094	0.30340393959918144	0.46957769196890264	-0.14098827574503103	2.7952018377571615
FAVZAD	0.4024693443319478	0.3519274581364617	0.2785446374569311	-0.06860187651911354	2.9124985385489133
FAVZIM	0.3659737692644134	0.1197041838536064	0.25960833911606734	-0.1879032330266388	2.368088728513542
FAVZOS	0.35777962803732066	0.11998132558022517	0.25624927484110344	-0.17130213595889132	2.374985899944456
FAVZUY	0.27580980962710155	0.03232844458981383	0.17901592495672775	-0.21835380282415073	2.087787556132981
FAWXUZ	0.35559293504381895	0.3185959449439011	-0.052077733701797066	-0.16266385547094903	2.6773513636965265
FAWYAG	0.5595041776789156	0.06131347875322182	0.17445807332705304	0.07104217704864202	2.499944204327207
FAXZEL	0.5966191024696714	0.31134433875940215	0.3294541024499856	-0.15036611016051254	3.1319818612879167
FAYCEP	0.5654917624431688	-0.3327572770701556	0.05682763098815846	0.15407117546199672	1.973327581451351
FAYJIZ	0.6785119821703756	0.8064938913639784	-0.29381159918914984	0.2717257736476721	5.294576206279689
FAYNEB	0.65893112108352	0.41156444809631837	0.2758470693195096	-0.17484121444837453	3.602074911500448
FAYVAF	0.6665223937594709	0.4342464901374082	0.22279730160243771	-0.10256582847909389	3.5903037490117176
FAYXAE	0.7270397454780486	0.40363688034225176	-0.5023093202650548	-0.328170317350973	3.9241510061095264
FAZSIM	0.376688469255269	-0.0078946892617637	-0.1258722658535803	-0.3138387540529007	2.0964427427675902
FAZSOS	0.38597845372702366	-0.051668344425282633	-0.14563238933722794	-0.3242741889413762	2.0359682411546136
FAZSUY	0.41863840173862243	0.017725500014426833	-0.17716064980452642	-0.2863687606938672	2.2850307535798615
FAZTAF	0.49558826868447614	0.26933169909400506	-0.10178377535106903	-0.2783242996174087	2.874673129635404
FAZTOT	0.4997808147697489	0.18344946051113648	-0.5305845575802289	-0.5296018995505888	2.9678958340327792
FAZVUZ	0.7799013196806488	0.5043120780268475	-0.09897773209128215	-0.11300148532153069	3.934743924569262
FAZWUA	0.5709232377114235	0.3458319387685887	0.14331317665033824	0.2574278205884568	3.367388489741778
FBGLNI	0.4673364208200317	-0.25505754778571027	0.15178831243147858	0.16517741405120723	1.8603608798534519
FEBDUP	0.49502137473012375	0.3542907283525722	-0.4020692523244743	0.12492803713552732	3.9878420165281763
FEBFOL	0.5554076855291852	0.3650165440119848	-0.44290329234627124	0.03307234777603464	4.071651732226687
FEBKOQ	0.4576495411953001	0.3267197094905236	0.4637496928037843	-0.07799640958317952	2.9111293039389814
FEBSOU	0.6691875410630619	-0.4681176655189875	0.06898772561329441	-0.04793884528110799	1.728393707545072
FEBSUA	0.6429697236663738	-0.43794072182901184	0.122566193039783	-0.03754424479672697	1.7671739180554409
FEBTAH	0.7612835146147301	-0.5383424376701285	0.02644729984621215	0.13708642202234372	1.865173151235481
FEBVOX	0.6233111440587091	-0.2669581484936655	-0.08830710931215557	0.04193008598547958	2.1635951675033134
FEBVUD	0.6135447974013726	-0.33031652850945775	-0.05463789901827862	0.06158916862796163	2.0512527409045487
FEBWAK	0.5876371569654015	-0.28042301832224636	-0.07020055038984503	0.06725253705556578	2.0957090860638705
FEBXAL	0.49836958313360213	0.29290154511029354	-0.12689209198675722	-0.0001410251549215022	2.9940598232712174
FECCAU	0.41069458688765437	0.7566641753270782	-0.2178096837291205	0.058712129975393344	4.024366623842076
FECCIC	0.5596685553403979	0.24745381266863176	-0.011074104687660069	0.14463837409504815	2.9766945475646938
FECHAW	0.4443024236688409	0.039144572894248955	-0.05101663402272938	-0.18839138933481447	2.307303667588512
FECSUC	0.6209833755714449	-0.22872985156816017	-0.23272247384583641	-0.15092041378306004	2.0927984854460386
FECWUI	0.2725360385652422	-0.38316378455157163	0.17037049741284283	-0.13723837259370358	1.543650617233503
FEDHUV	0.6377215093440372	0.2314751742339029	-0.23038452911169283	0.0899317539616836	3.1233669935649955
FEDJAA	0.4874662031685988	-0.3687734594310514	0.056204137641003044	0.05161271942230525	1.7905219843485491
FEDQIR	0.46962391495523814	0.05613651592560592	0.20241594223492027	-0.16635405729928177	2.409925054084717
FEFWAO	0.6865327989583809	-0.19663375633087957	-0.2309397818380494	0.42515346683043587	2.6899609943141893
FEFWIY	0.5013501397981699	0.04306407552312244	0.1451410081373041	0.008027370004764986	2.43047218052205
FEGVUJ	0.5439362536967582	-0.6281167278383368	0.07401384632989613	0.09467700723042435	1.5175264161180846
FEGWAR	0.5218091202949573	-0.39103755374284893	0.12870969677482313	0.21714216288745242	1.7763406861574984
FEGXEV	0.4006002133861042	-0.2318750315919784	0.1783003202685347	-0.1187923952147611	1.8096586604788043
FEHFOO	0.6631771308987684	0.0010223924888151693	0.04720742899529637	0.06881011639380488	2.5784230865751248
FEHFOP	0.5454092754178577	-0.3182456770648371	0.26771391404723077	-0.17329624273886163	1.8655435517017454
FEHFUU	0.6657816111001909	0.0068622679608086636	0.034959784050542064	0.09074454273032297	2.614944773011854
FEHGAB	0.6245206078965486	0.21408588564741113	0.15635678805814487	0.017733751421743715	3.0306777219523298
FEHTOF	0.8781145315084862	0.39655536059131324	-0.2965319535669995	0.21320335144867691	3.8858203573066463
FEHVAT	0.7078923844011431	-0.1383421355727309	-0.05353539089817719	-0.42880769699388677	2.3262635010437864
FEHVEX	0.7059639646078759	0.18780394744906442	-0.04315672306654611	-0.17959324149405997	2.9736564160245833
FEHVOH	0.7066654962449741	0.18819714902718887	-0.04338358873548508	-0.17936542849625908	2.973061479527908
FEJNAL	0.42928632559626845	-0.023777745093880993	0.14696973932291013	0.07371411783215887	2.184874625732835
FEJPUI	0.6565698431988887	1.073757821101776	-0.06505533698725859	0.2147837709011124	5.577232735037656
FEJQOD	0.3986135714369068	0.03301628007266437	0.02102443011719643	0.273962242968626	2.377409887374976
FEKNUF	0.552923424342266	-0.1348311418235068	-0.14338850436462097	-0.00035370728100017623	2.1575195056039242
FEKQUI	0.5452782755929775	-0.3794474651445761	-0.008216688530890387	-0.02397640824677961	1.7576222981002518
FEKTUK	0.5604530959118641	0.36358634615732205	-0.04644842570926649	-0.02338636845059855	3.113152192161914
FEKXEZ	0.43534043263380084	-0.6596281107931989	0.013588807624217394	0.16075010310028004	1.4587635334309252
FEKXID	0.5450931287174603	-0.5413011002749947	-0.09589480422994731	0.17335849066768216	1.7353831152782946
FEKZOK	0.4030997167805497	-0.35836442356363135	0.13023466294277528	0.11995581450050988	1.6216256560474824
FEKZON	0.3933567923346697	0.21869946288906986	0.033812277074901934	0.3942346507976337	2.8989082940884794
FEKZUT	0.4483505708795583	0.1917636360260746	-0.02988856830615224	0.3648478573922993	2.8800525858330115
FELNET	0.5339637879011496	0.38578394448091075	0.49041025309294906	-0.04252789613886403	3.2622040428761787
FELXUP	0.19474111851416254	0.650302485252761	0.2532150943669097	-0.09683957930979882	3.408329052034572
FEMSUN	0.439247252652498	-0.03749002028836304	0.4086581900919074	0.16191070926797513	2.236302325593106
FEMTAU	0.5215950152020161	-0.13151371512956647	0.12560297930622571	0.1584612850124213	2.1833011603787233
FENCUX	0.24407638261793796	-0.5806072042933352	0.22308420545846092	-0.017522051367086178	1.3045762298951598
FENDAE	0.23176649164237473	-0.4884804610192661	0.3005165869942693	0.05019996364272561	1.4179573865635413
FENRIA	0.7855311467327821	-0.44560855112775316	-0.040783874142058814	0.0071657105024126345	1.9740163246449725
FENROI	0.5137844201920609	0.12883553679455423	-0.17968841825447407	0.03935133416238496	3.092483977727085
FENSOH	0.5216872708913387	0.2079598464734688	-0.33567571474148467	0.16563289602728976	3.03756716223711
FENTUO	0.49531751024055737	-0.36986447501110137	0.06603748572786378	0.18932014176637896	1.8749931221258413
FENXOO	0.3196252068699965	0.3862489430913393	-0.09052577755732315	-0.13929130690261649	2.925247424633472
FEPDAJ	0.5194093174382974	-0.39572576794198333	0.14832498747584033	0.2215289795242253	1.7706756212007693
FEPZIK	0.7746767404689514	-0.12184577445719653	-0.2013897347206583	-0.1759726547091804	2.4132810280382087
FEQFIQ	0.4367483190924517	-0.4095763936530101	0.019492539610483584	0.20264550937215625	1.6688141592410661
FEQKEV	0.35420508695673547	0.535987469956508	0.3231235762798848	0.1407555405089354	3.3524588947830534
FEQLEW	0.5483420937749139	0.32861225485503476	0.11425116710398889	-0.10044170295595266	2.96567359670149
FEQLIA	0.4433823057609487	0.2929083436439114	0.18975515867696674	0.037612976936358095	2.9060134803438644
FEQQID	0.6125704526916165	-0.28067818727500704	-0.2467836349646539	0.015897599265617346	2.0674311595952997
FEQTAY	0.5386445445072621	-0.5261973462122417	0.029074574236553213	0.02183229365461878	1.6842147147599074
FERKUJ	0.6397489031783401	0.16488929939087438	-0.11079819580079998	-0.15537252229229548	2.8405786394682435
FERWOS	0.6825453584686656	-0.3469838805169508	-0.4700369938612341	-0.054036732297843185	2.3765379135299805
FESFEO	0.8906841519887809	0.3132661205759461	-0.654154409383203	-0.277601913693123	4.119838211140459
FESFOZ	0.559148085497922	-0.36033768422212026	0.24702965129366877	0.28248555033048084	1.8799786721742382
FESFUG	0.7837264937039095	-0.14123429793183995	-0.31293458871436086	-0.208364285545326	2.383269332891789
FESRON	0.4350191004691153	-0.3981463875782752	0.024561200119818757	0.17321204087047287	1.6816536392321868
FETHUH	0.4765514191886018	0.42762700708633034	0.13614334243682308	0.23543325745494392	3.399516072789508
FETTAZ	0.9043145200985201	0.24281307171142952	-0.6512811491920192	-0.21910290028913104	3.8980177811472805
FEVMUP	0.855007126025753	-0.22218769338745786	-0.10172500895737303	-0.12248874244351109	2.459241929578925
FEWDEQ	0.5111303846158917	0.01968807013498248	0.06416613348768169	-0.212171594573961	2.3262270419635174
FEXMUT	0.528228986699439	0.12378943102946877	0.10725245772918807	0.17423885896142738	2.6418900299058414
FEXTUY	0.5380080174104158	0.7239021956106629	0.06971906243346052	-0.004454795454079719	4.102186755297209
FEXVAG	0.7229563701251269	0.8773215092812983	-0.10781343940554511	0.04443989645963996	4.874906673902968
FEYBOC	0.4791366551121845	0.08414321773635688	-0.15305091664619497	0.2370687174790334	2.6302692612368093
FEYWAH	0.47888369357124905	0.5157892307539378	-0.07630885921079439	0.38988800517273886	3.882762137215795
FEYWEM	0.7881193080814608	-0.4675602717976579	-0.01030675384644561	0.05284690752348452	1.9429523311772052
FEYWUC	0.40810804830127534	0.5396139185235873	0.16689562027868246	0.023583466391263217	3.352965645140915
FEYXEN	0.7150476781224482	-0.3949591860720954	0.018099752553082715	0.04260929821217398	1.9686527577824575
FEYYOA	0.8818015708853482	-0.12995097434241965	-0.5081021661132433	-0.16023933258495948	2.908435720178505
FEZBAR	0.49458087372815296	-0.22459981698555165	-0.32573358063262164	-0.08181256395747584	2.0979633090325187
FEZBEV	0.4907016606499761	-0.25094919859179254	-0.3244895448237092	-0.09272065117110308	1.9517988804916793
FEZKAA	0.5255538189044717	-0.3809645053884976	-0.0861325523925072	-0.1740592163205042	1.7917873480010866
FEZKII	0.4888806122205107	0.2705914574910677	-0.21327623594980913	-0.3427428690819693	2.7639766682821936
FEZKOO	0.38957264228375177	-0.012353629256449887	-0.05966919505498662	-0.3356850280068098	2.091762949161795
FIBHIH	0.5086021114958665	0.564427836554677	-0.14958501157825904	0.06586426729349604	4.155468709802807
FIBLEI	0.48899310688680053	0.3191939491211843	-0.14037756133795967	0.0979990549422501	3.0392079272704775
FICNAK	0.29572374970130344	0.31417097922665654	0.2099765843824154	0.14736378068895595	2.7677172858686423
FICNEO	0.26894379411886415	0.28234874217470757	0.16535914939926885	-0.09036001370153242	2.5753960099218203
FICNIS	0.29644396513210314	0.3134412861207404	0.21062752395746065	0.15197948220811502	2.7680969073644355
FICPAM	0.34637689380215564	0.5120180141313252	0.0797112512277236	-0.15510855170830684	3.2553728471594185
FICPEQ	0.3008167471134535	0.3482422517782782	0.1965981951863699	0.08475642043408091	2.8562116535385065
FICSUG	0.6170675557196095	0.13953528667225953	0.14127690278007715	0.03476953801620665	2.813737714157949
FIDGEE	0.4163831380059504	0.3171504870749518	0.48475013976890513	-0.08383508281532705	2.859995887594189
FIDVOG	0.8494158533870833	0.6151560491341346	-0.11206221826685163	0.2567281003234522	4.504016564489091
FIDVUM	0.6706016181896928	0.6906704561700997	-0.06840258776097555	0.2326523085691945	4.2978703111504695
FIDWAT	0.6686605254630251	0.6907262447508079	-0.0683384517427411	0.23478517690337064	4.298148782105136
FIFDOO	0.6522961726487662	0.09766425293499931	-0.14311746808231107	-0.18048782077444486	2.6793175244012066
FIFHIP	0.2977303257417607	-0.3117219927809385	0.2902952713954397	-0.2084498231543449	1.6385247513381385
FIGHAG	0.35267186285619756	0.3876731411087038	0.19369016343592527	0.07192036370239725	3.042898045489544
FIGRIZ	0.6155655304008931	-0.16095451298685068	-0.13254743776338795	0.06704165813734234	2.284941666798885
FIGROC	0.8835537426922739	0.3916747265072629	-0.7159327233994901	-0.5709732311469944	3.7491352367218544
FIGROF	0.6488477945731717	0.2543937817359442	-0.2885395971905248	0.32127947807282065	3.5318837762896034
FIHNAO	0.2815911173426646	0.21043817488372316	0.2523254988183879	-0.09614830952975782	2.5378860665500222
FIHNOC	0.28280718986925635	0.21032777970746694	0.2570979257655279	-0.095106034527169	2.541349264741145
FIHTID	0.42734397640611466	0.7825819115464798	0.2704150990423213	0.24311344933956147	4.213338759160726
FIHTOH	0.39001730660013223	-0.1603857657991248	0.15161129892351546	-0.2867891856727309	1.9989085795848442
FIHTUN	0.4063729287208089	-0.15610933010050096	0.13013746140711258	-0.31448227153099667	2.0218111021576024
FIHVAV	0.4333217968820433	-0.1569371781577833	0.08884838945766102	-0.3148979352681743	2.080613327550224
FIJBOR	0.5175597294281866	0.014302812359631704	0.04699182521718495	-0.04663267499946051	2.4259380841680915
FIJTOI	0.4693908122897197	0.18236757400716455	0.1615202472614327	0.24309253331829284	2.691431956541133
FIKTUP	0.32592838937034463	-0.560455912018406	0.07997526151954487	0.21671543756314876	1.4660872831031624
FIKYUV	0.6190963471019213	-0.6833850982570698	0.10352452556165737	0.0019359327844150793	1.4770488278607883
FIKZAC	0.5951619072781185	-0.7286993145720317	0.11231844585270018	0.01047040366898434	1.4021193667064173
FIKZEG	0.5948159075068595	-0.6821373506027681	0.03779466641250527	0.09410775143082434	1.4432771718348971
FILZOS	0.2881804848200624	-0.00769461633206216	0.17898015144779233	-0.1253927330948879	2.069125065579427
FIMCEL	0.44756995803904953	-0.728293084234872	0.1764561454887048	0.13986716500494778	1.3557065646939988
FINKAP	0.7990926708873873	-0.41532234549492286	-0.04128799419347205	-0.011473759541164003	2.0524182404764164
FIPHEU	0.5453498769010992	0.27425201351466555	0.2304255561117668	0.22834124219923413	3.076991898127993
FIPHIY	0.872785736411335	0.2567403570424511	-0.37887900002640607	0.06337838673451751	3.463435614104321
FIPJOG	0.5180547614877984	-0.012785118260165979	-0.225104682991808	0.09787049922979144	2.6634569439510236
FIPKAT	0.5182487045449031	0.004423457932091271	-0.21881397691473567	0.17577723204854961	2.7678520726524014
FIPVUX	0.6057406183549778	0.37898761510411544	-0.19724258754192675	0.10951511045749711	3.638414717964965
FIPWAE	0.5124379954601146	0.4296730175115073	-0.09160223363204725	0.1627524684911162	3.5413103768771554
FIPWIM	0.6135904650417103	0.37338226518037326	-0.2156212832241214	0.10217056785219582	3.6170497004058126
FIQCUF	0.4213023626917831	0.308528785950674	0.1892815685349522	-0.0930815756634076	2.812379296195026
FIQVIL	0.45513441610475613	0.5218716127528931	0.4585996105270874	-0.09980741949087783	3.5307025993968786
FIRCUF	0.49521108496810307	-0.6788092018496645	-0.1694650866263142	-0.0965196320856144	1.4085799946814748
FIRHOF	0.8630847435185736	-0.8227526769188545	-0.7647074426020687	-0.08285600310840648	1.9709011863232815
FIRJEW	0.5183433001173423	-0.39013989881702726	-0.17813830460304103	0.08781380749732265	1.8493904293934877
FIRNOM	0.5427913776839963	-0.029075075540058996	-0.06107112656995131	0.16490067566588396	2.351983416877611
FISBEP	0.39607186741726697	0.22778625570886324	0.08159872807690818	-0.11633088056376405	2.6260921664899763
FISBIT	0.3928555406545202	0.2369763037814025	0.08668267073609773	-0.00618410257592876	2.639300718895126
FISBOZ	0.40027827768836133	0.15514596185402948	0.07135168122187713	-0.03493024715474262	2.482690322047799
FISCAO	0.7059122915850633	0.11078157857936177	-0.6206633140322498	-0.20201605399276995	3.2568371540506664
FISCOC	0.7278255128967244	0.20848288349582828	-0.8642274634763619	-0.5004050949879084	3.6040530340261103
FISGAS	0.5771307084348134	0.03619077134968947	-0.34255591165609484	-0.25581266322379287	2.589809630497401
FISNUS	0.830071531393755	-0.30090062978894416	-0.08751641413515117	-0.07890713398971141	2.195012111861666
FISPAA	0.7603169495509654	0.3851610995550462	-0.4132976734551261	-0.05789381609716429	3.811967127218729
FISWEN	0.3000209233558757	0.05612207872539279	0.38913889642529126	-0.17884366506197313	2.2111200049228503
FISYAI	0.4256268786157893	-0.16944837695169374	0.1636596439172431	-0.17773579382930055	1.9615302325836943
FISYEM	0.41709735792821956	-0.15667094815322977	0.14908508887886762	-0.06746680684149568	2.020070691454076
FIVLAA	0.5606618782746873	-0.2588766901646498	0.27514993310476576	0.08343703977782066	1.9957854611812893
FIWJOL	0.7147880450450605	0.34956091519082844	-0.10766071288612704	0.12772685203291728	3.5614747737889676
FIWLEE	0.5319362351066443	-0.17680244900056125	-0.07433349623090243	-0.3479789360312049	1.9940662388579735
FIWSEK	0.6938752451711956	0.1230833678020215	-0.3356509403884681	-0.1048104857847436	2.9025688646484107
FIXMEF	0.45625030360981444	-0.2836990460408436	0.22681842352308618	0.0694703264848219	1.7933903028597935
FIXTAK	0.31632165788384237	-0.26231322679612296	0.003076375941062373	-0.13708958954311928	1.768008017485639
FIXYER	0.6985897948667157	-0.0037828043275865315	-0.18861045299046136	-0.11772862131018579	2.704678146679414
FIXYIV	0.6245328161691832	-0.2679436394552636	0.11867221524270752	-0.022288064491671707	2.033661225942898
FIXYOB	0.626171696752766	0.12253520608342783	-0.12059143565756081	-0.16930008567999916	2.7462389327211296
FIYYER	0.4746286957370254	0.585627411147161	-0.24812033423395652	0.19936832377497915	3.888743196172647
FIYYIV	0.3634936591155222	-0.3247688990525886	0.1950669961196505	0.33296723630507846	1.742492652507469
FMBCNI	0.5485029343049916	0.8713159070166576	-0.5139969022595601	-0.5908550222247126	4.256038776327517
FOBDIK	0.7160901912731159	0.3454219480561015	-0.27105761888744345	0.1663330683917087	3.787462058181687
FOCGEL	0.633998366984649	-0.2879981713190255	0.039951147513283394	-0.0034480795040455516	2.052171205453936
FOCGIP	0.74810234151618	-0.3989796627995659	-0.018293251485048942	-0.08534169530456102	1.9356547986986292
FOCJEO	0.5007176528017254	-0.5614605741348021	0.06301170861777891	0.06940550480309922	1.5915100752184803
FOCKIR	0.7337558763275975	0.026550724692162513	0.004952187301798139	-0.22049495949729264	2.671332525634441
FODHUC	0.6577634820425073	0.10138804857044077	-0.09792212952223457	0.07386113822711411	2.758658140120629
FODJAK	0.5826528979353638	0.0855642806117162	-0.10862675030175559	0.12785080274779836	2.6700129530905756
FODJEO	0.5820974417158062	0.08526573032844803	-0.11159306282150255	0.1281181699200514	2.6696029496308413
FODJEP	0.7033026033030918	-0.4412969990490402	0.01745136278952368	-0.04654160695384056	1.8409345945597564
FODKIS	0.34260327458889384	0.13884387652597932	0.10064906264877954	0.12145685636357931	2.4333782766170495
FODKOY	0.2989727248714278	0.17511030527927815	0.16701177506786336	0.07039377027405386	2.4163150827114044
FODLEP	0.8212586469413656	-0.4791262596387	-0.034363416099623026	0.029315035007681466	1.921101013060249
FODLIT	0.8502850228358865	-0.45702906520499215	-0.07925338516043022	-0.003464425703969678	2.016280291179719
FODTAV	0.6680195834237681	0.5433342288014409	-0.06966568728713524	0.05464035224304224	3.783391553619594
FODWOM	0.6580120670918932	0.12622160879016062	-0.37217515357191516	-0.04311253911750265	2.8549696159463065
FODWUS	0.7458065595600907	0.21686748181712523	-0.3765198828732249	-0.13182700408184989	3.232443948078778
FODXOL	0.4919445878616111	0.7880944997578041	-0.0654305855030221	0.07871303408214406	4.6097292979679265
FOFFIQ	0.2167822950688567	0.205220154927863	0.1042203885874716	-0.11534605301279956	2.2733762608487647
FOGGEP	0.6845129402977452	-0.44412324204650017	-0.19447188673817517	-0.018749046323916697	1.933757041195372
FOGMOF	0.5503064427336	-0.039205040528631906	-0.05426201921925293	0.18597017606516275	2.490305726801524
FOHHUH	0.668373481858981	0.4131495257290188	-0.20120366156703653	-0.01749525310581798	3.4367037050917477
FOHLAR	0.6431794990455648	0.38608501332195044	-0.16758708224953858	0.03810106717659137	3.320979554629323
FONBAM	0.5956169090456092	0.13094447128245926	-0.040773850447434194	-0.0408144171488332	2.6708419489664794
FONNEB	0.6608298350727013	0.11172656871319236	0.01455403874212477	-0.003612651629355028	2.7389155033289176
FOPHOJ	0.5012191764605491	0.20298647832238265	0.11207134658447174	0.1295093037429188	2.7843261782292736
FOPJOL	0.7275414285020299	0.2869536245961875	-0.5470084768483351	-0.03199987069332405	3.5514514593113815
FOQBEV	0.4191145286031466	0.018280769528564535	-0.003347051652980687	0.3735075075895226	2.4156029771771097
FOQCIY	0.3871494800476549	-0.6180119677142379	0.13014357357037123	0.1404030181687263	1.4537300354433762
FOQFIC	0.5528968932106677	0.1842287375456855	0.07738289090955838	0.2128588131505234	2.9069293985081552
FOQGEX	0.4228370893051663	-0.040817236100564216	0.1824537354874351	0.07670139695863573	2.226209632881846
FOQMEF	0.4607248559906596	-0.30616813841687884	0.25619239614598643	0.09406798216312912	1.7721248825394813
FOQQAE	0.567496117278095	0.036447965260525766	-0.16781779908227235	0.2908818228726936	2.760435898047916
FOQQEI	0.4619762512939465	-0.12683635014865083	-0.2369540858219652	0.22547905556267195	2.419977475680358
FOQTOV	0.9100818451665376	-0.0858198895567712	-0.7780072308819919	-0.27787878284464174	3.3378880113123452
FOQXIT	0.4798113728126552	0.15485336088425666	0.0010748084829077936	0.011323526274781967	2.479559769683668
FORNOS	0.3334587768284112	0.098761916236975	0.2764320807024183	-0.17144236219703513	2.2721019956371946
FORWIS	0.6099561101959665	0.21805326055440674	0.03501168788161686	0.08078845634449994	3.0493224600405826
FOTQAJ	0.800356763600746	-0.2433479265162128	0.015289050677219335	-0.09253643178809808	2.2023114695880848
FOTQEL	0.5479974924709969	0.24659265792735569	-0.2867012404940392	0.14403233425624787	3.2019186122974
FOTQEN	0.7983956432670425	-0.22018849997022513	0.02139053067639897	-0.10074584267907584	2.2510072107151355
FOTRAH	0.8594804869807602	-0.1585873927882788	-0.26173635418752605	0.12996464405712374	2.6119315958255496
FOTSIR	0.6856278532724138	0.07161414282152934	-0.042134543284462984	-0.019477717202744382	2.7186782092857062
FOTTIS	0.5066946778029804	1.1320280435870362	-0.29724685353105484	0.12908331911058782	5.649404100420818
FOTXAO	0.48632683180200065	0.16022768352222125	-0.16724904432808615	0.17805688344053205	2.820473516696056
FOTXES	0.33451384443677146	-0.10566563997627144	0.09226917511143487	0.03133761793845291	1.964321986804592
FOVGED	0.6021496236864765	0.50509824500944	-0.10324533662380272	0.2808758375371028	3.94630151010457
FOVJOQ	0.5315308897209547	-0.3924536662475922	0.09931042638953522	0.10468908995516259	1.8257570104076803
FOWDIF	0.47855453117348024	0.13787057808599948	0.14151611732715666	-0.05898044738795673	2.626022958539971
FOWGOO	0.5601216380849428	-0.2965065739438955	0.21450342205713174	0.11417390938037135	1.9828467343040868
FOWLIN	0.517077307996404	-0.31624125562838035	0.1312408968521706	0.13367605107542366	1.8825649179015915
FOWWIX	0.5462845573558859	0.2706811502574144	0.08105822302512375	-0.3356302459962134	2.9114253570149202
FOWZUM	0.5554306542444847	0.8329193507756734	-0.10546895744339867	0.23663243360233477	4.679442590237091
FOXMIP	0.5117063758996423	0.5836210361596129	0.09475583029935675	0.06331039883594206	3.673865298691323
FOXQOB	0.3026699349105342	-0.643326401800788	0.18972974855427854	0.1264813016179518	1.2864685304748706
FOXSER	0.5215542278543106	-0.3849691993476958	-0.2963060876087231	0.2008922807688045	1.9456707749021784
FOXTAO	0.5855735000524813	0.32303354595317446	0.33670393887893657	-0.2860051991886803	3.1868210174972
FOXTES	0.4894459372548905	0.9003275493619356	0.28159202965277136	0.2374427870857671	4.706915810377501
FOYDAZ	0.5477171663436362	-0.03241271099185522	-0.10369689144926716	0.09045916655682695	2.412623243630204
FOYJOU	0.39978484332171416	-0.1513437615781696	0.11805075819042307	-0.2882820659586865	2.0364229662058477
FOYKAH	0.1460468221816078	-0.2534139797756166	0.19979129431696918	-0.22241810129133915	1.5963633507677117
FOZFIL	0.4918815758422985	-0.03434934250895671	0.16823690740170238	-0.21083166622533184	2.325098917138265
FOZGAD	0.5098497089237748	0.46429395832620124	-0.07070900702075839	0.3989706711127512	3.67439033629436
FOZGIK	0.3287233594563297	-0.02120292486947305	0.06427323068411017	-0.020715200167232745	2.2231424629419987
FOZGUX	0.44574858538342443	0.45624200149681454	0.031048172681504158	0.13536644660020197	3.2782369066978534
FPYSNI	0.4164411328586439	0.20554666857638598	-0.013879846236255627	0.3426645165656826	2.95945969974956
FTACNI	0.5019346278863885	0.12138941411811563	0.0685019857698117	0.06933673053156957	2.686839758447237
FUDMIB	0.582109240389511	0.4289068943557878	0.20278162416353035	-0.09138119805360834	3.4162327770270475
FUDTOO	0.45429256451685873	-0.40790363848499606	0.08286288600976544	0.14439668471735706	1.7670839313319289
FUFGIW	0.7441076846862371	0.23045911598269486	-0.07609954727686274	0.23640582526454312	3.270738116473645
FUFHOD	0.5846909087528855	-0.01619397143803905	-0.16025816888397149	0.35266830839760666	2.5168189796376366
FUFVOS	0.5717140076024814	0.3602007960346718	-0.08252460398731468	0.09276725691058296	3.2837350459039247
FUGBOZ	0.6477238543820709	-0.2966405179080315	-0.024912264414754248	-0.0033242444638496814	2.014683367853001
FUGCUG	0.4469184472721244	-0.5540567808808207	0.05703266402128973	0.06814361545967369	1.5773234808643597
FUGHAS	0.4545254586029541	-0.43244278153213495	0.06340345941309278	-0.10245126440704812	1.6391044265753871
FUGSOR	0.2565087442207816	-0.1558889338852318	0.0335550105693546	-0.227499587744727	1.8729857305049626
FUGTAE	0.2022058285918087	-0.5740587668561039	0.03313185314985051	-0.02247552239354169	1.3911750308693993
FUHQAC	0.4323131099088684	-0.622755044290102	-0.08546836724027213	0.09371467105187634	1.5383290689551323
FUHWAI	0.4618972237767611	0.4638747945802332	-0.05160306634215381	0.0680183883520852	3.319081041743129
FUHWIQ	0.6438194302374072	0.25441252754344906	-0.14493945466653213	-0.07537184874896309	2.9954345439714416
FUHXAJ	0.43464004602945305	0.30271220434414087	0.4569938376646704	-0.07399971347004185	2.8221792657005884
FUJFAR	0.49266209484366197	-0.04858444193551506	0.2881472824857535	0.11424848044249679	2.347113430927107
FUJQOQ	0.5769439158941934	0.6005438670697774	-0.06425102981700401	0.024571377735922828	3.9073202694919638
FUJRIN	0.492678743456719	-0.29588849514387416	0.1513591416438147	0.041888284168219825	1.8429462235657113
FUJXUD	0.32567813115963107	0.11750786446197548	0.265100407960384	-0.3713068514370764	2.3329008773496684
FULCIZ	0.4135134407811929	0.3659922606322618	0.29694712015791086	0.05111573979097728	3.000214728448348
FULGUO	0.197997524484264	-0.010845173593035018	0.3196869742854048	-0.07612767125372473	1.968090784693659
FULMOP	0.7269937785747924	0.5399440781148483	0.03146190798129675	-0.08264378479673047	3.9239267363329025
FULTUC	0.5357866397964477	0.6141940905264305	-0.10598769056441333	0.1594265786468178	4.054843007162287
FUMBEW	0.46613794129935293	0.09209513365515565	0.13847168704979113	0.04629126596259746	2.548068071973801
FUNHUS	0.32615579634164105	0.0835310937366289	0.0439218138189323	0.04363487421443228	2.474782619205571
FUNJAB	0.6221693977073057	0.2582646237961015	-0.25026272226819146	-0.24122544344270114	2.966390654582272
FUNJEE	0.37921788856546357	-0.3003696892298665	-0.3339610877895746	0.27355104357458493	1.964706642232519
FUNRIP	0.6619228779916471	-0.4989551888622112	-0.005552162251240195	-0.05334195363069476	1.8267862914977848
FUPGIH	0.6780414085344573	-0.10590464998996532	-0.1729381276567101	-0.2898566145700631	2.3175852040989167
FUPMUY	0.22339533135875822	0.6050478472572053	0.3588283837873984	-0.04050760890478268	3.2360562039052194
FUQHEF	0.6322761641549803	-0.15696428194435663	-0.111291283193107	-0.15442174337123887	2.2880308504637634
FURFAC	0.32837870657577284	-0.19825114952387818	0.30144265462127656	0.11528513725389916	1.8283518310167817
FURGIK	0.6245718983779982	-0.24281775649201556	-0.07107904454442573	0.00843207029783112	2.179586878649033
FURJOS	0.2883608229145156	-0.018573743348386462	0.4264743145141945	0.09709298482588412	2.118887815321773
FURLEJ	0.2626138988813729	0.19124845918588135	0.05189113586752689	-0.20818354529242938	2.325268893672728
FURWAR	0.4531322275192293	0.6566054614470003	0.19329384737675664	0.10811568014819795	3.734110476360493
FUSROA	0.5989667294845233	0.6451687488465447	-0.0855466587007313	0.020060359988685647	3.9407657450926123
FUTJIQ	0.4194038431978342	-0.5397290886464514	0.0056849930306377555	-0.20086071771646608	1.497184156058915
FUTKOU	0.41082819762886746	0.1279415757141616	-0.2793508481247971	-0.4448294104907603	2.570004753473375
FUTRAN	0.415511218881063	-0.14084477878236384	0.1579799258465413	0.039723661170204386	1.9760739742772215
FUWGIN	0.5147358767396204	-0.012249784334954291	0.16983866708877732	0.08564541187925502	2.3428007420496617
FUYCIO	0.5279684284354351	-0.0038682129445203953	0.1132159524558688	0.07959548567912604	2.359265882742273
FUYKUG	0.5812198180276766	0.33724590569147556	-0.2797289814439463	0.07283910659576653	3.3463564176510054
FUYTEA	0.42824002066598954	-0.006982163898601373	0.13361726084014638	-0.01984286638618521	2.230847454436953
FUYTIE	0.30477232409597965	-0.12954288594908403	0.24068324541169817	-0.07485306587597222	1.8923495441036837
FUZFIQ	0.3434150372606135	0.2644265796018356	-0.063840985893969	0.15747470648126943	2.7459602398502314
FUZSEA	0.4502008063619254	-0.2782172666082984	-0.017235031241782724	-0.17750531374804096	1.8864842008737561
FUZTUS	0.3266149448703586	0.06218608321211726	0.28154897133129875	-0.18135671387602953	2.2368028458823437
FUZXOO	0.6999748269227917	0.5532863656045496	-0.33460039345828824	-0.01218973782044483	3.919693320544205
GABGOG	0.2605253866250621	-0.44523287045780713	0.03610245778761831	-0.1169057803903714	1.4338892462419415
GABQOR	0.5258641860156201	-0.20860512793213906	-0.45050987975914353	0.0478901155387574	2.304017276876028
GACHOH	0.8462440198194292	-0.08030028193061389	-0.489830846499117	0.03527955201320225	2.7130220513595855
GACHOJ	0.4958110417725683	-0.05779285500517284	-0.6060477474776177	-0.03747794690999366	2.6746721822056627
GACMUU	0.5202267625366623	0.3473134778388162	-0.1048077746422487	-0.16193211830955295	3.0211374823305497
GACNAB	0.5665963857256049	0.05412181987828743	-0.04213892712212126	0.018837274793469985	2.5842666039380515
GACNIJ	0.5437187978018878	0.7161263978163587	0.07874358059119366	-0.1849734866751616	4.140663211675127
GADBEU	0.18292716178774482	0.3563510943036785	0.26194503446225553	-0.08580666596359919	2.5902497330305665
GADBOE	0.6191717485542121	0.2050237534310776	-0.26075560948550897	0.17922197979462845	3.0477330171743677
GADBUK	0.5568630275157114	-0.07803383676843394	-0.15504756274616904	0.16622320450157013	2.3752227398562917
GADKEC	0.5261753472815895	0.8519217362741387	0.22221503059124648	-0.002110967804387961	4.468287970638129
GADWOB	0.5974158251636457	0.21460778109504258	-0.06144087741944707	0.19962279482500522	3.040713316769023
GAFCEY	0.6183134854161771	0.055209577542237376	-0.5417629639060053	-0.23116698644999295	3.447764639859275
GAFYAO	0.22420337818837588	0.04763845377581144	0.2720602321509135	-0.08291559768172195	2.0953329522570607
GAGBUN	0.43140712382815405	0.16830895439846377	-0.05471014018878893	0.09411526633411768	2.603853967259325
GAGLIM	0.49297959365305033	0.019459919134432645	0.16780761180331918	0.010396054110819281	2.3818304694235
GAHNIP	0.46669007067044976	-0.5492454825010902	0.06414736572540847	0.284633888399172	1.5557521249803026
GAJJAD	0.5024031503100419	0.7056284083590872	-0.04232589522930802	0.3106321277967628	4.153420976229331
GAJKOR	0.8523498512170136	-0.44527184374932405	-0.06274994167130593	-0.004828469640134756	2.048653244572738
GAJNOW	0.3440840612875844	-0.3425588545073269	0.041310057706221634	0.05641283112942455	1.7085760597300856
GAKKEL	0.5774833112035713	0.495080240318317	0.026696667830075266	-0.013294097808681668	3.5249722732526445
GAKQOY	0.2615440039193899	-0.5771188833212134	0.19624758133045123	-0.02262145101831583	1.3241117622661018
GAKSUK	0.3308775767519134	0.4029296868323775	-0.12332899684232565	-0.16035617171901634	3.159953905376647
GAMCEC	0.7323897252232223	-0.09597524480156579	-0.18878822747628324	-0.2329347787907471	2.4158281519931863
GAMCIG	0.696345539842512	0.3803770567848627	-0.2685389051518343	0.013177905348812743	3.4243625675879064
GAMKIS	0.2998921444733025	0.26135344418008244	0.21002996503526156	0.04982298722012561	2.5993268059443357
GANJUB	0.13889618136308446	-0.4605764468140207	0.19877338633330643	-0.0950008423341912	1.3952530002596677
GAPNAN	0.43700538894855434	-0.31204772867131325	0.017904107333402003	0.13743884992316543	1.8308720350390075
GAQCOT	0.4160522208914319	-0.5144481740673006	0.06876437526576795	0.04786340917025893	1.6618405149217055
GAQFEM	0.4550025207908863	-0.32510786875252223	0.177828938752563	0.06571703332743148	1.7350162344344189
GAQJOA	0.4926878800127277	-0.3783064587245878	0.05232323991042409	0.062275376244752864	1.760696503080159
GAQLAO	0.5178583302023574	-0.14729152011796873	0.28113079730901536	-0.03257092860174615	2.039387114887827
GAQVOK	0.6839033077740071	-0.24986184074519782	-0.46488827939873134	0.08830122903760024	2.3599180521534415
GARSOJ	0.716977750924336	-0.23777922963505613	-0.5096463374117837	0.014688507547264095	2.4335482441279215
GASGUD	0.4176263719791624	0.7680267517104417	0.17761349334442889	0.37712471441334455	4.290209656562186
GASZAC	0.5953979477548454	-0.29906811385149557	0.041022720763706874	0.09542363390677691	2.06935506699807
GASZUW	0.5888526072867322	-0.2482145644668827	-0.049628098714242966	0.022714933929921105	2.14647290135447
GATJIW	0.4068039085648838	-0.07049516776250686	0.14641105920654032	-0.13374084196589758	2.1756291500111553
GATQEX	0.23490582801131277	0.05838573676543894	0.529640195915188	-0.1996893171028873	2.1067053287490087
GATTIF	0.5588816166804493	0.20048228780784474	-0.15413820567008737	0.1508308859697714	2.947156684053242
GATXOQ	0.4281419416535437	-0.16736458917218658	0.12583222623963067	-0.1156510399347916	2.039971424488125
GAVJOD	0.6401276075832127	0.637273032774647	-0.03534365115336441	0.062481868521793285	4.075386959520406
GAVYOU	0.30022277126089003	-0.21100678776433868	0.16973122681338437	-0.21479483535217447	1.7948393314656015
GAVYUA	0.24008703277453192	-0.20884460127394117	0.2421290864712891	-0.1686129272681522	1.7245871836610878
GAVZAH	0.3235346751978114	0.08471969007299654	-0.00016794435429298704	-0.2145558285797577	2.2789454152267195
GAVZEJ	0.7611337383920302	0.7659742366253772	-0.28591828255821344	-0.16409010165725213	4.503376252243577
GAWDIU	0.23358674494927367	-0.21058995505655567	0.25411197639032634	-0.16656102365658398	1.7211830986982843
GAWDOA	0.2324666654895413	-0.21177341452146006	0.25461647860860276	-0.16966416401925155	1.7138095522772792
GAWGET	0.3016920663071154	-0.19411724766394764	0.17649027929108246	-0.17551436652464597	1.8259851232162245
GAWNAU	0.5337919439859418	-0.21053096361278284	0.052747244298444323	0.008403552579258303	1.9985335083508158
GAWTAC	0.4039358089835243	-0.17598084789249138	0.19877825571166213	0.08117995766763345	1.9592546496357004
GAXDOY	0.38864047827552817	0.18510320378378448	0.2298293859004204	-0.05873220708721556	2.4892414360655235
GAXXIO	0.6595474280280085	0.6346705085608417	-0.04395963278132315	0.02295963332106355	4.1087813261684
GAXXUA	0.6761222116758336	0.8051885987236285	-0.07592556165365597	0.3903385188617642	4.783510255095692
GAXYAH	0.7556771176391015	0.8535795002958422	-0.0827828677978029	0.09912765328508663	4.925112070910496
GAXYOW	0.45507682682602546	-0.2662773469319112	0.2281729570907608	0.0027576984545461813	1.909405691249489
GAXZUC	0.6374963929489201	0.5563460783494968	-0.060885519658868445	-0.031276586138474026	3.7971356632964226
GAYRON	0.594407254754791	0.5074299261911486	-0.08033742027816636	0.1914168797574139	3.6157852365164866
GAYSOO	0.5249888966173302	0.4704765349696566	-0.3583772336709058	-0.2952006640077817	3.6067764130625566
GAYSUU	0.3465048128390604	-0.24122597674185908	0.11397014995901919	-0.12920958525643333	1.840314452800094
GAZFUI	0.5456818709166216	-0.2994960030607257	0.09363784371820366	0.10709856995212681	1.982856699056642
GAZRUX	0.4479251963129878	-0.08481676397021368	0.2530064084508201	-0.11412245229748054	2.05740297738194
GAZTAF	0.5182004124413426	-0.0792965171694536	0.2955827250521964	-0.019387907918898488	2.239148925107072
GEBZUI	0.3587930072680807	-0.060896963744601275	0.06507943987605419	-0.2683727632292007	2.0286628850847515
GECCEA	0.5994546765943181	0.09080744473014137	-0.06835306565379524	-0.046407536143847766	2.731363340012603
GECFEB	0.8296098694100813	-0.4527642544380946	-0.057724467473931965	0.007659355925217482	1.9883921624570222
GECFIF	0.8296747376091886	-0.45225486146149224	-0.056387217819085046	0.007811329531074121	1.987745895126067
GECFOL	0.8303174623866436	-0.45218080141714834	-0.057068988578210744	0.008939511470212463	1.9940923601404803
GECHIF	0.4863222613963174	0.20687926731424208	0.18038192786530605	0.13816311810796042	2.7169035608545022
GECHUR	0.4918967375308698	0.249730079604695	0.09450983651571854	-0.2855531559836141	2.680592732489148
GECZET	0.4460183439048855	0.7805582862189336	0.15230277114667812	0.3395901785355282	4.297856508310219
GECZIA	0.8322025792694809	-0.420896854211073	-0.06820591015722219	-0.01191466574928686	2.0617406729623213
GEDSIR	0.2950513937473844	0.35544544119514987	0.3541184894424029	0.1932175776672147	2.842006610184758
GEGBUQ	0.6499731759141172	-0.10622825192300607	-0.032871857614492614	0.1193917561585623	2.3927502541655548
GEGCAX	0.6570371417969296	-0.08245385073567502	-0.03795252644151162	-0.15186813162642776	2.339045893232271
GEGXUL	0.32744657991500103	-0.25475508509593264	0.020523349960011122	0.08059113696976275	1.8426424218949644
GEHYIB	0.49588357450273435	-0.3758739854430011	-0.20438273215049962	-0.01460179073661521	1.8871693933252955
GEJCUX	0.7452182463139332	0.007587112343589886	-0.036847269123027666	-0.15417304777695878	2.5769491477756494
GEJJIP	0.575167837520393	-0.3400133986034844	-0.04670884720486702	0.08294900421648768	1.9964883498749597
GEJSAR	0.634543516496386	-0.5197713371699613	0.04437267165136903	-0.0444941715087981	1.7215740713939198
GEJSEV	0.6811121034862007	-0.5368287057419419	0.04476704063419583	0.0739727610173628	1.7411312888508537
GEJZOM	0.34629084601574167	0.6395839703314264	-0.1394375721073753	0.23131479192002624	3.7064196679085724
GEKGOU	0.5825495166552193	0.456350730381321	-0.16171990608724485	0.14315132385555515	3.570004579093494
GEKJIS	0.6858380933177859	0.4563509169143563	-0.16231892846571105	-0.08091972117634522	3.6710582389430035
GEKLER	0.661906809896859	-0.1773948296864345	-0.3796822887782192	0.017104680952686017	2.4863041985488104
GEKSOE	0.5220461068460329	-0.01271973214052557	0.20229173202721806	0.15610218547811316	2.380676165723842
GEKSOI	0.5356068711575981	-0.4307069912972168	0.03603570804712698	0.3973419156219605	1.7548526032246015
GEKSUO	0.6148096633207167	-0.2162458134820087	0.005492691874274647	0.21719256437158324	2.0581826815003246
GEKVEX	0.4518440043999403	0.16642936662404498	0.1282875813974555	-0.18731927055278674	2.559718672469854
GEKVIE	0.48255771844419293	0.2794776653764404	-0.07343134828262682	0.27834705338376403	3.072038186657956
GEKVUN	0.6738736730600214	0.5241586943078888	-0.07126586037971469	0.34387786868944875	4.199451426992668
GEKZED	0.6969533779853023	-0.4486648292730764	-0.02961524559874225	0.07973101863125436	1.972184924872415
GEKZII	0.6282956991937576	0.38446832685483606	-0.38555056575499264	-0.36505307673003434	3.317729877563393
GEKZOO	0.30348804311238364	0.2227584785402839	0.42235990253409383	0.05937370680673589	2.577244355031191
GEKZUU	0.5964771232054078	0.21403228215144393	-0.34386011723338417	-0.2837278094646436	2.950637115382226
GELBAD	0.625578715730378	0.40508689928222147	-0.3995218590509124	-0.340756578654234	3.405540537016408
GELBEH	0.6322623770548894	0.3905249441810808	-0.3853807164882959	-0.34592695895119047	3.340904299651231
GELFEK	0.49215936124805104	0.11623926581093955	0.09307723654196853	-0.2223249023460338	2.51552765604435
GELHIR	0.6040289978065472	0.2688836465072714	0.13851993866011855	-0.2120474413311681	2.9379124398340535
GELSAS	0.6328089009280315	-0.49415972659469704	0.023847648408117872	-0.07817199329182148	1.8281355351015711
GELVOL	0.5686581105395643	-0.4411994797906908	-0.05394449961216541	-0.10143514439578717	1.822569704360749
GELYUT	0.8699141588019783	-0.27598718540168027	-0.6391298831087876	-0.19689019062479912	2.62955599946908
GEMCUY	0.6810516739753991	-0.45985288242921074	0.009620393609353392	0.04076732031122797	1.9334724874061486
GEMREW	0.5826597827016018	0.18346956419789073	0.07603562311997786	0.07158383121242261	2.783704388940076
GEMRIA	0.5631453719616593	0.18358768443052184	0.09997590543456769	0.0797067340770671	2.7705671115463186
GEMROG	0.40306760558141086	-0.18506937317887948	-0.1678005677044456	0.05647775282415512	2.0998659602000145
GEMRUM	0.5127077007441114	-0.2769985768610448	-0.09830602592511872	0.11721457132178625	1.9523730665475254
GEMXIJ	0.5003520021707972	-0.10416449040406188	-0.20206371985962823	0.1431741733794769	2.1661552577070102
GENMUJ	0.6256562871521467	0.3302571314685601	0.0736468656703444	0.21226873719748535	3.2424036003856878
GENNIY	0.7805443885572529	0.30412989113034455	-0.37306177046175637	0.11517544235422482	3.4758008747058198
GENPAR	0.5372816186664702	0.4043433934526386	0.024485971242872454	-0.026998002166149393	3.23304681639907
GENQAS	0.6027508468065363	-0.10918996758436404	-0.14518303226172624	0.17570225499993442	2.3366435199000954
GENYIJ	0.2735497804279894	-0.08863310018656392	0.1884887008006363	0.0008589644850093628	1.890279774384356
GEPSOK	0.7994515743252322	-0.41404666776926063	-0.03809928403143103	-0.014696704230448485	2.050938795285167
GEQCOX	0.45278916050502893	-0.5136219922062657	0.16631921955883947	0.11484595424355122	1.5540483312326998
GEQFOA	0.47566443288530547	-0.45443651440779403	0.04752282529315083	0.04514420653588712	1.6558481137523469
GERKEV	0.9410691684793546	-0.11227562294691136	0.08938044565842024	-0.25091592097372667	2.5991886558769473
GESMUM	0.7024663918791125	0.150176098415432	-0.12241059191191156	-0.19950892067126913	2.908790838867014
GESREB	0.28966226220398594	0.0027691872083197323	-0.17390910220038316	-0.2588602360140726	2.2811127798528017
GESVEG	0.39130515067320015	-0.0440805282637098	0.012078789929267697	0.10948398679067393	2.144083915181496
GESVOQ	0.43031718855525636	0.03818432646050564	-0.029714190549927952	0.07631013611823163	2.3631150435258297
GESZEJ	0.379676309277456	-0.1204209993077655	0.016778579120273807	-0.16705554895405994	2.076308881631725
GETLOJ	0.5330233514699856	0.4860854071543139	-0.09183388967465923	0.2953788980484638	3.855825281784773
GETPUR	0.5082242981165166	-0.037764421275555494	0.14156300883238623	0.0801666992141862	2.2914514292837125
GETWIM	0.3956173962131082	-0.0005691005194224455	-0.09243613846717624	0.16495741463053243	2.287342190756359
GEVCEP	0.5120135356722351	0.03689151510651016	-0.2586039718011449	-0.14245705306628087	2.6293215242477936
GEVCOC	0.7493652368448229	-0.27650953494351704	-0.12463323946808988	-0.05985408985058921	2.204638494950876
GEVDAP	0.8255179934852483	-0.06688096713363917	-0.18045654029476585	-0.17573637766769862	2.6095712304914462
GEVKIF	0.5651174347674495	-0.2175810447055467	0.04356138097276817	-0.03174184565782472	2.0153265948508463
GEVTUZ	0.40256612107417133	0.13569545609917016	-0.0011796256796519772	0.28300470888124396	2.666965172578942
GEVWEN	0.4328566472188635	0.22750162011820602	-0.07831994702967628	0.23299516873669102	2.8742030278809017
GEWPON	0.6661573951796553	0.03271267700855076	-0.15210961741788448	0.11289822277953816	2.6314373902989
GEXZIS	0.5565779858389259	0.16525681765790853	0.19727244001806132	-0.1378221821015252	2.7889271321952704
GEYWIS	0.42969422325958195	0.10541062296155504	0.05117575090772153	0.22399355800817466	2.5785031917891534
GEYXEP	0.5336691389428854	0.22842399439552052	0.0732782138328194	0.11363326475050839	3.1480793221106764
GIBBEA	0.601855800196307	-0.30317055292423334	0.02236304048977003	0.08830945471875036	2.074586803439415
GIBZAS	0.8860642205392661	-0.35492761521625277	-0.08525060025589472	-0.03279513813801363	2.201787013434225
GIBZEW	0.6254936484603659	-0.5861558956854284	0.011293313625094434	0.07828494350647534	1.6807568778403073
GICKOT	0.44369453412477977	0.22151402029017395	-0.03916607413136915	0.3332719337815498	3.0557440947820735
GICXUM	0.29847747446330875	-0.025182807571613636	0.12271302354518021	-0.3046929710109435	2.0741860981630467
GIDQER	0.7252669707693817	0.4828120905905683	-0.12493665866650389	0.12472853671245379	3.8201234744167216
GIFBOO	0.5495121641670613	-0.0911918546889221	-0.04202198937540413	0.22787139449577876	2.2589007196300783
GIFCOO	1.047910126035446	-0.40727053850354444	-0.05058696882319739	-0.07097772316981887	2.135480936861885
GIFDEG	0.4322810127149568	-0.17633814476594278	0.2051398015258717	0.00825500747320175	1.9750966671482904
GIFDOQ	0.48530010172866866	-0.0757770444372928	0.15276441308428437	-0.05081770326015406	2.1802528984546976
GIFFIL	0.5214014237488716	0.5378402162053454	0.0908484908778037	-0.06801165680457122	3.4997119244705157
GIFFOR	0.4275528639450208	0.36415904161210044	-0.28282380300368315	-0.06460306237224739	3.2036334242034292
GIFFUX	0.461994454725982	0.3413222958158332	-0.06928672082978429	0.11664750772144349	3.0510219741533158
GIFGAE	0.5342772575999337	-0.06591530980831417	-0.13719975979479374	0.10812519148112132	2.3959370647204987
GIFGEI	0.5561771697419919	-0.061525798265544177	-0.13046728519187564	0.11481582417837108	2.427208555501986
GIFGIM	0.5414806365825209	-0.03439515711688809	-0.1403023006925211	0.0940666432790377	2.464358607437794
GIFJAI	0.7098889044722823	-0.24398215018313216	-0.06794512282936456	-0.1847752732168252	2.0444677362299553
GIFLEN	0.48900398943988943	0.4705125742557353	0.06272544374025163	0.18527429013580665	3.4032198472773927
GIFPOC	0.21853667880805805	0.06456600602150031	0.10987575295523377	-0.04813430675200424	2.2128712335969034
GIFPUI	0.43580861761127476	0.453911671063523	-0.08547836664513261	-0.005513117143687497	3.3140126005546575
GIFQEV	0.4034603694174814	-0.116125568287822	0.04091215338618444	-0.07973607613324547	2.0551998960434736
GIGMEO	0.5042168407668779	-0.5978519062950635	0.228767359266543	0.12462904536670527	1.4601393263698796
GIGPAR	0.4932037130599225	-0.016303976877212	-0.19343688576804208	-0.016970029351410766	2.35228364838218
GIGWIC	0.4411897605244466	0.34895114465356003	0.20454674290055985	-0.25092626081334446	2.969534766163197
GIHGOV	0.3247248536000926	0.007867903037145713	0.03511714334653779	-0.024135680258553914	2.2769889544793056
GIHHAI	0.4869603790940351	-0.15407951896577463	-0.18432051229447505	0.10289459431093194	2.0359157122209823
GIHPOD	0.7055786519088647	0.1470246524295646	-0.24410393918606352	-0.16501399210768364	2.9201152218363085
GIHTEZ	0.624195354645968	-0.3356949171126913	0.05392245632850237	0.0673887184607004	1.9878831542116409
GIJZAA	0.20274786612176943	-0.029600661525250878	0.3445639047456695	-0.1631412736756132	1.9442549131999287
GIKKAQ	0.24349855432264933	0.10167401409175622	0.25211879367872	-0.18479157087514875	2.215558057253287
GIKRUO	0.7665882785517324	0.34025487629303197	0.005517773579326035	0.10016613134737223	3.58316341871313
GILHES	0.5464545664333444	0.6051465768136852	-0.2864162887936334	0.17963985508150865	4.000703147209693
GILSEB	0.5439432878840895	0.076395874619398	-0.16981880369332397	0.2777274392198565	2.6969246630914294
GILZIK	0.36979500149745537	0.3228543211404739	0.16285804666058806	-0.14147893682050994	2.8765481934008683
GIMLAQ	0.39415422648061416	-0.3131044295771624	0.1772682262145206	0.32480383178203076	1.7703128639480201
GIMVIJ	0.1209852357172263	-0.3672672856635327	0.33293422269289136	-0.05409784415309843	1.4625141877011925
GINMAV	0.22292847824229511	-0.3669149961248769	0.18215923975740533	-0.16356953945576452	1.4860784596934302
GINSUS	0.2572807029324866	-0.21176968959336764	0.31494495396704814	-0.06365114938180205	1.7799309162774364
GIQQEF	0.6233027045023549	-0.1724546701349897	0.03176740702033162	0.17544913356386532	2.1133687399747596
GIQTUZ	0.5024403503709234	0.7751141196739662	-0.10732742001129202	0.32029586699422063	4.720459655664325
GIQVAH	0.4755494837987957	0.7050712465425678	-0.15866907134536967	0.26848563412638593	4.667540734623703
GIQWAG	0.4799815258400395	-0.05595835974424461	-0.13160087068292076	-0.26783778207589615	2.3806811195492807
GIQWEK	0.46998518657264565	-0.06735676237167615	-0.11457218650404728	-0.2875330684829739	2.3284502762675436
GIRQOP	0.5422979483935277	0.2145001894616977	-0.2744253796862045	0.10804490124298526	3.1972729142767915
GIRXIO	0.5461884054044752	0.4495178457661212	0.25043734210901886	-0.2828430305313638	3.3700796421308694
GISPOR	0.4812269643702667	0.40725626555309014	0.211674689298109	0.05937555338223692	3.233029345052138
GITDOE	0.4970165172912573	-0.38124713993322085	0.20307554650460063	-0.1381525622591961	1.765538102360152
GITLEA	0.8711643055619316	-0.2932660518484551	-0.810137309953271	-0.2588374734050042	2.9955462242056705
GITNEG	0.6816694508399292	0.2910750797687895	0.1015726165191056	0.15633847938959794	3.3327604127580877
GITNIK	0.5654185064868669	0.22028257239693702	-0.315427540594144	-0.01712019008056427	3.0738578469567694
GITNOQ	0.4841765550657451	-0.035881120744382926	-0.23398657500369524	0.11494438985024094	2.412811567334422
GITSIL	0.583816274097023	0.6195050515067063	-0.19476006425635006	0.1542706770245421	4.162686487041065
GITWIP	0.21655191115392247	-0.388749202303577	0.19813900823900926	-0.06098241791198289	1.5536674698539097
GITWOV	0.20934436899243813	-0.4235864280875385	0.23073996766574512	-0.0605642013249791	1.4693607197952399
GITYIS	0.6522366354296558	0.6668017921694616	-0.014490569310833229	-0.002824303602969463	4.240132839674806
GIVMAB	0.46545115300417006	-0.5660002567154379	-0.042768392633397496	0.19105611219644192	1.640321261168161
GIVMEF	0.3401246082140168	-0.6761490594402443	0.05949029084275456	0.17257499975672685	1.3888327390472668
GIWXOA	0.5382969422770554	-0.03267565698172793	-0.12565164273089358	0.18826672898564334	2.545521776082298
GIXHED	0.6482793442873573	-0.1684946775761494	0.0156685305517206	0.22453183919545966	2.1578321164511927
GIXRUD	0.5772842784563492	-0.5333858251996664	-0.07387749485015722	0.013240060235634205	1.6421906516110905
GIXSAK	0.46408061772123865	-0.5344487058601339	0.057909262056370175	0.07247179669101037	1.5517818941960377
GIXSIT	0.529761868852133	-0.030266038593058694	-0.31436633489046834	0.007390693481395264	2.3267716040455317
GIXSOZ	0.3660093229795027	0.4691400696936762	-0.19645705384901613	0.17126721772340386	3.385966588246016
GIXSUF	0.5304042615604763	-0.028110246052594857	-0.3116391269417139	0.009471206790341084	2.3329461488831407
GIXTEQ	0.5316509875781303	-0.027297858555829498	-0.31866747510392796	0.004072736739330132	2.3351959541596496
GIXYUL	0.4119954760102571	-0.5650899332028416	0.07361302033855904	0.24698371983003464	1.5059262169085037
GIYGIH	0.6049670760675436	-0.18550742906513248	-0.13745595454642257	0.03571839508171571	2.2578992801641977
GIYGON	0.6001106471898376	-0.2149720330603311	-0.144646838946156	0.0604330614296649	2.20782821678368
GIYNEH	0.7718637378591051	-0.4461719670604448	-0.02772325213138257	0.0187982629850107	1.9706132647745802
GIYPIP	0.6866052976689607	-0.4294293059196866	-0.1420958483661569	-0.02168571506184807	1.9699495317110016
GIYQAI	0.669843386285434	-0.187201402005846	-0.15803046115956587	-0.05223439845002947	2.280899871222707
GIYXAQ	0.34094673173558654	0.24621505240332286	0.4794352743142737	-0.07716705210923751	2.5740308300961834
GIZHUS	0.48595023763358736	0.6069244280408502	0.20491464241971308	0.1737809434985565	3.794362851806105
GIZJAA	0.49820948806386767	0.6367392805503356	0.22704747955543259	0.1695463720529472	3.8993908507720283
GIZJOQ	0.345120583428669	-0.1405699288780432	0.28865352163650704	0.07393688129916592	1.9254329479068182
GIZRAL	0.4065573011746535	-0.0358212818939235	0.1679861589773413	0.17386848893909335	2.220236746863674
GLIMNI	0.5711385854408837	0.3766121123540681	-0.2880773228599425	-0.05414573448601619	3.241402330899837
GOBPOG	0.5673914001245723	0.05690277939137037	-0.21066099180202275	0.1720388581601513	2.917314864921875
GOBVOJ	0.4751361065541513	0.18433473557462957	0.28297658899878836	-0.014901375323572483	2.6188172412358557
GODCEJ	0.4985533579901027	0.4127947890852656	0.14597147449295622	0.06450858135597176	3.2117058931234674
GODCIN	0.5698032768377095	-0.055656761855786	-0.09894000595423619	0.012832077025559276	2.2818121534643425
GODGEL	0.5152341209037914	0.544707104236785	-0.11906347358032049	-0.010176663855544013	3.603077093578809
GODHEM	0.5731358580492358	0.40871767469839376	0.13938492430697458	-0.10493837646285649	3.3346413342082686
GODHOW	0.6726356982872899	0.5319015437877199	-0.4316870308830131	-0.0037655165533238243	4.075149469509121
GODNET	0.5511376414431668	0.817222590583302	0.236102147156722	-0.10236443644125294	4.4115460113446545
GODNOD	0.559125717407265	-0.07352840016389858	0.2909097303787884	-0.1728180808807121	2.3058083696167477
GOGBIO	0.14115817297554756	-0.30678416498932576	0.2531641094311588	-0.2713712658623694	1.5448654842032006
GOGLIY	0.4551983387843368	-0.43688085065554194	0.13744348735935716	0.3462336444050856	1.6429206812897683
GOGPUO	0.7300150136974599	-0.4753136718427205	-0.04107757533324601	-0.013025690955911655	1.869595017784449
GOGVII	0.576927737090041	0.5759178172418915	-0.23479238453776302	0.18132090706971693	4.190521058862751
GOGYIN	0.5003145515910834	0.1897281886581296	-0.43278961717975817	0.06846849383168506	3.37703499112311
GOGZIL	0.6770695496100512	-0.894200278770413	-0.5696133547304023	-0.01126252560753229	1.751905881114179
GOHBIP	0.6668779363363209	0.14484971165105143	-0.09298436456617142	0.15528870640457043	2.924645305445755
GOHBOV	0.6106253282009897	-0.08156056690295133	-0.1263901929959815	0.2127957606945064	2.3900537889960938
GOHNEW	0.6865901479258971	0.6182087235824513	-0.24293412607827214	0.1563533800288061	4.461306537626627
GOHZAF	0.09496497618151434	-0.2915189145233192	0.3366073138556574	-0.11511896146417817	1.490786712698367
GOHZEJ	0.10430336033124243	-0.4743928826952158	0.3078581784775908	-0.17046734180477158	1.2808475270630262
GOJCUG	0.5035439486922257	-0.3716012671705712	-0.0012835443303742394	-0.0007576614936670549	1.7824824935137524
GOJQUR	0.5514842914611364	0.16861308554201568	-0.10320631855369795	0.22799630777579433	2.7826706837670794
GOJZOW	0.38684263104862815	-0.1471530523135927	-0.2115234769232016	0.026891486612376874	2.1095447208511953
GOLPAZ	0.5348647395658048	-0.38464514336827615	0.06064835327166132	0.10465050086142721	1.9080595451064442
GOLQAZ	0.5506765714601167	0.11082066013967568	0.004716193382648379	0.011852024957046361	2.750852295131405
GOLQEE	0.5252692922563389	0.054770247058993096	0.11185196196664338	0.10771756249879537	2.464984851992645
GOLQOO	0.5245686575108133	0.16727714146609537	-0.18902259215970868	-0.36406309191084146	2.7070957293760616
GOLVAF	0.3529513760513918	0.13181463629621157	-0.22617173890702086	0.13964374824202902	2.6355586867396026
GONGIC	0.5611121896813538	-0.5797191195970093	-0.09154455678102623	0.043266504738439224	1.6691063864591456
GONHAS	0.5355561533223243	-0.5191555295642933	-0.12001870429055247	0.04207408657597249	1.7245728624843109
GONHEW	0.5268727458782125	-0.526470820417706	-0.11941493183751312	0.04733901046030673	1.7163771234224527
GONPAA	0.5363692993204454	0.2041490358014628	0.10127796216678578	-0.23655737965175871	2.8145238057901047
GONPOO	0.4611200683126153	0.009783488969719208	0.10489007052519733	-0.15743437172735153	2.39123618407923
GONQAB	0.33177137708594984	0.051719447981878094	0.005021584139595081	-0.11144396067950883	2.262116646266433
GONYAJ	0.5941217798667111	0.7564927194582531	-0.12090436533131488	0.3419151946524592	4.451291273663459
GOPBES	0.6540009304662533	0.3566103071032476	0.06713901770356517	0.06757072955056333	3.2806749470138414
GOPKIH	0.5360826838611406	-0.1438477673481473	0.11020082979120172	-0.12125141936711044	2.130460541525403
GOPKON	0.33809164258500113	-0.12593751733659572	0.4213493409545998	0.06240437908711336	1.9750508985613227
GOPLAA	0.3419176952309537	-0.11795607673302885	0.44693862086279146	0.10640052450797761	1.9904507100140414
GOPLEE	0.3573258970021964	-0.0768102532903332	0.40800505426283984	0.16988134709230013	2.0767369786044094
GOPMED	0.4773450507727519	-0.37895529136562195	0.1285712010685049	0.20905678881721418	1.7550509140628592
GOPQAF	0.5228675671015415	-0.23551166677489677	0.2289178023273271	0.031106508971763574	2.0066677852432777
GOPVOY	0.49723305417449026	-0.018725059054719998	0.0838415452100369	-0.20334753890655038	2.325202061555651
GOQHIF	0.8702300840196333	0.5886694976687774	-0.1529323238948365	0.2725875670330126	4.51985551017704
GOQKEF	0.5795198211189945	0.6771297351592649	-0.0004169984443842395	-0.04611999106622525	3.983179548098011
GOQSAJ	0.49076476412611125	-0.3851831628455337	0.0645020932536999	0.03896457174374065	1.745753017049785
GOQXUF	0.41963003588543746	0.2954037710009596	0.4924510850491106	-0.12169198260776364	2.819111504464343
GOQYAM	0.4251745744792714	0.3178214267961389	0.4876362307531399	-0.08659821735532738	2.8785844136287273
GOQYEQ	0.46494263677114755	0.37447896696365585	0.4803574381432575	-0.1204890926339998	3.0809292126443313
GOQYIU	0.4644987687002313	0.3714600929276878	0.46430968213175716	-0.1258677421944488	3.0845044849457843
GOQYOA	0.4563563439342282	0.365351059151573	0.46371209936411384	-0.1251245007084586	3.0546596943989455
GOQYUG	0.4515156018269417	0.3586717338731594	0.44498106892162337	-0.12776526326470777	3.0126905325328663
GOSGOK	0.4057761909201414	-0.17207585795314165	0.10607191371374353	0.06675057140680042	2.0272644925969794
GOSHAX	0.35420144938181863	-0.17401818938413358	0.17873009670616802	0.11394361232632057	1.932553598018618
GOSHEB	0.43908838159703123	-0.05815975381832	0.023100380781634303	0.05640007196349438	2.223363030524518
GOSHIF	0.34214823394293736	-0.20433090798245784	0.1852123067893996	0.12147874999302255	1.8377784555136703
GOSZUL	0.21393507242462695	0.14987978275052186	-0.049021059098341466	-0.3510119619710092	2.4916096061399853
GOTNEL	0.7026695872618847	-0.623736468417005	0.071277576024283	0.23658387083436178	1.6864323131035133
GOTSIR	0.4656590737630655	0.2209488976166535	-0.03648558143110948	0.3323440124683538	3.0203951820991835
GOVFAA	0.4506401898488095	0.3265238454238164	0.031489604253959136	-0.03529359706474607	2.945109840954311
GOXBAW	0.6333809013274152	0.4960834103993813	-0.0708574089685469	0.09804053744235691	3.673580327052393
GOXGOP	0.3413083057900739	0.32216302649472583	-0.046136080964871796	-0.013286009243312982	2.742135911481946
GOYHIN	0.6346448536821274	-0.08699448227611932	-0.15103014334135367	0.22723418018719616	2.492293334934541
GOYHOT	0.6503277075102618	-0.0751077821408013	-0.17266937537960939	0.19944542495817869	2.5210240476841226
GOYHUZ	0.5779149049563479	0.022543641369373896	0.06598079654492034	0.17886558577713718	2.476718827492944
GOYVEX	0.4065623889560941	0.8224249804809298	0.044987940015895234	0.10622045809316984	4.113152787650063
GUBQEC	0.4806627100641938	0.6888166107881591	0.0190819293961028	-0.11632324632561995	3.873238863415671
GUCHEU	0.4659271096030171	0.07409454475054082	-0.13635595950364876	-0.014499057980397669	2.4769451982037967
GUCTON	0.6135963098446089	0.12236296932322979	-0.15001271783580905	0.2817271197790722	2.8161253649816467
GUFGAR	0.4350802412000361	-0.3602243328524143	-0.282344367345254	0.093392800996414	1.9361417598836352
GUGBUF	0.7887802248394902	0.31728698829528157	-0.21566143408416538	0.17610532426903458	3.638641980046042
GUGFOG	0.5077765302521371	-0.554163817303184	-0.06919181384393978	0.16966028827534912	1.6561034639444125
GUGFUM	0.5167565703589005	-0.5337132670393009	-0.08694295351578968	0.15205829344945948	1.6857896909290586
GUGHEY	0.4244622713492916	-0.38296875056004176	-0.05746585701832158	0.04968309101280784	1.8562196986912707
GUGHIC	0.41364880320261577	-0.4569862781706361	0.03594416050480555	0.12677704946707857	1.6825154706803669
GUGYUC	0.6546011667535989	0.28423085298136613	-0.36119405465329096	-0.11139630527290849	3.1391104817618833
GUGZEQ	0.8947044995731863	-0.7116293582416167	-0.6764978630362023	-0.2977844589850856	2.0232777363285717
GUHJUO	0.43241257590063586	0.2611020990157889	0.2559925316374653	0.028531400259468122	2.798725207231847
GUHKEZ	0.27203712424587145	0.07238703322232828	0.036984457619884364	-0.2176557941862836	2.3825831431076034
GUHQUY	0.5005759359193087	0.2916661446097463	-0.31231859211554214	-0.154007671515196	3.2294308579879845
GUHRAF	0.3274926961715554	-0.13284464374076935	0.30435856558331126	-0.11504307051859038	1.9561707986013848
GUHZAN	0.08139878759373431	0.0008099275172530514	0.31720286020695787	-0.33489570607374947	1.9446544062900595
GUHZIV	0.14635332773825427	0.08193475279677442	0.09873817881059554	-0.13421640112131372	2.182579964271634
GUJWEN	0.5572804438621368	0.5306488288250107	-0.11008797076004634	0.22046000225845203	3.7836344047795603
GUKKAA	0.2258300998831655	-0.07400185649324584	0.059885638609219555	-0.23495218132161594	2.056018861645205
GUKKEE	0.37367387988428913	-0.24260470561535163	0.11618972325189567	-0.3109808265598814	1.9301737393391734
GUKKII	0.3788225371023133	0.031146172023881424	-0.18135783395412064	-0.3120268309769858	2.37417198442922
GUKLAA	0.1308657680808678	0.6251474864323351	0.6185261347372099	0.6325698717477539	3.7967552436379632
GUKRUZ	0.38143150451661345	0.7404622024777354	0.3161974389062654	0.1383849680905102	3.989484086831329
GULMEF	0.4097061052639708	-0.14794621589761367	0.07969718059654593	-0.14374620710568747	2.0809634744966505
GULMUV	0.341860620726544	-0.14801227443826076	0.1860125125497482	-0.05812155477868958	1.9645663259403923
GULNUY	0.44802830701376983	-0.0019722322177355457	-0.13837444359712564	0.00917353110192037	2.417126038117483
GULPAG	0.47074485704880864	0.008179904652775249	0.12545295608185347	-0.2096700039045319	2.350628362122169
GULVUG	0.2171361645374521	-0.22025004329643996	0.16225737333754736	-0.0823307781210312	1.712964680044151
GULWAN	0.5285665667658428	0.11983117756943021	0.1951864258634914	-0.156273556368755	2.5648720458079564
GULZOD	0.39237862749785624	0.24880155090261602	-0.14944687029199683	0.24919222934118934	3.078654113499001
GULZUJ	0.4173529998358587	-0.6098404041017685	-0.08174579079360696	0.06093474489967682	1.5785267418539497
GUMBAS	0.3970084641170404	-0.6464620130337936	0.016653024281815823	0.11228799384223438	1.414393854057323
GUMBEW	0.4862800525173805	-0.5236887646710003	-0.13015430068990447	0.02126423583645048	1.7368449356942097
GUMMOS	0.5150413899067896	-0.18964090446864174	0.13462870198149543	0.08349519611606848	2.0668073824959943
GUMXET	0.4563503464132772	-0.1144972465197406	0.06789508476738737	-0.265765876337524	2.170696172745658
GUPHOO	0.49032989178654507	0.34965265539328144	-0.28569507200340044	0.10052865260064242	3.208479361559671
GUPTET	0.5110160680612346	-0.44353023081599907	0.12737456127251146	0.1804236667021819	1.722860814904516
GUPXOG	0.2655183006532664	0.1586241736155636	0.350221627390624	-0.13523952167222003	2.2814750201909004
GUQFUU	0.5209968114252215	0.3951286785434177	-0.24359635678570055	0.28623482395780947	3.6902208471507922
GUSJAI	0.5767810947473881	-0.5712800587654816	-0.00236158070042769	-0.13137507671727933	1.5296160272312922
GUSJEM	0.5881487163982317	-0.5558553401128158	-0.011402887295747843	-0.14286279742043162	1.5886926276236037
GUSJIQ	0.7838213830147378	-0.2320067111649522	0.04775375059544196	-0.21447799003104911	2.3248675673582895
GUSSAR	0.2632577390874742	0.22623634271667853	-0.283378078448377	-0.38086647485857633	2.568328329494135
GUSTET	0.5839191178262695	0.6069152914693244	-0.11317320577145233	0.04232672299094824	3.813970380189633
GUTJUC	0.37804915205641976	-0.06415040106984297	0.187292786320211	-0.0010722989208962544	2.1036829677976443
GUTKIR	0.4697350055008327	0.08453805854850041	0.16404234451739266	0.0010693974216712428	2.411326752785488
GUTKOX	0.517640656631337	-0.4478782587443011	0.1324575161496377	-0.09100477288128946	1.589911730146781
GUTQOB	0.4400886188743769	0.01852282833302716	0.12288577226517372	-0.3268286678165648	2.3965200131314535
GUTQUH	0.4518005799024767	-0.024102060047280105	-0.12455431128144316	-0.19285337001743186	2.513913404761337
GUTXOK	0.530948766652334	-0.13950803273648876	0.137686207663418	-0.08328838541480564	2.0608757078947555
GUVHEN	0.5845950428289584	0.255336953193695	-0.2628361913254827	-0.32376771026569845	3.060679603605335
GUWGAH	0.5016693901986056	0.327794243046298	0.0940273229634147	0.13038207352132766	3.0148248312908543
GUWKIS	0.42978232182115583	-0.28198344852635376	-0.02745406149065803	0.028583369699919373	1.9159921789751564
GUXNIY	0.5626156985969439	0.032900917573410994	0.10829362339742984	-0.16613598209011188	2.4831414751961525
GUXNOE	0.4193221697775993	-0.1706480068852872	0.12452543201813276	0.02547762004368339	1.934713941320977
GUXNUK	0.4425015905062546	-0.08305487238646198	0.18305748032136937	-0.041798989156392866	2.0485184132108127
GUXPAS	0.30477168859179615	-0.11870863026230603	0.21960102377548985	-0.1158696893114478	1.8391255240919748
GUXPEW	0.33956181586736944	-0.0674307569783195	0.23627479006932312	-0.09971742507198994	1.9949860569578148
GUXPIA	0.2404464155251662	-0.10585591613947623	0.178820946591223	-0.11985969999310268	1.8535565479832241
GUXPUM	0.4691986436051039	0.0209356016315895	0.1237755164541349	-0.1131312993102024	2.3515025679435677
GUXVEC	0.264825686368761	0.27788116715356914	0.16382213863490502	-0.07910389351194472	2.6248581084932368
GUXVIG	0.2925395205503154	0.30766576282411606	0.21452012530837067	0.1584212856214176	2.7511242372977245
GUXVOM	0.31433441425949926	0.33307039239285585	0.2124503754290436	0.13505045340089478	2.8187880662377314
GUYHEQ	0.7818985226298514	-0.44080578888939553	-0.04447981806698453	-0.012919192358776935	1.983539527752848
GUYHIU	0.7707110063065015	-0.44945637286047235	-0.037431384960820074	-0.000358712605672544	1.9712259766901763
GUYHOA	0.8275688813458171	-0.43836960130404484	-0.061537815511039304	-0.007035581287137188	2.0351302733327143
GUYHUG	0.7859930112587952	-0.4369397731161236	-0.051095223922916023	-0.046135970485776445	2.0103550635618883
GUYJAO	0.8691303276259807	-0.37645382676205724	-0.19577971457870003	-0.3098492808551854	2.231270191399285
GUYJES	0.7755742290473275	-0.447755407842565	-0.04305135669737592	-0.009709174977724881	1.9613369836931187
GUYNAP	0.5480309911021415	0.4667437681786008	-0.1092200717611171	0.14258866788987787	3.5228648007762766
GUYNET	0.5506731724766318	0.5009802538375853	-0.13935241395580927	0.21438674253314055	3.685408696094246
GUZPUN	0.5507881480718808	-0.3838988479159487	-0.20049991261376018	0.043115027998235925	1.944586236736516
GUZQAV	0.6040434281489002	-0.23316517893604727	-0.0727948626210407	0.06321053920921288	2.183132380570624
HABPUX	0.9396791785801399	-0.5945699095142521	-0.1586581027766592	0.40441667276271026	1.9628080690446557
HABQAE	0.9208446885310959	-0.5867160277059739	-0.14739173718853976	0.4005130929956568	1.9548059283061496
HABRAG	0.7410098718291076	0.6431805105010725	-0.34971147362255084	-0.15755129939919887	4.347787958111678
HABZAP	0.4511470935436108	-0.6435545838803167	0.0865196035662516	0.09808961478635805	1.4578379364901997
HACRIP	0.5196148079192549	-0.22664779238354388	0.1707418364005883	-0.14731762685130478	2.0917099121609186
HACROV	0.368523996000123	-0.15134280119732238	0.14484213318264622	0.032559560829896535	1.996736068543123
HACSOX	0.7586170751469137	-0.018779691571989613	-0.1501156765090535	-0.15458352310279516	2.560054363498362
HADQIM	0.892422730868395	-0.01267318264143438	-0.36673595041005935	-0.27184081245134534	2.839927073360166
HADQOS	0.8721574383156012	0.26542724611362234	-0.28614751013494655	-0.4147010063173807	3.327153053968132
HADREK	0.534138567424824	0.05816326322030471	-5.562753614686555e-05	0.029704872613692385	2.577399799881703
HADVUD	0.6978446373293954	-0.4555237553248836	0.03605938108465963	0.006355214359140538	1.8685419829307381
HAFGAZ	0.6927745166932073	-0.3506591581990658	0.012465760706877549	-0.01982527716570885	2.046192899766436
HAFMEH	0.2919296387621073	-0.5248703724726652	0.1923581842512445	-0.044483997514863025	1.3494176285321926
HAFQAI	0.2452991957175974	0.032307300609697095	0.11533854260511064	-0.3081627281559403	2.210737348994167
HAFZUK	0.1634052861035067	0.36160210295632866	-0.13805602253413046	-0.16267541697907378	2.653844417565633
HAGBAT	0.305636976179962	0.10945250302122789	0.07428040887742138	-0.380963376686268	2.3533742159230213
HAGBEX	0.20737361566766976	0.3151105434176686	-0.12818968953183316	-0.160627008121291	2.6421441743015146
HAGDEA	0.43634877721461685	-0.137021278330124	-0.42235538500574604	-0.4119642123152854	2.207974524710259
HAGDOK	0.14570340049116481	-0.3628905091797129	0.15726125728567394	-0.05775686271816806	1.4329788156714538
HAGDUQ	0.13488468624954164	-0.412192417883743	0.15430094531942973	0.028378990524749913	1.3982338679835722
HAGKAD	0.4846848888729749	-0.5538972337907433	0.048664921648794074	0.05999122380058724	1.6081601945689834
HAGXUI	0.8011742432074707	-0.4327003571646059	-0.050504256270053255	0.009246559143269308	1.9882859613567554
HAHDAW	0.5210411138621502	0.1956497252416837	0.32626966772019006	-0.19641054039097827	2.754437221014694
HAHHII	0.5203617231411961	0.05263150605833	0.16326884004083203	-0.052388566885776575	2.428508641311314
HAHHOO	0.4649110333967563	0.03740750095762104	0.1901649387932396	-0.04857135033603219	2.3611544318374555
HAHSUE	0.41237483837805833	0.08821971466036847	0.14820951537283011	0.11188819780142807	2.51892887285593
HAJKUZ	0.4461053785402802	-0.18966565248534437	-0.18931226535477103	-0.3017565741817332	1.8511648998985948
HAJVAP	0.4635010938108799	-0.24288455338784073	0.02889762075921297	-0.006300039749737696	1.8945433092831152
HAJYOK	0.6978930207811196	-0.12259875684836598	-0.301071968210574	-0.011841033776156806	2.525902400796875
HAKMAJ	0.48728829924912187	-0.37592565798268684	0.020609227301449623	0.0889102117103988	1.7897831622362816
HAKQET	0.5983602213754882	0.060801340096528794	0.14872101000003413	0.0626077723743724	2.6192050855915925
HALBEB	0.7106787606279044	-0.01559505425145545	-0.07218278042170878	0.06792751583594936	2.642299510268944
HALCOM	0.3679598823646373	0.4532029453686479	0.04979599534860146	0.3086071403579032	3.2445037098081597
HALPER	0.4951053068282034	-0.3718166466439093	0.04425668391766195	0.06241969164580359	1.7724154453439391
HALYOK	0.4933420938287947	-0.15695627538000925	-0.3458943314403784	0.18905776188299828	2.216887421733862
HAMLOZ	0.36068086325383586	0.2937587472928021	0.38803966486093416	-0.1769502098816813	2.6830086663391017
HAMXEB	0.4356015185971671	0.31288739602625004	0.4752086674618041	-0.05981234298812978	2.85439048058216
HAPCUY	0.2426440270332635	-0.4461302364888595	0.3218539310357619	-0.060496489800463515	1.4607372402165724
HAPFOX	0.5600639444060906	0.4709650721896907	-0.22580651816066635	-0.013283721377399048	3.5968416654054245
HAPFUD	0.318388762960951	-0.5395683498878553	0.16885369008209697	0.1088721723624547	1.3681775316322953
HAPGEK	1.1511032118183673	-0.8194963176167354	-0.2834180202518246	0.3910105182065911	1.6982710604901228
HATLIY	0.5736505017583822	0.07475625367953205	-0.10802179465775275	0.022895791256145288	2.5806281502989066
HATXIK	0.6274813664990173	-0.10533861376080773	-0.11355712262531865	0.11457870115584012	2.3445077331863713
HATXOQ	0.5637297885588728	0.33948334523777596	-0.0459590163486437	0.03391258523835075	3.052890743145296
HAVQIH	0.4437423963166154	0.06474632263912325	-0.18581272073651217	0.18614080510792463	2.4914732186755266
HAVQOL	0.6277589288520424	0.47076034217139456	-0.13124167666080166	0.47042884763795934	4.061617760019383
HAVQUR	0.9549046667605623	0.14684632699685604	-0.7185629742493013	-0.3665038034294436	4.040050668644648
HAVRAY	0.7569655902598607	0.7061894119048762	-0.2827870406968275	0.28630694181108723	4.707991228788307
HAWGAO	0.5107666273457543	-0.2517570203847224	0.013778450409819148	0.24746777157254557	2.053245485763749
HAWGES	0.6255692407762963	-0.1391246070826222	-0.07053118155887775	0.07585785220520173	2.3693525907736817
HAWHUJ	0.3237814767207481	0.24425326221411453	0.13094716442419946	-0.21194161168691056	2.450854163573972
HAWVAD	0.5000540407929375	0.32333615453418046	-0.14569149860524952	0.17522673440070186	3.1878062974743617
HAXKAV	0.8097992468323945	-0.374033553728614	-0.07024485267792545	-0.059974021938248356	2.1233561793881965
HAXZIR	0.558742232211646	0.31947744276382817	0.015739931037660956	0.18476442362500178	3.167258031679186
HAXZUD	0.4990398573702368	0.18599095265639706	-0.44477857577106084	0.030187688755572442	3.373845331696275
HAYBAM	0.597818452396699	-0.1679725675421469	-0.3940107632925141	0.06462960072634924	2.2375471310071937
HAYCUH	0.6774648658302889	0.6523653500211518	-0.13349032705631053	0.038989731351181486	4.178502174602286
HAYHAR	0.8263461604185194	-0.43947125540105736	-0.008364305271893843	-0.050471785189948284	1.8310180180490736
HAYJUQ	0.6451649099030128	-0.1888614882491122	-0.2936530780881615	0.29566393684095565	2.295915364677335
HAYKID	0.6537324780252343	-0.1196143021669527	-0.47132278303432434	0.05685664323356141	2.6091853621272474
HAYLOI	0.5951051133467891	0.05351162329957382	0.11495890279944682	0.21285613716051327	2.6684870328143835
HAZDNI	0.7424432962820324	0.7302996806381394	-0.13767798207792237	0.2003947111979712	4.689846973784637
HEBBEW	0.5549366055443175	0.11959707496101354	0.05912298480391695	0.048709892221735475	2.649819762907144
HEBVUF	0.6177315974846103	0.8515470448230696	-0.18027025058119237	0.2600886475950276	4.887036894132148
HEDJIJ	0.48926457890063446	0.1888438526919237	-0.09569936751996137	0.25606807948877786	3.000526478031892
HEDSAO	0.367692366795783	0.029551214549909756	0.06820198299568864	-0.00859471713737578	2.198149663131367
HEDTES	0.2952642476892122	-0.14072007822894536	0.22922171383985807	-0.18045664171671366	1.8947067769743302
HEDVAR	0.3676633679212262	0.03934072935502573	0.19270005754405772	-0.0926128617993644	2.2391231244593914
HEDWEW	0.41599461738677146	0.22723486449745467	0.010422460121103885	0.08186816280487674	2.7677708338563
HEFGEG	0.5219249077056425	0.3519281489980206	-0.08456122637166773	0.06958985575840154	3.2092418911053677
HEFGIK	0.5204315217547704	0.731587553975507	0.0006714919468757963	0.07178964796308304	4.101747549159165
HEFQUG	0.35172650167634556	-0.33378295542238134	0.1044880003589913	-0.03636601379632632	1.6793384751662903
HEGFAA	0.509079824344024	0.10164667573050239	0.0039058292722965043	0.039820423212460765	2.615808323944268
HEGPUG	0.5643666516030175	-0.0713035988182489	0.008829203724627671	-0.06725401239246545	2.2910063745092826
HEHROB	0.8146525607532675	-0.4325362970872732	-0.06654330355628377	-0.008664356858612526	2.023641921157613
HEHRUH	0.7170599935468873	-0.4602522593467682	0.008447407003057683	-0.016962879767589673	1.8671443920532882
HEHSAO	0.4912918734527665	-0.48182539840762917	0.047148537373934596	0.058300658741736545	1.7032689864774835
HEJDIN	0.45180392510295775	-0.1625137630791043	0.1324494412705322	-0.0011508066917406932	2.008113554645389
HEJFEK	0.3476358354647697	0.08293414627179503	0.28998538676437985	-0.1821261023142261	2.316646981048023
HEJNIX	0.4065202692006302	-0.23829132101072245	0.11667018232614396	0.08245909304781719	1.874454868394551
HEJWUS	0.7323632636413597	0.36611943945446906	-0.12611395584673837	-0.042796658581966115	3.398626217302783
HEKFAH	0.2990546916136343	-0.28573752851734163	0.24122278668373465	-0.01137835923694229	1.6646075248218726
HEKFEL	0.25592187819798173	-0.3278050197765808	0.24721209147700757	0.013891348506746054	1.578827834194196
HEKFOV	0.42443882574952774	0.12496206117549835	0.2250952595743569	0.1027926846498381	2.56438728872397
HEMXON	0.5427628277648529	0.15163497699620362	0.12647042304637707	0.0716867090623852	2.76528920330243
HEQSUU	0.535432658848972	-0.043041439850608924	-0.3149447723206185	-0.3703305687797179	2.360338653829358
HEQZUB	0.4970090442149626	-0.047847170668519956	0.14512085697126959	-0.2897221411043283	2.2865471173403606
HERDEN	0.2824764747849513	0.6463869645480598	0.12332577351629989	0.43997845265076924	4.0555951272375825
HERFIT	0.7480762318364382	0.14594762638653502	-0.3225841342703688	-0.00105638575189268	2.9125995437083274
HERGAM	0.518579525838466	0.4109352494624823	0.12937804794710536	0.40503339343781136	3.4470273479019076
HERRIF	0.5372896294839098	-0.3582957388257248	-0.0010703778356224297	0.09903538283364233	1.8164211879958743
HERWAD	0.6160868260568595	0.257265387083807	-0.09657759092932588	0.22656097563247923	3.3447824909344703
HESBEP	0.4998632546216468	-0.4117818000451392	0.16628043565786868	0.047980858713407376	1.6421282346696227
HESDOB	0.8847084767491529	-0.746572309276901	-0.32452610343685595	0.11772799601278486	1.6016337574200623
HESFUH	0.510804889170938	0.2987567611132971	0.3816923866417032	-0.05279638899201804	2.9154611319291677
HETDAL	0.6527819950362348	-0.6036755228691495	-0.08449815865324468	0.017658915374754117	1.6600031421760457
HETHEX	0.5086457467197514	0.1266150308889813	0.059610673478372345	0.1605234051165073	2.584478679843984
HETNUQ	0.5742467199107271	-0.1548215564918059	-0.27351682324064996	-0.05295740191826814	2.171612702859227
HETPIG	0.5435532549170903	0.04026300545762153	-0.16706426368955346	0.04977647909797073	2.5132745502380756
HETWAI	0.4412141673481571	0.270710101079516	-0.28845307123808456	-0.38596399886226757	2.8660244108742496
HEVWIR	0.5499700857542482	0.3714260551013166	-0.40050023464783585	-0.37804914470453105	3.2915584897477563
HEWBER	0.7246543718149576	-0.45002029026007967	-0.047744800497004275	0.05087616864498146	1.9212385869649535
HEWDAO	0.5971415981140913	-0.5905214330142323	-0.08775954401434712	0.04932015159030821	1.6260339152790975
HEWHIA	0.6367364616035109	-0.2990532932769123	0.020364434572468906	-0.008304796348005204	2.0115899345898156
HEWTAE	0.657377798805916	0.6552549542431814	-0.09245654919453473	0.04282007696914986	4.1289098214639965
HEWVEO	0.4041890404981281	0.20024412876430595	0.21750892042948494	-0.3556764206958437	2.5879307918676915
HEXQOU	0.26059364001987984	-0.23572988503078607	0.11151749119058466	-0.29267328858172126	1.8160660570562084
HEXQUA	0.393547216515568	0.026487711110524816	-0.12040780912854479	-0.3229382964209375	2.2511481504401187
HICDAB	0.35144361741161845	-0.10817950768483382	-0.07623719302272501	-0.24844575217508452	2.0585957030244346
HICLAG	0.567593139375175	-0.5245631658582494	-0.02179066194985505	0.041718831932826696	1.707939326673419
HIDQEQ	0.5852821919151703	-0.2169520697826627	0.04987471966161558	0.18452460119386604	2.1954443168981563
HIFQUM	0.38250420999887425	0.3055102410993771	-0.2763926430494441	-0.3551401477498235	2.972165484005203
HIFRIA	0.4540655066322481	0.27036740154534034	-0.08986971890782254	-0.027706387060755976	2.888636292192821
HIFROG	0.47738896212334403	0.2942815996836759	-0.021483713220132705	-0.03376416145694546	2.9632597889184384
HIFROH	0.37308889242041055	0.06664887954512938	-0.174374721270112	-0.27460023418241175	2.519956555430054
HIGPAQ	0.41231775599344633	0.1650483399355273	-0.03615843223802341	0.3279903765411505	2.864162697938285
HIGTAT	0.40581536517982997	-0.1524769211729415	0.1551080577075148	-0.29693457303368237	2.025010356300829
HIGTIB	0.6490490216664719	0.054544836801260085	0.08734582426231444	-0.3346648828831234	2.7305337070716527
HIGTOH	0.3432948695772713	-0.3332355489415349	0.017414804753564675	-0.10012833136412293	1.789690464630835
HIGVID	0.30745361167659757	-0.335498570974171	0.1013663965354212	-0.10416601259263304	1.7287894778494144
HIGVOJ	0.31825622463554915	-0.34942688993218035	0.1060297243045207	-0.07017499918253312	1.7183060657687699
HIGVUR	0.5254455624472492	0.5158808215291945	0.032020417015206956	0.12243275402585312	3.4676164896227744
HIHNOC	0.5323834875009839	0.5323261370641914	-0.2345919162859539	-0.08262955707087512	3.725342823531752
HIJWEF	0.6203572672730928	0.06572259294323021	-0.082777330566846	0.15480736259082034	2.7478245653219
HILCUB	0.39371407669256975	-0.0976661689283372	0.35090464377199165	0.025620534781508508	2.0413878329369193
HILDEM	0.48635191001363687	-0.01638835771219718	-0.160495503361968	0.08009691261242621	2.4422927788311606
HILFOA	0.5376535681114367	0.23456946927367484	-0.3050562837043621	0.06340790481043324	2.899200358978148
HILHOA	0.4253296709598766	0.2689746526578375	-0.16020891054810887	0.11490359364862125	2.9855550258689583
HILZIN	0.4159083079736936	0.36349330130985286	0.09010104853416687	-0.00217840927798613	2.9489213326753934
HIMJOD	0.48182412417184484	-0.4994769522854355	0.10019575854129623	0.10061562203246038	1.7167945657462036
HIMJUJ	0.4955961570964176	-0.45230240715437736	0.0708418038274948	0.12385590946737231	1.802148739721659
HIMKEU	0.5942215583579245	0.2708604088446199	0.1010898451901201	-0.06585447538091077	2.9722633163778704
HIMKIY	0.6199045985186515	0.2090394707136462	0.10733888949309878	0.09503702577597786	2.957233467305873
HIMKOE	0.6763894219356459	0.22744236685411212	0.05350230944717829	0.09928112340039609	3.0778271274052447
HIMMUO	0.3967164189505512	-0.5842255486405613	0.02002140403867987	0.17227639161744657	1.4495113753144
HIMNAV	0.22276421824263082	-0.26168533376897396	0.22432402226880638	0.10691619287612568	1.6513639225412209
HIMSAX	0.4475039023980738	0.4563068702671825	-0.22161538550556809	0.2675655667665761	3.5656003716103046
HINDER	0.6807845982201481	0.7461188708485192	-0.19865035137611214	0.12165398485366513	4.458477918071496
HINGIY	0.4501270174653236	-0.5127730538924957	-0.07421982250281202	-0.06529841601395418	1.553578504798851
HINHIY	0.42180035757390844	-0.06410050946451934	0.09063859715406547	-0.23844627987921846	2.1849073303610522
HINHUI	0.5417119855758372	-0.2734243779915126	-0.23661362842664307	-0.1823199011285736	1.9601739374605294
HINJAQ	0.4857630645158437	-0.4967331321059678	0.022442443799942716	-0.11310033066036994	1.6169113945058635
HINJEU	0.5391484870786627	-0.3950789624662328	-0.06588729362004654	-0.1960952893539245	1.757026024126734
HINREC	0.3416123681935641	0.30276895958182043	0.24642130246091054	-0.1673179778185926	2.7822430454385643
HINRIG	0.33502111800940604	0.2930676411736849	0.24369984665063504	-0.1384637983350464	2.755501885899143
HINSUV	0.3121571645407135	-0.3896051806366097	0.06301876046429997	0.02393295727370739	1.6598977957600054
HIPCEO	0.3146595373900678	0.2583733377830109	0.07157052232414415	-0.1195362637047961	2.7539269922369813
HIPCIS	0.28731403726815996	-0.37463967674833154	-0.1443892431052703	-0.10691373833546548	1.6393112351008494
HIPRUT	0.44411773176802605	0.20498510112398863	0.03738352161690427	-0.3209467875881774	2.730230969216179
HIQFOD	0.43166219921642845	-0.3047455233158211	0.039946410347272865	0.10213569636825771	1.8742086212984432
HIQNEB	0.5210665258127136	0.6636738847211013	-0.19179836844114864	0.03503860424678948	4.0466968632303555
HIRGEX	0.5221751032246553	-0.2863533928280446	0.016006398691799303	0.07123573589536414	1.852023065963153
HIRKIC	0.6596957742237688	0.20173330646153337	-0.35101756876596396	0.087571796272851	3.101400787629512
HIRLED	0.5221355032300874	0.2686106224183243	0.15288009340778655	0.17222069180498234	3.089083010072343
HITFOH	0.6250013856595107	-0.25949978205201674	-0.1282001085663704	-0.3565570362940927	2.085350048686158
HITWEQ	0.3671648110574681	-0.2617613308390206	0.07127686783994044	0.058408254300335256	1.8109124757433879
HIVFEY	1.0018486919317056	0.7016539810624639	-0.05079425906271954	0.06401601625901782	5.135561377155662
HIVHED	0.5302806385835419	0.27016601257579864	0.011276180663858937	-0.0376837998660865	3.0389093013559805
HIVHON	0.3577208782646881	-0.1619758729329809	0.14363635312738846	0.09984583240252781	1.9079528509994197
HIVJUR	0.5735852713480432	-0.2587035242347956	-0.0866436805045514	-0.13487907795912946	1.9553964638009496
HIVKAY	0.5351739970711398	-0.6140972960118147	0.10013639495260446	0.0835359051281669	1.513895228442018
HIVPIP	0.4947380760399209	-0.06786783220849715	-0.25192026054096206	-0.007348685966797691	2.304539650403589
HIWCIZ	0.5977421663176701	-0.3167481902011807	-0.12263810298436838	-0.17959403551820918	1.8481158327128904
HIWCUL	0.48404403047999445	0.20132732293964894	-0.33506249704557345	-0.2239371428630733	2.707563162139869
HIXBOF	0.6593340474467198	0.23512507623903844	-0.21483594971149725	-0.04659599856436912	3.078278800768838
HIXBUL	0.585347052725326	0.26967696928128676	-0.14245223432546553	-0.12013525576846858	3.005466178717171
HIXJEF	0.5150366498612247	-0.16283954004248385	0.07613421423339933	-0.10260704474028666	2.1134804939613008
HIXJIJ	0.60062370266344	-0.08153993160666495	-0.06972750696065728	-0.21421834699053716	2.4340969793389347
HIXLIL	0.3428799931480295	0.3819157562002583	0.3380742963106263	0.22758577394340723	3.058176947354519
HIXXUH	0.7058121617130002	0.640228369150991	-0.22263101641629393	0.29450437699666826	4.300139628702747
HIYFIF	0.3961766207324562	0.4384334034373233	0.13740545845609037	-0.1633839740438765	3.11657028512615
HIYWIY	0.4513454740909708	0.01374181182087391	0.2121207088331044	0.08520871696795884	2.41819604402807
HMAPNI	0.7563745363026362	-0.2667959382893582	-0.05113687798901263	-0.0732933063257309	2.308205200488769
HOBJOB	0.4892043680675755	0.20134994007679752	-0.3003896658155428	-0.1936594555672001	2.708395594405519
HOBPUN	0.7268220330972976	0.5419607871313962	-0.3331323470854586	-0.09866178681954779	3.9195701830376306
HOCSIB	0.02168578271199806	-0.38458056719520023	0.0791017460117662	0.01892390287448118	1.4747135385144379
HOCTEY	0.4547303150157189	0.5940999045777889	0.22599983109461824	0.18063648204783944	3.688121427090741
HOCTIC	0.5289340189409133	0.703232420830679	0.1778804297503901	0.11284390113477068	4.076034402745469
HODVOL	0.40960967483046584	-0.03723580660550648	0.08368818178220316	-0.07324683702330301	2.1314948709293526
HOFJET	0.6327522067383038	-0.32714817678218056	-0.0015930962354592099	0.010489205924948512	1.9866630959473808
HOGFAN	0.35688109068743756	0.5639461369968944	-0.014955450078685414	-0.13670720422601607	3.5432428891720176
HOGJAO	0.5948427619751673	-0.7227138211472114	0.16537306558812523	0.11081656041801922	1.4001351554151937
HOGQOJ	0.43023828147744414	-0.1909668354327445	0.15328106102192826	0.04980587522206617	1.9358806732167237
HOGVAC	0.38534748679256037	0.268811451655009	-0.3228990465232233	0.19897425125549573	3.3672718204974164
HOGXAD	0.5109191275265283	0.5316954993794133	0.17989489686514815	-0.09019031129185286	3.4771774405440636
HOHMUP	0.4358398906369967	0.1612150379846582	0.2804172602659963	0.03917423851259866	2.5454922729823624
HOHNIC	0.39896396923746646	0.09276295458345689	0.12971069864572227	-0.09029751452584929	2.3950236153461395
HOHQEA	0.7044318881693492	0.4939041184814684	-0.25034965221666367	0.15899437742118033	3.9392478255755705
HOHQIE	0.5820179652934234	0.3496511511590224	-0.3315092108989017	0.1848510769510625	3.5867987866934845
HOHQOK	0.5836774006032819	0.3648280337929258	-0.19767739160797268	0.26230361649487594	3.463320190668509
HOHQUT	0.35459851967369627	0.1763837621256907	0.27729055310181056	0.023973036893318513	2.4971927340112434
HOHRAX	0.5630892207684388	0.5038350404469285	-0.2527478389407345	0.18761395289663352	3.8167653580053766
HOKBEO	0.6471431851609903	0.5560875813118498	-0.17033155500518105	0.04250875092714893	3.863131455886544
HOKSOQ	0.7472680684235495	-0.021887750323208763	-0.2505576857410402	-0.08801601028521486	2.5728376698669084
HOKZIS	0.5610916647399389	0.215593939538842	-0.02052719022790364	-0.006520965147172306	2.8247116867529094
HOLBUG	0.4319053980185874	0.18532666051529922	-0.22085266520748234	-0.306809799907084	2.6006682622347173
HOLFOG	0.7823682942621168	-0.15836691692234706	-0.17298312302746394	0.12210447954377139	2.464047294482973
HOLFUM	0.4073567099070914	-0.12751316299685722	0.08472307568744938	0.14298110977592718	1.9745345573461
HOLPIH	0.45809495035306114	0.24777320638490197	0.3652915345928214	-0.06511100631818853	2.807361579062362
HOLPON	0.5783940017227254	-0.3046315500336478	0.022807927089278618	0.11385773755465059	1.978803231477067
HOLTOR	0.6168567941279717	0.4731713732240339	-0.25722104248888017	0.08541907580200783	3.5687663894099457
HOLVEJ	0.41871365873073163	-0.29651081821861996	0.04863467720580153	0.11633533929111947	1.8056487653038586
HOLWAJ	0.3934857456349077	-0.35399722109389	0.07688249538477313	-0.0039709429231519	1.7226755824671094
HOMWIR	0.3794983081478458	0.31935319406749907	0.481480131776278	-0.12594100215386572	2.8390806051690354
HOMWOX	0.41654913677764505	0.2942997447672188	0.46321883862282565	-0.053559035587631504	2.786743414824567
HOMWUD	0.3339239731119239	0.24992810420131878	0.484748188821877	-0.08682726296801345	2.590791644735254
HONDIZ	0.9364313916858693	-0.8760756407997348	-0.6662798965344752	0.05829297699316894	1.862411241546103
HONNUU	0.537681495974172	-0.682922382119541	-0.21837821227163123	-0.1068994493014694	1.446350986007657
HOPYIU	0.514279560983466	0.0729943057940833	-0.09597404540888152	-0.014084319963943479	2.5002335054916363
HOPYIW	0.39357939580823054	-0.2653752713877401	0.16741718690383203	0.14410194060683018	1.8978928504236543
HOQBAS	0.5601661772487363	-0.24404606952636063	-0.3852158590860355	0.12256609115846111	2.410514678516182
HOQHEB	0.5128909519847875	-0.07843012609716118	-0.2037695120879287	0.1807039962336056	2.445051890204471
HOQHIF	0.654607024450601	0.2786189629487194	-0.14268033875018132	0.06965755620677527	3.2469108840885155
HOQLUX	0.6202721590639086	0.1872162839369986	-0.18847898995422535	0.3375040546233503	3.114627544176329
HOSPIP	0.4103151356358623	0.6079771909137507	0.13391573945598842	0.31752798140943966	3.7706017277999537
HOSROY	0.5011857815548568	-0.025088932810856605	0.17844067479601577	0.06979554029230087	2.286399706521977
HOSTIS	0.609708254577888	0.23391199221643066	-0.10428888113923068	-0.06099726969066896	2.8804225843021642
HOSVUH	0.4819653430764461	0.16027641439161416	0.08306440002761817	0.16106513989350135	2.682848533111682
HOSWAP	0.5177162271883846	0.0689012282359037	0.08685273849277658	0.051173691285096246	2.469913913552565
HOSWIX	0.504492845981682	-0.0008213327435264359	0.20110006379659867	0.1391479319301773	2.373119462438651
HOSWUK	0.48616316329051834	0.04145145913888855	0.1744750505217969	0.009651412726269086	2.436335868107614
HOSXUK	0.4885086837496022	-0.06435414037298043	0.06612659002425977	-0.04523728336967389	2.2619634430541984
HOSYEU	0.5082419320267393	-0.010081846305535538	0.18843403005888598	0.06973270795002412	2.331304418083615
HOTREP	0.5351699387754909	-0.22823406813276662	-0.06594692898217391	0.022141815576551992	2.0676233762787994
HOTRIT	0.521986762397944	-0.4584984746820168	0.08125442720834442	0.04747572487798067	1.7349960270439282
HOTWIW	0.39685961892214117	0.7824768861578044	0.15204541069662647	-0.03447183785548645	3.9533058857725756
HOTXAP	0.34442111871062453	0.27830715478927764	0.4077313143208101	-0.06959870350490965	2.6390092248745165
HOVCAY	0.49500315369466996	-0.5043649386551601	0.06297440215714736	-0.07412140974748975	1.6051333218291468
HOVPUD	0.704811316889173	-0.5003158901844643	-0.012728068290027386	-0.0368459730901249	1.7505705921540369
HOVTOD	0.4901994772307212	-0.5823917509134131	0.1687210054262075	-0.059942042726762346	1.4645529403356372
HOWJUA	0.8168866204807115	-0.25506202502092024	-0.5093449892309414	0.015560522591289275	2.407543132650934
HOXDAA	0.4628451166735603	0.14537459961407218	0.19327154260768575	-0.1639854876924332	2.618705639289539
HOXJUZ	0.4839062694728753	0.15959534360241015	0.17824619187164092	-0.1122052463219179	2.620233910648291
HOXROB	0.5536469721459474	-0.02100971894652314	-0.44675165755368285	0.09578274996310858	2.956898252724125
HOXXUP	0.6070490286574	-0.13309761642720175	-0.32162875317259776	0.014256689676469762	2.248985972141373
HOYBAZ	0.5769171827341362	0.6203594980276943	-0.22205532311534595	-0.2247892309492014	4.311061833563221
HOYBED	0.46663074480953437	0.6554305752844671	-0.20987750705591166	-0.23259625225944858	3.9585502300271673
HOYFAC	0.47717788719195386	0.34792951463109045	0.12341587293873255	-0.13725683673687622	2.98209209503555
HOYFEG	0.31838648263163716	0.1749519578142367	0.4079074152073843	-0.010547947897969007	2.449769356184231
HOYFIK	0.4113571067849193	0.22079412657264802	0.20271220897207692	-0.08653166534689799	2.692170620837145
HOYFOQ	0.2930851684672602	0.1273661550658751	0.23605832744284522	-0.14199151989578668	2.341607000848624
HOYFUW	0.38893866543250244	0.20386705472737957	0.2678179769829563	-0.05547297075462167	2.5751835669547454
HOYGOS	0.43071116283931854	0.16510231953971571	-0.3226374994059681	0.06138469504477866	2.6950069284661655
HOYRAR	0.24773659819744598	0.030756177614399374	0.18953460217284684	-0.16024888071728993	2.101727406630856
HOYREV	0.3027816042726732	-0.13052346618351057	0.11311096422178693	-0.07819873542004117	1.958204332553219
HOZHUA	0.3781367168618992	-0.14460841704247585	0.13923388471534884	-0.07719039614164144	1.9401896099634182
HOZJAI	0.4435562694512809	-0.06173855120010827	0.025633741124324233	-0.04055496731459453	2.213395359176874
HPETNI	0.479996921960514	0.4002996231862778	-0.44440628821915107	-0.5164213968374007	3.2688827660478728
HPNONI	0.7355639775815686	0.6286751959682207	-0.012330646223629116	0.3345588256826253	4.467392258317972
HPZBNI	0.6508758806003021	-0.5952056074817832	-0.0894386470499608	-0.12130582403381025	1.5148196557280813
HTBPNI	-0.10781797871972643	-0.4625717783454464	0.449278451517961	0.08772915318127164	1.2213116707322724
HUBFIV	0.5098629517824307	0.3095203327372924	-0.021534685773565564	0.07744086194580904	3.0511604155560423
HUBFUH	0.638871522107034	0.45367528002744917	-0.06281926408791492	0.21984807549770607	3.6993366016208036
HUBLEW	0.5461650998914678	0.08069486388692136	0.1796085887179138	-0.022539692466568367	2.5178904488230622
HUBMEX	0.42408749382246924	-0.0028905765545889812	0.20224144386008397	-0.03999484188865976	2.203835392601342
HUBMUN	0.47496436460462466	-0.2079172744362613	0.04379809160884682	-0.008335422703567408	2.027070307444762
HUBPUP	0.6343951903292853	0.21326020653556846	-0.25353939416479315	-0.16242905146388725	2.9263926315663698
HUCMIC	0.5613584388937793	0.05333529133016804	-0.02915822593376021	0.16070447727447462	2.629834326860993
HUCROP	0.5230906022859267	0.3027768135944242	-0.2937184731948991	-0.152728893112473	3.2963035143147597
HUCRUV	0.3556119401627553	-0.1257751230292356	0.18769102195533943	-0.043868503211833984	2.013611007919356
HUDXOV	0.45590554013543017	0.2654974473977721	0.42461033486352073	-0.008623235080803357	2.8886303161594524
HUFNIF	0.5305963510189109	0.3861206569290723	0.2832182481614688	0.024683017301277	3.2780858544219136
HUGWAJ	0.6953057651394392	-0.1432192647896476	-0.4136050378875542	0.07044679173529948	2.5012596413306816
HUGWOX	0.6514397998520796	-0.1843497735645595	-0.003254983546153667	0.20726197505147398	2.1443897735222452
HUGZUH	0.3569183797248181	0.08225581843069316	0.000542900877653088	-0.20379369061173935	2.3995567438524708
HUHBAQ	0.35724774734822606	0.07969637631534938	0.0016700623098801215	-0.20292354601201518	2.3942249470634462
HUHBEU	0.35728835819333327	0.07965058917147982	0.001683728939592219	-0.20252658797762596	2.3940648387055288
HUHBIY	0.3566952457143895	0.08114876469884946	0.0002607900502481497	-0.20438322586447205	2.3978286572445477
HUHBOE	0.35667124833266595	0.08141460519464731	0.0009515664018037162	-0.20296199295138517	2.3969238937567456
HUHCIZ	0.19640632717096462	0.01406812607041382	0.012042774126032343	-0.0692530072944615	2.0953066908405726
HUHDAS	0.35702677734519295	0.08124994547759007	0.0005224200687650865	-0.20438272125245177	2.3978824609192118
HUHDEW	0.35622994859376966	0.08262265753352624	0.0016498137212456465	-0.2025278460490823	2.3973605240195277
HUHKAW	0.6496849876306197	0.5406465337030782	-0.08453556620649959	0.11858742337575305	3.7429341682809065
HUHLAY	0.2911187654097014	0.11591320356669144	0.18203087296550124	-0.02031373596389302	2.3168268198781004
HUHSAF	0.29179716517327225	-0.23655271972865272	0.08878865744933012	0.06517779566774706	1.8020245547368112
HUJKUV	0.49264006725987475	0.01868694048355827	0.17537118476590657	0.01278777181958111	2.3898504018140487
HUJLAC	0.47284952857363916	0.012872825996867239	0.18082247420344	0.028517304226570048	2.369932734195839
HUJVUD	0.6680941211942333	-0.29011547835454166	0.04553703968416763	0.11178321033299775	2.1937251483601177
HUJWAK	0.624101027968953	-0.31049508133882414	0.0627042904635059	0.12253212257167134	2.116506688331986
HUJWEO	0.6297280438384538	-0.39082456733764037	0.06891287833395757	0.0979797316084759	1.9836239451882391
HUJYOA	0.5483667780693455	0.38399732502014744	0.1182843562334717	-0.006174789935642154	3.188101337566544
HULYEV	0.44519358839329826	0.2459278132765046	0.36603098506373793	-0.028482678972517883	2.7429437433589228
HULYUI	0.6230613518616792	-0.07997450450589708	0.03068528324140389	-0.0404260974246972	2.3399596306390813
HUMDUR	0.4363809128637284	-0.6159117404781568	0.020609983415246363	0.13447809096556634	1.562479345557649
HUMKEG	0.5242163812290848	0.35129476439668417	-0.024948234636550666	0.030208337514325653	3.180177266328451
HUMNEL	0.24530981998407864	0.12219152960549984	0.022459570123358405	-0.24440471355912263	2.399260749988885
HUMNUB	0.2811524609257505	0.14533929442360943	0.14699261201010103	-0.24491783071978507	2.430060918780815
HUMPUC	0.7523502524569832	0.1284868437122905	-0.09081265958451445	-0.3445376349886862	2.9476584398925536
HUMZIA	0.3599670377701072	0.4542911231628433	0.06037516324839998	-0.02657677912612387	3.0579172990867467
HUNKIM	0.3845851874676116	0.22231521105204013	0.028019311438748806	-0.3211157278581785	2.646406207224106
HUPDOL	0.5520610657797098	-0.575846921220965	0.0458021259691187	0.3028471808263282	1.611889708855204
HUPDUS	0.30095456529425135	0.16918764436398265	0.23861647457683738	-0.35220472003891634	2.4446066526698766
HUPGIL	0.5873749343980208	0.474149548671779	-0.33019120696698157	0.10549521001297472	3.7047812735954766
HUPLIQ	0.6304601704109434	0.5081868501293797	-0.2965945750158694	-0.02245567025119967	3.6445097549241146
HUPLOW	0.531367395153735	0.49880404546632173	0.2129330264513638	0.00620665829472283	3.4450119651344826
HUPMAJ	0.611769538492398	0.5349199180706203	-0.09810926544827853	0.014939406704804988	3.6094345612903265
HUPMEN	0.6427125049795084	0.6112834085534817	-0.14971481090462868	-0.023537827887967815	3.863171604488561
HUPTAO	0.5340955152826128	0.4765200688241197	0.008073196604309094	0.04038513760910928	3.454430398905413
HUPTOC	0.541001955701466	-0.18272476723471112	0.13339148913397544	0.030481197751708218	2.0164444470610756
HUPYOH	0.5626153687057318	-0.37869149880473824	-0.20670819042826602	0.030968666019888316	1.9556161505074494
HUQDOO	0.495448414299422	0.218490847838892	-0.036850704651418244	-0.13173945986785074	2.640625438892253
HURJUC	0.39665446445259267	0.5955618087242263	-0.08015303756113094	0.2980369139610923	3.7436104896066262
HURTUM	0.5611685854762429	-0.4554882366573839	-0.00910252285532126	0.07693185523287656	1.7176592520196392
HURWOH	0.7021450821065311	-0.4604872284676141	-0.03865543405769887	0.05742236334064584	1.8899654833888377
HUSDEH	0.5253881179025184	-0.15611079522262972	-0.16139632337510534	-0.07862027797917266	2.1318850813950743
HUSFAC	0.5079943481097073	-0.24523010351322952	0.07123790937717078	0.023055166638896507	1.9415641535048438
HUSFEG	0.5427148487057867	0.29434396048940137	-0.04539374906809727	0.03154852157405164	3.003450564619146
HUSFIK	0.6577523099532696	0.45883540130939293	-0.27258394281057474	0.03316249374750764	3.818814411607082
HUSFOQ	0.4981680754964204	0.3902957243776976	-0.1891029272730626	0.12401337253086432	3.3428281069853734
HUSSUL	0.19843894212389834	-0.29325822408020424	0.2053676155749944	-0.172111426750924	1.5911952630592046
HUTNOB	0.48832157325928094	0.6992751597937487	0.10194159141415643	-0.07320585784948061	3.9855031858461243
HUVLIT	0.653940861504422	0.12120335228096793	-0.301175288110594	0.20963487575461753	3.268412782400257
HUWHOX	0.7527082307335959	-0.08126445906457627	-0.2599040229921339	-0.0008664667592348345	2.478649931961447
HUWHUD	0.7543238365063027	-0.0787039061311898	-0.2587802914563129	-0.003406598890288312	2.4828859250572313
HUWQEX	0.5455249191615792	-0.40083818440853086	0.013777991671543435	0.05639089761447407	1.847718447924973
HUWQIB	0.7478538407234829	-0.37275135356272826	-0.06367903120185706	0.06230166287517328	2.053248325661289
HUXKET	0.5959074536861566	-0.1998381963093032	-0.3306503424802774	0.17015124141266003	2.195798953517336
HUXREY	0.2723576849256948	0.38480278605228896	0.13838108613161237	-0.027380852438351214	2.8921304251778857
IBAQAE	0.6296928414742302	0.38004862233799186	0.34203025562617856	-0.23653527291816795	3.4662482355816593
IBAVOW	0.7204307526665215	0.3523818238158627	0.20717829116985403	-0.12381417369269958	3.37483595952556
IBEBOI	0.7086647028191422	0.07604743376920854	-0.15902109003236187	-0.34651621562643103	2.835217383718981
IBEHED	0.4792345829078677	0.12650407864207777	-0.2989842792519664	0.1307236417548019	2.830617609712571
IBEHUT	0.565175798838621	0.43257509165516933	-0.27145055326768164	0.15548148296747394	3.594031825295672
IBEJAB	0.7789986331598238	0.33412717662372693	-0.4949120064099633	-0.08826378777197366	3.6102236538010164
IBEQAL	0.5305734235027186	0.014474159981818988	-0.14683452633907929	0.295815941726165	2.6665303683547763
IBINUE	0.5146696203997436	0.07464968075882386	-0.4485185142171097	-0.07974006971077278	2.673236689762151
IBITIW	0.5943198706098647	-0.132566797734134	-0.28804854434465377	0.0635883235443727	2.7317359838856485
IBOBAC	0.3573685851657924	0.574705995052414	0.35685295017960295	0.005447650152786983	3.5939979784936598
IBODOU	0.5498520901515427	0.44139616345142735	-0.4044260880476724	0.21782047131181437	3.965139634028307
IBOLOB	0.4281939943913873	-0.6121938626952999	0.09895792935573747	0.11624272975712362	1.475827844331782
IBONUJ	0.39020419136113915	-0.665420067032747	0.18794435750521876	0.08512077847216232	1.3393487638048591
IBONUL	0.498052297274179	-0.15430140676790124	-0.12557220473179	-0.015378856483846813	2.105083400905854
IBOPAR	0.3915813506637722	-0.6396408311610892	0.1175247188216702	0.027121007302132676	1.4231729123035772
IBOXAC	0.5214798762414041	0.11066012845128143	-0.1389032032155395	0.10673752006814537	2.5990439150815017
IBOXIK	0.535089146844343	0.34374981366046975	-0.09724102208487476	0.2621222055990237	3.206255911845231
IBTCNI	0.3057076406833974	0.22943291793095477	0.48355663567954243	-0.10551555351423429	2.5023001299607213
IBUDOY	0.5762267735207427	0.02065366098768772	-0.038209325102939284	0.1710266355294766	2.6079252859482005
IBUNOK	0.4072994122086744	-0.12166494076612326	-0.03656533040011226	-0.13039878799879157	1.9895858183899653
IBUQIJ	0.7383602386662362	-0.07160758052300348	0.07627028547197137	-0.25200597589739565	2.5136484776696073
IBUQOP	0.5692837231296437	-0.10267164475923315	0.051504976770900796	-0.127871857067981	2.2762188649683663
IBUQUV	0.5476437347382852	-0.11735290820288377	0.07785106697041089	-0.10632603866088729	2.2182027199556846
IBUVEG	0.6304379714194965	0.5280160863448851	-0.026896696510404702	0.2639764868126613	3.868057239722473
IBUVOQ	0.6296050525850188	0.5249881746259045	-0.01392005461083902	0.24253528483241593	3.8533011298292106
IBUZOW	0.510074929165091	-0.5376404757662206	-0.08231793175694467	0.18461926327620237	1.7140446800576248
ICACIY	0.47530011705990294	0.3297929357074121	-0.03782081727528554	0.17801343356395777	3.1172148204745755
ICADEV	0.2765186439080889	0.13712767078040014	0.30878784005079624	-0.07695959791035482	2.3364678133319647
ICEGII	0.3468105792778342	0.1572278559365186	0.2872798931750111	0.021397444644261528	2.493452622423689
ICEGIK	0.39595824066438023	-0.6027663412098798	0.084969532138024	-0.13637759974972063	1.3986771227637111
ICEGOQ	0.2906165983370621	-0.5118179375941354	0.36576621168153906	-0.022987381837348823	1.4345409677598153
ICEGUW	0.30511898051659525	-0.5195634916618126	0.39861206523347703	-0.034173156089388215	1.4334370501979146
ICEHAD	0.3492195517044214	-0.29611105352198364	0.10176258325869303	-0.15904713581549862	1.7567690397907554
ICEHEH	0.3495961563318901	-0.2910794277485298	0.17941161251843596	-0.051647023514192564	1.7727339823596633
ICEHIL	0.35409754227225765	-0.4449992730662253	0.18964677520856876	-0.09142019902920184	1.5364229962640072
ICEHUX	0.35927041807411797	-0.21920504817273984	0.15278374590555088	-0.10525877581736016	1.7917703322266232
ICEJAF	0.3325251900284414	-0.41139988326362675	0.2275689095074923	-0.1099905716338548	1.5534366502531338
ICEJEJ	0.3681745854153595	-0.21436695004112688	0.16562770027130813	-0.11974473458389621	1.8359414374689662
ICEJOT	0.44283881892932797	-0.4490193262713201	0.28980051098460496	-0.05926379151606198	1.600491833649883
ICEKOS	0.6392725307509428	-0.4486572990718437	-0.05800112106382132	0.025532809649793455	1.8147897790774186
ICELEJ	0.47650486357743294	-0.5400876591485644	0.026891227808704288	0.0789516607929615	1.5073241890230769
ICEYAT	0.6298823042228499	-0.3335202442826334	-0.1013647619114389	-0.23012433949142214	1.910749732240066
ICEYIB	0.6110389070148248	-0.2808819742208399	-0.05460840762150363	-0.2441065461358386	1.9746666226305594
ICIDAZ	0.40998056328685184	0.19732957295299378	0.3068804774792632	0.027704655973956233	2.6460268370633138
ICIHOR	0.37225899142643915	0.21703990269754805	0.3726735920161021	0.01150206581650264	2.6413330594986952
ICIHUX	0.3942011305545412	0.2115904644008585	0.3445514583033711	-0.00046491337383970655	2.6153219497314897
ICIJAF	0.29923120724172225	0.16944843165139784	0.35328217400227757	0.007023529808215724	2.4517068850981567
ICIKEK	0.5473967494447995	0.26016613012185735	0.3629249987077319	0.05099661094394595	2.9198583047846003
ICIMIR	0.5447733258779115	-0.06569271951830111	-0.07898246475511492	0.23551672744964464	2.4085116849910144
ICUCEO	0.8290045467888181	0.11227898226091168	-0.35203410003721447	-0.26483520389805143	3.0144819653193804
ICUCIS	0.8396019505679444	0.12934603390789898	-0.3554843338167538	-0.29506209588661125	3.1491288257259225
ICUHOE	0.9286263433025361	-0.3750752100338444	-0.11883319692581354	0.026868243829193676	2.212692574601069
ICUJAS	0.8494354569831115	-0.42803115923681745	-0.07594747705180123	0.038038365102601626	2.0406910887221805
ICUTIL	0.7350029942507925	-0.14353670718523454	-0.11715446259517934	-0.1500463388534094	2.2779497503788453
ICUTUW	0.830466617490746	0.5642291851097454	-0.2973339541552319	0.008007330886075546	4.079864993364247
ICUWOV	0.5271887714122494	-0.458860992462719	0.06662587355792893	0.22164922628673955	1.7120401236380112
ICUYOW	0.33596849333911516	-0.3726308431120515	0.015329292579089326	0.04601105364859691	1.688023438931376
ICUYUC	0.40815603958995705	-0.483509546499818	0.09057651936193623	-0.0009641763078425437	1.5518123024183605
ICUZAJ	0.6634828839476423	-0.1739084308664116	-0.31593458702691823	-0.2124336583976582	2.3325735005526957
IDACIZ	0.5940529049876906	0.09795762029087121	0.009926173390233411	-0.17252120686664452	2.5549509894805316
IDACUL	0.6087993008660693	-0.6306099217136878	0.28258869810374954	0.36639038639544536	1.6339415696633093
IDANEI	0.4300406892606876	-0.23217860135017448	0.0620106984348687	-0.044762966636243004	1.944628704288208
IDELUZ	0.8418318068604229	-0.3703235805566436	-0.07337504664929725	-0.027964662526609854	2.136026083750187
IDEVUI	0.5496252432007056	-0.4922574760842749	0.04148885734152169	0.2041217676587435	1.6636461657600081
IDIDAA	0.6154185412509978	0.09985168189125179	-0.09567109067277843	-0.0692688950571454	2.6786627915653147
IDIMEP	0.6429604347260502	0.3103092064913403	-0.73504997000496	-0.4326579005602124	3.5635191693310153
IDOMIA	0.4318564613360243	-0.2404411005715612	0.12674179403807168	-0.19385240689970318	1.926028323291213
IDOMUM	0.47086832885656005	-0.1860980100190358	0.16664344993494862	-0.16799465717093476	2.103671030043624
IDONAT	0.4410398270978728	0.0988190698814944	-0.3698905956080735	-0.33646396909308607	2.3578632825036716
IDOYOQ	0.5950952092995285	0.4937659626879167	-0.032825573783066914	0.1230578046650941	3.538103034998567
IDUHEW	0.5588681448281347	0.019818230345741837	-0.21466333818574	0.2583781661967415	2.6149112524426266
IDUJUO	0.4916156515696688	0.08502848900572618	0.17438934040976994	0.0026131922404510864	2.504144654669699
IDUKEZ	0.42150965538214	0.20607071637487193	-0.020596373159345448	0.3605175423617973	2.974215275954506
IDUPAA	0.594907601393647	-0.17866344251976823	-0.2661719680702266	0.07269581485835061	2.2198932014798896
IDUPEG	0.7475875894555619	-0.4298764270545835	-0.020521417314609373	-0.001689141454089247	1.9810857151353076
IDUXEM	0.5998345710841324	0.54701472301378	-0.032742562860962394	0.253631624246433	4.03870462583799
IDUXIQ	0.608951952601446	0.4203937254229461	0.03160483899065043	0.2426691369996315	3.6671153005075188
IECANI	0.6741680416746458	-0.35909331070547634	-0.015454874298329688	-0.07407160341212439	2.02477885425986
IFAFAW	0.40914005920494745	0.04207037691226924	0.16929286076981756	-0.07434818930220682	2.2958029313403054
IFAFEA	0.5698547691440936	-0.146916167486777	0.02035522764973341	-0.13466345376837596	2.152593063537174
IFAREM	0.3104331231407014	-0.4872771804120049	0.13958330133345526	-0.10795156992455691	1.4371246609279105
IFEDOO	0.4817294004881276	-0.2824429141010761	0.020202138095243335	-0.014440440127474988	1.7104893161403198
IFEFEG	0.5462339554393942	-0.08825576989662703	-0.09580938278409269	-0.11596508410567187	2.1377503117389076
IFEFUW	0.6906783292706642	0.03515442754193786	-0.705341697282837	-0.04436925381688578	3.388897504933385
IFEGEH	0.5078700182710154	-0.004602446114399705	0.11709183627276756	-0.020375581279541546	2.2977188157327593
IFEKIN	0.6460574883137671	0.3437513694159258	-0.3938367997936776	-0.1002497184259415	3.339326679780096
IFEKOW	0.46841216456158996	-0.7122983321668429	0.05835836064918201	0.0628596486117116	1.3418502703429223
IFERER	0.6108426801641933	0.5698206155894975	-0.1607040735262547	0.13959825138991422	3.854187616638317
IFIRUL	0.5015771067678871	-0.34118716345318334	-0.24378150255507094	-0.06314670870435088	1.8596425738527809
IFISAR	0.4202896695635667	0.3492288506031034	-0.28100540932554907	0.27868881286857516	3.5439671748789747
IFISEV	0.44828172140672784	0.3570855659588672	-0.30885501547843447	0.27773556780312986	3.6593576424326515
IFIVEA	0.6899938348722028	0.05240048831548556	0.006831388219911472	-0.23279082200999113	2.641765538365829
IFIZUT	0.3309227629848701	0.23716918030011863	0.20731697593970783	-0.1035754433709394	2.5944711158962277
IFOXUW	0.4244566973556658	0.08106599308885587	0.23092289779540037	0.12239396289675188	2.482120309703786
IGATOZ	0.7455539569283314	-0.19953107749996682	-0.45196708457646334	-0.030730818036649975	2.457204047764362
IGEGUX	0.5149200687515041	0.3164561021425129	-0.13949131463525044	0.14204083085701405	3.0260738290456093
IGEWIA	0.7942455069843453	0.5947249409412037	-0.3421231055934243	-0.32589306907711313	4.110703484121602
IGIVUQ	0.5099947668857743	-0.30565465425310157	0.022518888860443495	0.032334516462273866	1.8683543622501222
IGUCUJ	0.3620755589181561	0.07546463171410707	0.20243073270282613	0.10949991091803057	2.3566959981868405
IGUDAQ	0.44491144102390034	0.09053818849110096	0.15265382486290674	0.03008085891366052	2.531166115065348
IGUGUP	0.3790181152230936	-0.09611181737385784	0.20714310606952652	-0.034430177658423225	2.0928665434721614
IGUHIE	0.32356034143452383	0.16124981568525767	0.41791885735900947	-0.10736135224244427	2.4486406354230477
IGUHOK	0.3300095974114088	0.22603750558069116	0.19866399273176738	-0.044659784325998986	2.514397178931998
IGURIN	0.7515584417800891	0.43528898999558674	-0.3038775697117767	-0.015828087464831837	3.6852864824728737
IGUXUD	0.4464646554668965	0.32682456154908535	-0.2397576278350256	-0.48554883963706347	2.9791561181737825
IGUZER	0.46494503973250634	-0.3971738428579799	0.058915105783313465	0.031091009271818987	1.726386433466871
IHAMAF	0.6782654315885956	0.881568304520438	-0.2946241412958982	-0.06658944823557483	4.798554629696353
IHAXAQ	0.43734946807176023	-0.13602364993851063	0.16218894430652053	0.06729342197420134	2.01796930602402
IHIDOS	0.4907348405708625	-0.4007919711855667	-0.2760089574685355	0.2811257398956983	1.8876962217544115
IHOHOD	0.4872959472356868	-0.6767245279816428	0.018431884880781804	0.07180883097979396	1.4239666265207176
IHOHUJ	0.4105814411787385	-0.749684994522996	0.1460197941123758	0.06151769862084086	1.2896408673246915
IHOSUU	0.5457400159966506	0.10551647721473767	-0.09550628376876719	0.3379642026853726	2.7867371049147707
IHUDIZ	0.32795152050419096	-0.6415911175946297	0.16115047856216855	-0.03308938646743452	1.3116158549603973
IHUDOF	0.4883599130443139	-0.24017606423460583	-0.15512713409277562	-0.09656744647497097	1.9150922836154096
IHUDUL	0.25913661252898024	-0.3786484564102141	0.3653591185856183	0.010466344865504499	1.5806065349183085
IHUFAT	0.4400451669780576	-0.14491916378375405	0.12545941068079575	-0.1084692466999805	2.0149393374063624
IHUFEX	0.3731323420107149	-0.23063119107552077	0.21172450418319205	-0.052893328106609266	1.8668582864631054
IJAHUZ	0.5342581570105445	0.31843038823155617	-0.34097876022556006	0.18316945136850993	3.732586618185546
IJECAB	0.5924923133433202	0.44759373575772354	-0.042502833267202486	0.028670864292680818	3.4038774002841485
IJEFAF	-0.5174011160662708	-0.7278809522157214	0.0845607424318264	-0.0433807414859332	1.0965994952775044
IJEVIC	0.481184821415213	0.3989628465490743	0.27017065667570467	-0.14015600568579006	3.1440761038623917
IJEVOI	0.6583876000499576	0.31098350271801944	0.1647699557174837	-0.2337609646153342	3.1817527156979617
IJEVOJ	0.2787483803848856	-0.31135800436513805	0.11687586422751414	-0.11417277389025511	1.652972872256434
IJIVUT	0.46875299136325754	0.042614866156170036	-0.0564425794009501	0.3234082935437448	2.549512193023041
IJODAO	0.611939584661668	0.30423953372262247	0.09702407103439842	-0.006400354710314672	3.0676974129230663
IJODUH	0.5262933626557231	0.3476016019217145	-0.02416100956456852	0.13667368834439278	3.2297721650481623
IJOFEU	0.560568164405578	-0.39475450655874084	0.05459574311519566	0.09409481468632952	1.917264770188801
IJOSIJ	0.6617908293264225	-0.4816297804910058	-0.12161738127756638	-0.03573873854856549	1.8116017030462175
IJOSOP	0.6001111723134294	-0.5838313333405979	0.021032815654215498	0.020253122992525956	1.5929896025361625
IKAWEZ	0.5677687748701103	0.5772283270062694	0.3988452416240001	-0.11136973155997142	3.8429499416767174
IKEHAK	0.48088312934940536	-0.22792294063439755	-0.2477065987185195	0.25012711754592315	2.3125728435550363
IKEQOH	0.7615975475467849	0.36374537602042356	0.09944130309101393	-0.24125277909806175	3.4361873483464382
IKEXEC	0.5106146483890965	-0.5543114926342086	0.041578156671381386	0.05794779685152836	1.6221319548342858
IKEYEC	0.5405845235496276	0.032284870389363424	0.07403678485322185	0.06398661362082218	2.434494400558171
IKIBEJ	0.6044322384882079	-0.42163935171415157	-0.014920329482649833	0.2437644235295301	1.8283446804202272
IKIBIN	0.6016594390614074	-0.49502891090637574	-0.001388760302141634	0.29550980799435417	1.7078324584432312
IKITOM	0.29615792506885263	-0.5725016985504056	0.21728000364659206	-0.05774767546267018	1.3018705794141416
IKITUS	0.27342042592367655	-0.5668235077832234	0.20411202131785727	-0.03704319230101365	1.3030336253487589
IKIVAA	0.28351735616763163	-0.5583631687617011	0.22107737358624607	-0.041922937297554586	1.3079203290127945
IKIVEE	0.27872801241416933	-0.5271594592119094	0.20480799921728043	-0.04403431052264413	1.3484042919733554
IKONIF	0.9042991622154819	-0.28746794865286823	-0.49915531198613305	0.02968210928949304	2.6407990273922186
IKUGOM	0.5283561006375921	-0.15178481329431953	0.06024827993825044	-0.033110095901434114	2.1236158471374327
IKUGUS	0.5068814441119418	0.06108835853261879	0.049808217557943124	-0.11835415042685234	2.3599040920116408
IKUMOR	0.3548848359643735	0.000186309915602801	0.436183600399652	-0.006985619465491998	2.2215333807389155
IKUMOT	0.5209299560981426	0.8822056867862652	-0.3098116570007985	0.07163768558744138	4.649897127970965
IKUMUX	0.43846400854910783	0.29116072687914873	0.07609234881477608	-0.11509886012991012	2.8955406371891854
IKUNIM	0.19324552887769553	-0.05794226161224582	0.34322249215859857	0.06141446323770812	1.9261377168655733
IKUPEK	0.25843986336432634	-0.25275656211143094	0.2824773914968506	-0.0999449572241514	1.7018608897239824
IKUPOU	0.6217964666906957	0.18489339910731364	-0.06847024083433821	-0.052869092352496636	2.9033131344392147
IKUREM	0.6347882949706705	0.07310670864789301	-0.09725729316944609	-0.11528031076728283	2.7047446784859193
ILABON	0.48249464769418804	-0.33499548921081435	0.19897381127766328	0.0007217526962335734	1.780385048717191
ILAHUB	0.390830372676235	0.1252019978716717	-0.12105228966316689	0.15457329259679903	2.6819423790819443
ILATEV	0.7063630755487944	0.5171689725863825	-0.1398358256615051	0.10439244123771818	4.250675835581343
ILATIZ	0.2982497958775099	0.2059569583953229	0.25404605936641267	-0.17843425516573858	2.459052684518905
ILATOF	0.29249319740510327	0.09928795198179574	0.21915729413780888	-0.3244814083464752	2.2561119124465385
ILAVIC	0.49735588885338444	0.3569916554308732	-0.11121815628148633	0.14269806933951654	3.37473765286568
ILEFUB	0.5307229350914069	-0.4438305135055217	0.12232897859044184	0.17114571322300876	1.7373364330838443
ILEHAI	0.39363732022955755	0.35165593590113986	-0.04919490034040151	0.04992168413157731	3.2006945384552896
ILIBOV	0.5765032946168942	-0.01697273428009329	-0.3995283435053536	-0.39390126542228865	2.3984862575990267
ILIXOQ	0.3851164961529099	-0.29079878579493285	0.07836056291353499	-0.08624965844632874	1.8967116053457762
ILOCAO	0.7879310819040173	0.5184581467972965	-0.09826881691710448	-0.024526684171413238	3.9180372147117724
ILOCOC	0.6077997735653575	0.5406048426103268	-0.19603819097755287	-0.11853176806067765	3.638262528530368
ILOCUI	0.6977580069585034	0.47106815385635065	-0.22329864700831273	-0.03374271108542582	3.6143072336325823
IMEGOW	0.8655259808170923	-0.09540086276136056	-0.114426549109445	-0.17159545629301765	2.632060759202168
IMEXIJ	0.6208400517855743	-0.29356400311029124	0.0013247167121633041	0.025440419022740128	2.0561197882366056
IMEZEH	0.7061669081409985	0.3753284316807164	-0.17543113754106565	0.20920458577743517	3.636049652139433
IMIKOG	0.470777073913375	-0.18951803292466118	-0.08975232617481388	0.2160486562640646	1.9856778034336657
IMIMAT	0.4526925684460741	0.07164202230249592	0.22210671211957644	-0.1120592055676078	2.4315783022355637
IMIRAX	0.5418617781939625	-0.08908009491633452	0.16345483604609923	-0.03906909364080956	2.1647278342890006
IMITUT	0.44062295262492235	0.32501503874101084	0.058743669810383675	0.06483515743931145	2.9121320319659674
IMIVEG	0.3908927507705773	0.7038739997917581	0.19293319126618913	0.34873194113857275	4.018838172248577
IMIWUY	0.5333751961155917	-0.4963377479029443	-0.07960578381548991	-0.009240005847806952	1.6928337503247146
IMIXEJ	0.30407912770350265	-0.6748176416037888	0.09455679786105567	0.15696738404282362	1.2386451462319972
IMIXIN	0.42983579787667736	-0.7038732319761739	-0.22773359393673467	0.21262556199685512	1.5531003097364233
IMIXOT	0.5399489650222993	-0.1237229377755534	-0.5728200512005815	0.034237596477366905	2.5398827385937177
IMOHUO	0.6841235573306292	-0.09941851072160494	-0.21847867701264337	-0.1441534540553141	2.462000685030815
IMORUZ	0.32450588419565607	-0.2323722212176474	-0.09901014011445664	-0.26408007379635084	1.6988089883542414
IMOSAG	0.3455001022031676	-0.015857002979032645	0.07388407827344581	-0.21008482079412139	2.1379059833383818
IMOSEK	0.31288332095147053	-0.2546554424888115	-0.05637814488806783	-0.18027213885538512	1.6691008623905499
IMSANI	0.6363119037356606	-0.17163626456853762	-0.06072088428808757	0.10171792069419729	2.3113604649354205
INADAC	0.22156620573429553	0.4965413471716543	0.5656723412224802	0.12285178008811877	3.122212375679669
INAVOL	0.49199430814861866	-0.25471867372458834	-0.2648894591666539	0.1633091810292016	2.1567513669680483
INEJAN	0.627079732382656	0.1612218669407203	0.06155843676470593	-0.04480146270794451	2.7935812964693674
INEWOP	0.46475784662042674	-0.4555135653584733	-0.15615540544117282	0.13125995652626	1.7249552643868111
INEWUV	0.5145916638703039	-0.3302964290482175	-0.20449746251900894	0.001314394336471042	1.8622972953443437
INEXAC	0.4816143099919934	-0.4504177941250174	-0.16358592833871227	0.1286320077755702	1.7434809113709344
INIBEP	0.7061033835203956	0.4648592890190501	-0.5272896532825135	-0.10526641370077679	3.9873949623446188
INIDEP	0.3654503927017476	0.6863115718961927	0.3244484105398721	0.09932717280799239	3.785782036840901
INOCOE	0.6049018716830759	0.02372771295547777	-0.18916492992204356	0.3427521113508894	2.683891636439687
INUZAT	0.7598854651081526	-0.16720420532282113	-0.4447759418846605	-0.12217864581966399	2.2306240330278078
IPAGEL	0.32584382105828835	0.2727542551787285	0.4480244754791092	-0.2835260190830865	2.6821644495643695
IPAGOV	0.7759275427169454	-0.22104998939950463	-0.20178114357068844	-0.21640071497469943	2.270613318787484
IPAGOY	0.3710953705049649	0.24541206453649222	0.160536046850131	-0.2281123263745139	2.7009733316128086
IPAHEP	0.4279045798549763	-0.10367770749061755	-0.06971444396277506	0.23833216374738908	2.1645344291916735
IPEPAW	0.30049490647650945	0.3959644466313807	0.16138287727746695	0.025138973607467186	2.9188310693887587
IPEPEA	0.29415560216073544	0.37976739360622513	0.17923440461466955	0.05424072438000575	2.866697022283306
IPEPIE	0.29220260519371744	0.2565607534796571	0.25294690254009494	-0.12318328626598511	2.6940589515771967
IPEPNI	0.6395663106226888	0.6222816890348728	0.4786863470724564	-0.1860899317394079	4.103474587949812
IPEPUQ	0.3152298145145487	0.40331327932305777	0.07599474177182608	-0.21209560572035524	3.0296789314850843
IPIYEM	0.4864365461015785	-0.264837865901257	-0.10423850499800782	-0.008865036402897798	1.9167164280884272
IPOGEA	0.4778527469769358	0.138805148026348	0.12168100238090546	0.019251788773420656	2.7469602090694676
IPUGEF	0.726315925551428	-0.3344775164626365	-0.00791040347001247	0.07292045358323775	2.2262892898208757
IPUGUV	0.7062776429108117	-0.3292187125203075	-0.019686227314942017	0.05970669918508713	2.203781242827386
IPUHOQ	0.6296464560040063	-0.039608834462341785	-0.08804007512452172	-0.2356637731282405	2.442357700702013
IPURIU	0.4267268541675273	0.045394623768649306	0.33383082178650986	-0.0006036431047017794	2.389967713401215
IPUROD	0.6906261303479884	-0.46774830067927803	-0.0333279407316398	-0.10057182964432314	1.8151700988375983
IPUXOJ	0.6472527864378179	-0.23960783936387267	-0.10639762039521572	0.0368903510309372	2.233103040381887
IQABUA	0.3261607868317795	-0.14341136677407218	0.28246423076402005	-0.09339554342520956	1.9461117436690778
IQADUA	0.2968709059768493	0.16842329260604602	0.20080512507132625	-0.32072351661397963	2.467683651153618
IQCTNI	0.41221543323108456	0.16883508033012773	-0.02702937325477643	0.3278662484263242	2.9032223722672272
IQECAI	0.2942214069244251	0.44367778217519505	0.2082014231094363	0.15419718723040698	3.001570968879381
IQEFAM	0.8047280856270929	-0.45683488019228374	-0.043892725370929184	0.008861823485265735	1.9617189653532892
IQEFEQ	0.8033310407324583	-0.4582104435404239	-0.04630831973267863	0.011642055158383492	1.959748237799689
IQEFIU	0.48480932071368077	-0.5535277901426799	0.04931840656800748	0.0587938345654657	1.6062489442266252
IQEFOA	0.8038711022944307	-0.45749889927870513	-0.04781614312809991	0.011673056756787465	1.9646421886316752
IQEGER	0.8442807390697205	-0.37463705212537207	-0.0991892450626602	-0.02847164219115128	2.181433335819931
IQEGES	0.5590215473081548	-0.13662528502834975	-0.24483545513105195	0.16363942179908053	2.376588775036715
IQETAB	0.45058234596800784	-0.5266840883000321	0.06359535026141919	0.06343942451685572	1.60825571307483
IQEZOT	0.39970651936970825	-0.6945528127045413	0.15678255266193009	0.13960544355604196	1.3147823646274903
IQIMON	0.5141653622833289	0.4094088186691648	0.47559383048779325	0.03233063721215075	3.2984883809986245
IQINAA	0.36729749576454385	-0.20348406279308368	-0.09484979673759622	-0.16064573251034198	1.9319866885142907
IQINEE	0.29251274869938726	-0.2326053621581955	0.1884099994533675	-0.21240593464962076	1.7531503183915906
IQINUS	0.5252570609409632	-0.051826592831942214	-0.2639724928578182	0.2198716550602704	2.5106816961708533
IQIPAA	0.49427808732122536	-0.0701125749049702	-0.24710987398054612	0.1961307877211405	2.4220138708900545
IQIXEN	0.4556592143967384	0.3767239998408796	-0.1847528901370154	0.11306267289741782	3.0543955727249315
IQUDAZ	0.5121662500309254	-0.05818252699828239	0.04875875479767203	-0.06674873152391249	2.28713257118195
IQUFEF	0.594806466348861	-0.10588989597921149	0.03440571960884917	-0.0543351634131857	2.276753970771434
IQUFUW	0.6266001467019686	-0.005930095246779992	-0.22619973792397965	0.1338102005434207	2.641657295248063
IQUGAD	0.5854586703233107	0.09534236851332563	-0.25085498581398	0.1259990868330365	2.8266080693331306
IQUGEH	0.5455052731462589	0.03404304431192907	-0.07628577896422947	0.13570974972589572	2.5619250666071114
IQUGIL	0.4946946616216339	0.20500529142517954	-0.05309107441450205	0.14627138117025784	2.843580312833545
IQUGOR	0.6313899427551224	0.4858196519361365	-0.11562327161146055	0.26169968942633226	3.8222865064183504
IQULEO	0.46129041996474207	-0.232794806910075	0.18556530626848872	-0.07552859265885195	1.803091581321322
IQUYIF	0.36903525162674367	0.5672964730449837	0.38019918476348225	0.1614401805972001	3.487649588827483
IRARAU	0.693604937266258	0.39603459714757144	-0.4671768070382616	-0.03904968530758343	3.8442385669976944
IRASID	0.6291877378747763	0.5353176391427327	-0.23183317557632627	0.262884453401836	4.087846744111919
IRAYIL	0.5371970339435546	-0.4479810394645897	-0.049213536975432126	0.24701052340777063	1.747766949816905
IRAZIL	0.5302920834155191	0.6821501414270565	-0.0756548740498152	0.2648937551087618	4.116737723595205
IREHAO	0.34952660804309765	0.42736102466415843	-0.011754015838906326	0.2783917163385575	3.1931067858199276
IREJIA	0.7055289195951246	0.790265091582069	-0.4924088871785115	-0.22469826855241548	4.707036433630148
IREJUK	0.49841110076371553	0.1649537573948877	0.018724474116147513	0.12508869356379249	2.6968495735731524
IRESAC	0.4679506554701378	0.5565868704191037	0.07261866265259839	-0.08294331053752431	3.461245931455101
IREZAH	0.2779243990006326	-0.3011748479264113	0.1318235665456864	-0.204224691312187	1.5959283577249224
IREZEL	0.3319851029950769	-0.2688723946474979	0.14177188108597547	-0.1176455960354393	1.7242775919013904
IRIXAI	0.07183768891500142	-0.9893460676213879	0.3490393564246662	0.34733831347997	0.9813494239951053
IRIXIS	0.4583134557588968	0.2523794160821357	0.00691617012562637	0.08612070006875303	2.7716644632265703
IRIXOW	0.0011561573062426334	-0.9712356125601639	0.38657764122447497	0.30985256356429147	0.9798837569627371
IROGUS	0.5618017867300971	0.15274049306798804	0.15037954466213171	-0.1423427542640439	2.7055941981432943
IROHAB	0.3828145193792203	0.41134441402730815	0.026190545730385165	0.3486481144228826	3.2352971839885765
IROHON	0.371482189021652	0.3058367731002482	0.19480408945137645	-0.3974670974060398	2.8192767765294584
IROKUV	0.6113625061082395	-0.08094520204147557	-0.021410043816504812	0.36047425200475636	2.446535432654936
IRONEI	0.5105032930951952	0.3519694705505356	-0.27771097921394583	-0.017676452527125415	3.160796253190682
IROVUH	0.2952167814141706	-0.4281973089967934	0.03385997592224646	0.13622040246249667	1.4543500190197527
IROWAO	0.2955347867254603	-0.5067518320821013	0.08567888687516931	0.04798746081022952	1.3551828655481224
IRUHOU	0.5176171896990791	0.14878824039521557	0.21242422749392903	-0.07606269680888718	2.6198499542906224
IRUPAM	0.47227586902428875	-0.49470745090355867	0.11363901995565209	0.1180980583138824	1.7202984500213345
IRUPOA	0.48245337379647424	-0.49906619557219817	0.10086101472215031	0.10126684219807637	1.7308137961400496
IRUPUG	0.44021974796902175	-0.14374796511513063	0.012484475911633555	-0.03816110636837848	2.1506336306102836
ISALNI	0.6142398453981919	-0.14350452352511003	-0.07299735684110105	0.1107057566331411	2.3286231571099547
ISELOH	0.5547088728333147	-0.1474332401435634	-0.0245336372018884	-0.007043289446477363	2.1193101568918524
ISIVOV	0.5756707224677999	0.3052899289679246	-0.29705910170503347	0.17752367907404554	3.7519177943001023
ISIVUB	0.5948513270548883	0.31496226753862566	-0.31765026047844297	0.16423347736367327	3.8283423119615243
ISUBON	0.5128979251819095	0.8754083488393201	-0.18071378699846913	0.2227671529364299	4.603706504035606
ISUGAF	0.5077190767173692	0.2817318114622269	0.28012589505370306	0.12077060878911018	2.9716533821526703
ITEGIY	0.6270036668309551	-0.009468163440221401	-0.20514392337799772	-0.01858241635709447	2.498055423671145
ITEXAH	0.28674043325634724	0.4022127684833237	0.07713264629246602	-0.12992661041274628	2.95144910864774
ITIFOI	0.4416572106379091	0.03866835522222472	0.19124553988556753	0.08693861000433936	2.4172803142440182
ITITOU	0.36728321359436666	0.12406783795685844	0.2854487393373351	-0.19465568348317314	2.4024486860462275
ITOQIS	0.44390099394992255	0.08755685760393135	0.24746133662581926	0.2400492517151555	2.5538158453133852
ITUJOZ	0.4370767803646052	-0.5614364012310571	0.07077902871424721	0.06410712512673711	1.5644246364693746
ITUKOA	0.4297643431982845	-0.13059658062304497	0.056786927455467234	-0.13263842168791862	2.1035191733339733
ITUKUG	0.4118541801812432	-0.0955709516444355	0.17309487413318775	-0.11466747582462324	2.079574739759355
ITUPAR	0.40661501110391196	0.6697167799075682	0.2219955189936485	0.1136807617003986	3.7405477360864876
ITUPEV	0.5450232088366072	0.25750016690526245	0.016709419022711405	-0.13344116746002177	2.8264474014490326
IVAGUJ	0.41800288457083834	-0.7186715234831782	0.030292642743418224	0.07722852316336695	1.3184619754572287
IVAXIO	0.6160617531405741	0.40413177384864857	0.06263920113717403	-0.15784140535465196	3.3355163872950175
IVEFIZ	0.5855307445757578	-0.5434292772957642	0.08019441985702824	0.2819420533805857	1.6635741700685975
IVEMII	0.7387108523235923	-0.20588462579843428	-0.023967801052526043	0.05392061985195354	2.330154683240126
IVIKOO	0.6147797079313166	0.38182918747043093	-0.11879164033198675	0.04802042423940849	3.2726756283432357
IVILAB	0.6315358609916446	0.43900454291009533	-0.184193966990235	0.05340114965815644	3.460341386753765
IVILUV	0.7418339986320515	-0.10677632089455222	0.09128906515512084	-0.12385800178208724	2.357107248873099
IVIVAM	0.39917962605078117	0.13556468117468637	0.2559578396754403	-0.19695578416994391	2.4505721994871528
IVOMOV	0.687932323960907	0.3392894876503442	-0.05956190348650792	-0.3287849792351475	3.3758329925440798
IVOZIE	0.46587841543543984	-0.43166103121958316	0.18276354869749012	-0.033075917199362176	1.5875922423866706
IVUTEY	0.6558599006249217	-0.18475976937019903	-0.324525992037645	0.10683277313861488	2.3761309239717843
IWAMAU	0.5843303637883119	-0.38577516016227187	0.08526637246448265	0.10864044690467298	1.9593869536479684
IWEJUP	0.5314832861684424	0.31400231555024616	-0.26395046808303113	0.22860001584746314	3.453555682063628
IWEKAW	0.5172752906979188	0.33487184908406464	-0.24450345775796395	0.2459778572477559	3.5200314660107357
IWEPOQ	0.5012169293311013	0.7061829049149395	-0.21339738374481118	0.11259272477154066	4.0227363245632635
IWETOU	0.38885787865870114	0.2645925143706399	0.19220242905290175	0.17262149806958782	2.7222397731308354
IWEVIQ	0.43453166896113693	0.32694151511242836	0.4853319211509922	-0.11923774830044266	2.899454858986693
IWIFIE	0.4906909796583552	-0.7367092377995992	0.30071011627491734	0.22650650027873315	1.3027028075109952
IWIMUY	0.33520734670466323	-0.7220107402995223	0.25113421340749625	0.2048738832367641	1.230531517087792
IWINUZ	0.5887654592070453	0.03462363038761856	-0.1966936425983703	0.268117927338871	2.703345493695144
IWISAI	0.47287400647858124	-0.5577678930291692	0.06245720088749296	0.0675098437313344	1.5891035762544719
IWISOW	0.6594155286792267	0.06296181484472262	-0.24784772846657893	-0.12182784017996375	2.6595057558666917
IWIWAO	0.5025892575013557	0.11105318620499274	0.1458992627129995	-0.00048302043582235457	2.579766476428487
IWODEE	0.7009934901284414	0.20058147033045176	-0.33142590339290534	-0.24387891198083433	3.0804809788610887
IWOKIO	0.4537007718284798	-0.5471851544737082	0.06107805537304917	0.03714319120790575	1.576803722453116
IWOPAL	0.8083926089642137	-0.39088472846569305	-0.06305749926463074	-0.04454319508772388	2.111140934534375
IWOYOI	0.5499661513136669	0.11107147699511094	0.005216388000557154	0.013796520684687718	2.75031408467247
IWUPOG	0.91680220891371	-0.07854748842566617	0.302960287307921	0.2536653241272312	2.877313310648967
IWUPUM	0.4549088789206177	-0.5007551289310896	0.08199364600447676	0.202578989452739	1.5892723919871918
IWUQAT	0.5820280497794466	-0.29780914226684924	0.07749683649068836	0.15700602895906668	2.0006580470876654
IWUWIG	0.6606948747975707	0.21999381688451267	-0.07658176604145636	-0.05187686877081284	2.980536872224675
IWUZOP	0.4592065263729195	-0.13535550806327096	0.06840217436735935	0.09866832531091863	2.0841467021193747
IXADUI	0.5069257631518047	0.1670332204550083	0.32333829502706757	-0.13285787130220839	2.7303175769229915
IXENEG	0.43896458645814906	-0.3453347981949745	0.01284091578893462	0.09809822783648288	1.8230029244860413
IXEPEI	0.4840126007222185	0.032536969924701224	-0.14954872925795581	0.04650798046628464	2.4465915311087185
IXEPOS	0.4063829174272966	0.010561153661614399	0.11334764112179058	0.2829129019093076	2.322233941037446
IXEQUX	0.5727060906504473	-0.3355716798182163	-0.2298551672566235	-0.004429680689773844	2.0026382429948
IXIDIC	0.6352399189466986	-0.10310743684293067	-0.5173113808261651	-0.04068012093100007	2.6725751078513884
IXIDOI	0.7612471312939544	-0.11794856643491884	-0.6640540083280759	-0.14805551127272842	2.840384799316752
IXIGEB	0.515295023749923	0.17618945100699693	0.18535339286130104	-0.023774027724266088	2.6835441943177187
IXIWAP	0.5229921671819406	0.6232686466266573	-0.05283855136953847	0.20697612631998502	3.804399236989158
IXIZEU	0.6335038150502239	0.5856418000707804	-0.024609730425540967	0.08140580308609308	3.8969615318378974
IXONIV	0.6905728632178105	-0.29677355999393434	-0.1964593588648065	-0.080781333875286	2.0126193850634406
IXUXIK	0.6209656231425313	0.41780249188049934	-0.18084368717508792	0.1194104866449115	3.707078860187189
IYACUG	0.6224528186129472	-0.2299619017210416	0.01672007935321923	-0.14042898758947303	2.1359461364793457
IYAHOI	0.38733834925461696	0.39151549486960713	0.08574591188556147	0.2945219935936989	3.1476986554109168
IYESOU	0.3816614501934481	-0.7257841078359677	0.1447904191957039	0.18184378655326727	1.395493214748338
IYETOY	0.6249265411958778	0.2989976986078989	0.030213232605286758	-0.12125039477427392	2.9891437500153497
IYIBAU	0.17534069159582044	-0.007403810227777084	-0.0016227190333295144	-0.17960758383416248	2.2049603404563216
IYIQIR	0.3411360994768686	0.8189358964390369	0.5163997775341177	0.22899840788033637	4.379906580014754
IYUDUB	0.568312402381701	0.4001951614054198	0.2540142227083966	-0.23024312691585436	3.2775395608814533
IYUFAJ	0.578232575875747	0.3991078391423261	0.30181796982421677	-0.23953014789440324	3.2483389864446712
IYUKOC	0.4879055317834382	-0.31847085163373673	0.14305168242876007	0.14236884007748069	1.8513373694525714
IYUWAC	0.48202149604607225	0.2938163277338648	-0.09861389991807655	0.2865029328537287	3.2632866430097254
IYUWEE	0.5375313146303675	0.05171619266463914	0.0453668117388379	-0.03614351283149987	2.3933649396689183
IYUWEG	0.48790081027398724	0.32373084194186813	-0.14076125926234243	0.3091318361039464	3.3625822843974578
IZAHAS	0.4216508964537775	-0.43488790386239	0.11483950276810351	0.04925628855112486	1.5604046435777255
IZARIK	0.33749036550408196	0.30455585105505123	0.20807283881022992	0.6909608021295489	3.270022219162332
IZEXUI	0.611436700744834	-0.5068050923528666	0.05541379946893979	-0.04367742860956056	1.7306739742963901
IZEYET	0.6437451904737665	0.3489664128506502	0.1810353420790597	-0.17961448880217767	3.2880333665625354
IZIMEM	0.5304942066730929	-0.3367129691313029	0.12449740023350475	0.01183507861852654	1.8287351842802202
IZIXAR	0.5252466460792204	-0.24559023014390474	0.003164257485593208	-0.04417822864747832	1.91999015462372
IZIXEV	0.5413982683510721	-0.09294542578123154	0.037078280736626446	-0.09501483964323405	2.2067570762709137
IZIXIZ	0.3280566121355002	-0.23517984168526182	0.09486230517939159	0.10815244925628051	1.752560986756375
IZIXOF	0.2875964377417093	-0.0072649995311174324	0.015552295438967176	-0.10626682571770153	2.067766854676609
IZIXUL	0.5264818591487792	-0.12521366426409558	-0.08525263622487123	0.02125019417368705	2.1087536313058948
IZIYAS	0.5459685436893409	-0.11978224300530751	-0.09074362652397129	0.018085811324219825	2.137853281067786
IZIYEW	0.5078971687150453	-0.295104288965502	0.08596410593141535	-0.05734999650708762	1.8087364586116599
IZIYIA	0.5177068848389341	-0.2915506669648844	0.08472432364483407	-0.08257460707558031	1.7962993630846773
IZIYOG	0.47891899940294547	-0.29582418079620443	0.07250745765351252	-0.0829024329867157	1.7691354605475698
IZUHAM	0.5694523832401153	0.05684470707428864	-0.07797859489910212	-0.3282415445120903	2.605752159975541
IZUHET	0.4193084720265503	-0.45758827431126475	0.15685786210963612	0.11124528389367462	1.5922716300021191
IZUJAO	0.3239693210652361	-0.5360164378148519	0.18340738709977145	-0.06965544751792323	1.369948027830652
IZUJES	0.3238790587167131	-0.4675542538068404	0.11062851200330301	-0.10279873162611387	1.4769166283902075
JABCEU	0.48081672848593016	0.154478651309435	0.14581350693537432	0.05189127761715088	2.6865975228983197
JACCIA	0.5425463184853259	0.2711180791845405	-0.18955427980562095	-0.3657269573863755	2.9372782052541613
JAFDUT	0.4277197873768115	-0.7069814992939585	0.062425119451768624	0.07818619853478527	1.3712499689281454
JAFFAB	0.4567179173639042	-0.7284937773061726	0.0962569306710509	0.05802195572571356	1.3647536189460496
JAFFEF	0.42463967790725476	-0.8108743191238361	0.2337086709606162	0.12967237363846745	1.2534771539473475
JAFFIJ	0.36901503684562886	-0.35631772011008017	0.12926359711836843	0.028369507937501266	1.7093722796484156
JAFRIS	0.6089637163333315	0.5337158204576475	0.17995385627362204	-0.0904336817157298	3.658922421379175
JAFXOH	0.4162332837520424	0.030924010601196338	-0.026152737988136367	0.012282496781525619	2.3443067295675295
JAFXUN	0.5057208633488939	-0.42475986293926465	-0.1897490083104948	0.1288743751472243	1.707549216347113
JAFZEY	0.5718176504021661	0.14550191329845324	-0.3053030694212716	-0.32537933652441847	2.6269557636365857
JAGBIC	0.750418382643999	0.538436879870379	-0.1667465686245675	-0.18296234416932505	3.8884757745390583
JAGSAO	0.4675102829562423	0.23124488013823558	0.2249928441180017	0.02189634399813338	2.756996479862974
JAGVAP	0.41687740297176745	0.41661510134717344	0.1346132274692832	0.20276041144912899	3.117255607626737
JAGZOJ	0.35419262112278105	-0.03131479935541202	0.04545742658739241	-0.06079336317094976	2.237114879864268
JAJBAA	0.49257705466619495	0.4395837029398317	0.3498888024713769	0.229330000714902	3.4484643954161145
JAJBUS	0.7801332228589501	1.0864890556603535	0.08401613513103526	0.05183987451088631	5.658868243714788
JAJPAO	0.3879211007772998	-0.41256988043891835	0.026952467011622447	0.18129596449164326	1.7064811223669856
JAJQIX	0.4301764951728444	-0.6237718932899884	-0.07746633107782358	0.0938304696571007	1.5320111568757815
JAKHUY	0.7822833657444095	-0.2044001826157365	-0.06275888708557201	-0.041115651356210994	2.3364903849653684
JAKSOH	0.24906108386769832	-0.33312376014072015	0.21979577405138556	-0.010733738232485794	1.6180931589126415
JAKZAZ	0.43892557680726707	-0.12219819044421412	0.21980887991436004	0.13524466465799223	2.122127454761218
JALMAN	0.29264558537972496	-0.0011245165225062942	0.18455520955662946	-0.1558327239145102	2.1603215404569243
JALNUG	0.4069371888571567	0.26920858668915404	0.3586692700442555	-0.006803391870160408	2.7887040536830847
JAMREX	0.2666973806240427	0.22533789786948774	0.3407533047926746	-0.11446475900804338	2.5101534483425656
JANNIV	0.3107949945687478	-0.2530927237277896	0.2557994377861314	-0.16378956017303536	1.7372248259174814
JAPCOT	0.547218093616805	-0.5399833575508773	-0.04348065059135475	0.05217369941846421	1.6612978687622213
JAPJIT	0.6683523959360835	-0.32105060922993894	-0.19509545105512244	0.16523719064142978	2.117342238770112
JAPTAV	0.46386833235626757	0.397745053120738	0.2862556166525436	-0.08293278338850875	3.1252313458180687
JAQSID	0.5946181850954027	0.3024763343189014	-0.3489115626199753	-0.027284170611800676	3.3488981073896094
JARKIX	0.3507338965535509	0.47627877537824403	0.04845219550513424	-0.1351088496157869	3.2014502630924557
JARMOF	0.6654919996708104	0.1100719593548814	-0.30631417678733575	0.12211620804394989	2.8706710120407797
JARPAU	0.4649509278494728	0.5336837363142373	-0.12483250647443676	0.009936068779921257	3.519761996129642
JASDOA	0.5881106202512676	-0.4128405584280514	0.059133088695769775	0.08118834515559295	1.8989748063851506
JAVXIQ	0.6167376508596822	-0.1827739957624739	0.04662609454112662	-0.0207334637692378	2.153052602724309
JAVXOW	0.5871580324892705	-0.29739913673265306	0.023496420557666764	-0.010401530550544845	1.9477604896869756
JAWHUN	0.5327833301907132	0.26992151271437625	-0.2099301709632907	-0.01958240885240796	2.9781108077955243
JAWKAX	0.4409327651699737	0.44556554059609854	-0.2699526202938387	-0.041256182717276615	3.41222981514062
JAWNEA	0.4367509812409587	-0.3634977244598309	0.025201819597580208	0.012910121787708487	1.8016452104874454
JAXFIX	0.2562616210188273	-0.48384791481784273	0.19014147183349034	-0.13359639221106928	1.394002482660777
JAXJAT	0.3103351673218868	0.4721988297118258	0.06456786546826498	-0.1536576281025192	3.1311903738009184
JAXXEM	0.37790790522536	-0.2583286683880681	0.16713023850102335	0.07360107758095989	1.7242921793166603
JAYDOF	0.4570712238059995	-0.6255458957449943	0.15481263207149673	0.08433914762347691	1.43680874867564
JAYNOQ	0.3765435493184226	-0.23633084810577312	0.12093545044696796	0.033181692477060196	1.8828424114989393
JAYQAC	0.5786684434386187	-0.5224195518255463	0.0948231719207705	0.0425874361406314	1.6978541078005898
JAZCAS	0.33356067888638297	0.17829812810562762	0.026262288860832414	-0.06312518605149332	2.5194407977472926
JAZWEN	0.45767342599430627	-0.1468034784236663	-0.03898156272975285	-0.25567967539465314	2.149690464132011
JAZWIR	0.3967034886095808	-0.28781151018276785	0.08629718014012433	-0.02523835492806	1.8549342864779312
JAZZIW	0.5596486102931282	0.007829629261377837	0.12320234836031937	-0.1711360649414076	2.3503074191982103
JEBCAX	0.3661793690153905	0.5519708497134022	-0.05593225752793027	0.10268239531184828	3.3902821008661466
JEBCOI	0.8259029742150243	0.5506801738282059	-0.050061203743730076	0.22272192990931694	4.285217173563528
JEBCUO	0.715564246189583	0.6351926941099815	-0.05835380749848583	-0.05286091652364773	4.14711768162209
JEBTET	0.46221568077780883	-0.4247630518672782	-0.03810449423927116	0.06267328119032861	1.7174198919210557
JEDBOM	0.5709797128186498	-0.071289641798671	-0.260552205346493	0.008953052738337592	2.4170187935659992
JEDMIR	0.6646480384546916	-0.4136316793108163	-0.08706072539375496	-0.2073156155223046	1.786108967640516
JEDMUA	0.40421002575214793	0.20982381464870914	-0.021929410870456786	0.24906206784451324	2.833570285755639
JEDPIU	0.4725227614614864	0.39465600568557385	-0.007421782212441802	0.0005872088865306636	3.077611550017636
JEDWOF	0.541442679494831	-0.19277105741944647	-0.3407534921481354	-0.3021912428634866	2.005392921387006
JEFRAO	0.5588151126703114	0.11652944633284781	0.007850009862141683	0.008334916230287825	2.768486759139679
JEFREU	0.6129960623800335	-0.20789365622442557	-0.10568092216271006	0.035846444344049995	2.2943843030839166
JEFYIC	0.756274816233022	-0.08250380764325493	-0.10121332981528076	0.10173084845234591	2.5267607793428537
JEJSAV	0.49198504705138113	0.09644272105460092	-0.09148058278142297	0.23085222909144215	2.5855227154120324
JEJSEZ	0.5527170507597781	0.046925525691465936	-0.19537327262099966	0.20551578159045686	2.6449076999712404
JEKCIL	0.09547587643919453	0.1903569711207538	0.2512681532192177	-0.2751657130002551	2.199673619691641
JEKFOV	0.6082415249701203	-0.2828254623488213	-0.012097751410396193	-0.018462350249263806	2.0860815303256284
JEKLOB	0.3222876262846497	-0.5223393500171405	0.20260485658254695	-0.034907293925001484	1.4342442969637064
JEKMUK	0.39655902670859966	0.5732659552929639	0.22218778494518632	0.37839312969342354	3.877158456715905
JEMCIO	0.432032976792172	0.6555128359361017	0.23163626333249981	0.12670473411630057	3.7535769671372763
JEMCOU	0.3389425165730633	0.4185661486177034	0.3556244578603385	-0.00577931111232613	3.059187346747082
JENJAQ	0.4346298382979228	0.16696196453633966	-0.04741571348047164	-0.040506285623769775	2.5148708361132277
JENPOI	0.28848069676445487	-0.8689976908585044	0.1676718846566218	0.5286025883570129	1.201891955091816
JENPUO	0.2641418426439417	-0.4986494721061413	0.24101732781694873	0.18683741466063142	1.3879549806567935
JEPTED	0.3305443964165278	0.1334023801768004	0.22418659577258176	-0.009899008051028696	2.441777368842527
JEPWUW	0.1547859133586713	-0.26897412400026566	0.2114130402751102	-0.05189042162772045	1.5925142529176868
JEPXAD	0.08493853445456478	-0.31608303155917045	0.17472203889857812	-0.053417597766184946	1.4835837222105126
JEQSEH	0.3592125384039839	-0.09615128410087986	0.07651146689380306	0.056509099020139834	2.069804909067426
JERNON	0.09026943446685465	-0.773721678551471	0.15639405588668068	0.002081070089037289	1.0505286810200472
JETKOI	0.6158331413154752	0.03432320355610174	-0.26938114792360973	0.18399478409592818	2.724712717905169
JETSAC	0.43855754005161796	0.1744126087145745	0.19530138845730827	-0.04523874656573902	2.54896895488738
JEWMUU	0.7085194913508372	-0.013073632492727033	-0.3730798629097775	-0.01635482254246271	2.632188431741109
JEWNAB	0.6350266120972741	-0.07991587324250055	-0.22658179600892908	-0.1307608732750794	2.363202385343458
JEWVAM	0.2839301216834138	-0.5863868958464872	0.1678146274009173	0.08511326299389554	1.318177048320707
JEXTIS	0.6246411928479567	-0.21053604912516424	-0.005720901754931035	0.18099214280920173	2.04633859225185
JEXTOY	0.6497381728107037	-0.363073316699911	-0.25703828956892355	0.13570220734387395	2.040436983895324
JEYDAV	0.5598367581177666	-0.33094927678019315	-0.012551152770632026	-0.16247858380694463	1.9421831997077443
JEYPOS	0.51367524075419	0.04663380024882541	0.1562586190560823	0.0023483445140167793	2.453221074773016
JEYZES	0.3734246231844498	0.37872099940017817	0.42300045093911054	-0.19428556868910496	2.9885578677130367
JEZGEA	0.8286431301600956	-0.298312004417366	0.05327123706327144	0.2489511892114039	2.476864813015727
JICTIB	0.8373826385336871	-0.3472162785251611	-0.059406701744502854	-0.010568773280779542	2.1872171139193055
JIGWOL	0.6206328898760916	0.10092786961399841	-0.050613756285770035	-0.026777001558791272	2.843604981008127
JIGWUR	0.5824710920193539	0.09813024117379608	-0.0008108425395067231	0.10653245142904043	2.790277324046662
JIHCUY	0.31075213360973786	0.0981683736616407	0.23152927500458592	0.08823022006844174	2.3429390041820226
JIHDAF	0.31355602297231266	0.07033352760600202	0.1008501186922243	-0.0790442918189431	2.3163595157908174
JIJMUK	0.6073145214353151	-0.27581472972397764	-0.052413732213347025	0.02952686791085867	2.1141345635923368
JIJQOL	0.4346416978170904	-0.07256758759046882	-0.023733108818201468	-0.020102127398229662	2.170812449768321
JIJVEG	0.4734485385461582	-0.24004248181573895	0.008916774461099397	-0.1306685706440472	1.9690491278332385
JIJVOQ	0.4420867728357356	-0.07355956331466679	-0.15688313185006136	-0.14345927165766276	2.2220966933927757
JIJWAD	0.6716485590091805	0.5390063773944402	0.1444146686103358	-0.02856570089772892	3.839913780910514
JIJWEH	0.34468394594162755	-0.3407725282701617	-0.03458651297481937	-0.20167760546023666	1.7189876817543586
JIKBAJ	0.5006579189868452	-0.1407294338900405	0.10122415483877767	-0.20704167767240966	2.076318745893268
JILPED	0.48248063317704926	-0.26145141395907956	-0.11862406708873574	0.13579847080829283	1.885885821649298
JILVEF	0.7476023328768688	0.26409649186915735	-0.1757680706331391	-0.002803712870499877	3.3007815597707184
JIMCIS	0.4881842692834164	0.1819613282743122	0.24229098950833372	0.09803037107715122	2.6732810521731576
JIMNOJ	0.7853141172320912	-0.4448068461279488	-0.041574427638410474	0.005531186524662696	1.974896620907231
JIMPUR	0.44029239914844	-0.40157835195401287	0.058366641362227856	0.14009342231240274	1.6917323720324027
JIMYIO	0.3875406182382992	-0.6744118697507738	0.12868803809210502	0.1362489611997131	1.4219837049606738
JIMYOU	0.44490372090998953	-0.5075450133316088	0.05991522159904278	0.10626266081884328	1.626844872722115
JIQBUH	0.5492402932544431	0.4138250268036692	0.30694041794522436	-0.10922693485292274	3.1906953647660385
JIQCAO	0.5570832348953978	0.3659409199221676	0.3106639782936762	-0.035111406759278894	3.112543310056257
JISHAX	0.5523163498028723	0.6006911359915441	-0.09280289054000186	-0.006081273744694672	3.6977685979049664
JISJUU	0.7176264494201501	0.6661560152456882	-0.23263076205327912	0.07855331441540772	4.275296332786171
JISKEF	0.6010442785625001	0.6334026840649029	-0.029540272422974356	-0.0967525979961483	3.8662904261403206
JISMOQ	0.5323141719172888	-0.5217552498668623	0.04124247857097289	0.08215578858979569	1.7369289358169688
JIVSEQ	0.43597391316542566	-0.45120719373085894	0.043683410341389214	-0.2065158262169257	1.5866078849649181
JIVSUG	0.31818813453203765	-0.41528725943489453	0.2237183824477293	-0.10025646478216503	1.49482105860671
JIVTAN	0.4404251201070739	-0.4125179968334053	0.014479614115669254	-0.32247757973902424	1.611883114445828
JIVTIV	0.4840848961250863	-0.49319757430384953	-0.0444795380238545	-0.18369202358622988	1.5622379589438258
JIVTOB	0.4900269167444673	-0.53567892150677	-0.054676806051872404	-0.1863218623492292	1.5429585713360614
JIVTUH	0.5093789599603964	-0.6926592275593014	0.009850190739098458	-0.11183757230044737	1.3629403406343428
JIVVAP	0.6456728899257911	-0.39348157425451546	-0.1780266705455184	-0.4587956409002538	1.804279717275553
JIWPAG	0.3763346812111683	0.5190628689187337	-0.29175711915100555	0.12327718543871638	3.657885665925239
JIXCEC	0.843351772382106	-0.41617190155101097	-0.09154001585980402	-0.023171453786912134	2.09321249209336
JIXCEZ	0.48678661634713993	-0.5549068938307457	-0.06329193879119485	0.17887972488735732	1.6363537357913476
JIXCID	0.4827185158953764	-0.5271240768400628	-0.07309597312405476	0.05897249943715771	1.6870034562424947
JIXPUC	0.5473856680783662	-0.43838413888419175	0.14065517306245964	-0.01426067316476469	1.8030484826854183
JIXQAJ	0.6946306607013266	-0.40087527099426673	0.039423261385614555	0.1286267028501668	2.008609639409585
JIXQEN	0.6289954301353067	-0.25824962420993247	0.10499473922137362	0.059077035370694274	2.074736205021532
JIXTES	0.2301351187991738	0.37724019298696443	0.37072300853056134	-0.11488293554346345	2.7074061621360164
JIXWIX	0.5773008473622783	0.04703915032024311	-0.06752838836529443	0.18238497811493132	2.709341203118811
JIYKIM	0.4604124896286095	-0.05804240713152779	-0.12704364101231008	-0.24872048580034434	2.3651194449096473
JIYQUD	0.44773899149049345	0.21103840407512403	0.4578387229509797	0.11974533665214372	2.7223610144873
JIYYIA	0.5622115597827575	0.07003569658483026	-0.3224589173330981	-0.13109557907992908	2.5799007820020217
JIZFEF	0.2762433443562413	-0.35858938108932825	0.6131952398727786	-0.1331311331616139	1.71815890593757
JIZNEM	0.552364217831661	0.1473864753779531	0.0897270318641901	-0.12399711177985	2.745614558146145
JIZQUI	0.5333028762546936	0.5214071461857983	-0.1674937596358862	0.17153142500812496	3.5851045780350397
JIZTAP	0.380392912118654	-0.08523380984880705	0.031829641236451905	-0.036389868940513624	2.0806575552481466
JIZZIC	0.2662734133230442	0.2521963448065564	-0.2726518195752241	0.2160134276130548	3.021652907650855
JOBYOO	0.269247169873307	0.1454641001295963	0.10879509423043918	-0.05829409347576181	2.332597244067796
JOCJUG	0.3844924264516063	-0.5693548538698101	0.1784825786752262	0.30373612826614266	1.4957992374826845
JOCWOP	0.7540366990117455	-0.4908970631162826	-0.022872488076924657	0.08674415662793872	1.781233179350171
JODFAM	0.4028849321620589	0.27112606358533964	0.4114019443557006	0.11445239303010411	2.884238281687486
JODNOF	0.6236357943703874	0.5060689858282725	-0.39496467053071765	0.08447271034995478	4.145559834327173
JODTAY	0.72927466540495	0.19450619309698006	-0.24435563102026633	0.24643684693089518	3.281706294245339
JOFQAX	0.5532923927487889	0.314481201901083	-0.21370257981034935	0.08893121220224452	3.3593504846604323
JOGPEC	0.5786768396444941	-0.3262202063919967	-0.07082414551360579	-0.03697549477898569	1.9226625521119332
JOGPIG	0.5155961924992569	-0.3719120409273269	-0.0447751933804726	0.008200571203528732	1.825415194076335
JOGQUS	0.5628007929617782	0.5708093394565446	0.13934326565451283	0.2638912447316184	3.796859928391759
JOGSAZ	0.38323334541706977	-0.16104796185434242	0.03146206460329777	-0.026289585280188807	2.0976062333015824
JOGSED	0.49502574968822355	0.08098134485871851	0.0877447561457961	-0.24518242801010842	2.6049206513351577
JOGSIH	0.4307321738257457	0.02279473672521757	0.26838329247555737	-0.12899631144474666	2.3475663035534
JOHMAY	0.6538264520853447	-0.2463623179593175	-0.0975687274766209	0.032824959589316534	2.2348909229949463
JOJJUP	0.522536829994821	0.06424233474417192	-0.1336908626068114	-0.05233749527683165	2.53605716327919
JOJNUR	0.5924774770088082	0.19097824138968628	0.17589808769585052	-0.2048170176814848	2.912415926393701
JOJTUZ	0.4397761274393206	-0.025434761812313057	0.2480940873436958	0.07585287178979584	2.210096721700772
JOJWEK	0.4222937008899095	0.13999893113534956	0.30267729285860884	-0.045867974570699216	2.4630219732400884
JOLDUL	0.5666934542839153	-0.2028047048666732	0.22307628271760233	-0.11370119852059084	2.0420116900028296
JOLFOH	0.5498609071217588	-0.3447807710910689	-0.16809004068801336	-0.017897810968919486	1.8104136106763202
JOLGEY	0.6579703981287324	-0.019118844316932736	-0.4001629810433015	-0.37640579952912656	2.3410441626499026
JOMLUV	0.29212848567712424	0.3626096218580506	-0.11487174667158931	-0.207395641479941	3.1026121914827582
JOMMEF	0.18748035251819006	-0.2933830673773536	0.25982985677589426	-0.2607598752709562	1.6239469032929787
JOMMEG	0.45015263533201555	0.007359300322424017	0.28734475266065623	-0.09779080260255081	2.2894922516441687
JOMNEH	0.49698238594660626	0.3841604125869582	0.16171536011342894	0.02071782287504068	3.041754205782614
JOMTAI	0.4723896732261377	-0.5701497571110324	0.09698373421530138	0.1259862093485064	1.5790430186779418
JONXOB	0.6172313072204751	-0.4853586102618914	0.036750364272034805	0.18960868108876028	1.7277056044152426
JONYIW	0.5221443897115714	-0.4688757458365617	0.07307527159478835	0.16698041369693445	1.6322847659613204
JONYOC	0.559316179279719	-0.4451926192237692	0.04035270886369044	0.16437804376089676	1.7141589322311468
JONYUI	0.48633374939443375	-0.4176499151209503	-0.014681802435945829	0.1051474853425987	1.6472761039195911
JONZIX	0.4748259344119461	-0.47338602276533587	-0.0020056491297179985	0.15097407734306756	1.588042623769547
JOPCOG	0.5333412770739931	0.21938933248692696	0.10630661768993804	-0.24651826982163938	2.895741494284776
JOPFAY	0.34158036745992293	-0.20085714168048432	0.17624315262056994	0.03195726982290244	1.8656708394518373
JOPGAY	0.4314011120300556	0.22524084573109307	0.3437210216925637	-0.007963880282693132	2.669527527271222
JOPHII	0.6271155092936995	0.17324914659093207	-0.1951103866026634	0.1693991204307863	2.9485087865896102
JOPQOX	0.6078002532445357	0.3924568442613139	-0.28519302708940975	0.10317419131911615	3.558361058086316
JOSHAA	0.6014763822021436	-0.5032726034819874	-0.09678392542061948	0.01427960337660265	1.7368263273849118
JOSNAI	0.505157124121153	-0.29442557402574115	-0.010194178737782597	0.14121259170754363	1.8756615725241423
JOSPIQ	0.40815827623207035	-0.5134659870156324	0.08395325530688336	0.19504437961812154	1.5597567699557433
JOSVAQ	0.3211682961694553	0.697675477741343	0.016919498238002234	-0.05986318964484437	3.712496615820869
JOVQAP	0.42124624120177945	-0.10452075504269134	0.08031230624055649	0.013328994627412273	2.097967558068371
JOVZOM	0.2693811506885302	-0.4286607009827887	0.10116586264247035	-0.24527811292989193	1.6345910510727704
JOWBAB	0.43618226272754157	0.34881074274387375	0.32227800684192953	-0.09889919571085348	2.9060282275860283
JOWHUA	0.6103371303076299	-0.3137152072166415	-0.12077426484383372	0.02490651096668105	2.0389989728305355
JOWVIA	0.4201386018022948	-0.0770418856072585	0.21973146831304474	0.06780570741803013	2.0781691605160284
JOXFUX	0.3949599609040826	0.06932973201284678	0.31011719672841476	-0.04705938688003149	2.36631968143221
JOXVIB	0.3951942356364553	0.6014025590421227	0.09706067623655926	0.11979526427806551	3.7021917753419693
JUBZIP	0.4411614610446932	-0.055020786464028665	0.18088631328537308	0.1740477223297363	2.1978066054473953
JUCLEA	0.18799734145475444	-0.4422685081716341	0.11496730214000794	-0.21427160441834092	1.5796507612740016
JUCLIE	0.36927776279091606	-0.3867802354971704	0.054632223646540995	-0.2510284749517793	1.7446011263001664
JUFLEB	0.6587798257808872	0.23885802067913348	-0.2628355566553903	0.09623280293352261	3.0560053533055673
JUGPIK	0.04030675066860079	-0.23114747428392354	-0.033222068657719456	-0.14476928037150666	1.5868498698608633
JUGTAI	0.5130514178593604	-0.6402599500829579	-0.1416172882613284	0.16865853451505453	1.4159748970949764
JUHJUR	0.45072487310589526	0.15452242821686163	0.2548964581843417	-0.034230078627878795	2.5225896171250772
JUHSUA	0.5058502702574659	-0.3481988490181694	-0.1153124399488661	0.03136110166924361	1.8503262096403492
JUJHIF	0.2454062629217506	-0.1445245788548261	0.00784637575619232	-0.17165383601119366	1.9254226932787428
JUKPOU	0.65305788882198	0.09833004241108749	-0.013187754247865932	-0.20153571945883092	2.583139159233254
JUKQOX	0.4101322309536073	0.15942466266121677	-0.015298093339025154	0.3458821875910059	2.759076846492411
JUKQUD	0.39313585399869133	0.21810450529501418	0.03488507225098314	0.3926770230408935	2.8962011183768777
JUMVAR	0.7148796270627598	0.3127370846541762	-0.2657428022245027	0.16885096945928058	3.6842061593930344
JUNLIP	0.42638826173733335	0.2916766368332283	-0.2428321418531155	-0.007632303106602838	3.4006747574190745
JUQKIR	0.3341552228746667	-0.3384430833504859	0.035111677510438505	-0.09224079793638075	1.7575561572722014
JUQLOY	0.36358496106710714	-0.34390983874649855	-0.053630441577484235	-0.22488620596153064	1.8444770853832972
JUSGAH	0.6265991802954485	-0.11994807249922411	-0.008159855315661435	0.03836174673685368	2.4264786694881506
JUSVOK	0.5032102773743317	0.10895613619969177	-0.08253085509158696	0.19281153384140054	2.600830975164052
JUSXED	0.35511633564524203	-0.1415137317729759	-0.03049912400724815	0.03582280843341896	1.9944786941344512
JUTBOS	0.3623033155352564	-0.14491334074877088	-0.03854485675998576	0.03473133207831123	1.9993879428751784
JUTFIQ	0.40049353672493115	0.1019310835346944	0.2964154366370129	0.1009094512487067	2.388841008388173
JUTNUJ	0.28976780940989677	0.2432644457166081	0.16453646374265207	-0.20785621813139543	2.6121130608243908
JUVVOL	0.47665703489858124	-0.04973425366899954	0.14859520563840117	0.01049351820106221	2.3264139976538507
JUXHOB	0.4705481929916715	0.2261352081945274	0.13546273283811322	0.09446984763178082	2.724177121353744
JUXTON	0.41182070142059857	-0.06248557718692802	0.24461249693139836	-0.07189866781287103	2.236020721319812
JUXTUT	0.42255133663041455	-0.04279180385260809	0.22128432935357634	-0.09371318781141681	2.289185079327928
JUXVEF	0.3004260010767448	-0.03334997886171019	0.17907152764680856	-0.131485068635958	2.134329895550047
JUXVIJ	0.3539199749788011	-0.14412271105172225	0.13841080422595706	-0.15139460118770787	2.003338659540006
JUXVOP	0.2580162492953031	-0.01511868971010754	0.23023265090002593	-0.11361831454312134	2.143902145372227
JUXZOR	0.3880687495894408	-0.09659947478655442	0.07387356026891856	-0.11489313084654164	2.0160742162482843
JUYCAJ	0.48685531517120406	-0.13614041647019778	0.16159985210311367	0.10463767803457118	2.109060027615335
JUZQIH	0.4362080317431145	0.21141438025956982	-0.05644486140005926	0.0016407127086364923	2.7056966648702914
JUZQON	0.45659989534119294	0.2231698263444195	-0.06117866064066942	0.030464591221432684	2.784989406179222
KABPAE	0.4448866493245678	0.3577203986301025	0.4619871603605624	-0.12421446853592684	3.0204101417450726
KABYUK	0.5286805510521555	0.14365911880892407	0.13254630227648506	0.08925473454110475	2.733434894055631
KADHIJ	0.6527385512058297	-0.16142700191015238	-0.20389296484870015	0.00020160458414300933	2.2734454666711557
KADHUV	0.3630424814735145	0.11678572931082185	0.25572931038565844	-0.016531794354957566	2.3392637288305114
KADREP	0.42683297906390916	-0.5621079690371394	0.17552083147267877	0.3156745980857176	1.524813843487296
KADRUF	0.39543281954436615	-0.6251695906236117	0.18270873960172418	0.35018826302723444	1.4599605570207324
KADWUJ	0.5085595641128862	-0.44852381860806023	0.139424981177944	0.11767058085827964	1.6761673957334073
KAFGAB	0.40595280763826125	0.2046999345163363	0.10505897048140678	0.010011902128812936	2.694060582648965
KAFLAG	0.6739654705974418	0.5871288383015152	-0.17283560533306047	0.07124580512703865	4.044866788846769
KAGLAH	0.673498099393	-0.2102930288117624	-0.3805878233407698	-0.08022325522837906	2.3617673064319042
KAGLEL	0.640464810401026	-0.12390786718536272	-0.4180949054580732	-0.1347842449919121	2.358029453852211
KAGLIP	0.4420989010660028	-0.17554710247568933	-0.2326769058410397	-0.021253866318117008	2.0257689542278476
KAHZOJ	0.47775011257378974	0.21699047003266847	-0.5313185762742563	-0.5375206767488351	2.865733513806462
KAHZUP	0.5067176645065485	0.18551900283198017	-0.5087075648464652	-0.505820691132948	2.856860120201505
KALFEJ	0.5956864865021707	-0.01936764082751169	-0.27598907599693956	0.04381831032925443	2.4711145021857606
KALQIB	0.5634978140898754	0.25233211801798755	-0.21653635483032288	0.12118016914354134	3.1165206210100607
KALXEA	0.21254791979641174	-0.05022031239107571	0.5821264080385612	0.3096509795826546	2.0968703039569307
KAMFOU	0.6202915656083468	0.7023192450727413	-0.12874297182983815	-0.011243430486924895	4.245747129477328
KAMFUA	0.440924653764176	0.1992138266760612	-0.12071750239425867	-0.08753373148122594	2.698936975219503
KAMHUB	0.648027155822569	-0.22070210719827485	-0.10140096567093033	0.04757191282806229	2.2714226470320322
KAMSOG	0.4270992932208726	-0.17772692772640938	0.14646424260855342	0.021449298918187587	1.9728499919812812
KAMVIE	0.6720447996949108	0.5456068593531681	-0.24380224330655814	-0.16520375745663468	3.668128102108123
KANHUF	0.5935731613322437	0.6663408420470562	0.036734866561156695	-0.07159877471234202	3.9998604180387467
KANPEW	0.34631138509723147	0.15734824380640422	0.3374656656101537	-0.31022937835904624	2.4545407481643635
KANRAT	0.167911166914942	0.2677768557850684	-0.062445367215483	-0.16803513804840825	2.517182372271922
KANROJ	0.49623891205394877	0.3588183563425551	-0.2240902936955653	0.25480154075122835	3.3493887838923153
KANYON	0.8808802420358415	-0.2018301120765319	-0.1272108137378027	-0.1951603766135886	2.357315596194761
KAPBIQ	0.42734446667888104	0.21943585994718512	0.0455212181870205	-0.053095487130603844	2.620074076748844
KAPPEY	0.47852149897437535	0.32896413034294136	0.4732304771512197	-0.07819590728349628	2.964799932562912
KAPROL	0.38612591886028014	-0.17993455594824476	0.2155663599271918	0.07144268329242032	1.9105962187504275
KAQLAS	0.46151845013271053	-0.4355980134798701	0.18009676567439514	-0.028696649921429063	1.5803306326546342
KARCIR	0.42074827872580656	0.15954144642423926	-0.1819647081496362	0.08200952180247986	2.6541296491732584
KARCOX	0.4220864501134862	0.16116211328466398	-0.1853631846607207	0.08241516848289278	2.6581451118558244
KARHOC	0.5657704405031367	0.5121882770331416	0.056887393955384113	-0.05272045038148605	3.5238881171633425
KARHUI	0.4849332440232308	0.7207043293886675	0.17365793823424786	0.02989797324381298	3.966899084295635
KARMIC	0.1901745269684776	0.3488495062406348	-0.13105023156430745	-0.18237304945444366	2.671841387137897
KARMOI	0.4905827381540684	0.20297956091825872	-0.2431970398972876	0.040765624808201895	2.8198769252380154
KARYEK	0.5126961182872813	0.05609411136970516	0.031217928963683722	0.08241627091283085	2.4431747439962948
KASBIR	0.3742568911156994	0.24124456319479143	-0.2498606680675771	-0.27640977449544485	2.641686542297408
KASBUD	0.39246027648885917	0.2624919198095032	-0.2584988756647314	-0.2670872718215285	2.7015797428312376
KASDUE	0.2589682033307703	0.0031015833095651216	0.058743240943075925	-0.3453932475497686	2.1515628479359834
KASQUU	0.5035451227308467	0.4968256921606812	-0.056402819040635065	0.22778305523736747	3.559378733675957
KASREF	0.6671404897040105	0.09461958403895258	-0.29228628102509435	0.14850215693554672	2.9658710144363725
KASROP	0.5204872389093849	0.5494624927521626	-0.0460104513456467	0.2142287367015402	3.7502434401122433
KATHUJ	0.4843237214198579	-0.35012174678411856	-0.014522274554348485	0.13546577392216458	1.7853985870359124
KATVIM	0.5893599337446078	-0.2832458854232008	-0.06266500271338966	0.07554787623123373	2.149612597370669
KAVTAD	0.5479294907093957	-0.3488576074858267	-0.23877618894942698	0.008965533520503697	1.8295312360915248
KAVTOU	0.49791313921981306	-0.3547503327592404	-0.16772981988654664	0.029946486814087462	1.8677010559834528
KAVVEJ	0.40339323130295046	0.5015451647529626	-0.16958226681315652	-0.1405316122746219	3.277133804072011
KAVVIQ	0.541198576897103	0.012137643294180163	-0.1856282549154858	0.06391704613208382	2.426693695131111
KAVVOV	0.44642096727976543	-0.18344109206079123	-0.1868132705263546	0.40186464813817047	2.1863426321211854
KAVVUC	0.7261195314819311	-0.23856863098333594	-0.010963605366060697	0.2097323425964051	2.125022451070709
KAVWAJ	0.5530778043239231	-0.17411394050144524	-0.22010641250003288	0.16741256641648922	2.205388574638588
KAVWUA	0.4294572221886872	-0.41957279627730976	-0.13609563710282913	0.08883736240060545	1.7259072187881148
KAWBOA	0.7258887474296287	0.4442088094171962	0.18589839605588337	-0.15673967132393424	3.7276178319922897
KAWCOB	0.3476973529575469	0.30398861034703284	0.14931920414576236	-0.06909478320532593	2.792640344519504
KAXGID	0.23822764463027113	-0.052704407585974826	0.18109426813581148	-0.2358304697881206	1.9766253060338315
KAXKAW	0.6584577697270939	0.42608020800971835	0.08445294944918652	-0.42683794897675265	3.462280749449791
KAXKEA	0.43197290084300644	0.696374014668359	0.30907478542347533	-0.020920515707102655	3.869551123525327
KAXLAX	0.4776828593236573	0.24253222686895548	-0.48363883092677035	0.044832225895179365	3.4924447508079757
KAXXIR	0.49022595238453537	-0.06574002379112176	-0.32401908274510927	-0.131572772879417	2.2795231458382554
KAYKOL	0.8070181141916954	0.3478024054343735	-0.1727960624403789	0.2528743541761417	3.622052554029553
KAYPIL	0.536232318823421	-0.2285591319919135	-0.2822028163455852	0.26257642719975377	2.1329910279600752
KAYPOR	0.48643822846262186	-0.2904811244554701	-0.2934143365684598	0.1770677439892253	2.0266692325629787
KAYQAC	0.6030482190096791	0.16076380066799364	0.016391901237754844	0.08787199156726751	2.8535710659122984
KAYTEL	0.5301027276683881	-0.000986774585039124	-0.020535029928795343	-0.004836408575685215	2.319129748008207
KAYTOV	0.5496005202855301	0.026010272685625592	-0.031904155277585514	-0.033531985900208595	2.3787360496560557
KAYVAI	0.5891071044991669	0.44911725535167013	0.19735165515783043	-0.12786440478462435	3.4125932694179095
KAYVAJ	0.49590547624164927	0.017735612562951954	-0.012273149287446328	0.013775776761106716	2.299233370148593
KAZYAO	0.5083289392327357	-0.4573591661275092	-0.08885769748236952	-0.12857600916338285	1.7129579472617569
KAZYES	0.6282591165392448	-0.21763892134049187	-0.1138901255686683	-0.3672521825864132	2.111665187406555
KAZYUJ	0.31789879032713797	0.23446633055284888	0.4826294743006665	-0.08436864237973062	2.5409591151870896
KEBBEY	0.5473319970111739	-0.4412068265023322	0.11693859418399832	0.16445743360885662	1.7566480260658537
KEBFAY	0.5389192256756674	0.7831068655085984	-0.3393686996568341	0.20549093948409697	4.599886780047822
KEBHUU	0.5777675620176552	0.6808964389434377	-0.03209128472139521	0.18312466165250757	4.036162981137434
KEBLIN	0.544127787946751	-0.5241849464715188	0.07114846423093382	0.07174281441269473	1.689843472032414
KEBMUD	0.3597536716277707	-0.07504690003858641	0.3701370486358844	-0.00747681224080636	1.9726054185435464
KEBNEO	0.3275475463697175	-0.010938388552180408	0.30498736118123715	-0.1020858021863119	2.0103116386602142
KEBNUE	0.45512334444598324	0.2289288508393199	-0.5444043304438779	-0.5607669484130413	2.998185099994071
KEBXEW	0.2596288748053315	-0.20448325363195355	0.7467943778219909	0.1730335488118966	2.055293782492774
KEBXIA	0.46334468328852285	-0.28287368252462514	0.19678529457095062	-0.02869638129171479	1.8726122203745925
KEBXOG	0.530809939905696	-0.23562749981322006	0.056274120041586106	-0.004155041708205395	1.922053949964781
KEBXUM	0.3571453882154083	-0.4371655048488011	0.12071307317184421	-0.023975614578003235	1.5284408709074166
KEBYEX	0.47979421651730014	0.03409076199196438	-0.23702912462786493	0.04454331401912692	2.4406689669744352
KECBOJ	0.7115358920486372	0.12113031481044975	-0.5209626192388531	-0.2037476497006241	2.9429896471058616
KECFUU	0.4987182871027809	0.454645388405571	-0.24669545917510882	0.07029131013279571	3.4426531745984814
KECGAB	0.6039259215446746	0.13352129941526467	-0.0533445226604192	0.08395111346203021	2.6607185058405562
KECJUA	0.5127902592013633	-0.45170165798890566	-0.12840221061341478	0.06664629803625896	1.807861666392089
KECPAK	0.573737272718601	-0.48019821682776687	0.05825620858688485	-0.10536868542587628	1.6314215236174499
KECPIV	0.5370397348563793	-0.07207997476438584	0.03300086717228905	0.0848096066140687	2.397785792587952
KECQAO	0.6019666257018255	0.40307725140128986	-0.2857176910001211	-0.015656702711958015	3.404230884709211
KEDBOO	0.35220291508689616	-0.7491907850310354	0.08115058372291958	0.18324463878998515	1.2520668082976436
KEDKEM	0.6106230076429116	-0.4317584182196395	-0.15457809805012973	0.05177286138234881	1.8508479024186333
KEDKIQ	0.5068385646708178	-0.513672912925578	-0.09885356242798023	0.09432249829222768	1.6838405330398398
KEFTUN	0.7404214800571074	0.6297235108336176	-0.2782833647334565	-0.10023341592770081	4.130349988589846
KEFVEZ	0.68798565686025	0.7854799832074213	-0.3184151365018103	-0.12002903584989737	4.474114643305373
KEFVID	0.7413413535344837	0.6488318993994443	-0.25403315688578476	-0.15075648566458222	4.16044099175385
KEFWAU	0.5918009761708412	-0.34954220626787874	0.03839457051875307	0.0587226450873242	2.018086190652337
KEFXAV	0.6193064107745307	0.6673448911553049	-0.027985759775321847	0.0682093736885549	4.048953556178822
KEGFIL	0.4601645998979036	-0.008818019375254232	-0.09282142600785508	0.13752332438091075	2.2621558189760966
KEGREU	0.6067547394171715	-0.37998818775743765	-0.04333977169898276	0.18138962957111093	1.8703913588687486
KEHHOW	0.48722125644537506	-0.007361380816588393	-0.10395090617152855	-0.2580142400608516	2.440316519577804
KEHHUC	0.49054033521649565	-0.015153744552888787	-0.10651969715346626	-0.26678438986649616	2.444317664229032
KEHJIS	0.26416908921953164	-0.1244543460169155	0.34945915027683844	-0.10518900653602582	1.9123248354433766
KEJBAE	0.3845738568242396	-0.10276078923630187	0.17524260318353962	-0.023094675997558538	2.074631787429244
KEJFUA	0.44037351837522287	0.41931039124787434	0.28498738727148554	0.1276974397734339	3.118032215408639
KEJVEE	0.43169951888833236	0.2813523855388088	-0.06051862007181024	0.20904995427316903	3.1028549578060636
KEJZOO	0.35587273995791424	0.20200150476123038	0.07667599725172325	0.20435550531020424	2.608796519541794
KEKTAV	0.5044631638416659	0.21939654727595484	0.0751010627105205	-0.3503668170246036	2.9400932758668814
KELBAE	0.4419146890576018	0.01587580715809634	-0.04458099241045406	0.13399297823846318	2.4589891165722855
KELKET	0.3829566864992966	0.6612179507350928	0.335169845420471	0.44959860968946663	3.975233518184405
KELMAR	0.5406859636666335	0.09419177961781619	-0.48799404436107596	-0.027079469835811637	3.3685629140805724
KELTAY	0.5154446448588459	0.8104116733539788	-0.05353854170975464	0.26253856544000426	4.458024412740089
KELZUA	0.4360676657969753	-0.1410426505113105	0.17619846888642277	0.09165143233677875	2.063243254450881
KEMBUC	0.25056477909034847	-0.06781777370006255	-0.08599958016248636	-0.21157083351670014	2.0852179958861994
KEMLAQ	0.6156901840290949	0.48025270139927523	-0.021414184339221792	0.11913822291871738	3.5904146710015223
KEMNEZ	0.3554253565475962	0.5407457530495617	0.08127772860892801	-0.1364607925377374	3.168847499911783
KEMQUQ	0.4553440607280299	-0.5435562424793523	0.06059343926124447	0.03336684748078236	1.5896744198715969
KENNID	0.5876837249065936	0.019609633503596742	-0.10083877646148871	-0.045035770269080955	2.8125961307326213
KEPHOE	0.3626901756058203	0.0724805273159741	0.16573826328136249	-0.07003300581931826	2.2947718503918626
KEQFIY	0.4725183660990311	0.031096248975905058	0.1783833740731084	0.020336947767956623	2.4070812420869805
KEQFOE	0.3831986657256694	-0.17346088036307297	0.16391378844134052	0.023218076986583694	1.9118193498384242
KEQVEH	0.4699513634992982	0.37635884193606856	0.1315205010516347	0.10338551291645945	3.2307481455082128
KEQZEM	0.45151928401682095	0.0767582180035151	-0.11144165349255483	0.2664628454641666	2.5713834596372713
KERNUT	0.7289696255838125	-0.38518518656474254	-0.08247959353499741	-0.04932234938407552	1.9668436504883569
KERQUX	0.804237535847296	-0.9145624387347997	-0.5316999183944938	0.11678271767102812	1.8704972691667279
KERROQ	0.8331577439614444	-0.36504587579779724	-0.08364640254592998	-0.06960284268240645	2.1584491500885132
KESDET	0.4631705966270401	-0.3445767843946152	0.036461092779850615	0.1368393122914842	1.8034533573012035
KESRUV	0.3199930758153493	0.10638554285767787	0.052995616373366056	-0.387215593377494	2.3871778443358584
KESWIP	0.5806771594374309	-0.5275913587335248	0.23612424864375814	0.2644617380707833	1.6818022384648212
KETFUN	0.6166956915964841	0.09566219922994447	-0.029743546703968865	-0.05387226233265115	2.8141336903700815
KETGAU	0.655177556352192	0.3131590975587446	-0.19428868626575427	0.019739049303583237	3.2102919854955028
KEXLAB	0.5052918161642399	-0.3296323332053363	0.12001587488561014	-0.0027606136893200198	1.8137632026236608
KEXVEQ	0.36477860955446495	0.3448499285687241	-0.31891432241761297	-0.4523886231190329	3.0596112029514577
KEYMEJ	0.6762947318930985	0.07969972111715587	-0.27630744282642894	-0.018516074227667996	2.7931520341266367
KEYWAP	0.6751845714609646	-0.2477987527644749	-0.017605410383604074	0.12370058291649544	2.2078388738811547
KEZBEY	0.6419914709191596	-0.04520197997482801	0.05294215574276795	-0.07870131142089586	2.4598521136100033
KEZBIC	0.5936158428075871	-0.10639610816094178	0.05073494540026097	-0.0497922344066873	2.2977655758376776
KEZBOI	0.5020165680137785	-0.34482244510745685	0.11589889371003154	0.00034912502701559683	1.8126691297316788
KEZCAV	0.49830512546330574	-0.3391592667732346	0.10960339043112102	-0.00241720513642988	1.8184084604763657
KEZCID	0.5170128710862478	-0.2978260537203285	0.0520541422888543	0.008997823751998296	1.8736815058958154
KEZREN	0.6476946044842018	0.06412766366071461	0.018422118554112535	0.019011406347326943	2.6908502056157744
KEZRIR	0.6633551801497193	0.058715663063085705	0.028540305561352217	0.06564104866393128	2.68889965159609
KEZSAK	0.7080413479593224	0.303950229842534	-0.18639279299476202	-0.00606309463801126	3.3307188245558628
KEZWAP	0.3942336844693175	-0.18993760313278057	0.19951899379880167	0.06854774260111414	1.9081885269397738
KEZXUK	0.48593863996586517	0.03133477313633692	0.07164251527445467	-0.008050986432758957	2.3906103951029736
KEZYAR	0.645160545441704	-0.24052825349126042	-0.4274802142709624	-0.06820621600980556	2.2724745026939126
KIBBED	0.5473442266406172	0.40805690603408973	0.21094482815294996	-0.14160778467927548	3.2767919049726855
KIBBON	0.30692121496829383	0.4685956318921426	0.08625719679659158	0.06486006930792235	3.2563968816958315
KIBNAL	0.5957737352090344	0.19810700722426283	0.008171187842692607	0.3985887629286884	3.10063466714147
KICDUW	0.36693782408083386	0.32985975573726484	0.4051244976824803	-0.12954950200538745	2.811947482645234
KICFOS	0.6101297003546344	-0.47755863608570914	0.04388214300593435	0.04015599125392684	1.7467121313089868
KICFUY	0.5168940875933457	-0.5556698964302522	0.1326728621078495	0.0679570538684824	1.5391073009233711
KICHUD	0.2685956493909498	0.10171203228295697	0.10256039576858109	-0.28736476813487166	2.382557698118279
KICPOF	0.4278705545271295	-0.7244309157068594	0.0363218945475518	0.08611032002643991	1.3164704002295105
KICPUL	0.4188119035163016	-0.682637153268078	0.02611087738295287	0.03482132971100452	1.3638289118710936
KIDCEG	0.6807003680155814	0.7541604026426646	0.04561088817448013	0.09273604269502697	4.511198420339627
KIDCIK	0.5791972328920139	0.3613808175857801	0.03670622572020424	-0.19162847382090742	3.231956705244133
KIDCOQ	0.5367527059200734	0.21243277624972312	0.10400550017980648	-0.11325227155065613	2.7709794750854506
KIDDAD	0.4328575186591008	-0.021974241902192018	-0.038669677031184645	0.06271863947604345	2.1359995996116576
KIDGUB	0.5803852142730284	0.25855081847977984	-0.05887284256668391	0.21157022545617188	3.1490279938032852
KIDMEQ	0.35224450001423646	0.4180322821344399	0.1925320677699866	0.041496683089372155	3.013809577291484
KIFNAR	0.5025854219840058	0.5342799279705224	-0.05239211739202784	0.06710715684824872	3.5007662744439214
KIFNET	0.5442912516728455	0.0667240105601481	0.024108438922961384	0.06846564494908638	2.4464359484362643
KIFYIH	0.6085151529993134	-0.297356638035718	-0.02798091558001143	-0.03996906152738003	2.0148782266248655
KIGWIG	0.5391673364703307	0.3210110975466088	0.2370896365650889	-0.124639119828746	3.025545355131012
KIGXED	0.5734768219258548	0.32007231345025833	0.3145965550603214	-0.12615206715705374	3.106589650735403
KIGYEE	0.5907317993276298	0.35098163414417305	0.11443821564453727	-0.106813639664279	3.198722498257789
KIHBUB	0.56294037224046	-0.20902399684735234	-0.0035744617290927178	-0.012869660928349888	2.0634009842886067
KIHDOV	0.40339381650008477	-0.4343947806823221	0.2759022767623481	-0.004789442929368462	1.6015663906227346
KIHDUB	0.4511794195612655	0.19558742534382426	-0.04068334373568023	-0.0854842079335106	2.7947891961106723
KIHMAR	0.4133172152825013	-0.588898122022008	0.10821104594079664	0.05598139836410279	1.5104748171681759
KIHMUN	0.31090381650451704	-0.24152340171745543	0.04311755591752588	-0.0876278205003032	1.7005985910670507
KIHSUS	0.4721465341499318	0.38374161064125606	-0.34034061983212666	0.08969500488316373	3.6623311642072216
KIPTOV	0.7867823365882955	-0.42240814636495805	-0.06423468775352416	-0.010427308167722638	2.046143861195377
KIQGUP	0.42255902779872656	-0.37638259626486614	-0.1517929110519346	0.014218295655676208	1.8306534122704123
KIQMUS	0.8004277760926097	0.44815765282928965	-0.3254063628944226	0.08899692613814912	3.9187686823603722
KIQZIV	0.540561747437672	-0.5508840293821053	0.14098552992253177	-0.0827192234391991	1.5536879051014876
KIQZOB	0.4319767038819826	-0.06702787317691361	0.05233543013021108	-0.10221371041175671	2.1803066349787024
KIRFAV	0.4625182568244872	0.8014895229772873	0.13510604872955198	0.3576817282820398	4.424727533868913
KIRLAB	0.1885655199985905	0.07094598457952486	-0.07165856238056144	-0.29115688198343664	2.3465911727132553
KISKAZ	0.7112848811785684	0.03831579257648138	-0.02168624245284064	-0.30615000816420473	2.7473099452366685
KISKED	0.7101063782079651	0.03927762110145901	-0.029335202604394976	-0.3046879122918898	2.750929172715473
KISKIH	0.5504392876968103	0.24428540509650093	-0.09171508765146084	-0.14301974721064176	2.890280839702047
KITREN	0.6041719924984132	0.16705059658735588	0.061919881523028686	-0.11535522610097505	2.8371978889627294
KITRIR	0.502837398250608	-0.038533677830618986	0.08802360511864452	0.038156021908613585	2.345583218768389
KIVWUI	0.3991879384573407	0.3475814616468102	-0.2589161875468769	0.29123140460899377	3.4723644116467653
KIVXAP	0.4420896935718712	0.12431614671267055	-0.42325694461714075	0.056155715642072015	3.1033765894774232
KIWLIN	0.26048605651513546	0.3675056527599843	0.1437700364471948	-0.029446956067302923	2.8149822088226966
KIWMEK	0.19212922435240376	0.42559900897147823	0.04237799344037843	-0.13370925711726533	2.718684954643172
KIWMUA	0.410480809480271	0.007257114634216261	0.05440599528896495	-0.08377368889639707	2.2453675401878823
KIWQOW	0.45797649809315466	0.24969537042891454	0.06678590750441718	0.34389675198721426	2.934139238538359
KIWTEQ	0.45893221695433795	-0.4109563854940021	0.03806840461473379	0.21416023542829332	1.7140565755503774
KIWYUM	0.24329345699640914	-0.0027853361971943227	-0.33655002387533656	-0.21245307814105546	2.2625291707042425
KIWZOH	0.44205372279014643	0.37908724254606346	0.11799393243726905	-0.05539913238949462	2.9966474170867734
KIYQUE	0.5907912382188982	-0.5023466538886388	0.047717693729021265	-0.021489035821827124	1.7484517065886254
KIYVOD	0.5661693003860879	0.1290848645417998	-0.1903392943346978	0.19800140404632782	2.7402822971091645
KIZCON	0.6324785860546731	0.19568886182123787	0.374473901932674	0.24306913714077033	3.0312588541572527
KIZHOS	0.5877100156272723	-0.48246432053641464	-0.12798294801082336	0.12233546542278709	1.7809586228677974
KIZMAH	0.4196396169766228	0.04049168552372659	0.18199445640877726	-0.007187434782628198	2.4223793467396373
KIZMEL	0.5294834182151513	0.22320637551945932	0.21142510464666464	0.23691712331904963	2.8921093031881067
KIZPIU	0.49674108989435517	0.4559352779871824	-0.3116367186407253	0.21051397740036032	3.970296244739157
KOBBAF	0.5532020218812512	-0.04581438132649362	-0.15185084311571434	0.0858235806633958	2.4390140518032037
KOBBEJ	0.5361785002373098	0.0016692510086576962	-0.14547232469160926	0.06524183765530064	2.535108557288629
KOBJOB	0.6722984339089866	0.735326559700334	-0.20237945990222178	0.11408720761203539	4.433172333397669
KOBKES	0.6718152690078583	0.7322662354849687	-0.21150158045687362	0.12495395880612858	4.400016569108755
KOBNUN	0.4931460475229592	-0.12200136188258522	0.1328897089687561	0.006348515278465926	2.1076317560000755
KOBREZ	0.5331114333091396	0.2906475677056068	-0.11176492331720139	-0.0780944503681299	2.9701511583204643
KOCYAD	0.555199761437331	0.2596223242950762	0.2959748744488923	0.08422497809768038	2.9750101037183208
KODBUC	0.6705891456657662	-0.1645952360590668	-0.19278175612874512	0.019234986227701353	2.345072160436088
KODGOA	0.5738340118509635	-0.4096572913433805	-0.09684951719764281	-0.3758725102901685	1.8314002296177372
KODGUG	0.5688457364756561	-0.2077984367855364	-0.0878755053751793	-0.4097409954698199	2.088779129122423
KODRUT	0.42142088173143044	-0.3388463288618136	0.05399993117197677	0.13007733234294314	1.8073603221682326
KOFNID	0.6723342262866341	0.7353830270378425	-0.20578766471867993	0.11280818126200462	4.433685553079748
KOFTIL	0.2096273937712958	0.11959279368951745	0.0823042107931232	-0.19782544711345312	2.1202612020785154
KOHHAQ	0.6216540876675047	-0.513112422548505	0.036195290714784306	-0.021550190267732472	1.752377687980095
KOHHIY	0.6771548731497017	-0.5486840932641033	0.03177823304973065	0.07679395681149559	1.7432459368107094
KOHVAG	0.45991862822952356	-0.30579804331126237	-0.06094831570845208	0.12669976338775765	1.758362141147305
KOHYUC	0.6818652860233563	0.8512603894439721	-0.13607816840717304	0.08961340880180828	4.805053577302652
KOKDOD	0.3179107017353555	0.5999082314964209	-0.11343369243592269	0.17102178638237997	3.474991430086411
KOKMEF	0.45376715592426997	-0.08381863429834874	0.3883480294248353	-0.0341277564263581	2.162252300064873
KOLFUO	0.3290095551702463	-0.20672710556520588	0.12911055218383322	0.36481204077643753	2.040534519121728
KOLGAV	0.351997469408285	-0.17403666060536852	0.127611564337305	0.3737028145493261	2.144525886442374
KOLTEM	0.4004064705317525	-0.23983810208023984	0.10837321860961494	0.36264559143735586	2.0663939385272747
KOLTIQ	0.47213685786360315	-0.429002794750731	0.13458360850101084	0.39754501102349193	1.8805469330456712
KOMCIZ	0.49382080809325846	0.1550186522438544	0.02227149690724449	-0.18117692436086763	2.522738142269355
KOMCOF	0.6884957229055253	0.1033730547525803	-0.2795780672519085	-0.13822427432978945	2.837762694748804
KOMGAU	0.43095867506349617	-0.1253628302125161	0.16566218046541334	0.057011408519187325	2.0283411784380903
KONBUK	0.5883196804837842	0.07577632337892116	-0.10553748923359871	0.17344663371342361	2.711684678644352
KOPVAO	0.523801963887772	0.00448690461072121	0.08113685436849982	-0.0260312307967365	2.310979958261293
KOPYAS	0.2668844208453849	-0.07236220824311884	0.18798516111985625	0.050236039196699056	1.9700487894251602
KOQRUF	0.42657740533133204	0.5864781017393011	0.2004356213520886	0.2777311810352794	3.6910291647435844
KOQTUH	0.35637711185063914	0.1219306548782132	0.270326406963247	-0.17906186232460614	2.373520854247427
KOQWUK	0.5637177037012986	0.19424852007449572	-0.17317127599616783	0.12091489137938301	2.9546259679821443
KOQZEX	0.552818429776492	0.29941512045852936	-0.06167197866996933	0.2278423929136314	3.119631461779388
KOSJIL	0.5350138612110609	0.2551895265008453	0.031099834080266592	0.15736179298130498	3.0436886281172892
KOTZOL	0.5113293160878332	0.6997015910810429	-0.014625700998303431	0.05432523595631292	4.084478268055931
KOVWOJ	0.39032690549901616	0.1400499285426066	0.2656388787737017	-0.09276988213677771	2.4457238598141813
KOWHAF	0.5788104816962312	0.29173237264688806	0.04975984894309099	-0.3261370508765915	3.2328637922851233
KOWWIE	0.7537684265522433	-0.23900227709513025	-0.10790566881443683	-0.11890310985321699	2.2523501986116123
KOXRUM	0.5102671694245737	-0.5315417565513486	-0.10043711874803424	0.09173491455978174	1.6906502486817256
KOXTEW	0.17073256270163295	-0.3017557534012852	0.09479921714035788	-0.16056515717961478	1.6003330206932915
KOZZOT	0.504237498123616	0.5322351567994669	0.03597607903464836	0.0998892392373637	3.9930489319899882
KUBFIX	0.39280699649002493	-0.28877607315075327	0.05898367907773158	0.10902920439749798	1.7921746621870385
KUBFUJ	0.3617369586528696	-0.31370018795977933	0.0688713640871573	0.116781208815443	1.7327242515836716
KUBGAQ	0.45706928761241183	0.14967729770192803	-0.2747340788495324	0.04700635090212794	2.702018619879121
KUBGEU	0.43820169860619984	0.17732427805807457	-0.2761530454265396	0.04872771495271188	2.7754543143624675
KUBGIY	0.46387824205351524	-0.11057362471961799	-0.0334883914298395	0.05519424369700075	2.133010876550568
KUCMAY	0.39027950122053845	0.11945478877652108	0.17754090786029414	0.19616356647205896	2.516102573543408
KUCNAA	0.43302137064754564	-0.21021983480753909	0.14592389007071915	-0.17369848994125048	1.9496645314142729
KUCNEE	0.37220310527595046	-0.36020853941442194	0.05242056409459664	-0.22174710754778876	1.6331077866836707
KUCTOS	0.3439118061392725	-0.1940688506097412	0.14831623988570827	-0.06746568424858741	1.8761273332023525
KUCTUY	0.36834050128126616	-0.1682428128607377	0.13420627573042365	-0.16714739126641226	1.9366994448579558
KUCXAI	0.4814014095429098	0.2996583299168244	0.07439279437095064	-0.1264342095452924	2.7894753912919263
KUFBIZ	0.47551949396984483	0.0910596983409459	-0.16545047085197812	0.15864152803760362	2.69458573152699
KUGMOP	0.27381926388149314	0.33415070832066746	0.2028698224767585	-0.10975257478041582	2.650674538250458
KUHXOB	0.5845636405097352	0.4278087431848163	-0.1269408110044052	0.15764453973927167	3.6367607000271525
KUHZIX	0.5740438655724684	0.3366948667108917	-0.37518882040642726	-0.024793206783144853	3.287542076243027
KUHZIZ	0.710490197591132	-0.2520172167177162	-0.2535279872356222	-0.05655193653804347	2.2737955937843246
KUHZOD	0.5751460800634414	0.3379965025571242	-0.35637913080977673	0.028773771889210025	3.3328585933161063
KUJGEE	0.319072942334075	-0.2581258039103581	0.016398582104706752	-0.12866735572097593	1.8000949785417326
KUJMUY	0.6770878276826489	-0.14008236831661391	-0.14911204448544513	-0.13296733827071677	2.4214572000557593
KUJNOV	0.63439770323233	-0.29626108383533156	-0.13760339280129125	0.020735063881540113	2.078109039877464
KUJTIV	0.49274719217040097	0.3830544106141467	0.03294136221892914	-0.0428835039675079	3.1079541045461614
KUJTUH	0.42005851934496174	-0.2663886450460137	0.15607518198698667	0.08104705722120166	1.7918841518028596
KUKCIE	0.5964216655368162	0.21631463405756474	-0.08175119946191009	-0.09148864823531842	2.9661260650017622
KULMEJ	0.4130223558941637	0.2762245623942115	-0.22888061902527437	-0.1755560063174572	2.645584030732804
KULXOF	0.32164748655823683	0.10773026951674175	0.3744195146980746	0.11755360526614862	2.3237482440426906
KUNVEX	0.6749748980651695	0.06977019762346666	0.11086023934792721	0.08533076690467795	2.7672341114450107
KUPDUW	0.45656823925995926	0.40742030339220187	0.08324130248547804	-0.00965087575567998	3.131989845765741
KUPSAQ	0.4641285762712464	0.15854757131176617	-0.15819652442800125	0.12930390601360936	2.790853391735964
KUQHEL	0.4697568577681288	0.19184656343774512	0.1443990486380131	0.11985182531671185	2.722034035753754
KUQHIP	0.5944839011718654	-0.1986264134840233	-0.0008046731348381186	-0.044920412397863194	2.051773634174763
KUQJUD	0.30653827768890585	-0.2410017410124782	0.35451939056053855	0.1558184585798893	1.7635652723902862
KUQKAK	0.46899326357219806	-0.10048531157531806	0.10595475623630354	-0.02384541487437057	2.0560473058757607
KURLEP	0.4403785162486118	0.29941606425476963	-0.35016150038132904	0.173629385535922	3.4882041148049114
KURLIT	0.8040806815999293	-0.39432984306337426	-0.064494152492182	-0.0164663452130459	2.10342320700185
KURLOZ	0.5125532163526936	-0.033160809770128474	0.1515078327030058	0.07993656732310346	2.3062467291730004
KURYOM	0.6056241480031028	0.5202818007676042	-0.0017366435321751472	-0.03453250175378322	3.661549844676478
KUSHAK	0.2882277743426509	0.052308738223190085	0.2664206518821036	-0.0707012802336298	2.193620542653652
KUSJOA	0.31721083480999646	0.06913619341397019	0.2805365224543906	-0.11476150558344371	2.2593051130639283
KUSJUG	0.29478795887064235	0.055477083193573515	0.2727314329875169	-0.0669128002162251	2.1999086090113904
KUTXII	0.1941631680175817	0.17433276313119486	-0.04829979662627376	-0.3649141586382113	2.451885620067868
KUTXUU	0.23364737113062883	0.24785560766353015	-0.06391178915132373	-0.23069694686182285	2.708312687956137
KUVDUA	0.6474770812301802	-0.23442289615217998	-0.13035862311726137	-0.10533493542530396	2.0163761562514386
KUVJOA	0.43549571820497324	0.2875825075508032	-0.3127179475005598	-0.5144926893691016	2.781769121104808
KUXYIN	0.15826583893648172	-0.21648614519358253	0.3173261291394252	-0.1509298020795049	1.6675799874550044
KUZKEV	0.6513810975439673	-0.0795949293481461	-0.07543143059904374	0.00048418796626793423	2.2992318881886815
LABSEN	0.7447391142471558	-0.5669712073949208	0.03445729513332668	0.11479309701584695	1.7577091791423216
LABZEX	0.4473697662738605	0.3077925782550146	0.03871772620222358	-0.023824480631533675	2.8945883882482053
LACHUU	0.37250292289498965	0.5314576038340569	0.2834457417897256	0.10867377031191171	3.3955764248760327
LACRAJ	0.5090133217368109	-0.040520118944641234	-0.03622781769335411	0.19555509010074507	2.4041451529744524
LADBOH	0.44293040886554813	0.2918119171679956	-0.24144211355591733	-0.08349610029577204	2.891926880525059
LADDUS	0.8857889378532562	0.009180215755169481	-0.3164360733145223	-0.2560846342376612	2.8713610358601205
LAFMIP	0.47233880233978454	-0.12667866044118473	-0.042728116807625525	0.11398952979670589	2.2094020857632253
LAGGAC	0.46495281655403176	-0.3124398777721017	0.05122349729642056	0.10240721598257979	1.90014342598857
LAGHAG	0.3965985710128228	-0.2602511373501866	0.2247896277137203	0.30981716736829756	1.8425028420316083
LAGHEK	0.40947241417006275	-0.2750371828720043	0.2062690279271081	0.3073997996584617	1.830662748472533
LAHRAP	0.5946784266002823	0.6093242727326713	-0.10556736155108602	0.2615265841460456	3.939442009531088
LAHVUO	0.2268955844370728	-0.8123804146103646	0.3510797586567447	0.31820506061670073	1.2163430244656157
LAJQIA	0.5363777572938657	-0.18892500837148007	-0.004834784485818172	0.1306249307382815	2.0857051613654374
LAKSOJ	0.43353758489765415	-0.35851845541146016	0.0465855113012002	0.13789844513558203	1.768977928178621
LAKYIF	0.4062558628236319	0.014025557325815695	0.21136190775514152	-0.09828272034825107	2.312200043598233
LALCAC	0.5111448520356259	0.20842878579386723	-0.10688720600076276	0.227027186383283	3.0052698623204037
LALDEI	0.608257712883379	0.4876428016666481	0.07643050983173161	0.18079516952463692	3.629768355100892
LALGIO	0.9329036357721217	0.6841062491361626	-0.2506909802672688	-0.07745714510361494	4.598465115030601
LALLUH	0.5237917806083221	0.4991688914284361	-0.0882939809542656	0.13453971050435518	3.615581404444367
LALMES	0.4923646914814146	0.09202026415566911	0.2076861954542299	-0.011637704314284819	2.5507270322591626
LALPAP	0.45332503978525907	-0.0845376022282773	0.1284363343780732	-0.3367086205214339	2.1776986904574818
LALPET	0.47558186519741774	-0.05429121512401075	0.09585183039118597	-0.13838227125587382	2.3095411220781643
LALRAS	0.6347453601487336	-0.3668316819018876	0.01315344442554954	0.13701332759854773	2.0294668416232375
LALREW	0.7642307050748824	0.02030134146143423	-0.3273319454563379	0.11779553315712485	3.1984476585834756
LAMNUJ	0.45158928504375595	-0.5088099823308722	0.10577223641046143	0.1538595490701472	1.606302748686197
LAMTIF	0.5376972824495727	-0.41262408892708363	0.04276046986507184	0.2307002447477698	1.776960752001396
LAMXII	0.46839955356399443	0.3047282160773049	0.04371152738883309	0.3605487961109023	3.1329953431571935
LANBUZ	0.48778545822939634	0.003160043639590951	0.03829978243816766	0.050026390554045126	2.372486262768539
LAPHAO	0.48033778256590587	0.07195297323014452	0.027927921838187736	0.3147595013763894	2.7229930632970456
LAPHUG	0.3002840010867396	-0.5472272763425939	0.1995418218469167	-0.055975430832464756	1.3980631511837167
LAQGOZ	0.4899416293349228	0.5181355372633525	-0.006195470705630798	-0.05842421547014144	3.4339531176948848
LAQLIB	0.6077533811765692	0.06422363180116057	-0.2734571811407529	0.1949099148444689	2.804311318983218
LAQMOG	0.4399851719473995	0.3583170113103085	0.46939841297062956	-0.1271334317138209	3.0215130371672534
LAQRIF	0.44474154859769577	-0.03167914634343645	0.17153846133028683	0.06962763152839799	2.297774483763906
LAQRUQ	0.6593318871917768	0.2579571778203709	-0.2091817949960438	-0.04176021458415817	3.120689097116482
LAQRUR	0.6548140079839904	0.16009481992637833	0.036698632786481236	0.26044678363254165	2.9718967770928346
LAQSAX	0.6396797182019389	0.08059117125080167	-0.09465316717879672	-0.05675628809447765	2.6449280336226773
LARCUF	0.4979336236048111	0.22257744349349257	-0.42778626530075076	0.09094740502856	3.48540013671964
LARTIK	0.4497272605232805	-0.0683449483996722	0.2180904463914789	0.0201051780402971	2.1041744844886
LARYUA	0.5857184954199566	0.5298474195843607	-0.025929424267186127	0.10267490135774092	3.660802507069178
LASFER	0.701230864953331	-0.0484838316697028	-0.31863744673753003	-0.2295630076039541	2.5586920478595525
LASFOB	0.6176290099458619	0.087935614181407	-0.39943459126211095	-0.3217968363545528	2.6848037106744824
LASFUH	0.5195961495088008	0.051018913419930756	-0.3268938667893204	-0.3943282556844469	2.5445641599692226
LASMEY	0.36315066313204536	-0.45594037083415323	0.1403194243603842	-0.11658046011779981	1.5025510625363998
LASMIC	0.32998506661446836	-0.40002850495273634	0.16411117273603434	-0.07573226038771982	1.558508083209926
LASMUO	0.21548011322725724	-0.4183783639637984	0.14952778994887717	-0.13003911274190522	1.5743245585667023
LASNAX	0.586270581405854	0.15240589310377223	0.13594075256107283	0.21867066457914086	2.8649812683863356
LASXUB	0.7336023141552639	-0.181637498011836	-0.407337559444843	-0.2730288415851677	2.3088528736257894
LATNEZ	0.6579026916293111	-0.10589708233880277	-0.10534723766330992	0.2999950614037197	2.43863054924549
LAVDEV	0.4705550071472766	-0.1832474777832051	0.1860149532563159	-0.054261295730479664	1.9399058014760273
LAVFIZ	0.5369237286255251	0.31490446188657706	-0.3889565920440529	0.21165767381989053	3.8406556080419763
LAVJUQ	0.35401334356010583	0.11531914457627418	0.22721932802118588	-0.15754909373899423	2.357445424569477
LAVQII	0.3859257217448109	0.06810449347963786	0.26746742881627333	0.16607112092489867	2.4001661109818047
LAVQOO	0.4057540232512249	0.10773215508564885	0.26578589296910127	0.13902095048076202	2.513116997095163
LAVQUU	0.41899159527478425	0.09300689965476	0.2145538751394363	0.12435550874405846	2.5022489124635605
LAVSAC	0.4105285760513153	0.07845038288182733	0.2427379089226061	0.14292147346041856	2.4640208153712915
LAVSOQ	0.42304417148552353	0.06666160338800947	0.23410529183530887	0.1427841788056029	2.457427104194685
LAVYAI	0.16398872672278308	-0.1785734038654148	0.19964631759404478	-0.27487312614998954	1.7243058333558767
LAWMAX	0.4528774530916664	-0.3880363748418717	0.1538038628218494	-0.02944652386804976	1.5929601959773112
LAWNEE	0.502710560344588	0.15746303108734871	-0.2486752604623162	0.24248479062787842	2.991052867178924
LAWWEL	0.59680161087367	-0.025459222013407858	-0.25355722388943547	-0.2561978888442388	2.3865052840728875
LAXLOO	0.48936954323629056	0.0829289326119125	-0.058809033946567196	0.17078080293515485	2.5300665560792712
LAXNAC	0.42334860035889577	-0.6336144605094594	-0.07337623263266471	0.0908736258176864	1.5148403006803968
LAXVEN	0.4520504848017808	0.43888965178485295	0.15472994681124777	0.27328616509369297	3.2929527562214145
LAYLAZ	0.49642146667361775	0.11319594041059941	0.12451768024333057	0.09149572820290813	2.636386137722724
LAYLEC	0.6694279951383271	-0.34115197059401564	-0.38842589517348947	0.10539205084337896	2.1173788331286563
LAYLIG	0.6892718393746868	0.05454187348066844	-0.49762182259472965	-0.0889636769923433	3.066736064657799
LAYLOM	0.5589070568152312	-0.06912198580817697	-0.17424890039268204	0.16766356924620363	2.350094429132459
LAYQIM	0.6168612450907762	-0.12362274242331547	-0.21771285056016398	0.10394687906670409	2.2038769433708363
LAYXUG	0.397867604178721	-0.2025243496948424	0.17799042806542037	0.09298466660205619	1.8898665498704796
LAYYER	0.43349305193264165	0.016070511621195674	-0.04862967206887593	0.12665917270634444	2.3565652041215794
LAZXAM	0.2804597173573895	0.11021188511382515	0.232810831730764	-0.18933149494285023	2.272868826035805
LAZXIT	0.38895282508078655	-0.534328665280645	-0.24659845908370734	0.3482716288336333	1.6912615518366816
LAZXOA	0.4682791452791015	0.38762752979390197	0.499828657315707	-0.1091134100062248	3.1324536443270503
LEBJAG	0.546785315930804	-0.4269669157221748	-0.05248799885582947	0.05598417726715758	1.7286632415860528
LEBKAH	0.5097910379987622	-0.42009985467436944	-0.033697538344578865	0.05108311345003954	1.7018184363323208
LEBLOU	0.609436456631923	-0.45510098611719974	0.046249090764112474	-0.07133062272110981	1.754037795183506
LEBPOB	0.246885816858045	0.056416947646367954	0.15131945840404146	-0.22646414755107558	2.1906461147279748
LEBWOG	0.15978800379564095	-0.44959413622247807	0.09902035346413773	-0.12719825122511114	1.4515270883385236
LEBXAT	0.4626466044270865	-0.04956772640979305	-0.12554243013899374	-0.2510787618690416	2.2339079945414877
LECBED	0.271340107454237	-0.21377003596175717	-0.00729299576299082	-0.10757781062540205	1.754672906066545
LECBUT	0.43566998132112644	0.22979626229876965	0.3342057573529025	0.0077201306496680645	2.6973009995162287
LECCAA	0.4572244961546552	-0.13969440008792045	0.08613966416890015	0.053877972800788376	2.0247373556044357
LECCEE	0.33846271147373086	-0.3694227899354849	-0.017246195444003264	-0.09075891494365514	1.5795425232729778
LECJAG	0.5256558027866367	0.23739505786447207	0.036106626991032134	0.052243603639559086	2.8381663724489687
LECPEP	0.5295916495038808	-0.042581867516389565	0.05175836952894991	-0.06922138260220875	2.3381129031966665
LECXEX	0.5027394319922038	0.34976249714361385	0.05272908467669485	0.21324064718499136	3.1686550777328146
LEDQUH	0.6314969148356813	-0.030461639351545278	0.017041627311300683	0.08972888763626607	2.5877887237383947
LEGJAM	0.4546018267104506	0.20866183873133423	0.36164099499888674	-0.022417419931464434	2.732338952709628
LEGJEQ	0.40464647478784865	0.4748979142591387	0.11589802911169306	-0.11315617699821752	3.1881211721359497
LEGWEA	0.45127425673482424	-0.07345798377495755	0.36103447249137244	-0.16638967422150014	2.1919253619777463
LEHMES	0.6287114570941155	0.5962719415978535	-0.05567093883205741	0.10105357473541805	3.8824641198376706
LEHMUH	0.44230208297890083	0.2011240797382628	0.14889232428148894	-0.050090076901926905	2.660849054690826
LEHQOE	0.6497851890927135	0.0697798926819906	-0.29446310296985023	-0.21347818712025962	2.670552937137454
LEJBEH	0.5975266903064576	-0.21369808593366169	0.022033347756940644	-0.17350329369872342	2.1418442655803287
LEJBIL	0.6105005354312025	-0.20865306039659784	-0.014442781969305471	-0.1770928277009971	2.103901100688666
LEJMUJ	0.4363540629317777	0.026281691791544437	-0.08329322916557552	0.22372537487203964	2.3769481111242188
LEKFOZ	0.8214008434318378	-0.19132608830094347	-0.2377899498087278	-0.11459468839750099	2.3263879026308154
LEKJAQ	0.2716215480046489	0.15062271212070485	-0.008926789717889988	-0.25471480882473563	2.303358021114213
LEKVOO	0.7614344708913032	0.5001236752272511	0.19998761800897008	-0.0759033275733713	3.9368965969573395
LEKXAC	0.5190060499593923	0.2292101383746783	0.14894764675396333	-0.1949580078486226	2.9364156900819713
LEKXOQ	0.39337937863619477	0.41280420519576216	-0.15709157816417904	-0.2802636197494917	2.9845677785620772
LEKYEH	0.44147733156606783	0.3221021863518281	0.24395223938681	-0.1896513918847002	2.972655303083725
LELCIR	0.30792704278760175	0.17168672210728966	0.5172134178347654	-0.07724464227201629	2.429131454681535
LELXOT	0.6051040984953024	-0.0724844600965126	-0.06965555264337497	0.07344933935089137	2.391804354438745
LEMBOX	0.6853505499131112	-0.21920725985015743	-0.558932746217387	-0.06592498511090988	2.7325675895098316
LEMBUD	0.5679581286724504	-0.07456768487490478	-0.40679650056118755	0.07511714682395226	2.774507322723179
LEMJEV	0.11388738555497246	0.023799487318526387	-0.10196873279418563	-0.38426145136184436	2.1970523650804354
LEMTII	0.6341422951338851	0.14055093074323652	-0.28866479101531434	0.0813848247847618	2.869908056641265
LEMTUU	0.5249662226129628	0.24401394379817432	0.0003643423626975284	0.09256570376180688	2.850207479157504
LEMVOQ	0.494391401394072	-0.2184536813938755	0.23366278088603742	-0.13770319340052595	2.004873178755014
LENTON	0.5485020254132165	0.3034882633904564	0.001775702674030863	-0.09195919981976419	3.0048885404576744
LEPCIS	0.25211676414992823	-0.3001728981076081	0.02170480033898642	0.24784481397231095	1.771323485066627
LEPYOV	0.6819946204876546	-0.24333447160059984	-0.08120890879427729	-0.10403644249961456	2.093284868188606
LEPZIQ	0.41430780371254716	0.5559921206244739	0.014316589641824556	0.03781384234943094	3.3687017233298375
LEQFOG	0.7287964852053701	0.6268331084680278	-0.3580905284834744	0.17406893854180422	4.620359482861265
LEQLOM	0.624054469043748	0.29491858670468013	-0.10775225716792419	0.11577018349353464	3.3399990499714525
LERRAC	0.626958984299467	-0.18143176844292727	-0.21924247392891025	-0.026529904693440146	2.2352904993223928
LERROR	0.42170150740423296	0.30897759587465756	-0.18203948077472287	0.2159263047474136	3.0278079041203587
LERSIK	0.3663505954514301	0.277381957199854	0.5433766757571882	-0.15121887097695424	2.7368663469676786
LERWEM	0.6830386442525951	0.28229365003343143	-0.2270199556280187	0.19027588680754692	3.5625606511081256
LERXIS	0.6923990422230943	0.04344694882221259	-0.3543151261347121	0.12136146206813855	3.0833574455332324
LESHAT	0.6262060465692869	-0.1565052325454379	-0.06034186081164686	-0.15929567307309317	2.2580056032668088
LESWEM	0.9230745080517133	0.1477478060035217	-0.6172129360203709	-0.1228331999871728	3.8612226068581275
LETJUQ	0.5044166933491452	-0.3457185943613216	0.08882228390223826	0.031810546199967316	1.853600717159836
LETKAX	0.540291843879614	-0.3381490637077339	0.04183246013154161	-0.040835371466264384	1.903541854888263
LETKAZ	0.5638039432350315	0.18280929065455637	-0.11850804954400951	-0.21748003103936953	2.862320037782306
LETKED	0.4830065489943829	0.12594653933303301	0.1051970300003221	-0.2373374653436588	2.628985734487812
LETLEE	0.4922452799026189	0.002411194710556487	0.05682398940378061	-0.20953258617223136	2.3506283390695843
LETLII	0.49545833812687956	0.07329985657887321	0.03296688107335201	-0.24028961205415816	2.4767116488305394
LETZUH	0.5595937251406129	-0.3280319456305477	0.165641132927681	0.08522029767237366	1.9379566281338285
LEVFIC	0.38758716353874867	0.3526089492255485	0.30900617728801166	-0.1714034404309926	2.940573618233419
LEVHAW	0.2837337331921477	0.46016307048409855	0.4244257118232274	-0.13097801791462604	3.0459261018862227
LEVXUI	0.34390052168612195	0.10504189646922449	0.256422566581977	-0.01943599406499881	2.3025748161683635
LEWBEW	0.5993686234059057	0.6255386941790043	-0.3061971660893609	-0.1207083854196387	3.9046719565915824
LEWJON	0.47612294294630964	-0.3663521351632895	0.10247663375628674	0.13128068397905512	1.8781900333862809
LEWPAE	0.47832069689950973	0.45553649845698746	0.08040900972123646	0.17010500499195047	3.3529254355586815
LEWREN	0.47476829661928033	0.22157802953616762	0.3720626332773723	-0.0002574264628399346	2.7304715388220653
LEWROX	0.409150982876163	0.2934593016347393	0.15619492021737505	0.08415734746267545	2.8663764366296176
LEWRUD	0.41570193791505794	0.20713984480059855	0.25685850088773565	-0.02308479778358185	2.5522173987474304
LEXBAU	0.5717373584966143	0.28113036924378176	0.026511332655422423	-0.033091186146387286	3.037569806904905
LEXBIC	0.5708089383540234	0.28084735013311024	0.028416961567596294	-0.03269389640505124	3.0309383769445177
LEXDUP	0.57106389727248	-0.37005598303158993	-0.20759269101336641	-0.05795590052109813	1.9863869266567193
LEXVUF	0.5574216060771828	-0.4194820025539571	0.06068981450082642	0.07840625970935575	1.877574508721481
LEXXOC	0.5698348087854042	-0.14678436956752153	0.06093576132513401	0.26140640963889406	2.218544517159009
LEYSER	0.8432976230108391	-0.4205257598599583	-0.4112779397105777	0.1975285970007275	2.611548941182648
LEYSIS	0.3621324970303794	0.3612708885447532	0.17007773978221297	-0.06889504191753562	2.869086363369036
LEYSOY	0.5740608464322472	-0.0012706495557636456	-0.1463775947930921	-0.00823144233765568	2.413280501333431
LEYSUE	0.43983351852052266	0.38732800076236645	-0.04280841784164182	-0.029663190246770894	2.988466109296419
LEYTAL	0.391942037642691	0.6022978921780051	-0.02427480054579717	0.14094818230752204	3.4922477592134844
LEYTEP	0.4775234384153402	0.377679609295763	0.12370697932328756	-0.04482639506556549	3.0710863048749695
LEYTIT	0.587077354136678	0.4031831904397456	-0.18570370326954713	0.10858222622101699	3.3335333721043106
LEYTOZ	0.4741051419629647	0.25006567649711964	-0.034049089054236606	0.13713978720619824	2.8305874062084673
LEYTUF	0.3904844711325257	0.42433162835428434	0.1356069161718111	0.039390375550620894	3.0766877454017734
LEYXAQ	0.4399604672018125	0.15902669140331183	0.24653088130191825	-0.027941859931152044	2.5678170579826345
LEZNIQ	0.5768998152716174	0.1761461506648873	-0.2551001228688553	0.09014632847572339	2.8864912833291143
LIBDOP	0.5310123514918601	0.6230373557464034	-0.1054768717969362	0.16174779795617816	4.423721847831648
LIBTEX	0.5216603686122117	0.34567948087164957	-0.05554743976567007	0.31307766029965306	3.213634012756739
LICDUX	0.45989624047747935	0.14348226871388123	-0.29253187265116	0.0021756777698761186	2.613189565881759
LICQAQ	0.5264250014656504	-0.6962696831732387	-0.17441885475222685	-0.11077984633205921	1.4004012308603893
LICRIB	0.399538833289097	-0.03138819648472306	0.08924155682653681	0.03281070495386081	2.337325430337856
LIDRIA	0.6915753819675299	0.29360956917916076	-0.2272603494071648	0.19009472937635785	3.5982037156211994
LIDXIJ	0.46231356490256026	-0.13837322526721885	0.15308746541643373	0.05977661868550856	2.046353506935602
LIDZIJ	0.39987157393385875	0.062421868405409725	0.11607708932464517	-0.13781716680593653	2.377467448378036
LIFCOU	0.5620679636903105	-0.08825333484294666	0.2501646771366158	-0.2600961417475874	2.208491793703691
LIFVAB	0.6251370610057405	-0.007545754450779239	-0.20380491001453974	0.08752728443635349	2.549535052141525
LIFVIG	0.4550952277377771	0.3489588861629628	0.0484821768805109	0.04415647193563146	2.977294469701813
LIGFAJ	0.5406378240069074	0.2145241912784315	0.3277371666165219	-0.19514729947683546	2.8455294881035837
LIHBEL	0.5113394259906796	0.2692412228971541	0.15286130951881358	0.09532018690512006	2.9246337791380324
LIHQIE	0.5324084646603957	-0.3838683034631315	0.0289664624708149	0.1538161088559788	1.9178981512426616
LIJDIS	0.8172628246729632	-0.09432526836246947	-0.2604163791311205	-0.1959893114217312	2.5196685029020207
LIJDOY	0.7266013240895148	-0.3364943176131397	-0.38976741081103977	-0.1737212751226424	1.9424754813032687
LIJKOE	0.29745164209417485	-0.1268895896042076	0.1602398205126687	-0.2623520486982623	1.9518007265189958
LIJVEG	0.7656433649748138	-0.2670322521122038	-0.36519637030520913	-0.19248137636334878	2.1077986761765826
LIJWAC	0.43060510167007404	-0.3115684210024172	-0.11614233260868081	0.37862268975515684	1.9018424488412575
LIKYOX	0.25988063429441866	-0.2390737391543385	0.006620176157327712	-0.015967417903432174	1.826030809719285
LILBER	0.290129168161557	-0.4489439187218972	0.08497177899042821	0.038738324123768535	1.5334808075904318
LILHEW	0.5267638551157523	-0.42429735143819275	-0.017062636164865898	0.08120224507394008	1.7726448953146523
LILKUP	0.5540533184142697	-0.4483168892979115	0.025580406388163293	0.11107658076947964	1.7707935423405998
LILVOS	0.1934468797615585	-0.57155877621432	0.15746966261849896	0.18455146328191724	1.3620426970724504
LILXUA	0.8063917954118143	-0.2845571607518856	-0.4777888786902279	0.02871288643834299	2.337954335885976
LILYAH	0.8315278229133316	-0.26448903363777443	-0.48685468626640455	0.01157196320384855	2.4073463824659194
LIMTUW	0.35217708261135927	-0.2363639375532723	0.14021398208017885	-0.16989579525711218	1.9646773268947069
LIMXOU	0.6693146016382601	-0.3527597457309661	-0.08435771308038718	-0.25715176917606736	1.9218124373883811
LIMYEP	0.4154948495938715	-0.14201331947196283	0.16044215814838092	0.0398630427246565	1.9742180336740114
LINZOZ	0.6039672244022807	-0.3000636882702831	-0.07371018669818588	0.08135866223675706	2.096887987020651
LINZUF	0.6228290829148913	-0.3115798818026013	-0.07407953133994737	0.043467243422985774	2.078701749211255
LIPBAP	0.5989041125625176	-0.2994272989554546	0.0034126534439771067	-0.02579190915607882	2.1034271048049726
LIPBET	0.6450818791457591	-0.24357750438753467	0.04002777219996431	-0.04900953789232865	2.0841139371888193
LIPDOE	0.4510436377341014	0.30689555502186505	0.5096384302740037	-0.10353175750576989	2.936636348230805
LIPDUK	0.40681885414613017	0.24790351113788017	0.5395234849182202	0.11939466046408326	2.804942271395695
LIPTEK	0.4179249836996952	0.5250554373836165	-0.025436613165676684	-0.02298501861855473	3.3422919214091253
LIRFOJ	0.6194849558122675	-0.39245268620638457	-0.21626990836190535	0.011282597411711098	1.978025670404703
LIRGEA	0.5917408985963002	-0.5096779501134381	-0.1423348400118084	0.0468764499870321	1.7711251699643102
LIRQEI	0.45592948361231755	-0.1586652071873374	0.13697634794703384	0.019511717432167147	2.0137980958415547
LIRQIM	0.4308214177530587	-0.16503641123109075	0.14764612508653957	0.017853098519159616	1.9798008053939067
LISNIN	0.3459753155775602	0.32605850692512434	-0.3390426491863634	-0.4450261372831365	2.784191794130483
LISSOW	0.50104101195942	-0.5173504533386452	0.02481065372700933	0.023376401506939166	1.6278011749908132
LITBEZ	0.3193194601434284	0.24928596930129243	0.21217917724766888	0.14462810989941302	2.6099974850431655
LITBID	0.32880472418031603	0.3166595406635129	0.18289072617177643	0.21651169595395514	2.7982918058931525
LITBOJ	0.4637134661723987	0.3448150415874123	0.026425916154187976	-0.011157109856819204	2.951799691358875
LITCAW	0.4280383898891307	0.37257595898574414	0.2058289799673798	0.054472070354316365	3.004818900757739
LITGEE	0.5250514508138213	0.2983083910492027	-0.31065062700464313	-0.2710563516939927	3.3046605853589717
LITGII	0.5191480821703225	0.22316213543614155	-0.06601907132555344	-0.18344873787813515	2.880623299072136
LITMUW	0.4270230429886661	-0.25677524660869344	0.2607645541159621	0.502622366676614	2.0246969218224677
LIVGAB	0.4317521177099932	0.0828282244765181	-0.16122835900227062	0.23066006564735647	2.6026053837237484
LIVHEG	0.4455446093794544	0.021263088582624004	-0.13531054093876368	0.24340164145933624	2.481064978680608
LIVHIK	0.43959732067468504	0.050972019691191944	-0.14864078528804323	0.2381220725089233	2.542028889070136
LIVHOQ	0.5771613406489022	-0.19033379944340617	-0.33434231349307375	0.1299144045502505	2.2781436960059813
LIVHUW	0.6467703493546617	-0.19443367951121104	-0.36941274939473934	0.0696499646420048	2.3908556097883085
LIVKIL	0.4803858733224837	-0.1019945445575019	0.07685695014027644	0.07292868431692234	2.129266174510162
LIVMUZ	0.28008561677036914	0.28261125678061705	0.14924928312584962	0.23873047874381964	2.7022999304978788
LIXMIR	0.6060249125785555	-0.14935367565604604	-0.1794243924570188	-0.03212054676728013	2.1741439501237516
LIXMOX	0.5847663512523349	-0.06752712926538465	-0.09937479356888412	-0.030247213035957086	2.338135735820253
LIYXAU	0.27020223751615413	-0.4852770345174277	0.33307466367143274	-0.07553893144736817	1.3552700327854297
LIYXEY	0.431790818191204	-0.36914380299253624	-0.010894979433694732	-0.14838552400164512	1.703747135708626
LIYXIC	0.4311470842374927	-0.6325303872364472	0.07877077434813368	-0.029560565932898485	1.4423151777413055
LIYXUO	0.34387787460794694	-0.3816208389469612	0.13050996640541493	-0.0034946036568036243	1.5633209112477346
LIYYAV	0.2918475857318388	-0.22090319372331177	0.47517335381655756	-0.08155317825324446	1.8462331810050978
LIZDOP	0.654703749714697	0.617951239038827	-0.10225630015054597	-0.011254049791484547	3.956963613578277
LIZHOU	0.6134241655108852	-0.23099898279545814	-0.37710572041196866	0.12557595709150962	2.2071970050803875
LIZMOW	0.4286702922772303	0.5046833908295781	-0.13434017582810226	0.22047938418509772	3.434106214652442
LIZTOF	0.7421332692786624	-0.21858925820239855	-0.5376059215792692	-0.303113834451673	2.3413533468761307
LIZVAT	0.7297491465706081	-0.3079671816699308	-0.5274951276855351	-0.2817822014724839	2.100461666049725
LIZVEX	0.6699783903847134	0.24122514837817122	-0.4054318708967509	-0.46628408893701695	2.889400768004641
LOBCUC	0.42099623601450364	0.2992397214667806	0.47909492253640407	-0.0807011370195357	2.8024457242294916
LOBHUI	0.3060310666451471	-0.19289360848400428	0.08639403644266222	-0.28250184615529733	1.9012653647660605
LOBJAQ	0.4773888356922109	-0.31212392670875144	0.2763475753552606	-0.08033770166220429	1.8666453878376599
LOBJIY	0.26346326989471613	0.15652842609125625	0.07003466499327637	-0.09800557239757332	2.3295619819681397
LOBJUK	0.3571328027551264	0.055304350390296755	0.05957966559307473	-0.1052397154624954	2.349635959092669
LOBKET	0.7184517875695784	-0.08575006472124116	-0.40024813362739936	-0.17648447458411504	2.6659230004384664
LOBLET	0.7004857356156249	-0.08680543184411568	0.002012537219915206	0.033928427196768474	2.5296308496253013
LOBPEA	0.3682373479582033	0.005844733116800258	0.17871476623594418	-0.18002014869260347	2.254086225371722
LOBRIE	0.37652834762444787	0.2926054509473393	0.4026085226263496	-0.12615345380913456	2.7583285506213
LOBZIM	0.6069844925933596	-0.0938960358903072	-0.06317364778516218	0.13266311412881288	2.4256397640109415
LOCFAO	0.24540246713649427	-0.8151484007537161	0.3535082400649821	0.29441236648014074	1.2564991598945774
LOCZUY	0.4666629004217411	0.10387358225959153	0.0005933742140107195	0.035722169571423795	2.5557909321566967
LODBAH	0.5412334687366318	0.46075578912692106	-0.008048724140351349	-0.020294220582412648	3.337232071958039
LODBEL	0.7451542310188488	-0.10764030427098792	-0.18457382302344705	0.011626166466546822	2.4755772190160266
LODBIP	0.5599984721179192	0.07094191692709591	-0.14177958515124323	0.07195793237323439	2.5958682704895235
LOFXIO	0.6216758232989665	-0.3419253665914097	0.0864833481606817	-0.024491914886658674	1.9152465393062164
LOFYEN	-1.0076940457686407	0.25867325301744654	-0.3108488883227871	-0.31701176269894976	1.6280508116199062
LOGJOI	0.4423361095681928	0.1985289601895762	0.09679053142792038	0.08129211440700902	2.6786082482142994
LOGVIM	0.3759621222563956	0.08220967225076423	-0.16904175297331955	0.2791037838739583	2.4919709534411365
LOGWUZ	0.6950419519981237	0.36814294586215207	-0.340704398460861	0.1566695941198194	3.806047569317136
LOHMUS	0.3633036175013027	0.21320190611815387	-0.01947783831191957	0.11426500650263317	2.6034734740206495
LOKXAN	0.6556855814475284	-0.06956022074436889	-0.12844046670735143	-0.21826358266501228	2.447622055124837
LOKYUF	0.6209689862701282	0.7449274143140711	0.2564126750636247	0.5451360513653325	5.023067947011635
LOKZOA	0.46526681215813603	-0.05142221517859803	0.31464572451762235	-0.00029464213580315465	2.1487100631440446
LOLLIH	0.7823249260878802	-0.41666921079682884	-0.03207001194998046	-0.02383765612006384	1.94317340240435
LOLMAD	0.46765093210390773	0.03916152603559958	-0.15875210284270397	0.24279153483757027	2.544692344781607
LOLMUU	0.1679031979377279	0.08319203009755766	-0.22238820413913715	-0.40075716215273044	2.194990041461241
LOLNAC	0.15413456737394648	0.1746795616646621	0.2031116004886146	0.07262750167582474	2.272628556047914
LOLNIK	0.1297321101935931	0.12000365091113652	0.1541756425188557	0.029916876516273474	2.165085062735879
LOLREM	0.5283253516443125	-0.4876031613520235	-0.13344498814061534	0.05446910673047532	1.7713859104491894
LOLROW	0.5329375233780782	-0.5291976725033908	-0.1291898388869123	0.045239978824313264	1.7337051236782297
LOMSAH	0.7145324717334667	0.33480362007021003	-0.31188123861962114	-0.015848607663895724	3.5441063921728237
LONBAU	0.32870166864157246	0.2129604161365968	0.04882495555712288	-0.3605263960044438	2.549925025069049
LONFUR	0.4139564908054414	0.15435156305531755	0.41095541686499204	0.1788685680078143	2.574994386240953
LONGAW	0.40417109650061445	0.3404108404029743	-0.06710502332902771	0.02383532442949264	3.106268425829538
LONGAY	0.2554281716091116	0.08704781538000775	0.4031840702999825	0.17269779699260468	2.245849237618288
LONHIF	0.297424278245749	0.27503393072725285	0.3398667935342334	-0.06575296792147643	2.663815885376975
LOPMEI	0.4106386913077724	0.09413648839165048	0.24094887165040657	0.12170626602543133	2.485968595437546
LOPWOD	0.5723318972233233	-0.5200898501708606	0.06881472011305198	0.23965460114324122	1.6523115871576002
LOQMEL	0.5037404298937957	0.6716271268921905	-0.027516091443418163	0.023010935846920294	4.001475941813246
LOQMIP	0.4627960919219465	0.05899110459891352	0.17564882367748702	0.0016181265133237213	2.4001391424809526
LOQMOV	0.4722432843485169	0.055116266342509546	0.13940135418879127	0.03434788585944699	2.3976921017566717
LOQSIV	0.34867848930430556	-0.12480996046575138	0.09221402774814422	-0.26271913915442574	2.06973583834567
LORBIF	1.0949071253456406	-0.5452914454375565	-0.8385130469029567	-0.14213178310129138	2.7174998407904947
LORPOZ	0.2691817617581469	0.1413383344673423	0.08225693317657443	0.2538554531001662	2.629695728095283
LORPUF	0.3133837770007233	0.29188982618032333	0.20323897395173002	0.2761587677214399	2.9308379266613453
LORZOI	0.5791000477063859	0.28965146250367246	-0.18606582580770636	0.12551105318048844	3.1307210419892844
LOSBEB	0.842185097108298	-0.37474693892778593	-0.09695161490217905	-0.023721033557289592	2.1812128770529857
LOSCIH	0.7469897497986864	-0.020269093233928413	-0.37245231655655736	-0.3034200544286722	2.7054853808394768
LOSHOS	0.6778349303300306	0.8035388047885889	-0.3131891925065959	0.262224129787383	5.287685527755581
LOTCAY	0.495291557474542	-0.3810315666472139	0.023561241606329164	0.21720403838318852	1.816607922797119
LOTHIL	0.7311460813607358	0.10507716142023141	-0.3957193754003155	-0.19353155898942337	2.9993653655741954
LOTHOR	0.5987340134338366	-0.1573357869303085	-0.32119709685565634	-0.24390809502589927	2.155657899632042
LOTHUX	0.6906377692598742	-0.3814800675707442	-0.2552145365504581	0.08453166258779471	1.9052131187909986
LOVZII	0.19337470874318807	0.07288136818559436	0.1229153822944758	-0.1220799862323448	2.0916910703816782
LOWXAY	0.6630995469398355	-0.26639978165486555	-0.026679610203889148	-0.027648058670685406	2.067246819567784
LOXHAK	0.3117119728878137	0.09787717186604412	0.0523183242733016	-0.39124051648988056	2.3531346094810095
LOXHIS	0.3141311461169738	0.09595163442629584	0.03423017250952466	-0.3708264597968628	2.3641018392369726
LOXTAT	0.7218345748573842	-0.39220738058764426	-0.015119820179010604	-0.0007870002943526667	2.041462420944825
LOXXUR	0.7092551441971695	0.6104103367559928	-0.2507758874166001	-0.1880463757679745	3.889455281305179
LOYGUD	0.5855200478154643	-0.5131456573782264	0.048893748573901386	-0.01524059623691823	1.7169622768375383
LUBNON	0.46991303672707474	0.07025541924073472	0.2557079522819664	0.06686308467299681	2.547282777611914
LUBXOX	0.39350174028844886	-0.282166716939446	0.05208000478295999	0.39288321102524054	1.885512354687997
LUCJEY	0.4300828089580655	-0.6263443868680725	-0.3103744246297743	0.06780119141632601	1.486347531302929
LUCJOI	0.48966256474783876	-0.5079622014151851	-0.3291360857365827	0.08266198161614913	1.6180545497256213
LUCLUQ	0.3681627854793019	0.0388094064989685	-0.010253585664632331	-0.17072586994464167	2.3031236060546463
LUCMUU	0.7158175996205784	-0.11387018417409991	-0.0972089446777596	-0.2226053402827496	2.275316534459616
LUGRIO	0.60820940296645	0.4981080293037945	0.0012775028271103245	0.012013125267130465	3.6522635797219962
LUGROU	0.5876365742482674	0.36441057009130223	-0.06480534651854869	0.021781334537961654	3.2908676335829434
LUHSUF	0.44439108455815024	0.04720506387233833	0.15877616530890926	-0.16494650081316137	2.4117455074896115
LUHXAO	0.42152732989252506	0.017793961666769935	-0.15022459155631726	0.04360646746376801	2.276167056535148
LUJMOU	0.39401930283252895	0.25112580722716704	-0.3352418453460906	0.1758941241671173	3.303170234268234
LUJRIR	0.2341190904003323	-0.8478117217952704	0.21845657624809312	0.27156596095022584	1.105374803150862
LUJTEP	0.6424662817893987	0.32056722592726855	-0.12968173133433142	-0.21609245593686038	3.13634417008588
LUKQOY	0.49920673709837793	0.04127482793350021	0.1859960478684029	0.10663977309702832	2.4127885019352195
LUKRAL	0.43117642368886244	-0.17314771978064958	0.22311696380014684	0.12303036590522315	2.0031710903653983
LUKTIW	0.3454730141632343	0.35490526414377177	0.46023511900228775	-0.15152317839210444	2.8664357105967766
LUKTOC	0.33594417280500677	0.24176549070331332	0.4767407482981497	-0.08017728838372594	2.554116349894795
LUKVAP	0.8322549922207267	0.7093167846253496	-0.46677320034845676	-0.11944215044378324	4.70999476962381
LULKAH	0.26958944814602237	0.2218596651615721	0.28826094152868015	-0.04926342265555027	2.605531902920204
LULQIS	0.5301095621694065	-0.37906059304971135	-0.022131220315011378	-0.0366309490528713	1.8599556555291752
LULQOY	0.5232087446427682	-0.36602931433017616	-0.07454515911498573	0.04101872431083907	1.9264647347469213
LULREP	0.4093760157364086	0.32146387811232147	0.15327014688488133	0.11645751425102703	2.912344751012505
LULSIU	0.46841915218089447	0.11197054337341325	0.13729478635456616	0.09234810547785074	2.6237300885064094
LULSOD	0.3823081795442276	-0.4069537266912288	0.15098007497964902	0.015339099013299627	1.5669477888478924
LUMWUO	0.3235985645732731	0.08708906180818633	0.15968179965223142	-0.2108970009877114	2.3604746518261206
LUNHAD	0.6666822296841035	0.456429207328038	0.1855337132499798	-0.3342492627258832	3.4951354472882485
LUNJOV	0.5363088208770419	0.243243172144829	-0.28350327998572245	0.023544926149228384	2.876412078561821
LUNWEZ	0.6045601436658243	0.1994201000698596	-0.4132073827591694	-0.016735904432276988	3.283060492690663
LUPROE	0.5893613628006307	-0.2611215570949239	-0.04661724561152659	0.16058699298809148	2.0624904451544444
LUPSEV	0.848845718815908	-0.2987645695142763	-0.10121029364130776	-0.09652269860801127	2.1591060308911922
LUPSOF	0.8599333528882029	-0.2987650689181046	-0.09876611132453743	-0.08435715133781198	2.1777691923391673
LUPTUM	0.41669737583578303	0.2025394125909677	-0.04047330599913912	-0.035731690904928975	2.623764289115
LUPVEY	0.42401896357505375	0.42384670756139203	0.10907868647584551	0.04731132663148985	3.117315173638929
LUPVOI	0.2987032391398512	-0.35026548091943294	0.12433563354766153	0.20188161033034835	1.6886801771262787
LUQDIM	0.4516771488334177	-0.3850792581753026	0.060155586003887235	0.1595044832303401	1.79305851116608
LUQGEJ	0.28666699674538965	0.19457676637832055	-0.09780510504283407	-0.36837453953447574	2.5457012208513747
LUQJUD	0.6139118769367009	-0.3200216537093385	0.08765884433749965	0.057809415574586805	2.0396111314526757
LUQPUI	0.5337309213023751	0.4554906270259986	0.16599459245426212	0.04120709272947934	3.3702076894244515
LURFIN	0.695469879811256	-0.46079543152386576	-0.1797138479183618	-0.02254199444128526	1.9148667067363472
LURGAG	0.6978828645250497	-0.4396736019025313	-0.18278510173170315	-0.03288551495750511	1.9628734484723165
LURGOU	0.5316928981756046	0.34267258506935927	-0.10901737694777752	0.09221213337665593	3.224223134477442
LURVAX	0.44113338747313424	-0.12524903755870137	0.290432179090606	0.061114385536764196	2.079726768061454
LUSMAO	0.5070625903451962	-0.3346746945880821	0.12276302874441666	0.014706716511963877	1.8089611921808801
LUTDIQ	0.41262036645004674	0.21155932153453494	0.3522891024042163	-0.013026205814415444	2.618701661427983
LUTROI	0.6437112537297809	0.6227437091126523	-0.13321882294727577	-0.15328591570948735	3.799381007466434
LUTRUO	0.5428816459659034	0.8182062628942476	0.009875717571535117	0.038680385230285164	4.281258927608016
LUTVOL	0.6932862436624498	-0.3589705181539091	0.001061847224753637	0.09701191889452684	2.0662564374473593
LUTYUU	0.7263136271151662	-0.38064901672364637	-0.015921858568958475	0.09712929214722305	1.9747506790754297
LUVGIS	0.6685040633352282	-0.28287197257762414	-0.09015316512212358	-0.3067759836607948	2.042668036066935
LUWCUB	0.49790375762756245	0.7356507607319733	0.26289139942249107	0.19930742574351834	4.12259107789833
LUWZAF	0.5584190329341245	0.16785587505570515	-0.045930167541369936	0.22184241759319046	2.7891735629149434
LUXTIK	0.5680145835703483	0.22893034124222106	-0.3060709582346917	-0.4504683527289772	3.0449802258881102
LUXTOO	0.5280487922535864	0.6551251517195402	-0.2521350312689311	-0.20201801230819683	4.25183106382772
LUXVEG	0.38355158516821586	0.26820106282749734	-0.2786126441034918	-0.2686662366644478	2.763244061003342
LUXVIK	0.39939544982428465	0.2521740139435021	-0.3409816801543984	-0.28538018986321473	2.799332011492094
LUXVOQ	0.4234665461189948	0.3037966223211029	-0.3221878070870163	-0.292629771929677	2.998409059146553
LUXVUW	0.3791554075313437	0.26601109998635436	-0.28218182797200353	-0.21590229193138089	2.8260329009861875
LUXZOT	0.4268672916676257	0.35667434962134664	-0.2827911626224216	0.29867207896518894	3.5940357062827366
LUYYUZ	0.6028414443853043	0.08650734407569897	-0.19832929753695144	-0.23575077358919982	2.5918069812837534
LUZMIE	0.7779095012788417	-0.19188908579231803	-0.22327187466692158	-0.11382916792681057	2.3095942988787055
LUZMUR	0.3271719481121096	0.046100630321956756	-0.009532048353407166	-0.11487131851348657	2.299110396404569
MABLOU	0.3205633516757471	0.2625515409426035	-0.25226939279566	-0.22931427546847383	2.7253527216216193
MABVAP	0.5460344092880041	0.39915350873996763	0.031174351517437845	0.055105083870476225	3.2173324257785554
MAGCAC	0.42446616121312797	-0.33712388303923896	0.010081004637215923	-0.08479718341109083	1.8089965854516616
MAHLEN	0.6239379435167676	0.4561526550210705	-0.09469433936739466	0.04504839150308123	3.586711316955529
MAHLIR	0.5281615758336828	0.21988006415108904	-0.06355603419757387	-0.06662671859835023	2.7997727012502986
MAHNUF	0.5177181402059299	0.2497543062554089	-0.33693063451154376	0.1270766915551768	3.1151506832244262
MAJWAV	0.4173166762770393	0.21380348070945737	0.3350133164584465	0.0014055496725452303	2.6136462030540906
MAJWUT	0.07072251448846201	-0.2023534082486811	0.0781804452213731	-0.06559244677018056	1.591814477085797
MAJYIF	0.7016735259001861	0.3509588298065132	0.35835758606931206	-0.003835324926036131	3.3133031897835865
MAKREV	0.5964904638717279	-0.28487064841557913	-0.07006665065710498	-0.06662275336578212	1.9190219951030714
MAKRIZ	0.4898418169684513	0.28225886557307606	-0.13478188338809632	0.08609537785898574	3.0028251460104958
MALBEG	0.28581482179203643	0.0633986837051084	0.11223819818721337	-0.059385071640783674	2.245697005464388
MALVUS	0.738589087698589	-0.41892108185602805	-0.22855784625375697	-0.2107628515051861	1.87133700007903
MALWAZ	0.6091081584476932	-0.2534249183478067	-0.06057211038898231	-0.08994807829478636	2.068459148695694
MALWED	0.4105669419000435	-0.7762442026486739	0.11697695500232755	0.08865748085444494	1.1822591881526898
MAMBUZ	0.4504708991486641	0.30966832288889107	-0.41250069363574776	0.13016066003311322	3.4320202665789563
MAMPEZ	0.2585451044743077	0.03520013744621187	0.121480787545273	-0.28923162538656766	2.187793060768456
MAMPOF	0.6144945352913034	0.31509218634697533	0.25352394991441346	-0.06369078168862573	3.227355952949724
MAMTID	0.8310018265465553	-0.4189726059383097	-0.07056751467643396	-0.0302381210789371	2.0483677679068295
MAMVAX	0.8365763501702803	-0.40667636596737106	-0.0693312804628188	-0.027984316172883508	2.081032746157383
MAMVEB	0.8107509220950666	-0.3996530551175936	-0.06310097337160024	-0.0298122620487005	2.0804991252744953
MANDEK	0.5035439709294218	-0.27257527004517	-0.20303107679086135	0.1714272341091569	2.1156119593129863
MANQUN	0.5779090005883205	0.3287078393030989	-0.2694884787501244	0.1350561255424679	3.1809992033783434
MANYOQ	0.40634476476439296	-0.24397773000843934	0.19716125886940628	0.2690127444067697	1.85722880970853
MAPKOD	0.30518052675097707	-0.1969547041957832	0.2983308619210748	-0.03664373358844879	1.8455209029964075
MAQGOC	0.35415379554676196	0.3637466372823535	0.1835746461352914	0.13839834611236793	2.963603303299289
MAQNEZ	0.7503406436051243	0.39847898015610717	0.1476932023312862	-0.1796093541884627	3.5900396356175337
MAQNID	0.7226630675225305	0.3569557029081865	0.19231460643531012	-0.1360347166305056	3.401113016475806
MAQNOJ	0.5965520650445031	-0.09191514089933527	0.2708204880070232	-0.06420731010852358	2.307199890024528
MAQNUP	0.5878743098693455	-0.18683382438473617	0.20523469630870145	-0.16571187328183262	2.13846627915835
MAQPAX	0.5704278355622474	-0.1862728053407879	0.2307685268067552	-0.13755804450496506	2.1125075834500526
MAQPEB	0.5835481885313403	-0.17564527973601396	0.25396514223950756	-0.17684946522593425	2.1263190023552445
MAQPOL	0.4748532227415643	-0.19677496808295403	0.28607876291234485	-0.11360913808988037	2.0085530070016273
MAQSEF	0.6137581557853018	0.16862290429038382	-0.16877829673224354	0.3550518282214233	3.0640942406969005
MAQXOR	0.7225536640039971	-0.1442728555139607	-0.41081310074983546	0.05635293174314099	2.507745503859148
MAQZAJ	0.521850216014335	0.6111832959968262	-0.05169403211188392	0.43149757864809335	4.190952863407974
MARRII	0.4671505457027969	-0.016519133950934135	-0.0038357471787559133	0.11362972528872844	2.2500959979273545
MASBEQ	0.4943906696000919	-0.5524057630796547	0.04537377689418777	0.05559295275936192	1.5938582351544512
MASJUM	0.5220213541174399	0.2930781674975641	-0.20535224672867827	0.00810609753965958	2.923090365560694
MASMOI	0.465509441133686	0.1431623147671286	0.2002356841523215	-0.07512689036050918	2.537139245719145
MASWOU	0.3970007365255288	-0.06878300184317637	0.17546563447975122	0.00562447791019172	2.1212037308172063
MATFIX	0.48449453651648344	-0.2344197736988471	0.279456913400613	0.10362484495549186	2.0293927794444144
MATFUJ	0.4562596074913463	0.18752765184517606	0.11177884573271088	0.07298456732814376	2.7132384123554627
MATGUN	0.6483808521673557	0.582449110552699	-0.21491538128120571	-0.06777066147695686	3.9751967309808105
MAVBAO	0.3599806360588147	0.25615951765564515	0.479248197012353	-0.08177100020257644	2.618385690937008
MAVBES	0.3396635794557179	0.11812949851966911	0.25773859372460345	-0.16139303537042904	2.302440135895659
MAWZIV	0.2886981911892281	0.15879394392972507	0.30273695931854416	0.09232997110191418	2.394592930858268
MAXGAU	0.4206936212335437	0.3867001360412701	0.2700358960390773	-0.058703651935414866	3.0967984429891304
MAXTUE	0.5114911165339491	-0.4496489372101229	-0.16990661911197463	0.05276372284601093	1.8106701647835661
MAYKOQ	0.6103377886882315	0.31903658177424543	-0.13139009679287014	-0.12861075027624314	3.096916194247972
MAYPIN	0.4633027881495897	0.46517128892902965	0.09284485242331361	-0.40476279177549	3.2952443391726467
MAYPOT	0.26667215736814587	0.08444531086486314	0.30710732033598154	-0.11977681708716058	2.2188218171709986
MAYPUZ	0.6426887137654118	0.1985097397396266	-0.35766818629096697	-0.4523037277524605	2.6956861663479073
MAYQAG	0.7531508973506487	0.19369590956895816	-0.2787051061681963	-0.23665801142423082	3.0419823086168405
MAYSAG	0.3600826353041908	-0.02214898638656408	0.3376660477374036	0.078618593383203	2.151346212311118
MAYSIR	0.4721316032041205	-0.05316924807871658	0.13021057555659726	0.1467886762106913	2.2359047104775676
MAYSOU	0.385545624502293	-0.26363962408522734	0.41328924365884334	0.13266264269065864	1.8943778784162786
MAZOCT	0.6310874555330557	0.7627615405381941	0.1323099814456043	0.1931648385435436	4.461208827321517
MAZQOU	0.4220947524968679	-0.25802928613875986	0.11512323810411232	0.3411135705015829	1.9833918656114595
MAZROV	0.2664378797863174	-0.5558899544794349	0.2360200381716539	-0.09088866874856595	1.31533566307515
MAZSIT	0.5075952376018655	-0.027828355789620323	0.16277548693445945	0.010625852635114012	2.3287213504670032
MBACNI	0.3707849735091724	0.017480258003096487	-0.16917456088557525	-0.2931727152750697	2.318721381416089
MBPRNI	0.5591861610010422	0.45508192017469784	-0.003727811055254368	-0.06402237025996475	3.335120632660571
MDTCNI	0.5287537514204184	-0.057628918156158	0.29375083612406255	-0.014302500343834332	2.272108529752351
MEBWIC	0.46448321559519634	-0.2476926094588582	0.17954803551771464	0.29175547087441683	1.9258856929411916
MEBWOI	0.46454827014280475	-0.24705878598857695	0.17898969315588836	0.291426895747577	1.9268312023080922
MEBYIE	0.6004874630663659	-0.5157281265799961	0.04671175138788919	-0.0051229636627798045	1.7276786254594019
MECFAD	0.4037239309946665	0.20070720905144832	0.025325734910025197	-0.09405751444085982	2.6120138690468875
MECFUX	0.6334039766704143	0.4645239222053891	0.0621929656914362	0.05731056243111276	3.629796090934869
MEDBUT	0.28726114479130516	0.07234702830172583	0.1763468486348604	-0.30615522158764014	2.2240774842479505
MEDCEE	0.210426472652248	0.06334567211563577	-0.05186512869137068	-0.20222035224986828	2.1580498723507553
MEDCUU	0.2212065791882485	0.05422720703923577	0.032268756902205514	-0.2610193428609863	2.105208123005154
MEDDOP	0.2749472852553514	0.08558051385801234	0.19316809137969865	-0.21436154310096356	2.245806153657294
MEDRET	0.8595843242550352	0.6143636145570728	-0.056880364806436996	0.2928899199976654	4.513038718059219
MEFGIR	0.3518233004917213	0.24618634228261588	-0.21023419918826136	0.15895168454918557	3.0905872734087767
MEGCEH	0.47989010727084747	-0.362103493500225	0.06981556598670186	0.31776530495971456	1.7561913040594208
MEGXOM	0.5080776642769207	0.21070327748334083	-0.10302096611734238	0.13314370264230943	2.9004006005168974
MEGZUV	0.4967659589874547	-0.2883251773095008	0.0566649853437515	0.0788857025352352	1.8819013181567643
MEHNAO	0.4129868463052748	0.8224974284618097	0.5096522596368049	0.590809828261329	4.7073823669172645
MEHNES	0.40056519984663463	0.8485216193878521	0.3548357073794016	0.24239127437207308	4.397001867631687
MEHNOC	0.5902829902762452	0.7333868327660832	-0.07527022411814875	0.24644353428295163	4.378871816473074
MEHPUM	0.6518756035564861	-0.19120683716195744	-0.45115548590742044	-0.07614595660032651	2.446680381208347
MEHQAT	0.4023815337046672	-0.6016017786464973	0.04362424499541513	0.1725654765088095	1.4581931215357236
MEJGUD	0.7398348147200604	0.7249505441891672	-0.2653331496344988	-0.13750623418018598	4.349219269670792
MELCAI	0.1492432649794675	-0.2542154210231701	0.20612619501480167	-0.24697899007495894	1.5854870510400632
MELTON	0.4566606653634686	0.6041480715984985	0.018456046647780777	0.30143883507658914	3.8452295567191146
MELXIN	0.48821588473560773	-0.3246352445462196	0.0864899922426956	-0.10087214060329396	1.817867466411533
MEMCAI	0.5550428229963194	0.17002700530138257	0.14199692440079648	0.02637825249578214	2.7901104725429033
MEMJIX	0.5018940874899931	0.21701381083841736	0.25477950452836173	0.02210237892075279	2.74994350560345
MEMMUN	0.4823516151092875	-0.1826963879759956	0.13435169017310838	-0.30371954411921204	2.0630162444741167
MEMVOP	0.3889898598837078	0.027197735129522074	0.01564364135458797	0.09291380019526027	2.333011042504478
MEMZOT	0.18972570724859983	-0.1812289275117115	0.31830133637117786	0.13042840112852933	1.7072675111823448
MENLEX	0.5795120487698489	0.3142181676793691	0.17440977582117695	0.1942513997000141	3.162393927257825
MENWUB	0.4785792717991688	0.7841223035669506	-0.09459270218717047	0.3365050521171613	4.366806216239456
MENZAH	0.7070928260435787	-0.5650518305093447	0.0007161534969358369	0.03899751891146725	1.725567761716945
MENZEL	0.6676715552530093	-0.5485238574450892	0.017242124812508378	0.07706615421982735	1.7334983227254326
MEPDER	0.5256937063536364	-0.12498313536988333	-0.2891096211547337	0.08797809957868087	2.3629298806608805
MEPGUK	0.42277783236376987	0.30576075542258346	0.47434095700616674	-0.07061534712605097	2.826468920172555
MEPSIM	0.22539812767504186	0.33896613786167196	0.00023544569942350602	0.02786811939871582	3.1293942293022594
MEPSUY	0.45723646632936266	0.3515029131779812	-0.2996106357627105	-0.25657906359911575	3.4523376746099546
MEQHUM	0.5543041438298433	-0.17867252573568343	-0.00713109066840846	0.07587972141867616	2.0260734786667323
MERCER	0.33483264073159136	-0.3578314743117165	0.003986958501508792	0.049044417169998744	1.6961920176975755
MERGOF	0.6126035554698381	-0.5723274199593306	0.10734582688813651	0.06515364887581504	1.6120466294814007
MERGUL	0.547231293802775	-0.6215615655822376	0.15825878586547726	0.08765688766108297	1.4723383756067379
MESJOJ	0.4771514355484898	-0.48395090057851836	0.12396536938856831	0.1833541734429059	1.6700592420380618
MESJUP	0.47640475243654823	-0.6220491613570299	0.09532314980759996	0.1240736116665467	1.5368200534972705
METLUT	0.4067485577476324	0.2175232327220295	0.026798922011879486	0.38927334868040003	2.9085876026276383
METMII	0.6075154019198248	0.09339294332780057	-0.03598741228044482	-0.11832766794762277	2.659736265465895
METMOO	0.6853844953719666	0.5090939746873813	-0.03734359921902483	-0.07123094067091114	3.7335390092400558
METSEJ	0.5423560762788222	-0.6733112314040974	-0.18281698355648257	-0.1444656256376199	1.448886852818592
METSIN	0.4993574800626801	-0.6627099778085423	-0.1984616403716814	-0.10737699483754747	1.4558872506455764
MEVHON	0.6407426649445496	-0.21395573556332842	-0.20587384300923434	0.15166066084409807	2.176460030692209
MEVHUT	0.650231356008149	-0.24023698726546971	-0.20717751010718724	0.15487880053934572	2.17536319500446
MEVPAI	0.3875904424444343	-0.6908664553732606	-0.011945694851974872	0.12460239124433727	1.4019569081795165
MEWBIB	0.558293214149848	0.1290949816988698	0.07332526188371111	0.059955879453208585	2.718023276700686
MEWCIC	0.4029789003230242	0.31665075765298833	-0.2517678045183765	0.18648476161887634	3.0169982646154807
MEWDOJ	0.4778768454336726	0.012802975269491146	0.00955546872544391	-0.001838007548343918	2.317232364584508
MEXKOT	0.6736424045701979	0.07609306914108778	-0.4058133270816753	0.06314891322182518	2.7201291633793954
MEXKUZ	0.4468374083293538	-0.38736776295790787	0.016877228765613067	0.04067074185310137	1.651220628187906
MEXRAI	0.8065047939869281	0.19997536727541698	-0.34422822397626746	0.002426342629243218	3.5688503622975376
MEZDUQ	0.5435293893438793	0.5155055667994911	-0.11394804397911612	0.2210734018254017	3.699930859702996
MEZFAY	0.5512325888846252	0.23716875818715377	-0.15776212139238727	0.07627074920638499	2.9398716230224435
MEZFEC	0.5358521632929403	0.3289548203507807	-0.11243477787196676	0.09318619862842824	3.1259402918389787
MEZFIG	0.5658766418328254	0.5218213470611638	-0.13530288526887968	0.21758466541646498	3.76322321712984
MEZFOM	0.5802829908025364	0.5112112454270926	-0.1316894341206274	0.2014664891127741	3.752366189505259
MEZFUS	0.6800102418279304	0.57434802234715	-0.2350166576682925	-0.04463323401699307	3.922069230158236
MEZFUV	0.41625015470955073	-0.6289702480304415	-0.013666508648657219	0.06915798785215865	1.511678226513751
MIBQIY	0.6027874927152048	-0.025550061099801732	-0.03697823494826973	0.1437603737044963	2.491711924986691
MIBWIE	0.5455564017095984	0.26992369387750575	0.16571171939456164	-0.10515559097623343	3.072738914854045
MICGEK	0.6355532507699007	-0.13120218938838224	-0.30260683353191775	0.18601249772453343	2.3211415468983008
MICHAK	0.7870229719574979	0.6996883387796694	-0.23325011480117813	0.10719802548955187	4.5799662821383675
MICLAP	0.519645014102518	0.4850831364424403	-0.07650851407798771	-0.0900799417791626	3.3592003471345633
MICQEU	0.3092323528349583	-0.19067871063810674	0.1506139996618153	-0.10785538898477308	1.8351968780669785
MICQIY	0.41535876736779365	0.046914287158773396	-0.07461423702067235	-0.166225041370768	2.635147624548642
MICQUK	0.4095322167913329	-0.13865253756224977	0.25979152561794777	-0.16389280399366846	2.090280306546364
MICTID	0.5256450838357765	-0.2424671992461902	-0.10285317468674612	-0.14852101582261573	1.975770937887329
MICTOJ	0.5258016382292912	-0.23714323247767433	-0.10250843566445349	-0.12940569964437865	1.9959489467845168
MICTUP	0.5254339709570308	-0.23598319941134208	-0.10350878009819385	-0.1694589063702372	1.9412243584802695
MICVAX	0.5128638528396818	-0.26175537890170497	0.011125003400282343	0.006862201740479731	1.9118764821258647
MICZNI	0.5428769525297756	0.11106015637868052	0.13008234148301145	0.03900155887393905	2.6550258930072963
MIDBAG	0.4796551067142536	-0.40306553219851043	-0.01120863757928621	-0.125447033345381	1.6548344427780903
MIDBOU	0.5463179826486533	-0.41061539132440356	0.05731213304244506	-0.13086676028733646	1.71845332645694
MIDDAI	0.552630640071957	-0.4117930858103079	0.04778451882464438	-0.12154672279585009	1.7074849975846438
MIDDIQ	0.5356607315947546	-0.40756146952658767	0.03591248849960435	-0.12577692366174437	1.6969361723865828
MIDTUO	0.34334594372466753	-0.4801922485175852	0.1504048116504345	-0.12938895391003374	1.4711780170044306
MIDVAW	0.3133254667610412	-0.508780534778148	0.14762368460123323	-0.06138239984325043	1.4191492720489391
MIFFEN	0.4349053829899203	-0.39178097762707786	0.007029680444758296	0.17718700414137356	1.698250789249857
MIGFIS	0.37413766729565356	0.44429833897091936	0.1851194106818172	-0.013703888372335493	3.051152078985879
MIGNOJ	0.5153697257432244	-0.34372015467209843	0.1883484717571915	0.17133051716508496	1.947268907569008
MIGTEE	0.5106930387918602	-0.5534144485923355	0.03937789452915012	0.058893151547467826	1.6262472792340699
MIGTUU	0.6068624494967247	-0.484126973657822	-0.006556984437290206	0.06309941785113903	1.81749400532685
MIHJAQ	0.5394460564952022	-0.549546834609445	-0.19006384713042526	0.007072956340313633	1.6318964862158507
MIHJOD	0.7458314254939111	0.3095349446266174	-0.2870613060355231	0.07856782201619628	3.4929053765872142
MIJNUR	0.46866006731098153	-0.3508623237474495	0.20167363518988762	-0.04911283884502832	1.8667945137306863
MIJPAZ	0.4781398753851773	0.02434044191013241	0.40463797500014265	0.025081037228966034	2.3473779528238694
MIJVAE	0.5869654311897854	0.5768077161619544	-0.1947751524703223	0.011340189834805637	3.934834767802161
MIKBUF	0.5903567450707969	0.4979324741034482	-0.07819919421233337	0.11430735819995595	3.6410111307009445
MIKCOB	0.4859989720071871	-0.11098465808021363	0.15319947157564748	-0.14637886912986275	2.1759718673491575
MIKKAU	0.3822493382707144	-0.011368706732058483	0.13335475087982931	-0.019547699915662867	2.1295236870919463
MILBOY	0.4402245880425033	-0.09861042776564023	0.06838555013543715	-0.00030871459517326644	2.1371772669224716
MILHUL	0.4621042472731043	-0.1251400342927726	0.3194684612213303	-0.18895205591346115	2.1552465611805927
MILJEX	0.49577269052443196	-0.1142964871885755	0.3154908310828689	-0.14418649448850318	2.142712863191194
MIMKIG	0.5055149128951006	-0.09604869698978552	0.11453023659289599	0.07432948150482528	2.188377946783092
MIMLOL	0.38327482583882144	0.08899724924612433	-0.10192456559383516	0.11140171950610551	2.5118435853142405
MIMNON	0.31695854984090177	0.11851899447430508	0.11144057363652263	-0.2807494833660211	2.475486111639887
MIMNUT	0.3362144217852334	0.11864481272611946	0.07939472320756455	-0.16191459988820484	2.5101823465799393
MIMVAG	0.7238015056866924	-0.30632862946453865	0.0009891685526849658	0.07836770915460387	2.1572618095466707
MIMVEK	0.45678266509062926	0.31659094771305013	0.029447714871304237	0.1852099225477084	3.044812509540989
MINNAZ	0.5523628523496402	-0.23241716116594952	-0.025482618648981936	-0.012179773764067592	2.017730035736699
MINNED	0.6110726055315565	-0.34533859426869373	0.07428517144854255	0.05200506906918576	1.9038513962576713
MIPKOL	0.5763938437275531	0.48457056084365147	0.14114317997956907	-0.10247646965690276	3.387793561570776
MIPQUZ	0.3970225930253459	-0.05902411802100603	-0.11262908281304793	0.29639956082648594	2.373057376739489
MIQBET	0.3628224301546341	-0.08488849765495501	0.364737439278622	0.005500367823862776	2.0733851637856318
MIQBIX	0.34121553179612985	0.309981613274183	0.12028228415798065	-0.09029824959667625	2.7700533716118083
MIQNAF	0.5327337348619183	-0.2929375717057386	-0.04735075763831055	0.014007419143077978	1.8606605913670533
MIQWEO	0.5993736998332233	-0.372527755448598	-0.11889324337104634	-0.025548141345893574	1.771212099290182
MIRTUC	0.4868716117879117	-0.308913360860367	0.1260712594625028	0.2147746971796748	1.8923511518447258
MITZAR	0.40750260831219176	0.44847102230403946	-0.2468095122108984	-0.06424587381797006	3.3432521039668086
MITZEV	0.4615082374579229	0.46727403389958755	-0.24337766805642078	0.020488600514856962	3.3886567581239824
MIVFAB	0.24539915570460247	0.31209970519787383	0.310174491861598	-0.22550052383483754	2.6700173736816692
MIVQOX	0.881351321369543	-0.4724842210543848	-0.10816657290730192	-0.038547906870623885	1.9307353998059458
MIVRIS	0.6271796968496188	-0.36073422317183407	-0.11967925436211152	-0.14077907210617085	1.9958401477452148
MIWLUB	0.4777001042355655	0.1156780268817032	-0.256014268753901	0.039229725925063255	2.7878623815271775
MIWMAI	0.44436590456651626	0.10420430367269584	-0.21732704416259938	0.05367676949087605	2.7018276220975506
MIWPOY	0.4870135253061125	0.09062734383775865	0.2396444447006475	0.09113071074420348	2.482156349822857
MIWRUH	0.6814145114504653	0.7599954656690072	-0.20178814113039437	0.12667304027735762	4.5040868459371355
MIWSAO	0.682395840159753	0.7577134339612206	-0.20404178012786744	0.12242945243088754	4.498155364014787
MIWYEA	0.674221582234865	0.4868058498207495	-0.17842212164311355	0.03320704346104676	3.7654796032138216
MIXGEG	0.41586906300071735	-0.1582903012997083	0.14577296307712115	-0.18679083386401457	1.9837087930799429
MIXGIK	0.4050018093655714	-0.08448955039736217	0.15453843490568267	-0.1352217244065822	2.1374016491191976
MIXLIO	0.206094564144633	-0.5801374752023921	0.15362856311004583	0.017705746545159252	1.2813102598850252
MIXRAO	0.3767308489969503	-0.17659730467712023	0.29179477106381	0.1383922946457286	1.9327242094079164
MIYKEL	0.4424008344396926	0.4679076348376821	0.22380041349938085	0.0651984646263584	3.3020099385324992
MIYQIU	0.4456651177359028	-0.21928302029211422	0.5310470192975665	0.06725541353296516	2.0318817754250866
MIYQUG	0.5175583633791261	-0.3727353317503194	0.09793713157885053	-0.1635608059890889	1.8426310827946693
MIYRER	0.5608895548371615	-0.10874476818558938	0.02873640989531666	-0.15303013121405706	2.198871437021401
MIYTUK	0.4322951260159291	-0.18129461722305068	0.006401710661029611	0.11842879163038467	2.183002728759798
MIZXEZ	0.5260308823304101	-0.019205468791594904	-0.27638704533593456	0.023020063444678426	2.2652874956148294
MIZZAZ	0.6232560239389322	0.11706143047237558	-0.0836371552714924	-0.2585139167232708	2.8518579171337697
MOBBEN	0.48449472442511166	-0.5494951994002522	-0.04281292501491796	0.18056484021634045	1.6708606488275801
MOBBEO	0.5123892245625639	-0.24655272428947972	-0.09513197040958321	0.040583358991775204	1.9245685547634492
MOBBIR	0.37033413018041905	-0.6786547728694834	0.04895546999284345	0.17222961982788088	1.4050508368111414
MOBJUK	0.5881080777852352	0.03683541651029685	0.056444661049073974	-0.2785708973678537	2.5914949372385063
MOCFIU	0.5902023293728123	-0.5802545996548438	0.07528556637143385	0.06597045473355395	1.5922435898741765
MODKEW	0.725808338470622	0.35022260422244245	0.028673358581516678	0.1433453729822931	3.5320799733314105
MODMIC	0.8217230033568903	-0.44774107130766877	-0.06612777426018543	-0.0020186918497308477	1.9976561576982692
MODREE	0.6001685309558411	0.02636252003919605	-0.09881059565808759	-0.10334992035875233	2.6017521566237414
MODSEF	0.5070836333804651	0.45326715380234006	0.11596985119022765	-0.0070387210538711345	3.214203208951795
MODXUC	0.40046571812319964	-0.2776548889815072	0.10635486893406054	-0.18921036648226736	1.795180961137456
MODYAJ	0.4072400321039833	-0.2811310836461518	0.09162860817752533	-0.1769760457991706	1.8151072219876823
MODYEN	0.3888793395168699	-0.27258383014753	0.10229365864247786	-0.19071154405452512	1.7891196969816445
MOFBUI	0.36076782396522766	-0.24930599685334925	0.1252729140900794	-0.2012136206628039	1.7926531974433124
MOFCAP	0.21541696487514939	-0.27731728565474684	0.21694802951489167	-0.03973238063255709	1.5961591682701353
MOFCOB	0.5337903430443411	0.4859203261081053	0.2829170380245941	-0.11373162397952381	3.4060187386504284
MOFGEV	0.40869168536276046	-0.3525612299425138	0.12581451252699657	-0.05292369279212533	1.6936902395780704
MOFGIZ	0.4307726820971425	-0.5405514432618744	0.17312358539261957	-0.09183790797704124	1.4598579020440314
MOFKIE	0.6736004242546683	0.11092370296189691	0.011623267305375135	0.16094311969665898	3.015044107726948
MOFKOK	0.6169504756618416	0.07084784217330707	-0.03666476899468176	0.1614132091814574	2.8153166978919684
MOFRIJ	0.5821601450828533	-0.35891304172850097	-0.06553208796452421	0.0014114912642485024	1.9043729317151716
MOFXIO	0.701008768197446	-0.18801176358613367	-0.48414480705607443	0.008879749965185452	2.7179480922737813
MOFYAH	0.8110824175400344	0.21524951200481343	-0.2189538741579418	-0.18754312964809894	3.0638074301107427
MOHNIA	0.4901744234805454	-0.3937175033384203	0.12434114000276442	0.22166897572059852	1.7442591034961887
MOHQAD	0.3851060817450742	-0.21992226938962353	0.15415233463540826	0.16301365773738474	1.8541783945319015
MOHQEH	0.4051533237107243	-0.33443127638502856	0.13550806877514346	0.19998181221800554	1.7180408458679723
MOHQIL	0.26171367871546947	0.7439370515248898	0.16740158913257328	0.045132786664640254	3.644975233985029
MOHSAD	0.5589017671270753	0.09019003319150741	0.014369185782171778	-0.1539767506588795	2.603312352493223
MOJMEF	0.6218776422712375	-0.25101123552238735	-0.0033670515520378697	-0.02922940476857322	2.1063924607861235
MOJMUV	0.5787711633188177	-0.11650427130072326	0.10994434831632086	0.1446061084098968	2.2772928807841906
MOJYOB	0.48027003714592986	0.6961417402118343	-0.12007466111460707	0.13435426420474514	3.9537993298418983
MOLTAI	0.42656740963488904	0.5396673600706434	-0.15940982473718626	0.20151373774236636	3.565856674934562
MOMRIP	0.6214261735391506	0.5919958421525406	-0.30809952061104795	-0.14704232770803527	3.999638312006791
MOMZIX	0.4348316040047422	0.20851505764390302	0.17888460053698568	0.05413176514764913	2.6262465407152917
MONNIN	0.42068586985226375	-0.12374598350821438	-0.03227211615539482	0.20786972360853928	2.065629591850005
MONPOV	0.5248353167023545	0.3925661312594915	0.038504789709188456	-0.03438347598992559	3.199681445931959
MONQEM	0.5466698230689415	-0.2569708890476496	-0.1185246199860108	-0.02308487624118971	1.9604993447261312
MOPDOK	0.5193970399646757	0.17698288551588584	0.3188571889808703	-0.14895721163828268	2.7435943349486367
MOPKOT	0.6678545144422117	-0.26150625544275174	-0.0421700134780453	0.23179870368158217	2.1040096443735523
MOPWIY	0.492968771262162	-0.3117518104108032	0.023817081222918896	-0.1958197899605062	1.8232434502116905
MOPWOE	0.4789978341828869	-0.295642024335791	0.006573773084257939	-0.18113717738267282	1.8168991815976636
MOPWUK	0.45645298489789976	-0.3214476617833026	0.06234517384480337	0.09855641212423848	1.8781901243818546
MOPXAR	0.48825003237397	-0.2335317123779304	0.03942141771119781	0.04194300693704292	2.084105369857329
MOQKOT	0.5986850324053803	-0.3765043197490549	-0.1307776653649707	-0.15208250510864796	1.9567793390748236
MORDOM	0.45456405104351383	-0.30086841025081235	-0.02907395016325833	0.005440345912219514	1.8276258180700429
MORYUO	0.3884321256160437	-0.158374047941956	0.17121721978242666	0.06681465748695203	1.9372375126732564
MORZOL	0.419960614727823	0.26991204246338846	0.21415668016896988	-0.28842683742052766	2.788131646227239
MOSVAR	0.37924084456188556	0.026913223607120916	0.3573020729624741	-0.03408399665439316	2.2715738154157132
MOSVEV	0.45551660671933014	0.36540007627319004	0.026935912915472163	-0.11562327355354816	3.1077251669296184
MOSVIZ	0.4453512921231235	0.22279340192433375	-0.04454297499941344	-0.05203037382113265	2.839181850821083
MOSVOF	0.3645785444278138	0.021005956994475702	0.41923324527794054	0.01623084326697459	2.2669246111249235
MOSVUL	0.42362141004185894	0.05241303242840464	0.3058761857154115	-0.10876154076642074	2.3093692543072692
MOSWAS	0.3362979584603667	-0.042209841384732466	0.18540957986211365	-0.0680160773006187	2.12908856874957
MOSWEW	0.31278541823810846	-0.08930668074526504	0.25302829471897537	-0.04785910750660079	1.9781967776489437
MOTBED	0.5557915553132622	-0.40601263454619785	0.041359091563580516	0.20129582448930566	1.821861874369295
MOTGAF	0.20407458037347626	0.11301179298937691	0.11299824640944486	-0.06252525198955951	2.194688964412704
MOTQIY	0.6999361366010204	-0.2448714635419648	-0.3300221964196505	0.10404553173560993	2.300673645172331
MOVPIZ	0.3559672492119059	-0.02406966021976116	0.2062920547188019	-0.17155497773061562	2.2281649102272465
MOVPUL	0.7170063233967285	0.05579925135904451	-0.03544505992936064	-0.23691490321821623	2.7554700537088337
MOVQIA	0.3577239892601112	-0.019274380838307233	0.20839168005238284	-0.12602263093052113	2.1165300963816294
MOVQIX	0.4681576862319803	0.30125530152209984	-0.1374662691365553	0.22192555896340205	3.0760643676174704
MOWPEW	0.5867059043934058	-0.5644756176903991	0.02372473733166934	0.268949050046941	1.6440418873098626
MOWPUM	0.5834832412393416	-0.5512392636506932	0.0366465356894109	0.2964339584072731	1.6573468322009184
MOXFAG	0.33238125606951785	0.34374272856904803	0.31756568197976504	-0.050941322534063985	2.8305393067512754
MOXFEK	0.41246912073403763	0.2898608364794275	0.3844152468117177	-0.034469304891067115	2.8122208329221836
MOXPEU	0.8177836910499989	-0.17173322943383465	-0.15609701007731486	0.11710122330672283	2.477833165401257
MOXVON	0.2408453369620691	-0.32536240269533206	0.14378769462485824	-0.1347805451270746	1.6646697028090696
MOYCUY	0.3620487537482209	-0.22852052523840646	0.1215204155680431	-0.10642737355172631	1.865690216866442
MOYDAF	0.35782185888308593	-0.18341476406611498	0.09425513857271	-0.12116267189269488	1.956563341699478
MOYTEZ	0.337113664245702	0.17966327028758436	0.328396357361477	-0.018673862808149977	2.534607911250296
MOYTID	0.29669627977988267	0.14967726977802048	0.34858602131383243	-0.025827614471575874	2.4207938225090415
MOYZOP	0.28403181060069693	-0.05174609666917829	0.3095615722206657	0.0447293960872191	2.032851610350215
MOZRID	0.49500271744261326	0.6391283903931657	-0.15242975832833167	0.17328535298118375	3.8662054886547237
MOZTIF	0.4297464816746315	0.4997086376890567	0.05505704373063855	0.29872827521137	3.5113735414303116
MOZYAB	0.4089040851167649	0.07856514652681393	0.1160353956666268	-0.07358270341814281	2.4249658447743205
MPFPNI	0.08069058512420701	-0.21244950667721058	0.007072754867823855	-0.17021815398001877	1.61744532378069
MPPTCN	0.3766569823800072	-0.13269925150626996	0.14250091994329023	-0.20118458308309467	1.9491710208938113
MPTCNI	0.4533129333886592	-0.057256981880454264	0.4045616488791535	-0.033818091103543904	2.198583082627959
MTACNI	0.5779941384976617	0.18750014885660246	0.036489113875559906	0.05319107806859791	3.0101034536442315
MTHUNI	0.2121700315259334	0.6398062966001831	0.5470894794124072	-0.15940339663598868	3.43997496176927
MUBNAY	0.2514862997195788	-0.13563785647106197	0.09064778701723586	-0.22668611749798484	1.8699533623808577
MUBYOY	0.493522575664918	0.596401935951161	-0.08061559646828378	0.04230740241807644	3.707898275401214
MUCKAW	0.33657562781819017	0.3094891319466799	0.41680268168029266	-0.0026767972244176805	2.8561326288445885
MUDTEK	0.3979241896592436	0.018078183477325628	0.28728359166643747	-0.08713728158787262	2.153857646546458
MUFGAY	0.2478970417533346	-0.5713454451905133	0.17623149612151195	-0.05167165825316321	1.3156643759935445
MUFGEC	0.21946949740954302	-0.5732066076019239	0.1752012591101279	-0.047441747041813156	1.3029869977442083
MUFKEF	0.38555616454936015	-0.4484676348224306	0.2612201983754148	-0.07582680385056363	1.5333268156942126
MUFROV	0.6014178585680847	0.20708888732582317	-0.13118086237434173	0.1599583692155001	2.8578765458062856
MUFSIQ	0.4979533789118653	-0.2204823652308076	0.024403981599462804	0.06712951335539949	1.9948072116942646
MUFVUG	0.2719440209760928	0.04306233098839145	0.04010562495515199	-0.3244366940741923	2.2585855244626125
MUFXIU	0.694551362668193	-0.2385902781567104	-0.1300017880414821	0.022868918418542904	2.211320622889814
MUGHOL	0.3130246484460022	0.20265698013692066	-0.10189546993741916	0.1605012224239189	2.6628026591356155
MUGHOM	0.45220373120723334	-0.12494347543574273	0.12261091796373488	0.07232122340210353	2.083728056192897
MUGLIM	0.5447392983829005	-0.45062163985686143	-0.17507770012771223	0.0592572419804519	1.8388148719673625
MUHLEG	0.5900485038875889	0.1911790199313686	0.055468346934252816	-0.02838642004344922	2.7241520028402624
MUHWER	0.5860359593817357	-0.3761253682418589	-0.1755023812520013	0.028020179060377105	1.9151954825096185
MUJMIN	0.46678991758182686	0.06624492547516131	0.21438601480626818	0.05189794016040215	2.404491281626199
MUJMOT	0.5473046155634691	0.5601523872501915	0.06823640038806761	-0.006160591945058774	3.6597568616616507
MUJRIS	0.5098058097506559	-0.49361075670140103	-0.06966719234222678	0.13407076903238663	1.6906616715367697
MUJTOC	0.26377048611874043	-0.8249815152389613	0.3561056714294724	0.28079521816630987	1.2412721985119506
MUKCON	0.7795424191855416	-0.44120671033974523	-0.05038028534338265	-0.030513613224103717	1.9832388424541567
MULJAG	0.5205662178966106	-0.28511947454166153	0.04379689424137882	0.03489140085849578	1.9388918152140582
MULKIP	0.45374578545450994	0.41532451014389044	-0.16047866909582645	0.28640468047616296	3.4031026002606666
MULKOV	0.5606066437052801	0.15168546591882295	0.0015152391420704542	-0.04990150853686716	2.700812399215235
MUMPAL	0.6174080682226242	0.7449978547077911	0.05241287819418397	-0.004774123947108414	4.277310700790755
MUNXEA	0.482653193106402	-0.5340818139221736	0.10732018554575701	-0.07770145597365095	1.5086523945475099
MURSIC	0.6328807420412845	0.1205204396723902	-0.11780591888495037	-0.15366322005661853	2.746019585049879
MUSNOE	0.5305470248288184	0.45618640461775434	-0.3544598977083523	0.026577718968397186	3.594030363151291
MUSQUM	0.48206008648434295	0.2539802985821868	0.05107715542554567	-0.17064120512195918	2.797463411845187
MUSSIC	0.37491613926576495	-0.5987750406215558	0.24593252291972606	0.2948220310718643	1.4467328834430255
MUSSUO	0.4618686185070233	-0.5109762214556763	0.12643321590240855	0.08404549538790204	1.5248910780275446
MUSTAV	0.4142079542191315	-0.5564599494887426	0.07216625496969856	0.22344014382124833	1.5231248592156836
MUSTID	0.4680924505714108	-0.33190567004589133	0.023734236415583518	0.1713355393697788	1.7997155116369896
MUTRUQ	0.26234494699410726	0.19447877402311958	0.21440944460129324	-0.03703968096052458	2.530797967528412
MUTTAY	0.349769983934773	0.262224132100734	0.19558397896950624	0.06354733191952197	2.639625731259632
MUTTEC	0.36392643976337524	0.26870215316447005	0.17338191688650395	0.06959356667050465	2.7526368938834875
MUVQUS	0.5003889375644182	-0.08310686413075191	-0.04786567178226535	0.26021506195037064	2.358362754065859
MUWDUG	0.157766666739799	0.10018887782711404	0.1674050319083978	-0.22626720452348387	2.231514019686741
MUWFUI	0.11791312570061674	-0.12180974938843954	-0.08888336323081003	-0.4412603702371513	1.8789557062871616
MUXWOT	0.7006760265623502	-0.3911221583512788	-0.013565632682403642	0.08135303341293933	2.0911498219138047
MUXXAG	0.49888554059335277	-0.4712730650977646	0.09442356156042084	0.10900347831778462	1.7919043835394162
MUYBAM	0.579498715172762	0.6131372693186755	0.0036721370629839017	0.05848219047571129	3.826154645101833
MUYBUG	0.45786642364542995	0.29185092665873386	-0.36565391759970634	0.14905732347172687	3.4800638113880633
MUYCAN	0.29531408807461945	0.4522990114898236	0.2273187691478073	0.047343135251863656	3.0046492775719083
MUYTAD	0.4924475334815135	0.09600642878618124	0.23436659458874165	0.07588558423035299	2.4621834877486397
MUYTEH	0.5161287758372533	-0.12090598886462263	0.12713524259459788	0.006774143818405531	2.2066361551760663
MUYTOR	0.5607407476769328	0.09634966829149748	0.036996176429510766	-0.07319483880764589	2.6943180708550467
MUZKEA	0.36844901718318024	0.32275758171512253	0.08891981954297559	0.3450160157686963	3.001859748108585
MXNSNI	0.6322822990448245	0.16945463661661436	0.018813804503861775	-0.17979556836663796	2.727114083582509
MXPPNI	0.47981831014982035	0.3881619269157395	-0.2511618612905262	0.08313531274600859	3.326948342917094
NABCID	0.6974567116609833	0.6283462365710316	-0.14486267516128987	-0.25612066066919387	3.962709920212153
NABCOJ	0.5186017973995476	0.4841975416294271	-0.12413548274968819	0.09554944273943977	3.417977299606777
NABCUP	0.6185749292085863	-0.5156860436940027	0.04584665351282062	0.2489652702479429	1.7153848991270748
NABHAC	0.5055208434462717	0.7128030562606908	-0.04516739810473364	0.12994786296323718	4.000572822951925
NABRUF	0.5040421353234308	-0.07765953328905702	-0.2617792234413925	0.14162303544010663	2.3437354511961894
NABVOF	0.5207620925524346	0.3189429233695772	-0.1233987934878874	-0.15530899090916062	2.905278507401338
NABWAS	0.6253798265775323	0.43702096016966413	-0.10447581273958474	-0.26617265338480195	3.403611087937741
NACBID	0.44659268901925486	-0.09463501495501324	0.07093744496794424	0.0918229095721207	2.1008746107426575
NADKUC	0.4488727663704024	0.9822234643711164	0.02862007359173266	-0.15515422829789904	4.515814026427236
NADLEN	0.4554945768437575	1.0149907759284145	0.02573363360793432	-0.20391288726310758	4.606918851746633
NADTAQ	0.4731883852783456	0.7543576080573979	0.31659502481448354	-0.022649290259327118	4.133392305166599
NAFBIH	0.3324575082003465	0.24462255855470072	0.4812869298565011	-0.08328415173716079	2.5622061277936754
NAFGUZ	0.38286551090599197	-0.5869615818823214	0.10566237783360768	0.09672905809312023	1.4889746596455353
NAFJOT	0.4621126155703852	0.39331143553053827	0.05595987700201782	0.3990292028967251	3.348596796551769
NAFVIC	0.5176137671379006	0.6562666210375284	-0.22906947166961508	0.26478955561962714	4.058373732540361
NAFYOM	0.14720360987063197	-0.30772772551407707	0.34236531795083724	-0.1277208052325648	1.4750102903918048
NAGBOQ	0.35366553711268356	-0.007808491460777271	0.23025518987114918	-0.1309430367936109	2.170877276482679
NAGGUX	0.5410110953947633	-0.497407588065451	-0.02050929144073959	0.014986461027658087	1.5812488532500044
NAGYOL	0.35498877091130776	0.2572928605636489	0.4766393372887423	-0.09322700990390224	2.6270835922938818
NAHQUL	0.374416646104458	0.24660855392868225	-0.030022691314621763	-0.06088950308783596	2.720908074607374
NAJQAR	0.5269830108750346	-0.19407288327422334	0.013639103288728943	0.1611160813411761	2.0240648363104836
NAJVAY	0.4888767704895667	-0.12369261038011899	0.0008704307921306165	0.025073785295122192	2.1976691266022654
NAJVUS	0.4687857878218873	-0.15245536842133914	0.059958900206705384	-0.022087168162928057	2.1284030579505573
NAKPAS	0.45630382699966976	0.329501317800782	-0.06989572825369067	0.1938514064297054	3.097091612307679
NAKPIA	0.5988293279250998	-0.1221087129336426	-0.1345303722352034	0.21075482383600652	2.226774493618422
NAKQOH	0.6101789053212494	0.29228375876285045	0.17471756212145018	0.12125781108519049	3.2095889265089346
NAKREY	0.41489003605690655	-0.06794670200358155	0.10684726710377676	-0.13821429897506554	2.1978720402897802
NALHEP	0.6045322460375226	0.6617063180138055	-0.05566922705763618	-0.04911460161462543	3.9726465400550173
NALKIW	0.7959883974793511	-0.19354848830343294	-0.41350459789379496	0.07662566754550697	2.624478173102332
NALWIK	0.3123989258778703	0.17702487657961197	0.33389302542654925	-0.014524503747664605	2.5252971172636602
NALXOQ	0.6757833604678929	-0.361793703635466	-0.023581490974450732	-0.09765483890462265	1.9464240672094177
NALZIM	0.45629686209570064	-0.22601259316834232	0.12476218764009844	-0.14446218523235688	1.810952460109977
NAMBOS	0.5580096287454497	0.05749821977187054	0.184090602904727	0.020569588070695734	2.459604872112155
NAMBUA	0.39656991550416265	0.33106702496309776	0.13284946308846715	0.00907909442144269	3.0516061851761425
NAMYOQ	0.5396617388864033	0.5353431415090043	0.06914627628507938	0.008625611445461569	3.612650005815682
NANLUK	0.45166182312793435	-0.11650872551539064	0.1554047939393217	0.06817076478645095	2.0736027708598543
NANPIC	0.5614865599772525	0.343961944921557	-0.1814649910773876	0.08688168758917716	3.132693074359042
NAPMEA	0.35212145455537547	-0.15344758578012313	0.1278143594796884	-0.22321959871196922	1.9604602788877028
NAPMIE	0.3190821313473613	-0.13626570153525847	0.14037848658093743	-0.2161131495428717	1.9259595545171828
NAPMOK	0.33822861422634043	-0.16872673780343905	0.15144894996698027	-0.17897363747546402	1.885469263340571
NAPQOM	0.7506903129717664	-0.22232611033929234	-0.43164097846318333	-0.2474714014597243	2.206535819236878
NAPRIH	0.31438462337078166	-0.19974738986615626	-0.0333576278944655	0.3178187706464204	1.9082288730699954
NAPROO	0.28332433868911844	0.06796024702990047	0.09355587058084805	-0.41833173889074343	2.221304597187906
NAPSOM	0.27022206550330763	-0.2692501169591003	0.050559017025517655	0.10777501842183061	1.731457723828322
NAPSOQ	0.9054234819462872	0.1273003166006904	-0.606395027815507	-0.20929958434921742	3.6342867739096407
NAPWAE	0.6116801199534398	0.1490377993239205	-0.32520168853051595	-0.2226221977248281	2.693735533629437
NAPWIM	0.5466429743932304	-0.09094807353034437	-0.2855259416637035	-0.15149128944100132	2.224329415030509
NAPWOS	0.6199010171361428	0.1564768951139353	-0.3350814584609457	-0.21207755406004547	2.7172238711280885
NAPXAF	0.600951954575172	-0.4299904267323133	-0.3275076890217962	0.02740608065682216	1.888540193136596
NAPXIN	0.6379519319594724	0.19186954221896552	-0.42753270680901817	-0.4203877471788776	2.7693993392482206
NAQKAU	0.4375041668153825	-0.13565858068800968	0.16178644751808782	0.06757106387395391	2.0187271806018843
NARBAK	1.1179837882577859	-0.6010230230349631	-0.3793983466074866	0.18711762864046322	2.2207452938828625
NARQAA	0.4520253418131741	0.092602343968629	0.04948158620104656	0.23535174433471606	2.5021456046177115
NARRAZ	0.5036333879781054	0.3167304939278775	0.1931794510028308	-0.13133371770276997	2.9309855175594657
NARSOQ	0.5121622118073876	-0.14075166748202755	-0.3479912616210038	0.15560520756006496	2.418524550860677
NASHEW	0.32128269518138186	0.047383064123742116	-0.0957220341671693	0.232361454214617	2.3561369607847906
NASHUM	0.6134411037780811	0.12679103978537185	-0.04264264286006161	-0.14383768625503446	2.7391381974543783
NASHUO	0.5347148033044435	0.3818149272271846	-0.3327737892095565	-0.18724037177641112	3.366617971394571
NASMNI	0.5339252888061976	0.5664704263275291	0.23877438956841307	-0.03168253059610664	3.681615932088638
NASNOM	0.5759281851217812	0.20883817864570864	0.28442403877208544	-0.023083827262068847	2.8047630044307628
NASVIM	0.27089158659883905	0.06644108521093102	0.3222699767652684	-0.2848483933035577	2.1687637794480183
NAVJAV	0.3849612450657851	0.24984136487485276	-0.3532211143506545	-0.4201757233444526	2.8837924171275784
NAVQUA	0.37847609034520957	0.06953485844534504	-0.04059882000281163	-0.08273916203310042	2.364199876022415
NAVROV	0.3141628391435711	-0.07499035680926677	0.187772540618172	0.05144336599023465	2.002876778139421
NAWFUP	0.5504349330462519	0.47937716591478086	-0.09226157187673653	0.344158680447726	3.6673390053091026
NAWHEA	0.5844201208617816	0.07960331578074877	0.08510495619178912	-0.1904930058962619	2.6107289640078646
NAWHUQ	0.572091373708643	-0.14083452976971547	-0.006081756750148257	-0.1993063668533825	2.2426230129920524
NAWWAM	0.5926359707333795	0.37819692663210924	-0.19245591451810867	0.09900136883544534	3.5727961555968086
NAXNOR	0.530489943750923	0.20725054738772394	-0.1755671780553939	0.281317882077931	3.0809474957115204
NAYDUN	0.3526661266487854	-0.15857305954801612	-0.03306404326722992	0.037727341085216706	1.9432237449043954
NAYNUA	0.5302893348564774	0.40999793557240094	-0.2780644916857925	0.07040597717175388	3.3331267939523124
NAYPEM	0.4940214219018877	0.24111214610971826	-0.17430039920337814	0.06532971013809169	2.8105044862825137
NAYPIQ	0.5412523742750253	0.16518030170805278	-0.32275328998395025	0.06004534134212462	2.8219279765509455
NAYPOW	0.4971781169292129	0.09509391452340897	-0.2415085715356699	0.13775885758151102	2.6007407270464826
NAYQEN	0.4799472956676736	0.4917941993986016	-0.309019445787053	0.1680443066038706	3.6148257515384805
NAYQIR	0.5435548761321005	0.4250493927824074	-0.40307715946849	0.12512755516282403	3.625796690786347
NAYQOX	0.5132515568156375	0.10441263461696915	-0.21061629825190256	0.24649993355087213	2.8004021725156534
NAYQUD	0.554400370037925	0.2125797236476344	-0.40081335201746443	0.06861655118790569	3.0035792993175474
NAYRAK	0.5529204629201416	0.27571426950993655	-0.4507347379061278	0.061347584450196925	3.2350547006371144
NAYREO	0.47713457257417424	-0.06469923548589396	-0.3856701987205695	0.1692055255519368	2.6788856867993296
NAYRIS	0.4377906465787431	0.48216324839030755	-0.1961246348026088	0.10267096839532211	3.3585928114745354
NAYROY	0.5099361178197039	0.4907340714212747	-0.3217950971561716	0.13414712483562993	3.5616585878217437
NAYRUE	0.4746335202421772	0.49161304720888555	-0.19413435880904778	0.0870197360952304	3.412044571951526
NAYSEP	0.5121547349116282	0.43154527158361095	-0.2744994220896001	0.11580798756088108	3.4535615507239523
NAYSIT	0.5381967401267893	0.4200766498408693	-0.2631452145387525	0.0655989356674275	3.4001006711467947
NAYTIS	0.08250101380763564	-0.17743637751077243	0.22400464295391914	-0.19990675708517364	1.620520924826644
NAYTOY	0.09003399962995173	-0.17497309475985712	0.22137826868134436	-0.20512468085641555	1.6311650099636443
NAYVAM	0.19238673457997102	-0.17437870129650554	0.2586510552278319	-0.16724656986459985	1.7500872005791497
NAYVEQ	0.2615091389834703	-0.18871928049220413	0.19948158856222054	-0.1378287044437555	1.803595859908073
NAYVIU	0.18800934770008038	-0.20239891646272598	0.24086183027451763	-0.1569303974465922	1.7057343105575096
NAYVOA	0.19636639486414387	-0.1760998520671861	0.2455509210672207	-0.14871016482917443	1.756758156735248
NAYVUG	0.19486087321435397	-0.18803941585339926	0.24583648659028534	-0.15882115782919654	1.7337085619062464
NAZMEJ	0.4574115500282252	-0.07143773018009217	0.06569440211035799	-0.031177916315160085	2.2267992558978196
NBOSNI	0.41598053297665594	0.3923918221585446	0.32508344898856345	-0.007806457009290481	2.9766678822085555
NBPTBZ	0.5614111312870271	-0.439487821762841	-0.035016517744566704	0.22370327056410505	1.7869402767519997
NBZPNI	0.5382828962111397	0.4238586676948775	0.01486507707550995	0.01367114197026368	3.3213447710438633
NEBFEG	0.45403390421953915	0.29298197747970317	0.21379120086821585	-0.1082672013533603	2.892954842330249
NECKOY	0.3769493252279199	0.29065318089892095	0.527194733619667	-0.11864709913693393	2.754462639552128
NECROD	0.4341597600966729	-0.12890781473546115	-0.039280562433811075	0.10927436126246069	2.071870435748961
NECTIY	0.5405474971987907	0.45973053593288415	-0.2689434280678378	0.4046533347466712	3.703985617938198
NECTOE	0.5579958164621743	0.5896928010825672	-0.22159677291194127	0.4398841023339722	4.124795179046205
NEFCAC	0.4436412102852456	0.389138113131242	0.24853244628450927	-0.07142013743446864	3.032533632514368
NEFFEN	0.4000437517452635	-0.053556168976711574	0.1799571306478474	-0.03265009408187999	2.1496371822185205
NEFGUB	0.46825777485001563	-0.27287280794362134	0.09894081778622787	0.013540111137555046	1.8264267257950788
NEFHAI	0.47143032916716443	-0.2969291285740029	0.13179020918450599	-0.0001159477845137577	1.785214050181968
NEFJIV	0.36529639451056894	-0.05870478880450978	0.08852900924373491	-0.042151183408546886	2.0890950341309904
NEHCUZ	0.6316695216032864	0.3622987934806063	-0.421593596238316	-0.2564927290210127	3.635865255181928
NEHDAG	0.6162099319609515	0.3016047264862305	-0.4122736627823682	-0.23714205784048487	3.4540141812330996
NEHDIO	0.6327342527896853	0.28800904647220243	-0.28209990735140916	-0.06829179516831631	3.4579231789842555
NEHTED	0.5096064887098573	0.6487333534167227	-0.02297846763661964	0.024035735865292063	3.911072642008637
NEHVIH	0.4473513881585536	-0.1972904474024261	0.14087907037026068	-0.3271834963122765	2.0033523361314476
NEHXEE	0.27570709079551525	0.21322718350864214	0.35469966322260355	-0.14155419826578008	2.4843177143359845
NEHXII	0.34002899495176564	0.25250669185259556	0.244620529637466	-0.0673926811077878	2.696998129388191
NEJDOY	0.45719523960767905	-0.13717545842681259	0.2333723281985552	0.0857553525872645	2.0028710374842493
NEJDUE	0.46908466180918396	-0.09000012871919846	0.23557324146127273	-0.004109043504439802	2.0688166801020627
NEKFAK	0.5173906287600385	-0.3996324430547358	0.015178358196097794	0.12926803994648906	1.8318355135427535
NEKFEO	0.4508342836463841	0.18914874634445852	0.17174050192264295	0.0937673681873216	2.6796477575732256
NEMCOX	0.4200794312003815	-0.10864369761208215	0.23563305312163524	0.009421427605924688	2.0373031789145646
NENHUK	-0.8011665987263825	0.1985328469362458	-0.1838231725873946	-0.252508981058685	1.7111633289882837
NENMIE	0.711768143314762	0.28567851385419585	-0.1254126523216808	0.17126341497691516	3.3896425076996626
NENSII	0.7033236548860948	0.25523472577011375	-0.22752999971849225	0.04232282731006676	3.2654809197080734
NENSUU	0.6906864482198554	0.2413096244858789	-0.2137378232891964	0.049676103986568625	3.1997416731147545
NENSUX	0.5625223106904702	-0.5195444371244549	0.04173610050564855	0.08171519205328613	1.7499573481867445
NENTAD	0.1751228980109225	-0.16349144846715422	0.05874850604916931	-0.24861110748802395	1.668229213205704
NENVIL	0.7732998826218838	-0.6652444644926023	0.09662471197303568	0.5491194767872489	1.7966440641412156
NENVOR	0.6033115138384364	0.2610717516216458	0.07100442458729159	-0.008491146327482692	3.015269229915865
NEPFAT	0.31663311442515507	-0.21641240566538997	0.08515740640840491	-0.1030474369411062	1.7665027884708606
NEPFEX	0.2812429630924371	-0.3266760289852656	0.1604731996416347	-0.11259351916742068	1.6805219557704403
NEPFIB	0.2905324446523614	-0.23884425968060108	0.11475934679487973	-0.058001950196388485	1.691224421645452
NEPGAU	0.30678597607287195	-0.20292430110844611	0.064510115389639	-0.11495791531185791	1.7806196467329616
NEQFAQ	0.4853574157302285	-0.006948579124639909	-0.20093987847371655	-0.012508576002118126	2.476802739891665
NEQQIK	0.4964320380720171	-0.35948774355830715	0.1159013477287403	0.12047302384450423	1.863698820073644
NEQWIQ	0.5449726175841061	0.4409553437352907	-0.033590542278544785	0.28360421242353384	3.6974546345461383
NEQWUC	0.5211880608509079	0.45010474790653626	0.07868114424589875	0.276286791351469	3.534275468025184
NEQYUE	0.41093078904754776	0.03533318089946572	-0.07179477846210827	0.24696243870964685	2.3979094025791627
NEQZEP	0.4872682825090857	0.3923246308311354	0.024136966710594634	-0.01696055289965278	3.1152487694012514
NEQZUF	0.5267500998254713	-0.6057372807535258	0.12217194628201872	0.08626535438437392	1.5195014194780891
NERCUM	0.31771287827781824	0.6519968682025542	0.2515278471179796	0.3969312639403216	3.8057031844804374
NERFUO	0.5028316000915067	0.16246232385700718	0.0645616980882098	-0.1313883415582287	2.607346711812844
NERKUS	0.3656655966285829	0.09924826961421128	0.17792434346630576	0.20712137778088469	2.4725246730891706
NERRAH	0.2867265852416252	0.025459164977022636	0.11978272792383271	-0.38015307148493116	2.189572055204464
NERXIU	0.43902952584912036	0.021378026883013254	0.028566789693820246	0.004549596365512783	2.223421809065023
NERYIU	0.5291559937119406	-0.434449096787541	0.09435309146410703	0.407860050197118	1.738564423032449
NESBUJ	0.5630535101668439	0.1925447846846646	-0.17454263369357012	0.12001030931416959	2.9487178901705513
NESJAW	0.5641696308308459	-0.4164126531184374	-0.18065875644710805	0.029259503801658215	1.8859843607539393
NESJEA	0.631661087955945	-0.14885889214504072	0.0016426150415210367	-0.10034067581181959	2.2170762656688145
NESJIE	0.6649257612921655	0.8481088926974167	0.06302004201604722	0.15141013817997634	4.769466042808845
NESJII	0.3457406231751534	-0.21265461459984003	0.02321757076078329	0.2185470341440126	1.9748842188168645
NESJOK	0.6242891682916651	0.06373717344281107	-0.018899245384637976	-0.12671152530137292	2.6714413332803852
NESJUQ	0.583447749601202	-0.19988472932038234	-0.15955066980270544	-0.3011811674374014	2.1076518300876743
NESPOU	0.37912540086650637	0.5047854504643673	0.06599681731183182	0.41086252627350967	3.6844116202502897
NETTOX	0.7284956025991214	-0.01869325526029109	-0.08543158576204367	0.0453298929586964	2.6392087842732943
NEVHIH	0.6203915401801536	0.5028565398163677	-0.3001438883800309	0.09369972899523657	3.7196335859125327
NEVKIJ	0.45003624687043065	0.5071002197950304	-0.24138245340775372	0.049828700876638744	3.5539819108903603
NEVPUC	0.6453513550145829	0.20197777994379423	-0.13590246254667754	-0.20932458690100797	2.8837341879348575
NEVZEX	0.5213844339602458	0.23512941829961626	-0.24789128200476807	0.24029478693207146	3.1334430813535876
NEWNIO	0.4417331979037309	0.6925208230121448	0.2767529052908921	-0.024220724913422725	3.9093602087560426
NEWNUY	0.5890199959113263	0.03531031026193786	-0.08915898308087937	-0.1861649275287764	2.4639808275797117
NEWPEK	0.5686385842863739	0.011513905241539217	-0.07859832660242491	-0.16562023368955003	2.3729782333999254
NEXBIB	0.7344650918659426	-0.4605367884531183	-0.050092630522470316	-0.03827114063234209	1.8492166738164881
NEXBOH	0.7652639318963708	-0.3853741804827649	-0.025366851632844682	-0.029051838209007176	2.0088057818409064
NEXQAJ	0.5488030635070169	0.566477326415908	-0.08327111862133975	0.2432743960997335	3.846721184282459
NEXQEN	0.5683256135255252	0.5864241743605513	0.03284757246331242	0.11289937147363605	3.760176514271949
NEXQIR	0.6195760831623947	0.4007453921290847	-0.007468274110827192	0.07380630228958338	3.4306475494407653
NEXTOC	0.44433012607594513	-0.04287940608497172	0.13363950335782848	-0.03051884066669707	2.2266865936789495
NEXXAS	0.4454720474442313	0.23270733683467193	0.33890693935035987	-0.028877784122912052	2.709534520645435
NEYRIT	0.37319851954793837	-0.3410140850655929	0.20733192861644895	-0.08764348563348054	1.7567899138687144
NEYVUI	0.3524288488091605	0.3659278428804632	0.40226056378634933	-0.20955202310401794	2.912764988502974
NEZGAB	0.6013819693481084	0.3114101667779435	-0.08246602559819924	-0.0510904263571966	3.140939891448084
NEZVOH	0.6275959218307392	1.0989151128949888	0.25133996953349336	0.13086358990908914	5.563251780618382
NIBKIT	0.595258216203792	0.21864034120288478	-0.026429580709366955	0.16563722915570245	3.0167356536155303
NIBREW	0.45936989759719626	0.024136186195568683	0.09704092960543803	0.12091015484772324	2.418901997328983
NIBRIA	0.5416281756245551	-0.21423807597139388	0.01868219735410309	0.03572618814108511	2.0127085179153905
NIBROG	0.4856257024426309	-0.3655258739548097	0.0370394245765862	0.0727390973078603	1.7995041697785492
NIBYAB	0.6680588407025292	-0.37876448079434605	0.02407914460847109	0.04303290679755643	2.0150163633892815
NIBYEF	0.683174346846088	-0.3751856244043868	0.017902893333718167	0.0398553932478498	2.03408623497102
NIDBOR	0.9980844629244068	-0.5390807700488036	-0.21777510183549637	0.31300036621404986	2.027636474695855
NIDCAR	0.45855857758389273	0.32605155995827806	0.4617350322527587	-0.07930278995540031	2.9093757352221155
NIDSUQ	0.241476445163062	0.17052722637811926	0.2653807960117806	0.35224443866853267	2.4803631743305723
NIEPZF	0.3333923869763371	-0.25336430472202465	0.3911915493094155	0.2535066568568045	1.8144535470748673
NIFKAP	0.32638917840108306	-0.29682098854027683	0.021118561761038768	0.07515761151331096	1.7176329165579427
NIFORN	0.36070183392377064	-0.1776229693878197	0.07884569322683499	0.10971282743424644	1.907693078251986
NIGTOP	0.3403397326409414	-0.5485283346712525	0.15156904744589897	0.05709302894399058	1.4191497405754148
NIGZIN	0.5507794709257787	0.6568039921126835	-0.3046470808514814	0.11416373093452167	4.190618888671909
NIGZOT	0.5427715823020804	0.5245260997625505	-0.0649653379278616	0.11355235005727483	3.6267957720731507
NIHFIW	0.5283686573365554	-0.09242755839020092	-0.04781076697608164	-0.044469653143000304	2.2544106967878563
NIHMLT	0.49868295406986807	0.6858344362986604	-0.0365470496651235	0.23068879502440143	4.006736498335131
NIHNEX	0.7682435135969543	-0.5046781642499371	-0.036825790694977746	0.00037752628627306384	1.8252874610144334
NIHNPB	0.23897267703094505	-0.08281512761451931	0.30705773538707976	-0.06758971758093199	1.8676384888838247
NIHRIH	0.4724154143941144	0.031627076532530864	-0.22984274920575723	0.0408180920347168	2.4152126459064847
NIHRUT	0.47201168691011564	0.031152509646790033	-0.23111638160627598	0.03979164013543151	2.4158521057526565
NIHXIO	0.5069424860479179	0.1358074348957115	-0.24881939838408818	-0.1605177789013792	2.7009821520749306
NIJCAN	0.6217457360784859	-0.24459924098921532	-0.0652701639093168	0.05598794535343989	2.192621237313226
NIJJAV	0.4242681901227199	0.08325108266598528	0.340755675308188	-0.09292738933379784	2.319227039394648
NIJJOJ	0.5997902668195234	-0.2224803142493485	-0.09217991115932231	-0.3726883051697752	2.0166217966771214
NIJRIJ	0.4633169820773819	-0.3677925301127262	-0.15370069534459696	0.03905956128328224	1.8251136821158922
NIJWAF	0.45878631369971323	0.16867586127302717	0.18488396563510273	0.04632986680086688	2.6902764576180274
NIJWUY	0.7187853576450696	-0.30657757583783823	-0.021989637968688615	0.03009694281160231	2.1456973823180094
NIJYUA	0.39059231647754533	0.06533909771417183	-0.0036292447183223497	0.2260114555609441	2.4184979626742797
NIKSUZ	0.6370195256778688	0.253018236710838	-0.30897904966158013	-0.3544612570239135	2.967932845168363
NILDIV	0.4327233858201751	-0.24468643236786622	0.032955944857620115	0.1738724332673206	1.9952285291500327
NILGEV	0.5930231378887392	-0.21383933070415448	-0.2358710697753665	0.16678740091038913	2.3271132480096965
NILNUS	0.6464791153708367	0.41666838040932713	-0.15627171400670106	-0.12021901235049755	3.463084189388752
NILTUZ	0.49142710466224493	-0.30090311763829247	-0.07811740864265045	0.09862294830375368	1.945488419194678
NIMNIH	0.507824605017924	-0.6124129791166762	0.14343574782487703	0.07544962568157793	1.5322020257018534
NIMSPO	0.6870862780458245	0.5397843564566331	0.4926964544715786	-0.21716571251429895	4.017635721321404
NINCIX	0.47187114243496886	-0.14826179365420203	0.23374249816805232	0.10661672881703871	2.05867730830504
NINCOD	0.5192756573181176	-0.09357610674099551	0.11672113244492968	0.0633739279079471	2.183524867961524
NINCUJ	0.5232731200659755	-0.0931929431992907	0.11683372990514032	0.05775958173724409	2.204496979570772
NINDEU	0.5140864382860846	-0.1167292322613237	0.1390055712838228	0.06610427998113308	2.1580149054667848
NINNIK	0.3898559379521531	0.03489094785977618	-0.0677858666279327	0.027316704328642	2.2493719523567455
NINNOO	0.3694557848711053	-0.7140890552770482	0.08408918130684873	0.1598291061365042	1.298341463186625
NINNUW	0.5066484778765581	-0.422262211933387	0.017375676602469373	-0.3076502858196122	1.7039705089332353
NINXAJ	0.43127583417078164	-0.17172243569369225	0.15487011734493644	0.06642401280297364	1.9927385275929244
NIPMEE	0.6126565722160269	0.12307322313443764	-0.2885595591035255	0.09466631577605841	2.7919150118913514
NIPMOO	0.48782647701914694	0.3231122603578093	0.03604473161952776	0.3578331800297581	3.1917135546126416
NIQCUN	0.5212871999644095	-0.01728545601434385	0.14257324574294428	-0.014231622159091219	2.366556814190814
NIQGEA	0.5120803832293639	0.13643133874641808	-0.2186975017600199	0.22693483886147026	2.8897745469424274
NIQKUV	0.633040834229682	0.3000883742707436	-0.013543249499270799	0.14216168990106542	3.1601857176333734
NIQLOQ	0.6363855852186147	0.283325848594101	-0.007013333695289697	0.159487393604755	3.1333765395246282
NIRMAF	0.48977750447474566	0.6676571191404185	-0.0037621671954772146	0.08008689928820306	3.974848010760036
NISHIJ	0.462647589574658	0.22121489656420656	0.057498292830656356	0.07956798978263381	2.729209438519893
NISNOT	0.8019640614623293	0.4368084158595905	-0.5022489187093349	-0.07503529737387961	3.9663191551504653
NITFOP	0.5409138899021855	-0.047922997952505694	-0.32362093125505964	0.16534047626938314	2.6460010599464816
NITHII	0.7733460089067741	-0.5248640593116606	-0.21959675964423947	-0.24167872352076003	1.7374763246474707
NITPBZ	0.3930438053815202	0.26819107552193716	0.2760225521805124	0.0213675506397156	2.774668500055838
NIVVEU	0.3906028109984758	-0.5767178150246345	0.1330837788904012	-0.13120876833246092	1.3724918596803197
NIVVEX	0.4348425277208907	0.5490650928004791	-0.19447643287462252	-0.5796930446240288	3.1512882893999294
NIVVIY	0.4394876180304248	-0.5612500481569698	0.18909322254910116	-0.08366333233395933	1.446273200221825
NIVVOE	0.4404036334416883	-0.5504766322672328	0.18138593158480687	-0.09285826154727016	1.4592571890744928
NIVVUK	0.41447048987612956	-0.5070368857687741	0.18993714913704518	-0.05435145350977151	1.5039383106431279
NIWCIG	0.5204824305307705	-0.4454547883859409	0.08503072715805976	0.0694245790492127	1.8283423271848016
NIWLAH	0.9717712081786845	-0.6154299567301177	-0.6835316747455469	-0.16898338400087587	2.2633037747630933
NIXRAN	0.6473945283895635	-0.18894638478609102	-0.13062141810866043	0.02648573379446469	2.2883914189195402
NIXZAV	0.6517294971178735	0.49026269828727265	-0.0723383844399455	0.14657263626941952	3.6970139338870696
NIXZUQ	0.6338456000734922	0.43969004713973586	-0.17967804171197888	0.2230443738673416	3.709655664384709
NIZCOP	0.75731769720187	0.4366887675909415	-0.36422319448194646	0.04056002931746522	3.9321492360522288
NIZDOS	0.5646984492485219	0.3054690728200897	-0.019018245228060768	0.2714914914128151	3.3715929740277524
NIZFAH	0.5859126780151156	-0.12452959809160113	0.06659481666209596	-0.006043191523958373	2.2211566310997264
NIZGOU	0.9242705020576194	0.4710696072707938	-0.38251665738970836	0.12386364881333921	4.35455648760229
NIZGUA	0.7161158831517414	0.18902810572606515	-0.141006650070277	0.09499563337179653	3.291167127739961
NIZKUG	0.5017765396205611	-0.3357446481380753	0.012818238352488062	0.12802101328489116	1.8876393197238557
NIZLAN	0.4895933508362482	-0.34925566732233376	0.013064782263090782	0.12564621451937452	1.8554054109094877
NIZMAN	0.380769061037304	0.06895853872637676	-0.06873956183325163	0.19072526807961704	2.376562861785492
NIZRAT	0.4478987783325268	-0.3725918822359904	0.018926604347412113	0.1387647111652083	1.7373725143523835
NIZXAX	0.6085060414408421	-0.3306172049768915	-0.021359010610436706	-0.12615692167705295	1.881622128991403
NMBENI	0.7873869874265038	0.5086817359535897	-0.3202522419711288	-0.29910322574316084	3.8620981155005776
NOBGOB	0.4228723082142114	-0.01902200329841136	0.17750836051627839	-0.10640114804448621	2.2795328780167994
NOBVAD	0.6088778912104464	0.14355817469680146	0.023242338093775197	0.10034876452411982	2.786180966523922
NOCJUN	0.5642696913764302	0.4861870387488282	-0.08716397380658715	0.26440304676211623	3.701584539422093
NOCKOI	0.5082269062601057	0.6548440829413263	0.11513287445032136	0.1731297144635518	3.9237020953949497
NOCKUO	0.7081607952840203	0.7602883326326426	-0.17297678625480029	-0.004999341720099474	4.71813028342485
NOCLID	0.6764592340764466	0.33585655661560454	0.05359365630795199	0.06949839106872659	3.3057092263218775
NOCLOJ	0.7161288672244694	0.37573642233921234	-0.008288423304881623	0.06512550542384385	3.461449608085169
NOCSED	0.3458056447141531	0.2173414804444796	0.3306379930888246	-0.07056957326022915	2.5524875536576546
NOCSIH	0.41526950162771037	0.1478023632176255	0.25229505453210394	0.03810642773721304	2.48900115086829
NOCTII	0.7063082553779187	-0.28730700517111674	-0.13519315965971712	0.014751408173321484	2.223753713050802
NOEPOR	0.631354098385283	-0.35138239436672625	-0.23546788972214283	-0.00011971871521821234	2.0400516063661063
NOFLEZ	0.6291283020733944	-0.5765553148198705	0.0984553834201437	0.18485893167353262	1.6850682551896454
NOFTIN	0.4413648698590693	-0.14652131474597602	0.28165135185310386	0.049029990016864644	2.0998111206725465
NOFTOT	0.5779487584667038	0.032594804244903484	-0.10564756843260864	-0.17588135573267816	2.524679894062004
NOHYEP	0.5092345010346548	-0.3249661339168501	-0.004143440411848581	0.07810189241596724	1.9146249308993317
NOJMEF	0.6074356630391549	-0.297510897408033	-0.038765087996958034	0.040633528391722865	2.0873374038189167
NOJQUB	0.514196068915127	0.7624293992805442	-0.18991504014487018	0.2453672393758981	4.354406233337727
NOJTAJ	0.33162982649094364	0.5185275382098052	0.36708268710198644	0.040209053329252877	3.2689721055707226
NOJXOZ	0.6123620485557977	0.6095043661854832	-0.15193204255009207	0.2750639889192875	4.27898713841128
NOKVOY	0.506770374979018	-0.17538556394561006	-0.004186661904163044	0.0601415135878555	2.0618420032334175
NOLGAZ	0.5287406540560218	-0.29040179607186867	0.11406170305267183	0.23954490441274268	1.8637626450427596
NOLPOV	0.5631536996604565	-0.09855637620297272	-0.14558306490390413	-0.04232846528388681	2.2772255975764173
NOLXUH	0.6590637802457913	-0.5955226251118263	-0.07649843878684853	0.10711130247780325	1.628516586235027
NOMHEC	0.5140468404552028	-0.1513717542079171	-0.10107122537626649	-0.027832977429982628	2.0257590094946547
NOMXEV	0.6353487695999416	-0.32204849111377043	-0.022845166744173993	0.11654146445542744	2.0752670799248683
NOMXOF	0.7811330810123138	-0.39798372312528485	-0.06792292690957227	-0.012977943008427854	2.089664068684198
NONNIP	0.5041754240369141	-0.2834381497828186	0.005888655197099482	0.060635727998040234	1.8972336673689527
NONNUB	0.46835404063405495	-0.23450396036629997	0.37013727545716596	0.0674823287285785	1.8871001321193637
NONPAI	0.424428065912152	-0.3927868155619774	0.08762933607802048	0.01998939554613261	1.649970905455182
NONPAJ	0.5290959431437949	-0.1501879257378067	0.12605048278183667	0.0470382050795736	2.1872665590904687
NONPEL	0.6233296497311933	0.03781969978850422	-0.10172009596813482	0.12422801545476168	2.5742465569930815
NONYUN	0.5091317008807028	-0.4191730418082009	0.00038373162136788597	-0.22904215725561428	1.7306379467642579
NONZEY	0.45794761397365225	-0.3868862424436281	0.00685069905484649	-0.16338390164402966	1.8031860740569328
NONZUM	0.5362810516996355	0.04097442900210972	-0.09827235284533808	0.22751455695699407	2.668251205967482
NOPBEC	0.13208037473688616	-0.9398334569803826	0.2831219394474735	0.33408853311316333	0.9926810804782681
NOPROC	0.4903506521272192	0.35876291756218837	-0.12674094965814223	0.18286835252768768	3.333699758281907
NOPVIY	0.5430568352624547	-0.22032143791049588	-0.2159193438333753	0.0030377057624638576	2.077309433818871
NOQMOW	0.8611483827462907	-0.3709124879224326	-0.10365805425826827	-0.03090214413041366	2.200340023800926
NOQTAP	0.37581490119427396	0.5869599253890008	-0.39488615968460317	0.0840904600351507	3.800991330595142
NOQZOL	0.5032870729510499	0.6945747187425796	-0.01790889472359556	0.09094439636014043	4.043724016881204
NORFOR	0.7854021924828061	-0.4452203305576655	-0.041037670034468766	0.006649476566201969	1.9742737250173577
NORJUZ	0.4729630488374239	-0.2621102232749446	0.16051988431053077	-0.08778818428945669	1.9529238577021582
NORKAG	0.5147032196144812	-0.18186915967499648	0.27661692948645866	-0.03565867088891054	2.069375627500256
NOSBIJ	0.6294087099224086	0.590763795102437	0.06684015502121657	0.08497335052363926	3.8613836839212055
NOSBOP	0.5474880813519754	0.8547732195714544	-0.061365362086283445	-0.05102002097264559	4.456540653302545
NOSKAK	0.267473977280539	-0.09627971852625836	0.2504646889068908	-0.13601245048194782	1.937294058271268
NOSWUN	0.5105691878790166	0.42272789926145127	-0.008379786313752316	0.30785679443281244	3.52100865543596
NOTNUH	0.4983204244061623	-0.4315233010864646	0.0696927215424028	0.2309891958208279	1.7428228153127656
NOTTOH	0.497898836078412	0.14778053907934677	-0.1393185541794169	0.2309713544974884	2.7114672372521715
NOWKEP	0.6062410454068505	0.5304071999091637	-0.14145606249661763	0.03347300963980033	3.6682443234855944
NOWPIA	0.49288030949438344	-0.22084310957716694	0.23891549013789926	0.04497168153608092	2.010311266251316
NOWRIC	0.4732258564123013	-0.16821329259577128	0.3256727400687944	0.06570117879067086	1.9722721772396326
NOXBOR	0.445397425487176	-0.38826983207750493	0.002289462971189593	0.16824028844034644	1.7037731779021403
NOXNUJ	0.5631389957052022	0.06459285622925809	-0.30448245181930933	-0.3881077875807392	2.6402045352112977
NOXREZ	0.5046570219517843	-0.5383725687926084	-0.08693611871499614	0.11731687192232307	1.6730465189606585
NOXRID	0.4995325723008399	-0.5455455073994641	-0.08261036227691987	0.11043243009921033	1.6622617071055734
NOXVOO	0.4660742955335291	-0.37220997873833617	0.06974329088939527	0.06540029581678461	1.7692334691138585
NOXVUU	0.5442110363066961	-0.3584264158504194	0.03193886075818489	0.04246940536024678	1.8486446486160901
NOXWAB	0.4381772159039823	-0.19641627703238215	0.04619541015616911	0.025801407241924805	2.004443983664887
NOYQID	0.4030561395348453	-0.13449463360696673	0.11412866622981252	-0.13332905679119028	2.1126517675130767
NOZFUF	0.3297276733857242	0.15512181646571666	0.4638274504878285	0.11253529709605979	2.510966364764223
NOZGIU	0.30390367339621305	-0.1768309394612415	0.11937732551230937	-0.0007470788477653388	2.0195872543171927
NOZGUG	0.3053503778428306	-0.17409691235495295	0.11941720457444197	0.002536348090611252	2.032346885171112
NOZJIY	0.5425933281045561	0.5009875357838901	-0.12379780615354402	-0.08624663584341394	3.4619894695531324
NOZMOE	0.46552335034842596	-0.42396830112643774	0.05666373858159543	0.07379373232552114	1.7627360714591946
NOZROJ	0.5010791137871937	-0.3365555328840197	0.188205292133784	0.12288646230655924	1.851029295294952
NQXSNJ	0.8366660294310515	-1.0843972658046708	-0.484637799571897	0.018725019286089602	1.5864005361573672
NTMPNI	0.75105768657835	0.40744300645629056	-0.30425689377829035	-0.2470493278611688	3.441404628712781
NUBFIC	0.6089765801358391	-0.3647278040265886	-0.22377082439463167	0.08790543161186995	1.8973706963366483
NUBPOR	0.3520239139792487	-0.26608121717830313	0.09746840451673885	-0.14561810685932652	1.8341548044076563
NUBPUX	0.2995134492031517	-0.32402995514457444	0.11495679989542293	-0.07121054569214712	1.735628812284733
NUBQIM	0.32798271708884075	-0.3193528298426806	0.14885477091402063	-0.08061023069069302	1.7826954630588743
NUCPAC	0.4878290419807838	-0.6043723789658106	0.1791344812978835	0.3605012956281341	1.5092888465976566
NUCTUB	0.44044725770729265	0.0757656241251349	0.14216878717655312	-0.11173283824441836	2.3603540958019615
NUDRUZ	0.2597494091566541	-0.39298693678254176	0.3049578128512976	0.03288022057417939	1.502267345977656
NUDSAG	0.28342819091457416	-0.42785057188220443	0.4785904727416799	0.033951746349694625	1.5522185495460152
NUDSEK	0.39324606636579773	-0.05033528861547065	0.25093726029616925	-0.032566223505172576	2.1179397591196842
NUFCOI	0.4742153278346857	-0.049925673651094585	0.06592078921976402	-0.21453038423158716	2.181551930749654
NUFDAV	0.4609950498387114	0.6376841772951034	0.022947399038009464	0.09078614804220163	3.7994026749231344
NUFFEC	0.3814352195230031	-0.10381729308255117	0.19782168964334385	-0.1059114868856439	2.1035830443024333
NUFWAN	0.8229335216628915	-0.3228963719105247	0.011214600403380154	0.05229178382747095	2.0600283702355693
NUJMEM	0.4048174476554456	-0.1908465289321872	0.19929056916979554	0.030448571914104845	1.9791095213595113
NUJMIQ	0.35934885159781516	-0.4687892947343946	0.1159024956813291	-0.015256173581659649	1.5384410585728077
NULBUS	0.3462042450576326	-0.5131570624135067	0.012049196256086248	0.1736622143667454	1.5390431600795444
NULPOZ	0.5658476554592475	0.08758823071374561	0.003483287768616894	0.007410040187214171	2.686754165518467
NUMLEM	0.6276783140650695	-0.2591289924801159	0.010347523803387104	0.0036694503184270255	2.1097263279190064
NUNSAR	0.4082299845869706	0.304895414018555	0.2035058950430364	-0.010665427868603639	2.8124572866357673
NUNVIB	0.2625083523418832	0.2184196576831584	0.4263238977447793	-0.16681446625719382	2.4468678370291785
NUPXAX	0.4947335247752651	-0.6705017182009179	-0.18816834564522075	-0.07727608266188449	1.4333147268686999
NURDEM	0.5791230354420698	-0.4381656775066996	-0.308423470910712	-0.19756351391705618	1.7084242246896284
NURTUP	0.3339070165115281	0.1899836118892284	0.45801148177195383	-0.2372042102804714	2.36149592863017
NUSFOW	0.3752786609112002	-0.40724365513919775	-0.16145876047413427	0.3313897316049118	1.8304290320116448
NUSHIS	0.5030933605259866	0.13938357617865463	0.05792010002654227	0.040003690511623606	2.5777665362655044
NUSZUX	0.5384089663196265	0.18601220044392902	0.14668224464073557	0.15482620019901538	3.00531877380842
NUTBOU	0.41744267187309614	0.34175138492643387	-0.008493298086791307	0.025863150722163258	2.9588446941877526
NUTJUH	0.622910920376146	-0.269744803005292	-0.08067001257519475	0.06618692467259582	2.162360531395163
NUTKUJ	0.6045961942535545	0.46676364165346546	-0.11091508397093863	0.1735564719571034	3.744154422714213
NUTXEG	0.49608946208517857	0.1964780153826712	-0.36808618115182357	0.17875686813586433	3.2767272984024034
NUTXOR	0.529187984440167	-0.38897622975061735	-0.004906834955322528	-0.02092993381069086	1.7700635296660632
NUVBUD	0.6107643446777367	-0.3425388266807102	0.013077064125838325	0.0988787069515207	1.996024935699619
NUVGUG	0.4270787284390849	-0.3990681733397373	0.011015961549560804	0.18061775549850245	1.6834432440397884
NUVPUQ	0.2086348451172384	-0.46626967666046687	-0.4793470434831684	-0.32100524614021697	1.7750256814333025
NUVTAA	0.5221984472675301	0.1966077572600355	-0.01238505229280297	0.242941218386792	3.007170409213018
NUVVUV	0.6503304675800807	0.3973239740892092	0.3101873994533652	-0.08028354816662969	3.342781955453978
NUWDAN	0.5948037787542244	-0.17012893928636183	-0.39399433950042945	0.031177936290197755	2.4793589100692452
NUWXAH	0.3847227324092799	0.19177084415184534	0.12398804735280466	-0.2873196988508433	2.662379407754543
NUWXUB	0.38588762736866666	0.15534404668822632	0.0787935642561014	-0.33591012511268875	2.6172405258929183
NUWYAI	0.32586442914782676	-0.12606504263047974	0.2358865149088824	-0.16089825034678118	1.9826095755380808
NUXWEK	0.5888248023093388	-0.549458195948928	-0.040570929679111856	0.03545254279709768	1.660751541901968
NUYHOE	0.502996842671739	0.26424198896031553	-0.08843938271572754	-0.2372483469666825	3.146337615059089
NUYTUZ	0.4741539389209386	0.013924434746078206	0.18278206953694287	0.027430813882972246	2.3714481335132103
NUYVEI	0.5328873281218582	-0.19726564981616335	0.06687592906352102	0.00491704781390458	2.015918988731568
NUYXOU	0.2063608595700006	0.26987345542956853	0.4969233268080643	0.32413220222554545	2.7477753175128123
NUZVAF	0.6594269023918526	0.3972138879726564	-0.09746617123511137	0.18202766420668237	3.4676103247678407
NUZVIN	0.7376490957766206	0.16585109668061032	-0.45135626222419806	-0.140197420030092	3.7419532321199993
NUZVOT	0.5960299776624973	0.4856029504423883	-0.10282281151296666	0.34653725852864964	4.06636719524524
NUZXUD	0.3555109789600426	0.5854924085305379	0.21148169301090536	0.274368927039904	3.5734461236386106
OBAJUZ	0.34891251864051975	0.11550998147113611	0.2728621631697851	-0.1813601458217382	2.3165031339545443
OBAKAG	0.38885940957189646	0.28155057783665144	0.4829705418495531	-0.0669218670964822	2.707929420759421
OBAVOE	0.6056238728422487	0.3577738880225197	0.2326328764690972	-0.2449124215881251	3.306426651738535
OBAWOF	0.5942332010811979	0.3236394885579854	0.22229370798908465	-0.09209308270150146	3.1864621930296892
OBEZIG	0.4866279916569214	-0.23933353881175287	0.17319467527594035	0.08233901345586007	1.9668403986305745
OBIJIU	0.5221688986201336	-0.701597661742534	0.07457726014008412	0.12418499521594951	1.3882344251101226
OBINAQ	0.555592778738502	0.10539794727578863	0.09434871951545482	-0.08636467438878183	2.6501128581186792
OBINEU	0.44482525410092233	0.28952027338985364	0.03502725990289758	0.008372143197388382	2.8132619889042267
OBIROG	0.45758888186772495	-0.06407480088281198	-0.15042480197314687	0.10230729161864205	2.2508266939923476
OBIVEB	0.6753233406969832	-0.4439971489155591	-0.024477379587007977	0.09189561177674066	1.9244795730435078
OBIWEE	0.6239529915343685	0.13780152016784675	-0.17765647622732172	0.08872244086529006	3.010321899774003
OBIWOO	0.5685714732683422	0.010453895860294701	0.0017401119905311319	0.19710126193937905	2.5952933198757107
OBIXAB	0.5733138598964969	0.03435537725964772	0.041112878997118074	0.21666382682615914	2.656118968822913
OBIXAY	0.44865082077485496	-0.36182410702085166	0.09992361358368379	0.21587368979293103	1.7826323949196807
OBOBIT	0.7005483529462362	-0.08308888239128781	-0.3655960034719102	0.1588004985815344	2.8562209666651066
OBOBOZ	0.5639906898375422	0.11173539671885319	-0.26360139999753907	0.2460046260380196	2.9285840117296713
OBOJAT	0.4217930427072769	0.304124171714677	-0.3248704079231468	0.18620537308876567	3.439257126463729
OBOJEX	0.42153627729676746	0.3027331075645122	-0.32581123171137205	0.18501227674318882	3.43324798086008
OBOJOE	0.5805419817442541	0.9625368089429833	-0.1384341101384322	0.05420091900014207	4.884708653145501
OBOKAT	0.5557288646902387	-0.3233759895829565	-0.3010015971920377	0.26852618061361466	2.088755229914878
OBOKIZ	0.6485151051250551	0.523083939637128	-0.06630790817333654	0.0917398358496585	4.142465839714808
OBOKOF	0.7700705422780407	0.43015767815974304	0.10532867558682171	-0.20337956762789772	3.7966506905841952
OBOLIC	0.3107291959540919	0.06458540481829063	0.29775444867252426	-0.024811167498794397	2.195264507986651
OBONEY	0.6806121556340923	-0.46095323216903045	0.009970495467169271	0.04126637860171263	1.9311997268605647
OBUTIP	0.3544132694903972	0.26838876249598187	0.23314207331590397	-0.16979255570612573	2.689616110355109
OBUZER	0.48697626715084663	0.22407292667716794	0.09639858577438129	0.16117620477946526	2.7687906387864865
OCANEP	0.32577396479744625	0.05017285279261248	0.39300013121431615	-0.022950502662039976	2.3205658771489057
OCANIT	0.39459235353126587	0.02858041310023387	0.3202967136441002	-0.10780365783711786	2.2934458717189914
OCANUF	0.38368286889405745	-0.12608471648839176	0.27148263611844364	-0.050754412816361255	1.9366585714387796
OCAROZ	0.8349813304509652	-0.3614396114069275	-0.09284986177361532	-0.02569802946419323	2.201466058916573
OCECOP	0.39332453131182543	-0.021362846870166624	0.16414291492439556	-0.022490980810084583	2.140522665215193
OCEDIK	0.3587057357897736	-0.010831027895960204	0.2028452112546686	0.040787604583519536	2.2210094787568724
OCEMEP	0.512509537326423	0.1811184472772191	0.1190456570304326	0.08873235182535145	2.641116843600663
OCESIZ	0.7977772812093864	-0.24569842405541256	-0.09586172633838838	-0.14718021368247908	2.2164772933421455
OCEZIG	0.7206430786853852	-0.4423893389960484	-0.039744765741099315	0.050527445286827954	1.926401420045898
OCIKAO	0.7038116020846825	-0.05923992930456548	-0.3747639044752873	-0.25035781834678533	2.388904837471138
OCIKAP	0.5981852455462606	0.7572047526739427	-0.1365306167938692	0.08130268036968927	4.430703797383207
OCIKES	0.6893026913294271	-0.33081765409801556	-0.2398678988956551	-0.06598228361234271	1.9752632674131645
OCIRID	0.6250072209002253	-0.3962419468671382	-0.17399531055225226	0.00035663366739457913	1.942443944700179
OCIWAA	0.5031649058321976	-0.5094964932753552	-0.002556981860436	0.04183940777241275	1.7235919483011508
OCUDOF	0.4072766796146752	0.10668657253446101	0.23424726372937216	0.12199741982621291	2.5142139226933375
OCUMIK	0.6657262090882474	-0.1422294679995985	-0.10672480768548759	-0.140855483028281	2.3914327285846086
OCUMOQ	0.6717697672203826	-0.13306330707807418	-0.10023649082876633	-0.14318216852643995	2.4102888533995035
ODALAH	0.5444221564912635	-0.141196939827132	-0.18926893104456985	0.04965699551560804	2.222990264702092
ODALEL	0.675318673598789	-0.1784265943519975	-0.3818362597822047	-0.09409177044109109	2.3726810739916075
ODALIP	0.325422464910885	-0.5028804042399108	0.22089371619096232	0.20214375763062048	1.4710639027866563
ODASIW	0.5934821212202923	0.2697275167821421	-0.02637797428078778	-0.008609364010820533	3.0631140002783734
ODAWIZ	0.5863798654236705	-0.38316126192578603	-0.21396994111034373	0.022475586839975373	1.9578389153322457
ODAWOF	0.5883934747519586	-0.3950856675219083	-0.20820486003618513	0.01799090035525617	1.9456192866372777
ODESOG	0.607756255693543	0.41704359140935754	-0.2892234802343703	0.29665162134055767	4.12622506080231
ODEZOQ	0.47083417877126355	-0.2337970109520491	0.033469354770773826	-0.07392215997645507	1.898118298825494
ODIGAK	0.6742603039209802	-0.4017307520030987	0.0560924720915284	0.06737880059866741	1.9608958412635547
ODITEA	0.5535580409938516	0.2727650551537746	0.16939288622200085	0.028325360875512615	3.0070571682265426
ODIZIL	0.553631199424303	-0.16344386026013236	-0.03139185153126448	-0.0003794394648659258	2.284593530176612
ODOBEO	0.5911149973452128	0.14657695052598627	-0.14328174086720208	0.10552294893299807	2.9615826289135807
ODOBIS	0.5783885853281188	0.17058831956689285	-0.13286691155120364	0.17251813252644815	3.055841827642831
ODOBOY	0.5679982190845809	-0.000903975916754108	0.0708023271456022	0.1782150083136273	2.590426072633494
ODODER	0.18374319363231217	-0.4544968633089244	0.28867867999002617	-0.1565297884581598	1.3989079678649903
ODODOB	0.4096855015480232	-0.010278990049217892	0.07781873427742009	-0.04751640352222368	2.2616123283063883
ODODUH	0.5993265128143888	-0.4071237178451235	-0.010493327589998672	-0.12394785691264391	1.7660634527750845
ODOFUI	0.4832199332435243	0.09351474368111164	0.018335168580648264	0.08761233492678772	2.495738941834161
ODOMOJ	0.22362485226104534	0.0815608229625794	0.20380148685250687	-0.3340038753286646	2.156518053917951
ODOPOO	0.6253026890127895	-0.138927756887638	-0.09730421331859065	-0.11093848445136041	2.339378765010913
ODOSUY	0.5094092830298687	0.12549596924891307	0.11409108299104584	-0.13746742724677236	2.596415267981835
ODOTEH	0.14841778420459617	0.3647877884052211	-0.013127327179928358	0.20327163446379548	2.716275293124226
ODOXAJ	0.41766533040106957	0.10843497648831499	-0.027978619811297255	0.23432308678745545	2.5521517481827964
ODOXEN	0.6095980862161499	0.23954802100627642	-0.16494593315682593	-0.15596567373550657	2.8159481738457526
ODOZEO	0.4777498652655545	0.004929083823363649	0.1698967060440744	-0.17946311122735709	2.290689152431888
ODOZIS	0.8179728254720411	-0.1565333966771498	-0.03962738170313985	-0.09729994493643827	2.4113075047333115
ODOZUE	0.49993348677708305	-0.20325645657888405	0.0655165889386917	-0.02142967990988541	2.073711639244101
ODUBAS	0.1053344875357154	-0.49604785644311855	0.33026305540159034	0.11266622494313898	1.3096621494277967
ODUCUO	0.40750002501893423	-0.0830057871920957	0.07488805952713545	0.005308489185157594	2.131219400021548
ODUMEJ	0.5245636055582681	0.7603930723405092	-0.31097854515801404	0.12845078248393066	4.456415059637017
ODUZOD	0.4895227482219209	0.041337304459222374	0.025871597753772735	-0.1568622431805674	2.4419759863072388
OEBPNI	0.6886746297805555	-0.31976923489925074	-0.21453510095170203	-0.019479790824238542	2.1058311953908255
OEPHNI	0.46607123491109803	0.550017045876387	0.3535217406221971	-0.018305354657556047	3.490367272243054
OFAFOQ	0.5312111848619603	-0.5177249190553079	0.02595116210353407	0.25050481451858997	1.6810794587524347
OFAFUW	0.5280794563252176	-0.36328347892120955	0.009251421207273097	-0.024860706570560054	1.740332354773135
OFAGAD	0.5763617135113712	-0.2837537206442894	0.015829207628791836	-0.02192574977995726	1.9145503462811648
OFAGEH	0.5076566079523452	-0.45421975731894154	0.012141007525644065	0.06502502525714114	1.6594416182960345
OFAHEM	0.20667015611784523	0.6558183632728256	0.23202844758297753	-0.11392568269007704	3.4139714220228443
OFAHIQ	0.4868537398660946	0.39261113118800084	0.14049777418345247	0.025597808192020254	3.115249296250008
OFAHOW	0.20122052618849606	0.662917600101725	0.27233832165419725	-0.0885620829028543	3.373326634180154
OFAHUC	0.30055419965723384	0.23437470330620702	0.2622509367079495	0.1371589404649734	2.561314092457543
OFANEP	0.7363661035369731	0.1307363110063822	-0.080625139452649	-0.2978232219437935	3.010538370629681
OFANIT	0.42754368935592524	0.02291123739054781	0.2038946113140913	-0.08467858778312716	2.2787603722598706
OFAPIV	0.47670083392326834	0.2303337549092676	-0.15839468819238986	0.17715397944801042	3.036666868222946
OFAXIC	0.2679718753368676	0.11538437057652406	0.1644554660230133	-0.29218890214264687	2.260949135754653
OFAXIG	0.47528855663369995	0.531303773863192	-0.038153725951332734	-0.017860290976389047	3.4895764907162103
OFEDIQ	0.5071988015667541	-0.07640809811152491	-0.038348744223276054	-0.11527966927349971	2.2211513207756064
OFEKAL	0.26637566918778477	0.11483155019797359	0.22445799683058487	-0.18757890332375265	2.2680369268273886
OFILEU	0.46656002223189663	-0.23505645216325696	-0.14336782677118043	0.13368815275615936	1.8762875319202015
OFISUU	0.5166548812893064	-0.33512676978818035	0.06441627100567793	0.04876141414812479	1.8263902627093378
OFIVEH	0.5574938299748045	0.06257290031783397	0.09092156733070911	0.1796057303847397	2.62938363132688
OFOCOD	0.5292408209453949	0.19756008195393482	0.27867287485904757	-0.004206055578886175	2.7127345515099757
OFUDIC	0.43503168054656616	0.15718901322049839	0.20702868824735665	-0.008856452052615149	2.5589917150987573
OFUDOI	0.4065362350026467	0.18172254327730203	0.24024910373369385	-0.07175052997297102	2.5777765984781884
OFUDUO	0.43711130269925036	0.18589404879291233	0.2038202963576526	-0.07305631718314186	2.6256560034887473
OFUFAW	0.49224933829327355	0.0826600027133788	-0.002699829666837711	-0.058236672000873665	2.443689422438598
OFUFIE	0.48553270716898833	0.1307550398547465	-0.0167984540527914	0.20702691086104574	2.6006820384091
OFUFOK	0.45596931774315674	-0.5737863841230991	0.07504076253934622	0.13945932331496597	1.5591277038647875
OFUGAZ	0.7394777778970596	0.33818813474872367	-0.03875527521239916	0.1759729948656359	3.5424413327813404
OFUTIS	0.5872752945051571	-0.15831301246325385	-0.12110232637756196	-0.12567348535853368	2.112479498856867
OFUWOF	0.6397671870275285	0.11523271446303701	-0.5514179947976992	-0.1271651925175613	3.4980226633269194
OGAMAO	0.4576580217836552	-0.3251107067431364	-0.0890702587188318	0.019032992963323586	1.8376453806194193
OGAZIF	0.23169498342656114	0.3442785651292286	-0.1312497333620419	-0.06325745699132103	2.784908030262514
OGEBUA	0.41481978990176493	0.02822174796543242	-0.23135243981976109	-0.3325406515623501	2.3413318100244265
OGEDUZ	0.2593266629729012	-0.06559082957692902	-0.028961874552628587	-0.13161389850241073	1.9485173382222611
OGEMEU	0.5166180019034394	-0.266624156038089	0.019423256449527734	0.07525008126533132	1.9733767320203504
OGERUN	0.5359419040047122	0.4051106339962858	-0.0608561056134492	0.23677231253514125	3.379963187664694
OGIMAV	0.46269006998355966	-0.1129932533837329	-0.4261616576792609	0.09004511287745406	2.7206233250122764
OGITIJ	0.4506471841230235	0.03600044420785142	0.0923401657428618	0.07950446071495558	2.3881748873928035
OGOREJ	0.6510097039504874	-0.11387885021668825	-0.3336021285994751	0.14020530191071812	2.5223629851226335
OGOROT	0.5703293499725834	-0.4035866619300355	0.07776920627623055	0.3782968190120736	1.8044088177043163
OGULIN	0.751739592183684	-0.25613747993079555	-0.08592631949004417	-0.028543050391508368	2.213985191182015
OGUMIN	0.29571578084249905	0.17343898000447597	-0.05738933714770671	0.2576941363932968	2.5998726869791335
OHABAB	0.5928691039072529	0.3546740661191111	0.17063525800306162	0.22310869968820457	3.2907725868481976
OHAYOL	0.5544051023211836	0.32917042321970774	-0.03140275999556022	-0.19712071189906766	2.9821255233789437
OHEMEW	0.5201936954141599	-0.41749719559914256	0.44071223003118665	0.20935439384743232	1.7308864635313013
OHEMOG	0.6468282466383135	-0.5500581997862639	-0.007111633452512076	0.29986645374122384	1.7745749912581636
OHESAX	0.5716986930687931	0.1033912057559827	-0.5831270135907063	0.013046171169147903	3.4866242058203705
OHETED	0.46100227410593764	0.4930092847939439	-0.06902452097039496	0.15552134582455046	3.5246777132589258
OHEWIJ	0.7336373124191455	-0.2388344628017432	0.0014909959642010057	0.08600189781134401	2.2888233751109106
OHEYAD	0.4687303162473482	0.13021683178115137	0.14395312402881916	0.08115465664721483	2.6401715922952205
OHIJIA	0.5565652150333094	0.22377168751060963	0.28387433924195804	-0.012582205063227547	2.8054187735449574
OHIKIA	0.6409810728593994	0.6198813849036668	-0.23161269128492548	0.04442982685383863	4.026596217379461
OHIKOG	0.6717120078719576	0.5363280121785495	-0.3390400441647993	-0.0036337492252141827	3.9068550337137276
OHIKUM	0.6193268337688389	0.6910440063089576	-0.21460083289716925	0.03324499458394988	4.20210731996633
OHILIB	0.439506216615988	0.5496767175125544	0.23622205257474466	-0.0041259360015092755	3.487533043528265
OHOMEG	0.31773030747198927	0.17728824726341536	0.201770380941394	-0.30611873791823224	2.4167926677121674
OHONIL	0.3588810460929226	-0.005699701620680401	-0.16705092912287822	-0.027027780387607954	2.203542663936696
OHOQEK	0.46246195325349415	-0.33145959625286414	0.05702509681771009	0.1353909595406353	1.7804908032364677
OHOQOU	0.40264560316247255	-0.05861780601833171	-0.2048460246224622	-0.05670137804103409	2.1835637482319195
OHULUY	0.5076355461941064	0.07948293793472878	0.0021540320702682775	-0.13865637754334498	2.5013341981918806
OHUMAF	0.6103524306240464	-0.25704245005150944	0.04463133854678755	0.03961454796843354	1.969718396099657
OHUNAG	0.1369042656621442	0.04219564184979588	0.07562887764916532	-0.2488101927400001	2.0582041311010117
OHUPUD	0.46563931925265667	-0.32854896428364244	-0.005497289411911618	-0.02883792111232516	1.7622388868829533
OHURUF	0.6436887182325748	-0.20740530199307242	0.009212733548479513	-0.1541203447949231	2.207918677085269
OHUSEQ	0.6771140959672994	-0.028407033543721944	-0.05303391379313395	-0.02645836757975434	2.6334147711494893
OJAPAT	0.5790615016964367	0.13347879718613703	-0.14367431133323946	-0.11860311263297556	2.5999576506158366
OJAYOP	0.4964808172992754	0.20135373523392344	-0.05086062658615646	0.0775467961481351	2.8000826740478515
OJAZAC	0.36879333865778907	0.45555978552091886	0.04781188601476308	0.30762215682412436	3.2503780483434177
OJEYOS	0.2974061245951196	0.25672305023525166	0.46741994078302973	-0.2614466120087081	2.5909231316986165
OJIMAW	0.4760853568837726	-0.05357016142306095	0.0831935609544531	-0.29505246989757916	2.3124681866849928
OJIMEA	0.07372950736933159	-0.1825440443801454	0.22499022337786018	-0.2044456713902556	1.6007971164494879
OJIMIE	0.09051191755582089	-0.17384681870344346	0.22105539898144566	-0.2204826377804867	1.6301324410491793
OJIMUQ	0.025704390780805664	-0.32414090264505985	0.2179652948905797	-0.23627607458208544	1.3817228701558342
OJOBEU	0.495407814546061	0.4580008014658054	0.12703181814400247	-0.0322640344748553	3.2798759821794707
OJOYAO	0.3817109331092663	-0.39484953149841034	0.23311643590260395	0.25026027436565224	1.683697715168163
OJUNIT	0.5104354438192145	0.26890173133264383	0.10125932780481756	-0.08470994173655699	2.8548335016181037
OJUQOA	0.5530950266216461	-0.37403856181621975	0.18085154002843556	-0.07917975106132424	1.6960850812715704
OJUWEW	0.49850369344385115	0.408392928180006	0.3166865836981408	-0.0576104949232845	3.2959399118052373
OJUWIA	0.4685586827673891	-0.11628524410942079	0.2761437741914111	-0.1663818195022007	2.15129256555354
OKAFOY	0.44820704290113333	-0.5484525179038552	0.05881061562142334	0.06210131705395274	1.593289892102036
OKAGOZ	0.4393004421225184	-0.14977674290109547	0.15894757092451164	0.05979456599325841	2.005750308651355
OKELOF	0.42312275158074186	-0.0539414839026737	-0.09737173551219089	-0.06427100450361253	2.1553263619983865
OKELUL	0.6584280498883892	-0.02528991943088017	-0.31105653508659703	-0.17327407796429328	2.427437484846925
OKIWAI	0.48027940621747955	0.09998993027198791	0.25383719959686285	0.08874641802533403	2.623423396930474
OKUBOO	0.5794899580761319	-0.055268362102433126	-0.2856122455633012	-0.13674732397755202	2.442962621033523
OKUGAC	0.6099339369313617	0.3696380067419965	0.23328443504216329	-0.23311526732071153	3.3315370267775863
OKUNOZ	0.5875286024397424	0.03608414007096504	-0.5148149394587291	-0.2156304926606345	3.176216333336047
OLIHUN	0.4319370270113474	0.23312690865932995	-0.314206748814732	-0.48738672349208084	2.8320754060037006
OLIPUV	0.5411546383049854	0.3245106994187166	0.19393675445567693	0.04577315261332213	3.136280669782916
OLIQAC	0.3973306998763668	0.12873049193695835	0.22587027248000013	-0.00872673283140258	2.5074145864273985
OLIQOP	0.5883439157596859	-0.24770124336914132	-0.015427443403409777	-0.02376233739221765	1.92952235588287
OLIQOQ	0.4249713042014722	0.41518629106625554	0.22159237316831543	0.07552110062217539	3.199415788594121
OLIQUW	0.30889128353607465	0.12075868889482	0.3093396189279077	0.0454303187976947	2.3590206995397938
OLIRAD	0.4178159502646963	0.22488581833692894	0.22873255921723668	0.024498926463617596	2.6927475666760197
OLIXAI	0.7015304070598027	0.32094031973483506	0.1635227727172911	0.17041018670615454	3.391982487050799
OLOJOO	0.4889936637174941	0.22154930472120163	0.12664970750961754	-0.3556361665396117	2.7958349655169394
OLOTUE	0.1944691189789567	-0.4865313993542939	0.12871110995198665	-0.043691034952036356	1.3872814063111296
OLOWUI	0.43237692052039645	-0.32648137894416923	-0.1031252571403212	-0.1757432099071859	1.8603014654543466
OLOYOD	0.47601752439929257	0.22716248488543156	0.07024688602050394	-0.09355605813784008	2.777059724061068
OLOZAR	0.6818595028994849	0.01632134111485476	-0.11148638638243472	0.29795749920649195	2.8916056369353336
OLUDEE	0.4557891350008658	0.0046674223481632665	0.11000568105805031	-0.09136112736825355	2.24485522893894
OLUJUA	0.7171083012771424	-0.010460641575767192	-0.1731331204063495	0.2871643955433691	2.7654736539458513
OMAGEQ	0.48713482746694137	0.046388104243814066	0.08620539990836765	0.02496317459484277	2.456736087453063
OMEYUA	0.45699793278738365	-0.5466260117156576	-0.048782274812566265	0.057905773513126244	1.6335038394447872
OMOPIR	0.4379091070501522	-0.2041073273034072	-0.03785639291417137	0.2841702113964518	2.100765719866792
OMOZOI	0.6349477929850984	0.5367034890924549	-0.09043415898704589	-0.038296707062615065	3.732169727251102
OMUBAC	0.4603822739919732	0.5822792897238774	-0.031414194056792175	0.03409565723624472	3.598071388664999
ONAXAD	0.6226181105756794	0.15606350287822635	-0.12391768651942048	0.14221812285135235	2.9464992091240085
ONEFUL	0.37578275929769234	0.48189772922948526	-0.16404632736187774	-0.11469530561685652	3.1256623654485844
ONILEF	0.6747613330345645	-0.0592964967306111	-0.08253461040701303	0.018345857802373265	2.4052703538153275
ONITAH	0.36006117168860463	0.26048329969822986	-0.08489087012394791	0.276944687313064	2.901944480249835
ONOWOG	0.5937371875711177	-0.28334483484951084	0.029655053620770838	-0.07385565310174595	1.9275935489731115
ONUDIN	0.38358542991967237	0.32938776474897374	0.13288716494404043	0.17404699698268944	2.9344611880126643
ONUGAG	0.7811997433273197	-0.5078393714036338	0.11982198481382245	0.14811992832159257	1.8288938504330114
ONUSEW	0.5155012895950266	-0.5203845916262347	0.12202715099773359	0.7134921777054107	1.752026441004364
OPAKUM	0.3193066248580134	-0.3920529972223275	0.19643449787207024	-0.2524726364771945	1.5485265357133113
OPALAT	0.591299079680045	-0.33993387572459244	-0.23710756434834768	-0.3667797666011194	1.8056764182249077
OPAWEI	0.5568782579797391	0.001703644735605355	-0.360336232119187	-0.010300463700175032	2.631665123886278
OPAXUB	0.4480804713976392	0.19476579451930215	-0.07968376265998268	-0.09005158557085342	2.629122551927301
OPEHIC	0.8281518218878805	-0.13621895005666707	-0.2264489466440978	-0.12715092024112734	2.4654527269879303
OPEHOI	0.8148149146452646	-0.11867482984796246	-0.28509866304509923	-0.11489467359536913	2.478392100097271
OPEPIK	0.6771942961353794	0.39058409490539125	-0.017986686765130877	0.0588104291683324	3.648505343872998
OPIDUP	0.4672427535312558	-0.02830075181933482	-0.06358327155524177	-0.17608519376771187	2.26766296487547
OPIGUQ	0.7341809150163918	-0.15002716443335556	-0.13477244199283894	0.022232949327248175	2.486763076103445
OPIRAI	0.49362939944155837	0.1910323412846297	-0.15706349985829932	-0.03614946850923265	2.6954552427785794
OPOXUO	0.47379489634943006	-0.24740155152330986	-0.05351161358871982	-0.09257455302003922	1.9937061232061262
OPUBAD	0.38198612639716245	0.07990851031986541	-0.13794196043865387	0.08802812607862417	2.4852459551641557
OPUPOF	0.6301868642922646	-0.21639898359275817	-0.3081999380468391	-0.21213653521241826	2.0561351601174334
OPUPUL	0.6572464650900951	-0.27873138656007584	-0.27779347377332464	0.006343958460879488	2.024590758658884
OQACOA	0.5582714411254095	0.060577531237051965	-0.08718464117300681	0.21324477453129925	2.730069463769715
OQETEL	0.3081379584139521	-0.3567867174536066	0.06319869718749169	-0.09998641400960283	1.7104268603570678
OQEWOZ	0.11986929155434156	-0.48905350445674906	0.1997012607312349	0.04070424298334779	1.3420875467474218
OQIHON	0.3772813259056651	-0.21107509226323048	0.06630675341358491	-0.13966399938024798	1.8989177593772635
OQIHUT	0.3660994290239792	-0.21780310135370912	0.06699989011926774	-0.11986737090591222	1.8773969972588003
OQIJAB	0.3299257397082225	-0.35274370986405695	0.045942417598393126	-0.10654510982937145	1.7496181410051115
OQILUX	0.6012126719087076	0.2604745426677766	0.30015763792149297	-0.00817171921376312	2.94631866854463
OQIRAJ	0.5964509613208433	0.03317517297326132	-0.2961344812899255	0.23695898257070763	2.834125629992628
OQIROX	0.6912691645579763	0.28808214033893437	0.0664733738972092	0.12332764887738194	3.3150804398183435
OQOBOM	0.506136543464839	-0.17373390829464322	0.043226207374066794	0.026568681906100743	2.138572071424361
OQOBUS	0.4114117012661236	-0.09719177110699216	0.2281661449908774	-0.07051063928013038	2.112349917088054
OQOMOZ	0.5001621413002253	0.3536743672146503	-0.19594748362977352	0.18118819133261127	3.1584673226373168
OQUGAJ	0.5579531449229265	0.1427079118751739	-0.2781979228723986	0.13031751569340744	2.9426306471404495
OREBAP	0.2858782118823977	-0.2549926411159721	-0.038813510242238614	-0.3055830958063841	1.917354399229168
OREBET	0.3025432359375113	-0.3214694223071617	0.025826660430403978	-0.17250010832566498	1.8051889748325463
ORETUD	0.21619018211112717	-0.43200884966207836	0.07171031018673155	-0.21719924031097215	1.5021010626783031
OREVAL	0.3211798177277019	-0.42880069110373936	0.10962598232215096	-0.1990747768904761	1.576935585195033
ORIRUD	0.641319941616759	0.508615979160549	-0.16920256949054707	0.07770856046497726	3.8628129476886692
ORIWOD	0.38142089955155356	-0.4308351752441767	-0.11143805188612102	0.25975541268527375	1.782100207638123
ORIXEV	0.36550056355672833	-0.027737826163977512	-0.1469813715657523	-0.21835095093529572	2.2813578394182854
OROBUT	0.625983932051021	0.05720979525221995	-0.010796622214699292	0.11919109175363957	2.694279022047652
OROGEK	0.3254039258031902	-0.14172663054338464	0.3024059262194673	-0.1174323972837422	1.9423194326566406
OROGIM	0.5378807542832469	0.4134922584497144	-0.07771379394470256	-0.04711400750745727	3.312286306854132
OROJUB	0.5505060704789768	-0.4812305003730027	-0.13864938165293256	0.05805641581131341	1.789447790799815
ORONUH	0.5196758218889386	-0.5360130975383605	-0.10614826508893957	-0.21798685831826903	1.5967565730243418
OROPAN	0.33318454353679705	0.31224283697465594	0.054997607087655026	0.08437413933851551	2.735541197228925
ORUDIP	0.5310450516008647	-0.6634241531493776	-0.24051637281329033	-0.08286435584622318	1.4827778545090766
ORUDOV	0.49884467317902015	-0.6536070955983675	-0.21956209823289513	-0.10644589581103343	1.4922151729406707
ORUDUB	0.6454038452440116	-0.4536355181066528	-0.35914370046405636	-0.16984015736615782	1.9173045076997626
OSIJIK	0.5440214424401644	0.2676564147938384	-0.08723540310298612	-0.026333878018725235	3.0088121364069282
OSINUB	0.5430887254294374	-0.45479702057723115	0.10663220127416878	-0.07707698674599875	1.7296542520064369
OTAMUT	0.5460317957849874	0.14468121099909706	-0.2022527728470544	0.13600883986713092	2.908004013002699
OTEWIW	0.7668772503615005	0.12728192091412188	-0.2664488676931115	-0.09198084846308502	2.9692203139745743
OTEWOC	0.7721875120480934	0.5977073457736762	-0.2208386581931094	0.1306340617964729	4.225715139982012
OTIXUM	0.4658884638343981	0.5277247596913429	0.0911221334795892	0.21073162225340308	3.4851664737893846
OTUTII	0.5770318150926022	0.3068200401279035	-0.2987972836810793	0.17853746408906723	3.7638929390745894
OVETIT	0.6742388661598309	-0.017459914331340726	0.031595590308798785	-0.03351050837925823	2.5080979583636243
OVETOZ	0.7526839481383805	-0.1599933443452896	-0.11044661953936703	-0.23702399179797007	2.2555523740089227
OVETUF	0.7581916095596704	-0.09085507929913234	-0.08519145007719614	-0.25703298769562616	2.4683436868434834
OVICUT	0.3583173781384117	0.20784087737949128	-0.07368540669398439	0.16930127686405894	2.7848286364439674
OVIXIB	0.4779216070704111	0.015387533271340542	-0.24443595841990315	0.18308677507859838	2.631829229583994
OVOZAB	0.6805546529832043	0.29215680355852425	-0.339992251181916	0.2500201903419485	3.567649144823939
OVUYEK	0.4682155605700329	-0.5324820535238868	0.13115420121283528	-0.017109481054234522	1.4929471380121675
OWEPUD	0.3976355529351352	-0.21610920891201274	0.22351975822358505	-0.2012634553923477	1.851039897528697
OWEQAK	0.6532395333703489	-0.11582974306478266	-0.2950216465095683	-0.29487915730916625	2.232683331604774
OWINAM	0.5521888102153634	-0.47674022774383984	-0.015326043178899601	-0.07181411438329637	1.7069016526158303
OWIQAN	0.7922288824088302	-0.09514926958693726	-0.4074170412635379	-0.05258322387047694	2.7214498335207136
OWIQER	0.6699632876982777	-0.33918625367587346	-0.3197073106253878	-0.0371691466177488	2.14318057525032
OWIQIV	0.6012730872359278	-0.5506627696916065	-0.19561653104788596	-0.19556976082670413	1.6100337215559206
OWIQOB	0.5332195992372117	-0.3212528779766177	-0.07166368589043068	-0.15287451199358143	1.812225687733382
OWIQUH	0.6320363618739719	-0.2299151249909136	-0.2043613997419858	-0.20630371726220453	2.0591584242245364
OWODIO	0.6786419072040486	-0.25166840643055144	-0.05202368473700125	0.004935651506976491	2.1972004707119535
OWODUA	0.6649793875566719	-0.5765073695104346	0.023691659082416133	0.04131134979236379	1.6922082261149813
OWUFOD	0.6525803486655057	-0.31842557500882834	0.17102640150750067	0.19728182600981348	2.087490504702818
OWUJOG	0.4641350577191936	-0.2933645130389498	0.01007472756917413	0.09087376114221446	1.954252718488667
OWUKAT	0.5670595530211484	-0.2538525076103031	-0.006634100802578258	0.22686875589171457	2.1523249806917075
OWUNUQ	0.7471778805577172	-0.4561807982386672	-0.05996470719483061	0.008812226822264933	1.8991286510317105
OWUZEN	0.3660692141255506	-0.6649264536814433	0.03176230630067346	0.17404338471332192	1.4172058767920002
OXEDEB	0.2564992254577372	-0.04096782026173844	0.1779937716173558	-0.16082626039548265	2.0753081656570593
OXEGAA	0.12362882271102915	-0.3001403455163531	0.22425274804061457	-0.16608095711973003	1.4915194560085843
OXEGUU	0.407799588840569	-0.5164302964640375	0.06295097839170738	0.1228309095617955	1.5790345064204878
OXEXOF	0.4720144900540504	0.1332645641970527	0.3217994813387683	-0.0315467786168236	2.509708152944155
OXEXUL	0.404476650202362	0.03257265348409324	0.3439827102805964	-0.08834041708014288	2.228171493234257
OXMTMI	0.4918932049961606	-0.28103307761913	-0.022813220096676294	0.06189319490890542	1.8800122427154908
OXONFM	0.4923398851416776	-0.28042705901258014	-0.023094686507580474	0.06157849806292766	1.881085996790892
OXOSAW	0.28033147570812655	0.16843911265129352	0.5375199683481988	-0.21809537778853438	2.4118018285139167
OXOXNI	0.49216699840866074	-0.28095182337058533	-0.02269391044255748	0.06159309851996921	1.8802398437892294
OYAYAR	0.4228534375848749	0.09595804285488357	0.2341258041811205	0.14942411632087071	2.511591177191072
OYAZEW	0.30010341787562167	-0.31008088810432144	0.24235931929648658	0.021055228640628823	1.6365104475909407
OYINOA	0.5725526833786301	0.35886904332697495	-0.18626852507053981	0.06439399283642064	3.5206433447337844
OYOJEU	0.5111510592487685	-0.02832744612044777	0.16588002139506086	0.04640655395917133	2.2847924132460555
OYOJIY	0.41421140647904586	0.6335801727390554	0.27274969336218474	-0.021804853937381824	3.6721917413783833
OYOJOE	0.5642382984829437	0.5489906020534796	0.05368964366835627	0.13824152383093952	3.7202809537765607
OYUNUU	0.17761328610892502	0.008050764772716528	0.12589785319208696	-0.3169350208279918	2.0170187004387437
OYUPAC	0.23711889303286693	0.07028668323254585	0.2308833711180837	-0.23693766352385814	2.221353700671881
OYUPEG	0.26240724364176904	0.20958334815636803	0.11911898018870201	-0.11251985116102721	2.571796916705217
OYUPUW	0.2459007201849741	0.053402024917258956	0.2590920967861596	-0.2676718608032441	2.1220796963009247
OZILEQ	0.4690462439482319	-0.05756791265439486	-0.19585333637664032	0.21944319856979466	2.508314018105729
OZOVUX	0.509717896592786	0.005166291585960273	-0.3359390867491621	-0.05589765331189156	2.4060176436975342
OZOWAE	0.511046062865943	0.07820394327179284	-0.32146657530941447	-0.032733494537883503	2.548889747541841
OZOWEI	0.5316855762362831	-0.10359936989703614	-0.46087251719537126	0.047848411273267624	2.5001942422483854
OZOXOS	0.5571178044557836	-0.41899597580529435	0.06071808129030806	0.07819257486427603	1.8781914408405656
OZOXUZ	0.6121446200850498	0.13360966598651366	-0.3428466528736517	0.0069605729959703495	2.8213560061278273
OZUHEX	0.3881122161546795	0.2071380598247342	-0.004317090625090281	0.023958667014983545	2.6220049644861425
PABGOQ	0.36683919365660156	0.14220217606601204	0.05813865179286962	-0.23122932867069879	2.6044227431574476
PACMAJ	0.588476332257474	0.30084031822382795	0.2845005739327553	-0.1450989346785509	3.1108804755129125
PACQAM	0.4813329998064937	0.6824697491695337	0.028224079482674386	0.08833762647312182	4.006891305877116
PACQEQ	0.4957594049602596	0.6590664800396302	-0.02502348397094	0.0830363165921421	4.009445019123232
PACXIC	0.24691513039669744	0.001684683244361454	0.35039191406867903	0.05410186304814759	2.067155045765204
PADKIQ	0.33006132158989887	0.23797941775533743	0.47596719310986124	-0.0808657504838399	2.5383310454178907
PADKIR	0.5491286830264865	0.21846512610575544	-0.38740358413221565	0.0811682728178985	3.3219844810985686
PADMOX	0.6514764538184483	0.34795702213422136	-0.23824557919266456	0.1077998989006303	3.570144996917059
PAFMIV	0.5620213995038776	0.1919112040163662	-0.17310178830186282	0.12499519140223261	2.9520590436868237
PAFXAW	0.4960156850338109	0.22659473547055375	0.2790349503110124	-0.23394574372656518	2.8147801022229846
PAFXIE	0.744332483214496	0.071458209657603	-0.0926721963921048	-0.3592649436397972	2.8135881642172773
PAGFIQ	0.26746625253257017	-1.0667137009890602	0.36171619314613124	0.3338034546842831	1.0557744039776058
PAGGAJ	0.5863345429222244	-0.87704532804094	-0.009194167917043264	-0.0796390560467249	1.1975857301277046
PAGGEN	0.2881611392318084	-1.0296506799319256	0.3564652611496037	0.2681264826866912	1.031264277445156
PAGJUC	0.8991954834404572	0.02847161651963244	-0.21174777214239388	-0.13995405917151316	2.8247397608418043
PAHMOD	0.39503595205817543	-0.1766132600736384	0.20329518995185564	-0.11406486221956759	1.8764196260995578
PAJGUD	0.42257673970319676	0.1258169623839904	0.11469508194883707	-0.1302870214784716	2.44224723664745
PAJMAR	0.5671461198739243	0.3394454043801552	-0.01485459263822686	0.10554143696146988	3.0956553996492877
PAJVUU	0.7418598925180415	-0.20743788955850143	-0.05773847511393837	-0.05712940871873384	2.316249598664762
PAKZAE	0.5744309042863955	0.4616115250691277	0.014005417592661773	0.3171660291123328	3.7031165504803845
PAKZIM	0.48704275405717823	0.5028953552889386	0.15424791834857662	0.3799617277537933	3.655887203743625
PALDEN	0.47948555558934114	-0.535440237630604	-0.0536661524620554	0.1271631965169739	1.6419133826114949
PALFAL	0.5455521081423091	-0.4794274469424022	-0.15198071825270565	0.046930996096744115	1.793090982853214
PALJET	0.5204720444674811	-0.6451239556321823	0.1640063072577375	-0.08889152534809874	1.3916523925686124
PALJIX	0.4389627470111863	-0.6762350314318789	0.05509834205332362	-0.17895706239243658	1.368665299560144
PALKAQ	0.43029615213777994	-0.36198614878058005	0.07638465104201211	-0.054913186947925616	1.6400389890716187
PALWUV	0.7556266761362904	0.15209097907313351	-0.40792440598324875	-0.04582398715665967	3.1174673579892627
PALZOS	0.6030596560326185	-0.3701747340941336	0.002677997659194478	-0.0223027197282231	1.937683242848712
PALZUY	0.6752964199700644	-0.31081891571817544	-0.035671294323682025	-0.04118090920493114	2.0985241996163917
PAMPAY	0.6954477572466367	0.25353178653264485	0.028818555667502965	-0.19090134022259475	3.1069660181184644
PANCAK	0.6099422964947268	0.47393355325878933	-0.06066118290067113	-0.27088040219060205	3.5227011471143475
PANCEO	0.5137974016689544	0.937059059468557	0.03068064861329864	0.20129585783450427	4.88506500429216
PANCIS	0.6086767101282664	0.40173663194503406	0.08537245339542948	-0.11633668870460896	3.368320587709718
PANCOY	0.7599074576725764	0.20203517341131638	-0.20849595874505158	0.04375013823042666	3.195411025759719
PANFET	0.5924317124623633	0.2988402092030872	-0.23115054008124852	0.10078663759874985	3.21341008442133
PANNEX	0.6712041886013962	-0.2933930407774172	0.0034497108821019695	0.0046118093506605715	2.1691660083185456
PANPIF	0.6590939536629117	0.11539210946088047	-0.25737612549202527	-0.08408079871454695	2.808307750521224
PANSOO	0.6519483646007345	-0.2757919770252937	-0.06862982677323659	-0.05293476407737338	2.144694809749904
PANSUU	0.7004880336371127	-0.27802789812797435	-0.08046972730596706	0.02011060688749089	2.2004033509307686
PANTAB	0.6412691568457314	-0.2908576063561728	-0.03497779734364203	-0.01867468795340265	2.065497591626459
PAPHEZ	0.5926637486732185	0.2285885569418729	0.157767373849598	-0.05157659821946832	2.91674791651713
PAPHIX	0.6942506349105209	0.45441056028275195	0.3355906356733203	-0.08976077345459679	3.664082891806309
PAPKUQ	0.49303600309589335	-0.4492149402209654	-0.1670095077702976	0.060310502178031244	1.8094966795606184
PAQFEV	0.8247348969096882	-0.3650325724608706	-0.07398266472376587	-0.07460054579428925	2.157632578586872
PAQFIZ	0.8240694847608356	-0.3630615774337991	-0.07454980039080156	-0.0716208807687104	2.161961707402426
PAQFOF	0.8226142487178656	-0.35895817129309665	-0.07673548435440883	-0.06792020980071604	2.1701744045278653
PAQPUV	0.5563354484003087	0.058835748545278455	-0.035992942097223736	0.2317706168330257	2.5037158887580606
PAQQAC	0.5855790515899226	-0.42126137690473026	-0.101223957670845	0.13645562683518625	1.7476686916518753
PAQZIU	0.4440709499706461	-0.08278214304618546	0.1267836108487834	-0.17167566612589336	2.1779962423579953
PARCET	0.52471206884469	-0.30556061588704336	-0.06287212091823394	0.11740520274603503	1.872408441403628
PARDUL	0.4029173570221225	-0.1693094150586003	0.13385110387687763	0.10725923900565723	1.9822578310840502
PARFEX	0.6280545800975714	0.5784470176302	-0.10268426402514902	-0.15654288827631302	3.6404719656707734
PARFIB	0.6425699598203103	0.5944133335071039	-0.13027866055099405	-0.16972674953616035	3.7181468015886154
PARSAD	0.6729593699927916	1.112290721490245	-0.08837613604108575	0.05254931316849612	5.576399702744764
PARSOR	0.5436110229873119	0.5884128930880566	0.07168257191983474	-0.03266405145711753	3.6824944458942532
PASCAO	0.4931760718203444	0.03669517625760873	0.1810602579054174	0.16162214091072508	2.4100800546993666
PASCES	0.49081231343030485	0.03195453770069048	-0.019522585725395288	0.03225514654705071	2.3194717632642488
PATFAS	0.4621409043392859	-0.25636172879560437	0.32736920317145457	0.03779763324139862	1.8662616642885246
PATKAX	0.6446841090020037	0.28977310900207226	-0.14153192616488913	0.0452052431825431	3.2705698697936105
PATQEG	0.14412834912950245	0.1499812210229217	0.23444258504297016	-0.29243157822944493	2.069079873294742
PATZUJ	0.43155440264957967	-0.16425224652283188	-0.056931114130073256	0.1997171768490817	2.190450512203696
PAVDOF	0.6615488785543073	0.3148631486735437	0.024527503872739345	-0.061700713038471855	3.288043398188748
PAVQOV	0.5618891321207391	-0.4893132057263435	0.1242069021576761	0.2680608933421522	1.6865356273688037
PAWJIJ	0.5821628095659372	-0.03309112597005814	0.2369381407688187	-0.01671373255149885	2.4599426369778254
PAWJOP	0.5633042871557858	-0.025996848505710282	0.0800391341931809	-0.21130946930084626	2.415882456532766
PAWVES	0.43643305961584744	0.018146745557387295	-0.0693719826272302	0.14241893598076272	2.34418058189305
PAWXAQ	0.6196799255953351	-0.4564293910506786	-0.5670977543275688	-0.23657728843705128	1.8443779592315848
PAXGOK	0.5922060025037963	0.12008556090561484	-0.33170515458374306	-0.21074962385974266	2.737652211114205
PAXGUT	0.4693838988378989	0.15116971860543119	-0.35993844306857575	-0.006009976232029542	2.8889835074331573
PAXHEB	0.6117008081225652	-0.100923149593888	-0.31844896965709046	-0.17701602298618851	2.3662087080408716
PAXJOR	0.49884988597866897	-0.39164530980020745	-0.012929809373381326	-0.09183046994742075	1.5925260971717639
PAXJUX	0.49118841560677495	-0.396560315688782	-0.03905053259966871	-0.05637393352236644	1.5667185594067967
PAYDUQ	0.4818412773350538	0.26644363373695584	0.297948276928589	0.13419454373759884	2.9655766970078394
PAYFAY	0.49550484089162783	-0.026682597243606686	0.23657024858866627	0.1231300535849907	2.348978228717877
PAYGUT	0.4255251718016462	0.08903907619786158	-0.3322874271300695	0.1743341592339535	2.6874642372924678
PAYHAA	0.37148533918563764	0.11933990969758915	-0.31919015381634086	0.20537106717198744	2.788474095675182
PAYHUU	0.39882239385587415	-0.02563560488045476	-0.043220001204583414	0.12014703401320435	2.211375940764802
PAYLIM	0.6116270020308248	-0.3169304721237151	-0.02820100116691291	-0.12523681036890139	1.9076146430633014
PAYPOW	0.4863515471505462	-0.3192029576688996	-0.06601543852037903	0.26724490111484467	1.8485469469184717
PAYSUD	0.6729540238361835	-0.03761550419546498	-0.30338561093198146	-0.22878356527542026	2.528987221875897
PAYZUN	0.46185393647945805	0.013996950056202467	-0.25613630501437534	0.2360199760847665	2.656588598592519
PAZBAW	0.4956457322741912	-0.5445891337732637	0.1304001522472578	0.13981179866895851	1.6100942919659238
PAZRER	0.5561109742841612	0.3876961136454963	0.16127245798901801	0.17822642468592131	3.3033322217142604
PBUXNI	0.4974733065536512	-0.24892611210549812	0.020396427637505862	0.13973803968642975	1.9411688245486889
PCNNIC	0.47401555833718323	0.22136881923759724	0.08155033329189931	-0.23149898918700734	2.9613674398343544
PDTPNI	0.48227363964752623	0.1746276575246453	0.3421926597977924	-0.125191340413508	2.7295213670762797
PEAMNI	0.10819404392892862	-0.07430517775311149	0.253938594604087	-0.04056876132707146	1.7695935796910003
PEBHOW	0.29092402561127617	0.11569505415775175	0.18067526165029446	-0.01941860502867515	2.3168541759005574
PEBKEN	0.5293734411921456	0.20804007978173525	0.1470408131962674	-0.1425091528086458	2.7896743033192655
PEBXUP	0.3566209789521322	-0.6296305631165999	0.12502190412985378	0.18077357950665895	1.4606005689126618
PEBYAW	0.406822495732742	0.5769210310892009	-0.1386012404397674	0.0733410792139999	3.4871803414665736
PECNET	0.40789761828914006	-0.16834878344156945	0.1752873116452	0.055643357661295315	1.9506706278097972
PECNIX	0.3871301842242625	-0.19304381140239288	0.19778548409260033	0.0737261065357573	1.9036136547529887
PECSUM	0.7472491050072998	0.27953051053037503	-0.38327906806841666	0.08845926686614833	3.6328391992851032
PEDGOV	0.3988677690100726	0.7073597929653214	-0.22220355706272366	-0.1242205875990552	3.8800016314521373
PEDGUB	0.2889659557391089	0.33439042986157963	-0.24463314219937377	-0.13145166713641143	2.855510141332108
PEDKES	0.513666585095895	-0.3212860161537278	-0.012150628035138486	0.057072549941482295	1.9552228910027742
PEDNOF	0.3287477791387001	-0.030177491507699297	-0.06510280053002468	-0.2127198360875962	2.1293505588610278
PEDYON	0.3781466087811234	0.14355147242074337	0.25261260783055384	-0.17072565079381474	2.423875061033746
PEDYUT	0.31796513710970453	-0.025557334724742017	0.11287290810763781	-0.20095248851498893	2.0550021396636016
PEDZEH	0.49927815165027045	-0.15548292463734012	0.268136256358063	-0.1411506549793618	2.0640304940474827
PEDZIL	0.7331243362011124	0.16622462448988143	0.1730941527160466	-0.1397307248333809	2.97045393315531
PEDZOR	0.3849448858690936	-0.28977252321216945	0.27741600444010395	-0.027733570197953736	1.7170557528266985
PEHZOU	0.3095016479021484	0.26444895646815053	-0.01815023213146997	0.03161064303834116	2.9387117810992924
PEHZUA	0.2974265789042354	-0.06382555392878271	0.32555311430637174	-0.057011329137042044	1.999531069613289
PEJBAK	0.31667711694603806	-0.24150370621131959	0.20929457898429377	-0.1612138817530525	1.7824986542984202
PEJBEO	0.2998622282524086	-0.25309171817964593	0.23441577567747335	-0.1844710808124388	1.7414224750297318
PEJCEP	0.4123426783863202	0.17552978359323815	-0.3664340282133859	0.1662023238672269	3.0475801146600023
PEJMAT	0.17071651152448863	-0.40108800782268816	0.2355413869269276	-0.19324994202484724	1.449478374804146
PEJXEL	0.6817975070360518	-0.5277912157849945	-0.09403617813243015	0.149631836113514	1.7601759247983035
PEKGEV	0.46713395806758484	-0.14688923334464604	0.20498539645069858	0.029415418437944263	1.9957527581661678
PEKGIZ	0.4670197723384861	-0.03687875269421719	0.309336206857242	-0.001137275340688533	2.176978789689468
PEKGUL	0.4928441274469959	-0.1623790033048206	0.25314601698472333	0.04576091578747922	2.0003856620468747
PEKNIC	0.37237735614351575	0.1663513863620465	0.2227932618577233	-0.3918983253181411	2.435644050403037
PEKPEA	0.850131641026505	0.5760785201496769	-0.27125106782309627	-0.016753200880598243	4.246957601566116
PEKTIL	0.4165898354046522	0.05804952993082506	0.13334343414401897	-0.34592759821414243	2.379719959999559
PEKVAC	0.6953229969509396	-0.03066690647268361	-0.34240734215826035	-0.1773081276188878	2.3625316312280025
PEMDOD	0.33321679018683215	0.16634342345603648	0.008489092178561128	0.21368769929239978	2.540371061423629
PEMENI	0.3852576671188883	0.20157631946070734	0.10742758069699593	-0.026994734215606428	2.6663074280003105
PEMZOX	0.7913860999240772	-0.4704137461087626	-0.048268580904923794	0.011900941965720696	1.9193194259738273
PENGEU	0.5671181154723737	0.450668826906985	-0.22614978498610874	0.14475443882413186	3.7613125232204783
PENMIH	0.6450107108521452	-0.21801750423037902	0.012151760057460215	-0.2452277465240198	2.21645042557574
PENMON	0.4133042454782121	-0.09052897799927676	0.12122222456143378	0.13285556382222818	2.133620524966751
PEQTAH	0.5342663652327948	0.15946386315047742	0.15346770810938204	-0.21455960523722278	2.6616477687295323
PEQYIW	0.5185372750658415	-0.6356554920526297	0.04295229404073249	0.07853495027989899	1.4292778195617628
PERMOR	0.5808586681793981	-0.2908840110975194	-0.06039047229182616	0.09102016917240478	2.09888601418001
PERNIL	0.15428074668214808	-0.3333680729518895	0.18554890098673632	-0.1658421504824416	1.4818841849719295
PERPIO	0.5051893069252245	-0.6270244246608512	-0.22001848238833166	-0.11408450148267062	1.5343798505092199
PERPIP	0.5094145713519893	-0.24583892443595282	-0.2328634905444052	0.17960233537684756	1.986077448379993
PERYUJ	0.5032382523452368	-0.6357229529981484	-0.22722236340938798	-0.09318635641123559	1.5198626283855705
PESDUN	0.36003980116153045	-0.4259837632491191	0.19589101982721685	-0.15913182176642265	1.6704778892922167
PETHEB	0.7121999416964497	-0.24060538581900523	-0.24735967921245938	-0.0627033955697243	2.2791954863729758
PEVCUP	0.39268593033177357	0.3131250712223736	-0.08052573276770114	0.03086043014790226	2.913491858852086
PEVJUY	0.26285299309855503	0.13076634168568385	0.2172623456211794	-0.1529572338015613	2.3279948519017744
PEVKEJ	0.25052926586789637	0.1701390671513097	0.1092769086331361	-0.16293439214332162	2.41504835905778
PEVKIN	0.23183586414807822	0.13296894945252632	0.17329617481991177	-0.19795080309365826	2.2673394369379487
PEWBOL	0.5936683214136638	0.5413592691086788	-0.26822742922194154	0.04458695869905346	3.6474405581910285
PEWGUU	0.3179833603388218	-0.43038114590144116	0.26344773594043325	-0.08499301153582461	1.5848233870869564
PEWHAB	0.30449196076026297	-0.3666426841913899	0.2242745618978486	-0.1069934377144696	1.6290178286875632
PEXNAH	0.6211120115864128	0.34590401626292067	-0.02332068977840262	0.006056784144099551	3.184959541360164
PEZTAQ	0.5616828410714616	-0.19350527552026314	-0.4043791109767672	0.007821548046655562	2.400795278983299
PEZTIA	0.23440728287954382	0.2049408841929061	0.37103826089864084	-0.11296281175834395	2.3597299144646784
PFBGNI	0.43231716505474616	0.07823257374773854	-0.1689363197515365	0.21847041231789632	2.691384950028494
PIBJIX	0.631133573124032	0.24045172359862255	-0.07070114290731772	0.006422329335822544	3.0367586680906795
PIBPIB	0.7098560063603552	0.23806904526482559	-0.22687753752385426	0.014281737680614125	3.2647968363032467
PIBPOH	0.7104772533889374	0.21653142713130044	-0.22412799441550763	0.004403849259463497	3.192023271102132
PIBYOQ	0.568822520480909	-0.17069853298329393	-0.18101702024680008	0.06792250596101931	2.1746636016134686
PICBUY	0.5123833053727935	0.6712619640997853	0.19867471319268354	-0.15094725220776123	3.866838857045771
PICMOH	0.47275349630923014	-0.10597182800392047	0.1630972901993962	0.08687357012178487	2.1466625437378526
PICNUN	0.3810750373228027	-0.2945729571944871	0.02540894305718784	0.08890541998762318	1.8605919085003322
PICPEZ	0.3777933038706278	-0.2522628463483121	0.1896500793869677	0.1623571831863993	1.9097903106940501
PICPID	0.4040215909277105	-0.5590976185365814	0.11708827501916119	0.2749362316504698	1.5227048131747363
PICRUR	0.5202707921953076	-0.46168122065649975	-0.11526377688679187	0.013893538332306393	1.6819858914131824
PICTAZ	0.41672491857133576	-0.2467857924866494	0.04095725217336979	0.0738517022008655	1.927367753964985
PIDCAJ	0.23368487027598883	0.049042554578579506	0.3523958094558098	-0.20922521614033562	2.1825105660999617
PIDCEN	0.2540751020816736	0.2195660203167055	0.2526541153173544	-0.05730899139918663	2.5733772735331737
PIDFEP	0.43208333355402395	-0.17852111210088042	0.15888719767767556	-0.16522924845171216	1.9972783088892188
PIDFOZ	0.44838628120069046	-0.12067586215998002	0.053204365506318185	-0.11531870005406843	2.1316941358986936
PIDHIT	0.8171070071045055	-0.2809165908760152	-0.033224741618570544	-0.058481961533487434	2.2563541580731785
PIDHOZ	0.7998907884553477	-0.26500416833096235	-0.03935502940252534	-0.06691995970050518	2.2649054247414018
PIDTIG	0.5046873746823248	0.6291892901568795	-0.008744317126121906	0.3004981887110681	3.8820983107875984
PIDZUY	0.7152264094256164	0.20881194648510168	-0.21304842719099504	0.051536045745100616	3.1728117271511636
PIGDIS	0.5154703669981746	0.5161148569892048	-0.016265892748355652	-0.03730180293192484	3.4796649190137834
PIGLID	0.5462944411358874	0.022960630508436386	0.17437581455699797	-0.1505588005944546	2.4401552554057893
PIJLEA	1.0328115500506128	0.05555990517277032	-0.13415702168169402	-0.27356522603336814	3.2047238310427524
PIJLIE	0.6408394201555847	0.03608901343278485	-0.028227225082275986	-0.054133608485613285	2.553442065415579
PIJLOK	0.49331893091731605	0.025726646577448317	0.2344013111402803	-0.037846605310157974	2.311456869983664
PIJWUB	0.6433354688163684	0.03288519172695615	-0.4847916499324304	-0.10805252121143159	2.825577355412292
PIKBES	0.5329746382088985	-0.41661220563227924	-0.14159041393581256	-0.10999208164174744	1.7105938242312269
PIKKUR	0.5287646067756793	0.14325294436666744	-0.16518243646510505	0.03086892259111029	2.988736772907769
PIKNIK	0.4413581472824646	0.4845113048718648	-0.21128187019836123	0.17420865966021615	3.4485108424799904
PIKNOQ	0.48867127224243667	0.4889795198828303	-0.24960446360269575	0.10960306520207902	3.4615843646471856
PIKNUW	0.43962203202067407	0.4820175884379102	-0.2100955199407096	0.17460780051524982	3.4416612064611756
PIKPAE	0.49805927893450885	0.4867026114905397	-0.26697458190237344	0.11083869485075606	3.476084796310216
PIKPEI	0.4495799073695199	0.4709398269612858	-0.22494477787365874	0.165851769008099	3.431690145937685
PIKPIM	0.43962063250035044	0.4802237556640805	-0.21304846213569154	0.1740993642223586	3.440739900674195
PIKPOS	0.5001677647476264	0.36509229319691866	-0.2533323440199188	0.09621930612161265	3.1639690424349802
PIKPUW	0.4359840355190423	-0.8376619720556651	0.046295328829456264	0.0033215307786676126	1.205610111632259
PIKSAE	0.37494365999576384	-0.008687341077673022	0.32121126404070005	0.1805260242762115	2.212248703778811
PIKWIQ	0.4369864282820588	0.20394976856330485	-0.03667124882260683	-0.199652991280874	2.5620068626517494
PILBOC	0.7108453840132238	-0.453628582214761	-0.03871561081570065	-0.054863771126232724	1.8662489045540869
PILBUI	0.615088362327672	-0.2856731218320939	0.04036953590860383	0.020017418801330338	2.0611684089736766
PILGUO	0.4448431876751755	0.38938893332684293	0.27112572936769175	0.04487487848901132	3.0730568440003116
PILYIT	0.547342945517407	0.45870392306333363	0.3419236823486396	0.028643866607323532	3.3664210930501755
PIMPAG	0.5422125762818943	-0.4240562142064128	0.05149008696409543	0.07204084919511072	1.8240397164431172
PIMZEQ	0.8273898059224125	0.4975415954941669	0.20402538398236214	-0.2784785256499159	4.099565986508043
PINBET	0.5771218535808362	0.7214062742006099	0.1663188976716482	-0.10968707602831672	4.185740141341398
PINGOM	0.41982723131427324	-1.0111298676512117	0.3081206062080505	0.3393976662226323	1.1277014092777484
PINGUS	0.4156570662570358	-1.0079170854483306	0.29891382069765815	0.3568699963948863	1.1537947355208864
PIQHUS	0.49359487794539536	-0.6135970545143745	0.1131267902126846	0.08795175413355188	1.4953862419270207
PIQQIP	0.3482353232853548	0.20241690644190577	0.4372360608458975	-0.22660498420436181	2.414100834946494
PIRKIM	0.647113453920479	-0.2223639947053536	0.017417465933708867	-0.014724883848226455	2.164452160028717
PIRLOU	0.7893421559979874	-0.16759244990326558	-0.05343433090076856	-0.21036210615136575	2.277484677754846
PIRNAF	0.5914571310648915	0.008512333273650946	-0.1308789762029023	-0.3055988129148918	2.4633208796418145
PIRNEJ	0.5538420116379061	0.49876170597428826	-0.26662075068477686	-0.4574488489335222	3.441115547365622
PITQIV	0.7253193802812419	0.523563002872785	-0.12441750990421425	-0.06561689571794098	3.812837412955334
PITSUI	0.42577977725645866	0.1753017315517591	-0.41339526823075123	0.1436049729569731	3.3341031366835248
PIWYUQ	0.603018922443896	0.3555225640926712	0.1153931523555986	0.11118463244073867	3.255738999080611
PIXBAZ	0.4279560655458834	0.17166581977447978	-0.06297817347621762	0.19461784321990067	2.654257512042782
PIXBIH	0.8005637100345888	0.5369558180200236	-0.554183007551085	-0.16393174742228583	4.178199454794451
PIXJAL	0.5868813146076697	0.6451405010487082	0.4228770761550331	-0.0841351755111844	4.0593607898556305
PIXLIV	0.49277340813068715	0.21030889468738787	0.3548216687693964	-0.133643177696338	2.840861841505376
PIXTIB	0.5166918875252531	0.35314725799082275	0.027082638896943914	-0.025571579594689066	3.123180421776173
PIXXID	0.34840977735818646	0.3169370563000673	0.2864868281539153	-0.130863654099238	2.8199287301733573
PIYQOH	0.5646758473303359	0.18644132951657993	-0.2756624903319398	0.09591622580493929	3.144723162970218
PIYWAX	0.6378840134988755	-0.057062042399871914	-0.398930417008955	-0.09685353209534338	2.6221789678211924
PIYWOL	0.4817179382849286	-0.35037737726191015	0.025016533446985803	-0.18357738222530567	1.8226789525716653
PIZGAI	0.4177668279748996	0.43225316640788963	-0.0010392092587519636	0.08687457370280163	3.1150716492468273
PIZGEM	0.528717499447227	0.46009624553964845	-0.09437269953022966	-0.12177389405403295	3.3043740366730416
PIZKIU	0.5589071434891695	-0.05449518158182318	-0.012622069090577767	0.07794292829495486	2.2300626976427114
PIZMIV	0.5382122169679571	-0.1962683070885275	-0.35405012418368464	-0.3874356866173122	1.9831471321732466
PIZMUG	0.571336712031612	-0.19372831891543418	-0.3144466352047033	0.10884862191661633	2.1607613006198036
PIZPEV	0.6012730064217919	0.04759503940819258	-0.021617174735968595	-0.17081113917138274	2.4648644843320695
PIZZAB	0.5068740342025686	-0.30973403583649717	0.13689715063633792	-0.10460355326454703	1.8943273330231805
PIZZIL	0.2425174989484642	0.012323085294073825	0.01795354312754041	0.11960959346549177	2.0976902998167835
PIZZUX	0.4960278274704848	0.20411541004729278	-0.1250773815200267	0.12093336220240236	2.8681356167248935
PMENPN	0.5486110145552789	-0.2448485380809297	-0.09448382723549359	-0.1947930263850134	2.0202685276180574
PMHPYN	0.6903395144725231	-0.23277069149363397	-0.2104026566001642	0.022097389363408666	2.017680656952963
PMISNI	0.5370350319626374	0.08076259104389971	-0.10392004624158835	0.12980645373362193	2.6386238077950184
PMTOPN	0.5012921729814073	0.10843177815813673	0.1209809484888941	-0.007465539029629278	2.508970307788982
PNIHEP	0.5129705691248256	-0.6055289852035286	-0.005613710525548654	0.14699757840198413	1.4650382635743426
POBDUH	0.39914768077262686	0.34534450775429226	-0.26073578946391907	0.28953484526630097	3.480838069963406
POCXUC	0.5670927284007785	0.6588238730110711	-0.387676085408226	0.02451049598468096	4.108152289731864
PODQOS	0.42967496394116544	-0.4551373608831284	-0.00500555550118148	0.0584008414326855	1.6358767033925856
PODVEK	0.47757007781605587	-0.11853441139549489	0.0014786154238709825	0.09947937817328814	2.1153932770424273
PODZUE	0.6435853663057802	0.828599907829528	-0.044833471657094066	0.1275059187673178	4.781924992105674
POFBAO	0.8587018781065137	-0.418187680136287	-0.08902666484286671	-0.01169416099334309	2.0782571608275875
POFFOG	0.44786376897959634	-0.5518432242556679	0.05493583952531614	0.06883894846379987	1.5832173304127797
POGGOI	0.3413869336126121	0.012604437331921202	0.13844244118524635	0.3627113424815829	2.385185454778699
POGJOK	0.17797072030104166	0.20131889071309117	0.2055754918565999	0.06898801980368512	2.3593698317347873
POGMOO	0.4952384272955479	0.48921128604593944	0.05469121222346163	0.22475384489331146	3.5698561744129087
POGNUV	0.4125549538224993	-0.24603613765394136	0.06893916660316726	0.14330610139746278	1.878906234142442
POGPAD	0.46665656205805917	-0.3358935294386795	0.04720179185106149	0.12008723138064142	1.821558569563261
POGPEH	0.5395856556243839	0.27121498144875866	-0.01933982887462768	0.23613338366405057	3.1001541926379375
POGSOU	0.6557468538942715	-0.23933564299643645	-0.04027728788551601	0.00017426920316739383	2.2396542281689724
POGWOZ	0.556146333684949	-0.18540911160150803	-0.2869314164547833	0.18893754275446212	2.1253270745193724
POGXAL	0.41964207808550835	0.11155355625131025	0.2804368806853734	-0.09072636588771582	2.4700446024680307
POHMAA	0.43234192598515353	0.2142952722972423	0.10164686882915017	-0.07387496334388426	2.7052836711210406
POHSOV	0.751250170408583	-0.28007146412155925	-0.05605370356599565	-0.07592729274183625	2.2601147900140846
POJHON	0.5141722997492097	0.24799419599953132	-0.28697130960977846	-0.11694503659194004	2.981195332165713
POJHUT	0.39381909695588035	0.1434005119804234	-0.04269007274785303	0.32070717799012805	2.7292791426828975
POJTUG	0.36902385011210104	0.47209877009569284	0.09794210415265187	0.12803679809703042	3.3852483648392844
POKMEJ	0.7845848403723563	-0.36378702268982765	-0.060836389663804225	-0.07885626171876771	2.057178894729806
POKMIN	0.5866164199067541	-0.1726154478573352	0.06471964034212407	0.02955920805137486	2.1811526098690965
POLLIL	0.1604144334560198	-0.4600519484953831	0.2876669169015914	-0.12402174161215603	1.3618250626953172
POLLOR	0.1507135447002783	-0.4073841305913454	0.27374263889010847	-0.05843701187459813	1.4050891702523316
POLPEN	0.5887635703066625	-0.49226609126876003	-0.14486069144288494	0.03423183105200006	1.7858122230997844
POLPIR	0.6198589523047007	-0.4798561604376241	-0.1594845450191249	0.024586345586493943	1.8220741271306946
POLZEX	0.37043816681670716	0.09151065198915435	0.047047171425680184	-0.032880421118974414	2.2914743423302792
POLZOH	0.4536642573872074	-0.1159295346585571	-0.15555786217538325	-0.10928032036569997	2.181913728243539
POMFOM	0.8678425800274692	-0.3021849361311337	-0.08537022202618269	-0.08398317831183322	2.2178504595462827
POMGAZ	0.7176549843110935	-0.05482776672745667	-0.048426766331460785	-0.13236736829819207	2.535343793681495
POMHIJ	0.5806959786774	0.6213760184614738	-0.00217773404018487	0.017577681770705473	3.832564607576186
POMJAE	0.7648605874334393	-0.3798900472562743	-0.03551878801783314	-0.005183651874026123	2.0801843018463657
POMJIL	0.4526084198709155	0.07757045951550942	-0.11176258143002846	0.268508959775492	2.576459630512389
POMKEI	0.4218728730117993	0.04327714452050484	-0.057480534583792514	0.10760313842530088	2.5421714738847863
POMLAF	0.4716331892923886	0.23595030068941297	-0.26438041370945237	0.08793163021397231	2.9634872391454614
POMLOT	0.41019751501512136	0.31578812866562084	-0.10521757589412174	0.2130288011131405	2.999808116092983
POMLUB	0.5107820424411917	0.16376581372330187	-0.11990680995844569	0.20891675058549075	3.0063635034427687
POMPOX	0.4648535128289497	-0.02546702440097382	-0.0730993534956698	0.12257649713791711	2.2838964280655905
PONYOJ	0.18844352957517474	-0.2668058228696788	0.08252564796130227	0.0644998806606935	1.737705287454042
PONZOK	0.8425462926412646	-0.3718619262373875	-0.09869383266619257	-0.024515373322026933	2.1893649519647016
POPCEF	0.4482967174771577	-0.3733433288580617	0.058775520378398255	0.04620998825785898	1.7601548012879846
POPQAM	0.7927704685342603	0.3026123873458527	-0.5698296724931698	-0.2549381441282417	3.6081865376728786
POPSEV	0.59870673921289	-0.1339796686152727	0.1413667141037852	0.017245044456039083	2.2137720188552645
POPSIZ	0.4825572155882911	-0.12520440520540055	0.13273497765607462	-0.01721344754171166	2.1012363776804266
POQJEM	0.36284193685206034	0.1935114511396842	0.08692665045092429	-0.19888676028682317	2.4476086723494683
POQSAP	0.40689766467203814	-0.053528700273494614	0.17995323939440716	-0.016092294011986863	2.196326820654103
POQZIE	0.7393575797828076	-0.5029357496877634	-0.09246210320100773	0.1029808922686557	1.8414384516574511
POQZOK	0.7394606946504005	-0.5034913592482143	-0.083018372132236	0.09512413337675267	1.8166528868519598
PORKIQ	0.5231325339637598	0.1656877603460937	-0.35487105651724093	-0.08260196307145175	2.875218181972124
POSDOR	0.36279254698591856	0.0766147937363795	0.008079084012811516	-0.11446858585844465	2.308869371584985
POSLER	0.4656835326552713	-0.3172167422647457	0.18180075807425217	-0.03237967405120584	1.750545241297211
POSLIV	0.43482448230151505	-0.2627973919572316	0.18801650415940585	-0.0478338241547714	1.7782804300088622
POSMAO	0.42282352063246087	-0.35056516476760274	-0.0012398508664506064	0.005899545569723608	1.640866059456446
POSMIW	0.6857769067917872	0.22233045486043757	-0.5252427269744786	-0.1269949016522366	3.651029503842473
POSNIW	0.3869099537773133	-0.40462318402928854	-0.19034555357504318	0.2061771706103206	1.915220890386065
POSRAQ	0.6534824431930124	0.5057428871905063	-0.121333810632958	0.16177699609644242	3.7711586423468697
POSVIC	0.49893893859399263	0.12942926278171338	0.09946610511935072	-0.28458150529290793	2.4900166740665894
POTKOZ	0.4380099352620528	0.23794788517927795	-0.07567569686750618	-0.09553943358219061	3.098258195515695
POVBUA	0.41731948312922373	0.6527136121633728	-0.15091463932850446	0.24992240605449	4.254034643937396
POVCIM	0.7853843209920601	-0.5276281190727121	0.0028581498282632956	0.09770960844192202	1.8740759233027953
POVHOY	0.15600540193729495	0.2021078484508581	0.40369434990464664	-0.2425462303034679	2.228041191983318
POWGOX	0.3502038050864176	0.23128238050350425	0.2244673658972005	-0.34317778030198337	2.5849756888368796
POXRAW	0.36447391897563985	-0.2507558670712122	0.029738129366009045	0.2929584728707525	1.9519832065163871
POYHUH	0.4560245044705944	-0.34437052776143906	0.22972915597021626	0.07661414191597408	1.7294376329150187
POYJIX	0.4797991455213131	-0.3167778580828817	0.18690405321827097	0.026276269064508046	1.7717818738688587
POZPAX	0.6084335825515472	-0.05270226405169791	-0.4844801752896394	0.07509606865264415	2.752157242036007
POZPIF	0.6138586330457292	-0.03518804697341027	-0.4955251643779519	0.0507221815215667	2.821786091538539
POZPUR	0.6031569774202898	-0.03424953993492481	-0.48610451644890634	0.05449246599877686	2.818987313153665
POZREE	0.33393854214395713	-0.08801581019662369	0.2211403828720117	0.15144878281354324	2.143929743856881
POZZUZ	0.6901101816038988	0.6041379856478862	-0.02813962051047967	0.04067442801019613	3.932644815708959
PPZBNI	0.42624751173948017	-0.7664076860141852	0.11582752470300228	0.16226113252719954	1.2746580267921774
PRABZN	0.5544166310301817	0.4326753103714659	-0.017152192340437265	-0.05610919538507221	3.2785608410878506
PRAMNI	0.6679350042679166	-0.39245217752260686	-0.027880800088037574	-0.0037838759526152045	1.8348294490734787
PTPNIP	0.38082495517569814	-0.015196237094664895	0.3033490133664335	0.02262772757283416	2.185477436164517
PUBDUO	0.21968593977766337	0.29012324903045567	0.07546416178318968	-0.0830039573438264	2.6469722192799487
PUBFAW	0.22436675560863018	0.3024765554670397	0.03403825938314051	-0.16439427428207637	2.697609771076393
PUBFEA	0.26991578902951874	0.2116201830683707	0.12954464002773936	-0.047950227779510635	2.526071057160922
PUBFIE	0.2826606532426865	0.2191133190176696	0.10090957751013535	-0.13348297351595112	2.573388387865738
PUBFOK	0.4091945381968296	-0.011469022028170019	0.04885085395610417	-0.0926557877483312	2.285862529720582
PUCKAB	0.36569415890926305	0.2532754228320751	0.14789039657997383	-0.08664172184654166	2.609298110370678
PUCSAI	0.30857250461792995	0.18023627090308272	0.2140214254583846	-0.13137880145801117	2.4182208838093224
PUCWIU	0.42421468775124893	0.22014624990968412	0.3001819799099113	0.0008992760428836628	2.6615238838167
PUCWOA	0.42884152728851976	0.14786885994414112	0.26872079206030236	-0.010133181131883065	2.480614918027981
PUCXUI	0.7408173314852347	0.37684688458105525	0.2990243290894136	-0.27493692121058955	3.5822986435895565
PUDDID	0.20967361927493666	-0.0011058140843877434	-0.10286034205979533	-0.24451247670163784	2.2545839206172804
PUDLUW	0.40879274599003335	-0.801887489939444	0.1319745123467025	0.09739812811299826	1.2292684563248246
PUDMEH	0.3839851738627891	-0.608276111907856	0.08946656702982103	-0.13017525786501316	1.382827221821254
PUDYOD	0.48164148797198436	-0.3358705762365377	0.09119157756497129	0.15103933716336354	1.8986223416202344
PUFHIH	0.41077729898502735	-0.0356347761459093	0.10447023605171646	-0.0444278550343299	2.129664342420729
PUFVES	0.5263169702428403	0.13341885866248962	-0.20816410251588988	-0.24732324829614555	2.6495954258709524
PUGLIO	0.5290423978854619	0.05738934456316547	-0.07613069664420082	0.26822877337969886	2.5894777461138974
PUGXOG	0.5471387818177895	-0.08988997452287957	0.08613697028655129	-0.18173628998096253	2.3109810056448725
PUHLAG	0.6073400345302469	0.10276499234905098	0.17968499026906742	0.2841281318863079	2.8278928261085072
PUHMIP	0.7276321978889095	-0.4582364992906911	-0.04668938119458589	-0.055942768014402164	1.8428826496972444
PUHVIY	0.46190311181420274	0.32888507152739377	0.46536468388789454	-0.0845193169407183	2.917025559262949
PUKROD	0.7993991457618632	-0.21036216180808204	-0.197172812359754	-0.10002486502965903	2.305644850155503
PUKRUJ	0.8048028788494461	-0.10147985552564796	-0.2811307192834517	-0.13579490518633114	2.528334850888321
PULCIL	0.5378903992837465	0.1374738264723701	0.11031442920378404	0.04264899717520968	2.7965834430210963
PULCOR	0.5137401839119233	-0.3473241058821295	0.1267212080564167	-0.05171423981540717	1.8345868972498085
PULDEI	0.4666791882087509	-0.3438824832446591	0.1350181193504452	-0.06415762857103381	1.7805509504596566
PULKIT	0.31710085357362283	-0.14705699911727926	0.13047313728399526	-0.21389112253877351	1.9338267980544133
PULKUF	0.27564973518060887	-0.1604044600738536	0.19523675477322366	-0.11367315851826325	1.8340163037889288
PULLAK	0.6595315530138581	-0.454092377684397	-0.027445193384559766	0.02677949047558674	1.6997704428907856
PULLAM	0.2524985784405618	-0.09576185526453991	0.08490291833576458	-0.20334974756503837	1.9758205131400406
PUMTAT	0.4318761356529457	0.6414018331287512	0.24370548101095202	0.4882264733667795	4.038320002597041
PUNCUZ	0.4968200540857355	-0.5928220007499049	0.2372917506380911	0.1963481996960964	1.5253372310716764
PUQJIU	0.4095632260246065	0.2017639807332605	0.3145495871579957	-0.25395665340582146	2.6034545079639697
PURWEG	0.45452949112893215	-0.32702204191837264	0.01954844143391027	0.05926559547555186	1.8795999468069888
PUSGUF	0.6512702294570172	0.21798632464929515	-0.08755757736555207	0.1404087045920805	3.100316656468146
PUSZUZ	0.4072694735534368	0.11139835874728543	0.11001575390028398	0.045570108585380284	2.529808030985343
PUTRED	0.31463479526121274	0.06507664725670155	0.30891040246172835	-0.025285475752216763	2.199002161551857
PUTVOR	0.48034626997669516	0.19063757181962324	-0.42776481753500123	0.07753797026463541	3.3887015011139603
PUTXAG	0.7266370499331094	-0.3394001494373773	-0.03052207633357342	0.027230173274643988	2.1158905539150226
PUVBIR	0.4833261687725443	0.19666939729377864	-0.0012909189645547992	0.06089720657067519	2.7033356451729076
PUVHUM	0.5306013574661224	0.07167014615161567	-0.31082750343578514	-0.40146477078715237	2.45246565862543
PUVNIG	0.43290025609713023	-0.13790370228559234	0.16070987126640324	0.062435114070107205	1.9834931545899914
PUVSEG	0.29512391143953387	-0.36002171566230035	0.10204523373594071	-0.11748857984015905	1.5701240791022253
PUWGAR	0.6280208828205049	0.05798366186064341	-0.5497333139956555	-0.2237444950504206	3.3729736602010387
PUXHUO	0.36434494849594934	-0.4057233714717764	-0.13290289725259402	-0.05058327014664882	1.6093293566288362
PUXJAW	0.520203375812657	-0.40385789118019677	-0.1098976638370906	0.053013086448385704	1.7683180636459426
PUXQEG	0.6009278029689673	0.3795448126451873	-0.1835164697369584	0.2513915625995899	3.565307793521492
PUXYEO	0.40294514961957617	0.23884948384348004	-0.2606405357917094	-0.26376968852584204	2.803502843082142
PUYJIC	0.1973722486062517	-0.016566023432719033	0.14647886925942646	-0.12181605213599943	2.078373103441939
PUZDAR	0.4339634012997884	-0.32638609499378823	0.127319826876054	0.16374345348936165	1.8240764847220814
PYMANI	0.6014163855158694	-0.2776401351273733	-0.2090137685012801	0.032692212002016	2.0724420092182703
PYRCTN	0.4356106992088229	0.3069995549021273	0.45172909878731093	-0.08593333947814574	2.8523175024960183
PYSINI	0.7037261486821684	-0.31633461598148516	-0.16528450377769138	-0.19956682057629654	1.9023267367571997
PYZBNI	0.6553762824203551	-0.1498720206193935	-0.3046209465471676	0.16945113641958393	2.4283514555977836
QABMIP	0.6294288357825408	-0.2711525636516465	-0.41899097365073823	-0.15593850504033946	2.1731869533716663
QACKOV	0.5662749684295694	0.07865034803823456	0.21147314354147706	0.10402330824672068	2.632645365810396
QACQAN	0.4637791807590519	-0.3286647895625136	0.06224303909915754	0.11773033483380671	1.8717626219772443
QACSAO	0.7665121874905108	0.34970108063227584	-0.32480774045655836	0.3104050406899968	4.191854762547637
QADHOW	0.4644764600028459	0.18400344101542118	-0.08413351005140705	0.2451347495860846	2.975000551111498
QAFGOW	0.44801884991876584	0.16184306306333032	0.2475068998592645	-0.23751790531920924	2.58062489838815
QAFREW	0.5647260973138373	0.026857630952992678	0.0044618959518798185	-0.13850352282441425	2.4411242464648604
QAFTOJ	0.5143168871118595	0.19295590523902534	0.1332309704753452	-0.07999852036624867	2.7144817779667445
QAGRUO	0.5371426097437437	0.49131737302577283	0.07943976278199696	0.285740344145936	3.667574465801907
QAGWAW	0.6967359542633851	-0.1956496427629948	-0.15629906399970017	-0.1551231037671092	2.1991190961480953
QAGXEE	0.4199237345523068	0.424839713780187	0.0981429106818707	0.1818777490106957	3.1818735573789048
QAHDEK	0.4874906455368544	0.5768136954926717	0.02800210017711982	0.011612379233941804	3.6370702137665565
QAHFOV	0.4943122676938776	0.3731691720671297	0.11186168643215355	-0.37385094577034833	3.0970625721257266
QAHLOA	0.4212444389465828	0.40710260001293164	-0.04944373459032393	0.07463687047907194	3.1680886541685065
QAHQAT	0.82830181720478	-0.23063021309646278	-0.1115173709326253	-0.1678522022409205	2.270723005317959
QAHSOJ	0.7187738959693784	0.7174435914140452	-0.20530945210675752	0.03938063381216106	4.435349635242614
QAHWUT	0.4984377776665996	-0.0057789938051945565	0.05954501688614561	0.027250595340805872	2.354114372384627
QAJBAG	0.5616537749990371	0.06562914881160849	-0.25493479561962573	0.054276908678440657	2.6055364708439686
QAJGUF	0.49832090013028907	-0.5617452653377257	0.0351498068621995	0.06447312871068125	1.6032092305608376
QAJXAE	0.4501487478227171	-0.3608804383648135	0.016701428166463583	-0.04152731210771021	1.8035873249345968
QAKCOX	0.6684714038990691	-0.13301768759527632	-0.39081335045966636	0.01827128692338005	2.500951924488135
QAKCUD	0.6708191300161728	-0.14408118897303457	-0.3664837350103239	0.030506767027513967	2.4960416398271907
QAKHUF	0.6936139232070664	-0.42800217123140505	-0.2054492282635308	0.016075573536196704	1.932823857262686
QAKJER	0.632705381296776	-0.47578644897705086	-0.16840685122993398	0.015703375417422505	1.8350242507138215
QAKJIV	0.5996553134324492	-0.4577851449155293	-0.16410675355934862	0.060152434072384936	1.8326067190860176
QAKJUH	0.6000363206744259	-0.45032965679653536	-0.1540974424441816	0.10219017802373681	1.839700974480496
QAKQAV	0.48394535969996433	0.4239043887565304	0.3679821875229638	-0.0180350312062868	3.1739928656977905
QAKREZ	0.439146197200901	0.15558341671055953	-0.36064317146249886	0.20641207779398962	3.167290666504
QAKYIO	0.3537458166362688	-0.16680272075434077	0.08274709007254172	-0.09816885708915757	1.9232074983504712
QAKYUA	0.3487330266448643	-0.1572540120393531	0.08018865208532935	-0.06468220228399311	1.9108871230847542
QALTOO	0.6322683238623057	0.10683081061590477	-0.05542587631968619	-0.06969573338444228	2.8135267190603965
QALYEL	0.5574738273010214	0.09419958608055871	0.13037591213754254	-0.04433054276531874	2.590150284350097
QALYOS	0.5342147381636844	-0.4609951019397225	0.019662690018237408	0.15082661416791826	1.796435371586192
QALYUB	0.5362274032585255	0.021067639954964003	0.1577096676047615	0.03592390012791513	2.482669172172405
QALYUY	0.5521156275912551	0.07711321915533886	0.015633686289802454	0.07530503707176366	2.6728911172204697
QALZEJ	0.44105371772527313	0.6876964660739603	0.052383361119184096	0.08451760661694831	3.8379331816791082
QAMRAZ	0.2893298241821145	0.38805015698193046	0.2114983418689665	-0.08821420377965164	2.9062912709804496
QANLAV	0.568836120196635	0.0010095385949631108	-0.36972157777003395	0.17886332369134134	2.899443957956101
QANLOG	0.3260642445519588	-0.27851334140688955	0.16352328085917256	0.14552217869254394	1.718090014980864
QANPUS	0.6798430023477451	0.43594094376469333	-0.1485036924507231	-0.13764711238881006	3.510321186595606
QANQAZ	0.6215092377870244	0.5770653794824301	-0.11255974501180897	-0.12312821454626803	3.6303268305769283
QANQED	0.29196817037076883	-0.3971595758638662	-0.15313096639809698	0.043842449077599856	1.9232512300396598
QANQIH	0.6824528200590523	0.44898253670210364	-0.14551278763122766	-0.12581684686620914	3.5450011326680233
QANQOM	0.7344941407418242	-0.27251038370657193	-0.13788358589473362	-0.1479299254703621	2.116612460187018
QANQUT	0.6251641644474777	0.6015606545452122	-0.12469882673898064	-0.14872627029941488	3.72518999687768
QANREE	0.6206421809564828	0.5655712550486935	-0.09645377778291012	-0.12962671152282151	3.603521077623474
QANRUU	0.4676054537047616	-0.008360108181736436	-0.05191590318224684	0.21187639589762547	2.3797257827799365
QAPDOB	0.6791357674016503	-0.5670174093692179	-0.010220939512016955	0.05769013433794737	1.7255539988996977
QAPDUH	0.6352690384536812	-0.5834111166541008	0.014062236014238935	0.07907284738620321	1.6890513411141774
QAPFAP	0.6113979681248916	-0.6000313685084415	0.024549003513682263	0.0720479896368777	1.6385462306578988
QAPFET	0.7268616796788026	-0.5372053416576722	-0.03939771426307795	0.08948702074196817	1.797262490117327
QAPGOG	0.5881738469870719	0.19959914335881918	0.014497029178910423	-0.12240012236093269	2.7864677409177867
QAPLAX	0.6740426588918842	-0.48914938398526997	-0.015269317693292955	0.05054652291827435	1.834929655757317
QAQBER	0.3300251144583224	0.28083117573477495	0.040046169142309865	-0.019625125799782032	2.6105737950635604
QAQWOX	0.6879228705237717	0.19342207357971225	-0.2062922494257218	0.11759103481436049	3.175473444444366
QAQYOX	0.81581352993887	-0.10396829774534372	-0.24951267495756294	-0.18568253410554297	2.5000148870009693
QAQZAK	0.8280036547038385	-0.1255471182316091	-0.22420220621037396	-0.1293593978406508	2.505012057765354
QAQZEO	0.9318234379046277	0.20719608517149482	-0.393563071107903	-0.21275153667972752	3.4355157576747866
QARDAO	0.5063500843698954	0.4746229588512609	0.3771515019235682	-0.08246465028959596	3.375563719677338
QARDUL	0.6261113414404154	0.5051740293666105	0.08281417486470882	0.2396600720298025	3.7927039849698483
QARFAT	0.6499097817007318	0.5228808486559638	-0.12790031490884532	0.2838435899461148	3.968673246694287
QARFEX	0.6409546513555036	0.5540016521086825	-0.12769260727679732	0.3029201763521817	4.119626526564989
QARFIB	0.6359404121316379	0.5463784831068128	-0.13196507899853774	0.29882193724336253	4.087889565859202
QARJID	0.32913466195870633	0.1663137109531097	0.1508764081518655	0.21680133192222845	2.555950859058285
QARWOV	0.4304118864215365	0.2283219707899115	0.3586720819634122	-0.04002218072850322	2.679678988306595
QASXAN	0.449969207959918	0.2080953607296098	0.1044627261214523	-0.1834862247379147	2.7948814433742997
QAVBOE	0.703179558478416	0.5095222567719062	-0.22062626164969856	-0.1520990947373675	3.6415590805006532
QAVCAR	0.518256150571343	0.24270510962614855	-0.0024633096849748654	-0.05199157306893358	2.714703786734178
QAVCOG	0.5426760338077692	-0.20827167833752028	0.21728136539028436	-0.048189853991142687	2.0002385407068646
QAXQIQ	0.6050205220332385	0.15789718742679526	0.0128600371146525	0.09917006492563142	2.8447462034226905
QAYYEW	0.41788302394831156	-0.5580665145968975	0.067244687814461	0.06523700505191399	1.5604653458696232
QAZFIJ	0.6183268130124615	0.10741290049829905	-0.302292361158764	0.07278724182379111	2.7690131311697077
QAZGIJ	0.5041132753541486	-0.3327051103108559	0.013015644402071647	0.1491185610029449	1.9508445709898752
QAZLEL	0.4375048588285182	0.08254775770727509	0.2663935629208211	0.084491825580913	2.3870448037003573
QAZLIP	0.3764404627219138	0.0894804073196265	0.3799893928586445	0.16492631932539287	2.380432606409889
QAZLOV	0.45520214460505226	0.11053375001872434	0.2195537638282009	0.061645023383177455	2.4554557711000746
QAZMEM	0.45300864938568	0.1017255169631512	0.24926769906921542	0.07006961734690918	2.4410650555024915
QAZMIQ	0.4297264933608904	0.1487552840682951	0.29348319878293855	0.15208506023777096	2.5588288564672337
QAZMOW	0.5444877417713361	0.051548367325568306	0.12180283756062202	-0.10608989610912099	2.484558564236682
QAZNIO	0.5498721402002795	-0.2588146789329643	0.08409580823951149	-0.03768246823939686	2.0056555168012555
QAZNOU	0.5468219938139152	-0.03469271267729893	0.13349244644826444	0.03343908802865251	2.3453901335344156
QAZNUA	0.5452612236081844	0.013241999992658397	0.16763614717195008	0.025039730457661506	2.392937095938832
QAZPIU	0.4788967856420463	-0.48129482404152674	0.04722557868160038	0.17314538278320918	1.6455733379666901
QAZWAS	0.5793146714949993	-0.3154913279617816	-0.19835452843930917	-0.031581316601687746	1.9691050013214673
QAZYAV	0.8611345709719593	-0.09741705969992727	-0.1742208918067341	-0.22803438588858504	2.4779915628577913
QEBBIL	0.5435983486872233	0.17750057912607292	0.031062583537641686	0.13615614907726614	2.742591588708671
QEBCIM	0.635049325211618	0.3302976723468725	-0.2925528475916008	0.10365410157307407	3.3477422416202733
QEBCOP	0.12029323160230687	0.01714347247647787	-0.03802786086554346	-0.32391109337631596	2.091727818709667
QEBDOQ	0.26496250857913584	-0.20399124852441614	0.3624946655907693	0.15983600282938903	1.7938941127754024
QEBFEL	0.519900350934404	0.6439623460642988	0.0757167165339376	0.04142109487412747	3.7621026460917744
QEBQEW	0.5587612143022271	-0.3742733897077768	0.02069000227967395	0.10123079111068857	1.9300910777894291
QEBXUS	0.5995890058108273	-0.36309547989452196	-0.2348030676007611	0.002628062900333454	1.9959790595034714
QEDBAF	0.3458948848282657	-0.02101599422464409	0.18352699925919713	-0.14887193028883533	2.1396827434858667
QEDBEJ	0.4547780906183929	0.08295744841791483	0.1895121871395335	-0.020826416375292804	2.384301698477333
QEDBIN	0.412619068457472	0.12912906602799631	0.04088515380938483	-0.09346807645620227	2.429564704246813
QEDBOT	0.32860023707803343	-0.02817937583744525	0.2584699488904298	-0.10352382672156217	2.0084602707934534
QEDBUZ	0.5937689286174175	-0.12324686243989563	-0.00858194643576908	-0.05466247086487909	2.2706192875836173
QEDFOU	0.3899448942318058	-0.4551468446303786	0.2969379635261991	-0.14799997198390946	1.545596766787424
QEFDEK	0.612327064920116	-0.6203035301884089	0.08330241847535191	-0.14596840081202866	1.5159592993953717
QEFWON	0.8579297893224815	-0.3514356148954917	-0.07200648134174044	-0.027850597611463086	2.194394704965064
QEFWUT	0.7260122568888461	-0.5463288402762583	-0.005144406302137042	0.030320551168593328	1.7770663058939415
QEFYIJ	0.5693355323609435	-0.08279398760298642	0.09331297445946063	-0.13488012044279868	2.3084448976212286
QEGGIS	0.3430903056878889	-0.061525317735084274	0.5520769703653347	0.06370330609937999	2.081382384212284
QEHKEU	0.5573125532909593	0.3919325421131997	-0.21951406344389057	0.09186477078799841	3.3583696405468815
QEHKUL	0.7161394477659844	-0.44326084191951476	-0.4684800727376932	-0.13553289059249457	1.8204477076896666
QEHLAS	0.7485813495457165	-0.3552756534469624	-0.4610368388886748	-0.1791023682188303	2.00330482002572
QEJNUP	0.33985837745772374	-0.11081973770142912	0.11310789143565844	0.35265018786759983	2.2274895720524492
QEJPOL	0.393506798469458	0.2364276311610169	0.3063704246369373	-0.1189836373446148	2.688629810794928
QEJSIK	0.3163646441609078	-0.4116773408778312	-0.07682653302603812	-0.07954859777782747	1.6027707516704397
QEKBOA	0.5009089147430643	-0.2905037061546089	0.059177891192629145	-0.08286120061990986	1.830142352322951
QEKCER	0.913914344256268	-0.6452445640878988	-0.16380645578206324	0.17560865508899026	1.7185294071363284
QEKFAP	0.5518228653172956	0.5755379746170901	0.14856373148247223	0.07931701488570617	3.792909263568919
QEKFIX	0.4320065978725829	-0.30485082440820815	0.028928179695087708	0.1580780255914772	1.7744232588636262
QEKFOD	0.44159581659025093	-0.061397119016082385	0.07448859258751511	0.10384131219619289	2.224030972658538
QEKGEU	0.5822882022005196	0.14082401903680625	-0.22757112552406733	-0.271770786867588	2.8401389383570192
QEKWUY	0.5926335802720946	0.07844418582384158	-0.026233053740876422	-0.17433043959872285	2.5975545394087174
QELPAZ	0.4285766726163178	-0.14029042015339727	0.1466766997908343	0.057384539964813706	1.9911145384455025
QEPLEG	0.7107202199244691	0.3069618273689368	0.0228064259084354	0.1356046387257227	3.35582810696082
QEPSEK	0.5062192358109128	-0.3202883780504083	-0.004294566770493044	0.02423414038860536	1.8346374814719688
QEQRAF	0.6230955805167921	0.07555489145457672	-0.013764583106806824	-0.13794378253106043	2.5471226904790214
QEQREJ	0.6325778182065784	0.03179616162398706	-0.01612581987907656	-0.18833259623443294	2.480307824148324
QEQTIQ	0.5218204357462648	0.6420421316206855	-0.30713916819227155	0.02545202864506417	3.828371230155551
QEQTUC	0.4702759934659033	0.7808339812538666	-0.11757695611339886	0.21079105349126565	4.414881543978899
QEQYUG	0.3473138315057094	-0.5949844097451626	0.11571422600885334	0.29709890844831877	1.4241724795174089
QERGON	0.5586966631671677	0.4137410965650031	0.44643508322321446	-0.22225800336777418	3.4732228347884635
QERGUT	0.5276176012737048	0.20579583948428604	0.328220892324414	-0.18449870391085982	2.807982913784664
QERHAA	0.530245358221122	0.20232835128225599	0.32267662661966107	-0.17661772542776144	2.803231619415103
QERHEE	0.5394329443227575	0.16685259480470582	0.3126510770599964	-0.16995755715559324	2.768756418814619
QERKOO	0.4539654797720267	-0.4401177658291478	-0.19295900854612202	0.48422918920263347	2.021363028672506
QERNOQ	0.400981411484274	0.48934571888058764	0.13435463720286117	0.24060468786306327	3.323355416503778
QESXIV	0.5890833359815382	-0.09037274170726634	0.005334656526259501	-0.2392590626547868	2.372799754420267
QESXOB	0.6730633236054633	0.1998398126975742	-0.2996908076350897	-0.29746858125627545	3.019566299276049
QESXUH	0.6553047003581991	0.4060752684811903	-0.3556658975205378	-0.14182566782676848	3.528813240055628
QETGOO	0.522349280759622	-0.2357457097992042	0.27899664313394057	0.003049987086475133	2.016710321470881
QETKIK	0.4889909775129553	0.06354382145790745	0.14823005046858112	-0.14369129214498355	2.4246045984408235
QETKIM	0.6714441806102247	0.2740476525037718	0.16886703053850474	0.10763041107428241	3.1871691581295893
QETVAM	0.6105783701884624	0.3167825942889517	-0.10484571150806628	-0.2506896627475105	3.123358902229896
QETZAU	0.4828110751078176	-0.5637119002865216	-0.04225130588040122	0.08011526731237487	1.660114193377745
QEVFAC	0.42218189594934774	0.04754324108971408	0.077460404415892	-0.057115616265584174	2.32910556325635
QEVGEH	0.42227099562723147	-0.0286047338845241	0.14068878120981038	-0.011414385564412495	2.2204611459691557
QEVXIZ	0.6636369969470666	0.6477579384584835	-0.02622633467445233	-0.12477697959477284	4.095173555617892
QEVYIC	0.5198581878882242	-0.5366342433797657	0.016597170542816272	0.09911949538899703	1.7155569343493526
QEWGOR	0.482997294839862	-0.2884761418883668	0.062249600550219664	0.07358859950726293	1.8972261900261778
QEWJAG	0.46565169039063914	0.23554434066281932	0.18483097674963717	0.001456669238758125	2.8228300132968247
QEXKEN	0.7736179870310567	0.5992539319664903	-0.21912316764771914	0.13297908687719212	4.237311070737702
QEXKOT	0.1685657986631428	-0.4286885345346656	0.20804728891433033	-0.18436495655626622	1.4469282443862619
QEXPOZ	0.36051524565980575	0.49490452751156055	0.10891435472104238	0.19064359894405458	3.261678649135875
QEXQOZ	0.8680640213361013	0.5600044789800989	-0.45058118064471214	0.01582243408440107	4.336018781328815
QEXRAM	0.8565256316530938	0.5542602829149673	-0.43528471691376963	0.03973728543764717	4.287031964626072
QEXROA	0.7530843718948326	0.7558393053095709	-0.3537342323538939	0.19627733555854188	4.834794248075953
QEXTAO	0.4111027161438461	-0.6094323159977761	0.11872129513567911	0.1480763792482887	1.457694860773778
QEYZEZ	0.608729425417371	0.40647283084052876	0.15298203057726928	-0.21588272568325678	3.357111474594327
QICVIJ	0.32807894317490405	0.3933512673655955	0.16511188121096695	0.08052915272478453	3.060999708844706
QIFQOL	0.5759257017957262	0.5904157091430535	-0.05482240502951441	0.14021498099965157	3.8112100380005325
QIFRAY	0.5799644684157341	-0.04768139474548867	-0.18158590987120923	-0.021644368232781597	2.6652570005714344
QIGBOX	0.587662965907362	0.4394564394265928	-0.06935031403010111	0.1859758796933425	3.5092704159598114
QIGCEQ	0.7949947948916725	0.4981990933693212	0.11938217586753613	-0.21649727605133556	3.9448170912201
QIJBIW	0.4215193239723831	-0.3978488153476021	0.06778428861597349	0.01662091703756039	1.622019535001884
QIJRUW	0.734941373823478	-0.273532367322879	-0.1359627094881531	-0.15055711649544745	2.113011256294965
QIJSOR	0.7293352927121424	-0.4766723575793755	-0.04408483113266149	-0.01032814247632307	1.8711629226497453
QIKGEY	0.4116564090036592	-0.41963457008634025	0.0812060708301455	0.1252195305998962	1.6922792585032405
QIKREJ	0.5243781921576982	0.5314742525056757	-0.21932930448584784	0.13545890244117545	3.6988476945083444
QILBAO	0.6898909386692935	0.005597227199562821	-0.6475605245486289	-0.24072432416060147	3.0277721844594305
QILVOW	0.44771769737836387	-0.021587944174687675	0.16596524741301288	0.050072021748094234	2.300433260600988
QILYOZ	0.5792547608122849	0.6352747719391961	-0.023233389480961826	-0.0406985855896318	3.8508108273160735
QIMNAD	0.5898798925405595	-0.2518755889014316	-0.0356604112474155	0.3171398433270042	2.1578582572233107
QIMPAG	0.5718592062473435	-0.3725420074114681	0.0068211537130285355	0.09300638739501013	1.9482945679089263
QIMRUC	0.547212355005235	-0.3600122424847032	0.0067754526728124875	0.1402191623434193	1.9674426937983094
QINFOK	0.3945155489770187	0.281500287805219	0.4768005562498362	-0.08927264750092537	2.7128513614916074
QINHII	0.3637593526942533	0.22767067721190587	0.24255023250230512	-0.08098089684029336	2.622417264092456
QINJAB	0.6946968547786714	-0.19867526088367168	0.04756518449197841	-0.0060131641133662	2.0776657978811417
QINLAA	0.5005803537914426	-0.6008712074400492	0.10002138707744676	0.133706803914049	1.5611445048306531
QINSAL	0.6190979300012183	-0.1422698041475481	-0.13168529538183354	0.0874379169930139	2.3250168258549837
QIPFOO	0.8778951355062787	0.12407611510388308	0.09990869648492276	-0.0032857840632107525	3.1259786514634884
QIRDAA	0.5922979510094049	-0.4459647963736435	0.13045293624711504	-0.19396842206266657	1.793806413421888
QISGIJ	0.5300305441365776	-0.22467854653951194	0.01002515665897484	0.0649750139704125	1.9917264342396377
QISHIJ	0.480582753551996	0.24664711029337238	0.06508610628586545	-0.151219395585805	2.729322974367909
QISHOP	0.532225765866249	0.17809661267738536	0.11029523354455789	-0.1642153514142674	2.6642082165361414
QISHOQ	0.5427364277914064	-0.18473328909744743	0.0039044134591197793	0.005308459682526936	2.0431451481969436
QITPAL	0.2616343274396056	0.2575975316436963	0.37827256859142044	-0.12703476538224906	2.5318781452997072
QITPEP	0.30036971847364	0.17218666817226133	0.529718859716308	-0.22342504617497333	2.433802687280988
QIVGUZ	0.42433748396971094	0.01293176959349597	0.3999771302310655	0.1497279326949736	2.4158756153337233
QIVHEK	0.45621449856693364	-0.1647465584825572	0.41096812333423266	0.02034311281986867	2.181124633228084
QIVHIO	0.3700566325350403	0.04623075154874995	-0.07358621615933496	-0.3309691082708889	2.3335766896209384
QIVQOD	0.5548274672949693	-0.014791810984246569	0.18036694017770177	0.16207589565836528	2.4425960150705435
QIVVIA	0.6463205706679434	-0.33267227065551935	-0.01179259218244487	-0.0006264330818988931	1.97532648639459
QIVVOG	0.6334941778517535	-0.25665998563901904	0.03137200498117472	0.005912287173744254	2.121958809166191
QIVYUT	0.5174537355365745	0.12879325995428734	0.20787616586472407	0.10836112932398946	2.7567720951652768
QIWBAA	0.4632931272009122	0.15630398455113328	-0.08192240704905433	0.260779564094698	2.9106458471626127
QIWCUU	0.49457549398581246	0.1670781308160407	0.023354380812866046	-0.0782029563749703	2.7333671778912647
QIWDAB	0.5287961006125501	0.3737578125138623	-0.09973231970549512	0.12542857374840727	3.295872054179664
QIWKUE	0.23757055290829276	-0.07436261520556375	0.2645469014216004	0.14071327966908298	1.9586478713855546
QIWQAR	0.5663955648018391	0.12516665010423653	0.15379603529607078	-0.10494703870443615	2.6544984287718822
QIWTEV	0.4914513937934686	-0.6163755861554459	0.11562684942142432	0.08979698289882491	1.4911356338520658
QIXPOE	0.7487176756755236	0.11751012649242193	-0.01978071236817646	0.24124931392554516	3.0550328787644316
QIXWUT	0.37402295160937893	-0.1785591167103819	0.17547585808363053	0.021520119800011464	1.9057110908484445
QIXXAA	0.3945500936714339	-0.16751584692488122	0.16639679212746025	0.008664879079341901	1.9449572281954925
QIXXEE	0.38959453891030815	-0.05814318305767515	0.24034619935779372	-0.02736247084028684	2.0885176183924865
QIYPUL	0.5071854994138647	0.32953968973796766	-0.13346614501547602	0.2689282198822335	3.136306403649014
QIYTUP	0.6060297226991498	-0.5080836298563021	0.039721992845873244	-0.019317835671022673	1.7388614606640873
QIYVAX	0.6068317677851489	-0.512679172823588	0.04688425676625821	-0.023948104373238528	1.736735813263261
QIYVEB	0.6050283698172318	-0.5158069100552413	0.04271221124841397	-0.011430666548882779	1.7407397325784735
QIZRIA	0.4357599146242812	-0.15194845769771864	0.1673335472820285	0.08705302624245682	2.03325079825658
QIZTUP	0.5133838957190324	-0.36016766948982104	-0.05342496733419246	-0.02586120474589257	1.7616848390181605
QIZVAX	0.44125687724283136	-0.06947818165766077	0.0466103649843094	0.08111645361251887	2.2077968975886226
QOBKEZ	0.538191233416697	0.4412359220963385	0.045154874750383184	0.1514923048243833	3.3905625363364034
QOBMUQ	1.0770081101203495	0.013648341298009847	-0.7820107385640773	-0.25173479003863664	4.040129712621473
QOCNOL	0.4055740093206195	0.20034879020665378	0.33198769636784004	0.0021407057701619547	2.569852546287753
QOCSAE	0.5349017471497461	-0.7227373752585804	-0.18664337889716742	0.13358709233947064	1.3312371648185612
QOCSIK	0.5062094542453375	-0.28117154874820455	-0.07933960857690338	0.23402787083248716	1.964972845549062
QOCSUW	0.4678326231487846	-0.3129868019455757	-0.05521286624544813	0.2362718413997449	1.8573763670085681
QOCTIL	0.60191321250168	0.4538607816277242	-0.2638325595680666	-0.2198770776236212	3.4764046662255934
QOCTOR	0.5371385024624713	0.7570538342859818	0.06803626724903664	0.0030161817380765545	4.148226390534792
QOCTUX	0.5385020224873704	0.7539126000805221	0.05719835052343586	0.0004992758970959396	4.141653200278478
QOFFUM	0.5487835908964698	0.2044845222341831	0.29093091671758214	-0.001255617365515379	2.7463148477582258
QOFJEA	0.658625116281236	0.39745931398404444	-0.5179154422227235	-0.1367880723504331	3.7123486532838816
QOFYOA	0.7196559703533492	0.3190944593636805	-0.03557968460237763	0.10727379526693949	3.47549922114205
QOGBOE	0.8442973094269197	-0.3765707257649797	-0.06099039731945122	-0.013613679574054321	2.1342215363966694
QOGKOM	0.399799033942311	0.3028723128190577	0.06286510983890034	0.06589507607424527	2.820490402549111
QOGPOS	0.5753106352593589	-0.4132593166231774	0.06993809300920703	0.41104973489476976	1.8182004254734287
QOHBOF	0.2833286626295277	0.3163466701512944	0.07182235459151581	0.2963403934840046	2.8095238231299473
QOHGEZ	0.5938630204064257	-0.5790279780454768	0.025406550697978827	0.04229145267963343	1.635965931294427
QOHHAW	0.5538768918257437	-0.7114898746484186	0.03471935447047307	-0.014311608685946747	1.4155976820651452
QOHLIJ	0.66189143395831	0.4292462630062438	-0.24372634471075277	0.20478964077426925	3.8417348064425485
QOHMOQ	0.4956788346771175	0.312547502207023	-0.32836963741888225	0.2335599516835542	3.779944894846258
QOJCID	0.556240691134481	-0.07210550329727253	-0.057793522683815095	0.13160436350889507	2.4452440239273243
QOJDIE	0.423035278573729	0.22062630230907898	0.19198768409344796	-0.09336294519223168	2.7152577061753997
QOJDOK	0.5006612822121559	0.2864511595936034	-0.304057958891785	-0.15924262444247556	3.2104924828385633
QOJRIQ	0.6545133240882208	0.3989906167525504	-0.3072522040098248	-0.1873658796126486	3.554784061202436
QOKGUV	0.7370413301227892	0.6557741178280889	-0.2547012047637245	0.15531521426966033	4.283883802889984
QOKHEG	0.6725883535199149	0.6458970617078607	-0.26402784714009836	0.062210532375574	4.088314927520215
QOMLUA	0.22647999608747105	-0.14081546868950812	0.36047700983793324	-0.04990672937754498	1.8000555698356293
QOPGIM	0.5384001382707444	-0.10184527290033735	-0.24469546331756253	0.06796990402911735	2.1797569204680802
QOQGUY	0.5289503542063825	-0.6013484922142246	0.029931031246800757	0.2968917444456148	1.5781347963085082
QOQHEJ	0.6097931893262336	-0.5633756743815135	0.02001854363235736	0.277561224294907	1.6746592491562153
QOQHIN	0.6656253709375655	-0.48421559049715374	-0.16001303943531067	0.032419771861382625	1.801508448304854
QOQJAH	0.5738188505703636	-0.5141270929052428	-0.08086469600390128	0.18219753646353443	1.7221462107741354
QOQYIE	0.6853455714096768	0.6254281655959046	-0.11569537973355927	-0.12624328645775545	4.05725576405444
QOQYOK	0.6827855041772857	0.5718268792905477	-0.2857774431600225	0.22701216295465726	4.056305308013179
QOQYOL	0.5979194510315127	0.6700452753768996	-0.1822387719451883	0.08015187099812489	4.307235969960304
QOQYUQ	0.7221224722768529	0.6811117303784419	-0.2702837732090081	0.116324640005714	4.302806503339535
QOQZAX	0.7071070852200609	0.6960355959722957	-0.18067546592235517	0.265516111579196	4.402277725591466
QORPIW	0.5453509084942141	0.6304685227816613	0.12011436726368716	0.12618576912772395	3.9496779863077194
QOSBAB	0.5840613942919513	-0.44755100054253943	-0.16009942361329463	0.03793942209193883	1.8563722930828641
QOSVOK	0.2863417484951336	0.041103603463114854	0.27806941717582273	-0.03422328431194519	2.296665944748517
QOTLAN	0.524267563821355	-0.5611414005429398	0.031482700709129396	0.055619682616516966	1.621027688084881
QOTVEC	0.23596893558210086	0.40169874082770884	-0.07956877144413978	-0.12612339279685691	3.190755945506948
QOVGAJ	0.4335699605015968	-0.1564287140951968	0.13944468915910996	0.08043800631892532	1.9631263879327476
QOVKIX	0.5446113824098591	-0.2873475475710707	-0.3067874478665784	0.33046227364569647	2.2781633541040343
QOVLIY	0.4838674069151372	-0.2882589445929221	-0.2448915051974489	0.3717832179466802	2.22039160847223
QOVNEV	0.6223587526260737	-0.0317843381131269	-0.19359310340227015	0.046491768950340684	2.5170294326714284
QOVPIA	0.5868565444481932	-0.3847624689096183	-0.027756222826341645	0.19414900981544253	1.9308554514623781
QOWKAR	0.7279455592088455	0.43583798209360763	-0.025016330050895798	-0.19131727594307635	3.523619645158551
QOWTOO	0.4891382382120524	0.7441284264586074	0.293661865074877	-0.04572909100814611	4.121126320969919
QOWVUU	0.6045309963813033	-0.35497842561233156	0.042889628864726456	0.0778203040745597	2.0556835818252672
QOWXEG	0.4394497008052607	0.31376144647079385	0.4851131296943836	-0.08133586512355746	2.8432075600897155
QOWYIL	0.7490710651892831	0.1755852302243149	-0.4682542025131875	0.010519684560859591	3.284591634929157
QOXCAH	0.5063655648004683	-0.14531595257998614	-0.14353043403044258	-0.04469121512517185	2.339013309358834
QOXKAQ	0.3437338642311758	0.2919300615875756	0.40379928398032955	-0.06791947111083745	2.6678937398799363
QOXKIY	0.3304159981623318	0.07672289136815773	0.2569652048216235	-0.02836673191659002	2.2324945349435232
QOXPEA	0.35772219050679155	-0.22025708565707788	0.17545203751587524	0.008424042616923477	1.8604151144721146
QOXPUQ	0.43710886527428094	0.10085200873153705	0.13386382760295143	-0.01534876696170713	2.382461486332635
QOXRIE	0.5250901464795259	0.263755308008322	0.0007752380926636104	0.25744280199746	3.0581557270858073
QOXTON	0.651744131398921	-0.2886412274056133	0.20150267746177003	-0.012900465708494784	1.9214255320576525
QOYCAK	0.5320435776247603	0.04031671635719887	0.1526237530683946	-0.13355568648482075	2.4082128830727143
QOYFIT	0.5673697069469483	0.041966561291329876	-0.03577232016943619	-0.2170649812897581	2.5169213686084344
QOYMIC	0.5668865290985439	0.013358412668904703	-0.16945259929753034	0.30350798460494727	2.6123059117880443
QOYSUT	0.5970249598602138	0.005558843931013118	-0.2017453615099391	0.02916089644573306	2.4872621626235683
QOYTAA	0.5084135615623566	0.13145811595977758	-0.024207811037932132	-0.0648673548414878	2.466701403975399
QOYTEE	0.5000208469568381	-0.1905246255248964	-0.1853853446206591	-0.14199136802567702	2.0466095502680357
QOYZEL	0.5292788837493285	-0.46205939508776733	0.020748599211878258	0.1146356622673875	1.6986131370667819
QOZBEP	0.4202230194043759	-0.12494350335409452	0.17846424301326103	0.060071341943699376	2.023963114677683
QOZROM	0.36463496585540334	-0.5180357411907305	0.03618800524873422	0.047824453006938994	1.4966711131193093
QOZYAH	0.5338291033182534	0.1970796940927848	0.3185773266340908	-0.19305058458336555	2.7990725474867073
QUBPEI	0.3926998982021983	-0.29359815224252533	0.22858410150006586	0.2954646740617863	1.8975232002189373
QUBPIM	0.597564495173879	-0.29616688840937005	0.09586961113111014	0.1228745176890916	2.0462138447276432
QUCCAT	0.576117194327546	0.24721270770663728	-0.0010928618795675027	-0.18195182875945354	3.0574478252153843
QUCDIC	0.5700435776668202	0.6685792819386616	-0.4016186143055884	-0.00862123831980978	4.139514168938598
QUFQEQ	0.3630395407966214	-0.30222886912689656	0.23106390460655785	-0.14960210397671536	1.7389965955132245
QUFVOC	0.5660577103167919	-0.39251726830226685	-0.24246851000487202	0.1945678196192931	2.0688222941823264
QUGNAI	1.2135818206977724	0.16449815217938563	-0.558262471531787	-0.33284245773184734	3.60277209522184
QUGQUF	0.7813595782052536	0.4827424496715156	-0.14546103531728116	0.2771413042544767	4.005057679585999
QUHKAG	0.43719625511312366	-0.2883913040943254	-0.13004318641393314	-0.2181770015293597	1.8447449234096078
QUHKIO	0.2708762247682275	-0.46804884541983005	0.22150719469677543	-0.02042813635174355	1.4268141609629927
QUHTUJ	0.34407994554128774	0.3009578638469953	0.21342528790370235	-0.2654962706231177	2.9066022795617643
QUHXUP	0.3479696362650597	0.5134093565814418	0.3653097177217719	0.11002122472916913	3.339787575976242
QUJQOC	0.6630193945444596	0.050076589727462734	-0.22864766237293557	0.1998334906394818	2.8463942143386194
QUMGIR	0.7698920620883349	0.5210491482691207	0.18500543707869788	-0.2227533148709825	4.02414780721561
QUMWOM	0.5720086808726821	0.5502341666854521	0.02138937171684782	0.1648483825254291	3.757047835935248
QUNCOU	0.5552479829888952	-0.04794016150708094	0.16871759134175893	0.29561084481234506	2.4818455705608473
QUNFAJ	0.49725796055455707	0.10725101880833682	-0.08511788526890691	0.13098288133286073	2.5427355211420957
QUNFEM	0.17768925003985103	0.3230050073778792	0.12507839001932478	0.07186991563782956	2.7241097589705117
QUNFIQ	0.16210545017813605	0.324855541438042	-0.12717666492983748	-0.14983124999857722	2.571994377965931
QUNSIC	0.47524158451184384	0.5249581346198683	-0.144258257926573	0.22733794332273843	3.5778964540601237
QUNTIE	0.48263777688982046	-0.5609063648947612	0.06393489709577715	0.0745170520542849	1.5811834889696792
QUQJUJ	0.5891192162670666	0.0742249162872775	-0.023691595681332382	0.2373261149806683	2.696114561726451
QUQYAC	0.3943953562264637	-0.5222619574311871	-0.03104229036309595	0.07534708217661082	1.6172541101197107
QURGUI	0.7646554722401353	-0.37726892150068136	-0.06316447274550616	-0.08644771672269012	1.9785222182347029
QUSXIM	0.696510237048197	0.36592548455699886	-0.1905263418837798	-0.016649050033910012	3.4545324905674404
QUSXUY	0.7038308711122543	0.3761204735728485	-0.19739650702668352	-0.03689656719182988	3.476926324651953
QUTJUM	0.44725805685207654	0.3334075928576823	-0.28835850405727537	0.36508245475707557	3.8516412031493528
QUTKAT	0.45198001879031846	0.33218177214312133	-0.29050396360553593	0.35957250691960513	3.8400659610692696
QUWREI	0.479467014868856	-0.09473817980906753	-0.4005406767781777	0.0914284667359388	2.557134871502005
QUWROS	0.5011155230453692	-0.0968249457776991	-0.36189465123383796	0.10624965415525504	2.5610528878938776
QUXNAZ	0.5648390563975143	-0.39811564435649544	-0.21978604686201758	0.02822997847375345	1.9365731143736693
QUXXIS	0.5173471255345836	0.5997348290537136	0.1592921995042887	0.009761256663594946	3.7113759943006173
QUXZIT	0.5203282021046025	-0.2203944847277244	-0.26470448525328094	0.1248874679320366	2.0939460770018266
QUZVUE	0.39457111230630737	0.5586556908658796	0.30513398429728017	-0.10930458629631344	3.4700035692928903
QUZWEP	0.4534982145996871	0.19320882718966928	0.00806690188986553	-0.0029750392049878935	2.7110446073006456
QUZYAM	0.39766941916781207	-0.06735178829444988	0.1753650599387196	0.004045914672644032	2.12528901370957
RABHEL	0.5144763148103184	-0.08923384549095782	-0.2361921775260215	0.05990275696745988	2.213844642498717
RABJIR	0.6360750677078748	0.5368314358166382	-0.14367894648488655	0.17964437256268645	3.7273355433886044
RABJOX	0.9355840229084942	0.14000434369810166	-0.03082857126325992	-0.26575599608004197	3.0288111900033505
RABLAL	0.5870346187401418	-0.2445310768521572	-0.008496074101996862	-0.11013509889225138	2.039430936114177
RABLEP	0.4849349612209837	-0.10530227339352947	0.13949485784551494	0.090785517595955	2.1982285409525177
RABZAR	0.5121754223111541	0.4049983224026735	-0.14660451440808098	0.040219795737917174	3.2984210329436428
RACHOV	0.522299111918846	-0.43295320742235177	-0.04076566690058401	0.23099055554601478	1.7449948304602314
RACHUB	0.3431315174731844	-0.40306951867618107	0.11212922566448588	0.21985069145499708	1.6179184778077356
RACJIR	0.6705260541134868	-0.21849530269015416	-0.07708391444889146	-0.06277742994512676	2.075044944394099
RACNER	0.5824925399377081	0.08223600312727342	-0.2766408531245781	-0.08562508222963147	2.740620839703804
RACNIV	0.5923361864502903	0.09833531381933296	-0.285441212245508	-0.09098596430867592	2.797883657462244
RACNOB	0.6046983613909429	0.040897239675187935	-0.2687894625140031	-0.06348164951339402	2.6773772872219976
RACNUH	0.5681004520429713	0.2900911114376198	-0.19220361149472237	-0.001614334304169282	3.1110640620138446
RADFIL	0.5338901075337272	0.47363097964108264	-0.10422908704130793	0.14720975240785894	3.5799723868107654
RADLEO	0.7563709334047424	-0.5145145606563692	-0.008560773812007164	0.013325361289576105	1.6983813645314898
RADLIS	0.6435287239817358	-0.4235287267843226	-0.08925021290781686	-0.16333131103104837	1.748504291096864
RADLOY	0.39330045789705803	-0.6957292645806811	0.09332149938996678	0.15047316519590032	1.2716678759139304
RADLUE	0.604547876956735	-0.4740597587772947	-0.22515436274377001	0.09241658201969365	1.8693398395105776
RADQOF	0.49977748843807035	0.291276230260834	0.054177395342858065	0.026846805213309347	2.9366011393246216
RADTAR	0.48859330233735854	-0.4081781690935705	0.05303733758927556	0.11809443387612899	1.8254291762074866
RADTEV	0.5511207089632739	-0.36204929481298204	-0.008850397637451157	0.17569806814181882	1.9519325604921736
RADTOF	0.5822162841265817	-0.60369505579015	-0.013378838784187774	0.14943463129497675	1.6251800762262831
RADWAU	0.58242005020099	-0.3975701265696427	0.022510947913158247	0.07957662136990504	1.8135280764762323
RAFGEK	0.39242276193115533	0.17026457127634226	-0.45394542450676495	-0.44097270998188987	2.745249291856771
RAFLOB	0.5071642673261234	0.18695395016222746	-0.13019773835388884	0.24601795890661127	3.0747221251652386
RAGLOE	0.5138437764804804	0.49141881696018574	-0.01517119456411789	0.007739453132227438	3.464526318852017
RAGZAD	0.6104336360614333	0.19703823319697367	-0.04393468410373066	0.09047520305396672	2.8725357743123356
RAJBOV	0.49071066998175716	0.6455465941561125	0.0692701912912683	0.20461024034669323	3.8723925400693497
RAJGUI	0.30952616846686354	0.07817423482445847	0.38820840114933963	0.030451423805624996	2.274693429833222
RAJHAP	0.4313146150098577	0.1837817865282623	0.1964469253819046	-0.0437120673355937	2.5199531377057887
RAJHET	0.2778047672285364	0.16800326720494335	0.24396105147564523	-0.026899056130374542	2.4433921002499606
RAJQIF	0.6341114317874572	0.5170680765386302	0.05276865959712235	-0.1263060131194046	3.676392153562067
RAKJOG	0.4375467170906573	0.3451932902612105	-0.031006852469769128	0.09867521976562431	2.942873036595323
RAKTIK	0.5444286595773633	-0.5073420890561862	0.013072908542396192	0.12503757225122375	1.6642677623909838
RAKTOQ	0.544289023456642	-0.5134572300351663	0.018051632774701537	0.11405674377524753	1.6455334059586302
RALHET	0.7294454794777616	-0.48900869454526474	-0.043460874476484876	-0.029275889543152307	1.7722488267873469
RALWAD	0.44475174236126147	0.2173108238015288	-0.34774798859388756	0.18290802783461096	3.0197926374918893
RAMDUG	0.4484311293716843	0.22249525020581554	-0.12138575457893291	-0.08601647647201885	2.7378918426527648
RAMFAO	0.4639017967304877	0.22854416927858556	-0.12131474289318216	-0.08716308121861442	2.774132107304633
RAMFUH	0.60028050990684	-0.027363383334171945	-0.11084515687454458	0.1581639506368927	2.4431144566620273
RAMNIF	0.38400030705982946	0.08659147439525679	0.29767717144004524	-0.4189573220783302	2.3506705111012085
RAMNOL	0.3862611203448161	0.12930213493052922	0.21828593128707585	-0.3044137739581254	2.437430376072537
RAMNUR	0.3624114784203307	0.15783824547240974	0.34829969537345473	-0.31813790313563584	2.4959453144398434
RAMVOR	0.6774467276683911	0.7546666943981364	-0.020351042803955458	0.19284309378114334	4.432171538329096
RANFIV	0.5049460109130539	0.016446670154965315	-0.017600063456555397	-0.015766381579997504	2.3913917063732164
RANLUO	0.4451415317511307	0.16401331781159528	0.05622105830509544	-0.0020443004957644458	2.6805385900105643
RANPEB	0.5371893837893227	-0.16584762075886073	-0.2692984844787451	-0.25752634372152594	2.0750660446229046
RANVIN	0.44783453603259904	0.6866873145258426	0.55821486489938	0.6105645447505679	4.441782963238131
RAPHEX	0.6623035906478938	0.013051581573244257	0.10672064261715847	-0.29983189142898553	2.59930562051792
RAPHIB	0.6543072894951534	0.34398661885773874	0.17080974566344595	-0.29643907665939234	3.2425650859838075
RAPHUN	0.5914582943177802	0.4898143271187606	0.21423807661001798	0.009322391011089285	3.628840153414555
RAPJAT	0.6921098258770844	0.5079130311333041	-0.39990055575958366	0.0048004051483743065	4.372558668777303
RAPJOK	0.47459363952079325	-0.29553378960073	-0.21604423284048302	0.24347195274634026	1.8735102570017577
RAPMAX	0.4502990425407907	-0.3665611106974535	0.07944688267349734	0.06757713173795925	1.756982762178022
RAPWUE	0.37201470604016684	-0.2476215826717748	0.11756000938814115	0.024632736552509128	1.8618116920538514
RAPXAL	0.4407935139078374	-0.34244534976442215	0.027238236757621423	0.1044609378344776	1.8148889126689085
RAPZAL	0.6658474351291153	0.3513657719446129	-0.1221172680562692	-0.07942885895765678	3.2817451430033975
RARQOR	0.5284916955714598	0.13598682548147797	-0.2471732578590856	-0.14077948344032287	2.5199350457579146
RATBOE	0.6167835816088116	0.31190333272068693	-0.19473058173198027	0.14070399690069407	3.1367060002307827
RATCEV	0.48999758812316774	0.05649945381559007	0.1073167901648738	-0.09220899057263027	2.382117791989442
RATDAT	0.44652688827190357	0.2042690148981921	-0.14699057522228345	0.20527558586102085	2.7907699143079516
RATDEX	0.5350034862719397	0.13163703417824515	-0.12790791072750396	0.044744729642961924	2.5992153576967656
RATFAV	0.4407983148425991	0.15708083145403298	0.27848514579362327	-0.017540445985325344	2.521766004785461
RATHIF	0.5692661520982565	0.3366745134656506	-0.07744681312809573	0.16071059072332766	3.1269311505196526
RATHUR	0.4716371886741646	0.18253263907616435	0.21098066485489525	-0.14059877114503205	2.606714108657984
RATNUY	0.4115285510073665	-0.19066806659184538	0.12914054856396706	-0.25120166690371126	1.9241992378207244
RATPEK	0.36477770758685324	-0.03476794797402891	-0.03275450642970035	-0.325176630682739	2.132663358331767
RATXOB	0.7696877400795543	0.4081206914337371	-0.06271284802210056	0.05956063993640192	3.6450983522047617
RAVHEB	0.4058946685872602	0.10045101120376276	0.13866941904620594	-0.13375706195983844	2.3816263927987023
RAVQOV	0.44806808313348423	0.32922460789884195	-0.21288231949018735	0.06440157338402555	3.066666364959519
RAVSEN	0.7114447362977918	-0.4903995849894353	-0.03670943663888434	-0.024545013049357495	1.765650965732906
RAWPIQ	0.5795973580458513	0.5563407048820553	-0.06466582067185744	0.20170740008662968	3.829802371684586
RAWPUB	0.5674016849396208	-0.10419071576410406	-0.2763235799985115	-0.27807097957404775	2.3855605333103713
RAXZEV	0.4557061593112657	-0.5057271299008331	-0.010257109320215382	0.13470260197527223	1.6384948911423707
RAXZUM	0.6166604797057147	-0.2501543586014122	-0.16220197092818428	0.20960796713665875	2.0437505540155647
RAYSAO	0.26010935611672137	0.0631688298034648	0.3114500227455476	-0.07867972079523551	2.1590363788963685
RAYSES	0.2886538598895161	-0.4723292069308202	0.16021881882061492	-0.016065220782607366	1.4734872911638148
RAYSIW	0.40075103800247547	-0.2811217787589069	0.081376995658174	-0.09445443465458835	1.8752092295667873
RAYSOC	0.38400135028298177	-0.04447552571015599	0.16860157421670838	-0.09552618340518444	2.094121189788199
RAYSUI	0.35436101006003895	-0.24802948770094285	0.13756154365920903	-0.08423091751342089	1.712351996729562
RAYWIZ	0.8752969694634585	0.6359677540252211	-0.10245602679460514	0.3220307260435964	4.658856820000448
RAYYUN	0.6334109929639764	0.5095778687843372	-0.12411783604047154	0.30824375497947326	3.971425772327496
RAZKAE	0.46076612232663017	0.08276673038421221	-0.04792150402329513	0.21641900742176823	2.561389352549754
RAZNUC	0.4547093970979317	0.09493216886337764	-0.15430312542785823	0.20366660531559566	2.554258933177314
RAZVAQ	0.5615837079823285	0.29695017125816864	0.1200785166942962	-0.015375733585504772	3.075311377290107
REBJIR	0.9256889904258596	-0.5674705330032064	-0.6852363062654077	-0.05929499796784728	2.4395657452714867
RECHIT	0.46857880648132344	0.14992602993702622	-0.2401237363341118	-0.302339542954948	2.8216086262700433
RECKET	0.5703865529862329	-0.11442613986911551	0.1336538350690912	-0.003608949361557881	2.19402003964338
RECKUH	0.4888593018274019	0.1795150037307298	0.0442347474119021	-0.21649065577621324	2.665343776182619
RECLAO	0.6135269177811997	-0.06196075088148978	-0.00987766670063242	-0.18241618602735238	2.441455806849198
RECLES	0.5601580816470486	0.2885827572392508	-0.028531607635150426	-0.1343789671451227	3.0460610484046153
RECYEG	0.645430545624941	-0.26536872953043444	-0.10550490248897536	0.02753082359695832	2.193087828974745
REDLAQ	0.5250907372416336	0.21441006058001222	0.0966071496571424	0.1939946941572363	2.8842510869505373
REDMAP	0.4491071530118491	0.03593422433106332	0.190479395128673	-0.10512067662284459	2.339886633225498
REFDUF	0.38599579620664937	0.3438420761633222	0.2826133820982715	-0.07982032370158565	2.9783251671100532
REFFAN	0.35384135876994716	0.18692142474738133	0.2891378153495935	-0.06163666619982852	2.5969813883830226
REFFER	0.3807944569226862	0.37704013123893054	0.2774238913876124	-0.10810291712664293	2.991155748290586
REFFIV	0.38303029268561684	0.3399768913859885	0.2744528207128964	-0.07732959563515619	2.963645258359269
REFMOG	0.26897728971636825	0.5149490230781166	0.5965353168181982	0.4274327367674288	3.4816714151095844
REFPOH	0.5574775630350102	-0.6286587878941211	-0.04464588742669217	0.05721851132244659	1.5682037563117293
REFYEJ	0.8799080504767094	0.023128187743566578	-0.5246828173927116	-0.22339033102872502	3.031353269778948
REGWAD	0.40320941250296816	-0.21270351418382485	0.05712063774833043	-0.02320534190423798	1.9656066323990353
REHCIQ	0.482754109744735	-0.3553551107395979	-0.12127179644890908	0.014759321953934956	1.7737487851880176
REHFIW	0.538036659556739	-0.3158940907322927	0.01281025974207678	0.01775787205274257	1.8308388806687226
REHKUL	0.2841380117057577	0.7757112496043277	0.16487932166109837	0.1181815122499052	3.81015184383136
REKFIX	0.586250974293133	-0.22152635087439645	-0.02816657819322431	-0.0608931662384523	2.091835545576177
REKZOY	0.6236092017053672	-0.41510867057461337	-0.08055697350438112	0.12653856405977576	1.8597533370921364
REKZOZ	0.4357757235447588	-0.35521051279959126	0.008752403578829004	0.1416146148776178	1.7929118617156625
RELMIH	0.4011756925898968	-0.10491820389565791	0.13830709949877293	-0.004999776830756229	2.1233497098815257
RELWAI	0.5092687985869659	-0.012208336336345322	0.13000929288301435	0.12767571045694454	2.3452479469331817
REMDOG	0.498003826732762	-0.5662940798075965	0.03916662843292339	0.0650032413426323	1.6051483115137122
REMGOI	0.2698110337262727	-0.8369901968111358	0.3533068564920925	0.2817126699812122	1.2396558988965114
REMZAL	0.3732489465642006	0.33693916781808464	0.14224182628211796	-0.02780386375767939	2.9120937396720747
REMZEP	0.5600214223052458	0.07342502316398095	-0.06386117440601448	0.05737939547081501	2.645351253766723
REMZIT	0.42953487067715646	0.21100653129303704	-0.1233405726265423	0.03862740181407038	2.7528845376397815
RENJAW	0.5859605564317718	-0.22164521213969732	-0.030550098362467096	-0.06018469435538179	2.0917374112149494
RENJIE	0.5796524170926594	-0.09868230674983097	-0.43693429019555796	0.06414408080167497	2.409296655873047
RENKAW	0.5859762787021809	0.17748358960558616	-0.05559193955590187	0.05586086609098913	2.783303296547725
REQNUY	0.4788471500936673	-0.07393687274317451	0.08702962734117389	0.333501255379659	2.3004021220103246
REQPEK	0.46416902541746996	0.08862346972949395	0.033764434726725814	0.3959377820726855	2.7185371295703433
REQSAH	0.5527965674698248	0.05131318779148067	0.03276840159424779	0.07945493821302599	2.6251199004667845
RERBEX	0.5998095281083673	0.3369063016172662	-0.11868456447858036	-0.11998485080259803	3.0661307850695025
RERBIB	0.6728045313997661	0.40731112085209364	-0.09422514287724926	-0.30062723409577435	3.431224382705972
RERREO	0.2636188053266193	-0.8175360604096568	0.3317736558855718	0.292525874629965	1.253909032059115
RERYIY	0.5529301883639457	-0.011338836383857293	-0.04499416277725454	0.20861128053387684	2.5352162021832654
RESBOJ	0.4519365228301515	-0.06001823067552776	0.1639305704823146	0.07236964673299154	2.21010392985003
RESCAW	0.45809516553733776	-0.05931237809204614	0.1251584652191104	-0.028319310048692904	2.1974108584387073
RESKOR	0.6099197627530959	0.3056832960548999	0.38507024091654596	0.12153257293189274	3.2590635624163005
RETNUC	0.6163052180942152	0.3365494207404623	-0.26867834153485726	0.02866435660633801	3.2120770897908115
RETPEO	0.4370283377319151	0.45173705651453194	-0.05536949669694144	0.14453808291656556	3.387403476420227
RETXOH	0.563116154363315	0.7085778042484295	-0.1688546701194114	0.20608652576250513	4.606296256171813
REVMEL	0.5015764090657555	-0.43940665517475397	-0.123874377310326	0.0891545979626551	1.8014674316223929
REVSEQ	0.4666385363917085	0.16772558285193112	0.27223367396840076	-0.01515167063920899	2.574122900630623
REWZOL	0.5181445056144831	0.25502957171111534	-0.3474894635563539	0.1262257473487684	3.16978614808603
REXFIJ	0.5022899033855035	-0.02010892107270324	0.3622660961647783	-0.03703484435673067	2.418523881343373
REYFEG	0.48033617004006324	0.16591065181402848	0.2766524665613477	-0.009833838612547864	2.589941713773998
REYROE	0.5299604606050794	-0.4158389293532104	0.03879953963660655	0.09607941001314897	1.7783222066782471
REZRAQ	0.5186624456996016	0.8911098759927144	-0.2855424948708809	0.08537155644284963	4.624223542809658
RIBQIC	0.6545078418082433	-0.00528950644267439	-0.48175609548393966	0.048681576968294706	2.7518908342142554
RIBQOI	0.5590102464938642	0.586764951799851	-0.39719180226889966	0.09920638158013682	4.074018725717298
RIBXOR	0.6818206774883384	-0.19142647993169581	-0.07994632674259235	-0.14819085787037056	2.220811952417818
RICDOY	0.5215266427437673	-0.2283306676769516	0.14307880208770793	-0.24911957201549095	1.9663304393099432
RIFXIN	0.4504399525298872	0.1366398719151894	0.13981028430784864	0.072319079368477	2.7079020340289217
RIGHOF	0.5580524838161445	-0.6695649519615973	-0.17838163302783688	-0.15632861389780733	1.4626039373800113
RIGVAH	0.38735956431040286	-0.03224879442462255	0.17585685140100277	-0.045456047197889204	2.2109007707018513
RIGVEL	0.35205362327856893	-0.24006034510965724	0.23074422361382846	-0.06331632115808379	1.7753914885002502
RIGVOV	0.30952522592207865	-0.27313366535396905	0.12076894421559836	-0.04960755996223931	1.6703587840611782
RIGWUC	0.5050417991184251	-0.5383391867791061	-0.09258747244158635	0.09967711547041541	1.6752452800654605
RIHQII	0.49950972308294617	-0.5662114985124188	-0.04984688439169559	0.18399380260100712	1.6630587949738915
RIHVOT	0.5998073690659718	-0.5695647520492745	-0.09560402004431397	0.039229025099759174	1.6566441410443304
RIHWAG	0.5636511889350722	-0.4804027695857739	-0.13886531207816147	0.12161168715549636	1.7677900106332525
RIHWEK	0.5942062379550501	-0.3166820154105565	-0.243694402661403	0.011845162049137638	2.0475436702839973
RIHXEL	0.6004923586512607	-0.5085980228423277	-0.12234776006784369	0.04010586402170129	1.7508666413540395
RIHXOV	0.5647809007623943	-0.5593437497306937	-0.07402104371220639	0.06988170184375558	1.6485360179597983
RIMJUS	0.7262444808878561	-0.4706051574097716	-0.5680559672060513	0.21640318714813217	2.117660129423441
RIMKAZ	0.46282361600534383	0.06150554822698641	-0.24550585585454468	0.10916360013865938	2.5270017582080317
RINHUU	0.25184739552765745	-0.05848049270082907	0.17310972704966432	-0.10671348225907067	1.9854672410590826
RINJAC	0.20827369655910744	-0.2957880695068567	0.28548156874178243	-0.15156762037602584	1.638878119519685
RINJEG	0.43752716992746876	-0.01083909579319013	0.2479385153657075	-0.07004457058147857	2.239164749514736
RINJOQ	0.1692902166795296	-0.342737055102397	0.26825769389514653	-0.13415258433881522	1.5318800042255734
RINQUA	0.964265749163256	-0.30510627669128687	-0.7175999472777698	0.014068527964553313	2.4740130626758
RIPCEZ	0.2604196624251389	0.1365956443818084	0.0902224337167706	0.03629859063646118	2.4491521768409488
RIQBAU	0.5677188440057446	-0.23998014240450083	0.052889649675533196	0.18138102961353608	2.1431697482315406
RIQFED	0.7382231204071452	0.017204592311353746	-0.49396327895832304	-0.07211807550792605	2.740013610874106
RIQGIJ	0.5687494919748781	0.09325871079315588	0.012900818068250608	-0.0038602313711020575	2.697818920187307
RIQJUW	0.5212798440366058	-0.5262444630225543	-0.0938971187679731	0.1202555521398795	1.700220581834818
RIQKAD	0.5218188775588706	-0.46560655138851537	-0.16330823455725124	0.05726985146612532	1.8168859316102504
RIQSAM	0.8445381047824929	0.7288710155961824	-0.2150285377383348	-0.01650644846491813	4.6793009739021985
RIRKIN	0.8955727717191486	0.024741042983115726	-0.6420096092847644	-0.1939286311082416	3.0769557251129487
RISCII	0.47731164078744026	0.38326594895152805	-0.3390945512618838	0.25605428590756546	3.845402383952198
RISMEM	0.6545147755856497	0.23279078446724327	-0.005562638815149484	0.14387639231971067	2.986974438801245
RISPUF	0.5285087384620839	0.22307382657997607	0.08625786379359379	-0.4034439134817337	2.8597972722190637
RISQIW	0.5410025708788613	-0.2668745714336783	0.06964850440846457	-0.16518182291152433	1.9285461802083228
RISQOC	0.35061072859544984	-0.21494860725765683	0.20431138626414275	-0.03233178863544561	1.810209940649159
RISRAN	0.548808567221589	-0.2725268462955941	0.23282444866383162	0.11432879794063053	2.000498508680309
RISZUO	0.2549163741043925	0.0559893274106317	0.3208616621416672	-0.26854572258224857	2.1164994722476456
RITHOS	0.543525884088397	0.17621771806972142	-0.4955774925459918	-0.04033413917221393	3.3522625393762535
RITJEK	0.5743926798051611	0.10367417607511134	-0.5125368138936053	-0.05924030839267706	3.273337345994909
RIVMUE	0.27615489268059745	0.19033297877000505	0.1970077831077604	-0.02144425124520781	2.577529435789062
RIVQUI	0.49910804231038064	0.696249439591918	0.007748432137757916	0.05913061584483598	4.07277220900453
RIVRAP	0.4425648699582698	0.04043820687408291	0.22038738861787843	0.023122638423067044	2.3532825813317166
RIWDOQ	0.48364438551149114	-0.39543819672460395	0.05301798284171161	0.16637898826604824	1.8569677094934733
RIWXEE	0.4223376713481084	0.07722645952251375	-0.4206502825341427	0.15945827835090498	3.1618423207198574
RIXDAD	0.3979361036273099	0.03912910506381007	0.0918238797516758	0.0622279478431844	2.3908190069027633
RIXGOU	0.26240485342600994	0.06150448634086102	0.3243949245714009	-0.2716675677055431	2.136541622300631
RIXLET	0.559743377667691	-0.0030639087011020763	-0.4118254602335831	-0.035488693961882076	2.65035530567267
RIXSUM	0.49319459566414814	0.7298694749094754	0.34500279073261625	0.1773477986989288	4.210028676442996
RIXTAU	0.2935804018216599	-0.5759630569528404	0.18098179171291362	-0.08313573161749203	1.3583597020332667
RIXTEY	0.2680068287498587	-0.5687396425994482	0.23516564354332375	-0.05130772204116217	1.3332914466204653
RIXTIC	0.22419847851487917	-0.5601262957858048	0.22942997507627255	-0.015678908926451934	1.3176127552111958
RIXTOL	0.44648709612611626	0.2574312969222304	-0.3718594203218822	-0.3725647823334192	3.079709073839501
RIXVAY	0.31204952055431967	-0.035571873824186986	0.24957950338787888	-0.16109141500548624	2.0268894477933554
RIXVEC	0.32847207400899947	-0.08361832738764803	0.22355037307037295	-0.3061994274336009	2.008016605238497
RIYJUG	0.4264404668860511	0.05904008239350485	0.22511036234591475	-0.04085243226549913	2.3230772959840955
RIYKAN	0.3072862008660766	0.11333680404999616	0.20259762862259967	-0.11934448073026042	2.315154521550659
RIYKOB	0.29717627489418463	-0.06591307697263793	0.1428856942261849	-0.09883079086648268	2.0950479486608433
RIYLIW	0.3768852636253417	-0.40931995883608163	0.2426181223421443	0.09716308729092148	1.6317217439683849
RIZHUG	0.40926493350188764	-0.577207543282624	0.15544453809192033	0.22406981469883075	1.4493447339729073
RIZJIW	0.4280131548503432	-0.5878068263709124	0.12552518915582178	0.28713154169263827	1.4708344913181324
ROCQUV	0.2765529689608468	-0.06740126660618709	-0.493011776623455	-0.4624045755359063	2.169116098019312
ROCTIQ	0.4206637697699547	0.133404085795517	0.014491417839094356	-0.2994066347811097	2.8126079854469483
ROCTOW	0.37353485904859696	0.11476189235288481	0.07333316985518934	-0.2946769468179102	2.627202407356772
RODFEV	0.3042290649235624	-0.008380187231535934	0.1174247539230977	-0.014242685552847113	2.1871064941037437
RODFIZ	0.31023597133751313	0.0216655071656923	0.12882047322086426	-0.024029678627777058	2.204703510874647
RODHAT	0.20860118443286968	-0.469297055966222	0.21398078701909412	0.08001009420739491	1.4224344148325019
RODHEY	0.9591032534495225	0.6214452292478583	-0.6049918942563765	-0.2178745562573438	4.612214354375028
RODRUY	0.5713095272241393	0.13652413174149822	-0.682636927774785	-0.6318648777333373	3.2044434809335627
RODTAG	0.6272301555372106	-0.00167177835704194	-0.09551889430619537	0.14922326227535027	2.6381290925155825
RODTEK	0.5800150120061582	0.6196403973851975	-0.0026267844637859195	0.01893030894556616	3.826678610716173
RODVEM	0.496286569217526	-0.15031566704708033	0.11299905445901429	-0.2709618010996117	2.095875290480043
RODWIS	0.4326033999174195	0.2864129508418827	-0.400696790512211	0.12686723241718376	3.3369748395275174
ROFXAO	0.47515858465467264	0.06864462251362613	-0.06569939806322472	-0.1376275656257398	2.4740151886375648
ROFXIW	0.4006706167671936	-0.005624901965357074	0.33384298660305883	0.12725266288923653	2.2481232979756958
ROGDIA	0.4864495361890748	0.3002932047775449	-0.021110221536391117	-0.18979315877449843	2.9224724001447733
ROHSEO	0.7729883228225711	0.4699083171660277	-0.297955316639919	0.0398872493892059	3.7127892801820552
ROJFAX	0.5814752439508846	-0.4691128207002001	-0.13688297631925495	0.1050075053163871	1.8014477903537023
ROJGAB	0.6332006478109298	0.09216213780425832	-0.10606027128483063	0.22962411872798216	2.789576029844072
ROJQOY	0.5669054978666699	-0.4157494211816392	-0.198217509932394	0.038367269760517436	1.9036508300312411
ROKGUT	0.320529674188585	-0.15452701322269055	0.054284868911024436	0.006322650642470482	1.977886318659275
ROKJOT	0.7593572612935713	-0.39005810502927235	-0.027212800977453475	0.0012014627815663745	2.055442665879645
ROKJUZ	0.7596878625572074	-0.3669993730051877	-0.032016647995320016	0.0018668566514110398	2.0974531336347138
ROKVIZ	0.27680291624194453	0.1085823495743245	0.08612961868450039	-0.47315996351777423	2.4306088562031505
ROKVOF	0.5647091290763102	0.15110999845469383	0.147295146541411	-0.08430429769273036	2.9123006607860056
ROKVUL	0.2601343966914418	0.03279664857637637	0.06890098714285553	-0.21578284809604376	2.3849681378435053
ROKWAS	0.3012714682071129	0.8526552976646665	0.26379235017595354	0.14480229225102215	4.130297484275818
ROKWEW	0.3026660422462242	0.8736499832723735	0.27814543149371884	0.1916643042214477	4.248657915300505
ROLBOM	0.20199668025809014	-0.515258032586567	0.21676351192331395	0.0547760937021871	1.4086306206614096
ROLCEB	0.7058349996260214	0.1561579759189553	-0.059829466994966024	0.16916440470085303	2.9568829839046864
ROLPOY	0.48334951085249056	0.4196030418316319	-0.21297065778730986	0.0007613437514701164	3.2458639387892774
ROLTIY	0.6636986042374318	-0.133073547067447	-0.3382743699331955	-0.12002026024021852	2.3212282677506426
ROLXIZ	0.36188328174752105	0.07373186833106816	0.25353535645003883	-0.343038477936032	2.335907928124209
ROLXUM	0.6102079739069648	-0.06387594227441207	-0.345204595724122	-0.025690376600362018	2.9581074285144133
ROLYIB	0.8622539759624921	0.11681391730998766	-0.5314773685105909	-0.08983602640277857	3.5472747417978763
ROLZIC	0.36525447852064463	0.08863938839262803	0.1712840081230005	0.19495628128802134	2.4597010133132406
ROMBUT	0.6924903813934744	-0.5776717596581389	0.02507323967419868	-0.1294702532373045	1.6187821695755986
ROMHEI	0.4660163347234869	-0.5041779885876589	0.07012249144669486	0.16255283768069229	1.6292470764076379
ROMTUJ	0.6067979501404697	-0.31209344426788516	0.04480589136792121	0.13668791449150403	2.057148821087804
ROPSOG	0.7112251113846035	-0.03477604164941119	-0.025019625334002545	-0.16721201530295204	2.550847612858724
ROQSEV	0.5324581735194389	0.2547039617319774	-0.009060593634657832	-0.1603121211997418	2.878535243521511
RORXUR	0.8569839275183986	-0.20896807363926018	-0.11582249560300151	-0.10279735086711876	2.2831419103430646
ROSFUA	0.35264832666877854	-0.14257683548619088	0.10262825251671784	-0.01451737235462424	1.8890429767464905
ROSJUH	0.6337777704935865	-0.31830820853915853	0.040962096741506304	0.043422586746737865	2.051055486308247
ROWWUY	0.4731750058997575	0.2856000551806139	0.057330916932582826	-0.3134567354481772	2.857784949572202
RUBNUZ	0.5171868860785187	0.24970815955263814	0.08337855510868897	0.043150768733237754	2.90101575242613
RUBPAH	0.24163685153760106	-0.3024344024020132	0.26739763874175554	-0.15431992200918004	1.6129384372345454
RUBQEL	0.7775548599131783	-0.19261615713738262	-0.04893926121084753	0.03939905888852	2.3948698585344035
RUDSIT	0.565635524085498	-0.2511154237458675	0.049626957417283346	0.17947740152630276	2.133968750777597
RUFBOM	0.4876543514836129	0.3197968241508071	-0.14844247082789275	0.3014118213149992	3.3513485974306225
RUFLIO	0.6519700964114783	0.217402245659	-0.08602587361969967	0.137382244827353	3.0981043810611473
RUGMUE	0.42576769084415833	-0.6805794940813952	0.12478950702710148	0.13419954143939944	1.427260454252578
RUHFUW	0.7013226121049021	0.33730820571245146	-0.1832245445752052	-0.12026919051203387	3.3824216493254733
RUHGUW	0.660328929711425	0.2624679134441369	-0.4677038975504329	0.04759942693825768	3.9521351594299077
RUHVUL	0.3446016801728309	-0.13629538836209382	0.2738825576332243	-0.11601096579114377	1.9499665701965077
RUHWUO	0.6322645702169716	-0.3298789733127208	-0.026117595484586177	0.08173250643240954	1.987716159464219
RUJPUH	0.5004496170155939	0.19467221048676125	-0.27356983859622735	-0.17108047696776973	2.8084805239108546
RUJTAU	0.5211723539829851	0.3839850483233815	0.050712230588353197	0.19602135460990222	3.19814011491948
RULTID	0.30697271545095006	-0.5982690294760886	0.25299992275568306	0.03296763312012404	1.302126822925024
RULTUP	0.44045487241778947	-0.45483463638069827	0.18322563929629637	-0.11891460764481555	1.4498627261639767
RUMVAZ	0.3967594430988681	-0.37708936305978413	0.06919518409327965	0.15903995790148084	1.695430600524018
RUMVED	0.43446243980400645	-0.3839272659294503	-0.06663032489921701	0.24020562542098678	1.7750737829117247
RUMYAA	0.30826879350347136	0.4424462782738978	0.0794483294683854	-0.0429003624180062	3.1495853453367095
RUMZEG	0.7310449144822746	-0.4686718004282004	-0.06674830885534312	-0.031910697550506566	1.8045259694461
RUMZIK	0.6403398972295911	0.4320183083976348	0.023721528292854233	-0.047687840864225256	3.458353689325401
RUMZOQ	0.6890965910709328	0.7071407304651853	-0.2552793296046649	-0.016369739154014268	4.36879940863863
RUNJEQ	0.6307802537287097	-0.340557540934501	-0.004701066227622147	0.014647721883702534	1.9688224436656774
RUNWIH	0.5694021712466437	0.31574009025296235	-0.16588094395306224	0.11832585984022742	3.2285557157163405
RUPHAL	0.30830305303307837	0.16045483203463015	-0.49655791206198246	-0.45807022403460795	2.5118245084320896
RUPJOE	0.5049146567118932	-0.1994947483034536	-0.03404000110992761	-0.03880022729686573	2.1566697402163952
RUPKAR	0.34419414168456264	0.04455085702923105	-0.06425133037755608	-0.36434254697047874	2.258942312919169
RUPSED	0.6612554908064849	0.4104616015443731	-0.1938973622414935	0.24865612917543878	3.669639440428805
RUPYAD	0.5126651754483138	0.8922813534924781	-0.22696331829981262	0.15775114458668815	4.6265194364998194
RUQLAS	0.5113231175230082	0.002377591518892573	-0.0066651606182252104	-0.20253059867928752	2.317074750869865
RURHOE	0.4558237646091836	-0.027597374220019406	-0.2201028649417057	0.029709589984337613	2.313352645579114
RURTAA	0.5828748945540942	-0.018288006643322894	-0.11409901519513749	0.06945508603949441	2.5065059546273667
RURXIL	0.6556165618168626	0.37044508874095794	-0.4249420055899948	0.025626964333994307	3.4405533890809408
RUTNUP	0.590826654090824	-0.49742379943690135	-0.08061616525754123	0.1706801174166525	1.7534257785650005
RUTPOL	0.390760533425218	-0.6622067887006253	0.05918055886745502	0.10447502981201133	1.43654456271045
RUTQIG	0.5213703982958888	-0.5922737187946446	0.007039014210824854	0.254336371987228	1.586722973100958
RUVHIZ	0.6299112600271357	0.5202260859452913	-0.02223062165147458	-0.18855740498548268	3.6402275228297776
RUVYOY	0.5759039069407903	-0.3799786061357772	0.06888348239847444	0.06531419249807457	1.8320551248398758
RUVZIT	0.5348981890139246	-0.19610185999835517	0.09778984095861187	0.06476757051315371	2.0895682330241514
RUWCAO	0.8063443136335069	0.48114010620571845	-0.5292962840081921	0.1636332854682584	4.415206357268382
RUWCIW	0.4277932075733668	0.35745577406425527	0.15946922841565664	0.07714157158083074	2.92689815825041
RUXYER	0.6659784376326838	-0.7389503984376623	0.010323520336154982	-0.0010875393275270283	1.426285816737942
RUYGAW	0.44355771043731895	-0.13082069906569843	0.043614337418558344	-0.008088503358511426	2.090857197082047
RUYGUP	0.4833061832301384	0.29520827374331005	0.003610995876142581	-0.21127327463353746	2.92103194522404
RUYMON	0.3602453982687006	0.0649229889654891	0.2892125973063991	0.048791852083026936	2.246524464215011
RUYMUT	0.6564711692398033	0.19485249404819188	0.3027218962917069	0.020261660952709634	2.928081985565244
RUYPOQ	0.7470851796638405	-0.27195463361305355	-0.1920229941521257	-0.1823887228774838	2.015709190080157
RUYPUW	0.6464674802351329	-0.21919358703422287	-0.1265822179919158	-0.12576736503004488	2.0615265276661745
RUYZAN	0.5529845161567559	-0.032417601426114995	-0.10033658590331929	0.018806698412107782	2.4006209928062465
RUZBIX	0.5909708538838796	0.12258464002401462	-0.19669734352288465	-0.017939750745387138	2.609376293936073
RUZFOK	0.7536073270480417	0.2824808644504206	-0.19241103790170663	0.07917654211207376	3.2880741118909045
RUZFUQ	0.6428172598924586	0.06927016112748298	-0.19960299472843784	0.16120979413551528	2.82097766485029
RUZMUU	0.5785323549007915	-0.35297438981723656	-0.03304543635388894	-0.045454308249883654	1.945146009613854
RUZYAM	0.36007845460137045	0.32701427674034506	0.3669779383422294	-0.06933742964309937	2.820620401790737
SABFIK	0.3613748026562069	0.3049204687878826	0.2453464035355955	-0.05439237813780966	2.79038887214642
SACGIP	0.24435710027160695	0.11453389209081291	0.33324648664128975	0.19966998619872933	2.3686478526809
SACHUC	0.45722971088238396	0.0004898651100378425	0.2740545726404096	-0.166190246663739	2.343716253032076
SACMEQ	0.47150585200315565	-0.3490441071623857	0.020132048544207942	0.12187537771427064	1.8171761653056753
SACPAP	0.5150021590714724	0.2870440143505844	-0.09476849953681997	0.12788789463851147	3.0481232501872944
SACPET	0.5097000020990627	-0.03309149135449702	-0.2098943959456622	0.1914596569100805	2.4682315617332162
SADKIU	0.3199618584371615	-0.35574307835242647	0.0014317460068841575	-0.23138684421211464	1.763157967403877
SADLAN	0.3477579965128452	-0.36227800484714884	0.10537071324744746	-0.17965168706638124	1.7696906946964164
SADLIV	0.32604933960991245	-0.349535195942061	-0.018825472399101796	-0.22056977175064818	1.7862673844004298
SADLOB	0.3266550135174744	-0.3237412638216655	0.1559954870370374	-0.10274166696662536	1.785971113172867
SADRIB	0.30486848099045627	-0.3300254031987788	0.060298007596266995	-0.14073669687244528	1.738428097960742
SADROH	0.29585719591500004	-0.3338984393976404	0.07390960710911754	-0.12651631054370527	1.7286239897456843
SADRUN	0.14530958058600874	-0.4572962090516357	0.32126382419496435	-0.056499987497277096	1.3774359888411627
SADWIF	0.6359219284242892	0.18746741146624743	-0.16802870981919749	-0.21923174385097122	2.79540195005219
SADXEC	0.5013129360408932	0.805235994965199	-0.23890413077567252	0.1017186596996148	4.31835624199793
SADYEE	0.12045587772033661	-0.4588042194154416	0.24853228169850655	-0.09099635403731696	1.349412724273065
SAENNI	0.785242966387333	-0.4456702618142769	-0.03929632315945958	0.005495736656785433	1.9728885312855007
SAENNJ	0.6538857533736007	0.4539262044694287	-0.33894533921540293	-0.03689524374849604	3.607104898610814
SAFDEM	0.4313797120883702	0.24663333281547606	0.11557518268172295	-0.2701325650742561	2.811787600642991
SAFDIO	0.386173775886685	0.6414353844312671	0.3294139749359326	-0.03577373009719053	3.684472956741999
SAFHOY	0.8564781087549242	-0.35098241042061434	-0.11023512168646685	-0.02376704540078954	2.2446396622038867
SAFLAO	0.5830878142025835	-0.3650713110922177	0.04830601094509887	0.07517432590990886	2.03263937161106
SAFMAP	0.46246928933226883	0.8014596794754584	0.14326122009313133	-0.039422426360940344	4.171374161846787
SAGBUY	0.4246458748872959	0.2503753316152427	0.3292463144997052	0.014508350726265086	2.719195122274665
SAGXON	0.8280114747160461	-0.23051689900663708	-0.11105343585698518	-0.16846812495439278	2.2709303587516363
SAGZIK	0.3448815692888547	-0.2259218670990339	0.16598254809487126	0.017888124427964763	1.792226253790726
SAHYAE	0.5148496706164085	-0.17253086102402507	0.022143266045312263	-0.01882115398568803	1.951780980016299
SAHYIM	0.5399710833246703	-0.20780484939221916	-0.023457045135594337	-0.13306292856536983	1.9697694984802636
SAHZOT	0.44822633807463674	-0.3280168512077833	0.1968160824377072	0.07305941532380474	1.7372656066805516
SAJYUY	0.5804591810582309	-0.29887050194705417	0.005087547013851959	-0.07876337698197827	2.013430133465625
SAJZAF	0.38252873016943845	-0.286869755824061	0.07217565977989365	-0.08430001807985033	1.7722778617166133
SAKSIJ	0.294947128024452	0.22738726962899547	0.19276457293630034	-0.01619417718012274	2.5458002575503973
SAKSOP	0.320172226646561	0.4218765797594734	0.16822004305601082	0.10720215814343563	3.057418513447445
SAKTAD	0.5469005708455503	-0.17165597762191542	-0.14836062455273852	0.11309825446949312	2.1851532964960505
SAKTUX	0.6053391367255285	0.05261182121076209	-0.18275387182773378	-0.27985486773304197	2.6751151911654443
SAKVUY	0.6620918247082113	0.08153914293086104	-0.28502418468834323	-0.24647510388257443	2.5390508469292365
SALANI	0.7419842687384479	0.33515331072809784	-0.02776446140933378	0.1427274518639977	3.5507959371080737
SALDNI	0.7805559138390112	0.00813908209307014	-0.22741007846068745	0.12131525562835573	2.886943755867504
SALKIA	0.7645355396878566	-0.908985459223664	-0.4627685133950838	0.0790379803337867	1.7718772182530085
SAMHUK	0.5762783667993174	0.37657183733645677	0.5818697715143843	-0.21072033270283486	3.385163961839705
SAMJAS	0.5800126011563016	0.370417677993998	0.5752413731893619	-0.20660555597756997	3.3689106431340834
SAMMOM	0.4315991326404722	-0.6313823063463555	-0.016910594194399074	0.07234719581368872	1.526002446708831
SANSIK	0.639127608312835	0.10095441072331723	-0.1513209037004798	-0.023240684918408465	2.7682059191585533
SAPCIW	0.48189990296406826	-0.34945223381535734	0.13632366093125664	0.006459194902805585	1.7572995483498755
SAPVOX	0.6305342893730792	-0.3119071619814944	-0.1278186407440973	0.014881645954131342	2.056002373562722
SAQBOF	0.4187777343827461	-0.31767577655290463	-0.15184209722229136	0.1741852266899282	1.767190060584996
SAQLAA	0.4003357850320475	-0.3361338032888324	0.03052600758793851	-0.20842784813183224	1.82927398928057
SAQLEE	0.38683224532243443	-0.3015793739627998	0.046202949593671605	-0.22078805308816973	1.8542134993723873
SASKUT	0.5866379647981654	0.4137222117914462	-0.26040649839659846	0.3144785511680442	4.041850916910801
SASVUG	0.47816163446766513	0.36711191371118235	-0.0847507262224402	0.1623740553396324	3.208582137402331
SASWIV	0.6169991678716453	-0.19182251410294637	-0.20362558835221586	-0.14136297311922585	2.146668885818765
SATEAN	0.5880447809392972	0.36777322510793187	-0.13044211558327046	0.2625112419274487	3.445461623339335
SATGOK	0.6811674769864462	-0.14232480193497538	-0.3130147775506781	0.012775484678791657	2.3606696904227866
SATJOQ	0.2921382463936184	-0.6812849485672814	0.001963390118908795	-0.07896514489574065	1.2637766087709312
SATJUW	0.3957685257276182	-0.6028253589507547	0.03384467040536669	0.08715320373792874	1.462472623162481
SATQUB	0.6146727762583213	0.01943001213573014	-0.149750025747448	-0.14439537941166664	2.524903750506494
SATRAI	0.7151002440904382	-0.15870975584769806	-0.13434592563596304	-0.19364449358702224	2.34030135540202
SATRIQ	0.6571145865108035	-0.0336897831047481	-0.053067579391082476	-0.11512246350012302	2.4341240711185304
SATROW	0.6057481786168166	-0.0901405736804088	-0.07320758418053068	-0.06368847515761454	2.2820474728850666
SATWET	0.25843534736694895	-0.6765182751523806	0.0802926463916705	-0.024191789107853065	1.2559587953975402
SATWIX	0.31470649316096955	-0.644219380225483	0.0306872924448007	0.06117003616669363	1.2944376875217793
SATWOD	0.32009884057067506	-0.6046416912427505	0.02110445119920276	-0.18184218654097933	1.3343857927372234
SATWUJ	0.4031484753380985	-0.5556771644220608	-0.09408534443976914	-0.12017428338654025	1.4614594168626889
SATXEU	0.31872519373428876	-0.6935632975048746	0.027247690203463487	-0.05280559517006875	1.2310745701330477
SAVGIJ	0.47995062025312585	-0.5526787665162689	-0.1998745217530979	0.10558627983781797	1.664805678966769
SAVGOP	0.5286859730737383	-0.5244207537232015	-0.2811431047886125	0.07769663009517414	1.753817578666983
SAVQUB	0.5652086303509396	0.6144320555138346	-0.001967334908338614	0.2971684306607074	3.9972468623550044
SAVVEU	0.29427851056755516	0.23494288706122224	0.3913860482651625	-0.06693253178497476	2.6895726571046623
SAWGAB	0.27819211702458	-0.3980861561271382	0.10375054373327086	-0.08398491970665893	1.541447920297014
SAWJEI	0.5350056716346439	0.28155773981661614	0.1429329427148808	0.005066250081095108	3.047136577594488
SAWJOS	0.4547986491896916	0.061674029281238954	0.07787676602869403	0.06857528628348428	2.549063879432642
SAXDAW	0.5831321803268139	-0.2828818986557529	-0.1955336470287271	0.017900527532734748	2.0602110789707297
SAXGUU	0.48156206355629116	-0.023149755293420716	0.2526815187102111	-0.2806232408898715	2.4189173559049433
SAXNOV	0.5841775898654253	-0.15150407592133916	-0.0546315277015766	-0.12771004499512878	2.206192735616204
SAXPEN	1.0319378957596124	-0.16848446188562097	-0.5272655113200728	-0.27825490981465256	3.4288836763003383
SAXPIR	0.18898272660438442	0.2041626390447846	-0.04985440638877134	-0.09106552550960889	2.5357982541563358
SAXSOZ	0.6255973719948669	-0.18849784419163124	0.015219740648069996	-0.1732522488693558	2.1562186315757383
SAYNOV	0.5092457132728123	0.33572672637717715	-0.25369790346597054	0.20909746478943053	3.4817145934299294
SAYXAU	0.5457364483559433	0.7732508277716648	0.17830227330264992	-0.026434346909363304	4.222863236567821
SAYYUM	0.7933626402969223	0.6651958698772017	-0.0652747084647124	0.20707394948050034	4.622736460733115
SAZFEF	0.591606830231254	0.2414717086577619	0.08545392124343101	-0.15855253019087528	2.882087378670418
SAZVEY	0.6907185843022043	0.6813694844253024	-0.026923674844206553	-0.05443040577892133	4.313643501987886
SEBBUA	0.3919918753448526	-0.15062733418290208	0.0603323220062249	-0.005305796185246514	2.0073461075173658
SEBLAN	0.34200905248325464	-0.07688230371235794	0.16411218443283745	-0.10021317556379104	2.026491523799902
SEBVII	0.30740599789034295	-0.8486772772899169	0.34572928563679967	0.28366585883840845	1.2471006913125755
SEBWON	0.3350178094567493	-5.244723397029513e-05	0.11145893977217922	0.1585193274661093	2.176321836598847
SEBXIJ	0.6132650516931655	0.42434930877892907	-0.12887765038382426	0.054092044840404474	3.4911485554884947
SECJAO	0.634980376866296	0.16606026000786459	-0.1733864133370549	-0.4088952942574759	2.814426740366974
SECJEQ	0.500288574386464	-0.656367139485986	-0.2125205620866133	-0.10936784610565302	1.4859139826091021
SECJIU	0.48256402427269496	-0.6993648715305235	-0.20727996438003835	-0.07747170329241856	1.403374442496611
SECTUS	0.4904499493735184	-0.595198653158101	0.09979439665487166	0.07599973558321654	1.5256771834563465
SECVAA	0.5324175920188976	-0.5511884648576382	0.0857533630612938	0.05948591287439186	1.5988312563140212
SECXEE	0.4859281398780704	-0.4791180109811273	0.10143976065156876	0.1064404112639389	1.7730742780857944
SEDNOF	0.3475486159704779	0.4136357240295508	-0.027748304245057802	-0.11280220281982038	3.0343591633971227
SEDNOI	0.448730168049849	-0.5144916500174115	-0.08578575116716411	-0.053973644322680495	1.5727207174867266
SEDWAB	0.5222404783124688	0.025173992902212228	-0.15874348039277775	0.2232005473734051	2.5376481840817995
SEDZAC	0.5573431862793621	0.2654273466308488	0.015182949819768338	-0.17709899494733955	2.917624246041471
SEFDEO	0.34279172306119765	-0.45740431975155604	0.14213986750562618	-0.07039047484234028	1.5212238838947032
SEFDIS	0.36051582016007533	-0.42802481612725657	0.14414298692340813	-0.06457353941453056	1.5897645067022292
SEFDOY	0.3501901457018852	-0.3868950313871062	0.17012372545340243	-0.12069990588395467	1.5806988041242445
SEHFER	0.6333175168534213	-0.2337989352720154	0.031460653449328524	0.010939131060456866	2.161893979619069
SEHHES	0.4464545922632439	-0.24422444465796195	0.03245758280784164	-0.0038404105904140777	1.9291269279332741
SEHHIW	0.599921982309894	-0.34732850575418195	0.03761887872340816	-0.029066151221503633	1.8530911596225494
SEHNUQ	0.7269920738311981	0.22904720082673052	-0.2812823569307942	-0.15023654094016753	3.0560541365226497
SEJKEY	0.730803233937813	-0.48177748266831844	-0.0515249153778608	0.10106364527361922	1.7940501034249647
SEJKIC	0.6274423140595724	-0.3606589057619578	-0.16909113463625514	0.014758373105833516	1.8732584633408074
SEJKID	0.602679291937128	-0.30771939725848063	-0.1407296687848308	-0.2971505310856247	1.8952030557411017
SEJKOI	0.4506656723374869	-0.22196480694406756	0.15477546122510036	-0.2409037266564092	1.9381724994459377
SEJKOJ	0.5445390349452959	-0.33879218609109885	-0.057802754942593196	-0.15139780868073505	1.805288050844503
SEJKUP	0.5859113436377825	-0.5861642712858953	-0.11446563372916338	-0.08045356897938982	1.590797399202685
SEJLAW	0.5924364576133874	-0.32846153219379093	-0.2075057275384499	-0.3412893050768258	1.8764339358279412
SEJLID	0.5388486438276159	-0.16161407647650836	0.08347339529271616	-0.29541382645803554	2.0632255878671972
SEJLOJ	0.49444260957285113	-0.14458676948352814	0.059363420707210485	-0.19846251578640595	2.019035246169983
SEJMAW	0.3595255918007014	0.41315852372120293	-0.09126273907013557	-0.07061267668792917	3.337163176348966
SEJNAX	0.5591788092737202	-0.04605897786680081	-0.13184131652979325	-0.13054229911666915	2.269209616644757
SEJNIE	0.6584154935129316	-0.2815567293216384	-0.5981068947393491	-0.21606233787043638	2.5577308213856162
SEJVEK	0.9134316252551908	-0.4010616663081807	-0.1881623158591276	-0.01589112739151586	2.062164885227767
SEJVIO	0.9316140265897772	-0.36924847469546157	-0.13889737106082534	-0.06311963951068268	2.0785321615194023
SEKQAA	0.5366204643040042	-0.6775751525817388	-0.21296811180335895	-0.1106026570126065	1.467959323901297
SEKQEE	0.4972952288132646	-0.6593111318545427	-0.19861637887302747	-0.08276189954748793	1.4496621089347985
SEKQEG	0.5581023499994631	0.5156116243498238	-0.33932207593895086	-0.04575300685118157	3.7277060156297903
SEKQII	0.5211411516919302	-0.6722228577691438	-0.20427195112715038	-0.09444178775510827	1.440815641401584
SEKQOO	0.5046063863643697	-0.6221048518783773	-0.22899716452966304	-0.10606923427017627	1.5309402319472887
SEKQUU	0.5118398792165184	-0.6759492807281697	-0.21108284570798533	-0.08767632681517482	1.4488527458416924
SEKRAB	0.5246444402712163	-0.6688227567160976	-0.2191378704262352	-0.09762648787574794	1.4648521559064114
SEKTIM	0.38037995351395626	0.4675681030408635	0.0891243760691775	0.07136541932535245	3.147178873895395
SELTOS	0.4732385460433335	-0.621560365432571	0.05664831638304424	0.22743173155631974	1.5265392143114587
SEMKEC	0.5246334172733169	0.31816494788997013	0.267708311939142	0.1142314059973232	3.0845755448512358
SEMNIK	0.4224268412432002	-0.2875257441731922	0.09469231088353186	0.019623788336160696	1.897402749027678
SEMXIV	0.4573981897066357	0.6523058239265734	0.1980913167740334	0.25475640081784545	3.8666074842207117
SEMYAK	0.5274674155305865	0.5994013728244535	0.08533607399827628	0.1507978203944954	3.8510329153820937
SENMAZ	0.517006456778903	0.523130902141773	0.1136268149379869	0.03161900245792059	3.528809531013491
SENNOS	0.46555659779881076	0.39306117891877757	-0.25455388957166936	-0.38390127095017657	3.3428639361608803
SEQCIB	0.6182861946799445	0.4033488325346533	-0.03976664800780765	-0.13742720044173118	3.247771213063371
SEQDOI	0.41643764923103	0.31242634552300524	0.10973623199488544	-0.20232364865598557	2.8673400503370994
SERMEH	0.6594750882722726	0.39087443809265454	0.036119353571534146	0.3254727730454363	3.5348412284158615
SESGAZ	0.3934129493633458	0.6406955975408629	0.29633879591023715	-0.026948781618309797	3.693170603604131
SESLIN	0.644167025894026	-0.2606945117197741	-0.13849184564909134	0.014232995795109149	2.1569258550239416
SESNAH	0.5036218841325928	-0.0775395784752731	0.00014482920937344823	0.30279585902716344	2.288764714458183
SESYUN	0.605544755559233	0.4418139502605099	-0.15702770353742618	0.2022041233215065	3.5708580153642093
SESZOH	0.39579810080628075	-0.5888482031327338	0.08430785111949898	0.163894217713224	1.5127697893727743
SESZOJ	0.48479867538896837	-0.33487979820876074	0.02133966319566423	0.12653590639855658	1.8463791821509519
SEVDEF	0.6985666570101516	-0.24248451086568845	-0.04059293410841324	0.035942008905421395	2.249980575343535
SEWSIX	0.46169373321060725	-0.6133088715074866	0.08099431797680343	0.20371730942598854	1.5460973789682257
SEWZOM	0.45482089495090516	0.02015784815625188	0.18338740102865425	0.025390113585484007	2.3665191328152657
SEYCEH	0.4813681120627562	0.044247096603325126	0.17610167870051863	0.022054960935206147	2.440375183755652
SEYHUA	0.5140225686962934	0.3146583414723162	0.2670026756257375	0.1233507733510891	3.157625253149913
SEYTIA	0.2953813755430592	0.31834962911855014	-0.15114672725667525	0.1364170966911466	2.790196685026962
SEYVAT	0.38242821483931166	0.024898561881268245	0.34667484965951595	-0.019660813654378446	2.2712079919078234
SEZHUC	0.6279654953203186	0.37314126267718906	0.07720664861068083	0.1274239602406595	3.3421211223616174
SEZKOZ	0.5414925585728385	-0.1379762385505083	-0.27668714580889564	0.08463062674372843	2.2187434592941804
SEZKUF	0.6306503517165192	-0.10810230555370189	-0.3565786972494938	0.05899982613508434	2.485695768962468
SEZXEA	0.6595376298052074	0.07234151290453104	-0.3095743348844722	-0.12620300193724698	2.5617567158503953
SIBBAG	0.6004390579461409	0.15602155818506044	-0.2240130324141034	0.1695377629535263	2.7486964607741076
SIBKUK	0.7203242336274709	0.43050660129477775	-0.2088505191035281	-0.004249329876499442	3.6840474797015768
SIBLAR	0.6641135334094432	0.3180358943229594	-0.2360877758954567	-0.003078318905255898	3.3390493783985624
SIBLOF	0.809314886269763	-0.09708680395567412	-0.10510438611893184	-0.23692947803415237	2.4985651798115933
SIBLUL	0.626207860407411	0.2871733363655512	-0.20120378072572714	-0.006658814304460199	3.183676891882271
SICDUF	0.38744379738589796	0.31551535303749706	-0.2925631775251055	0.22982477373816707	3.51350963668644
SICTUT	0.4516052698986881	0.40764808031767635	0.2584847826358978	-0.041077264862904236	3.0980952379464797
SICVAB	0.4525224038954079	0.4044572365821926	0.24735293477605108	-0.07487135665144079	3.0855560409652
SICWOR	0.375797845093615	0.12538825608184284	0.2535767994579403	-0.009550695668289276	2.368127663248402
SIDFER	0.47884899432077965	0.39301401943854464	-0.08578310840020632	0.1739843523114677	3.1811029960275796
SIDKUN	0.5861588281417704	0.7161413792040667	-0.06546207576325766	0.2192188974998726	4.288418272144213
SIFDIU	0.44851014822771607	0.5799011441039019	0.22116648865987165	0.0009255987532844588	3.5701421370504587
SIFPON	0.06463558286385451	-0.8657308718333948	0.3368632512829682	0.2559494356514512	0.9772140409103606
SIFQAA	0.12479850495931055	-0.6326925262706663	0.2846740552970664	0.059343195318920024	1.2312263426796166
SIFQEE	0.16376876248170102	-0.896296083693044	0.2535584218165341	0.3044291539009297	1.0256225882131527
SIFQII	0.17929035342782162	-0.9170823630747265	0.3505161441162585	0.23711069480908076	1.02318161776004
SIFRIK	0.5590884620197727	0.19922236500113913	-0.3607173424889337	-0.03127266493032413	2.70460398947908
SIFYIR	0.9302708509578261	0.24047416592130233	-0.4597680690443175	-0.2304541817461192	3.580376779787346
SIFYOX	0.8458929294955126	0.17515997007546968	-0.3384721579756803	-0.2934351661357534	3.237532864102671
SIFYUD	0.934325223908786	0.2369433915349714	-0.4066050879757201	-0.24006151634048112	3.5313223576063386
SIGCEU	0.5108837474735353	0.057214476845366194	0.06345372893301574	-0.11098326752907282	2.5386297393028148
SIGCUH	0.4713074057746871	0.02083568617936763	-0.321927650612411	-0.012131242418974689	2.843553539581726
SIGRAF	0.587915468803125	-0.4644536333090936	0.03929212796129382	0.02353443435746757	1.8551316164496676
SIGZOZ	0.21023676636028066	0.2421042646014011	0.01434229203748387	-0.2017235342604624	2.37279627974167
SIHBES	0.4675564565164807	0.16754333974961166	-0.4864786223569119	-0.36787008672425536	2.78134494092446
SIHBOC	0.31631661164702507	0.06222693681745178	-0.04041867044218683	-0.24301317298275593	2.4696948240083056
SIHGUN	0.28737197678559356	-0.014476476704572201	0.27421761514278387	0.010287753639701991	2.0929597961853124
SIHMEC	0.4097891812112193	0.29890208657121564	0.07285690184677418	0.3998919701242661	3.0500705906629384
SIHSOV	0.30403018747369837	-0.24902900689064097	-0.0336295936496648	-0.17328390154473988	1.7498194824547575
SIHSUB	0.41674539156351287	-0.16770839430690834	-0.06609590358686605	-0.16801998903140225	1.9909583871490308
SIJDAR	0.5175323116085977	0.14807231994079356	-0.04057216749535554	-0.09331828785371263	2.583439044231336
SIJGOI	0.557040926820223	0.09713651040967074	-0.2054412872577859	-0.08843683330862984	2.540702420206844
SIJREI	-0.706229097180969	-0.5775256714889606	0.20418057184426514	-0.005180938523347233	1.0738432486534943
SIJROU	0.5617605381969826	0.2583547333130102	-0.08473044421551862	-0.12939423900081026	3.0599374858670814
SIJWAL	0.29175737321850326	-0.14953300879414	0.0025970340372468287	-0.29948112856689196	1.8637993114235283
SIJZUH	0.47700629164858643	-0.6611292225709753	-0.03188420238456069	0.1781029432632646	1.525688350583004
SIKMUX	0.40369109340401543	-0.2047571308266253	-0.015020383504803933	0.08219580356417355	2.0177467553314354
SIKNAE	0.522572554684313	-0.2680760409106545	-0.2496773101846491	0.09541198523806936	2.297145589732547
SIKNEI	0.33625111320413037	-0.37370304025439754	-0.008247811374739594	-0.07373037928208588	1.6688712168707323
SILCEV	0.7023188613802178	-0.286722781875485	-0.08379860275167939	-0.0604361513700505	2.0704951555605744
SILCIZ	0.37889340601712274	-0.17794334155067276	0.13883146373455474	-0.0003231285093508486	1.8919007824371703
SILLIK	0.30836851144013	0.09761799136403376	0.248387460770925	0.10304016635198134	2.3151654706445672
SILPUC	0.5800184052509705	-0.32197956855241583	0.1007530950749545	-0.08647224208057709	1.8632987726375692
SILYIW	0.6679010421037619	0.1251121254417231	-0.10528950145172629	0.17130707649089633	2.9102842462920857
SILZAQ	0.37953022852796625	0.2382709079626012	0.22327118626991882	-0.08489091529158432	2.6859092106402254
SINCAW	0.3947345369959381	0.2928767499503714	0.08366026378905969	-0.1659903625598798	2.8128446986855034
SINFON	0.3597778293347078	0.07354003245005133	0.18155558126974086	-0.00889939759267399	2.3246891412576853
SINJAA	0.6308299514873124	0.274062575520056	0.2659487232668877	0.1279053591719499	3.0532963880377455
SIPFIG	0.546642814228699	-0.3759050250723833	0.0841342629993228	0.1216718679844078	1.898212750273002
SIPLOT	0.6532403476682109	0.347791329898263	-0.36463524962954547	-0.1313498849867083	3.596058301073392
SIPLUZ	0.5539189097523547	0.5355283808553268	-0.15174403258364966	-0.08561959276757294	3.663028511850802
SIQCEC	0.6922181459440271	0.15940418859987351	-0.12922916843460774	0.15654750755598323	3.2122714288427585
SIQDOL	0.6897443727119104	0.6001148997069637	-0.28472044881059544	-0.021542912637013308	3.967967468128988
SIQJAF	0.5718168049151604	0.06911429411434145	-0.17258238113062227	0.09590126399316354	2.6293971126938516
SIRCIF	0.5401423346265535	0.1642087460667522	-0.05514592995318965	0.18902575950668615	2.839713789748746
SISQUI	0.6627164812184372	0.04509282361772675	-0.08666425489600009	0.28593468922764403	2.803514286225737
SITFEG	0.5736054100111092	-0.25511682029291244	0.09425000601121039	-0.02717067548731634	1.8974146868139834
SITHUZ	0.44182762858749136	-0.13355937556904973	0.11265154306939024	0.10569252656341974	2.065676494354351
SITNAO	0.4807348456666727	-0.25592160039736567	0.08102820814171482	-0.3105627334479675	1.8143615645551798
SITWAU	0.6987845253415053	0.2355880987787184	-0.3835477641223864	-0.02263851958084663	3.2405850337707642
SIVBOQ	0.4044529470435734	0.32347173535728085	-0.2559465731907473	0.19192154931263627	3.2624139165480437
SIWLOD	0.7910466444240463	-0.48786652843695577	-0.026680320977692316	0.0318926581080169	1.9025624863879116
SIXZAA	0.443953060722893	0.3477011053906797	0.025387457774606492	-0.0013763404778638216	3.1202924596971826
SIYHEO	0.5337000543769994	-0.5931357749842926	-0.07890873776781251	0.05356626293271491	1.644092039199077
SIYNUL	0.47553186226397415	-0.3101112480895349	0.055516760485207234	0.031576259312643754	1.8660618927130932
SIYRAW	0.597097394609607	0.13270417883012167	-0.3040118604078975	-0.023166543906144588	2.9231279842538545
SIYTUP	0.6105331721514959	0.0982606510124767	-0.03130097918586832	0.07116560975390834	2.778981686364177
SIYVAX	0.6022353568782242	0.12240250893520424	-0.010095023187297616	0.0718289909062175	2.801226929571949
SIYVEB	0.5743526000487051	0.1411378701328284	-0.003975055654562659	0.21191975182176126	2.849490126256798
SIYVOL	0.3335680820939739	0.12708224836797286	-0.18727435975197404	0.16428338101717915	2.665897101862681
SIZNIZ	0.5729996572270224	-0.4592023693473774	0.018271430330475194	0.04133375413108324	1.8062665426998947
SIZTIE	0.22492794308005415	-0.5894259512938045	0.18333650930600465	0.06158962298691368	1.296811056371952
SOBKAX	0.5394334254243747	-0.35773004248752804	0.04207048311577723	0.03937003939788135	1.838362923274
SOBKEB	0.5420857439892961	-0.3480230515180131	0.0321703142437529	0.037370830655448405	1.8606030663303046
SOBRIL	0.49776945300645714	0.13650884176697836	0.13611424544157344	0.09024641001689108	2.6874130343732405
SOCDUJ	0.5511947103402717	-0.17374492935617727	0.16751535042804017	0.025961462687631873	2.063253579998408
SOCGAW	0.767185321996898	-0.22735024994694936	0.02552625299308811	-0.17888086390027297	2.1691194017071442
SOCHAW	0.5866294114513027	-0.4780426690909595	-0.0041709919889145325	0.07987820960147346	1.775542204266171
SOCLOM	0.6531475174552916	-0.3314260886292947	-0.01116720614327521	0.0060813639062133155	1.9863449663091526
SOFGOK	0.5350409736096386	-0.08627206770855567	0.06574445137148704	-0.28355201422719795	2.175951776351113
SOFYAO	0.6897674518380912	-0.26823856688464043	-0.059538277489309	-0.00853132094461996	2.2337753075996614
SOFZIX	0.41526100595387483	0.1158841927768392	0.16204428698396503	0.09689343343633951	2.5406220343681074
SOGFAY	0.3249331973406493	-0.14758965307309962	0.23821271205344263	-0.26764551503003164	1.8781702658579893
SOGFEC	0.3989898671280123	0.8865920212804141	0.009515973149662238	-0.03099626501822901	4.3400435945091775
SOGLEF	0.5166610424091198	0.3694959717199706	-0.12645234829402613	-0.11356527845185681	3.3411467575108023
SOGLIM	0.5214356610960191	0.10598205260906943	-0.19489350195286664	0.24441945169569224	2.7361443037642568
SOGTUE	0.4275351284400797	-0.15512675350565525	0.17632636533088025	0.04561519339702266	1.9811622321568918
SOGVAM	0.4410984537803744	-0.15216421849159	0.17007327586960297	0.04910994851208274	1.999178539972927
SOGVEQ	0.3972227615216486	-0.1600998859797404	0.1661674028357116	-0.020002378062585244	1.9455273182693427
SOGVIU	0.4372928360038957	-0.1677017380782273	0.19201688917075593	0.08347029748456693	1.9780281768613113
SOGVUG	0.4000773641490012	-0.19800471582749582	0.21318339346433446	0.08577387173262792	1.9031896987212917
SOGYOD	0.5213786983874771	0.25194218198117097	-0.29479559289683804	0.12365119332525064	3.0990271468405064
SOJTAN	0.4357052329036515	-0.2316709945645374	0.17510274387127828	-0.04741470831605199	1.8702052678594503
SOKHUW	0.5603391704903764	0.008639523639982508	0.12424804673479795	-0.08149414660342723	2.424746693881904
SOKJEI	0.6057082851033346	0.0835863222169473	0.1726508890411193	-0.08450856743865569	2.5843319461620067
SOKROB	0.23545961965571127	-0.2852361923793169	0.178226597818765	-0.13940146482882965	1.6429160343982958
SOKSES	0.37373927460095047	0.03248521485585383	-0.024957216874879964	-0.23604613559133875	2.29201913470812
SOKSIW	0.3634373278985006	0.06640740408268399	-0.053329533443659566	-0.16054619263233227	2.362730932232322
SOKSOC	0.3739936789804945	-0.05920806316148063	-0.012860802000267721	-0.20442916732476613	2.1220486901662046
SOKSUI	0.32398536732594785	-0.2966279535317711	0.07573168453519777	-0.045374104409750815	1.8166664739758351
SOLGOP	-0.7114288993950915	0.14315845353144144	-0.3336407798193268	-0.16566231992174368	1.604287718357685
SOLGUV	0.3007856100276558	-0.4882357695159423	0.1302880829646979	0.21191063072863603	1.5134273872765724
SOMDEG	0.2672571830753543	-0.16910307122263069	0.21921830852755936	-0.14716646801790156	1.8992261593203164
SOMWIC	0.20189827424469975	-0.29608572976561925	0.09118464457365763	-0.20357029066502164	1.5531301000354962
SOMWOI	0.4008223381852041	-0.005646968134373452	-0.1948489002360769	-0.2864478452196733	2.3050414053988013
SOMWUO	0.1608368806262157	-0.3698024315504952	0.1422615096281622	-0.14521542432956425	1.4310029112926548
SOMYEZ	0.833776966121083	-0.5062223493985174	-0.015581757400467813	0.10744326715321222	1.9257383854651007
SONFIK	0.5056283502619543	-0.41829100336332614	-0.09410826962787226	0.11479257461626563	1.8067162546745046
SONXUP	0.5117710154394652	-0.5516982617882267	0.03882357082418325	0.05689444186285375	1.6269394314959622
SONZAY	0.600125940232167	-0.5470850388749071	0.08017388889451166	0.06547905865448467	1.5820813984155855
SOPHIP	0.4287190688088405	0.23177877539392233	0.07442891724204814	-0.06344786464115756	2.732521342623178
SOPHOV	0.4193781299363213	0.25360652840887593	0.10461554362019063	-0.13299469308926454	2.71091166983386
SOPPAP	0.6222681526953115	0.05832519775072341	-0.3339000662303421	0.0037483785343599314	2.795265390360868
SORDUY	0.5339726930356479	0.5389415913483462	0.12524934815115774	0.125568394966897	3.592223654046764
SORHAJ	0.7193244072134259	-0.43315803291000304	-0.007342429591723154	0.01827434112189656	1.9634935126050053
SORHEN	0.7292518645371038	-0.4762680183239583	-0.04029508834571924	-0.011287777136335546	1.868377819445668
SORJER	0.2934414658900213	-0.06552356586454511	0.4134543425056212	0.0934683096926041	2.0360099450661306
SORJOB	0.40648786838561435	-0.11889321501165956	0.11780600261713559	-0.12902387758275757	2.001088104284456
SORVIH	1.0102071489442812	0.7164945648913635	-0.24211099647791695	-0.2693514866707908	4.811520178488106
SORVON	0.6694337395373946	0.6640588485596643	-0.15553476457514834	-0.0882007565068192	4.176268049956658
SOSVAX	0.4862581203216614	0.11079472026752651	-0.00915313276528365	-0.158806431080308	2.6362989867852216
SOSVEB	0.38732906104005593	-0.09980550825039086	0.10163223330296478	0.08773081203059407	2.0536935502575133
SOTMOD	0.5012245168848093	-0.27284775520379634	0.07362684007582526	-0.2014414575324579	1.8800822094830318
SOTNOF	0.43945605187738046	0.3231289580976293	0.47181749230212755	-0.04798093675696695	2.9026237428685744
SOTQUO	0.6177305385660112	-0.29258905007390806	-0.30309212046931866	0.1468504348343802	2.040903290040196
SOTZUY	0.5599984600564678	-0.4632564396459575	-0.17457299152577205	0.040725316154232444	1.7960370239770416
SOVBEL	0.7722635130866582	-0.05742564851485952	-0.33358319663740127	-0.179717356666723	2.6496383785743975
SOVBIP	1.20384693226515	0.214142211872379	-0.5248772340413868	-0.37671261120394944	3.688706849967476
SOWHUH	0.8656402220416792	-0.17778789606811926	-0.07625461222545121	-0.039109455405485535	2.483333081222625
SOWJAP	0.8668599402462087	-0.17063078200744752	-0.0746911666017242	-0.05810817226949827	2.47461974906214
SOWKEW	0.46615116947668334	-0.46716406311958947	0.0996612208624146	0.021876459498597428	1.5729618336566475
SOWMIA	0.47563488978167356	-0.3783648964420537	-0.20370928458782595	-0.03576591966491748	1.812376974228591
SOXFIU	0.31323325894698595	0.13433154042177897	0.2682692443580304	0.05058140867657377	2.4621705499270163
SOXWOT	0.6176713627150274	-0.27110602036619785	-0.19654800150965834	-8.736266114775168e-05	2.170011021992537
SOXWUZ	0.6199425726137857	-0.3227772621327552	-0.21845928466346534	-0.06925489162258396	2.090945831725348
SOYKEZ	0.5640761210181982	0.37120398889243694	0.09272968261318737	-0.23124975834165284	3.1993610797789134
SOZCAO	0.4930475558831482	-0.2674593818853904	0.09739343211822044	0.12047205531332593	1.9304832218732888
SOZCIW	0.46432852667897073	-0.380692985683704	0.08976807491403907	0.12349968021506108	1.7648744804898335
SOZCOC	0.47673469423601134	0.04983769831892111	-0.03136460127216321	0.3131113110540793	2.646711395284733
SOZCUI	0.5627135372826642	0.2789867633858028	-0.009127264931092047	0.2093534087625739	3.121541602572719
SUBJEG	0.5453038910410388	-0.416412624729447	-0.058808966361826975	-0.04827738571310741	1.7642145526798227
SUBPOU	0.39862800544589216	-0.27073360494763865	0.06872465559278271	0.13281733158145148	1.9636721631107203
SUCFEE	0.5630247061100269	-0.5621738429472669	0.04402115485204537	-0.22582988704346046	1.5460159491796979
SUDHOR	0.7361161669353544	-0.07593103962613558	-0.1448279017840458	-0.2270009523689422	2.5162649555916525
SUDWUM	0.7155534286635499	-0.22834587994826866	-0.11571320195357282	-0.09013728389598748	2.13603164259045
SUGLIR	0.5179493540445099	-0.23649702940893466	0.05626587564489133	-0.054644958457238185	2.11647975218396
SUGLOX	0.48449629877702893	-0.3675720298002918	0.3285271180998263	0.08388369866131497	1.8726176167994333
SUGROC	0.6348839836268381	-0.30237013129902174	-0.009866897391919427	0.0035564486917004576	1.9441768398827954
SUHBAB	0.604979513615632	0.03930116177401308	-0.18011799194465872	0.10660550371806864	2.780143561825247
SUKBAD	0.47358714035176686	-0.16910985392379313	0.04559268469415284	-0.050183454401476674	2.0210630720307066
SUKFIQ	0.49840712665451914	-0.34496036489516224	0.18301628788213664	-0.24116848891740694	1.7816144511339307
SUKGIR	0.4635186599853416	-0.2938702513895903	0.19222113038023453	-0.05846197888650975	1.9468943169856452
SUKJOZ	0.5493454449249198	-0.49764227146676066	0.032667696944073676	0.07034736506416771	1.7591625255882095
SUKPEV	0.5912700088580127	-0.3206125169257427	-0.049321539358655755	-0.12015848998255806	1.8358951190974229
SUKPIZ	0.48586028950273086	-0.31134577554561876	0.09530049106693447	0.1964865304750958	1.8552565877817357
SUKPOF	0.4392760441052763	-0.27973888212899856	0.14042739946244578	0.1868305546304702	1.846024890946036
SUKPUL	0.47837412956823133	-0.18375636180161115	0.0665734054522562	-0.10901259263465289	2.017421622476055
SUKWAY	0.32282341046711727	0.10135339981049457	0.27850425151152497	-0.15850920336130708	2.283606351986076
SUKWIG	0.375242564312261	-0.35591670784113094	0.04087826451703194	-0.005722153343336915	1.6678732203528925
SULBOR	0.7401244437134409	-0.45475472133217854	-0.06429828298629406	0.01266082606218266	1.9020218662996153
SULDOT	0.5183551406865483	0.8953153670782348	-0.25145095852695154	0.1431801607787347	4.668880848755387
SULWOM	0.2949541148953614	-0.4713799863446051	0.1134582480612728	-0.08142596173215179	1.4152782812533649
SULWUS	0.2885359526140654	-0.5507550411449224	0.2224374698132549	0.010192794223708017	1.3698261138079202
SUNFEN	0.3881336097928978	-0.3034698968403532	-0.2780063588984003	-0.18729118546885454	1.8372932516016571
SUNFUD	0.025925037939921403	-0.46306778401989657	0.36063872876064507	0.1107432300596524	1.2851092177036123
SUNGIS	0.2954647371742083	-0.4925826234566498	-0.4909853221784409	-0.365132873155914	1.6738793957459777
SUNGOY	0.4224874789828519	0.1440505938018282	-0.43376413162420085	-0.4331580108994972	2.784522804662989
SUPBOV	0.5672715108897126	0.21155646100696193	-0.10165104661338294	0.09409375772107158	2.96581985259306
SUPXIL	0.41532496852296497	-0.40055213392270944	0.06650410808056026	0.06762440020265906	1.6722229404819937
SUQWUX	0.5585248230294928	-0.3238444567027005	0.021971450853684404	0.07737080194026395	1.859051401495288
SUQXAE	0.5195932133699683	-0.10939978847715451	0.26632667179491265	-0.057429359151890055	2.1226199216221624
SUQXEI	0.4872765334598661	-0.508048361848329	0.10211501060877123	0.1277419688877423	1.6009282653627006
SUQXIM	0.519624803842401	-0.37405808447222677	0.06010328253108713	0.07648422667215123	1.7570975491280334
SUQXOS	0.5702299343346429	-0.32801236260679617	0.028207387649917592	0.04693582953908974	1.8605436896265743
SURBIS	0.5516234359507663	0.2115365376675256	-0.17807485930071987	0.2407189097648038	2.951388575527605
SURBOY	0.5709292096985985	0.5275436653389611	0.026650731484619647	0.2075558944207303	3.6754418872303027
SURZIP	0.24858879603106931	-0.20964666772270754	0.09911461172027533	-0.2659647753916973	1.8337890580408676
SUSTOP	0.4789941098926658	0.5000620891893081	0.12778621076098914	0.36244565690143443	3.6078920839628554
SUSTUV	0.7716786032224121	-0.07202993371142427	-0.6018692898612948	-0.14676154092455684	3.2857038462021295
SUSVAG	0.5969439319004959	-0.5402176841009848	0.07705457544904148	0.21084736432323992	1.6770265977104921
SUTGAS	0.316024349889676	0.11202176811102205	0.0014809570685500456	-0.3090313613907799	2.417728969630532
SUTGEW	0.2523582445603747	-0.22207758997593646	0.4051976642156482	-0.22838336065246967	1.7961641787721496
SUTNUQ	0.5769345313406644	0.9707320404473536	0.14291411800422513	0.08954951796454953	4.982399487378627
SUVCER	0.5767387509659487	0.20814988845160298	-0.011721172267829816	0.20991432995698572	2.9468710305369568
SUVPUX	0.565689020643136	0.16063520739707574	0.28044113367540774	0.034916035114240254	2.7838904431515776
SUVREI	0.6767870448864466	0.797907647546833	-0.05368482518824109	-0.12836331035299575	4.558536381619375
SUVWAK	0.5076077287704956	-0.5132389617161472	-0.10239039508703252	-0.09801197173941417	1.5974872252662944
SUVWEO	0.35357440668134466	-0.7704842762960136	-0.020711824962254696	0.002800466118395663	1.2323582805433198
SUVWIS	0.47865129013094876	0.020007468121001383	0.042597148582928346	-0.09484537173092726	2.4452657028051936
SUVWUE	0.5244544820949812	-0.3654677324545506	-0.12937785027043863	-0.22314464360225972	1.7197492689718097
SUVXEP	0.4859739036042008	-0.2541220249195487	0.11694649082595582	-0.2086470964554818	1.8408613034523083
SUVYEQ	0.7186405903224777	-0.11954865842392513	-0.13657152798022432	0.022202063055790353	2.522228794328714
SUVYIU	0.7250833962264229	-0.08497078396161489	-0.04458621383904555	-0.03393273836237764	2.5743179223223627
SUVYOA	0.7190311719328308	0.5437138525795545	-0.34000478352528996	0.09790939935769204	4.482396627397739
SUWJUR	0.3170233110930143	0.37889521889306954	0.24802728479494957	-0.052084343507726505	2.8855302926784026
SUWNOQ	0.5733453990117159	-0.48769447212618544	-0.2606595415767261	-0.2054793070066513	1.646650104392346
SUWNUW	0.4141679606257638	-0.49854503339877176	-0.04091374244347131	-0.17447099235961744	1.458070916357125
SUXSIO	0.6524011842510751	0.19285162548389778	0.2845376331907634	-0.008382292751162562	2.8976968102302285
SUXTEL	0.4042987897845354	-0.07570087434603368	0.127336673550578	-0.1375843834546252	2.162443853165385
SUXYAL	0.6529917323053214	0.08375805623857913	-0.2902020458683068	-0.21233289991772142	2.6954695532117565
SUXYEP	0.6379498632107419	0.05013731538067237	-0.28757009535647254	-0.20870534819785547	2.618419930153581
SUXZUI	0.4034302671428289	-0.06713446401567506	0.1435684132527334	-0.12118523271099	2.189943958639896
SUYBOE	0.5315219381185825	-0.24320998346318723	0.03836546339943053	0.046659543103209675	1.9916774276991673
SUYCUM	0.5577976246840457	0.2687016218467719	-0.23393950522723972	0.15506272341861804	3.1571804956623812
SUYHIF	0.5553294671258584	-0.14248996578080347	-0.3577531796324692	0.09948726143655402	2.6161663909620536
SUYHUR	0.5987990183020546	0.0676342427417408	-0.5148833782413542	-0.21223919492131477	3.5056330504326896
SUYMEF	0.6677249997898258	0.3719026972319309	-0.26489311298637963	0.10621469519362864	3.4335293700122858
TACGUA	0.3317126573346614	-0.1996644578913404	0.14107325981201016	0.05629967816646629	1.8511663451564992
TACTON	0.4403676949287547	0.2036151001995764	0.12622429209961647	0.11088317994232823	2.7775156401313503
TADFIR	0.7039745138234217	0.45417289216803064	-0.21612658482283686	0.21516830958832872	3.889302171008351
TADKAN	0.3733593266725652	0.2695801212996392	0.47346356293788217	-0.06913112604471366	2.6855840317307056
TADKIV	0.3313610063938732	0.24460849298427667	0.48081434140068346	-0.08844391381316954	2.554402943122173
TAGMEV	0.42290117708711517	-0.19564277761405663	0.03591167443346768	0.007771202949015774	2.034491369042051
TAGQAW	0.5243524137027915	0.24435354758189443	0.1689397061834524	0.2733680984992843	2.955134915247861
TAGSIF	0.6186984345595041	-0.2494088245630638	-0.0014400412852556277	-0.005430474249771403	2.1512163534554523
TAHJUI	0.6578185464694286	-0.2541375265432037	-0.09515867573812262	0.04464862648930641	2.243799729557672
TAHLUN	0.7159961292050907	0.36806361322874415	-0.2101967611387904	0.17378135192351235	3.6275441392026337
TAHMAQ	0.23130079120477332	0.09561619558519303	0.0009114131247857232	-0.13888579544155782	2.277059286551525
TAKDOA	0.4398901608375354	0.33609510028088885	-0.33037642754200713	0.1401183810102699	3.291736419564433
TAKDUH	0.49828005677341203	0.27288392869245076	0.35072608857707865	-0.07167383178509346	2.915281943359271
TALJOG	0.4831515543435474	-0.4980756679363701	0.09761206402120273	0.09224845193215453	1.742038306935567
TALWEL	0.45841427372890653	0.36871454452820457	-0.0849859087136682	0.05815254010116778	3.10651779914869
TALZOZ	0.6659883327889684	0.8648368295757433	-0.34603835878348166	-0.010523196113762415	4.815097535169034
TAMBAO	0.32789614609778317	0.3917307914808782	-0.2538331299401394	0.15597024534072446	3.2995745552066236
TAMCIU	0.5582298565531456	0.4626113740030581	-0.06503775874936285	0.26407427006014694	3.6329520795237835
TAMFAP	0.6109634631240928	-0.5188364944830096	0.11243163240998813	0.18207820310786893	1.7319277442814807
TAMHAU	0.5309627120990994	0.38402733630975666	0.2149295625371107	0.09726849731872346	3.228024764922682
TAMLOI	0.6191357506653912	-0.2441736852123835	-0.09535673911791355	0.1761235195490406	2.096363934384751
TANBUG	0.3288920462763949	-0.37932672128233386	0.03474547962621634	-0.17981816904926728	1.5793215078273204
TANCAN	0.3393627853885337	-0.3924341162010059	0.010224920491574974	-0.1579005422942204	1.6374118655642078
TANCER	0.34937564224862516	-0.34773303847401654	0.043083602863160764	-0.1999011173660336	1.618219422089047
TANFEW	0.4974565455209845	0.0795918817067047	-0.16233211335751718	0.04736935941681522	2.9560525074058512
TANVEJ	0.5745104970800323	0.7119028057600164	0.35987961827494797	-0.05826744805674522	4.276246187255889
TANXOW	0.36751658526398767	0.5511353759533768	-0.0628400570094399	0.10126491056876162	3.391467287608749
TAPJOK	0.8394870335242786	-0.24565652607642616	-0.049489943766873254	-0.009367062240438713	2.327476659473475
TAPKEB	0.6744249657980124	-0.23067922626323709	0.002998017541116768	-0.06559526307881505	2.0624010930288965
TAPKIF	0.4206679934604107	1.056441023413445	0.12673484021873133	-0.07413579943208558	4.7884622382283455
TAPKUR	0.6256166171282134	0.32981840024148956	-0.16046701770594368	0.20790232894303778	3.2472987792881103
TAPLAY	0.7178874099307144	-0.15686610052678857	-0.08420417349616954	-0.1337146272982141	2.3471221367956687
TAPLIG	0.7036359293813836	-0.052262258695075975	-0.12190722464723662	-0.22112752040004374	2.3765857604638057
TAPXOA	0.7200811432718268	-0.450862001988698	-0.30412388356460507	0.2995063001402857	2.054349950122161
TAPYAN	0.6907268492551397	-0.16188466676286722	-0.2266570555266856	0.288874834581009	2.471451517452654
TAQMEE	0.5486556393986568	-0.10342606656817323	-0.13018371069561308	-0.1098193847271134	2.329095302897457
TAQSUA	0.596535290356007	0.6434377853631575	0.13812943417711934	0.03317510571053876	4.014116537599504
TAQTUB	0.7803899322466803	-0.10920229616551115	-0.10117213736283101	0.013892052758108096	2.5761939590142107
TAQVEN	0.6440146686225292	-0.34889859024029696	0.005598439651152601	0.08507997496288942	2.0029577359023345
TARSEL	0.6332416744330702	0.3689802247372976	-0.15032098461275156	0.17923410064941564	3.480702245926402
TARVAJ	0.9164103775792087	-0.08369493100306276	-0.24938674204289857	-0.19022758533308265	2.646584954875928
TARWEQ	0.6803080023865178	0.1969446368412233	0.004365426562438185	-0.1138341895328306	2.9868148131239014
TARWIU	0.597133025541706	0.129382346489094	-0.14954805804178473	0.03700193922424688	2.7810655662493664
TARWOA	0.4770159910696572	0.2490135877090635	0.3841656341197674	0.09414764629893324	2.8801240056143302
TARXES	0.40714224936165166	0.07059310609873458	0.030304625684085762	0.26592706689898316	2.4542759496544178
TASYOC	0.4387150324315856	0.05305404231125152	-0.3301800176093152	0.054587122691223136	2.7326308282759575
TATDEY	0.4600578593080531	0.18360717425701886	0.0042536361294145675	0.047466444930260476	2.644211940941673
TATHED	0.507438418230695	0.31560943405459163	0.1956678558294499	0.04522841840309662	3.0681452785216172
TATYET	0.42611468628996363	-0.11575372288691005	0.003983149279348813	-0.0988901294107684	2.018242792316061
TATZIX	0.4557108794219422	0.9405309079332895	-0.03818115609637927	0.09772849869206686	4.612487442642186
TAVZEZ	0.4257343001130103	-0.14407929643150358	0.17845953852739438	0.06611345625790392	2.0117148680042436
TAXCAZ	0.44680023567493965	-0.435115219319845	0.08041699213776707	0.09817841931485569	1.7086158991585494
TAXPIV	0.25326972662944947	-0.6170136739378159	0.23125265862561334	-0.06712617337272907	1.2642353265857766
TAYDEF	0.6940001103113831	0.38446974716078336	0.05502354247860286	-0.26324819632964175	3.636873910560301
TAYDOP	0.8528822164955132	-0.0791900990416386	-0.1257417269166525	-0.06708327172231147	2.569738461082202
TAYDUV	0.574638329765313	-0.07979468448356959	-0.14449696572258944	0.1947210061347449	2.4175069931470894
TAYYEY	0.34569734004823127	-0.6617080481438217	0.12673835640887923	0.25855037338813686	1.3702338412127801
TAYYOI	0.34575039446994804	-0.6618828246511235	0.12837214553189766	0.2582549651869326	1.3684921823474243
TAZKAK	0.6552679565428701	-0.3618195329287816	-0.07262250651675725	-0.00485697193379904	2.083861839274653
TAZKEK	0.4486378576321526	-0.13141748073563242	0.17321891759132396	0.09007120611192168	2.089638991592775
TAZPIX	0.6184537427218695	-0.39681672722414063	0.04683158824411146	0.062395314273298745	1.959547785602349
TAZREU	0.6245805387126895	-0.4364857677770337	0.02694520505732706	-0.009836775687670316	1.7890575575915229
TAZSUM	0.6283883076726857	-0.3958272702374656	0.0428844303934912	0.06067545640605142	1.9710714735817194
TEBGIS	-0.9199430890266473	0.09290837363334895	-0.09235484243616073	-0.054264442363226265	1.3616321257583257
TEBYOO	0.49751729193242245	0.05473136187323485	0.06158386340142066	0.1685165284551805	2.4742973877080816
TECCAI	0.32104534137863805	-0.11730645133320393	0.04910517371177783	-0.05085719680237891	1.9927818421347239
TECGER	0.50546034559083	-0.6611322610502945	0.06488373458418181	0.16052241099813586	1.5417774540964526
TECGIV	0.799463121132205	-0.19854975331624894	-0.7062819657962217	-0.30581238976475356	2.828805562677469
TECZOS	0.4168782500384358	0.23922167133704453	-0.03253626911212911	0.21140369817703675	2.8165714677184788
TEDHUH	0.3491525156787705	-0.6169044291847857	0.08430079663816134	0.17365818400108396	1.447045501112556
TEDTED	0.5258903290239338	0.2763483093904605	-0.13623000008475838	0.0486244805364398	2.998815514232475
TEDTIG	0.31443149927076997	-0.4792718577941523	0.16253834538994005	-0.09817313754213727	1.4444196025876397
TEDTOM	0.6984859578950724	-0.31351113349618	-0.16865992157726106	-0.17720182627112674	2.0643208360658933
TEDYIK	0.48063844244816956	-0.22108052466898906	0.028116178276681073	0.029086549334667332	1.9513492684392126
TEFFEQ	0.5799007938850114	0.36636198655049856	-0.29828915489886276	0.127817692036778	3.4364125591019503
TEFFIU	0.5797293676963635	0.36459796994338006	-0.2967884365931709	0.1269558195905802	3.433908690647633
TEFWUA	0.4371936249013588	-0.16252062724389377	-0.43576720759134174	0.010356316704435754	2.230193123936129
TEGKOF	0.6559260302544656	-0.2734422020864267	-0.04854906254613169	-0.059636388476653326	2.1045923104790454
TEHRIH	0.4620638845698357	-0.10820290259955283	0.15361040244511576	0.07488917068186429	2.1300264762434433
TEJGIZ	0.8037491563687365	-0.45914964918996554	-0.045569534078440804	0.010489308736740238	1.9572964291658224
TEJPUU	0.5383530413937718	-0.3198662868416971	0.005035342423300032	0.13813228516166082	2.0114016303656648
TEJQOR	0.5220224050319091	0.20445351475069512	-0.48528451174672105	0.027984691011796407	3.5944602085683144
TEJVIP	0.5740126249518935	0.0998105397389032	-0.3873649149938705	0.24697369158182958	3.0219030513734784
TEKYUD	0.5143918713812052	-0.3220814628853327	-0.04290553233383472	0.11998947887303936	1.8333473376367684
TEKZAK	0.6177141040704646	-0.28769504028980825	0.03505910351536701	-0.02970551778604142	2.0015633692135055
TELBER	0.33744780529671425	-0.14796303294317614	0.04100629250002971	0.008286445104229736	2.0193550519406536
TELRIP	0.507184227410054	0.309660125036194	-0.29737785489391344	-0.167170812953447	3.276648051859195
TEMKOL	0.5162066295190622	-0.4309771148160522	-0.1768723493766256	0.04461064723947826	1.8393413168262827
TENCUM	0.10306281268917195	0.16885237930370162	0.1958171626432344	-0.0034991312379117692	2.1826431735682728
TENGAU	0.5363890443841957	-0.2262025933468175	-0.17390642884254623	0.18736004589735272	2.0317985765781446
TENTEO	0.5364511754528412	-0.5202673690257322	0.05288313372285838	0.23908355533155157	1.6386008461356025
TENVIV	0.8261270291659937	0.5210420974447518	-0.3399732040289915	-0.3170107527556759	3.8730813948406135
TEPCOG	0.3724654599849275	0.3699311706366139	0.32853827405858627	0.03351961571985004	3.0537812936226656
TEPGEC	0.37851447820320505	-0.06068788258139519	0.29109704420657784	0.13519343402831785	2.1023708326564767
TEPGIG	0.5015747488396993	-0.22200648278253327	0.2076504336427395	-0.0509091308529382	1.9313794246151752
TEPGOM	0.3577944750986273	-0.3153508188521367	0.2354552488663582	0.04118586182620243	1.6763021063393662
TEQLIK	0.5579414094777935	0.2982133882237018	0.29838615518913725	-0.11202405066440464	3.027433969854252
TEQLUW	0.5914340718307907	-0.09456786097209169	0.07494277553853732	-0.15515427173548935	2.192927126090858
TEQMAD	0.3615909736952805	0.2055484055151967	0.3004754828748723	-0.06880486461066214	2.56595105622765
TESFII	0.4383298838736147	-0.06951898987228616	0.022919207671943054	0.13256044447103965	2.151230612219453
TESFIJ	0.5422221892136445	-0.07256965262828183	-0.2176211006240647	-0.03840932267122574	2.4888709977440957
TESHUU	0.6160064469461126	-0.23131069303737953	-0.08431878316075042	0.06120226316653282	2.2082343802638835
TESKIM	0.4112901060977503	-0.6317113868276659	-0.02584246468264042	0.14115819737566743	1.4528807118152514
TESKOS	0.3138259270465711	-0.6880269837754248	0.02929615781538228	0.12732191212721491	1.362349209225411
TESLUA	0.6432044101936469	0.1909482785525852	-0.0366619823695928	0.2764508446993083	2.9808139935504925
TETFON	0.5017093775365797	0.7353790742962091	0.24584937184779126	-0.05425066851387676	4.083151179941227
TETWAR	0.5047545362547696	-0.4604735874108502	-0.05256355800859261	0.13578351266210692	1.7246549877699884
TETXID	0.4178460196512539	0.07098278074881441	0.18437873242496589	-0.12235464123107924	2.323917837632169
TETZAW	0.676208442150041	0.011126909102250213	-0.28443475789935624	0.02846274251267008	2.648325379550179
TETZEA	0.6635528284247787	-0.0031776305516637363	-0.26946473269154436	-0.013453729500902012	2.5634360398034954
TEVPIW	0.6256359536177643	-0.438865019015944	-0.17403706170947517	0.006209562521955172	1.888001635411502
TEWMUD	0.5454841226951928	-0.028124196272725874	-0.19894232775932036	0.2808998009474702	2.5441796435783792
TEWREU	0.48886074405742974	-0.102155246995078	0.0205714963082876	-0.06556209262873225	2.177580661193584
TEWRIY	0.487426815735005	-0.09495926118807346	-0.031067171150407177	-0.11165390026851453	2.1868679694413298
TEWSOE	0.39454834081209356	0.26349336986465993	0.16269072769183993	-0.12075468305977495	2.749910537698698
TEWYID	0.5628832803173056	0.09176918233124333	0.048864846397391776	-0.12335671429749796	2.608782008865191
TEXRIX	0.45872950851141603	0.3679934806950925	0.4637633294543415	-0.1262143678299778	3.070625453694302
TEYGUA	0.9050337064619596	-0.39604179251671634	-0.10236812939984966	0.02768122139555229	2.141924196389385
TEZRIB	0.37448617859692224	-0.22912227564707283	0.08927472401346392	0.05677670972965389	1.8942316834322641
TEZRIC	0.5457676505285258	-0.44637949078506256	-0.1636183493644476	0.04891141984359565	1.8271259137374807
TFACNI	0.5241317565427108	0.005229099139261027	-0.01695231328938735	-0.1647910522142757	2.34820656609492
THMPNI	0.6706036036866792	0.5471427954203564	0.2724796746771857	0.08394602448974792	3.863285125185273
TIBBIP	0.2149018847848101	0.0653103247215564	0.37113553920301895	-0.12548143139945783	2.144627835490108
TIBBUB	0.3209172250947101	0.24099898247155982	-0.03131614481048795	-0.0867501782614869	2.772794984995885
TIBKIB	0.8089531114857405	0.04926270255659555	-0.5250012808562314	-0.3367921759110726	3.0136202946173003
TIBKOH	0.6413163770891792	-0.3605222044388316	-0.050771607157630086	-0.2514224432339024	1.8899185480474285
TIBZUA	0.6377652778662544	0.6117291263573236	-0.07956283572615852	0.1081631421863184	3.9162274207519934
TICBIQ	0.5501783948757026	-0.1305179484474665	-0.2793805756381882	0.17831850998029308	2.4290249025303288
TICJAR	0.531903414100892	0.3112188531738489	-0.10775596119175543	0.09071635787075015	3.0765496844573654
TICKOI	0.29252800601091034	0.06596840669827535	0.5033739205757999	-0.1277488954041327	2.2871263315998105
TICKUO	0.35545264013426614	0.33984644400318403	0.3907737162830609	-0.024796004091024712	2.829284767849397
TIDQOO	0.7461160090282029	0.2999473770460463	-0.22804171339622156	0.020153835248726392	3.224609815957584
TIDSAB	0.5432617787245135	-0.5848728224178119	0.19763131986546068	0.07556358595637451	1.5024970939939715
TIDVOS	0.4159483395562624	-0.33788631337549374	0.06013757103349071	0.1501321661775632	1.7738142703824082
TIDXEL	0.4928468162436488	-0.6474807699614397	0.11322110730457172	0.1571485465668775	1.5063466080532382
TIFKEC	0.5475792348876451	0.154709971711062	-0.055996572860757265	0.18466500664258645	2.8264310243125568
TIFLEC	0.32462810189360436	0.11801423834155364	0.26254635244169233	-0.369259506154527	2.334088439978557
TIFRUX	0.6169316253730921	-0.2727375849375141	0.0062565680655061184	-0.026953958415055095	2.0056985173596273
TIFSIL	0.5023282841248724	0.16717963824164053	-0.04196317248617813	0.3337597654357847	2.907999657391088
TIFTUX	0.4475922793363418	-0.15187719640416536	0.1301876239294263	0.07762031151578834	1.9837058491853075
TIFXUC	0.2447907887161911	0.26934583992452615	0.3912288891914896	-0.09744339734200141	2.5892117623035844
TIGHEX	0.720406075018273	-0.3163055184176785	-0.08498148364991313	0.0030270985869832387	2.2172182026214906
TIGHEZ	0.4626854253942021	0.16954703494978943	-0.2680138635850827	0.1586403469532292	2.9254457169360006
TIGKOJ	0.5237960817281992	-0.049249284698999925	-0.1767705101103435	0.33520493362165005	2.49896358402825
TIHXOB	0.6132718622539901	-0.3405836008843379	-0.250588558268908	0.006492604882579838	2.0603378433643487
TIJKOP	0.46539735508884483	0.39499516302990173	0.05767082911735602	-0.10158238965038051	3.018731184863631
TIJLAA	0.3749172124034992	-0.047582585088332074	-0.04865424697698933	0.05144040038420823	2.1052269080983965
TIJQUY	0.4958110371261286	-0.08012792457910906	-0.02970317510210882	0.404103176368032	2.460364988986617
TIKTAM	0.2458235778129696	0.07241983121278836	0.38196170378139904	-0.11947791310699273	2.1716400366141424
TILDEA	0.619255626663894	0.3868007823095407	0.23449054921624923	-0.0945325261121414	3.36316581938191
TILFAW	0.7331725598573717	0.5661796105097942	-0.19411657181838787	-0.06073075617837735	4.0308925603829096
TILSOX	0.45085360661442575	-0.33969667180883867	0.021895143398440287	0.10059926797481997	1.8300442676515178
TILVUJ	0.5129899050548863	0.10973193876281515	0.21907016884278924	0.11513809801388288	2.7160891305415786
TINDON	0.4931550046939357	-0.3028320845011217	0.01831466854243824	0.0009050273769846476	1.8260777995773256
TINTUG	0.539881009607436	-0.12957938008498943	0.08258327980514915	-0.09249481307060106	2.164206735270072
TIPBAW	0.5110716073909964	0.17545877218897035	0.21582793378295867	-0.22610286427319887	2.6470784598522714
TIPCUR	0.43385774586069914	-0.5456589575826406	0.12771869923246004	0.15393167570846777	1.5750506810807465
TIPDIG	0.5711863944941982	-0.3812587826254267	-0.213454003905972	0.027402882504055634	1.9673252785467188
TIPXUL	0.5762599552315288	0.28116317112003586	-0.21411606049240245	0.20454065073664668	3.323377878810241
TIQQUJ	0.32856991940959546	0.087026937510526	0.08843823450639982	-0.33691683024943775	2.331997170035595
TIQSAQ	0.25712244844478827	0.1174587054376425	0.22092144863480434	-0.250136347678524	2.237174269247297
TIQSEU	0.2448113421934872	0.1537220505425392	0.24308393188305938	-0.2139359581138135	2.260994879685902
TIQSUK	0.3569465254376878	-0.04498328720621665	-0.09678934124480236	-0.1774527114425365	2.1003958572534343
TIQVOI	0.6579304778226787	-0.45949662627079374	-0.02090618940228789	0.057513599666334084	1.8483801274882357
TIRKAG	0.48572414101621675	0.25365121731601675	-0.34917364162142167	-0.3837171632484443	3.1207530352130624
TIRKOU	0.6667347449993519	0.05127421637399386	-0.27500678192158445	-0.25100829779582146	2.49280331215211
TIRLAH	0.447699944139484	0.36769603788641114	0.4767224159803304	-0.11943606814396991	3.049165823560149
TIRXOI	0.5371058300487528	0.04343280939142702	0.06360318668390785	-0.14420560107897584	2.479290961416779
TISCIJ	0.7591225794137397	-0.04960948576288894	-0.01923485555011477	-0.15640615628199356	2.6151514001069103
TISCOP	0.7680044813298084	-0.30479276384767195	-0.0324073166756338	-0.07389590921627756	2.1179285722424575
TISTOI	0.32321512229234184	-0.475162224642286	0.18047187652672625	0.16359874769778143	1.4724093699554162
TITCEE	0.3040344798436232	-0.33873135130048954	0.11403421235886363	-0.14563875998774928	1.6011662503502075
TITPES	0.3427435268070451	0.3132436820359067	0.24612850048406065	-0.1689239813284361	2.8287202293609988
TITRAQ	0.7471706000472524	0.12326909669674774	-0.008613239186007135	-0.004479899346690956	3.0293797189238507
TIVNUJ	0.8252949952240245	0.5198554101030632	-0.33817113888906003	-0.3166146257140523	3.8685203018713112
TIVZIJ	0.6593762902789724	0.4326166988348812	-0.21513662208328976	0.008229462957343767	3.529416582620361
TIWLUI	0.6211898524405308	-0.17423370052334006	0.26092846179589335	-0.04527645301417299	2.181832508689486
TIWSIF	0.34072940939217755	0.8198521456468083	0.5182932240470316	0.2279566203523109	4.382703705788469
TIXPEX	0.5366456987643708	-0.7257820425242115	0.18977883049476563	0.2662699318522747	1.48938893520011
TIXQAT	0.6085091676843222	0.06465574836126162	0.025922483183946826	-0.0551898280482819	2.6541959392293157
TIXQEX	0.3984431748035995	-0.1475438378097787	0.0490880879438807	0.14845109283644964	2.123553920074499
TIXYEH	0.22449326906367917	-0.030003379022736955	-0.017695047185145252	-0.026031150100312025	2.0694702292941467
TIYMOG	0.4860554984093577	-0.5072004002510935	0.05260903731740049	-0.07425665337951891	1.642884770581869
TIYMUM	0.46101165603754435	-0.2828971558732163	0.0690803124155496	-0.18558059065142352	1.8741916109531909
TIYWEF	0.7397180839805886	0.46112407915145015	-0.2321969544205694	0.14528049551623562	3.9662462672539847
TIZXAF	0.6517708342847568	0.4869326390619989	0.07794484388964593	-0.08927585749592513	3.6122620282119025
TIZXIN	0.3876911106893779	0.4554331522960612	0.1000026731375798	-0.11008364778077033	3.2118372071689176
TMOZNI	0.6904725695723233	-0.6607767873961583	0.17278630712778714	0.4509950126869872	1.706628615110988
TOBBAP	0.4619135143288604	-0.20126637219879237	0.07066152444631973	-0.1141256039538485	2.1115454950286647
TOBBOD	0.32098716801928706	-0.3200376347202718	-0.029535029143148657	-0.302696155244262	1.8207773059885777
TOBBUJ	0.44395669588302944	-0.5278988641549699	0.2406124379318646	0.048252381447766945	1.4670887127129189
TOBDEU	0.37332507241438684	-0.18267479442440257	0.18213222990629074	0.08407549892195326	1.8880207184834217
TOBGEX	0.42669521307361435	-0.09862804671495219	-0.24753480713031556	0.046391551957962796	2.170008532721269
TOBKIF	0.40217410705128653	-0.15154254705166012	0.1550802344405112	0.050805560318035105	1.954068422074425
TOBPUV	0.7307029319950722	-0.03899644147092164	-0.36709149316910866	-0.0019668973831138137	2.6807905576283453
TOBQAC	0.7284911210462663	-0.2801206017119336	-0.28135708432255846	0.2511291600549499	2.3470262894812715
TOBTUB	0.569301342040295	-0.4265653808573136	0.12216008568196379	0.10138219612794135	1.816953872450341
TOBWEO	0.6757777447393511	0.4284918484488527	-0.06859926536514041	0.08902951440240885	3.55908855191352
TODRUZ	0.4672525804583607	0.680779232038146	0.24268008836019234	-0.03664021231859285	3.8806831786903206
TOFTUD	0.5866655816716975	-0.495757317848629	-0.18189988520776185	0.2838415769735521	1.7687834431545284
TOFVAL	0.3631719848619497	-0.5241915376690716	-0.15727804262367961	0.051466381937503476	1.4804710102981031
TOFVEP	0.23530208648582152	-0.6459396892544433	0.27067040055914743	0.11152507931932286	1.2078299153292105
TOGCIB	0.37903432618112287	0.0999390329561166	0.0960159316372475	0.20507275205401465	2.3872302302456863
TOGCOH	0.44202708385688627	0.15558777501904789	-0.09504744550025401	0.07600829139298379	2.6731797897343372
TOGXES	0.867469588571157	0.3597142367402981	-0.3075469458960204	-0.07170183501503007	3.7183619144503726
TOGXEU	0.2896855706610202	0.12405372480986485	0.053653194436674406	-0.23671010506450724	2.364659875194371
TOJJIL	0.45276737929280575	0.30048620528036923	-0.40598007395168234	-0.4659289905245684	2.944768998419554
TOKBAW	0.4627625649467637	0.5957940351487251	0.20651646138024515	0.006011652657368454	3.6766346543837574
TOKDUU	0.44120656483620646	-0.003932791110155435	0.26887596178643575	0.08004540215276057	2.3551694081211605
TOKVAT	0.6651416024741765	-0.16725205166469717	-0.04935981956942337	-0.1944767932714701	2.280473378388592
TOLBEB	0.19316458842568052	0.27461187313430135	0.07860539879330253	-0.2535152730875591	2.3787135936692043
TOLHEJ	0.40278841280653577	-0.10372862128762117	0.18528860074079978	-0.08461255755214472	2.0785754250200683
TOLHIN	0.38595221828868276	-0.11271861097790581	0.19519877493062915	-0.07442258967388617	2.054360190679562
TOLKEN	0.3193162222238972	0.18731513688657195	0.12102616672473551	0.2748351391774924	2.6415071684563305
TOLNEN	0.33373938209345644	0.3348031059850661	-0.12403706820500622	-0.17263874083148317	2.870582515856805
TOLSIW	0.526546009693786	0.5135768091669656	-0.21159750844592487	-0.06417755809385024	3.540545932773346
TOLZOK	0.3488613184102798	-0.06838942717481916	0.2598983440959326	0.002376176090683687	2.054571350221212
TOMSOE	0.5726683131762744	-1.1909357721411054	-0.2873034725419519	0.08418799100801078	1.5782259923590694
TOMYOM	0.4843615822683347	-0.5539006246197284	0.048090527106848274	0.06041891869061769	1.6082545103967638
TONHOW	0.6968024747949739	-0.4471145411415149	0.03600856215783586	0.12315625736143948	1.8541803373016208
TONKUC	0.347682698550678	-0.5956057898222218	0.11503595879496067	0.2981185923240854	1.4248594892212247
TONRUM	0.4199552495850467	0.6249799579140136	0.37633748379157417	0.013495111818419737	3.6732210832641763
TONSOG	0.5890727977022872	-0.24083146604565792	-0.031098512341273754	0.12646976999900117	2.1599105528125913
TOPMES	0.31964461588800264	0.06761603325119968	0.2790995684524693	-0.15539643688569071	2.2230886531294898
TOPNUJ	0.4164823705168894	-0.17294202274098958	0.17380301112357116	0.08005856843813106	1.9643837690803443
TOPQOG	0.470180152253568	0.498476274843102	0.05616285133364035	0.18391495625826226	3.4624174992415453
TOPSID	0.5434112830819897	0.6344582837588707	0.0818954464020934	-0.1949310479114023	3.751439591089868
TOQDUY	0.5504501152835184	0.5014381009408685	0.0527112890397812	-0.11048222672293655	3.489539094252727
TOQJOA	0.6954305079810332	0.5013957271190338	-0.2533580716244481	-0.128532310868404	3.622686456343269
TOQNIW	0.8087636322075475	-0.17104184587346427	-0.021571590433179466	-0.1079130911432369	2.390369111629553
TOSRIE	0.3545299944525313	0.7620614505177307	0.08233094397020602	0.3277218013489446	4.220503289252081
TOSVII	0.45543965823996135	1.169282046904614	-0.12969785831946987	0.16542891969731538	5.474750932593759
TOSVOO	0.5620561417860541	0.16645981840783483	-0.37570628466941874	-0.007600979808926017	2.980473299340211
TOVPAY	0.45649924116450347	0.22898983514068483	-0.19176876857155273	0.13254201033063806	3.045458320901797
TOWCEN	0.5958222812472904	0.14187942933806277	-0.2948955754434526	-0.0794837124196022	2.781568223005029
TOWCIR	0.6573428996762241	-0.043122603491394976	-0.3478784635224507	-0.21455958928903202	2.40366640100463
TOWFUG	0.49987209055204573	-0.3487434910589121	0.012227089321742643	-0.04126565165097491	1.7864285579512778
TOWQED	0.873833541026892	-0.18827917934891336	-0.07059962158635621	-0.16393141830600078	2.3477161598883614
TOXDUI	0.301297833276744	-0.20249308918829456	-0.04116736092539147	-0.280456588764575	1.7165579574331205
TOXFAQ	0.44073361104288544	-0.13489071784813295	-0.10947163231898534	-0.4193102898727192	1.9555720656964746
TOXFIY	0.5682952587084458	-0.09701237392627135	-0.22496605559028923	-0.30307406847254464	2.223162529424242
TOXRON	0.41722705544544336	-0.13201618376558874	0.18454221217526634	0.08876998220090186	2.054879532770471
TOXSAA	0.5261316207712845	-0.33931178858374134	0.10488498405687166	-0.03308912390954583	1.8362195574302869
TOXSOO	0.25108228001356014	0.1752631324340265	0.49950127170427894	-0.15872224621734904	2.3930228352762346
TOYQUV	0.5938838580190451	-0.45918189681881083	-0.06160464374819917	0.11426468812247595	1.76381928912913
TOYREG	0.47172516431529665	-0.37172826058490654	0.006956225488442158	0.06987899877694125	1.7294633220163713
TOYVOU	0.35086238574402584	-0.1623592658070145	0.05578029811862453	0.06460395555350942	1.9131129728987653
TOZZAM	0.44254757015196056	-0.19971678665430528	0.15923573459973364	0.09697958153468042	1.8905982465761833
TPNTCN	0.2588871386594307	0.07813347563441307	0.16779119438416729	0.018673174583272285	2.2760417067900787
TRIENI	0.6329549550911198	0.02435453825369812	-0.37444206012016884	0.04576042689769866	2.6250068269560907
TTANIP	0.6070383931578949	0.26563223327974944	-0.1754419092010875	0.17998259792608728	3.3209139924137223
TTRPNI	0.3476069139097837	0.19565140896823768	0.23861379171159997	-0.020251728132525175	2.5411070128328648
TUBJEH	0.7860715286633271	-0.44517045779488346	-0.040333952855490005	0.0055018712761849276	1.9741292760976121
TUBMIP	0.48070560242751537	-0.02173657939763351	-6.700988959186527e-05	0.008319639250882756	2.234761161805288
TUBTER	0.3114421946781625	-0.10832417313972131	0.18740293521286938	-0.2924320330443248	2.02373765794406
TUBTOZ	0.8825228510320153	-0.1293408086912304	-0.5856570630950696	-0.11120930047410883	2.650185865651893
TUBWIY	0.5638709216672746	0.6784895329658746	-0.0857486613692234	-0.0644796380307316	3.973312766150558
TUCQAJ	0.5823304666243772	-0.4057034889907605	0.1077031015706501	0.1806995194389704	1.8462629304811164
TUCVAR	0.48188238839329767	0.24513169453817352	-0.5571083598399186	-0.5494813103436701	3.207781070926424
TUDJUZ	0.3516268880183566	-0.8469707878367742	0.38273317805510804	0.31380368835186667	1.2635845633197391
TUDQOB	0.4324131069587418	-0.3169294426605996	-0.044576345888779095	0.029281804765585614	1.8573373698110696
TUDQUH	0.6407951737088542	-0.2393071046627798	-0.05594684809899261	-0.09377760135660691	2.0975323331360176
TUDRES	0.49743736190905796	-0.48271924572049124	-0.22826551666790434	0.05007718941017443	1.8140004651107189
TUDRIW	0.4922845375606224	-0.3907958158169821	0.006559025822658618	0.08432096385000677	1.7011176477007741
TUFBAX	0.5375398268836591	0.6945237450028433	-0.11082592058953764	-0.024758704504864053	4.13963872160179
TUFDAZ	0.45794609961761257	-0.3954317122899961	0.09922794472903032	0.1290714228981381	1.7991785761228571
TUFPIT	0.9018320814895215	-0.23449472825460946	-0.10538638946424198	-0.11124005373282124	2.4558720865568593
TUFPIU	0.5207926945472829	-0.004138942592188506	0.09987329797203104	-0.10667971319784526	2.2969912136026625
TUFPOZ	0.9187057448051741	-0.22468817487174908	-0.1111488919954228	-0.11547795334600862	2.4918204404884987
TUFPUF	0.931110328674376	-0.21742539257786783	-0.11505046650900355	-0.1174224437281036	2.5187059683859845
TUFQAM	0.8771160444659749	-0.2585401291591598	-0.09835205076204226	-0.10836933371133022	2.384831153079598
TUFQEQ	0.7619484569900772	-0.23616869501439816	-0.05080342949639384	-0.0816186219960605	2.329397261698017
TUFQIU	0.8138327070373288	-0.2488145542770086	-0.06927598690972395	-0.09270239519059117	2.3473480850925603
TUFZUS	0.6676752793161977	-0.1525969300231381	0.022705058826731697	0.16441529163570806	2.187192899241144
TUGDII	0.5016561572978873	0.08815944233485398	-0.3352343436214775	0.19847834608979692	2.783019495192357
TUHHUC	0.5014366079796	-0.12061744091894996	0.11986207624331432	-0.02890780579118398	2.120878839359832
TUHPES	0.5288194145444329	-0.2652867630484992	-0.2568056001844041	-0.26962533998460214	1.9291776005993944
TUJFOU	0.6396513197933444	0.24195711416619387	-0.017320031925796633	-0.09752149164984082	3.001784155142294
TUJGAH	0.6235752899437648	-0.04907529257766227	-0.22457142868541954	0.36469547464193486	2.7524284282366738
TUJGEL	0.5377779657445751	0.15931171014740003	-0.10140692440586013	0.25533118131553867	2.7599887539571877
TUJGOV	0.6957725655529421	-0.5462623582594343	-0.0010161224616072884	-0.24548008113818903	1.652275949366014
TUJPOD	0.732995831491797	-0.3288070956929485	-0.006869892201198297	0.00912733038511553	2.0891744326230794
TUJREY	0.4070281712302828	0.4149677998749867	0.30900294106982606	-0.013627667815860459	3.1232499519554695
TUJSOI	0.4306443939758404	-0.27193300622868044	0.22301139889116078	0.09670193281022604	1.8026151587752386
TUJXUT	0.5493462366860689	0.6475945488792825	-0.18870195410096463	-0.020215475450100023	3.824950900437649
TUKGUB	0.6067732760084823	0.5336898267908312	0.09152270086823025	0.057142298054623036	3.7244763934737697
TUKHOY	0.47958260260482977	0.62039792594583	-0.07764286513949363	0.04738116709370749	3.6320425805543493
TUKHUE	0.45808380543465876	0.5303126566482067	-0.1222929949902445	0.15433542415941764	3.447765717702569
TUKNUI	0.7456491911383853	0.5084757426712072	-0.30364050824187727	0.06405875605672806	3.886759777506649
TUKPEU	0.7409732291405877	0.30065297633646915	-0.10324094019370063	0.1261373048564555	3.4445205656272924
TULQUO	0.46446375724140854	-0.10306406219263889	0.17525932730799942	-0.013667117572987053	2.126983787867518
TULTUR	0.5050127439270353	0.2153256739126232	0.02937296680275578	0.16397175252716284	2.857765327656759
TULVAZ	0.4234281390086041	-0.05149474032575411	-0.011626829086801183	-0.04975922584807123	2.248429119805719
TUMDUB	0.3594558233446543	-0.2953192732285669	0.08944116672161409	0.10483713360801619	1.7295559511110898
TUMMUL	0.8292903067072421	-0.4547970272718552	-0.05765328691075867	0.0118024833115164	1.9894695533288704
TUMNEV	0.5859726797269893	-0.3427776060827683	0.024031084035757683	0.07935639926630395	1.9373737684857957
TUMNEW	0.8306147737666238	-0.4522866560217378	-0.056282312808900906	0.008278952273541359	1.9899200622770494
TUMNIA	0.8288977564189999	-0.4550823346232056	-0.05680397458284364	0.010284962685769634	1.9879192280708895
TUMNOF	0.49932079237410854	-0.32079764773904684	0.03708272827613389	0.09750505013944467	1.9229510910421355
TUMNUL	0.5320896088610665	-0.31553873902231366	0.028171935313250226	0.09628140228675579	1.9613122365546924
TUMNUM	0.828924569087869	-0.4550194239283136	-0.057434750129469	0.009558635593277198	1.9853971104501658
TUNHER	0.5826441244641654	-0.025543647245971857	0.06283362691224675	0.16561799873339816	2.4308458783757843
TUNHOB	0.5798259146170457	-0.04431213046837171	0.04643508445036067	0.19292226490319075	2.4191932243074956
TUPTAC	0.5746313611217815	0.5950183727961529	-0.12149449081068736	0.051844666926447985	3.917125734458672
TUQHIZ	0.7539284908000194	-0.0026604698942764224	-0.4188627061098786	0.13598144137857537	2.924472069253558
TUQQAY	0.6286437758863874	0.8142565175060064	-0.050608434524532175	0.09076748559591771	4.616600003388075
TUQRAZ	0.7234444373928604	0.3794894315829187	0.10524060157628373	0.11249120330611008	3.5631360083935366
TUSCOB	0.5001569146096374	-0.22507869478744813	0.2937459175331166	-0.05082193928881096	2.0040373182643516
TUSPAZ	0.43875943386741945	0.39335371325854185	0.11923496449705165	0.17318504994114947	3.120289731820624
TUTMAW	0.6277347337847683	0.634645097828154	-0.027060747939274064	0.05193628636442038	4.077141141579276
TUTMEA	0.5416272326599261	0.5415133019550664	-0.18890982778345441	-0.09872888352994959	3.693289005151267
TUTMIE	0.3997907136160883	0.5540028170002183	0.1900776531422318	0.10186697959350512	3.5243669699152527
TUXJUS	0.4951756939723202	0.6554993026455157	0.12998832972544797	0.38956910455103777	4.051870428972518
TUXQAF	0.33925700246495927	0.133697607330309	-0.0005958900762785962	-0.18124071986405044	2.4665978724293005
TUXQOU	0.6983724717566284	-0.29666547461520093	-0.01665874492157811	-0.14484302963261092	2.0451742545332356
TUYFEZ	0.47998968265629216	0.2980989675647043	-0.14745520278119084	0.06537327169996857	2.96098417701449
TUYLOR	0.14417634124523238	0.29701324494095316	-0.09415889502179223	-0.181835929988388	2.483883794799552
TUYNUZ	0.21233394770488534	-0.25585736304642004	0.2045294146601036	-0.2931830024861884	1.591722154121467
TUYVAM	0.3560071896156467	0.23030245331991211	0.10807256153286754	-0.08040250991952347	2.725089275516648
TUYZUL	0.8124072813557852	-0.9066028272727503	-0.6304863657273261	-0.06655538562161002	1.7069859123528883
TUZBEY	0.407191601794465	0.041913086321038184	0.16137488137443914	0.14632096174347042	2.4240000351579742
TUZDOK	0.8034005656652559	-0.45884931451402133	-0.0475390542470313	0.010399763083705707	1.95869999997355
TUZFAY	0.8036995119625727	-0.45880263543667166	-0.045116149451248304	0.00988604967713567	1.9580234611584935
TUZGON	0.434866944090869	0.08448630117158148	0.12844186944146566	0.16171884906911876	2.5370220583870235
TUZVER	0.5172997499792764	-0.3903335872132833	-0.0456354271688561	0.04341525252964068	1.803624158435037
TUZYIW	0.4269031140882138	0.22957428992478973	0.01497775526177722	0.14603299676816628	2.8057882655282707
TUZYOC	0.36441147673190954	-0.20176676044964428	0.2590178125910872	0.08048833316958526	1.8798855305380129
UBEWUV	0.5431837624437508	0.3353793977765715	0.04262217290074753	-0.2140773338051392	3.227961633217839
UBEXEG	0.3219020012470084	-0.20766931216998089	0.0726060994424674	-0.25495550951333973	1.9109019124398878
UBEXOR	0.4813086905602484	0.25683618000544123	0.3258583081155532	-0.02852887458901559	2.757967717862127
UBICIT	0.706530097454249	0.17742632815854165	-0.17629099781830343	0.06905973893108125	3.0738328030258715
UBIDOC	0.5341956138351343	0.09970252591198163	-0.28557851253325994	0.1581126244212493	2.8059233782711503
UBISAZ	0.38087524183309807	-0.24933141734367614	0.33780549686786726	-0.026471280594259725	1.8300918027875062
UBOHAY	0.5175017470045811	-0.36555727754735695	-0.1223430136832484	0.07293709818027846	1.8481317558275323
UBOWAN	0.5720425819493453	-0.26159918778649127	0.04527817533573893	-0.0688165759304588	1.9826133754204067
UBOWOB	0.7531194162428196	0.03083092131514787	-0.17773673132213097	-0.0667547591840446	2.718467364824132
UBOWUH	0.5804634679764087	-0.4461496205976203	0.20422033159679082	0.06847853459669878	1.691639269821057
UBUBOL	0.4286852876306444	-0.1032002937265503	-0.15574797194859671	0.15747712779246803	2.155334855126248
UBUYOI	0.378731260293625	-0.3132724708768801	0.054691994310144626	0.06997268949444138	1.7727324261105502
UBUZUP	0.38561314109600975	-0.33489935832585055	0.06401288464927438	0.0783642038083143	1.745737224097008
UCADAH	0.46994091708842145	0.22344396203489325	0.04798039538787108	0.1681446713336588	2.762604446369008
UCAMOC	0.49849359775765745	0.2550127041733741	0.02500268798581534	-0.0658154827515292	2.834284361347574
UCANUJ	0.481222022939658	-0.08950527568368304	0.16623656591197136	-0.005663999683468233	2.1110772232783557
UCELIY	0.6433432751664627	0.01965631940239116	-0.13125429567332803	0.07469964298165219	2.593521470094211
UCILIE	0.5532994211627393	-0.4766280965468252	-0.05465005157073019	0.021821235827454797	1.7459334684682988
UCISAA	0.681912868279527	0.22438713430924628	-0.09670191032121658	0.14638671670685532	3.313590888770415
UCOHAX	0.35191979511275173	-0.06760879090586094	-0.08416889775585765	-0.21854234071624362	2.262890943534534
UCOZIW	0.48878466088953676	0.0752362453619679	0.14813961750139387	-0.15716633097721766	2.4910061832850974
UCOZUI	0.6272540324462765	-0.04295108797085266	0.03660310943304293	-0.207272169513456	2.360216051913535
UCUBIE	0.5320999965096362	-0.13775478349474252	0.10734892335679894	-0.1320287137953109	2.1450177278464193
UCUFUU	0.8373124101630447	0.3581337280233396	-0.23962393004582844	0.04494822319057448	3.5694320521791627
UCUPEQ	0.3322905820785853	-0.1383625668145535	0.18035496396518658	-0.18450545485889142	1.9580171608329062
UCUPIU	0.35326455231982123	-0.026971382309012075	0.09392363147579841	-0.15085289135233015	2.169726304981647
UCUQOZ	0.46492950907123287	-0.32570136332215427	0.06798139417261903	0.16093128971183346	1.7826192595051558
UCUQUE	0.6131296437511766	-0.16285310722470575	-0.3537500745169904	0.04198245845022709	2.183424030583023
UCUVAR	0.5509633210355824	0.23857772721141024	0.14302475235538803	-0.06446595729143656	2.8718594331794445
UCUYEY	0.2503719129023634	0.15588163548893388	0.3234994136273137	-0.22717237762833076	2.3534160980680783
UDABAC	0.40837683152228266	-0.09041233812229696	-0.1383614536931978	0.15800110773711445	2.122046218603739
UDAPEX	0.5083586689277579	0.4366091230676468	-0.20260183587450759	0.0528984793502838	3.2764515655033857
UDEJOC	0.47905104052003367	-0.2966398836988613	0.10618285087933327	-0.06950190770754984	1.8087770122650828
UDEJUI	0.36548262599098624	-0.6198140026923005	0.12196314180291562	0.1570170944623724	1.427092033175593
UDESOM	0.6230881165237623	-0.020157354425490305	-0.43335334355888194	-0.07917368230522943	2.6235973117932407
UDESUS	0.5294430495490952	-0.3271997044394891	-0.26399613683947243	0.13937286147986294	1.9970290963008959
UDIWOU	0.6702914491988414	-0.304108512459096	0.061317695585507453	0.138033834980072	2.0616400361764082
UDOLIJ	0.4679000247836216	0.11420746260095466	-0.008053396915872035	0.09514448108479502	2.4820222978567164
UDOLOP	0.6013337509698067	-0.061372181736190225	-0.09873428617435316	-0.17033457975207295	2.2739186354275507
UDOPOT	0.22457090557943626	-0.33257300576664206	0.24787467519830908	0.01590295312680655	1.5516459705306391
UDOQEK	0.27536579851860754	-0.27883936526198166	0.24082864195402726	0.0002792816530021655	1.6596140439767018
UDUCII	0.20354852056535577	-0.16971386450193873	-0.24537631481359842	-0.26166277990472947	2.0472449237456414
UDUCOO	0.34954211632632326	-0.1710191396353836	-0.21773801846777321	-0.2621973169468851	2.225946154117955
UDULEL	0.7362514103600679	-0.3527242144566956	0.00857353384865571	0.020426917333017817	2.0940811785339566
UDUPUE	0.9347786531279825	-0.7553317667276063	-0.7592167166634874	-0.18747889087591468	1.9627258232444404
UDUWEW	0.39471449415242965	0.29317540467259434	-0.1771690144926684	0.08838040879763796	2.8398469807627627
UDUXUN	0.5943452595158805	-0.2243394940303397	-0.15910116867711982	0.08679596188345731	2.2202474958998506
UDUYAX	0.8549610288032232	-0.15810830458731479	-0.6712953557939411	-0.28419687483372436	2.630904092978369
UFAGEN	0.7735810220872361	0.28667106817029236	0.0363137739586135	0.08058636232033303	3.412981776550108
UFIQOR	0.3198409154561572	-0.189536993762043	0.20154630292418174	-0.15062683353982337	1.8058585544497316
UFUKOV	0.31152319347480706	0.20479154548417264	-0.0037756237725986297	-0.1789324210331843	2.5865597856167635
UFURUL	0.5531927353752977	0.3016205991827483	-0.0750951039797776	-0.31055219353750035	2.897187256685254
UGADUC	0.7104284666446876	0.04869875469930711	-0.38746087191895257	0.11540416306782908	3.2291628995105364
UGAMIZ	0.5494111726056374	0.1022705404466128	-0.4190527447671951	-0.1130287371153517	2.6608374774424792
UGEBAM	0.12623882331559644	-0.48980230077302994	0.2878074886246881	-0.010513220596118568	1.335567777720681
UGEREF	0.1868743931348349	0.25144424572410884	0.009579871234988255	-0.0176457162498532	2.4623463694437335
UGEWEJ	0.5773542111463996	0.4040454919006421	0.36756366508023336	-0.39857998163986624	3.548706565394887
UGEWEL	0.5516777935961672	0.2240330247862614	-0.3434939157398583	-0.28661055063798396	2.5947434853832068
UGEWIP	0.4065835901871253	-0.4041243971961441	0.07822178627012114	-0.16067072610324	1.7100932569539826
UGEWOV	0.5318542728978493	-0.4069286104154887	-0.1998392075500205	-0.2294108833014289	1.8037177404436273
UGEXIO	0.8289251795707031	-0.22453802000436915	-0.11731322441972097	-0.17470139092141368	2.276446182509398
UGEYOV	0.5215239707948864	-0.36830263147431636	-0.22120029505211297	0.013641332587285913	1.7812162634978217
UGINED	0.6200998665262523	-0.15007078970272042	-0.06447976561714494	-0.04759024049310942	2.1757631739128414
UGIPEG	0.5704029929020056	-0.6200551227255698	-0.012904497502205556	0.15200643523828677	1.6186265992882438
UGISEL	0.40941763920643304	0.24166650781025883	-0.02676661780329826	0.2875345746352328	3.022126338668392
UGISUB	0.4134841674236558	0.22256800921384598	-0.0644443443353068	0.25681383279996234	3.0104837087680365
UGOCOJ	0.5583724462166053	0.14670656490879314	0.20618441649610264	-0.15283388889344302	2.751171114405209
UGODAW	0.3955519557558702	0.30833826675036513	0.036675114694023195	-0.4388846295854474	2.813101732470373
UGOGON	0.7417021463270608	-0.11998172188605263	-0.2220092526755845	-0.2948278752076487	2.376991850009018
UGOGUT	0.7536911574809304	-0.13648291141037985	-0.2570332470517508	-0.2686718283830701	2.347200409948277
UGOKOQ	0.6549975254323988	0.20801043545348438	-0.2373689156893941	0.07184612314891892	2.9746502992777124
UGUGAF	0.5263098754551674	0.597993921945641	0.0786348787427058	-0.06507570039825902	3.689999528868958
UGUHAH	0.5132145593463031	-0.4158050226379073	-0.174063486909947	0.05085586407519658	1.853814851686235
UGURAP	0.36148144971921425	-0.26759607937331265	-0.0115031486978249	0.420181436160965	1.9209158960758366
UGUREW	0.29967135437010706	0.22858811268442886	-0.17182405933520029	0.18734397366054945	2.754955883359274
UGUSOE	0.5058909283295598	0.0732991766779094	-0.14171712092166644	0.1958208141059508	2.6762746872933616
UHAJAR	0.23915024507467209	-0.19358521954093072	0.28218717539879834	-0.1264506242541764	1.7255711448368958
UHAJEV	0.21311408433521617	-0.5240692769338743	0.11108355634459577	-0.10531247210241769	1.362743796191333
UHAJIX	0.47305849824049595	-0.24268848188042402	0.1348649692922379	-0.07745421076403518	2.0037988863845726
UHEQAC	0.4770643340270979	-0.0778370865280171	0.27152304002679434	-0.012956452403148425	2.161705433593719
UHEQEG	0.3510773366005049	-0.3350683389794042	0.3405133752515124	-0.008827516418252308	1.6693659982595108
UHEREE	0.25574602064311014	0.18773871937642383	0.48897248778633773	-0.056251519191558574	2.383199916163807
UHILAY	0.4285417297037526	-0.12466886915586219	0.08486816716902024	0.2790925929658127	2.159343750326178
UHILUS	0.3891694877787124	0.1541124954016528	0.20457141998405914	-0.29533072308267894	2.508276562933018
UHOJOS	0.3648619127410475	-0.13753351010877524	0.15337481966935443	-0.03485596888404723	1.9316936089080927
UHOJUY	0.3600324919481368	-0.09777522032062944	0.15738268405672204	0.0024059287409617103	2.00417574559937
UHUSEW	0.4376553115526942	0.0642030913577539	-0.15478576531733662	0.2664143052494912	2.563158847825044
UJEDOD	0.5676845429662691	0.9017202905695898	-0.32372110994003617	0.15076018879467717	5.055479011750701
UJEDUL	0.3696897091962903	0.09019942563218313	0.11403362503534262	0.1297386051934951	2.4562241737454746
UJIJED	0.35369631006981894	0.4181121869072557	0.2733155397643069	0.1696210968494633	3.1184710684997787
UJIJIH	0.4259503180918509	0.20682052160012546	0.20090964863067823	0.019674939889369907	2.669716839862339
UJIMIK	0.3501643245099584	-0.14420556042475052	0.014391557348627085	-0.12974269151333007	1.9278429070603074
UKAMEZ	0.5514617233123786	0.2765818427845485	0.3768872850307457	0.10161618821915065	3.163564224421939
UKEDUM	0.48042637346510997	0.3180796056648202	-0.1897350771930626	-0.25482899867837555	3.1771592682616943
UKEPAB	0.4054076872999124	-0.09509293320872642	0.14305191943889475	-0.4045444230504327	2.1034480499900194
UKEPEF	0.3184438865077026	0.07973552467801241	0.08696176374529507	-0.33433171421633173	2.3104567093314357
UKEWEM	0.49458141679774936	-0.33355207446999946	0.058254850799939334	0.004956725026623084	1.837991060249192
UKEYEO	0.44171233201373994	0.35547544694382505	0.00944214121246019	-0.1128467543202422	2.9961762527775693
UKEYOY	0.21007062565246448	-0.33853678392022335	0.3063903350955069	0.14960014722526144	1.5350020893212837
UKIFIG	0.45579155876285515	-0.006138297118423369	0.2025541595300953	0.1354922193058396	2.2934807452483197
UKIPIP	0.7219240853194044	-0.12847095468327047	-0.3390363422253997	0.0723222615883994	2.519330831998924
UKIPOV	0.7106836249263058	-0.1380723183575144	-0.33830944393975904	0.07740456919039816	2.5046613324066707
UKOBAA	0.6406369884779677	-0.3670727825132495	-0.06763319794939954	-0.09162879792113655	1.9202332273134521
UKOHUA	0.544279635705843	0.10914895225310559	-0.31034283364955967	0.13502970563704442	2.914821762577128
UKOVIA	0.6818139513298007	0.5102859813697891	-0.24106027871778948	0.21429757647784908	4.109411544047752
UKOXEY	0.3779562107724965	-0.24054239808553976	0.018253816827068767	0.06312097295910984	1.8335560021854096
ULAMIE	0.8040862133271229	-0.45904284079374	-0.04383085099764424	0.009800516556135569	1.956755348900999
ULEVOZ	0.2750158767166293	-0.7478425352659855	0.24771474197490634	0.09612659094991492	1.1998814056836165
ULEVUF	0.2609665346077268	-0.727724509157172	0.24269083289869436	0.03304240823001332	1.2634720354261457
ULIGUT	0.5609346385641691	0.15246324815601728	-0.3785406257088184	-0.08270715451373234	2.892838266385518
ULISIT	0.42509824581934375	0.09776057789260828	0.2397522186845994	0.130617362980118	2.545848901519746
ULOJIO	0.44481142996027767	0.514430576647414	-0.2320314795626551	0.2813989175144923	3.631241984762355
ULUZAE	0.33690832990088904	0.11303711572100392	0.27931170844719444	-0.16320736296766825	2.328271090216389
UMANOM	0.4382125152140013	-0.26644072213810255	-0.012476172528762028	-0.16178670625129143	1.911507921666081
UMANUS	0.3823395727290384	-0.20087550204185936	0.019702026110635734	-0.16606209195723481	1.9282751377283023
UMAPAA	0.42217185772108934	-0.2754995163373315	0.016450403079183218	-0.19533382686866774	1.8930867772316713
UMAPEE	0.42387417100402125	-0.27768598738958233	0.02642038212317442	-0.19660672234537296	1.8831920858627411
UMAVEM	0.5100383443513685	0.062111101381046155	0.04085249799774143	0.07399577846267015	2.396896245959204
UMAVIP	0.3384371543586737	0.10477876134575625	0.27876383090269424	-0.16596993352291528	2.3065470311077227
UMAWOW	0.9145294295266719	-0.3930871335302053	-0.10009804439041838	-0.020358169199935654	2.1636117893152393
UMEBIZ	0.5134091020512379	0.06079147129567944	-0.07091747990227651	0.33328004007530415	2.6351989844153105
UMECIZ	0.552555226274607	0.5732244667807949	0.3110022490635181	0.10546058104111532	3.7367730676871944
UMENIK	0.39113541462999457	0.10402723404356132	0.2831549962383496	-0.2232696201993607	2.406650932634165
UMIBAT	0.784736268986852	-0.44652955634894115	-0.04129317502250369	0.008323849065656252	1.973626632366324
UMIGEC	0.6667286477566741	0.7502666196489152	0.0703988320744634	-0.04878793923831384	4.360029394254734
UMIJEI	0.30107647699108586	-0.5022839838520666	0.0640731046761803	-0.11363930294155904	1.4064783747054588
UMIJIM	0.272790499993099	-0.41354882539287396	0.1549519419503464	-0.10748154999718328	1.476852504835227
UMINEM	0.6320356654922286	-0.5318851063190794	-0.20217999800375225	-0.1537950995879388	1.6978150740259637
UMISAK	0.609661938856723	0.21983474505653683	0.10412665877160257	0.03457420647241502	2.9771610733208247
UMISEO	0.5943989519968884	-0.2717147053258176	-0.08427565181419805	-0.2613130084486905	1.8395407546489158
UMOFEH	0.959725336985354	1.1899442766377053	-0.43720606307105897	-0.012008556798162616	6.7145631559132175
UMOFIL	0.508809092208379	0.6036429874273584	-0.09235347241158706	0.11347969963896685	3.7250863824520084
UMOQAP	0.5885176648566235	-0.43896564938565347	-0.18871336876244593	0.02072881328526682	1.8885606917746651
UMOQOD	0.5043701937199856	-0.4487873545742642	-0.17684391142716788	0.061987241639480314	1.8238844054087284
UMOVUO	0.553667435880838	0.27702309805894326	0.026977062002990757	-0.13125339174259087	2.7857577602356316
UMOYOK	0.7403773694789164	0.5441249532544185	0.09387919614549578	0.7301660260536994	4.685529604643675
UMOZUR	0.39715671633303096	0.12028876161039095	0.25684054840734954	-0.1122454349806996	2.4097645757684147
UMUBAF	0.37139836262678383	0.17529452851831817	0.3015048916759582	-0.10089951545529614	2.509469187360453
UMUBEJ	0.3969114051015161	0.12563368429101135	0.2583736295075442	-0.13154928261085513	2.4232008756547647
UMULAP	0.2643013887997041	-0.49809705353979816	0.09038623706531712	-0.10833982982746222	1.40291108182456
UMUXOP	0.49169470461625764	-0.12201601624197934	0.12372740450170866	-0.01737348946785986	2.1128906614088048
UMUZEK	0.6016992146820881	0.3030420469126872	-0.3498942652119172	0.019197270070768022	3.227749474493403
UNADIZ	0.3775513035289215	0.15660747345395234	-0.0932281525540792	-0.07689376113917289	2.5334851941639007
UNADUL	0.4955091066343815	0.010542061322334546	0.014691927439408295	-0.04692379267478421	2.4530904525039205
UNAMOO	0.4592635046301625	-0.031011288949327233	0.32241394314089367	0.008079585894933159	2.17061019568294
UNAMUU	0.5181377671821705	-0.3495305980640913	0.04704370565946914	0.05811640198607689	1.8388788078696203
UNAQEH	0.48673397300498866	0.04564339974626844	-0.03272324176312228	0.08399201781716349	2.436094687815242
UNAVIO	0.5349054927111947	-0.21083262322768784	0.06386807399584793	-0.059256671350977674	2.0491043323736977
UNEGIE	0.5897072602131113	-0.5459312039803165	0.22651783959357447	0.27495982324234475	1.6541613958684338
UNOJOX	0.5319803686804265	-0.3873157027913274	0.034439341921552694	0.15460035468003602	1.9099352656505182
UNOKOY	0.5766276223483064	-0.23006820286148374	-0.10211007993656834	-0.13622254671980816	2.059875221876956
UNUHAP	0.6523708885180586	-0.2539151753031395	-0.024268922458112387	0.009139726865718328	2.2041315180477588
UNUKIZ	0.5374778222349006	0.03586432237178925	-0.007853324327870795	-0.02798431952472314	2.4345713346850757
UPAKIH	0.7372307438377472	-0.2892425938079067	-0.30827003836345823	-0.05663678519401753	2.0890413545942073
UPEHUT	0.8948100022342897	-0.38642087160449956	-0.09795136991766948	-0.009954382437817988	2.1807281036580792
UPOBUX	0.35390273663550254	-0.046058906900838845	0.2299342633015356	-0.07114332281185648	2.139666280684934
UPOWAZ	0.37240507428415626	0.7018109223898606	0.268397417939591	0.09897856087025053	3.816501366664273
UQAKIJ	0.9053515306389919	-0.1289354936895694	-0.19666351414910566	-0.23097225358586382	2.446745769828131
UQAQAF	0.13268163191752036	-0.06222016248637498	0.05285683680223463	0.19063963439621318	2.0006312374075454
UQAREK	0.8227989685761941	-0.1624959349246978	-0.0673027597053854	-0.15444085534553204	2.5113288259464115
UQEFON	0.7334317377085604	-0.3627719600018523	-0.37396932165595637	0.15790345612810652	2.079320564252157
UQEPEM	0.7163592268651424	-0.4614170393121413	-0.05107665899491447	0.030417433991478504	1.8810453279444008
UQEWEV	0.4044143855491438	0.18745419264620639	-0.021413797837970143	0.34060641871573694	2.9228185709810757
UQEXAR	0.6354616893990794	-0.2305302387109145	-0.09991423972269273	0.05295598231986415	2.256398897822005
UQIDAC	0.602173407866534	-0.5098164782568515	-0.1368498543196751	0.03366104854758206	1.7553894114894146
UQIFEI	0.6086941523961569	-0.4505739703317607	-0.17939668613881385	0.01746123295153116	1.8686997968775652
UQIZEC	0.29749109233027626	0.13870303881869764	0.2662045229062835	-0.3133544399362028	2.3267794524626635
UQOQIB	0.547090295780313	-0.23996991701716908	0.0043332176498605685	0.10046186411788957	2.1712486524057297
UQOWED	0.4494151910352464	0.020699938589234627	0.18931988018012297	0.029883789039287772	2.3563144737698383
UQOXOP	0.6241507926140804	0.4080561161198831	-0.30315265696843274	0.1606925081251126	3.4543195601096244
UQUFES	0.5529635551273628	0.03711000740842121	0.10929543169134184	0.028962273246845305	2.4848986977618246
UQUQAA	0.63816896791531	-0.3561903671181581	-0.24150772955146801	-0.0019246867268926104	2.0466864724365657
URCLNI	0.6550422225661485	0.30969368491366905	-0.17193243756832394	0.04812713526101417	3.2536598994326735
URIFUZ	0.3383639185967917	0.1357371396657198	-0.08738978712421419	-0.12746153403970972	2.5298554853598154
URIXAX	1.1715855055871023	0.43977843468946276	-0.7812140731374124	-0.5371952600455976	5.32762431683292
UROHAN	0.8863406573829309	-0.2895272034803748	-0.5408462051353127	-0.10434862830652446	2.4692132142556398
UROHIV	0.9163535626783457	-0.03733873198324568	-0.5782225403128134	-0.17992483335704829	2.959806889760089
UROVEF	0.5496507795458241	0.2655632581076253	-0.24085943470557009	-0.12181730393426697	2.8781937961293482
UROXUV	0.7856255256206035	0.06599326950569386	-0.1524844569258173	-0.3359324491411174	2.844893581263494
URUVUZ	0.5017363623633422	0.3248811868927654	0.2687224313523881	0.13986950797247866	3.190287111489701
URUWAG	0.5997428780443634	-0.08829587700074802	0.24430326084666049	-0.23400016278391395	2.269018303257021
USADAV	0.4880500313751721	0.24563858215924061	-0.42162180180357584	0.09644625785718151	3.506804153276394
USAROX	0.3213708413020724	0.0577294957314652	0.29801778295562986	-0.16782078601764716	2.1969875849045217
USEBEC	0.6198458465832308	-0.053167513922714404	-0.034622926170401025	-0.08636385469131777	2.4342406083305304
USEBIG	0.6171728318811711	-0.02969479805524201	-0.02078130322276093	-0.1063085749304903	2.4516429798793364
USELIQ	0.4283927412859141	-0.037663480441338645	-0.05159424216083587	0.15439012483379372	2.240240712966733
USELOW	0.4948416209122337	0.10891631295501683	-0.05222132831858969	-0.07008056039348223	2.4768584902302306
USELUC	0.5067983087438579	-0.2585438705612545	-0.21742120264403814	-0.24911028519324524	1.9873129375258056
USIBEE	0.6036143820030766	0.10638492935726054	-0.2516695975625144	-0.2014686073470865	2.6289132409652556
USIGUA	0.5380183602333712	0.25758886477610465	-0.5591903253035196	-0.6264709029420624	3.2426215689027487
USONEX	0.4659653328402644	-0.38751709501167425	-0.022958732134816508	0.12430365501296219	1.7058087692649835
UTAYEU	0.5229308455595056	-0.37176012214257786	0.0662589653519054	-0.1794220836754592	1.835445681909293
UTAYIY	0.5081844092406174	0.14493982654038925	0.040028253850541234	-0.3866046983494	2.604398679050582
UTAZAS	0.4084398735568442	0.3241723612112741	0.4333579696095199	-0.14174058902243342	2.883662652550105
UTAZEW	0.38280787266434135	0.1965447745062934	0.5077133354997958	-0.09281026551693641	2.6738526519436747
UTAZIA	0.41436585530188275	0.37817873094769816	0.4625726469108896	-0.01932766217065393	3.113835868744403
UTEMEN	0.7252665729440757	0.384710111670388	0.3572152633119854	-0.12183159107330914	3.51515931945959
UTIBOP	0.6124538322403996	-0.5308461668989441	-9.615630591809643e-05	0.05452773464339646	1.7212865741389278
UTOGOA	0.7242507700997542	0.4453808368950112	0.20642644558834577	-0.20069031054576497	3.7041684338379133
UTORIH	0.6672441302944296	-0.009871879914487501	-0.09612312461025836	0.18136645762680875	2.6296977860845208
UTOSII	0.7223188483951795	0.16093707104353056	-0.13091559576112416	0.14622552045102352	3.0297576543039364
UTUFIB	0.33761821523524693	-0.6811626070396848	0.2623329573053637	0.15984939156896427	1.2467972274412222
UVACUR	0.7061957306814008	-0.3569361655130066	-0.1307358680062541	-0.03207070137059327	2.005235655959569
UVADEC	0.7723236342425333	-0.2853802247468468	-0.18872813775684583	-0.19229379284998505	2.0581552643263206
UVAVIZ	0.5141443422798115	-0.3631936192133383	0.03485042180573679	0.06910084783888142	1.8063768980230763
UVAVOF	0.5070103852935359	-0.37091511439488484	0.039274685880197044	0.07331825643735732	1.791456780919148
UVOVIN	0.6862716928992549	0.19452043681429984	-0.12183659437700994	0.046152538731577694	3.1586410660455027
UVUBET	0.4451315265235518	-0.31658771288674786	0.24579267676377903	0.09852390899280279	1.7539755632913443
UVUCAR	0.5282969745561799	0.016588455489549243	-0.062418238570535745	0.37290979411845027	2.7166796128317157
UVULEE	0.4650657569661849	0.25444909566448914	0.07503992787306599	0.2255426975481269	3.0090050618655653
UVUREL	0.29273729499351386	0.3944691524005653	0.7994358078242427	0.104477321314784	3.058420511626779
UWAFEF	0.6025252708570026	-0.2666653638122817	-0.3184188264452218	0.041489448998607	2.142799120605572
UWAVAR	0.47122111078357953	0.06291743561506426	0.264805975847001	0.06891836153363239	2.524617275241137
UWELOY	0.852832235817913	-0.34498998799759734	-0.07582362183223108	-0.05528163677949362	2.1563765745727443
UWIFOW	0.7929166548178079	0.41980482986649575	-0.22358610587907507	0.16225522146899318	3.702699597317352
UWIJAM	0.6692562230900592	-0.1996145798428833	0.04336506103859214	-0.005776766687327073	2.0599064049937272
UWIPEW	0.5826669800984003	0.8063194048376644	-0.10753579299582643	-0.121134302474098	4.3349809049643095
UWIPIA	0.4841966374622917	-0.1304030019717538	0.4054877595093679	-0.11837596154223572	2.1281274337534866
UWIPOG	0.461536867219527	0.4462623420410564	0.38481768987722065	-0.09292290696830025	3.2699284701809623
UWIPUM	0.44418201570383875	0.2233756547782012	0.15042119251222894	-0.030630478394601292	2.6834024546400057
UWIXOO	0.7711413884122891	-0.12245248018310216	-0.3884966363805246	0.055087338378094236	2.704727571447073
UWOGEU	0.4352579853583878	0.027069284505203066	0.19475435473377328	0.0557541528105787	2.2892431044715384
UWOGIY	0.5007368097130644	0.659111364822956	0.008400888225817887	0.18007721860433124	4.108312165132073
UWOGOE	0.48289842946140116	0.6520848238346251	0.03977052049906346	0.17740678094866147	3.9873448989157376
UWOGUK	0.47308238868365926	0.04033578312148811	0.15340839281090385	-0.023570428454765875	2.3425810348028273
UWOZEN	0.28481115605629803	0.12552791297449511	0.012661808524485854	-0.036437563879809245	2.4194001168622017
UWUNUX	0.5286999369763485	0.0860020842966194	-0.09464070632602967	0.33325653229994384	2.7309176370647137
UXECIL	0.41038105508494116	-0.19406260294289704	0.20832568826411113	0.08970836517655122	1.9160058019070767
UXETUP	0.3889430305377797	-0.1766412585091907	0.12710605361989566	-0.31392160237986894	1.971837139606758
UXEXIH	0.5597693582653891	0.14008726958794154	-0.17727943150550107	-0.2565119514642646	2.6520106791532028
UXITAX	0.27199526116611406	-0.09665158101180107	0.35437253977468264	0.028790707047601352	1.9885662577187067
UXITEB	0.13364252307318525	-0.3497568824507611	0.4230738348766663	-0.16236920860770787	1.5043302776614242
UXITIF	0.5346922490522141	-0.4746570972154342	-0.1590849846089743	-0.08914051528168013	1.709541541316164
UXOBEQ	0.5090968890807046	0.1710950428753434	-0.05107071558114884	-0.0679862395341399	2.7259605213424427
UXOJEY	0.6141989707859814	-0.2655471756019018	-0.010308628722357036	-0.0065152651524248845	2.0217840152611206
UXORIK	0.33891276600076425	-0.53911591342397	0.22211610001533416	0.24232407921140997	1.43499761118446
UXUVOZ	0.2779327101477662	-0.565466890429358	0.22473208635077685	-0.09583934141079692	1.314873905202861
UXUVUF	0.6736480324482326	0.04952442171397277	-0.2692858941083228	0.005014615187849961	2.7906673665646275
UXUWAM	0.5968691347201318	-0.12904938548673017	-0.06334518429085254	-0.14241457804275115	2.255278711449638
UXUWEQ	0.30415228067626465	-0.4870417963258868	0.14455403045375415	-0.09487429421761852	1.4089291058612898
UYADAC	0.36778280297964105	-0.6116852312552662	0.0676239829984284	-0.15327490364723323	1.387978152833535
UYATOG	0.2976587497445835	-0.3796481175714705	0.24268381727313187	-0.08141460095199445	1.5951618257681068
UYAVAU	0.32387965237541483	-0.34638611203123004	0.2126528962065628	-0.07672127501744563	1.7110678801757737
UYAVIC	0.3034639952677365	-0.3754740342435589	0.2422143994905145	-0.08734763481318018	1.6086091382111851
UYAVOI	0.49180719769174974	-0.1866120185215327	0.1772894859920544	-0.0913179552464753	1.9961976780705823
UYAYID	0.6837082910411949	0.7634479404925419	-0.20557090198027625	0.1283228245375332	4.515004607245777
UYAYOJ	0.6832187319922491	0.7639075699062225	-0.20537151258901556	0.12845463932390885	4.516240739586258
UYAYUP	0.6825838005814875	0.7723039420660874	-0.1996974261534848	0.12177906273696303	4.543799495904166
UYAZAW	0.6835858901971763	0.7718601778600769	-0.2032049483847137	0.12135729291116203	4.544969044060973
UYEQAR	0.4700896700680923	-0.3901422099908417	0.06545387295739824	-0.08962676559868929	1.7098021157680092
UYEQIZ	0.6813177477275474	0.08916523910866112	-0.22315464369932708	-0.18428866047292103	2.803430740502834
UYEQOF	0.46382119597222005	-0.3921826225272406	0.05168757164282059	-0.07793037364598643	1.707964668114588
UYEREW	0.6634958598424543	0.12088212412361851	-0.20194862030430383	-0.23354626369994697	2.7731528707507596
UYETIC	0.31404591094827294	0.17735889862178397	0.14779871884685442	-0.16460985561902264	2.4653711036968353
UYEVAW	0.5923509024881337	0.1097872348419717	-0.2934801744169552	-0.07152159359269622	2.812815370315355
UYISON	0.7835459818103931	-0.37638726584245674	-0.049554908534024444	0.012946089966353729	2.066840036018479
UYOCER	0.19109618124305872	-0.2956606797120798	0.28295630778857234	-0.24523066801367166	1.591711347611891
UYOVUA	0.5492749648377737	-0.5282743124277731	0.08807191830516437	0.09799997345111568	1.6113528403245796
UYOWAH	0.4630227343025002	-0.5234244816429939	0.07918455434425542	0.09152742955051761	1.54964607939525
UYUCIB	0.47658312872338726	-0.33960050953211257	0.21209126028585895	0.047587000484338386	1.8047726369238724
UYULUW	0.2725682324893439	0.2480974158709061	0.4759858211935738	-0.1706590374436795	2.6231912669227486
UZACUV	0.4728548311673064	-0.07678772790806768	0.2568983938734802	-0.0937973437051046	2.190756093358734
UZADUW	0.4187280911927065	0.0011967606428115105	0.27218943205358165	-0.1007164457052065	2.2726406460810056
UZAFAE	0.5971980006317112	-0.07535065687311585	8.224986375518495e-05	-0.21840545230130376	2.4445374660212704
UZAQOD	0.4722588059051187	0.2036670624987698	-0.10030730103973629	-0.1835023813082171	2.863991351140232
UZASEV	0.5602964281597274	0.05940998329319974	0.17753059791004433	0.06991322056422604	2.495344002263662
UZEZAC	0.6238850761210974	0.115785687769867	-0.14094413020404606	0.15809956259384017	2.8660136773167855
UZIVUX	0.3093018396681879	0.371741948992831	0.21153153986253487	0.009116488003800043	2.8740189877003877
UZIWAC	0.3192234359655517	0.277659938689458	0.2004130407286921	-0.1161771277400168	2.5856056894194177
UZIWEG	0.1200506096985654	0.7922413499442919	0.5508335459010046	0.15249814635995096	3.765661952769686
UZOPIJ	0.3225060474838073	0.3273819862141214	-0.05632149577327859	-0.21971340251917987	2.851619106234706
VACMIZ	0.5572857770134645	-0.46526838449295993	0.014158589963610815	0.10593755147675786	1.7162426027534878
VACQUL	0.5473530456065889	-0.5503017362169047	-0.09464350490894466	0.03768626720163157	1.6731179651050083
VADFAJ	0.35882660668654776	-0.45861806107356506	0.1088494718455989	-0.10119098954505538	1.4990046266890418
VADFIT	0.35910211157092853	-0.1956566465684914	0.16486147078134067	0.0313218235348412	1.8435666282308865
VAFQEY	0.5647212013767788	-0.5406607857875074	-0.11208467401416083	0.026483275078560523	1.702015551688123
VAFXOT	0.5096797063104486	-0.3447321818044212	0.12136434650095759	0.0006905171600630547	1.7973389621825364
VAGVUW	0.49009253703887445	-0.10026723592815728	0.017575674330069582	-0.06561546756799143	2.1841812224020836
VAHGUG	0.52970188812992	-0.351264614809308	-0.01565468760126447	0.04543243574821906	1.8532355930543583
VAHQUT	0.397727810985649	0.003977954113079357	0.0534122358890157	-0.11862643378631783	2.349823878295341
VAHSAY	0.3457703402685266	-0.023539993450332704	0.26557178838573775	-0.07908636977230203	2.065076843704513
VAHSEC	0.46742374602767356	0.11254332325781746	0.15543599554523221	-0.04616341220292247	2.491342121139689
VAHTON	0.4329155503235098	0.5425266909222596	-0.02459597664252329	0.4361520364376505	3.705207660716531
VAJBUH	0.46734042409373	0.12290366353755541	0.14176538739965003	0.09624133331748941	2.636758141750165
VAJWIP	0.5781369022858049	-0.282940287633806	-0.03198355925267109	0.09846470135760255	2.091730276626278
VALBOZ	0.6427475414012145	0.10594856891089299	-0.2089512904263887	-0.028557771550406556	2.754058266209038
VALCAM	0.8145738094777144	0.1961432878722971	-0.39426218872692004	-0.18831274735812403	3.0429582696157103
VALCIU	0.5981144854937863	0.13816759185325767	-0.30203966140868455	-0.24274748835730847	2.707238557569511
VALCIV	0.18408093875044296	-0.26696157978584356	0.2947401360999979	-0.2495948201801591	1.6292359820281561
VALDET	0.4133560755117074	0.3105661796277771	0.4901874145791635	-0.10701554235623416	2.839151829928856
VALGEV	0.24577955111117555	0.01800461272466128	0.07469268862366799	-0.3855346209599861	2.126405085163407
VAMMOL	0.44414903378546544	-0.24134754368075045	0.08272638415157643	-0.1290745296107264	1.9954395069019824
VANCIW	0.5429364093486413	-0.12953321433220527	-0.26992028798802625	0.10273185135806809	2.266843036322272
VANDUN	0.3314718578793685	-0.2673807524576369	0.011692469613165904	-0.09586241600165034	1.7711368058374057
VANFAV	0.41985142506333695	-0.26697886935424975	0.09268118135060924	-0.17554446559430548	1.8348343641407656
VANFUP	0.32207336808701026	-0.263566129986468	0.007690215870088432	-0.14829575356996727	1.8170558743905971
VANGAW	0.3850536556400739	0.3460259813557987	-0.3067783117033233	-0.35748477261469636	2.9694525557605327
VANGEA	0.3649380710829666	-0.38507145326675174	0.06365380369452042	-0.08380882192867521	1.7055234387828624
VANGIE	0.42951191041961945	-0.18094739346047237	-0.15832872275193952	-0.1784951570553327	2.0990135393133076
VANGOK	0.40751447989450185	-0.26945863708620454	0.11139377442243362	-0.18647725416529382	1.8586391935490387
VANQEI	0.4589020061425293	-0.08703578490909514	-0.058468525986494414	0.057547666735377014	2.216123062237861
VANZEQ	0.8257785565325779	-0.43491347867260954	-0.09814516692377102	0.013156736549514512	2.0081832387998766
VANZUG	0.4881403796651469	0.7210265625950275	0.027109473461944006	0.1700381158572925	4.113925685990385
VAPFIC	0.5375504482402755	0.45808467278987386	-0.07122107512835996	0.06513610597572095	3.460330308417981
VAPFOI	0.5042113766862899	0.37528288035153723	-0.14990669343295232	0.0665335623554624	3.1662477168715273
VAQCUL	0.29937630324294684	0.038627862460075345	0.29787325856196856	-0.22835570740764333	2.185471188038401
VAQPAE	0.7947219509803398	0.27715381092274743	-0.34786750175817527	0.08585196103236858	3.8724749293582112
VAQTIS	0.3911794888739477	-0.408996740914924	-0.18070882202136657	0.27660058933905735	1.8655349915600965
VARSIR	0.2685114318484123	-0.5291727912738603	0.12439905034631149	0.11375044378927181	1.3921812377216796
VARTEN	0.5396630162115512	-0.30451123843642064	0.0033868275015537103	0.1411125393234302	1.889930808488447
VARYOE	0.5235709520082192	0.3273812487474267	-0.14255097268379205	-0.07417965638063173	3.0397804926631102
VATWEV	0.4666677234046084	0.3023647293339098	-0.34895649379648164	0.19399637089951588	3.57145636393932
VAVBIE	0.4398664821998217	-0.15346870861733702	0.03920021765362594	0.039650239256144436	1.9885449114815859
VAVBOK	0.4321109671404457	0.17492808796068926	0.09110178718949194	-0.04023974600314155	2.4745378188445586
VAVCIG	0.4925852678450564	0.4870846042615322	0.05537796459895172	0.21967864821543087	3.562411406628346
VAVCOM	0.6038093709105485	0.4662386669960121	-0.11091915980567503	0.17275248151277595	3.7449723852251466
VAVHAB	0.5823219982162264	0.2448758117126893	-0.1533042658955736	0.3250465369840904	3.330194259159847
VAVHOP	0.24152356913391548	0.2161930381817136	0.07293231832008185	-0.23929165798999902	2.483575369204692
VAVPAN	0.8069744379897736	-0.3802007702597346	-0.07636476504894818	-0.06060571296483784	2.1056011142725124
VAVRAN	0.509023463645101	-0.47501970598292026	-0.15320628844834389	0.05199592644593129	1.7886159156992725
VAVRER	0.4901497536495878	-0.5196213763904619	-0.12166869360578371	0.0571146486485428	1.7259650328525804
VAVRES	0.45225857941429926	-0.06596772262222633	-0.17718910181861536	-0.22110753184782544	2.4099087341062506
VAVROC	0.43597973242082766	-0.2875969963080313	0.06471416905238403	-0.16464587618293414	1.9161861334326016
VAVRUI	0.45454466056553855	-0.06782983695314065	-0.14886804831854072	-0.23374312390303176	2.384389701594185
VAVSET	0.4244202480485484	-0.32070317837367385	0.04096847002342198	-0.1805045650601932	1.9195132423497991
VAWHIL	0.4237468950995762	0.025566751839092294	0.15887078047955455	0.027905517786549216	2.378763048459835
VAWHUX	0.49929408861378377	-0.3111769739870432	0.24668921392947457	-0.08764646224576257	1.9032761594922252
VAWJAH	0.613097760407082	-0.14391960324065345	-0.07224869513526017	0.05503075331722723	2.3323773539103128
VAWJUB	0.5485621011830322	-0.19728321147411854	-0.04464474903349404	0.056760405252583204	2.1970749650356134
VAWKOT	0.7150375631605579	-0.152824901320737	-0.08465440807879009	-0.13750890689290302	2.3529969300497515
VAWVIC	0.492332034854015	0.12225935275375285	-0.17672007709144658	-0.2353096886327199	2.670692548087695
VAWVOI	0.43379683014869563	-0.07211684645725541	0.4924214800690754	0.032826724694088115	2.2196526410369652
VAWVUO	0.43023571063399935	0.04041693444128171	0.266788079877892	0.14019719079859477	2.4092650957103396
VAWWAV	0.5615159200804829	0.2842371242792965	-0.19858208194106194	-0.3108375007344871	3.0509829042253744
VAWWOJ	0.45115021181379866	-0.007119273556621609	0.2813435955074488	0.15281452963797737	2.388397051683376
VAWYEX	0.7102450319378137	0.05398228848285404	0.027710765716755653	-0.20304933202345615	2.7445133242009914
VAXBOL	0.41843770896965804	0.05525972652406967	0.1282399577253593	0.02561612006226929	2.4292285490990153
VAYCEE	0.5427907748653631	-0.6028457952144975	-0.06908433689052976	0.042586091029573864	1.5860824471974373
VAYDAB	0.5305226500246549	-0.504144616076204	-0.12997651676023358	0.1011201810321636	1.7415382184774935
VAZFEI	0.6916799700918705	-0.47730062327067857	-0.02214067206484227	-0.006019625783821099	1.9104479927280966
VECDAI	0.6942652261367606	0.23574290002011006	-0.2311254352296458	0.07540617794142752	3.3636088237577675
VECNUM	0.4469149405060229	0.129918898348873	0.22731771684229446	0.1177193041813665	2.614060997218292
VECRII	0.6272510959500357	-0.2778927384826799	-0.09338182603059882	0.03117284721715796	2.1497736240462686
VECYAE	0.6357979746337818	0.0396371958338136	-0.08402817204360949	-0.12371795348238161	2.5031620077447614
VEDGET	0.7729447182290103	-0.4815367978650876	-0.04082264690060857	-0.006063507229577096	1.934387764793412
VEDVAB	0.43152700068801586	0.28454828227158285	-0.17148327805087904	0.06229309389892531	2.900228670751014
VEGXOY	0.6870385788885169	-0.4283027653007011	-0.20555377320474005	0.19154771354921551	1.8271725194304294
VEHWEL	0.5883297944065182	-0.32475098514368034	0.010321248526322588	-0.08162846030419231	1.9292428918917008
VEHWIP	0.6329771287317651	-0.26828812130330604	0.03666080121473435	-0.06722342044269325	2.0377437376832206
VEHWOV	0.5299871698746124	-0.37509283733499277	0.03902426507122264	-0.06696929515219115	1.7833870431744527
VEHXAI	0.6074294567891734	-0.2855612141402516	0.045972622623934783	-0.06312549703078947	1.9848699388602222
VEHYUG	0.30267445405165905	0.1852164334113201	0.20757451277788486	-0.09771481445718147	2.4941834638886804
VEJGEZ	0.6003994129774739	-0.325228220798628	-0.007314393122345206	-0.03117398578137854	2.042298064657187
VEJNEE	0.4192967286496252	0.13811499768008761	0.00253478441098369	0.17038569147315008	2.611370111798001
VEJNEF	0.44937114229879693	-0.03403479688700242	0.3350253062041375	0.075775859140725	2.2032994918961415
VEJNIJ	0.5671629720434828	-0.1657707745943388	0.2086293740954424	0.038821409343242096	2.2409768568501116
VEJXIR	0.46950196746549544	0.08642542124934374	-0.18982160177386506	0.17775976202706079	2.572974582239707
VEJXOX	0.7278477886063035	-0.16427022014724368	-0.3980842403723369	0.07819502928822189	2.453144042595256
VEJYAK	0.5118096990015939	0.2605702976996882	0.23128282959921487	0.22213099401034603	2.9937541476975413
VELNEI	0.44301456883118906	-0.01787387709818005	0.22434328075292437	0.06588623062827884	2.29931665399542
VELSUA	0.7733749532578944	0.033300022060181955	-0.23520926238161155	0.06609673217377962	2.902072567141776
VEMZAQ	0.3872803741578057	-0.06991241915888743	-0.16512661852956348	0.0730003709241083	2.3490018134928237
VENHON	0.7292815948233882	-0.4532853705994894	-0.05592817456945569	0.046951956085655965	1.920915727494819
VENLOR	0.5776572877992665	-0.3981726113017165	-0.2118295174422031	0.02183578270463625	1.9363963649189175
VENMIO	0.20827908504677195	0.4042151567290708	-0.16901354839372001	-0.25788273869156586	2.7471031510386155
VENQIR	0.8626275620534125	-0.455363914403497	-0.06029718826010608	0.032947837704943334	2.002005605683831
VENTER	0.5697489884316909	0.3257117434351438	-0.13503483323713442	-0.05841295812070199	2.986887141801839
VEPRUG	0.45169069437426046	-0.24371288834254495	-0.030842406711432437	-0.2577833680775455	2.0811144074010626
VERJEL	0.5414057287364233	0.4021714505875021	-0.014193473307348256	0.22881472625081128	3.3626703986027886
VETPIT	0.679797471878266	-0.33432953543116983	-0.02065350364551264	0.09649280179217049	2.0309654352550157
VETTUJ	0.5720452667782592	-0.30165508137915215	-0.04946008607630565	0.046286166030336376	2.08548791950268
VETTUM	0.4724528922252764	-0.3666105066297857	-0.0168867549173179	-0.005536165282968179	1.835853817820741
VETVIZ	0.4611740602967158	0.4115495389151175	0.23671604107886474	-0.07067371312654545	3.0894650732241757
VEVDAD	0.7378726076204298	0.48659652649700713	0.11375484626854587	-0.18808119814470353	3.8385987124948127
VEVDOR	0.5646879174832611	-0.5930891968775094	0.19639894848478429	0.3230541730629438	1.6361363514247849
VEVHAH	0.43451307594345945	0.6857410513745098	0.2683574480984059	-0.019027023600322067	3.863014063071226
VEVSAT	0.2987373778060771	-0.3221121074925618	0.08115632864601921	-0.21092907481078227	1.6031711793376942
VEVZIG	0.3767351508039889	0.1951200656542356	0.24046285468910694	0.07135305462865763	2.5731554185558716
VEWCIK	0.5328789564502259	0.05226819248431537	0.0051194821534818885	-0.2988749437948626	2.447984707227139
VEWQUK	0.5082443911139451	-0.5396434106282632	-0.09989686144227858	0.11187419355977017	1.6573979564684842
VEWRAR	0.6366424740416372	0.10328397660954078	-0.18571509648623194	0.05852507621287191	2.758335047619633
VEWREV	0.3834614345945928	-0.6979138444365899	-0.0638476690920747	0.1167266347314301	1.3683330329143837
VEWRUK	0.23439614222814997	-0.26966550214399077	0.24706341335165727	-0.28950024439447086	1.668369873303095
VEWVAV	0.4917759556160659	0.30418567441482275	-0.3030168214765555	0.15902471366913823	3.251980090710348
VEWVEZ	0.5582731989566154	0.16392600959069722	-0.15804640202499587	0.01706785837177409	2.762839430773142
VEYCEJ	0.3883320543227944	0.2759235287199681	-0.45827833484286445	-0.5063186172706412	3.0067048161075096
VEYMER	0.6677169289610649	0.039371874939936456	-0.2768202268711313	-0.046689251193478	2.5172683246905163
VEYMIV	0.6533178141353204	0.289809013840573	-0.17362702164124294	-0.06810441935296749	3.0358121096002146
VEYTAX	0.8471344169117705	0.011454192697749402	-0.05633761068447564	-0.18917718304614395	2.8495112702051966
VEYTEB	0.46026406354083704	0.06688331812753853	0.10990052165449399	-0.03936174665310366	2.4712250033151397
VEYTIF	0.8043980063106622	0.07075414210456737	-0.047874111507874864	-0.15596638275301733	2.889568342859924
VEZFOV	0.5901095591842545	-0.5170761685520016	-0.07174464480068679	0.1521642144373327	1.7028621531138708
VEZWED	0.34232811676710506	-0.2079564102201919	0.06338885736024974	-0.13093471014007552	1.7363074859646273
VEZZUX	0.5448158449681983	0.059713462855734104	-0.1846647689848	0.03711736008357164	2.4735434577781903
VIBBEP	0.4661069737628383	0.4051135349092077	-0.2083090395666508	0.06963419176824225	3.266697148565469
VIBBIT	0.5651716336955586	0.29885636178371816	-0.26755134661168195	0.12535197496615386	3.2156403852087605
VIBZAI	0.21084590474413645	-0.3171784311966874	0.33864429821583103	0.10835590949472643	1.5766579849030984
VIDRAC	0.46495450259372006	-0.5491341439677658	-0.07792669696780964	0.05051947007655763	1.6360600004022594
VIDVOT	0.45554646304594026	0.523333137115481	0.4586999239165497	-0.09767540563472034	3.5346159762165597
VIDVOU	0.3104207190572703	-0.51649773729078	0.16868156029417372	-0.04833623699378198	1.4207746304900488
VIDVUA	0.31796170582796623	-0.47274007579205524	0.12663751492875855	-0.07770666908223418	1.4465231591032233
VIFBAP	0.499100079113167	-0.034495845355089094	0.10735459900026384	0.03182998450427454	2.2094065669866656
VIFLUU	0.4260947045080963	-0.4386153277496592	0.03365789598517538	0.10275568469093473	1.6047119091509783
VIFMAB	0.5225427565929914	-0.14757007560711527	-0.11276671040527422	0.1356240860377217	2.2313567076747294
VIFMOP	0.4926887055837037	0.009014009929184726	-0.32138683730355355	0.21183200296396004	2.6178418383555355
VIGLOP	0.30397149852898764	-0.22540404747714027	0.2926659656346729	-0.16745230489627116	1.71758326726443
VIGQEJ	0.5024434388481929	0.26412689680305235	-0.08474914505137868	0.10436298569044113	2.928403069661861
VIGREJ	0.48578983739932013	-0.13816001515789572	0.3148158846444475	-0.14915734456072205	2.111728164297794
VIHFOI	0.4415996785098413	0.34097331993731395	0.5343428699912944	-0.14317259826775908	2.9701370476627407
VIHMAC	0.40725104112041777	0.4503536292192756	-0.13824431128371079	0.21578285761814203	3.317119702318006
VIHMIJ	0.4304578357351643	0.4554878109519889	0.18899797408676905	0.3413958826387277	3.377292970537547
VIHPUX	0.3423569943089162	0.24775410445480878	0.1774299945992378	0.14031344275533963	2.623824484306246
VIHREJ	0.5752550832030323	0.05889541720844023	-0.15203764063180747	0.17716593966282612	2.5830385630950423
VIHXEQ	0.36176614221300074	0.44252175490525464	-0.14402171087677368	0.27005383489696555	3.4160394198527477
VIHXUG	0.403561064597592	-0.11754621946673367	-0.014560276080513912	0.1760160299510911	2.2056636433553973
VIJMOQ	0.518710273626712	0.294692883042483	0.3887032361573937	-0.11704786677669833	3.0277128696912396
VIJTIS	0.6094232980253667	0.5188145140031377	-0.21836178604653894	0.07884297311659393	3.649081033024852
VIJWAO	0.4134473603693971	-0.13579937656093397	0.19509900188301987	-0.03243533392961369	2.0094018534071028
VIKBOH	0.6771192590453881	-0.13807776995988058	-0.5085255066158634	-0.003588920790726261	2.7798009029910844
VIKLEH	0.4322000267811834	-0.1652970670417159	0.1233804092923852	-0.05259275636641174	2.012247298575761
VIKMUY	0.6921627209041201	0.4171115763688191	-0.17900287991112868	0.2057779915760859	3.6527865200576866
VIKQUC	0.14910691990953184	0.19060277528760847	0.5507494083943413	0.07569793816928205	2.353285198192843
VIKRAJ	0.04859284751528836	0.19146324230140488	0.700435540099019	0.0027610236591325867	2.3677289617723645
VIKXAO	0.7208933753858879	0.3108003230082871	-0.2144201144568194	-0.13062044885556134	3.3542438880823666
VIKXOC	0.6555948717978906	0.5522664639022485	-0.1553825229882691	-0.03731616295190825	3.8303588220069216
VILDEB	0.6999028542729455	0.4448096249097726	0.24146209678414182	-0.15150818701869517	3.6830179390314064
VILDIF	0.6094807390064192	-0.014086642637059341	0.08906658274254461	-0.1748525227473518	2.4454125609275303
VILDOL	0.6221560200998679	-0.001401310756563568	0.06627468736009551	-0.21741178110241738	2.443781818673267
VILDUR	0.891868321753809	0.20272532266471519	-0.07688861224360166	-0.2686354920195938	3.458021443854961
VILFAZ	0.49633788815252267	0.09239943953655569	0.047232606504036906	-0.18561989306075521	2.492551874537006
VILFUT	0.37410604440033435	-0.032981802358285954	0.15626461732757213	-0.1495089747113585	2.2142145115055203
VILGAA	0.48454224295130466	0.04143821048202752	0.17695579448919935	-0.14015578500785897	2.433016497817844
VILGII	0.46532650838048717	0.02140112178816088	0.17792138355615683	-0.14422893546827198	2.3764384516593475
VILGOO	0.48171612051913737	-0.1568897443101053	0.12231973920314657	-0.23089464119952707	2.140838988636228
VILJIK	0.904113836196899	-0.6954367871875785	-0.7995392596230684	-0.21314143888864162	1.9978450861975112
VIMCUR	0.3935408836756631	0.2218950991598244	0.27586186272523555	0.28269323523635975	2.718717488573575
VIMDOO	0.6497508640488592	0.2760057563347538	-0.042674530579442226	0.152789056704854	3.1798376743756718
VIMQAK	0.19712409573418732	-0.5486526674424441	0.17223120346118725	-0.01730674526793545	1.2638653910875894
VIMQEO	0.20007821492235411	-0.5456860845352314	0.1779629504790881	-0.017775941530497927	1.2871897081552448
VIMSUI	0.33715320122351633	0.3212165540001491	0.017578470837314245	-0.028477365078649848	2.9687667480601405
VIMTET	0.5824568592379222	0.0649914164171223	0.17229868905446777	-0.05447246078911397	2.6791156074698192
VIMTOD	0.3022321407716819	0.25144878460711023	0.172584503459505	0.05793329973314126	2.618388156049688
VIMTUJ	0.2715093204031791	0.32712893276896915	0.2107365923694262	0.19600789813723024	2.7801109235471966
VIMWAT	0.5448668155191294	0.5585183598465389	-0.051057129682304817	0.1271744298443181	3.7344998578053645
VIMWIB	0.4835543000192093	-0.5508491813288896	0.04640060085077352	0.06277070390366499	1.6072698463026556
VIMXUL	0.5925232766364905	0.07405157934767116	0.22543676997291445	-0.09928402913221772	2.634842940495723
VIMYEW	0.5876136886910999	-0.18932036175709413	0.23391779821478587	-0.036485975588341824	2.072774967361581
VIMZEY	0.38570818114634164	-0.14035870967808028	-0.12333782689099344	0.18982394794227764	2.125667585522221
VINMIP	0.47175753222574635	0.2680690192938669	0.17468910268140236	-0.11084768684969339	2.8510493375242825
VIPMUF	0.26439288240989667	-0.045058388646046665	0.006387770374074175	-0.12970318502963146	2.1071218545189465
VIPNAM	0.28584668511948585	-0.07847297819897822	-0.11709717699824476	-0.11267152666475312	2.0523367219584614
VIPNOB	0.5292785433550806	0.03607513596541331	-0.07644995488372604	0.20082533268568842	2.583149910982383
VIQJUB	0.6516826091693977	0.6519795335824016	0.21520396507085854	0.2573031523790426	4.218578100367041
VIQQAP	0.4917712420946927	0.5441884222959212	-0.18778012837493024	0.2148726776832398	3.737810334273654
VIRHOV	0.6021326026513316	-0.34011969127892105	0.00723354147249719	0.04832963439484722	1.9252541274594464
VIRKEN	0.4600289383992715	0.19344789028735845	0.24838745205657609	-0.38421860511107986	2.7036669251053778
VISBIL	0.6488232791213902	-0.039402881933946574	0.19084490784029146	-0.1325624490848249	2.4347922127477624
VISBOR	0.571246617114447	0.09710429278034943	0.1866031628150277	-0.0862739888785099	2.6286766535407384
VITHUF	0.5463933034322848	0.4078762666396798	-0.0024298247304561232	0.19634866763286146	3.370790543054607
VITYUW	0.6038484902878007	-0.4460021036388623	0.07348025379075823	0.11521944857594306	1.7755717382755936
VIVBOV	0.555819425151924	0.34884106763316197	-0.09120521167581815	0.12623105724068429	3.156422547381632
VIVJOB	0.5830581336447791	-0.024252828454378803	0.06122559419259069	0.16449088118867988	2.4191621126601826
VIVXUU	0.4767286682485148	0.25299390384565107	0.31146073253115814	0.17117934921700761	2.9904223435803985
VIVYAB	0.47398961570445675	0.2088624970595915	0.28752201299563523	-0.001559696538873525	2.810308566166501
VIWCUB	0.5419772716116507	0.039582585450943494	0.07195121347979205	0.056825621231432956	2.4498899796893614
VIWKIZ	0.3457892069903621	0.6542861383654499	0.3844855002242345	-0.07417998621253061	3.6462437704238275
VIWLOD	0.4917066580270131	-0.3758625644736539	0.05430235889687593	0.06531753224056676	1.7575299977289107
VIWLUJ	0.5325739909453411	0.5165709983799841	-0.08731956701254323	0.22882959014824333	3.6881497876072555
VIWPID	0.447098296900557	0.41857976188310975	-0.3021729140748606	-0.3650307730346995	3.4172690146470694
VIWPOJ	0.3781712711439482	0.013971539465250891	-0.3141847580419187	-0.49296999769883637	2.2611582995377972
VIYGET	0.33580830111039495	-0.36042452515918916	0.09978428812648693	-0.19621471803695045	1.71566758117466
VIYKIX	0.6897411843546193	-0.2982371504747701	-0.09608462290810865	0.0076828429067346965	2.2238186021568973
VIZBIS	0.5253023230111218	-0.4739801853417331	-0.08371429560722274	0.043617705173443516	1.7454257886596816
VIZJUM	0.5022087458981357	0.13120086109773346	-0.11990228134876085	0.27410725790691964	2.810754422588826
VIZMIC	0.6714838685123041	-0.01859847617690106	-0.16779124804947065	-0.10497751546190483	2.623927819217411
VIZSUW	0.4974792952692271	0.1300622616132436	-0.15239997520490117	-0.14267608591708164	2.702060662411546
VOCHEC	0.7131288441816492	-0.2591873059132748	-0.05740738636849063	-0.24800494871179696	2.0455431138327422
VOCSOY	0.45061664481426345	-0.38748695491688295	-0.0018594802343941536	-0.14660212311657822	1.7108478597941963
VOCSUE	0.3193772835288682	-0.8045786711885029	0.3987092568596377	0.11543754827912966	1.233480789616218
VOCVAM	0.6945053718142882	0.4458628195081047	-0.2411653946370621	-0.27886990574404397	3.54662983508347
VOFCOL	0.30128760593752224	-0.29295147953666334	0.15003269090075586	-0.13143673581624393	1.790291751701938
VOFCUR	0.2561684762258487	-0.35343637229337216	0.12380112353589923	-0.1947032538503563	1.690614236410878
VOFPIQ	0.6139843461233063	-0.2808442731527323	0.020137435802705494	-0.06710445736966944	2.057315842695938
VOFVOC	0.45277057241317387	0.12136929588483478	-0.4312192502713271	-0.3094777260665947	2.5214171226145465
VOFVUI	0.5488711477896873	0.24380031786578127	-0.4322003969980574	-0.515910112146193	2.9075591584100646
VOFYIA	0.731467178469523	-0.06421305991804967	-0.2214039169985957	-0.27173613852188344	2.500657019125996
VOFYOG	0.5260130999750361	0.2186741792885838	-0.2305516320204785	0.20670749231585717	3.1257088910144684
VOFYUM	0.6765061210562004	-0.12153506442454268	-0.23232328116611756	-0.10967438092950581	2.339466330082706
VOGGOO	0.3928115634073688	-1.0276708042442726	0.3711305640506805	0.3763359004473396	1.0742341100896535
VOGHAB	0.4185031311498957	-0.37423570083617785	0.1629671018863706	-0.009262451763648816	1.597206730594244
VOGNEL	0.3210794654929301	-0.436317306469106	0.24992290974331977	-0.04834247074786875	1.5669395186612003
VOGNIP	0.3260242091405572	0.4317006956779524	-0.12563196182383712	-0.17155096039364676	3.0486872512394423
VOGNOV	0.36177209600592075	0.46914613688130463	-0.09652125326316646	-0.24852361926421435	3.207158103540343
VOGQAM	0.561773844450653	-0.23841638108576746	0.012399306236844806	0.11041022950162241	2.153786795863688
VOGQUF	0.6385204523554435	0.06424533259227962	-0.3193650552312549	-0.1276775303234149	2.540398093591369
VOGWIZ	0.6532025280540008	-0.053050926449967714	-0.07944235362165689	-0.2222822673399687	2.5100909266888367
VOGWOF	0.2678524190669882	-0.4302934784796436	0.15703934882609724	-0.132483803851891	1.5370495056595543
VOGWUL	0.318980001085468	-0.36614343455275283	0.11638822286563508	-0.12196750880029263	1.6794980414599945
VOHJUA	0.4283927211820613	0.3226883283074006	-0.2756412524875429	0.294051576372742	3.5116224605974913
VOLHAG	0.4841945099971552	-0.24685906606881555	0.3354687424607574	0.08527342100063495	1.9255690672523662
VOMFOT	0.45543609426534903	-0.04489381743538534	0.27046274973293044	0.08395125768311809	2.2682430747106204
VOMGAG	0.3981157335575167	0.6644771571994453	0.33844344805982585	-0.02265194743397749	3.76466317087004
VOMGEK	0.41918401569283503	0.7047463561478713	0.3577832330468182	-0.025969812685083936	3.9238302908167233
VOMWOK	0.6091047092802082	0.38340275042569216	0.017927944238098348	-0.10483517350143569	3.294625625216259
VONJUF	0.3396156046549548	-0.20872594742190717	0.05937119058593035	-0.09969030544509175	1.9145137367344711
VONVEB	0.5971354815792811	-0.3872132188687899	0.04759072683594662	0.06450872987138266	1.9842197032483084
VONVOK	0.5257727662626825	-0.1397432059109459	-0.18803280596756136	0.16355420462176573	2.3260586733759867
VOPCIM	0.6104973351748972	-0.2983703331747162	-0.05922573020942062	-0.049840511956435726	1.977346906014204
VOPREY	0.663842761659601	0.5081377465572262	-0.5885847816111194	-0.37326844431490175	3.9680624974372005
VOPTEA	0.2673016201344147	-0.242538070872604	0.10619755518872054	0.4145950506271346	1.897506616898823
VOQFOX	0.48935978657695234	-0.39838133926959757	0.057727531422489375	0.05222264600828798	1.718924291920288
VOQGUE	0.5528328792691406	0.012421739432230364	0.08731325937943907	0.05676771991440382	2.3782180594996944
VOQMAR	0.5928324620828187	0.3144607298300893	-0.15101130467876192	0.20027247377248347	3.2078668552995913
VOQPAS	0.5686693668504326	0.31189160848461916	0.029915755479542477	0.18176414374534594	3.1002937903934678
VORREA	0.4839225391402726	-0.24842907976413445	0.3374875181373237	0.08494920590856689	1.9248144576459454
VOSYOU	0.5620848301996695	-0.26904223242211267	0.13536553883904823	-0.14108167172857466	2.0601303159614464
VOTBIS	0.49908335049560115	-0.21047071319783867	0.0911075220536357	-0.23288898812197678	2.0292767554131044
VOTKAQ	0.6004940424334144	-0.09080586936337774	0.02209090926320928	0.027372906392672626	2.326612027849406
VOVDUI	0.8989570971299754	-0.41431540752844925	-0.10129744088692288	-0.04364677117123339	2.1192000235708965
VOVWIO	0.29515347358423805	0.858405582219016	0.16736503933924227	0.2078189044504422	4.124916547708676
VOVZOV	0.5708349486724185	0.1978033705068746	0.37722111693816573	-0.17733558179176662	2.882750492177634
VOWHIA	0.564306384973075	0.31639280555125343	-0.033366457683716905	0.13356763565633162	3.1229958535851825
VOWHOG	0.5604567154741096	0.40811896492631705	0.011888079186706646	0.13576799978384174	3.317846140452179
VOWHUM	0.5906268904947014	-0.16490708256230124	-0.45884648417633783	0.22166254836121485	2.3986624640057372
VOXFAR	0.3978092133901754	-0.0588957239354529	0.39925105287375107	0.16633431735832355	2.151863099095623
VOXPOQ	0.5795377115615619	0.47532982105895233	-0.22810774448311674	0.33444804605574785	3.8955051739040893
VOXPUW	0.6386860243117951	-0.39297325065436706	0.01711121292928	0.031113604623490575	1.9032802186220517
VOYREI	0.4725989483147588	0.2885739085228611	-0.38944700939592763	0.19059307549156218	3.533456298128507
VOYWIP	0.5659061514330634	-0.24807336469646377	0.0033846807032317516	-0.006144562795078301	2.031181880766012
VUCYUO	0.5606611893254652	-0.0032425617439592463	-0.14640895876502152	0.06825368584851024	2.5285186640800204
VUDCEF	0.6288590942322099	-0.048556734376588015	-0.19988268211782653	-0.12332741984650843	2.4351898841916055
VUDDON	0.44940054045606814	0.4314765468727469	0.13217975101333404	-0.04513179019094368	3.2383824682373716
VUDFIJ	0.4626161858000355	-0.02709966763358135	0.04214818806498216	-0.1794229477805821	2.2265408921187997
VUDGEH	0.42404402639844285	-0.6263963247873223	0.2326145556333133	-0.03146585647081274	1.3588970067638804
VUFTEV	0.6821922867041126	-0.46957193722452784	-0.1486902880691539	-0.0018529902797078841	1.8561359899617975
VUFWEA	0.16744879567873516	0.2176361802888225	-0.06099676949994348	-0.10604392431983765	2.3751128733553433
VUFXAX	0.33905625638607395	-0.1569711696161959	0.2803067301797691	0.02242437911397363	1.9095244802326357
VUFXEB	0.5644222626977067	-0.15165303612110748	0.062485440474392834	0.018464308353497265	2.0746672318757424
VUGDEJ	0.47614179797778267	-0.29594310678768676	-0.003598973015790638	-0.010111535488798597	1.8469495078230498
VUGDOT	0.5181531714022363	-0.25712134291732247	-0.018461802050086774	-0.03074123351269563	1.9314401955781773
VUGDUZ	0.5200527896145761	-0.29109633188133116	-0.01632313367166202	-0.018266814225121705	1.8951176976845971
VUGNIW	0.4426490089293038	-0.023960601614233072	0.24606576753269027	-0.08255752814381127	2.2245138343320203
VUGNUI	0.4534574000486771	0.10626466174057925	-0.12990753313692596	-0.1940186971876951	2.6276664470337097
VUGPAQ	0.5592010555562066	0.05918707583344722	0.1754858026176508	0.06907624307164055	2.4943304271381876
VUHWOM	0.35079046367833033	-0.16979379561044086	0.22428084011968286	0.06716066697283865	1.8298547931278089
VUJCIM	0.5285752142857634	-0.3381327697675818	0.09394617723551904	0.014537579175846653	1.8450641289600207
VUJWII	0.49835241117081	0.5052697472851102	-0.11425243705787944	0.1439225845832817	3.5303596941383204
VUKPEX	0.45357959596117414	0.23852784703365076	0.33906901562543756	-0.0035498352194937195	2.7453051829594415
VULWEE	0.31799371893048445	-0.4605268674909275	0.17158593590167998	0.0011957647819975138	1.4560065890688023
VUMCIP	0.6256489630039379	-0.11535610351637447	0.33720210799713796	-0.17951913194567498	2.477366233673529
VUMCOV	0.6388761463239927	-0.11046760685808352	0.325687829267383	-0.1808914117054337	2.509783138193824
VUNFES	0.4561219814691011	-0.35830780709657595	-0.3566705986763967	-0.02782130189207957	2.015149031924933
VUNHUI	0.35932811839958045	0.3036788992476798	-0.3096897029052905	0.07081542796286655	2.980003230632477
VUNJIZ	0.6190626068212222	-0.2147700889120125	0.05183080998640788	0.041246057401594025	2.1059435838272558
VUNJOF	0.6786022757664272	-0.3068580388858898	0.11244396537394555	0.06980271654665515	2.0246137164460403
VUNMEY	0.24024160707099318	-0.19073332565999918	0.16721277424514994	-0.09318289097856608	1.8467385582397275
VUPCEO	0.4862525249171137	-0.15918664663675727	-0.007790186234376106	-0.11103643181644492	1.9938598888649137
VUPDUI	0.6207696239310305	-0.6234332391467537	0.06131262207109481	0.061968450966662175	1.5857429961492377
VUPPAA	0.788522593194454	-0.3973881276746494	-0.04199529618126911	-0.007568791070009892	2.0693953394010043
VUPPII	0.7555135487548812	-0.4423490232966947	-0.011976615747380112	0.009096590330104942	1.9519284100854302
VUQLAW	0.47423867137822473	-0.21683588999437242	0.021091583927712	-0.06880697184735875	1.958371009394588
VURCUJ	0.3870410586977515	0.5014869048571974	0.13808958652372996	-0.20040709290598263	3.233432836450353
VUSXAK	0.4411739905890357	0.08393518761988718	-0.2912798358332457	-0.33830942797195207	2.5210156693295844
VUTGOI	0.36963929674320983	0.06619247952693182	-0.18819041823690275	0.04605087957237759	2.4831261069682973
VUTNIH	0.5786128266772845	-0.3665076811083993	-0.09240711856860488	0.2530655136149392	1.980524906934351
VUTNOP	0.238303754456489	0.3455963998622208	-0.06605423928372217	-0.10294870773386038	2.7731872164254323
VUTSUY	0.44243245521478247	0.24981837531021045	0.17925619054157355	0.023410424161691413	2.8486056535118074
VUVQUB	0.49569583673214357	0.21170030246139487	-0.13910195603979011	0.2478639740197423	2.888989917209936
VUWTOW	0.48222754574083027	-0.41240802921462183	0.13139811450368058	0.21879004272050306	1.7157796267488787
VUYCOI	0.8057045245698253	-0.4713531434874748	-0.04606219529753646	0.030107887033405892	1.9264971365159727
VUYDAW	0.5066081115253773	-0.5393763396319615	-0.05447383072018451	0.17705901012208858	1.6996622236200922
VUYHED	0.39601540243951394	0.03321402157335425	0.031490807904617016	0.2706778567202468	2.3683950034128016
VUYKOS	0.504831570600647	-0.3301178177117733	-0.18607467753683005	-0.004544392397518478	1.8509715496525474
VUYYUK	0.5633627922878359	0.2552134518742589	0.2627650704968064	-0.3485966725211113	2.917112570448127
VUZBUO	0.6050864669484062	0.043308159542439065	-0.2529961360638348	0.05851679979849834	2.6826071734061854
VUZKIN	0.5314539191597065	-0.12890212861898553	-0.15243778732109814	-0.06971494104532104	2.0877082122804786
WABDAG	0.5683764020602604	0.527260422320298	-0.33840920610097414	-0.023535495630601935	3.613178030993339
WABVEC	0.6869980259276485	-0.07669910127357857	-0.5808857291753995	-0.15101657204463315	2.810980812485626
WABYUV	0.4760541723643943	-0.34401089107598976	0.1497623743329006	0.3159790411194913	1.7844187415642656
WABZAC	0.41853298058189736	-0.074209698970115	-0.1461183914522915	-0.24930883869541048	2.297977679026256
WACFAL	0.9101506279332803	0.6354419776259258	0.09486850937806568	-0.1455382595879205	4.765934306324176
WACFEP	0.6994055232659155	0.46764217235405703	0.10230219356297562	-0.21423394912420096	3.7471909621809436
WACFOZ	0.9073800505372924	0.21813150372825274	-0.39848573369355406	-0.2103962872966476	3.4160324596944154
WACFUF	0.9268711123824067	0.19076817000933052	-0.3919499450715146	-0.23106717305062097	3.4090605424515754
WACGEQ	0.9405665617260999	0.1725574486900448	-0.4284076076011451	-0.20447387888478175	3.3983840249818247
WACGIU	0.9465814763700617	0.22198009722274917	-0.3697670893079735	-0.1949956179372903	3.5153178419165356
WACGOA	0.8430795911614082	0.14833380172999092	-0.31014229883651423	-0.19684408290081112	3.053584175408907
WACWUV	0.5224427328033237	0.23551110582399082	-0.46823790477024646	0.0475425847284789	3.6386019954168605
WACXEG	0.2803540925174337	-0.6526812075600008	0.1630506995283831	0.04966744042454578	1.2582773533871618
WAKSEH	0.38575648532455453	0.02242509845193815	0.15364756414325656	0.2228708828971696	2.392323084252978
WALKOL	0.4908360980451869	-0.381930806459967	0.05971074424001424	0.06523624363786149	1.7542584217627755
WALRUA	0.48679200789717836	-0.05302181426123688	0.17842946012488714	0.14248167825748953	2.2656765602700673
WALTOT	0.1715409633884195	-0.37011039602026863	0.19346783677299706	-0.19524824051482614	1.497591904394419
WAMQAE	0.3940684792518008	-0.11896328076774422	0.09641056241761672	-0.10197364989707987	2.073624352026576
WAMQEI	0.40469277828802763	0.09574592118186917	0.024244288399328545	-0.030023011874447683	2.3527868448498745
WAMQIM	0.38202738663872804	0.24647024804875678	0.2435821696686628	-0.2560293737541139	2.647139776200762
WAMQOS	0.4042134653180982	0.09276567482069957	0.04073127563233597	-0.019904137905476516	2.344792151905566
WAMRAF	0.3852348635165699	-0.17147382221110385	0.2718525033026781	0.05247262746776949	1.898889539706096
WAMWIQ	0.7735514182740708	0.3380255358950302	-0.2820380594446248	0.004627786857257385	3.6272614404268273
WANNAD	0.6221846709168659	-0.1763187939571137	0.018609792483776033	-0.08157524159066566	2.15538144367948
WANPIO	0.45126737207342593	0.07568652433889042	-0.1124497948169936	0.2658135855863854	2.5691799998770515
WAPGIF	0.5859816583865332	0.3789243541003899	0.12459585438178888	-0.11853292674266373	3.2625618646118064
WAPHAY	0.4893506354914763	0.23588312773312148	-0.06614457347290459	0.15300750373745992	2.9000117659011644
WAPHEC	0.7574134395487473	0.25282267192798574	0.04327307750366598	-0.1995743459106042	3.13814051549845
WAPLUW	0.5459951577061606	0.28533760218646154	-0.005770042960336702	-0.10411519786272865	3.1707137930002567
WAPMEH	0.44948703417450275	0.09375810439148681	-0.022264183708852837	-0.17317329136023468	2.5055609978396154
WAPNOQ	0.5625905011069783	-0.32579237577499154	0.04432787153684879	0.0938326420019609	1.9342034963186652
WAPNUA	0.3576034695841779	-0.314836410124008	0.16131269198507442	0.11993493595237946	1.7959141737868285
WAPSAK	0.55550392521004	0.20207036847401907	-0.17823879139100512	0.275369788807696	3.0012484924620253
WARJEF	0.6347290996578989	-0.11063389248509045	0.004375198742984476	-0.1318860906214563	2.2389009123741035
WARLAG	0.5259336012244029	-0.2751601748623188	-0.0025434724911535533	0.047179577063493294	1.945359228963148
WASWET	0.656233174891776	0.0012441038870828758	0.042151887346768155	0.07227819291266926	2.570621416923229
WATMOT	0.5041540864234868	-0.5601661554156577	0.04094150046685742	0.13770730042868773	1.6569861715974556
WAVJOT	0.5233877528862356	0.04490295905690678	-0.0037571754847788574	-0.15897585651203955	2.5618630364428685
WAVTOF	0.5416686546115139	0.23703964599398963	-0.5630384535662558	-0.6352777563008329	3.193420692588721
WAVTUL	0.5164621129155567	0.3244749336054055	-0.42849897301053547	-0.5901256447764818	3.179958066312823
WAVVEX	0.3194475876733289	0.0013948212122063437	-0.0825801810369076	-0.24536155063094062	2.042962193710901
WAVYIB	0.8130402928106477	-0.4450298735601118	-0.049853609920865405	0.004542562470788474	1.9843115927911144
WAVZAU	0.8038647285070111	-0.45919079156490483	-0.04541926658718896	0.010959855871264577	1.9587338900613174
WAWCUT	0.4790798985436746	-0.35869860223739664	-0.002792094879344856	0.15276355903481625	1.7761265633765582
WAWHUY	0.382553649521137	-0.11040318625328345	-0.270509619488537	0.18570801700715	2.23871088978145
WAWWAS	0.5643912777157798	0.2480733038305321	-0.07674888955109957	0.03070787812004016	2.85661767215126
WAXYUT	0.5730130724195952	0.1743750283713144	0.05065068746539361	0.06438470444764532	2.788395429430685
WAYDAF	0.33195604380729105	0.20286119241358322	0.10972451884543322	-0.2881382829921896	2.636958758454962
WAYDIN	0.24079667358303425	0.14088630426616622	0.21772772569352805	0.041891927610864174	2.3526364487071865
WAYDOT	0.18900370826364732	0.09397507957040548	0.24995802798846029	0.02997864578428288	2.2164049982639638
WAYDUX	0.38415207580063715	-0.27227360192188554	0.09613268503230915	-0.08910258918296429	1.8353747606230895
WAYFAF	0.4995956583856218	0.008044762119155988	-0.10178503220867699	-0.13229692040054697	2.530783848152118
WAYFEJ	0.4254009609732057	-0.12652862428108128	-0.043646860744478135	0.02520264010321041	2.1099151995059007
WAYGAG	0.39355817011028726	0.08789701645084169	-0.14399598109923273	-0.31147651329453446	2.341756569995008
WAYJUD	0.3537671407320149	0.10969141908155292	0.2666347097162867	-0.17610822459338393	2.331044210699369
WAYNAN	0.47272976684213397	0.5206139030907875	-0.14650656163815418	0.19983612911265347	3.9223893368283234
WEBLOG	0.3683854438268206	-0.3771472650287492	0.38280980558002237	-0.06053585326952278	1.6625275305153642
WEBNAV	0.7670150235839754	-0.2760878881860559	-0.031824878557830706	-0.08176478403369047	2.165685850075625
WEBSUR	0.38985493003269855	0.29924929775512493	0.2397844754654933	-0.02693680011408358	2.8326643921981676
WECDOX	0.3766360762326384	-0.48694372660762647	0.08669109749917406	0.1206686375389599	1.58150771657559
WECNAU	0.5398418015577082	0.310116069700491	-0.0171206844560575	0.07425903137486203	3.0158352863102733
WECYOS	0.6210280405634228	-0.5069536393899672	-0.05816042918880745	0.2445653844710694	1.7524119890202767
WEDDAL	0.4724976752804624	0.3610847976661535	0.33422083300573235	0.03460333425691972	3.1300663444668295
WEFFAO	0.30075248362393703	-0.4881202369280369	0.12977126308319117	0.21176401341543344	1.5136436483569196
WEFFES	0.30067990872729533	-0.48896809361958027	0.13074295821673843	0.211741990826549	1.5124109421331187
WEFYIS	0.5685021563363453	-0.16151397409317486	0.012336125840283346	0.08218102720855776	2.164164219064509
WEHFOE	0.8043446120384594	-0.11438335415156675	-0.43689494106883053	0.051561714281141154	2.5881096816175555
WEHLUS	0.34878687509068307	0.18474796813670805	0.23376592976708727	0.1290914899543022	2.5524987525701883
WEHMAZ	0.5076922343652033	0.1960562399433709	0.35192422978000903	-0.13610959994820798	2.8166527063556686
WEJKIG	0.5521571154019718	0.13088391274473074	-0.17923169486169604	-0.016544428624431583	2.8162907352415116
WEJKOL	0.7235953181395187	-0.12646731370031605	-0.09899911141529552	-0.08424451641390474	2.4081761204863197
WEJLED	0.42677550340594816	-0.7041598890529385	0.19787451190302796	0.12716208971942772	1.2644302830426017
WEJLUS	0.4171816260839334	-0.10283941083220555	0.07452950986879633	-0.011331801394839414	2.109894820130616
WEJMAZ	0.43331654324126045	-0.09855773652024662	0.07160363095099648	0.004739966142170017	2.1310776531955793
WEJYES	0.38350321599607273	0.28534136908957425	-0.08028749883796783	-0.03257859088420655	2.879293113499039
WEKCAQ	0.6395587393281854	0.1799550316912654	-0.034147464102299	-0.08232969654899627	2.8095240490057836
WEKDEV	0.5546307413473945	0.3418572887951578	0.13978318618018878	-0.0783435633897186	3.078449003489832
WEKGID	0.5266150870672979	-0.37358611893435173	0.03552949605186845	0.04671779367168246	1.8153436894907518
WEKNOS	0.6962108965760754	0.17662119204928384	-0.10552714591718731	0.21909878730071225	3.2237268220191866
WEKQAE	0.5934959456748592	0.23587464747966236	-0.14412684838705758	0.05434122694788908	2.8701230773269026
WEKTUF	0.40235599700408464	0.2595306097604073	0.05815446894392978	-0.38005296920750686	2.8039385464353717
WEKZIY	0.6767417810767995	0.28876163523723763	-0.19667918935163486	0.19758422249448315	3.5423810550000687
WELCAU	0.4671920081896275	0.42117647231447186	-0.304431944372786	0.3559831923473894	3.9792721571180567
WELDUO	0.5595551880295906	-0.36096259733923514	0.08243436978225038	0.05908073020366532	2.0077676348310844
WELGAX	0.608497709626211	-0.3349042159527775	0.08624589710277902	0.06486081383607706	2.0955292567018984
WELRAH	0.625445362794987	0.49148962788587547	-0.10942948148651516	-0.13976824860253062	3.520899961333882
WELREL	0.40168079086724084	0.6699146969530764	0.07111436566774695	-0.06719135629228108	3.6378721789752513
WELRUD	0.6282977867931647	0.1713790489470716	-0.10233692522190639	0.13745180562806836	2.9405526520816494
WELVAN	0.4944041340236627	-0.34650424632748544	0.022917418793351726	0.1010374279355535	1.8539243398842378
WEMCUM	0.5406938767386142	0.04901207189779637	0.2675374749602788	-0.020715114399947075	2.4450850175001544
WENCAX	0.4775293311594435	0.3369906934149224	0.10446136732480166	0.45907184056393974	3.2983125992977005
WENVOB	0.42363025137446453	-0.3456220961423299	0.044308371956546994	0.1386274079348648	1.7924385391205933
WENYAQ	0.711157422942339	-0.18892422648794416	-0.5497685834692491	0.0017471383508418023	2.5504819041456
WEPJAC	0.5133912220888446	-0.32748978468860096	0.03946847016337997	0.041630273708615245	1.844579187783802
WEPPAJ	0.4375409945073825	0.5982497648791945	-0.06898645521470408	0.13135413307834562	3.6269343277315182
WEPPEQ	0.3975820004848858	0.28868369021890217	0.4818225530637349	-0.07500885140210656	2.7419022724996034
WEPQAM	0.3813979893765591	0.3538676574541383	-0.20250892546373594	-0.1476918423541751	2.902767009217671
WEPVAS	0.33977672389304514	0.06922916353282485	0.29178729762309524	-0.16933090686256896	2.2412588401537503
WEPVIA	0.3255060821096083	0.07522701688229899	0.29156532618418207	-0.026320533862635755	2.241684019467902
WEPVOC	0.38979500918901877	-0.5222729299161316	0.016040427247151448	0.08267272582363314	1.4761073933942117
WEPVOF	0.608209589971973	0.15576999764398872	0.19522253048280896	0.011257845704078494	2.801463919480005
WEPVUL	0.6148385140507369	0.1579146005863629	0.1830288139367504	0.028906746609170246	2.802187481401869
WEQJAD	0.7217185336095175	0.47474769093166996	-0.12569432023171012	-0.06413023675574496	3.6667716621437894
WEQVOH	0.6193472270804401	-0.5015484825012668	-0.5454356661212809	-0.21541516386931592	1.757545617460393
WEQXOG	0.33134917688600973	-0.5192893760338456	0.023101469585119647	0.17578728194487725	1.5202251733702
WERHEK	0.42729161567904494	0.2264835471977384	0.35941216794433023	0.008329190051448176	2.6607678435240816
WERHIO	0.445776912495222	0.23730751275483436	0.3478091354063858	0.007265579838307855	2.688860899441997
WERLUB	0.5419594831405643	-0.4047573022630882	-0.16789798129017242	0.0330172703745744	1.895337941630453
WERZAX	0.2389330011857509	-0.3726597209155921	0.12858009100809925	-0.10009814537074375	1.518634733806884
WETGOS	0.46771529955684876	0.14211430053468813	-0.055719302150469746	-0.09372071147007544	2.674967585905021
WETHIQ	0.3861706870252606	0.0998772281411699	-0.5195227163316671	-0.4501206351822583	2.5552281722903216
WETKIQ	0.6199742537914306	-0.5502055634366659	-0.0005760478126348167	0.10627735734538842	1.6989413707997105
WETKUE	0.46838623080590214	-0.3252871709530499	0.10027455402211208	-0.07014969997889146	1.7493292869893202
WETLAL	0.37369047462374017	-0.38217178685744296	0.40757740599510994	-0.043317809722746986	1.5611164863188545
WETLEP	0.11099698601151209	0.05375052019504306	0.3711414596377155	-0.17028259276180346	2.00164164252628
WEVDEJ	0.47936612183468963	-0.24073996091304586	6.603236089031128e-07	0.06954072652399196	1.9414448794661956
WEVDUX	0.643028643135346	0.5585873555487837	-0.2098427472770683	0.14649280767508557	4.153277259808081
WEVGUD	0.40227831583929063	-0.19353740290879526	0.10897415482462022	0.37836602141723724	2.176795383886619
WEVPUJ	0.4977292656472745	0.08041262267378867	0.21905070713781588	0.21624706982792424	2.5419637215614763
WEVQET	0.7712752350283125	-0.3819598485637715	-0.04308415835856235	-0.11965229489302746	1.920371906369474
WEWMIX	0.49037909647208267	-0.2884726512041877	0.011079204737648299	0.09638220415905015	1.9866582098330134
WEWTUN	0.6784319053077024	0.6634449721373766	-0.3572175291872405	0.003981895713212929	4.614144788308694
WEWYEG	0.4234086721526973	0.21871031225564852	0.1112617744300963	0.3263422996857902	2.788091212405649
WEXHEM	0.5897746230798688	0.6681008969040835	0.03214193160987994	0.33281353838775	4.201946363876635
WEXQEX	0.4481653386491695	0.14907574113388064	-0.2541302029035939	0.06827583891589094	2.6807035518267406
WEXZUX	0.29704263742794357	-0.34521360800177464	0.2536590892381232	-0.11476678240414138	1.5733298912248808
WEYGOX	0.30971097376956536	0.19362871006518872	0.05083901092534723	-0.2250993298604425	2.400216243486293
WIBNOM	0.5756399123346858	0.18661827134880327	-0.1182399151534009	0.2353859240239798	2.889023005233866
WIBQII	0.36651006372955397	0.23330835169443587	0.33466274139466395	-0.02335984719251708	2.6688124395956407
WICJEX	0.822475772325781	0.6320434041632311	-0.5071009237715489	-0.163512778906179	4.5453672882252985
WICLAW	0.6520867241447652	-0.49838394011100035	-0.3356746781515093	-0.13533858136282784	1.8486231236897455
WICLEA	0.9453886650122039	0.2827047553825541	-0.5908882575534498	-0.28283294683158605	3.5408045483663475
WICQOQ	0.5456090674738734	-0.49627573675559417	0.06275725784876776	0.05447548164762234	1.7011751808949338
WICQUW	0.5692447211986851	-0.49323093549455305	0.048456235444321816	0.04754047366072399	1.7217806807121088
WIDLEE	0.4017742594312086	-0.5148131251278636	-0.039837917187226096	0.08786074023552647	1.6284553592663311
WIDPAC	0.4147882504802354	-0.6686980999746647	0.09738485108723982	-0.14045745849674757	1.34311579141911
WIDPEG	0.41316222420227167	-0.2523629354330004	0.2126694503805432	-0.03610137441349496	1.8535798066790514
WIDPIK	0.5190205351719923	-0.24885171428682046	0.09659136674829899	-0.13799255363793705	1.9017379904333498
WIDQUV	0.6749144387431496	0.07995541273839869	-0.26930651405855216	0.26491551883622516	2.9433990899416096
WIDSIM	0.42050674091031315	0.7094064189843757	0.5845653920051971	0.5515388822050225	4.370816717937194
WIDTOT	0.41955070016905527	0.06705430249512824	0.06104976041843707	-0.20768168675737048	2.5012295944964684
WIDTUZ	0.38431260786760646	-0.007881823233841755	0.04881234401681339	-0.2650934833333233	2.305485105352215
WIDYER	0.654573937980298	0.2616343756237393	0.0899145680720656	-0.16937057580332443	3.021403192906176
WIFMON	0.3009429756647499	0.03059501172381794	0.03549160790955423	-0.34845064324143626	2.18600950314181
WIFXAM	0.31118449103498946	-0.5174569035500842	0.14440410225675102	-0.06126754462802046	1.4301804558910445
WIGLEE	0.38857149355155407	0.46268240867745736	0.11873813438793324	0.09657615794449122	3.158010599046556
WIGNOP	0.5677766567559575	0.29684684067503636	-0.14631198307792315	-0.35715467778436494	2.9451727886537715
WIGSOV	0.5700258462871615	-0.18023467079158328	-0.2243265865731075	0.28354675186883416	2.1780228217697437
WIGVAK	0.32649658328638553	-0.29635714215247366	0.020893403399162125	0.07487402621744374	1.718188784724898
WIHHED	0.5693511214542877	0.7015595112872862	0.0275261500656641	0.028945005183352145	4.0597768780750085
WIHKAA	0.5227992768360004	0.19576808544636917	-0.20648531689648716	0.22172898271387004	2.988419522455556
WIHPEJ	0.4203134394695498	0.002509439275609218	-0.011460005092931547	0.3243893791397426	2.3570818064581838
WIHXUJ	0.22758902041848694	0.03908003502124883	0.03320752465163983	-0.20027661249942874	2.1221034312307427
WIJHOM	0.3824039892107649	0.4922133504379903	0.11194584361060791	0.14900067834494418	3.4069140424517945
WIJJAB	0.4338004072638677	-0.21895818790522392	-0.0646326838489582	0.25109509516817136	1.97890876557614
WIJLUZ	0.35623690481322345	-0.26450710795320087	0.28632379363045735	0.0828888032927606	1.7616119647390907
WIJVIX	0.3114445359492364	0.22765863985818557	-0.3471201280393859	0.1021124380453331	2.8756295019724396
WIJXUJ	0.4093663719139	-0.2612697381822256	0.03558188679862169	0.1308886079051222	1.8475507043385355
WIJYAQ	0.4197804734180428	-0.25707955907387203	0.029478089187204334	0.13074860067212057	1.8626948698862416
WIJYEU	0.41634060704539344	-0.25759170830204803	0.030485233390770666	0.13001799668924346	1.8595883667877067
WIKGON	0.5588441371243551	0.7550447834100236	-0.07610203267196888	0.1602087778942733	4.631476808955798
WINVUL	0.5124086208893575	0.20856318727908157	-0.39809907013256646	0.1434134350826607	3.5492649293772303
WIPBIK	0.47601324429643643	0.8530201063889725	0.07878575515145494	0.13778765323286363	4.420875969080089
WIPFIL	0.35068592326681536	0.1928632948281321	0.1463857693474454	0.257440801876427	2.57877560025859
WIPVUP	0.20061707087704272	-0.44897541006058284	0.06951181974575207	-0.08490404431768506	1.402599003376864
WIPWAW	0.5023097159567724	-0.2704410244168196	-0.2014213181322579	0.02278424099720188	1.8732059002822756
WIPWUQ	0.2606561368454168	-0.4057928068674058	0.058076136494645325	-0.09675415209360406	1.4659702662452843
WIPZON	0.5793892521727715	-0.3563902527730597	-0.02453223396268256	0.018084492958777634	1.9479629147750925
WIQGEL	0.3741456706893018	-0.08091439951015675	-0.3256324223524534	0.05084599253921025	2.180995068631404
WIQVEB	0.8334754568747966	-0.11930791842511733	-0.23514254510819618	-0.12823952868751137	2.473671757923616
WIRQIX	0.34765723842143226	0.28719974554196587	0.14080229314266743	-0.10089080507860436	2.7584070359357846
WIRVUQ	0.4390305160235153	0.5076797390799441	-0.04116893254214504	-0.21304988881481496	3.4008421200281416
WIRYEE	0.37335083453413986	-0.2686041514838946	0.4189207655134259	0.07515603967571151	1.7883801792713485
WIRYII	0.46653845764216406	-0.06588411124653341	0.13165166487465332	-0.21516370650425887	2.165743354209616
WISDAG	0.2989063726358214	-0.2309450679693651	0.04717985697639915	0.10766467831318756	1.8068820921036775
WISJUG	0.6884348449917139	-0.0020906930402640987	0.28430187857305	0.016801918101036574	2.5412956788980505
WIWDAI	0.4313457995499377	-0.3998073778462761	-0.05889641421550234	0.07420903825230482	1.7197863806269162
WIWFUE	0.42548401087814813	0.6846687923200615	0.6643864248433035	-0.003171308009047146	3.96165925935255
WIWGER	0.636647974848473	-0.31479168680008485	0.0018357902101308887	0.09233008327881818	2.0654428498877637
WIWGOZ	0.42824933623156536	0.7041065011927401	0.6554429010767047	0.01806591994774192	4.028033986749485
WIWSAA	0.5708460701969207	-0.04631761603111967	-0.4100301385278796	0.09884514107170522	2.8540756729618284
WIWSAZ	0.5992661279574243	0.15935799753402674	-0.5123982745429427	0.08031793709680327	3.7646269901679883
WIWVEG	0.5913089044032214	0.5915451615869304	-0.33956301719876886	0.24911304162666814	4.2895328163445114
WIYCUF	0.4407884777440545	0.27447922626438237	0.27489266547652597	-0.20971706436601245	2.8051405345910725
WIYVIK	0.45422367843711076	-0.016032208539186864	0.16775512291492223	0.1090326830275195	2.3470886597373553
WIZLAU	0.4318830093731467	0.6208318949983567	0.14566761920285645	0.005049488591925399	3.7501451650954256
WOBBEX	0.5504655154629319	0.03934474909041048	0.1252582932736842	0.01910054834161892	2.4666205667127583
WOBDIA	0.5836820936263729	-0.2157551141432196	-0.06403399686928876	0.19044989366501291	2.089619701250366
WOBFOI	0.59890023641751	0.2379252952541588	-0.016321584771212684	0.07779494679502992	2.931983537708579
WOBVOC	0.38301923825577155	0.16448118692233551	-0.06085496545633532	0.14411852204802794	2.5575483215332833
WOCBOF	0.6431471545366163	0.19080501415241136	-0.41905614807525304	-0.016916157015146073	3.072299897061245
WODRAI	0.5638284843767511	0.21386618743646119	0.07439396027501896	0.017713666128196828	2.8431423650817864
WODSOB	0.5307944148703818	0.32930402563539085	-0.014345608258146902	-0.2557006446096098	2.936373481000434
WOFNUD	0.5000350060982779	-0.38273438186003167	0.052086783574628565	0.07363757463433074	1.7737935996714183
WOFNUE	0.4657498212378135	0.2934162778204487	-0.017550871235522646	0.26843283747418784	3.1333463926890683
WOFSAN	0.5253221521001477	-0.26306656499403214	-0.10471651577714228	-0.16129563772060085	1.8777449764630392
WOGTUJ	0.6630095791821011	0.06345545720351996	-0.12510913876496785	0.24005017050656347	2.749419094079024
WOGZAT	0.570782241160642	0.03655566189085332	-0.06377331795340872	0.1881780263023562	2.6421329107393987
WOGZEX	0.5733026882761383	0.04001367009780667	-0.06611846926691434	0.17413849693187172	2.642480312024243
WOJDAB	0.9933598802251211	0.04279524661407076	-0.2931507030463286	-0.20628121437814845	2.9709853148736194
WOJPOA	0.6272040694791183	0.5903388527786403	-0.1605279264874591	0.23936090777050723	4.140432379485802
WOMFUB	0.5198392031963275	-0.30966610994529753	0.04923289474592485	0.017720231287702018	1.8951507138213615
WOMJUG	0.8350535233602949	-0.3164353884200711	-0.08342135572199434	-0.07741176730783411	2.1699424829712735
WOMRUN	0.5600516886847222	0.31312332893256545	0.2707407658943575	-0.04792649424023032	3.0764774741681244
WONKAN	0.8528839013822065	-0.2837604907968927	-0.09766408942508187	-0.08533140755331615	2.2434684256655504
WONZAB	0.3830790556968582	0.45743161402158905	0.05224142111230126	0.20422109713389286	3.2464778646556613
WOPKIY	0.46668550069709624	-0.32231905136343064	-0.11704544085325172	0.05738703284036642	1.9522826157333828
WOQLIY	0.2888222777543388	0.1658605575398601	0.3261597375358994	-0.01206236604760949	2.519415098500152
WOSKOG	0.3991262482639879	-0.09203825310912948	0.18938526939355177	-0.12553138299634697	2.10249024377782
WOSKUM	0.40189741340391727	-0.11055466221638212	0.1337475483535415	-0.19926974676466513	2.1224477674583784
WOSLAT	0.43847278760823816	0.30815796689725194	0.08234227776696315	-0.1377509338766409	2.7169683525275077
WOSLEX	0.6968391019447351	-0.028431226702933035	-0.045055788477436236	-0.2182235002394743	2.51442712783393
WOVDUI	0.666250640383315	0.20246146278711183	-0.30036163976555375	0.034085925238245	3.112542083150489
WOVYAJ	0.39945888770572857	0.3745107534027425	0.12434844304244616	-0.12422245992941121	3.116906269614437
WOVYEN	0.40761975665029926	0.31976235336576025	0.15656166888173956	-0.08054262553648205	2.9449745121627
WOVYIR	0.4102892058710532	0.27745672633608465	0.22893875962181148	-0.08112238419635222	2.852971315012199
WOWCES	0.4624451084783088	-0.012990253787935835	-0.1717130275873041	-0.17715636698845466	2.448736257354811
WOWCOC	0.5035172169567215	0.028549334894861556	-0.22441473838739026	-0.19973209046753487	2.5663397228798344
WOWCUI	0.29146746388779876	-0.1323200566904587	0.06472786726026444	-0.18881965302611664	1.923852710187567
WOWPUV	0.4078509162480781	0.30692974796060823	0.2392993190509332	-0.007856683024016077	2.867022031374236
WOWZEQ	0.3005399979298313	0.22586273450201477	-0.4018552931595414	-0.45634748540990316	2.6586780710033255
WOYJAY	0.647776203568216	-0.008574856908429308	-0.3329515650099553	0.15141397041236138	2.814957256544509
WOYPOR	0.657493824021647	0.1813493882336365	-0.24029130800017995	0.2016222664422303	3.077330198595118
WOZBUI	0.4327445343484504	0.2515992156388903	0.3877004332946801	-0.09013654445792842	2.864632106573788
WOZHUQ	0.5304192709607696	-0.3599796278750517	-0.06148624134470472	-0.19082386005590912	1.7711966755390929
WOZVAL	0.5674301333192373	-0.014301919705288586	-0.040668095586739374	0.27912433977951207	2.4573564088942805
WOZXEO	0.5121164606000654	0.4806135187389379	-0.2660293309036426	-8.22847125545173e-05	3.4595096094599853
WUBFOR	0.28930793927299536	-0.7109924830353659	0.08394364917245137	0.1261760347508536	1.2672007474015752
WUBGAE	0.5678161832583726	-0.4857976759615417	-0.032744264744528934	0.014093032927514099	1.6001818102066507
WUCDON	0.7288104799965476	0.017623076888883454	-0.3467914207053214	0.18632252447780356	2.8780625347698625
WUCFEF	0.6867716975878997	-0.0366567572129657	-0.15675599931137152	-0.006077782102936677	2.5067781686863215
WUCHAG	0.30532761098196737	0.20643539212167433	0.1937665690238068	0.044973839655965894	2.5462770554388405
WUCXEX	0.44406436963807927	-0.10082689477319186	0.2477138874955881	0.06694151581310973	2.065188236052075
WUCZOM	0.47328388131707033	-0.011031312988772099	0.011496943967335527	0.10197146907955841	2.1973520307093963
WUDCAA	0.47612156638820124	0.03872176277654022	-0.2716694487122243	-0.2696944719141599	2.391930950367382
WUDCEE	0.4625657120830917	0.020247438079258974	-0.377109879918496	-0.19359554699615855	2.552912266122813
WUFDUY	0.44869801807921217	0.008013702919210757	-0.02579950008980756	0.2578155248733143	2.3540225422132766
WUFMER	0.6058523183936764	-0.36147650306843176	0.2585697540009224	0.28375118608405314	1.9177968188284995
WUFNIU	0.5542555153829216	0.19315702772909524	0.1260005406263955	-0.08608431338335892	2.7857192065473924
WUFPAO	0.5330418743124907	0.15575215070947895	0.17461394884955322	-0.12792170743383163	2.6800756883048775
WUGBIL	0.44629113830623623	-0.2613174744929265	-0.04666722682647185	-0.11332940256112232	1.8707155828171391
WUGFAH	0.6098570077746741	0.2305515554596544	0.036850715495790526	0.2126457725318448	2.974801128880535
WUGMER	0.5430842141208538	0.5187758958111284	0.042275090101090915	0.23344546094605867	3.7340892024083825
WUHGUB	0.6927256707766292	0.06525235191469428	-0.030763554113526506	0.11123729232148448	2.8021517035594266
WUHHAI	0.6328058405475936	0.5444765111837138	-0.10654132245660458	0.30754253547221155	4.030191351645639
WUHLAM	0.5626080511804679	-0.6166499720429173	-0.026915267069203164	0.18251298286776058	1.5928872571909896
WUHLEQ	0.49344624212712684	-0.6515213612688687	0.009490367796258559	0.18643696468626875	1.5039436021255401
WUHQEV	0.4356099800949531	-0.1862262031373584	0.23092493511698653	0.12782152453476325	1.9850554248060104
WUJHOA	0.3479494707438544	-0.2132752693339604	0.14556261645437416	0.0527008776903581	1.7497600131717796
WUJWIJ	0.6398904309197508	0.09511093510886595	-0.039484965432388705	0.09296031760324197	2.8026032236290197
WULCUB	0.38590994097992226	0.06889669129923429	-0.23409227154594134	0.11027437235383403	2.5069511825939506
WULTII	0.7125108167113527	-0.3742081051535397	-0.31302526599460984	-0.02827406482399636	1.9553441610683246
WUMCAI	0.612614890200943	0.2987433454291243	-0.2313639948748153	-0.17275834235103976	3.045993581277908
WUMGIV	0.31418256019964863	-0.4196044021565922	0.361977214882214	-0.11760927367850431	1.5042878229077705
WUMGUH	0.7902148010044128	-0.6892417626889058	-0.11449184120619589	-0.08741127470353946	1.579029946527495
WUMPEC	0.2700191641979197	-0.2055899136538386	0.1455935882208729	-0.1888588865419517	1.7980903203401948
WUMPOM	0.43143577282262946	-0.038602480959629835	-0.029321757769766837	-0.2679911922814756	2.2157555894577614
WUMPUS	0.40981055961113455	-0.3674673499290628	0.07486885860786976	-0.01917194420549046	1.7062907564350234
WUMQON	0.4381166061648303	-0.21860891501834573	-0.09499183892048717	-0.09527892335187377	1.9325001783261064
WUPJUP	0.20441966488492636	-0.27336236396741664	-0.004211082318233292	-0.0734139197121674	1.5988077168399613
WUPKEA	0.3669302769396481	-0.22279918577545962	0.005249232284422908	-0.13974619920543385	1.8318189035720038
WUPKOK	0.19815597181022238	-0.2303146835007617	0.022740220377897358	-0.1316249551913945	1.686432768682402
WUPNOM	0.39138359098548214	0.1819871383997222	-0.12317866491404222	0.22947681060586966	2.707702193927627
WUPQIJ	0.3607016245145438	-0.26516502053462193	-0.009101889603466098	0.41669515499209847	1.9228899162841295
WUPWUA	0.4740500929874649	-0.2984271298997841	-0.2230490198014247	-0.0070097497461485	1.9389248404485704
WUQKOK	0.4203282767912828	-0.3315082905205342	-0.0749445293896373	-0.23848233148728926	1.8656948603553571
WUQLIF	0.16698564128761273	-0.6115551431876546	0.1249222524978092	-0.028169327232522814	1.2914526080924356
WUSGOG	0.7777495985558796	0.1343334602195459	-0.44185028549830374	-0.0185380359033559	3.4070933627678377
WUTYEQ	0.651065453421805	-0.2878668166545065	0.011952055802120498	0.06216877455944393	2.1449631993712712
WUTYIU	0.6509048179413277	-0.2900391321916939	0.014570028130706125	0.06082294309891091	2.1375892932290688
WUTYUH	0.7127283252443481	-0.35741025032941376	-0.09666250927386864	-0.024018853318505222	2.0877308012134215
WUTZAO	0.7032159782085321	-0.37227071464556727	-0.08582172053132386	-0.011119158516069587	2.05739024394864
WUVQUC	0.5347891994935834	-0.2569361664772546	-0.0035427022215909626	0.017680988180447926	2.0390291867557133
WUVRAJ	0.6115145295878444	-0.21288011354189348	-0.03693661012550466	-0.025428474485830216	2.16005209708835
WUVREN	0.4987611599041779	-0.358916890367238	0.06504704751818147	0.03911165392408002	1.741687112402449
WUVRIR	0.5525504094353799	-0.3261650693925494	0.04071644247496979	0.021516853623133894	1.8276453129741284
WUXBOH	0.5683597264503835	0.5882678622571729	0.05349596791823372	0.16903543790315834	3.8186504696398473
WUXVOA	0.44934508438070964	-0.23068851957851452	0.2754229205025402	0.009669076822930937	1.966216078378181
WUXZIA	0.6904680502885947	-0.270267368248322	-0.4183056242302482	-0.014153206091800818	2.426617820990968
WUZFAY	0.41780339736250305	-0.026758132926874675	0.16930895967426646	-0.017538410700313582	2.2333465048888224
WUZGUV	0.6320206808913351	-0.3362678629280132	-0.10211224522982477	-0.16333787278321887	1.9530459337741113
WUZNIR	0.5596806085210506	0.22982608477160693	-0.514659217782681	-0.00015159948116153302	3.7688372953171285
WUZQOY	0.5026966026091602	0.2512052099238771	-0.12162860661498438	-0.013580843133918455	2.8926607316788844
WUZQUE	0.5155007864556316	0.20484577449952268	0.09111555348953951	0.03325258032435835	2.7595653158800295
WUZREP	0.22886920181942605	0.2354740783801409	0.06458928695171601	-0.034711856814567024	2.4490366382941726
WUZVUJ	0.5435460157754042	0.0003094724765488194	-0.14281957508127344	-0.3403693780269876	2.32578156160024
XABQEY	0.5597192008356178	0.5929776759655614	0.3959853992032931	-0.08960153092976936	3.8761598432365445
XABQUO	0.597870820394343	0.4545187955560002	-0.1184637191942069	0.16942835732488593	3.724406194344807
XACYEG	0.45455581937734557	-0.5033823932050572	0.11037838610704404	0.13154895215655227	1.5902047234242405
XADCEL	0.3289730472101331	-0.03812592438093732	0.11994996258641594	-0.25928516586369227	2.054107307670268
XADCIP	0.38121561436673534	0.38703974345315073	-0.10106827642425595	-0.2933871953164358	3.069533232597427
XADCOV	0.33042562020594746	0.07448590721066263	-0.033245113695312814	-0.2929999101095183	2.2060352721292844
XADDIQ	0.4827420706491683	0.06283300605618163	-0.04540592517013753	-0.150391710512995	2.631896122283829
XADDOW	0.6248191271420156	0.39312081337615684	0.041059479580841676	-0.03149623434366736	3.375821295961143
XADFEO	0.31109107074442255	0.09692797807625518	0.1970075985299125	-0.16284268843669047	2.2750713344379885
XADKET	0.5278388541712831	0.20631207586201636	0.32769514426796137	-0.21941796962358784	2.800328842980701
XADMAR	0.728211483338117	0.4957635797787906	-0.11840143497304763	0.07895822842281544	3.7592787141908746
XADNUM	0.4851697560626329	-0.08870534077259327	0.23832486804120123	0.018120511982975256	2.0962465502456333
XADQOJ	0.2995029501160458	-0.5105199698040239	-0.5580846529511303	-0.45294569349454056	1.7132413534137243
XAFFET	0.1950898744647307	-0.0004620945295982712	0.09854577075837107	-0.30194501904640475	2.0144164794144275
XAFJOH	0.679210484179146	-0.509421279132374	-0.16541961609585962	-0.1542660088231404	1.6380059472408777
XAFJUN	0.4716024183876515	-0.9043674457674552	0.25469986519951965	0.08827849303814427	1.2062558061880235
XAFREE	0.37194550965125117	-0.04528740994409287	0.2430989889114391	-0.0732808066540631	2.071516779028499
XAFVUV	0.5275287669126811	0.481762456170422	0.050139108063919496	0.0993839420569476	3.404351267725489
XAGJEX	0.7333567390449103	0.1832249218358695	0.04240286045111104	0.10231830296096851	3.1661093715908337
XAGJUO	0.5075162266439426	-0.11056639528982407	-0.2504430916738731	0.016645946444572547	2.473366965418772
XAGSUW	0.6917460874060399	-0.6934078487170479	-0.17856758615224166	0.2003568374987611	1.6794208751973203
XAGTEH	0.5314626512991856	0.42435394503079715	0.08231275876203073	-0.08988681802168177	3.2512748785809213
XAGTIL	0.6923569104794032	-0.6910305180306028	-0.18086813093066584	0.19851904650218677	1.6819094565461667
XAHKAT	0.3270116004068182	0.052976525472526764	0.17405226965267662	-0.039665172857052206	2.2428472022495884
XAHPOM	0.5967428385475646	0.5454573513602732	-0.2813686698567304	-0.11361755547575562	3.785832565962104
XAHTIN	0.5595470326556464	0.20146700023191003	-0.1570731891839538	0.14872432410826225	2.950871742336541
XAHXEM	0.19912071476925375	0.03373046385676534	0.19123970405791485	-0.05417412488112831	2.1234965152663507
XAJVUZ	0.43203945955715106	-0.01084594542210866	-0.06481879154608058	0.2098998090142472	2.3283756215898093
XAKCIY	0.4159779415184408	-0.18745248510345694	0.1803083515896367	0.1501069679162318	1.9221847218106882
XAKDAR	0.5866339847156032	-0.5737784889189202	0.025753481739864803	0.07424022582923731	1.6641861442518007
XAKFOF	0.19461327898483693	0.19074248607954486	0.10820133558929601	-0.13161219848750533	2.212978670512904
XAKLEC	0.49135077508401714	-0.5660950210616921	0.0439536373007853	0.07315300519485701	1.5975684222044548
XALDIB	0.5711742460247518	0.7067777884111449	0.039451540870269364	0.2516775938391639	4.214120234913959
XALGID	0.6329925056517514	0.25297723406107653	-0.12545956495024557	0.20548936736706502	3.315434354155621
XALRAG	0.7442606793945252	0.7419447066632487	-0.09499163970736899	0.2986443915706464	4.777324279948655
XALREK	0.7320200147155971	0.755517494353009	-0.1223699884158951	0.21505352329881194	4.726679026274014
XALRIO	0.8631582265021693	0.3096294456534235	-0.5328226451810161	0.012227959311317517	4.041611971784195
XALSOV	0.8896511745175628	0.26036549720875535	-0.5313369430579697	-0.016078967940294488	3.8044184622273005
XAMDAT	0.4868221241860011	-0.5721126623550051	-0.030574592753049905	0.1901220430175295	1.643564468877891
XAMFIB	0.6012008130773632	-0.5557205563978537	0.04248472490007703	0.0703685361327415	1.699266156818493
XAMHOJ	0.28140515772094954	0.1417858982583591	-0.044489911278625144	0.2531001905238198	2.436402697255182
XAMKAA	0.6681232782606674	0.5652855752191871	-0.11281200786835267	0.07775047940900649	4.136075540037618
XAMMOO	0.449780470505611	0.28367685762739914	-0.11306654189368531	0.22338761731134288	2.970384257483916
XAMMOQ	0.5459615768459898	-0.10398323523976563	-0.34219214403742704	-0.26085404208200025	2.30045719450752
XAMROT	0.3455421079404126	-0.001510450336178741	0.08974299336619118	-0.06515847061786592	2.2328426865370163
XAMTIR	0.39124256835132254	-0.27706088704932574	0.16289368017304992	0.1446898505676496	1.8909433045626793
XAMVOZ	0.374044245439916	-0.30542756726794323	0.1546261152968499	0.12033244454772478	1.8293297715941974
XAMVUE	0.5960156135722867	-0.5593085906733613	-0.057240767978773	-0.20247595784802858	1.5633157813049785
XAMWUG	0.7775056321036695	0.7288195546376868	-0.250536256312742	0.19206408044073592	4.844316137264154
XAMXAN	0.8010609451081372	0.7341532474143283	-0.3566400564363966	0.20843840880267667	5.0257847492752985
XANDOI	0.5447457353951144	-0.47094971796149565	-0.1233001782370303	0.058255054422644184	1.8006049972865945
XANGAV	0.2970443874957249	0.3616214689463922	0.24818441510231837	0.2952614468331503	2.9583095836111433
XANRAF	0.4848002045452864	-0.19596434076648603	0.15837000555971317	0.039327965560041304	1.9735792731423105
XANYUI	0.4431711955252773	-0.5776586279375746	0.05362658835094383	0.040344993767089395	1.5389497920559556
XAPGAY	0.5340110555920621	0.5554482153996696	0.10211576242967974	0.0810082339578132	3.6315917074803066
XAQYET	0.5304320181045776	-0.28836546797854007	-0.0016463628562987942	0.14843293373223107	1.9057325983536477
XARGED	0.5584232287870767	-0.1013182130455372	0.1176934822778054	-0.15543374719554182	2.1416929823806243
XARGIH	0.5320699784551959	0.6105691803604364	0.12491527945424435	0.01091617183176481	3.738262706795987
XARGON	0.30241807374438023	0.171777508806625	0.046540743242783844	-0.06943335714166332	2.452782145346096
XARPEL	0.5565328415700348	0.5765076575659271	-0.11864049022260888	-0.012529963824118626	3.7408994803568976
XARWOF	0.6966361209319842	-0.10235190860816916	-0.15514474258192884	-0.41534381849925806	2.386444066931655
XARWUL	0.6388594536477754	-0.0232308626655308	-0.22350895983847166	-0.04996231875785673	2.4072180401644934
XARXAS	0.6785062824008463	-0.05261418709444745	-0.14400874558930943	-0.20361616890652523	2.408158613505675
XARXEW	0.5646795070457928	0.1885563187188956	-0.1856124267785087	0.0966106195070514	2.886198419337005
XARXIA	0.5340901245425496	0.4807036864032562	-0.27122984549579987	0.13646918097749475	3.7528237517439953
XARXOG	0.4782586218992364	0.304730977338056	-0.10630790019822663	0.21084668649347282	3.3687707822582404
XASTIW	0.44376508272630844	-0.12978135297563134	0.17255044294176114	0.08705494443916682	2.0847777802063945
XAVVOF	0.5031765018139502	0.8436855287592074	-0.14503541479623172	0.25167913015917726	4.559262747467054
XAVWAT	0.4216621684003927	-0.545939382686646	0.08158724379294477	0.17380903587509433	1.5130939221480828
XAWROC	0.45975922736852226	-0.6396005866973842	0.03281125996035632	0.18423468415980487	1.494617297785176
XAWSET	0.47600345324384463	-0.6535459302929207	-0.0006520595102762483	0.07578731973216961	1.5004226989304859
XAWVEX	0.5987518169769768	0.0974513766495152	-0.010465363503468605	-0.2980444772136591	2.4848963391708185
XAXRAQ	0.2859105814817391	0.08683748668220446	0.05150079986351497	-0.3875023638790708	2.3073570141227444
XAXVEX	0.6006309043943787	0.21065377744555694	0.15928012603023733	-0.16567679777979422	2.9419412389858
XAXXOJ	0.38848189156983093	-0.12255025892050303	0.3349053670417021	0.12749883907700543	2.015685196447518
XAYGUC	0.5975954583372642	-0.1109896977407719	-0.02879542705429202	-0.239037134874715	2.425961915043152
XAYHAJ	0.6193544773720001	-0.01824468946734279	-0.020419598504136598	-0.19968726715708823	2.5561193361633125
XAYHOX	0.5275326354379457	0.2009423765215244	0.2038342433480499	-0.09016750707968293	2.740011494289662
XAYSAS	0.5460439128856374	0.30844380410943273	0.09765432403358995	-0.1760600925102075	3.007805608841947
XAZNUH	0.4880255000991056	-0.41177508439153077	-0.09884565339878025	0.09891899905542327	1.7183542907630234
XAZTUQ	0.8206983809871984	-0.4359520195200824	-0.057071453155455684	0.0022710337432049303	2.015191557284169
XEBQOK	0.23291889830428536	-0.0247715950273575	0.134885882749563	-0.11093032589337377	1.977183594781732
XECFAO	0.45488701514702967	-0.6133209820648615	0.16055561501794702	0.06430264868127014	1.4535091326961396
XECMEZ	0.589848419187776	0.34381441444735283	-0.19201801745310115	0.17077179339780046	3.357386391537524
XECMOJ	0.4824346316299222	-0.24126908234655794	-0.18476082192711887	0.0011933779524293739	1.870358188504786
XECPUR	0.5189137791699503	0.7510499209346425	-0.20000071894504595	0.22343973724528787	4.317447109399533
XECQIH	0.5935126662845462	-0.2735328112972334	0.00257606588452923	-0.035696695619363644	2.071995248071871
XECQOM	0.5056173395816517	0.10979222424005525	0.04595779480578974	0.19416439446908984	2.6013856181396386
XECSON	0.29203166111424705	-0.22670678072056688	0.12064003726855524	-0.1248707462174249	1.860555759097338
XECSUT	0.36990994599492577	-0.1547417459548018	0.08612194319166552	-0.13246495938087222	2.0020991914290494
XECTAA	0.27629444567464523	-0.19333586306157863	0.20426029820381814	-0.06859639611713643	1.8442276388527208
XECVEI	0.4927364037199746	-0.03568710239135349	0.12940392780588472	0.13413988327501808	2.2888292041166376
XECVEJ	0.32817147166241556	0.39420256889972094	0.1583334731506689	0.7553653022070732	3.611960906927741
XECWEJ	0.48636202517810556	-0.38565640659139555	0.05744447410735337	0.11214063249878176	1.76918937342733
XECXOU	0.6419133129797396	-0.1550126802976368	-0.3825818333972049	0.08414535995476868	2.4558230515539288
XECYEL	0.5098933663728653	-0.33639713787539377	-0.22259807531598805	0.23915917264816322	2.0114698044457997
XEDCIU	0.6529320096324316	0.4817572464749966	-0.25509088311636297	0.29382751899325454	4.079395773887048
XEDKEX	0.6094532514727131	0.498996743971166	-0.09494126020303464	0.26783936106238837	3.82154971948393
XEDNAY	0.4672561981040628	-0.24233597938966914	0.16868007960706677	0.2747708355079147	1.92277401497688
XEDNEC	0.47010892318390685	-0.24591347954825976	0.18825614170594374	0.2774738199414215	1.9239848526277623
XEDYIP	0.33737966210656456	0.0003712192068564997	0.04178452087456705	-0.1062299859624481	2.2119119102373013
XEFFIB	0.4209555399300129	-0.11066148853029795	-0.10612826268899972	-0.24030656293871505	2.1537257015795626
XEFMOL	0.7861056369354529	-0.3963190711592914	-0.03443299351331595	-0.01040945748119012	2.0657510456846455
XEFNUS	0.5043506507593598	0.5494103343267648	0.05544605906575831	0.13788497861895926	3.6628125417050983
XEFPAA	0.4907110760538327	0.5776132560234599	0.10051697108290572	0.17835990835212107	3.744430974963034
XEFPEG	0.5392032795797572	-0.02895998656465347	0.1905877117209045	0.021927647082741895	2.309359089078597
XEFSEK	0.42739976623515563	0.6764293607789598	0.2730821679023516	-0.019020237283637657	3.831059580917376
XEFSIO	0.46818946685789165	0.36290458799300496	0.2642659174202245	-0.08181958713075425	3.052199123228121
XEFVAG	0.5357710687949426	0.12206185801680144	0.07982668231400877	-0.27605457039531445	2.6605851513526195
XEFVOU	0.5861553787937162	-0.07365346863264113	-0.1314240496221212	-0.2534179429953797	2.3702030480944356
XEFVUA	0.5751472946508525	-0.09635781270150105	-0.11273645090627572	-0.23619000851118793	2.331199768136289
XEGFUL	0.5897189223743027	-0.4758851543283503	0.054816603713764206	0.07743861796219995	1.7783842711445552
XEGJOL	0.5818216452230418	0.24831353672561363	-0.06695661971320946	-0.018416162990396064	2.9783258734689237
XEGJUR	0.5484601950925345	0.5066546953307052	-0.07033259547447245	0.18403141924074162	3.660122596963597
XEGPEF	0.15876850605687753	-0.39676208939393554	0.27520916719300276	-0.06297275059084807	1.3963850620042875
XEGPIJ	0.14732143502368	-0.4247118274443176	0.222032498565716	0.05465480132611803	1.3953835145030509
XEGTUC	0.3911386592104451	0.15010269339754534	0.6256872991160808	0.13152228783545483	2.6035368981053786
XEGVAK	0.4837122706895718	0.3887937507158345	0.07397109256448928	0.024065788405940983	3.0906765517870176
XEGVUE	0.41958731883012756	-0.10164526472035168	0.42200928719859676	-0.05634167892877806	2.1163571621302633
XEGZEO	0.7199951087095204	0.17965500864576414	-0.045144698012306854	0.23641623020622737	3.0825943633060042
XEGZIS	0.3611111232249504	0.22793445584147642	0.005833616802060404	-0.47263793879142674	2.81465566874288
XEHGUN	0.5614119793095744	-0.4075965017523575	-0.21930444629112333	0.04341553660539535	1.9155240166247318
XEHHIC	0.6648977360799826	0.061613293929966964	-0.13803266133655495	-0.07876970556695094	2.592819494145037
XEJHON	0.27881961598103144	0.15658479192182018	0.4186817869369504	-0.2736772184856031	2.407382373201889
XEJRIN	0.4861831658754401	-0.6742583705612538	-0.17847234553321062	-0.14153984440615963	1.4329488682134328
XEJROT	0.6227302319013868	-0.4849315055115499	-0.3297549092277789	-0.23799008393058202	1.7661232654270458
XEJZIV	0.5421448731741894	0.6369746650413579	0.04282517750834844	-0.08379399684770451	3.8391481769257787
XEJZOD	0.37392111960067886	0.6291001282498431	0.2869714275121424	0.14000132326158332	3.6718889298243154
XEKBAS	0.5668770257665825	0.5189018598188804	0.08248356271302443	0.1416646656122617	3.813259511851969
XEKBEW	0.48862871086465987	0.38726330481630133	0.19326656794544234	0.10526882842703414	3.3142160332833805
XEKKAB	0.42581250976103746	-0.14687222023475077	0.18317872372897753	0.06408191151328238	2.0111330648046892
XEKKEF	0.4175813175472358	-0.1366137303740495	0.14099698113036385	0.06474106303460085	2.018075934589893
XEKKOP	0.41633958724759523	-0.025924637576515586	0.14335358474023477	-0.06233199491083137	2.265041892887516
XEKKUV	0.4802646510966664	-0.21225943179507029	0.12454920661515667	0.06262927775218574	1.9950454103385074
XEKWIV	0.5431916445768943	-0.22415104168218772	0.2708768665544241	-0.04609087914762737	2.1074120311499147
XEKWUH	0.5383129621660387	-0.27233850961243544	0.22939958607845068	-0.1113443925271828	1.9687490759072408
XELMOR	0.7961211047051497	-0.4603960446903605	-0.050804972379118365	0.018143031485373315	1.9438056062631757
XELNIL	0.5364646694505071	0.5171117577329767	-0.09405815317201764	0.23293794242652827	3.710753699449768
XEMFIH	0.5061575450124058	0.45505255356820773	-0.0012900080268419684	0.24548092637961239	3.40201745220766
XEMRAL	0.27390959142871063	-0.29639726323423987	-0.012095951071684638	-0.18641679672337796	1.6598253298576475
XENFEC	0.4907827900564605	0.1562638447827353	-0.4505289284087228	0.03814497700918295	3.338308160244661
XEPDUS	0.4384537132661457	0.3197735221624619	0.11153281301281628	-0.03139778498796615	2.8620960822745563
XEPKAE	0.6777120332167135	-0.21959163555962463	-0.18994389264773331	-0.011245562215919817	2.2149835000978273
XEPKIM	0.6712203724473271	-0.24358451757141975	-0.18842514426609763	-0.008660407213857982	2.166838811170304
XEPZOI	0.5196351864975837	-0.4784949196407115	-0.16349371041104682	0.05931952196158524	1.7892950451641783
XEPZUO	0.5210855776504246	-0.5036403841884933	-0.14142312459932332	0.05116849727638624	1.752762302991267
XEQDUW	0.4950122038769198	0.48481572869843015	0.24422380065830313	0.17525295208595387	3.455759813689163
XEQSOC	0.6173278986432198	0.14536296774279572	0.0009434997180657462	0.04241137362549974	2.724932727493135
XEQSUI	0.492431283791686	-0.0316538044125163	0.13150924300635836	0.08557573398243513	2.271283362309698
XESNUG	0.5011139800225255	0.22202926204415027	-0.22339538238684348	-0.04480145655113495	2.850298942150032
XESRIY	0.42817601284917917	-0.3670028829612996	0.06972501597141606	0.009306140965738438	1.6546277710767703
XESROE	0.4332967240312504	0.03749376355225579	-0.13196740673614504	0.024444709850731744	2.3324240634179874
XESVEX	0.5194857107804216	-0.030902788317953657	-0.3126403669205189	0.0458041795559497	2.514191393943653
XETCAE	0.5926694897457319	-0.38277134566183785	0.015530473840008996	0.08388114869011942	1.8122662169452446
XEWMOF	0.3262312369385669	0.200297454797446	0.12055906759570073	-0.10924306927660608	2.570651367233838
XEYPAV	0.3999040148531643	-0.6642011479143672	0.034203035574845886	0.16752647236250995	1.4336713997568575
XEYWAZ	0.3037798309087818	0.254890815089116	0.46160664790352535	-0.26894525106631045	2.5931712788135064
XEYWED	0.2717759916530338	0.267548400583068	0.5460368898457565	-0.10045935216477568	2.581519216624052
XIBKIG	0.4909939766634972	-0.23130802877614065	-0.33507433702184064	0.11957319250309728	2.238055531902392
XICFEX	0.5067295765080884	0.01905448953670661	0.20848184839319006	0.35368377243421917	2.487262145965356
XICYOB	0.28290092431164027	-0.5182775922334986	0.218840421365618	0.0014773813849171917	1.3620776919707773
XIDHUR	0.2721006409648692	-0.5407361732227337	0.23794214369553063	-0.045066042896873104	1.3157898384529072
XIDSOV	0.5732617919456819	0.09504856647618326	-0.04196598252644571	-0.1198310946045504	2.506426234921277
XIFBIA	0.3537934486490162	0.011205515376484655	0.1915827821036553	-0.16618568426629576	2.26744147709503
XIFBOG	0.3886496505827717	-0.1220097916453047	0.3535933747866581	0.18905896581685494	2.0352856202090845
XIFCAT	0.47903354382841723	0.4315967637035502	0.16405108406948235	-0.024819074012816515	3.12066700769292
XIFMUU	0.49393212835654854	0.29747153743509236	0.03951794183362939	-0.0026200270019634125	2.9154881542978357
XIFSIR	0.5560107638051548	0.5486136721079784	-0.01049957147834528	0.15271756549392212	3.6248248338808575
XIFXOC	0.45443978374077876	-0.5564650307930145	-0.06872711785726435	0.060677848984807596	1.6198385345276258
XIHWOE	0.3993110160739439	-0.1799749348125687	0.20645786143779032	0.11184052825504635	1.9312709289975647
XIJKEG	0.46959142333344506	0.841124811262826	0.07059369207557972	0.3123331440931377	4.5091157457719016
XIJPIQ	0.5782344714581731	-0.33360266613572326	0.10635291400786323	0.19316441708240267	2.018724620025812
XIJPOW	0.47412664122255066	-0.4776746859570392	0.10593614127386078	0.11247916361908597	1.5915653434905606
XIJPUC	0.48540473875486256	-0.45534822229767136	0.1333699539497496	0.14833665953917752	1.6380728345356022
XIJQAJ	0.5060494690350854	-0.3924463156905593	0.12552459094920493	0.19157056607056028	1.7451574197951438
XIKZUQ	0.8141806437428984	-0.4378859004952932	-0.04821988471994101	0.011322223288357235	1.9780726914823643
XILCEE	0.5085778727624684	-0.48506990062790556	0.06543648749512063	0.13764702712226184	1.7014259214968155
XILCUR	0.5308165755566225	0.49773050272598796	0.06339078623495337	0.29107737166625025	3.704105111868152
XILCUU	0.5283417781066859	-0.47558389115019906	0.05959396977216949	0.13578694442726782	1.7313998352148192
XILROA	0.6006672130744395	0.630940519642836	-0.2697745513719191	0.11296850759584537	4.328113313693074
XILWIY	0.37446719198680256	-0.6587380560282615	0.02735062240129675	0.034285093466943486	1.3090940080351745
XILXEV	0.21830871373905403	-0.541208144799209	0.1955796374824883	0.03535096933221023	1.2854896707460899
XILXIA	0.5336096791491185	0.5189171414935883	-0.02798070848759191	0.16882223572783778	3.5202341356411386
XIMYIC	0.5554037637707108	-0.048988440662615915	-0.20730080147238192	-0.04749835635927098	2.287338389835452
XINGAD	0.5435012319687935	-0.450094200607772	0.046495042765445416	0.1658905057152973	1.69582917171484
XINWEW	0.4636171506701183	0.5777142629680044	0.16918832167443945	0.16476280766313212	3.5813096098597104
XINYOM	0.6609937550776177	-0.34329847369046385	-0.6265179698549624	-0.1395690077768702	2.410888943414709
XIPFOU	0.5531739916825389	0.18237300155277358	0.1589813189361115	-0.14978711670439682	2.7455187158124765
XIPFUA	0.5358769283959921	0.22405048359875962	0.17223493243025767	-0.10642502976285119	2.8270621426509024
XIPHOX	0.599122380272517	0.002887986836811497	0.01919665737543827	-0.10485268558563542	2.406945927484811
XIPQAS	0.2403072434094553	0.43281529935424906	-0.4495440799727689	-0.11137942618248105	3.714039373013356
XIPVAX	0.39021020876930823	-0.1899214709503264	0.19552926392875974	-0.10215780817045457	1.8554224461660582
XIQBEI	0.25516475270375594	-0.1502293974499531	0.0918550428583984	-0.2776149486568432	1.7493427804656339
XIQFIP	0.6500172139759215	-0.20573473495387637	-0.252475156233245	-0.15271934744615923	2.167376977814891
XIQGAI	0.37091900606720607	-0.9438338500021531	0.05792714354719211	0.20858823333654564	1.0683861267690211
XIQGEM	0.7505104238183202	-0.15356440480502243	-0.22132063808377112	-0.1586589158493923	2.3203557115000173
XIQMAM	0.5915964282813224	-0.11705561972387256	-0.15758531737461284	0.22211791903343686	2.2858523567796176
XIQQEV	0.47545363039504096	-0.5539824421615893	0.05791928532592888	0.03085866938384432	1.6041293190776744
XIRKUF	0.5663382271809416	-0.27585354344062335	0.04688881980816614	0.2340742557494912	2.0629511325732723
XIRSAW	0.6114389482739044	0.11895022696829546	-0.2546343577403966	0.011285405141836274	2.8837096016463644
XIRWUT	0.6105828556878663	-0.24927912780451786	-0.21137936000706584	0.002573168429387991	2.117302594573074
XISFAK	0.21504403140602157	-0.596921049036205	0.11258848729633875	0.08575662320900297	1.3886308127515303
XISFIS	0.33951685346095495	-0.4633461122207098	0.02615577067645329	0.07282842096927042	1.6697453438553356
XIWKAR	0.8131854421368052	0.026137326337726863	0.006282566081912369	-0.018864579938209287	2.6822326086204997
XIWKEV	0.612895988028269	-0.2786244623219741	0.027852596306406463	0.0823809331229694	2.0320277444955646
XIWKIZ	0.6409361791446466	-0.2554680838096357	0.03277214376377659	0.07487962225378764	2.079623657852095
XIWKOF	0.5639809306529084	-0.30217900440014095	0.06890288629959951	0.17334027081592523	2.010886673644785
XIXSON	0.5135125429158354	0.7003160162744149	0.1773698953872746	0.0177918448133983	3.9756395925141357
XIXSUT	0.2708337068848148	0.2040142055638937	0.20552097113206708	0.0025921354639470394	2.461091519186812
XIXTAA	0.46806183709604277	0.49054129719302897	0.27592241655795513	-0.12337058625684312	3.368809353617896
XIXTEE	0.5349298671622273	0.14416944107919927	0.3182585788604381	-0.146379507761909	2.6642454383218652
XIXTII	0.6190867472695478	0.5586452531976073	-0.0805194957247091	-0.12187648382330794	3.6513966689754924
XIXTON	0.4856438493172357	0.24010962233351707	0.3047348222024983	-0.08777346565265695	2.8144284441739247
XIYKUM	0.46069795956074877	0.2013817104721672	0.27231381468679644	-0.2348781787494686	2.7068493617325053
XIYLIB	0.5481041049171358	0.12404299626168766	-0.06054386927342302	0.06852211763274034	2.590503990818604
XIYMOI	0.5726046523400941	0.21123248406236317	0.1436969641065042	-0.3491722212616288	2.998581115973173
XIYPOK	0.6380241129131381	-0.011184685619815081	-0.056369245554833	-0.13454234559183748	2.579359625320909
XIYYIN	0.5563565007324884	-0.08613059258565733	0.06705448968664185	0.31904814877803933	2.3793695293860013
XIZRIH	0.3278080697039276	0.26224793289556664	0.12211773954878974	-0.04593421813132001	2.645979456762842
XIZYOY	0.385735491688564	0.28471740663891965	0.44593918171925284	-0.054571932786114774	2.748985541627812
XOBFIF	0.42825659526138526	0.3114741984083711	0.4698979395326075	-0.07046014071064947	2.842435844339626
XOBNUY	0.5035076182365161	0.5532190675232883	0.06836532789444341	0.17347685266068025	3.6826785773703046
XOBQOV	0.5506415430583012	0.4022665398396293	-0.4060859670177216	-0.35709199160780825	3.7519163917527014
XOBWOB	0.5385365404984386	0.24281822222283905	-0.21154798988104723	-0.2622303615131407	2.8320274059273007
XOBWUG	0.5112550893329839	0.7248589015009032	-0.012866719484803321	0.15390373189110856	4.1344038743468925
XOBXES	0.7796547254132626	0.19566865216696397	-0.5197371656792386	-0.0366789332255021	3.4858146323737307
XOCBEZ	0.5229133162973145	-0.40922044670817415	-0.009348958514097144	0.12293173739867007	1.8195434002185138
XOCJAB	0.4000307296783774	-0.6768137570576613	0.03772554720735308	-0.029442585255357992	1.3710030120942123
XOCJEF	0.44426819767348835	-0.7794359023017158	-0.016675147951653597	-0.13003062495319828	1.2662444279874787
XOCJOP	0.4436133933363857	-0.5853660141731353	0.09450110259532851	-0.09840003102227901	1.460630938109827
XOCKAC	0.3287839133696391	-0.7423760467246682	0.35780057356244854	0.07311924686356917	1.2403294219940912
XOCMEJ	0.6410493020872332	-0.09131421986856593	-0.3670238126239046	-0.19413617622093055	2.2436872213967494
XOCMIN	0.8297707848265885	-0.0952529703359516	-0.33530020814854444	-0.18894599083756858	2.502333483366294
XOCMOT	0.7832233000610769	-0.14023197908258841	-0.31215782611472914	-0.20680271506765074	2.3852104725841397
XOCMUX	0.11939613430666451	-0.3269185837022767	0.25101886597651035	-0.06170084939589014	1.4717018867718699
XOCYAS	0.33035295067012127	-0.1804059083265292	0.40490418119204646	-0.08983360175018126	1.8495181026263303
XOFHUY	0.5561436016871353	0.27834849989651905	-0.04251783267503003	-0.18967684804841334	2.880386750682201
XOFZAW	0.8089095665360135	0.37815222190189507	-0.12638499878843484	0.1402754854982412	3.7190518446854157
XOGVUM	0.5789566026285424	-0.04742692936282929	-0.15252712158651952	0.0714647106149493	2.371976640393136
XOJSAT	0.3262805254963035	0.2954091349144906	0.06161022327704424	0.24553284319808605	2.809053547558049
XOMDAH	0.41829830248421285	-0.3295942066592338	0.045409720414944094	0.12304203291961802	1.8190332024682023
XOMGIP	0.6197915052030689	0.12369548141777467	0.047834553165930715	0.013403710329893048	2.8357741395276146
XOMKUG	0.6083459799455371	-0.4113227303557283	-0.20841981386570949	0.01985319812497335	1.9337576125219793
XOMXEE	0.5093007542573602	0.3285901727373568	-0.3042756297547953	0.1269012557109882	3.2552810377290675
XOMZAB	0.3212102404156525	-0.10300722919090236	0.31642574993627726	-0.05909057563025524	2.03489249582122
XOPKEU	0.6847260268746611	-0.1700202769865449	-0.234718809300495	-0.03936718750458247	2.3559809369044746
XOPMAT	0.634267276545506	-0.07670164835957154	0.010975448189147738	-0.10338733049605102	2.268977453135747
XOPTOO	0.44556776389348496	0.12483625948208685	-0.2049079836090143	0.16171517929777696	2.6208681018462032
XOQNEX	1.256554555480463	-0.42718154075641007	-0.8858859486459163	-0.4329559738598086	2.95240207647545
XOQTEC	0.6426723875367211	0.128328946627111	-0.12704190756526068	-0.16928999804517297	2.73781943189503
XOQVIK	0.4882053307721792	-0.2450882455118436	0.10096728791211557	-0.15598988904942362	2.0134884212710276
XOQZOT	0.577456437648217	0.17950673439408035	-0.14982710653778317	-0.11412997868703544	2.795014680819685
XOSPEA	0.6136488499255668	0.3339830127758481	-0.1974993471487875	0.03002860434264634	3.0749390179036293
XOSXIN	0.6271673693138995	-0.13373107512194	0.06832215410511686	-0.057029720798506905	2.2536573816498935
XOSXUZ	0.6442293436813076	0.26240251823076083	-0.21399785489119216	-0.2077573762917227	3.2225292436182085
XOTTUV	0.39087746503287146	0.10217476068192541	0.23888373419858738	0.20907170870580138	2.46430081687093
XOTVAD	0.36845516073409357	0.1521678603094223	-0.03593561269015108	0.14417521606068395	2.51440811542371
XOTVEH	0.38837994907305884	0.3450547014996387	-0.050384432422260844	0.3401122962449653	3.0919576077069792
XOVDAP	0.3259034595079089	0.055929442876200594	-0.05532622495930431	-0.005097804855567066	2.31735277493724
XOVDET	0.3205989731364314	-0.015478310988394313	0.03908116709828813	-0.016438164423342234	2.171460768104004
XOVDIX	0.3165803331242527	-0.12707632527042628	0.16376654898112686	0.04454899470174737	1.9377365625974767
XOVKAW	0.6022393953445864	0.09868427316394841	-0.07988388327298784	0.18463220559390686	2.8436652973595855
XOVLOJ	0.3521644906491095	0.45874399435957264	-0.3634579938814042	0.1844943053305763	3.6119960574386347
XOVMUR	0.48245489916766626	0.2093185779170822	0.1527079540448577	0.2084532296277255	2.8810143337753917
XOWCEU	0.3728009486041799	-0.4378291224936993	0.239068279615896	0.15014713054837164	1.5793266316764611
XOXFAS	0.4533846776927355	-0.7384282983520835	0.18104149055032537	0.2888703381656161	1.3907555353489798
XOXXIU	0.3982174720533793	-0.57817323954377	-0.15297313178462185	0.10901469314295113	1.635240958913701
XOXZER	0.5640050491757673	-0.031501630296458444	-0.03820117309349935	-0.07953505855921256	2.4483834707780385
XOXZIV	0.32281754311308797	-0.2773507750322498	0.17194477051381252	-0.08958840410658483	1.7769336164531153
XOXZOB	0.2736598007190647	0.009384518309548492	0.14326331416542087	-0.170125618708782	2.1797858384236504
XOYQEI	0.47914469534755266	-0.10218336088421849	0.011417424681934837	0.02776198228695614	2.123873569900259
XOZRUC	0.4773409734504286	0.3474322866148044	-0.19539000608888885	0.01266486825016954	3.1725134640580612
XOZYUJ	0.5545917178591946	-0.30330129830287694	-0.19022541339448176	0.22989603700736644	1.978216745884922
XOZZOB	0.4228037501949409	0.4202771505994187	0.3022458038565731	0.028571535991300294	3.181836183766479
XUBJEK	0.388570332984445	0.36901584526439846	-0.24855480728078877	-0.23345155832441755	3.145488955526018
XUBJIO	0.32766185767020595	0.20631878579374707	-0.11186701038562899	-0.23172074735257153	2.5140190497202544
XUBJUA	0.8931388191515346	0.40656448171829085	-0.29468176263424384	-0.03841890884687907	3.862312836521077
XUBROD	0.6185868280441937	0.7174566446791917	0.05364759772094552	-0.04933624855488389	4.144054005317846
XUBSIY	0.642500483440223	0.06281053104738661	-0.38220655916799817	0.24033746453274335	3.1445144780907137
XUCJAI	0.33863587758104785	-0.6183520554151863	-0.3414294493884911	0.021907446412679842	1.5756762560792015
XUFBEG	0.3914199489869796	0.13907499118659325	-0.37980185228112856	0.1274427074238904	3.0355954009847315
XUFDUZ	0.3089616000039812	-0.3012314285466617	0.03799010054467099	0.24460850767892167	1.8384120371545047
XUFMOD	1.0419294008798081	0.1309601604596873	0.01951492174088243	-0.0944073867385675	3.0322182739451864
XUFQUN	0.4271061496708395	0.5022136560598345	-0.1886780593745505	-0.15493215846473468	3.326655021055654
XUGMIY	0.5701792497239131	0.31522479588732344	-0.22756369663631626	-0.4408852477346746	3.3323144189568303
XUGVUS	0.6669937085825577	0.14312339901548446	-0.09176405772152611	0.15643502212430926	2.919545348273818
XUGZEG	0.7122613410325167	0.6151725523582259	-0.2685207151068943	-0.15895377493275864	3.9381346600589
XUHFAK	0.4545943064084623	-0.14857104356228518	0.1675540812878147	0.0529568088988653	2.0206053023005217
XUHJOA	0.38313428039690844	-0.25180379613047243	0.14518526766615183	0.21808516833560992	1.8693184995864758
XUHJUG	0.39732461425282306	-0.06074882380997519	0.1565321728605955	0.3580431201047418	2.516504384307536
XUJPOJ	0.505818798646871	0.10404367571399734	0.07199989384579594	0.1608320614238411	2.5272125656047733
XUJTII	0.4947533534302595	0.2072048396832087	-0.41411881643834203	0.08534416673514983	3.376265015270199
XUJVON	0.4437794544792171	-0.049350695750841965	0.07787174069126354	-0.006057864814460967	2.201758195111002
XUJVUT	0.4837475624641119	0.09251113310827516	0.018361222854861692	0.06421014748084053	2.488089071528096
XUKDIR	0.4742853956402815	-0.1365112788551474	0.006414990732447862	-0.012949084590034202	2.059835867874358
XUKHOC	0.3919094244755321	-0.22921675709354558	0.2438790087932874	0.04035517976711636	1.856374794832191
XUKYUX	0.7448095719481724	0.6480508773707028	0.08896007862227909	0.08665710512355485	4.2372417162881755
XULPID	0.5047676438658355	0.4562509725787914	-0.06483606116116734	0.08045048555474833	3.425055099585194
XULQIF	0.7213187764558002	-0.2613452469054932	-0.19792541099041014	-0.18965077278644582	2.144131438390681
XULREE	0.24455587868080197	-0.0801548932627869	0.16974394101355178	-0.17222831906618918	1.9533259807346022
XULXAG	0.44243883844200305	-0.06288073521538903	0.083110118715324	-0.1212339651917886	2.2362200373827936
XUMBOW	0.7951242129947342	-0.4403172337195553	-0.08140640706095582	0.00142582321268004	1.958929783375464
XUMNAU	0.4492131734501914	0.3067671314589835	-0.05938384060504889	0.05679790320294656	2.985325566086172
XUMPAY	0.6312714666245647	-0.334504261904361	-0.23681195245569567	-0.0002450906231199028	2.070143802508343
XUMXUZ	0.5607049228825378	0.19999754473451614	-0.12591220297535904	0.15594801478085996	2.8783794000782628
XUMYAG	0.6432713593313393	0.0923414065953258	-0.13272212629429223	0.08770934402614103	2.7342137552484758
XUNSIL	0.5419199787542199	0.07549490101713292	-0.21770516804110848	0.013230273158690513	2.602773702281129
XUNSOO	0.4225793657777448	-0.09904233440688667	0.14133252640690602	-0.16163373694969196	2.040394320434346
XUPJAT	0.3146325042493445	0.2466833231176579	0.32773510509576553	-0.1332174381357526	2.5897836111551067
XUQXEO	0.4868392350923152	0.8584951440147534	0.16725398469627703	0.4030655758686662	4.663462918414716
XURQOQ	0.28628231517447933	0.2633364055960274	0.07338770129881822	0.24487716854519959	2.6739990229306234
XUSQOT	0.5975546250090398	-0.4405551002390957	0.05634026261758657	0.040376006047950455	1.6340332179445474
XUSRAG	0.20916710001336636	-0.6894867314206411	0.38217367568494937	0.10309960876606013	1.2070709641237765
XUTCIY	0.6695557805334937	-0.2193580004614999	-0.425299083685155	0.12013939603993143	2.1877414923068574
XUTYOC	0.50468590757258	-0.031158039085941155	0.08219601672073698	0.14478475026761334	2.2312223425909714
XUTZUI	0.5426343317154734	0.2838604977526396	-0.30095248611401715	-0.5357755272219064	2.9880348707337907
XUVDEX	0.5889478600199887	-0.17463494230354593	-0.26699584198927134	-0.03163399078383123	2.1301004911164294
XUWPAH	0.6417973299491972	0.2473439631536798	0.03809923821607589	0.00017222579645620115	2.9572641599231595
XUXJAD	0.3122772330331762	-0.010864267067178668	0.094459737748916	-0.024823680862313367	2.151506913148309
XUXJOR	0.548048641581496	-0.21786350778632274	0.07784022258606121	-0.11869277806459856	2.0913688202999414
XUXRIU	0.9551023114981767	-0.2984969360362419	-0.11494055306346353	-0.018331844191213365	2.348605745658857
XUYFAY	0.5593837604877923	-0.3340374539272788	-0.016545717734531853	0.052096902423995936	1.9380322753766306
XUYFEC	0.5683522728676564	-0.1897747232310172	-0.017388450735726285	0.01799798463548113	2.143366764493667
XUYKUX	0.5492537163821671	0.2044645835684693	0.2915791855906803	-0.0010972254246599845	2.74582084992557
XUYWAQ	0.34810221125930063	0.11337813958648502	0.08398511190686508	-0.034934645391544394	2.4447069221305373
XUZBID	0.3833625260672502	-0.3037315234772691	0.012316145435492531	-0.23377631010220118	1.8909097836813527
XUZDUT	0.5483007917662386	0.3693693370318629	-0.015367778902305201	-0.29873521912153567	3.111576976006842
XUZYUO	0.5201382210163166	-0.5062863393480397	-0.06715079898039784	0.043227762654286156	1.7157073890670171
YABGEQ	0.43099032208062127	-0.18724317244474897	0.13294141381797783	-0.29634493503669346	2.0257829258520426
YABGIU	0.24092471860742526	-0.22758833120337188	0.11819305012886697	-0.27204335716494776	1.815099570665319
YABPEW	0.37602780855967133	0.0166776865860115	0.06488329778806973	-0.0493661625279795	2.3425260166032285
YADJUI	0.4606742137563131	0.29352698567389596	0.0332756518848223	0.002568871112253332	2.886325260167429
YADKET	0.4730588437151795	0.398646272936518	0.13323218757571398	-0.06634140969357674	3.190899827320326
YADRIG	0.7004299154736779	0.012608288970701521	-0.3571357820466684	0.18455583764215228	2.844702075965039
YADSED	0.40438455349583347	0.46992555688167703	0.17419654208779695	0.15342626040321256	3.181092508811608
YAFBEQ	0.6568203843690492	-0.27784477476252634	-0.08903079239023058	-0.22489839493479263	1.9383512004649566
YAFBOA	0.49837915231602636	-0.2738057800612014	0.039805524680795346	-0.2815795475387502	1.888480313067358
YAFCAN	0.7017093744748086	-0.017278768304476756	-0.29293363713392606	-0.04180538061874969	2.5083868149185333
YAFCIT	0.273146326154623	0.07463851592281233	0.13854288428734599	-0.31031504908566515	2.3465137479888654
YAFCOZ	0.2878831131952273	0.05261298537119265	0.16118898426091618	-0.3146732790560968	2.293770538730249
YAFHOE	0.7679827767584504	0.03406300758120735	-0.4660456689811514	-0.006627619983191176	2.9150007535263427
YAFJEW	0.6196476957550452	-0.17981143577308648	-0.09106510569682737	0.0748432941873832	2.3054560327831513
YAFNUQ	0.45669620307923076	-0.00479578443261907	0.19944931783864667	0.19426431902290964	2.3753307666458126
YAFSAC	0.11207265444822401	-0.8160546145611784	0.36775249902463614	0.24645520038615626	1.1764025959299282
YAFTEI	0.8832963427419367	-0.11035256041415907	-0.2770558331681715	-0.3154611685037417	2.5736303643207847
YAFTIM	0.4679543319483823	0.3264257357634108	0.040960899542162685	-0.14547647223438526	2.8412905741840664
YAFVIL	0.5497154580430283	0.1916580564995026	0.009728365167585601	0.1075138564089991	2.895868008939884
YAGGUJ	0.5593891709809897	-4.313987998776428e-05	-0.044052351185455155	0.20694893432695582	2.487314986111536
YAJNAZ	0.5295079087384869	-0.48425394898246393	-0.1495195360749453	0.048586613004397594	1.7799795057355654
YAJWEN	0.5424151609681713	-0.11728311203422094	-0.22314814732693433	-0.17152032307203374	2.163036648605659
YAKFAT	0.4158448472355838	-0.20590306320146112	0.05898301303681808	-0.04247610990109284	2.0130429837706707
YAKFIB	0.3775023787280025	-0.2280357652177071	0.08295592200496035	0.05681886985929831	1.8977624388736298
YAKTAG	0.4521626527677274	0.015681011148414532	0.06431152522665612	0.1948444592124725	2.318946263151621
YAKTEK	0.47729491588709916	0.06397625543755381	-0.07031189280242878	0.14815687196445015	2.4527199678582727
YALBAO	0.5084537949454209	-0.3845945335636915	0.03522259532426156	0.15668806157441945	1.8916405376929921
YALBES	0.6116449586351491	0.3899745643307259	0.05950079130446653	0.23543243568607308	3.5775506805390416
YALKOL	0.5863104110968882	0.3485021235025016	0.1557609684649259	0.24953302845783887	3.251009474082297
YALWAJ	0.5335396676054032	0.4915731124552831	0.0953496232906419	0.19655361231278762	3.4540881882662418
YAMQAI	0.5308270259282901	0.7382590957051088	0.14347084401103719	0.35558039189901	4.319920428240394
YAMSOV	0.31498807558663255	0.39938642959972626	-0.1493453008119686	-0.1838318235998203	3.19171885526312
YANBOE	0.7855071191911032	-0.42137631291348876	-0.15547987254443377	0.09988778212176515	1.95162772098621
YANWET	0.2275226863544595	-0.6215420530138259	0.2921400086702828	0.08607748910235213	1.2769832618272434
YANWIT	0.5243169998176835	-0.45080007167447916	-0.10972166564651178	0.15420592829350782	1.7730699669404146
YAPJOO	0.892056494438239	0.004424654742434395	-0.21483892870322313	-0.12301945029844534	2.7792781520595873
YAPJUU	0.8860028961204875	-0.0062145773300847085	-0.20929533421041008	-0.1386038669760326	2.735318151273504
YAPKOT	0.2694596038842767	0.1231456885821346	0.2027596951954529	-0.05152037972692014	2.3188148912637416
YAPKUZ	0.3784935548123949	0.018104620425275088	0.03769752829795869	0.004381305952212009	2.1913135291477657
YAPPIO	0.5128268333815873	0.40794185042465525	0.15926597012657298	0.25265974693471394	3.281809574014949
YAPPOU	0.576236838968514	-0.1313562880140557	-0.0596253715757369	0.04220776743868817	2.1645855002444203
YAPZIA	0.5874048001223144	0.26198732007134196	0.06876391372390717	0.053800854956021216	3.0150124339203352
YAPZOG	0.5946936875411462	0.2737079508746141	0.06423073736202486	0.05988764077123052	3.047846070147701
YAQFUU	0.5064659546319294	-0.04023419657966408	0.09403482418413156	-0.18265005695237413	2.188032828107099
YAQGAB	0.4651791714919362	-0.09059494356068906	0.16608268983699653	-0.08584688522408236	2.051056666839714
YAQGEF	0.5407140817704414	0.14943517102772572	0.036359621239706874	-0.06619161664278407	2.619354869029479
YAQJEI	0.571092793587554	0.2954991730179108	0.13146003465049216	-0.1504412752505569	3.0045474616995627
YAQLEK	0.19002155394653997	0.3364940864366772	-0.04230206361216169	-0.1078768027241832	2.6399312322777533
YAQSIV	0.5106323972988243	0.13573454730800236	0.009585295345994546	-0.11856976455966663	2.4841051713598885
YAQSOB	0.4757303201328362	0.13936781798458475	0.013971918642286738	-0.10062269708389755	2.456777949772082
YAQSUH	0.49256061920547456	0.1876356531753946	0.012023422161409322	-0.14403598897675324	2.616155009961329
YAQTAO	0.43182694512557784	-0.12661479796892747	0.07181628653311348	-0.12786543107506326	1.9863678010506889
YATLUC	0.6047402575191203	0.30655081369302695	-0.16108122229524707	-0.14087869005105746	3.0565997365943076
YATNUF	0.33367674136483716	-0.36417148075664946	0.010902137067724069	0.054504908136941393	1.6870720486375637
YATQAP	0.5037905429360325	-0.56113170127319	0.038554380160285395	0.05618764055844651	1.6069032793766125
YAVBIK	0.8201654455884864	-0.4396897591147529	-0.0488479066169242	0.02607393162861198	1.9722085469626176
YAVBOQ	0.7116950850807422	-0.30585786559227335	-0.08841679834464988	0.07072787947634948	2.144082016027463
YAVBUW	0.6952410634507293	0.033615343735882465	-0.10052848536597508	0.32385983830827225	2.8362376724993426
YAVCAD	0.7044000435897066	0.02932628343810787	-0.03545602900955376	0.33222226010561623	2.836260200062079
YAVGUY	0.5459649389987771	-0.44359291054667427	-0.07278768569558582	-0.1793204564436333	1.7263404448498039
YAVHAF	0.29344707427484806	-0.690013311136484	0.05410526243162725	0.052066746695349206	1.225299032539751
YAVHIN	0.315678033897417	-0.8695427654528688	0.07539252831460971	0.06943326622620341	1.1240968180915991
YAVJOX	0.682307086083406	-0.18970812985453184	0.049317063851997606	-0.1032165944600719	2.2522594189725877
YAVKEO	0.615152099895119	-0.36720719520059864	0.003940906187624854	-0.007367239957216845	1.9025270431293584
YAVKIS	0.6958342492326555	-0.44787310227661936	-0.20155872151070925	-0.1532332406464596	1.7885242634412357
YAVKOY	0.4678570231116659	-0.7264816744893612	0.046419463611812345	-0.023899798910526897	1.323546350529376
YAVKUE	0.5544518177404525	-0.8012114003031175	-0.0039922009844417655	0.1113985768930563	1.3158805703359429
YAVLEP	0.6598982668777662	-0.0658880566277267	-0.05598286589985043	-0.03178265367016454	2.5291497675443764
YAVLIS	0.467191093526794	0.5345322664289178	-0.1842420395646946	-0.13566368889969999	3.3519041853049667
YAVLIT	0.7199663091417356	-0.41886877203324957	-0.05126867853569311	0.07100787383227741	1.9673065637675915
YAVLOY	0.4266978469243563	-0.15775656622244316	0.0146110337190994	0.3446226183698686	2.062158455004954
YAVMAL	0.569145816971055	0.4727485782281326	-0.25692963635419863	0.17520305409365694	3.5317784496410947
YAWBEE	0.5427851420252816	-0.18940568121197468	-0.34531950110467297	0.10959939453833667	2.5450568311059394
YAWSIZ	0.6194172586297242	-0.2111318308759906	-0.32249623020748597	0.08718863050060252	2.189694142288986
YAXCUZ	0.4214292443804162	-0.3836144761917737	0.11256817643002912	0.3465168119505954	1.6962079207370817
YAXDIO	0.45251305874214154	-0.2883867974766932	0.010675953829037646	0.22310081708486823	1.8035933207886943
YAXDOU	0.5220841653661488	-0.3506899024853328	-0.2557539839001813	0.07100326828250715	1.8756873353130823
YAXFEI	0.5292789922900782	-0.4399643703563332	0.08339816971173572	-0.07097174110269384	1.7020399368084818
YAXKER	0.4106870447646491	0.2958280084808631	0.47325254748533774	0.03553671592777726	2.8890492775243066
YAXKIV	0.43930760591829454	0.29328573677830205	0.33897492875896534	-0.10366745561648198	2.882415446781428
YAXKOB	0.32824722976425713	-0.14170390333471217	0.03670228110443906	-0.1269094680097101	2.001126907332335
YAXLES	0.6511517778203144	0.48486153318214964	0.0784144344194043	-0.08657875216887273	3.6025349833955347
YAXMOZ	0.6731520838678371	-0.5618683966992637	-0.2765312416445541	0.12951190061528312	1.7246437648699926
YAYCOR	0.10537153731829507	-0.34372708588932166	0.17474274887657154	-0.11736368135129825	1.4428426040521152
YAYHEO	0.47732138283859893	-0.36061922998131823	0.005931001042897871	0.15871300342149486	1.7605472029648639
YAYHOY	0.48408800312634437	-0.34902985689279453	-4.971717829076183e-05	0.1508652041639174	1.7812280667945979
YAYJEQ	0.4993531871084187	-0.321436707096617	-0.011032580549519666	0.13269779731313028	1.8290387648609725
YAYJIU	0.5047940673027158	-0.32128871831830835	-0.008621094578152522	0.13890582612862323	1.8348827991838088
YAYJOA	0.5071335413900178	-0.312923572701778	-0.009765298285746835	0.13345800232138816	1.847502661766584
YAYYOQ	0.7418787756180967	0.013205516757255967	-0.49189440530862744	-0.1898314384198606	2.715741526217547
YAZCAD	0.27298612122146704	0.26994863369294203	0.18394007697214748	-0.03170277988321627	2.5745900887676405
YAZRAS	0.3427812461310591	0.38235748004723263	0.3384583914580452	0.2289677002349253	3.059490408899489
YAZVOM	0.5060684283975707	0.5847194448887296	0.0759509386806374	0.1556489170702685	3.7068454993160715
YAZVUS	0.5344152710402348	0.6317171573913908	0.08316186557873712	0.07086996613435298	3.829574893594657
YAZWUR	0.13036750797707564	-0.04019048245641406	0.14018676902314092	-0.4695086384817792	1.871224854407078
YEBWAG	0.48280618215991744	0.7319804240320282	0.12274025179262418	0.2371363864717736	4.099977781948472
YEBWIN	0.38047526046655467	-0.05019593790710118	-0.06690686963223455	0.23710917403240928	2.2106310345002704
YECSIK	0.6934583415236597	0.3295969056477318	-0.1416234852671716	-0.046219185980787114	3.290172925163228
YEDJOG	0.5956756373158614	0.19765398156831657	-0.016922300601644846	0.0958767206616598	2.956768568541281
YEDKOL	0.46972981603416475	-0.1466107288623692	0.22847356360669613	0.10787921461225697	2.0258891616855137
YEDKUR	0.5283949038399713	-0.16829593351719818	0.11090040486055441	0.07194960184522184	2.1502211066268346
YEDQAC	0.4841050872616286	-0.5475087319305464	0.0464506916816667	0.06194498759208512	1.6202340060199907
YEDVEL	0.7183817829927683	-0.2098246051120882	-0.04648393478747944	-0.03855524032306412	2.2564808394972697
YEFKED	0.9938533567184953	-0.37422035811189414	-0.6943349597404269	-0.30451598761614035	2.727128483948782
YEFRAC	0.6606569554105866	0.8729081477244879	-0.25152089899215513	0.039467520669679186	5.1028211603172915
YEGLEC	0.5797510331823386	-0.3001930836514259	0.06247898599859028	0.10899468197022427	2.0932710278990143
YEGLIG	0.6945695048023035	-0.19401672393356875	-0.05976774192730905	-0.01633071009286606	2.3100228161712106
YEGROU	0.44940841319866465	0.530495462781857	0.33895737322013164	-0.05757116592419477	3.501250282583097
YEGRUA	0.42053190928126494	0.6327326936894144	0.30594082386612736	0.1658010216359294	3.732383588256683
YEHMAZ	0.5191355193624112	-0.4170589296859002	-0.18531222064262887	0.09016157443470184	1.7919916411866543
YEHMED	0.4867428564237217	-0.40640952319022144	-0.10667836254491642	0.0337982500327358	1.8102525971203387
YEHMIH	0.5666855069612753	-0.33528474096023153	-0.17939988136753668	0.07221435920892638	1.9629405350858111
YEHMUT	0.5763364571009575	-0.18030603330111486	-0.18933657215384592	-0.032900393492100666	2.2047945370020647
YEHNAA	0.5838174616766674	-0.29390566062717244	-0.20869360476373605	0.04900091027799169	2.0578009117015004
YEHSIO	0.477422174855219	0.22378064459417735	-0.31896538271028646	-0.44765687345109556	2.989551017870438
YEHSOU	0.26937196329596924	0.037760129251224656	0.08197850856207611	-0.34390211972550977	2.117164838238109
YEHXUF	0.504398317270855	-0.5355949708611599	-0.019981338343174303	0.029849142158268012	1.6463224075367415
YEJGOJ	0.44248858066145313	-0.47306380909070017	-0.23852829950938592	0.2949129061027712	1.7525593051379336
YEJKIJ	0.4010613875446474	-0.13240559556954645	-0.1576597831000619	0.11457487902317107	2.2023054521446674
YEJNAD	0.3236457481387256	-0.03307189543021238	0.21734169144028642	0.04011552842517474	2.035188564142809
YEJZOF	0.566352024328209	0.2601921805279648	-0.245276948844949	0.17808319717906967	3.230653828610806
YEKCEX	0.2855713248142946	-0.46866709774258863	0.21915316052152628	0.011074207571471794	1.4397084346399145
YEKQUC	0.25777470275875913	-0.831091185700132	0.3501999996380559	0.26486146729775795	1.241478798532574
YEKTIV	0.7280820400620431	-0.028695199493435325	-0.19871158712092646	0.12252579635638451	2.7042914885194995
YEKWIU	0.7008256847069854	0.4799278342025104	-0.15272042077643558	0.21034902529316496	3.7840483540823824
YELMUY	0.7249408236751878	0.3518702659663043	0.3230190339027099	-0.04986769592385949	3.4255658618428386
YELNAF	0.5830426867235605	0.16212545669958373	0.3010698206705828	-0.059135645706354836	2.779021317747581
YELNEJ	0.7518075593959832	0.35324937033170295	0.150410185047464	-0.08284893371472198	3.5133798075962734
YELPUB	0.7667860864017211	-0.465083931831657	-0.03241560168862059	0.015196611726773744	1.9114180948592048
YELQAI	0.8932022857296893	-0.4242427481939086	-0.09451301615026934	0.0029665593917039684	2.086513720653344
YELVUG	0.4689203677785656	0.15968669102839195	0.27738800453423684	0.0028009225677694434	2.5691947689178694
YEMGON	0.5749132395660252	0.4410955126475614	-0.1344559624460116	0.09636011241216612	3.4228194695086076
YEMREO	0.27035500852299066	0.1667957600925445	0.2449854061445722	-0.1717049186073542	2.3652357686071537
YEMSAK	0.7517241840430566	-1.118854867797813	-0.09234541958272796	0.21929269627477427	1.5394766728109326
YENMAG	0.7063627886549684	-0.3182167346931798	-0.025940879515801388	-0.215002322731775	1.9461245504525135
YEPSEU	0.7111352879196646	-0.3215813954341355	-0.19206399708828648	-0.09344721337470528	2.007239135119675
YEQNUD	0.5882453958929466	0.24986923466223132	0.2544408591478917	0.033508257107126335	2.9880968600801436
YERMEQ	0.39858486893794964	0.19141411459658236	0.03614087659218923	-0.025793534895136028	2.651346746239355
YESDAC	0.46218765748013535	0.6689759615193935	0.05022151435367969	0.17474803893586072	3.9332156022958245
YESFEI	0.5031213042300555	-0.2734221093232905	-0.018688942336665855	0.015441608394172392	1.9713802180454567
YESPAQ	0.5405013539131307	-0.3905384527445433	-0.15882101181276698	0.10501169256285156	1.8739428245431626
YESQUL	0.8588271613458334	0.550353572892639	-0.17646080770722922	0.25940211907042815	4.42377707069389
YESRIX	0.6633521110920109	-0.5627986682020822	-0.021007898567279866	0.15532656423701974	1.7111423303115787
YETBIM	0.6283149139390334	-0.2030518010113516	-0.010739570100208526	0.013070725134717465	2.2544667110764376
YETCUY	0.4524358692067354	-0.12095098559762933	0.1269313345246144	0.071503635416269	2.09209059644841
YEVDAE	0.5592900548880353	0.4589795438779361	-0.2276769664459707	0.12659107399303537	3.484972413234795
YEVTUO	0.16341526928408845	-0.3721648660721891	0.3537589229689458	0.05231118359474461	1.437465013456163
YEVVAW	0.10214898240423675	-0.16749985400959796	-0.2764685938720173	-0.19642385745982943	1.915187263698765
YEXCEL	0.7133584646511633	0.0045632308404750695	-0.11590201532577837	-0.36330657266172905	2.7056929530243554
YEXHAL	0.5300736927315777	0.4380090890346089	0.08361762760186409	0.09780662002567869	3.2570859944764643
YEXTUU	0.40035018570107983	-0.5510172153450625	0.000516043146194689	0.1271910498603181	1.5642793311103043
YEXXAB	0.17343840823860557	-0.17209981223014795	0.20079609507084079	-0.2586106505994066	1.7635000925504494
YEYHEP	0.6769509952570862	0.3237344162279062	-0.17245398434828257	-0.21194920868074302	3.21896047893435
YEYHEQ	0.4837566683668104	0.540229614682587	0.1565712056030321	0.2528340252068025	3.6497596614284307
YEYPAV	0.4583967229975219	-0.4725249368426253	0.014009876067471783	0.006924728460319586	1.560586165686436
YEYPEZ	0.4936957691492099	-0.7985998211563975	0.09090004917173405	0.12805474019445784	1.2916023619477561
YEYTUT	0.41195529306968304	0.08263232378473251	0.013611385861766342	-0.38023780943135704	2.4019965383097346
YEYVAB	0.31983055116978765	0.05428833720983933	0.21746095428889406	-0.2793522739408001	2.1917041697818935
YEYWUU	0.47559286647806687	0.04922111824982038	0.1833976759108643	0.10689735093296693	2.3861535463364625
YEZQIH	0.5089331272543802	-0.6943673005219727	0.11344331180970879	0.17118524216372782	1.4930488287946437
YEZQON	0.4941934510220882	-0.7004062326622597	0.11940119660988169	0.17185322373727896	1.478534292529289
YEZRUQ	0.5688953576052294	-0.18882674674500885	-0.17218846401917928	0.25112398259792396	2.1690207124399294
YIBPIM	0.5480605552993252	0.06473600364697239	-0.1773102429578069	0.046965165465426034	2.5907154510192116
YICBIY	0.6739618080818	-0.2988674142986257	-0.4188044551911642	0.04995958471050725	2.228883594338577
YICKED	0.3827354488235848	-0.7124953055809978	0.11532347130566473	0.11748017069032862	1.2481541809439896
YIDKOM	0.45546819012384177	-0.06432440365208542	0.0016778858646609857	0.21270150625035567	2.2582867484587723
YIDSIO	0.3730774017555625	0.3383020450067836	0.311989356641219	-0.07251652295173769	2.794571378467263
YIFHUT	0.5285269581073351	0.030530058183517464	-0.004103856597833841	-0.006926506935408819	2.3948705705933038
YIFJAB	0.5334872645067419	0.1280075481453624	0.15639843861021416	-0.15454705602267604	2.564818232133425
YIHHEE	0.4354144023287878	0.6848345126129232	0.27572948475292275	-0.01957016186982434	3.880298839118672
YIHJIL	0.5109764211821082	0.19101978446018406	0.09312843629912454	0.005779008719703296	2.70659084820885
YIHNOU	0.5440920912386726	-0.3447878293836611	0.055493980381948194	-0.058548288323318196	1.8239476136715802
YIHRAM	0.4478512425946466	-0.3732547927132243	0.21551596541212276	-0.010397855291454754	1.623886325186345
YIHREQ	0.4646334464709412	-0.3226664955577276	0.2279681681077088	0.032848271227351115	1.7693693762425313
YIHRIU	0.4570763756382057	-0.31880383509422516	0.22358979313526323	0.030555725632326808	1.7679484699939327
YIHROA	0.4514367052940713	-0.10895701081252206	0.21219970006941558	0.05828624934859709	2.027928973436775
YIHYUN	0.6924374673894862	0.4248393862978077	-0.39268338902599914	-0.020823941006849818	3.6716709305694537
YIJJEH	0.5540120761456864	-0.49630371758355535	0.19883165153704868	0.15706267330841128	1.6300451968809924
YIKDOO	0.4785491685498915	-0.27982750338589385	0.08056407693240017	0.08699909055920538	1.9315330440280127
YIKQEO	0.464137781223533	-0.38129108709515896	0.16356325697695825	0.12211540818392441	1.634128787145524
YILGEH	0.3478865997124361	0.050626323162937095	0.042216594183551975	-0.013412202001751493	2.310619988405014
YILRAN	0.6727061971856552	-0.15438372999636196	-0.1075843774369042	-0.14958431768187014	2.376787840995077
YILYAX	0.3411484835953176	-0.03264288800456038	0.19433591647958542	-0.11353155142443776	2.1045308196020778
YILYIF	0.3368092139035861	-0.08947924198731468	0.30605107443725343	-0.022882437925777627	1.991432189907702
YILZEC	0.34648694917135714	0.10288111122200844	0.3250531809971777	0.030105355095642237	2.3625343715385143
YILZIG	0.2701110946287031	-0.016144121821345336	0.13209793118435478	-0.20030731357828713	2.122769236567481
YILZOM	0.2679230099539831	-0.25164405920450783	0.27263844373686114	-0.10522056888724653	1.7061968459866488
YIMJAI	0.5880653047197502	0.2605605503353534	-0.03553276096233963	0.07013900704674195	3.1010730170449365
YINKUF	0.49581291271741357	-0.5510335581520591	0.051331896492707335	0.06208176959756843	1.6170114967258389
YINLAM	0.5068418836328794	-0.5545709281746537	0.05039182335480075	0.0638960923326423	1.6195110868169953
YINMIR	0.6717737650827909	0.037216436430110744	-0.2890572853815785	-0.06947503731833517	2.954202321060242
YIPHAH	0.6211400838893715	-0.2411124331452267	-0.13949568196938766	0.1206313684562464	2.1203336524405523
YIQGAI	0.5612900164499779	-0.41641474744328183	0.06863908141165054	0.09438350816710157	1.8478612398324112
YIQLOA	0.48974641575487077	0.7534731584295935	-0.22039335831442042	0.13239186651139498	4.162543947757425
YIQPEU	0.5056975229869032	0.7004431085077616	0.16231375573649703	0.14107574178245863	3.9473476336674547
YIQQAR	0.6196802319573491	-0.3614646858817366	-0.005231733803759284	-0.026820748907813323	1.9811555496163131
YIQRUM	0.4956140907455584	-0.18911098789930555	0.0540658802181673	0.026353453437556497	2.10954323615508
YIQVAX	0.4248739289036747	-0.14851679877282775	0.08802483728760979	-0.16416840941766614	2.03349345248102
YIQXOO	0.7485691833952899	0.13604014553688568	-0.5608095556858175	-0.043812754919294955	3.2483611911606403
YIRZAD	0.30273124125547746	-0.3363423735792009	-0.07322349142571337	-0.020773038604392842	1.6740385618997735
YIRZEH	0.2699819602695066	-0.3826271669335777	-0.020678831239459378	-0.04257553684166619	1.5627510071312134
YISDUZ	0.6164149970535036	0.2537696616521034	0.24728116572863912	0.09779634042451266	2.9833974842603803
YISFAH	0.6315078101325016	0.26437881023721904	0.22182957020185717	0.08877959041024293	3.0527708669193676
YISHIS	0.5981904234192035	-0.008833477160781962	-0.46457083546793726	-0.03686910137891213	2.8112690452184195
YISWUU	0.4051355742706857	-0.16331341978550534	0.18374878625853536	0.07102747254624955	1.9705429764949276
YITWII	0.6233484208538771	0.14833727972009503	-0.0004253888570463493	0.11373375215459793	2.8370189334249045
YIVCAH	0.44337544457362643	0.14923399106558288	0.23795656012598154	-0.022189100439082267	2.5597221173659195
YIVCEL	0.5106575764268486	0.17926110820173752	0.23688129851242767	-0.040106710872913856	2.7063029173289674
YIVREC	0.38841317571027734	0.11042336224865651	0.16632202372106095	0.19916112940163078	2.517680924681748
YIXZOU	0.5988170334049512	-0.027549537363495018	0.04635635069201999	-0.1478313789153225	2.4598212231035843
YIYBAK	0.6403852165105288	0.19641193584968256	-0.17253214781724266	-0.1578048784531419	2.942500659901815
YIYBEO	0.692258062393666	-0.35925327574357774	-0.07419651424696128	-0.10481759720251811	1.948223741907511
YIYBIS	0.6652440029608515	-0.3348176732283218	-0.16518642160790542	-0.14787878056806225	2.020705160722563
YIYCUF	0.4241435118514678	0.002261828117978027	0.010720206442147953	-0.12991982511045264	2.372273870216567
YIZWOW	0.21828547290294908	0.24117273193235844	0.009725448927437527	0.29780110527002496	2.6263580039484773
YOBDAX	0.6744019734569626	0.13852944190905261	-0.2371953098524347	-0.09882968229931097	2.7529009654114134
YOBDIF	0.6655143378641144	0.05898914998850102	-0.1636431215870313	-0.102877541898781	2.660328165899392
YOBMOU	0.4915356479922881	-0.5618788671632526	0.04578804672910597	0.06411394192957118	1.6066237228654492
YOBRIT	0.6632946421560222	0.5813785951249969	-0.1340563596262887	0.15774485549228012	4.0618989764216105
YOBTEQ	0.44908156846418645	1.2326558812293946	0.17423797985890355	-0.01435044758741244	5.477043371517335
YOBTIU	0.49740931284779233	1.195041222340678	-0.19829694118074964	-0.06857613176430556	5.482755495429489
YOBZIZ	0.4922516019061609	0.0660791972003666	0.147056676906287	-0.1573576073505631	2.4825771964246783
YOCFAZ	0.5293575306482934	0.20724301528821962	-0.2708135591050802	0.2956681158917769	3.297168740173013
YOCHAZ	0.4715860308748452	0.37736930247372114	0.44531759150071537	-0.11291158307186024	3.1886396375240285
YOCPEP	0.2846576605852933	0.046247777172297846	0.18269017409178462	-0.2426860432769487	2.2224439266500817
YOCPUF	0.3373184439762773	-0.24425159375474462	0.11366229806774139	-0.07702467794411663	1.7756027086394988
YOCRIT	0.7044827608578927	0.6183966769927294	-0.21489238824864343	-0.008246538871893756	4.0903451217047015
YOCROZ	0.690287126813435	0.24186961701321158	-0.26229583698752834	-0.017373457421403206	3.030977390098903
YOCRUF	0.625668220795145	0.6165032206243392	0.04624917560472128	0.011804909963063855	3.986884390399475
YOCVIZ	0.5382121778054518	-0.5547541620894356	0.014289285403650473	-0.07636411721580863	1.54490195239558
YOCZIA	0.4759048848650034	0.6626335136653936	0.018321713092438366	0.1699344258020281	3.9447693441494542
YODFUV	0.506328514451158	0.16821855184023757	-0.1420329262258903	0.24923171306792696	2.7940813391965214
YODKUB	0.39527699575537056	0.2394541298010946	-0.05414906176908345	0.19873548736976326	2.7917231939824143
YODZUM	0.32148281330564643	0.22930470995706892	0.491800951410828	-0.2857580354334263	2.566582912882219
YOGCIG	0.908316882017405	-0.4086935517263166	-0.09563500899109392	-0.009873680204197113	2.1365859039410076
YOGKAG	0.5459277674728256	-0.28521391825759507	-0.3762148924384832	-0.003689452352635101	2.1298870189674046
YOGMEN	0.7216067700180204	0.5461199315093319	0.25349343752683323	-0.13477178411368068	4.018617939266439
YOGWAV	0.3616027877399528	0.20937802848785964	0.315349854703706	-0.04786281580989932	2.6035354317662662
YOHNIV	0.6094740133182013	-0.24859770757061278	-0.06223903283266699	0.008863381102612762	2.1650831769954695
YOHROD	0.35721568810863147	0.2942043765834317	-0.2951543042934048	0.17809057267977735	3.1676851043251864
YOJDAC	0.47392548865280126	-0.5167932647036831	0.08727640291914301	0.028108832691525736	1.5026759841533333
YOJHEL	0.6797267673190772	-0.07103665182175709	-0.2941269672216657	-0.1379206938401067	2.4694291040579155
YOJHIP	0.787323018781847	0.04019463396553788	-0.5175547444120904	-0.07897055803546639	3.054449970409372
YOJHUB	0.5215136190972665	0.5055107043776075	-0.1390858080335584	0.10232117602695943	3.5998295104985902
YOKMES	0.46215661130019736	0.10825591164603882	0.13969948473520594	0.09249147240104129	2.6066164972520567
YOKMUI	0.47771550740562496	0.12128430332675161	0.13756476877458876	0.07755303962155491	2.6367337862639464
YOLBUY	0.2853568538829725	0.0672039109078612	0.13374294559778357	-0.2850766652513606	2.345212162958632
YOLCIN	0.43112309908218194	0.34278872757907436	0.2849139965029151	-0.03636628211784784	3.0240248502576406
YOLDAG	0.634932857645004	-0.12537282442871428	0.02639624794037211	-0.22153676876149747	2.1999327551713304
YOLFUB	0.4154632176420945	0.6456052683365202	0.1077845122504171	0.32751921256728106	3.807670458593442
YOLGAI	0.4146856991152612	0.6437402464431186	0.10678712496631398	0.3255117494137033	3.800425183824565
YOLSAU	0.8823421454272964	0.3891707340967855	-0.5732332292989768	-0.08884888250170771	4.506405629627633
YOLSEY	0.6545712263350953	-0.13986147829995504	-0.4560348349242839	0.08685536240375914	2.895801433247146
YOLSIC	0.48713352447111813	-0.3680472931909981	0.09293695067781743	0.11016235369487783	1.8330106961355195
YOLVAW	0.2548483360627407	0.2895171611538204	-0.2144535271564803	-0.19951640151065303	3.1472643127737783
YOMKOB	0.23323690537317177	0.3559727645787432	0.16177754801458555	-0.16911920650664974	2.6996361072861212
YONQEX	0.6910007654723822	-0.4787703765217098	-0.022126521286448972	-0.007284611695465952	1.9060408293835431
YOPKEV	0.42712076311519986	-0.20968967016184417	0.10330831448960345	0.03110217429774577	1.9471380792095898
YOPKIZ	0.466044001050574	-0.18174665941405183	0.09483097304854377	0.005706344549985629	2.0448590226678194
YOPPEA	0.4020215631964561	-0.07794058335707946	0.14291510647774813	-0.14671627243367164	2.1547531230736494
YOPSAX	0.39252994208413394	-0.09552373120777219	0.055297909882566026	0.32946526533995407	2.352853643613448
YOQHAO	0.5060451617204826	0.5829936204078582	0.040373555267394945	-0.014327032987592761	3.6301795033854694
YOQHIW	0.635492890067157	-0.07524399314413308	-0.234929999965725	-0.10341780453525044	2.390998759689916
YOQMEX	0.2546595610536615	-0.5832422679389787	0.2249246556905885	-0.048543252982389026	1.2533460059900399
YOQQOM	0.48823906559393837	0.46971122772849216	-0.009906457872893695	0.20635424767066868	3.533976628104306
YOSKEZ	0.6762975873841492	-0.42582609652578285	0.08227194594544304	0.03918586638953321	1.8709486109962286
YOWKEA	0.5613126673312285	0.31254265150674815	0.05173404094002046	-0.01668079829983341	2.9453353209895328
YOWKIE	0.5892241458681537	0.34386691948467596	-0.0024646234398453815	-0.06549402850481846	3.06573439934666
YOWNIJ	0.5175107245827579	0.1897038895086714	0.09996630123409378	-0.011369526952034768	2.706336287270628
YOWPIJ	0.6323548576262734	-0.27803680410554593	-0.06890453126156061	0.06123277500919457	2.1535003496089415
YOXLOM	0.884480738027615	-0.4160781725619882	-0.08719092292907751	-0.004573053882162507	2.105552702119481
YOYCUL	0.8814602222082071	-0.004654167483997749	-0.28939366220535423	-0.32637632175846176	2.7951868562651474
YOYNAC	0.5034161085040303	0.3541943494263287	-0.4155151319578421	0.21116499685506973	4.199612857266063
YOYVIU	0.48741983727724936	0.4232157269321921	0.09478737844086088	-0.038127324561099574	3.2861442048320684
YOYXES	0.4174505589481923	-0.1633057414345339	0.12282413115397428	-0.23980628184706476	1.9599714535325803
YOZDOH	0.4021158482085312	-0.3185162972231162	-0.08347702414391889	-0.1997237649801168	1.8535833633811238
YOZDUN	0.34935804606526055	-0.3305102595171388	0.03745283126660687	-0.10238529096361344	1.7941830614466077
YOZFEZ	0.5608730549267555	-0.10865655921231585	-0.1456364090220742	-0.2448955289721111	2.30617978890905
YOZSAK	0.5789021504744749	0.015659909090453936	-0.4465621068068117	0.11478628203893224	2.9097882569536924
YUBFEI	0.6059010072438085	0.17018799340510743	-0.3379793295258766	0.1295214760624503	2.8721693296194593
YUBFIM	0.41936692302584344	-0.409256668617802	0.012945839303244888	0.3391115474913484	1.7706593449721877
YUBZUS	0.7368738244022444	0.034757264425334916	-0.3440306933876055	-0.1169716003349719	2.8519959905515986
YUCBAB	0.5291849176652992	0.5525920720717576	-0.14337430381330624	-0.19310252051924032	3.4913783582324873
YUDGUZ	0.35392899153776103	0.3649138549589669	0.34536876254058757	-0.05491131920196765	2.872494380671201
YUDKAM	0.16639361614472659	-0.276311633585829	0.28339967383350384	-0.21935314956887303	1.6078499227264054
YUDKEQ	0.3208000983282453	-0.5580591895500547	0.1822057934380638	-0.03749140255728553	1.3481348681510847
YUDNUG	0.4579013153497815	-0.20719229235375908	0.3036363875598456	0.11315480590314038	2.0476799826071908
YUDWID	0.5553864685507968	0.5537017017000301	0.04286128483716113	0.19387771700199863	3.8215295095237414
YUFKIV	0.2900769443079927	0.08294670891602215	0.2736193466260826	-0.3116150385094284	2.2036523857796184
YUGCUB	0.34930837996249187	-0.1365433471752504	0.10075797049887669	-0.04974038997755752	1.943337418932515
YUGLIW	0.3564711863339287	0.11797433005387395	0.26312467706202036	-0.17267507562218243	2.352568818214049
YUGLOC	0.431086864663599	0.3081558474243998	0.4683369246826057	-0.07545028823482246	2.83751199822036
YUHLES	0.4376036280211464	0.2245526935313451	-0.09206199934698897	0.30194406675325414	2.8766231006234753
YUHPUM	0.5717111865117124	0.27394898138500595	-0.19526585751812092	-0.03975635251363767	2.999521245308137
YUHQAW	0.2373419868876736	-0.48506431534357375	0.1231467696002729	0.050097162263023645	1.439444018623362
YUHRAX	0.26685516640365625	-0.5933724481445543	0.14490815144034175	0.1153033981639751	1.4001066138224383
YUHZUX	0.7298830522665316	-0.407749559660106	-0.2664206642112987	0.2625266089035223	2.0030398802061464
YUJZAF	0.5236981478530751	0.5629081880067395	0.08154332955218108	-0.06305467268577576	3.599849148107886
YUJZEJ	0.7254409291994381	0.29602290511517965	-0.10625132599254639	0.111555118924423	3.257884792752659
YUKMIB	0.748510422994694	0.3047548640343383	-0.22666094417011004	0.06536589375438917	3.450345122384922
YUKQEC	0.6618074115719077	0.24125172082965057	-0.45689470569116986	0.05158411933802253	3.8560830386001803
YULMUP	0.4059831245128498	0.5073749353519108	0.022648484751897457	0.045069635855429765	3.53501257099703
YUMPIH	0.5911726498740721	-0.04589483572870274	-0.11214008893217271	-0.04488850235748708	2.4701041866965814
YUMQUT	0.40444073747003983	0.1898768835610729	0.22037892062380288	-0.05723878530550611	2.509143104880552
YUMRAA	0.44979772785171335	0.05104935475542971	0.2655651366940547	-0.004076760852661055	2.26418923713154
YUMYIR	0.48186039768893707	-0.04976599156382202	-0.09395861531052464	-0.16352378168204174	2.3123994510144783
YUMZAK	0.4497500289886265	-0.057014680080798734	-0.11662023471892767	-0.06023942779031599	2.2852589192747352
YUNPIG	0.34265499227237006	0.38170735004043826	0.3380912954436823	0.2284727714708013	3.057878958377642
YUNPOM	0.3430530383437085	0.38226064958540884	0.3384002091879399	0.2285174706991599	3.0599883030198263
YUPMUU	0.27821726473558517	-0.4289761540699478	0.11569055641991616	-0.06385645676909402	1.4701384661325072
YUPRUY	0.6925095741087395	-0.16861015261073936	0.005649198012695172	0.06916004466871306	2.3150635990993416
YUQZUH	0.6421844674135464	-0.05412099783991491	-0.2607392842617313	0.14208897116728164	2.5177866468863304
YUSFIB	0.3573290513380387	0.38302005360499847	0.06715948413410508	-0.054835740905079006	2.9567011528030775
YUSNUV	0.4687008453070165	-0.014442483168540006	0.009588926177648185	-0.1258124443530248	2.277720866479465
YUSRIN	0.7751416091659591	-0.09525428264206821	-0.24898740879562148	-0.18252164945769533	2.323312369024383
YUSROT	0.7812662589297501	-0.12659338137315085	-0.2534723263375114	-0.1985076138471339	2.279569153907349
YUSRUZ	0.9351488129757461	0.0932083096631767	-0.6167130950782395	-0.16670225658692633	2.9253044063969966
YUSXAL	0.38733501555830685	-0.2975079016241612	-0.003334161451171755	-0.199364403889424	1.9236698594984336
YUSXEP	0.46044072858162455	-0.06773234462998776	0.23501745653294592	0.014989753503886082	2.1797777880527884
YUTLUW	0.35980652743123986	0.015581991382301673	-0.11131868355855867	-0.22317581613423754	2.2513256284500978
YUTMAD	0.18756513132873742	-0.29761285224917894	0.14598033474870262	-0.03953638384290771	1.6523221006965692
YUTPAF	0.1945111206817134	-0.4169235546482728	0.27643984147836165	-0.10995689635116111	1.4739409015364293
YUTZES	0.7287934502547735	-0.3420011885452392	-0.08809942756038333	0.03250796788156969	2.109221897534775
YUTZIW	0.6862743221572041	-0.3540214184691506	-0.22213971783582417	-0.3157939158958964	1.9893863786112067
YUTZOC	0.7331383434619427	-0.17747679116208043	-0.09927574196303293	-0.10089791466873595	2.2510390722752343
YUVTOB	0.5078240751480445	0.6711860980763723	0.15712366605287095	-0.20241579748114769	3.7891800240923574
YUVXUJ	0.4408930436224203	0.6452615286010933	-0.3615596053712391	-0.16632655979491368	3.8249821560532786
YUXHEG	0.5984096490426323	-0.30030055740530304	-0.20398360662720225	-0.04040018398748205	2.007515339576909
YUXHUV	0.571718521313584	-0.4384938545604093	0.24322290014795173	-0.03465033323427729	1.7552501502501046
YUYDIH	0.34643586500017376	0.20446148936920114	0.023052129316151124	-0.3276039219755671	2.592264357024077
YUYJEJ	0.7711770235713207	0.05491450683018183	-0.47221007096408485	-0.10360761521415952	3.0462648849893776
YUYSAO	0.7879220193439558	-0.12042633992182551	-0.317965866274685	-0.21129963869333612	2.428769966881558
YUYSER	0.7323911547372068	0.06645614325090181	-0.24961124413188202	0.11778576042424964	2.99427243539166
YUYSES	0.7997215281911414	-0.09941578784688265	-0.25806221997226453	-0.2018851170164317	2.4920363969881025
YUYWAR	0.5298231538181071	0.6076187042553973	-0.07896995501240561	0.06710808680730243	3.7090328357959734
YUZYAT	0.32219499401395124	-0.17768368086442632	0.22745308997545732	-0.29319424488997947	1.917005622643062
ZAFPUV	0.5620923638167294	0.19212925912838164	-0.16991253368004577	0.12582462747992962	2.9484056543467454
ZAFVIP	0.8381121740945829	1.0772946914179942	0.016843982097775545	0.3261901387695048	6.0358045217741125
ZAGXIR	0.5119206545480264	-0.1921783026788457	0.03730141459450595	0.0721374637881397	2.0267085725862146
ZAGXOX	0.48320479992845566	-0.1437111348483609	0.2377932341502917	0.10025880173098715	2.046891707963351
ZAGXUD	0.50370113806611	-0.3590375093897191	0.036390805584463046	0.0684393261574719	1.8020353647919463
ZAGYEO	0.47481795307364916	-0.31365112661788336	0.25738118188182435	0.0908455874299688	1.7751325281768022
ZAGZUF	0.49000829572985083	-0.26377244531267346	0.3580405051463246	0.09086958118133738	1.9075860512496405
ZAHBAO	0.49486859958957297	-0.26026847586804946	0.3591680680114919	0.08306988313685286	1.9176334500478638
ZAHBUF	0.7055869172604332	-0.4756502456580723	-0.004749886378916407	0.09959258659176945	1.9332622653869138
ZAHQEI	0.6358442920039309	-0.2192732368565822	0.18520011839825673	0.1543749998192422	2.090340379245315
ZAJSEM	0.4640097513086978	0.1032102741106625	-0.07303678053529017	-0.07184277433363188	2.551007953524935
ZAKBEV	0.3360883664376577	0.11061056865947427	0.27470207230197197	-0.16046889266757142	2.310499746970066
ZAKCIA	0.37888082915783716	0.2727599582983687	0.4749150650484577	-0.07875419657484434	2.6783609876495014
ZAKGOH	0.6223146999993343	-0.5401871039411473	0.035335843128067354	0.11125282601416939	1.7520217272792045
ZAKHEY	0.7450877737643866	0.36569116938368623	-0.30007558453668937	-0.011602771910601245	3.42365693013109
ZALRIN	0.8947395885917366	-0.26041359848490087	-0.1747320281064268	-0.06232734046876884	2.269323969634984
ZALRUZ	0.8123356527227141	0.12503997245581205	-0.3696393365208271	0.01841230665408366	3.0840867968673127
ZALSAJ	0.5662076324575231	-0.3964866015111389	-0.2119735765789393	0.029562314115097972	1.9160167913583002
ZAMFIC	0.48836524716277374	0.10571040699659082	-0.0973311704770776	-0.10985673138541803	2.5746489946888755
ZAMYEU	0.17830361305351028	-0.317190823083457	0.22162233680386878	-0.13859496584106162	1.4944123658096213
ZANVIW	0.44264964037536725	-0.47432351734481637	-0.23719224098775601	0.2908095739955083	1.7520411994254173
ZAQJUW	0.4370938821428716	0.201965902667755	0.04993807449124213	-0.13301380821451803	2.768016490556709
ZAQKAD	0.5785563919526151	0.1661666200841577	-0.1708357305468099	-0.11102156597861339	2.820290453624419
ZAQNAK	0.4254260308945401	0.12981059140954393	0.1552219277518156	-0.13539215342752037	2.514657725849136
ZAQQIU	0.4788769648341269	-0.29363840135248753	0.08533603539548687	-0.20939659231363428	1.8543658036216883
ZAQZAV	0.32924743115555666	-0.2813763873406658	0.13150063202437437	0.0767159855105935	1.8081630319408457
ZAQZEZ	0.42194984574520245	-0.4249536969446383	-0.15083458360671434	0.3982554310831215	1.8246028526746674
ZARGIM	0.6276102823681775	-0.004745487396905473	-0.3139332932955752	0.14300666690216704	2.6951342128475915
ZARNOV	0.2809698189981713	-0.137892331336628	0.004204032619272588	-0.2844118733772983	1.9168403330575863
ZARPAJ	0.18258201278035502	-0.2687822199449619	0.16593880944545086	-0.09112209521371963	1.6079623718313338
ZARPIR	0.14051628877505928	-0.29893889153528336	0.21763894315363702	-0.10346470282832891	1.5100296378078761
ZARPUG	0.45455632822317593	-0.1286187567535853	0.16614138106284648	0.0848553945401547	2.0964953261761465
ZATKIQ	0.575799820856755	-0.2621888595321098	0.1681332269528938	0.07092113402404879	2.11807127164861
ZATNOZ	0.4272923923930545	0.49554597134272027	-0.29411703194505723	0.14844748267827879	3.6609031465587725
ZATTEW	0.624840612505718	-0.1778674206054998	-0.004636842111217079	0.18074574317754888	2.2573143965334994
ZATTIA	0.6180450241030577	-0.20447691296266093	-0.13374978665051948	0.14265299386001878	2.2584792867355814
ZATTOG	0.6603455313684723	-0.050426880982840094	0.0002593454187279215	0.22825953546715894	2.5607035223554884
ZATXID	0.743076963819548	0.4312351627979494	-0.32132954398112423	0.1401619280466166	3.817116087451574
ZATYIG	0.6351380753239475	0.24527361418206522	0.11063081708696276	-0.043160772651867116	2.9081369621152193
ZATZON	0.7296852084112846	0.8101123244691099	-0.23950351697463243	-0.16308803288558715	4.559745371096756
ZAVWEY	0.6710759604395546	0.5828761123912043	-0.3021312936729421	0.061588547541128975	3.984835994557386
ZAXKEQ	0.5056597405331198	0.05680860927317734	-0.3714687223304446	-0.2590255628896115	2.6348256499719493
ZAXPEV	0.1874962489719274	-0.29042467620394996	0.0784734821575934	-0.11871223206616384	1.628879313409277
ZAXPIZ	0.21092028038893362	-0.2747361227193867	0.08057304740965471	-0.1365932988589254	1.6570222150073077
ZAXPOF	0.20181764673381686	-0.3014200386573769	0.10144024487744022	-0.13845981746565156	1.6011558298165969
ZAXPUL	0.15115747199703256	-0.3242396394767302	0.12640748223231343	-0.13688112817878684	1.5291774393302637
ZAXQIB	0.4433056037741254	0.17855839541942042	0.11396656140048156	0.1765771604200131	2.667343987146707
ZAYMIX	0.14426940735246063	-0.2562505727767962	0.19065759750379407	-0.25801333611584365	1.5815965128446863
ZAYNIY	0.8324434156170195	0.7211371382011729	-0.39089400137408636	-0.025235798664114663	4.891807028928008
ZAZCIO	0.6127257069243983	0.38447335853960224	0.058675962452171854	0.24180078594328724	3.5741715858703436
ZAZCOU	0.6112970983269532	0.38806038018327943	0.05964562866761025	0.24172544757833264	3.57856952465068
ZAZJUF	0.32867997718675124	0.03641587536920765	0.0623230016637068	0.05042484118547016	2.308898351646468
ZAZKAM	0.3889489451725954	-0.025910097203730054	0.046346211518491956	0.018746278604503296	2.3504755840197054
ZAZKEQ	0.3741637253819077	-0.09444899357892803	0.09356052756518374	0.14118818003989497	2.166460785036956
ZAZNOF	0.5982114037422326	-0.47679385020192816	-0.12645050159719065	0.015285132812119262	1.8335844638855265
ZEBQIG	0.5961441724618037	0.21586288454425107	-0.42989422890282647	0.11255708560391202	3.1484716489906623
ZECLIC	0.4923304912570057	-0.12933748366920453	0.23510680016061603	0.0037669585288364685	2.0363297804516822
ZEDBUH	0.4460192077384626	-0.03543828783417592	0.08514277743992718	-0.08024078303066139	2.236604318053579
ZEDCES	0.4555672045033541	0.06555075257012939	0.016931302790974448	-0.1800023684705334	2.4654055068410905
ZEFCOE	0.6151430772935225	0.24895704626327803	0.2453459338297202	0.10951258291160283	2.970287041429064
ZEFCUK	0.6126400210489722	0.248995017171102	0.24157875812179075	0.0989009947096133	2.971732435479224
ZEGCET	0.584723743599338	0.4870266928944442	0.1162837440003619	-0.08080930206064266	3.6385426053363457
ZEHJUV	0.35547259570041323	0.40361502539799793	0.6110394344962483	-0.027962484223765675	3.1230778799934713
ZEHMEG	0.3512160943068938	-0.19332849332847876	0.2967358673808186	-0.04812439686870501	1.8261351582688294
ZEJHUT	0.4701312775830546	0.46593912804367843	0.11131207865106746	0.35404698587253447	3.4945639491105265
ZEJJIL	0.45929524285124224	-0.16755340010020214	0.265399217705112	0.012164449657827897	1.9688789394309039
ZEJJOR	0.4444763531218108	-0.31757578817265997	0.10828504658532759	0.019148070708829207	1.7789285705704039
ZEJNOR	0.6035146296449874	-0.5005317496547851	0.14123955337515062	0.16718844995067528	1.817096191937329
ZEJSUE	0.4521758136441365	0.364053970449183	0.024154343422662802	0.02230704368461385	2.9996692857373026
ZEJTAL	0.4662973498085927	0.3776737826656367	-0.021184795641109762	0.026661984915273836	3.0732346402781694
ZEJTEP	0.4661135144754285	0.37606256059512333	-0.02142278530158341	0.02348506532473419	3.0703814197912602
ZEJTUF	0.16139924974073772	0.39729900541384067	-0.01692097938835798	-0.17226388934574194	2.6571248497619133
ZEJVER	0.22359356004268927	-0.20960368808450572	0.44460688222282785	-0.006774331017965443	1.7456042821752273
ZEJWAO	0.19267117613399565	0.21570266086664688	-0.07294419858246057	-0.21448254022825458	2.3787811406789796
ZEJWES	0.20029953401111644	-0.15489961254231038	0.32402793088720383	-0.042844266571660905	1.767095911739227
ZEKGUU	0.45467403450126564	0.18426274447990063	0.17640325530407108	0.015544830305108472	2.60443605890592
ZELCEC	0.5643021575201992	-0.43777832427538155	-0.17594120876171424	0.003933178509800624	1.8926945361096283
ZELJIJ	0.4822921687379811	0.7445239000053043	0.3000102459930772	-0.03398726314235906	4.114009976307964
ZELWAS	0.1987260145550218	0.5919126462336847	0.39007507608006586	-0.21492814688287526	3.1874960467524867
ZEMROY	0.5337646845961936	0.48635613863742144	-0.09670700520298904	0.2956332826981238	3.8650238351808723
ZEMYAU	0.42456479291485394	0.20686444912209317	0.200229509151456	0.020770991886184063	2.6670478435375746
ZENCIE	0.6744063541896645	0.30792639822280554	0.05138325091847687	0.016629152077173866	3.086387713057075
ZENFOR	0.343969550559343	0.1841947991279865	0.11754153062585704	-0.35808893122415064	2.43897970270356
ZENNIS	0.5110045950026167	-0.554156587244388	0.038663285537564096	0.059726904534749645	1.6219138166815115
ZEPMEQ	0.6202349099877162	-0.2807272891922065	-0.08120816091704543	0.06628429688863959	2.143991677853922
ZEPMIU	0.632111406261358	-0.27015567101993365	-0.08551225255801409	0.0672826579848417	2.173745340187909
ZEPMOA	0.6416560278287573	-0.2698608861599383	-0.09183868641105057	0.056630991916814165	2.1830193344780042
ZEQHIQ	0.5712911324587067	0.15149334869031056	-0.023519746231030057	-0.10643498315996143	2.752210987600211
ZEQHUC	0.5041246475413663	-0.048118848016778404	-0.038774741718737106	-0.24198960932903413	2.308638708020638
ZEQJEO	0.36252212469720657	0.0035606527958834677	0.08595033696076079	-0.29075181592047045	2.1953456868722983
ZEQKEO	0.5189543010573177	-0.3807999907017022	0.030308032699238152	0.1516911041768942	1.905172358152024
ZEQKOY	0.5187067167724422	-0.3806780600314296	0.029627208780673236	0.15157194992749995	1.9046841291215115
ZEQLAL	0.5185455214218386	-0.37965420367616604	0.029287168375032493	0.14879755672199207	1.9067792456733654
ZEQLEP	0.5185294273759116	-0.3810099198320599	0.029806513019100644	0.15059819229932914	1.904273092735819
ZEQLOZ	0.5183939107221427	-0.3777755532926959	0.027794797770554144	0.15126610351053688	1.90915841366344
ZEQMIV	0.6333334829999373	-0.3330584092383342	-0.03965151143835607	0.08677491399755438	2.0683262559946582
ZEQNAO	0.8055735818874608	0.3579665786200752	-0.4988955459236502	-0.043082661898684274	4.2707920740329435
ZEQSEV	0.35450006689236346	0.4478572615067237	0.06847976659230845	0.1309836964168632	3.106909512567013
ZESHAJ	0.4946725054450871	0.1114872820652143	0.12184597695355087	-0.11883443119969893	2.540610519222655
ZESHEN	0.5671057733862233	0.21932905743217582	0.06376895283541645	-0.13097025798230727	2.860776764574874
ZESHIR	0.5021534961434764	0.11857398624177073	0.09278537512252008	-0.14471059220278204	2.5538857774322015
ZESHOX	0.5046803945634322	0.11542525355036223	0.09311677973220692	-0.13884282008416693	2.552836256059601
ZESJEP	0.5078164108048453	0.12483418818380035	0.09695577331934846	-0.15641249132717056	2.5580787774711298
ZESKOA	0.5648839176577685	0.21677398908193246	0.10862085748781408	-0.12356961339640903	2.834946160450427
ZESKUG	0.4827042318231367	0.08002532900462148	0.1053571977300225	-0.18192111726902477	2.486629321897478
ZESWUR	0.4205092142506963	-0.3014649220426998	-0.04616782954069217	0.1736730081081158	1.8244166951642464
ZESXEC	0.41904026307685527	0.16433462220582262	-0.3330411784602439	0.11044900466292518	2.8266102137304334
ZESXIG	0.4113335264409743	-0.3283207274710865	-0.021707213235326282	0.21852708147519062	1.7704836516276883
ZESXOM	0.4041080412400051	-0.28734130604487523	-0.01884421470108444	0.27336134298781584	1.8533012200847723
ZESYAZ	0.4085019807357293	-0.28654516976875255	-0.02822600185066631	0.2972296403811795	1.8736947138965192
ZETBEI	0.6592604706224678	0.40830711280926335	0.2281937677130007	-0.23842687287311098	3.545186023186594
ZETCOS	0.3660215238323392	-0.11598390270460014	0.19486523882323642	0.20545790438576633	2.0728461681060364
ZETCUY	0.4610576835148459	-0.22146625797334285	0.00782808599712971	0.21006619120123532	2.0044652852698466
ZETDAG	0.5710811716812225	-0.5083262153841617	0.05526002820238238	0.24228014915306895	1.6843694202915094
ZETNIX	0.5893844519782983	-0.2510949744096108	-0.028168201399789816	0.04101330127898172	2.087949371126431
ZETPEW	0.4469455399936191	-0.5664464887317368	-0.05459710610333324	0.08685140063703994	1.5071974860005435
ZETPIA	0.4264883935113044	-0.6526117066207772	0.06716423717645928	0.12527405173607714	1.3858170258953129
ZETQUK	0.6356072113174145	-0.27495881117555354	-0.06452804109683759	0.04331133874810868	2.1526881656121497
ZETRID	0.41955767446426506	0.1445903783159088	0.2617753857755556	-0.07308971248220934	2.4660785814531208
ZETROJ	0.4430484656724625	0.14787840436904143	0.24832125352255746	-0.07085816358012616	2.502114645388794
ZETRUP	0.45833563747251027	0.1497766151301225	0.24088646257885754	-0.07073499963590833	2.5244755554085425
ZEVCIP	0.3526709174830627	-0.7472908407933626	0.12974552210676532	0.18990645087766633	1.288383378037153
ZEVPUN	0.26726550058421594	-0.06862322599178855	-0.028888769779576724	-0.1486005294067233	2.247406542285559
ZEWKAQ	0.26142155060014405	-0.8182829442952555	0.3304238861208238	0.2655324641679258	1.264953865780395
ZEXFAJ	0.49591361497267705	0.7264993917259956	0.030530743579660832	0.1885570607064218	4.165906656882092
ZEXFIR	0.5008528316460099	0.7147112362322586	0.031671151300406694	0.1836053484448794	4.136514759410013
ZEXGIS	0.30389278279796494	-0.23099428787618215	0.144940555039617	-0.19464920712211442	1.8799465004135454
ZIDQAI	0.8951291072811012	-0.3659935945776102	-0.09249635294117682	-0.056400269501321	2.233661833106247
ZIDWOY	0.3803266656939934	0.16737726839779504	0.3443864072595288	0.05525796385571209	2.525085290774621
ZIDWUE	0.2922237156004739	0.286444208283617	0.2457554933176866	-0.08528265148164352	2.7118809743238623
ZIFFUT	0.5484646186608471	-0.025276578280778436	-0.09406055545004817	0.24988798872416562	2.7908983816833133
ZIFGAA	0.8189025169501214	-0.48122112054497895	0.011608117891310527	0.02605471769296754	1.9098488151039117
ZIFGEE	0.7915684580482205	-0.5300822791428549	0.001242341699520047	0.10658540101626739	1.8604505098769442
ZIFGII	0.6649732556077614	-0.4637855856485124	0.07348824957275601	-0.0504743718710354	1.7337665356809904
ZIFGOO	0.7111840539827377	-0.4162993644368009	0.05024459130589956	-0.009249674055127562	1.8683596426887652
ZIFQOY	0.7537673593422642	-0.45070792167721924	-0.018561885327369146	0.020282508654346214	1.9041256508237867
ZIFZAS	0.5118408981106715	0.7993841185909505	-0.19431033957064348	0.2740083402316877	4.50600237111513
ZIKFEI	0.6401949872778614	0.6298836883682428	-0.25332639031161186	-0.11051654638823204	4.0589639533017605
ZILMIS	0.606583762476423	0.25517037291825273	-0.26187050756992525	-0.26812567728750164	3.0136220632779933
ZIMKOV	0.33479513391775395	-0.15295608544383021	-0.11016965304995871	-0.15050535411592736	2.0200646582883914
ZIMXAU	0.6314702221243804	0.7254797993733009	0.06396990914010936	-0.03368570555296692	4.222330961173753
ZINJOV	0.544198521861917	0.35897592728132166	-0.22829684903240235	0.11924493955333335	3.248258023251248
ZINPOD	0.488909058711263	0.7753076297849523	0.06208015308949072	0.1654675683702853	4.194055437431853
ZIQDEI	0.6811232894284176	-0.05004500192175197	-0.291711197770291	-0.23163542798363723	2.5160296447957697
ZIQJOC	0.36718498819321344	-0.32666364996483505	-0.09093731748102314	0.18592751728461504	1.7292326494990022
ZIRNAT	0.5680325671168784	0.0970362989645793	-0.24647166354191155	0.10519139259616182	2.6789283566248554
ZIVGOC	0.4087596580113786	-0.14982521692143771	0.18337561149025516	0.06568363402746757	1.9775331328566752
ZIVJAT	0.42746995304596425	-0.34010865327966844	0.045524253719823146	0.13177877655031173	1.7896989245302988
ZIVJEX	0.4363750468776084	-0.34313164908921284	0.04947108900654709	0.1481694934227291	1.7916807491611375
ZIWDAO	0.39836645096799383	-0.1207268007620563	0.1348727229087569	-0.07385851833448699	2.009304263090658
ZIWLOG	0.4736716098035618	0.09652040476820524	0.03535470322944716	0.05747260026293687	2.4624114572856293
ZIXVUA	0.47693594783089654	0.036579298827360766	0.1574736560127126	-0.01391540654339371	2.3766323038880537
ZIYDUK	0.5063921912814147	-0.36008027442736024	-0.07494591443637699	0.051559814701696925	1.8825919449254074
ZIYXUC	0.5884992211377256	-0.19023293657053725	0.13382622444834155	0.021023932827606437	2.1416151782429647
ZIYYAK	0.48657526798965733	-0.264630398825901	0.10880840655727878	0.03214540487114439	1.9607287730411227
ZIYYIS	0.5515025083631633	-0.2498725860244882	0.06858478587621247	-0.04811644230996402	1.9934754857265358
ZOCLAG	0.47954372005871093	0.01388457440111128	-0.23881372745169857	0.35095734182501165	2.6440920562377466
ZODMAI	0.5487901412616933	-0.30806756019100123	0.11051342933694905	-0.005465298247330091	1.9595647349921732
ZODREP	0.2684492887791512	-0.3625413832367543	0.23692686061401563	-0.12256918896427539	1.6409812418353937
ZODRIT	0.26604760769064084	-0.35348228523407654	0.2561283560947743	-0.1242567249804893	1.6340569368500468
ZOGDAC	0.40505620529040876	0.5389219338502301	-0.3132990475935467	0.10609373531120364	3.6983314912570067
ZOGLAK	0.5844367651129065	-0.19350114406692806	-0.3690392684430599	0.05124509811792134	2.212243108942822
ZOGSAT	0.8043363361470721	-0.1795497095647072	-0.9891991100151868	-0.6437968031525056	3.580685461842866
ZOGWUN	0.6113959711708485	0.7109485352135287	0.07953938180143935	0.2218593550249478	4.258839676602581
ZOHQUK	0.5319782224259946	-0.45433133955241434	-0.1597153505813736	0.07243695439743617	1.8064956796958715
ZOHRAR	0.5490373020944714	-0.4883304396930379	-0.12723345252757876	0.043151233474310956	1.7752277888975256
ZOHTIZ	0.627283693748474	-0.2338972142380673	-0.1418275284885372	0.09785270659292289	2.1328140050580524
ZOHTOF	0.5216425225333605	-0.23264671895976638	0.04019416889112029	0.22061648155444713	1.9966255951046974
ZOLHAL	0.3160482555608133	0.25068793165896897	0.1682840481317418	-0.0939478314883555	2.6458483279704366
ZOLLAP	0.4281196632739528	-0.14172693447521423	0.15591041803344577	-0.2228887323452043	2.116677295106371
ZOLLOD	0.33997259636270893	-0.05297362111518944	0.2743020718355945	-0.13054684912908943	2.052354454437212
ZOLYOR	0.5210074859305776	0.3226523105557225	0.17477929980367501	-0.22375311605771697	3.0626238165341486
ZOLYUX	0.5107868144996823	0.3092316058703714	0.2202816787537295	-0.13321761897573947	3.051497815641029
ZOMFEM	0.5915963006338272	-0.21424013081767965	0.20171625412421357	-0.16404719054026773	2.0578122226591375
ZOMVUU	0.5046391859900465	0.7778646593311992	0.03420702601183202	0.2853308196496773	4.570893140019535
ZONLOG	0.3885715093893989	0.18436114174268955	0.006603758584267136	-0.16043454430140952	2.525052428093578
ZOSZOY	0.3956876986992288	-0.3610364643877168	0.06571667677755424	-0.2573795149064861	1.8623370618614457
ZOTBER	0.507815109759389	0.13249320545256937	-0.10457303594814159	-0.36179260107442945	2.627285036101454
ZOTBIV	0.4828002248931531	-0.15065931065140187	0.007528306883495164	-0.22182145203046888	2.136165165302221
ZOTRIJ	0.4037106340401051	0.9459802032574091	0.14901322863623223	0.19651043646941763	4.632661303816908
ZOTVIP	0.6716352917609436	-0.8764745486552447	-0.6529530111040988	-0.18502518539755086	2.022053382481613
ZOVDAR	0.6388646546581267	-0.7075673142507013	-0.3120651417453066	0.008728379700857495	1.4565132540966053
ZOVDIX	0.5410295336618134	0.671928150699817	-0.002968293264723587	0.13178459264970654	3.9825954822066953
ZOVDUL	0.6427322680673804	-0.6775718319771413	-0.3260785221872087	-0.08063479834535144	1.4991485030152845
ZOVVAJ	0.42549828512192356	-0.11572086357859297	0.11566668676819333	-0.28417033677643905	2.1777941651480774
ZOWRIM	0.6040789418604628	0.04140466598853185	-0.12501246373680233	0.13054001769763085	2.6124378287450662
ZOYQEL	0.2190655758100677	-0.463891351133993	0.06740772701469014	0.03519943957773047	1.4253565447443761
ZOZBEW	0.7660024691452252	0.38876529800716286	-0.12252422330923302	0.14868422048901397	3.5318776553107676
ZOZHAX	0.4980703877465693	0.08923897809266912	-0.40651148025556794	0.02618464343090944	2.864767484403893
ZOZRAK	0.552268887054904	-0.5641877352929348	0.015039590202937658	0.18972159084679968	1.6105615539859648
ZUGFOY	0.3267557328410917	0.20079855980295658	-0.0907773479734298	0.24771304479830364	2.733871817781159
ZUGFUE	0.41237170965315606	0.13562405793383972	-0.21608300820711548	0.19563773006228313	2.832709969620492
ZUGGAL	0.4401476409534135	0.14687639907724281	-0.22622193558148476	0.19026794937056024	2.8722021634211967
ZUGGEP	0.5093776913493677	0.16424078984137278	-0.2731183102725466	0.054088062743755556	2.8705873048850714
ZUJHAP	0.6666301547247198	-0.3300758888833297	0.012775414460021811	0.09841193000679573	2.055202176449447
ZUJHIX	0.6116643048385528	-0.34392128228122143	0.013313730190827822	0.09901580195426497	1.9969618771000057
ZUJLOH	0.6121000770672786	-0.20293043208322478	-0.47294728949618653	0.02142270653049607	2.2995055758405307
ZUJLUN	0.3711663573104751	0.7078162436338816	0.30095578420833696	0.09507497283969998	3.8369007521504046
ZUJMEY	0.5264005980770232	0.13775688771754935	-0.03400775769458533	0.052768947014637725	2.590838125101035
ZUKFUI	0.44413747405384907	-0.1419495876092636	0.1712290335595717	0.06536093370305901	2.0268017258751003
ZUKMUQ	0.46252346156311575	0.27974042219651307	-0.39815224442577835	0.09191323910870883	3.6386095974148387
ZULGOC	0.5826833016604445	0.3795551236825564	-0.05452863321442518	0.2625965283637597	3.557436307211434
ZULJOI	0.7868165663160394	-0.4196308334002601	-0.04085366471260745	0.008357366314962623	2.0164140776714037
ZULMOI	0.5774581734486199	-0.6379577722305472	-0.05182805232731323	0.042005179499225234	1.5737593853566239
ZUMFUL	0.5655796944550389	-0.17335240852775563	-0.24923851832177718	-0.21312812461963287	2.150692590030918
ZUMLEB	0.6074223931318254	-0.21662349080500848	-0.06533449847468223	0.0867768905851416	2.2274490127512587
ZUMYOY	0.4694835533408632	-0.4307180156650088	0.03495094663511568	-0.12877068116423385	1.657673418779237
ZUNDIN	0.36109614673789725	0.15902753062186523	-0.07884713745235013	-0.23581201187303474	2.4998240124857722
ZUNQIK	0.33021717048391386	0.06869601973534593	0.2938621742795276	-0.16651131512543205	2.2426557493890455
ZUQLAA	0.7788056883164298	0.3058904713770668	0.13033083194538858	-0.00034873186516803933	3.2831028036767456
ZUQLEE	0.718284763552635	-0.0864648828523837	0.019420616691307138	-0.3783675580481688	2.397562019149066
ZUQLOO	0.9626186637067997	-0.5062137352844005	-0.10276437862679533	-0.015348359718277083	1.7855815967621407
ZUQNAC	0.6899609569704284	0.13671773591632616	-0.24998131598497464	0.005851071642628516	2.960625337801438
ZURHOM	0.340445294664506	0.10117244324851508	0.28462705864239574	-0.1734009935232062	2.2826659318418923
ZUSXIX	0.5586421254190919	0.4405213901398965	-0.11951254810288303	0.10084411771873142	3.392873013873896
ZUSXOD	0.6234197421832475	0.4086876175390591	-0.10892530209474928	0.09361413922901024	3.3665296711512167
ZUTCID	0.25661205638374485	0.002894810225261113	0.05985889498577365	-0.3357153320300129	2.156569026279119
ZUTCUP	0.42694630540767253	0.14997239353827382	-0.2516222095847551	-0.2890964831605775	2.7081102544068694
ZUTZOG	0.4780304956643988	-0.4106225668015416	0.05452909328066349	-0.17880636614255108	1.8498458853273523
ZUXCAZ	0.5570536297679389	0.151375854090908	0.28783393651631856	0.019832170276768528	2.7477119925558022
ZUYXIC	0.22050697613049763	-0.17143108783513128	0.15698594698102494	-0.21328542808420592	1.8106509834420517
ZUYYUQ	0.46862578777621255	-0.362893399329273	0.18849558437824493	-0.2127480170489477	1.7585339890978773
ZUZHUZ	0.24930713775024627	-0.16694730361176524	0.11852857960417212	-0.2669151931851774	1.8451570492880414
ZUZPIT	0.40246636181598117	0.13505013140380268	0.2508162831853542	0.13872076057689384	2.5572014863493884
ZUZPIV	0.630623971914491	-0.3684182331039689	-0.24377593016920673	0.0008311060236927854	2.0295775700574157
ZUZPOZ	0.45168595539975787	-0.11187409815690558	0.1632469284815766	0.07773802874566174	2.116385546259581
ZUZQOA	0.5517653105550906	-0.3297218649225061	0.12371433271313045	0.07889292723607255	1.8890499749982954
ZUZQUG	0.39050042467071755	0.6304720458549996	0.2895562348091896	-0.020858721189998	3.6554642153878487
ZUZTUL	0.3818735025399702	-0.42595863868598943	0.1063705846860521	-0.10913764195947646	1.5407391862041777
