name	pc1	pc2	pc3	pc4	std
ABEMAX	-0.023684152048751628	0.5579965794317212	-0.5149898540932139	0.2982788123643944	2.3290112659634503
ABIHUO	0.3962512375002314	-0.33463271155958163	0.6876994641066859	0.1725451715685065	1.6154634457773742
ABIJEA	0.39407982312897527	-0.31276827032618093	0.6436113623188664	0.16784368694921192	1.6663574597104294
ABISOV	0.45824422326738024	-0.718930288886618	0.18034588209582705	0.019844560899208594	1.6339274549030955
ABITEM	0.4590883821497975	-0.7209908925457829	0.16888760058765934	0.019681348061316037	1.6277194921637923
ABIVAK	0.4585540465574578	-0.7193996012810442	0.17974129380636739	0.01780211760158254	1.6354549687778772
ABUTIE	-0.1206856885991523	0.435782942791803	-0.49277155540660833	0.3432199618968537	2.102300541061365
ACAJIB	-0.01104310232073935	0.0865463276849136	0.38340534572120477	-0.06732035829150938	1.7181063074256333
ACAZFE	0.3419736555914703	0.025304433773973956	0.6694827843971587	0.05918511358113682	1.9236541006671168
ACECUK	0.3350714298447812	-0.00442306775644917	0.6531486970465337	0.01759174032297864	1.9295430575086119
ACELUT	-0.09680467064816822	0.22876896792826173	-0.1030973262806339	0.1787493462619869	1.739340407789164
ACISOU	0.34977667898500897	0.16470097481703128	-0.08421313698540595	0.07077823549271059	2.2629767376379664
ACNCFE	0.04204219884928451	-0.24938667157147873	0.48977763010983394	0.07252404682763683	1.5385784807918808
ACODUR	0.19846213094392562	0.10853874487151924	0.4286146193002011	0.13033376634500765	2.005154834350366
ACOFAZ	0.45890893423903467	-0.040460569544084196	0.6548583176918361	0.11946135848147546	2.0895920116455033
ACOHUZ	0.30099356562227886	-0.11666815468145351	0.02052732613497152	0.21152035443048867	1.6985456607239318
ACOMUA	0.3468388152793018	0.01069174807903503	-0.11661601731950635	-0.0980111519676702	2.043546238690308
ACUZII	0.19234097810286643	-0.9486120794211836	0.2954206351375871	0.5866674424029645	1.1369688998664933
ADAQUU	0.7089835255929975	-0.6679456366696082	-0.027600673291708747	-0.053106025265587886	1.8411746935496136
ADAREF	0.7327789685351007	-0.6674435937110688	-0.029264093496768825	-0.045517723019835435	1.8466006905049563
ADAREG	0.11280027759420852	0.09648360661485059	-0.5019121088475021	0.16801149146274233	1.834272417342084
ADAROQ	0.13874222274036185	0.3412167194942282	-0.4679014610323633	0.3154156824848814	2.1874638316259962
ADEKUS	0.30029753382522806	-0.2509567560400946	-0.23465626840491471	-0.097598237082064	1.7454781147162253
ADEMII	-0.12972213777883068	-0.1287028337209419	-0.40607394915637285	-0.015093686996339832	1.3615415193476732
ADEMOO	0.232022798798043	-0.21625152035898604	-0.2741151014587263	-0.06914040474570056	1.7499432448083652
ADEZIW	0.559085606866252	-0.26860992482738866	-0.2079899234842622	0.2365613407306461	1.9494198149171034
ADIGAV	0.6504288297580487	0.638951414235611	-0.0463136206626335	-0.23836065586290578	3.8611627650339555
ADILIL	0.31351316222384273	0.05852738834521318	0.20141037980858145	-0.05972813011769159	2.1291035603828785
ADISIT	-0.07795441103733047	-0.05157591130753554	0.3802186177073568	0.06065196497671599	1.5408736544882302
ADIZIW	0.5830489591466703	0.11017044571888171	0.5537283330104226	0.09077404762916114	2.4564015938231285
AFAQIJ	0.42599847154901216	-0.18646696713276306	0.09715200311375877	-0.09787249745767812	1.9669256333503176
AFAQOP	0.3786687507599842	-0.09207729987414572	-0.011175094719700226	-0.1527527861069391	2.0682077927868523
AFAREG	0.38333574563310613	-0.12694020750497592	0.01581644769858398	-0.14188123610709785	2.0155427360747
AFEKOP	0.10792454595503731	0.016485341498778422	-0.3944636591709083	0.17878182128099002	1.671889831741046
AFELOM	0.5561231482603839	0.13021583120679098	0.6282720298963518	0.10966334013859458	2.247161581566177
AFEZOC	0.13355868364689982	0.08768690901433665	-0.15832146310588469	0.4596477068198804	1.6156169445859194
AFEZUI	0.08349779117225964	0.04750081240205531	-0.3992169445059316	0.7414430839803294	1.6889721565077485
AFIBAU	0.6310301889019492	-0.0034167057978160414	-0.17806599892328384	0.09389089107353862	2.1624590288487933
AFORAO	0.32596725796242776	0.16157987716645067	0.6631688531818231	-0.02330501935314399	2.1253966521364767
AFORES	0.29362376843450644	0.2091977007147497	0.6408257770487272	-0.03926729387685886	2.1595509537128574
AFORIW	0.2658391162710112	0.2315744242788781	0.6094742991815819	-0.02211063290094751	2.1287853676702397
AFOROC	0.29572825354147714	0.2055906063849674	0.6378488643277148	-0.033170173203171706	2.155338419984194
AFOTUO	0.18811892414992304	0.16519951827517954	-0.37812506643641064	0.04926914727974645	1.9420986765447514
AFUGIS	0.07058548974218093	0.5957921974012785	-0.31069751193382306	0.44260394163370004	2.4835613361492213
AFUTEB	0.5974626218257093	-0.6387531803597444	-0.504042750542164	0.4239161296582414	1.3148710908592212
AFUYAD	-0.06115890143830249	0.7281917214005829	-0.13559403504095693	0.12576098540367592	2.696277625743135
AGAWUB	0.37554313117189064	-0.29646546482520414	0.0187769422743779	-0.03849023873389848	1.779889988021284
AGAZUE	0.5051854359335302	0.05676965394829542	0.2804966558933357	0.10910053383495269	2.1655450005902503
AGEDEV	0.4113246598777627	0.2925276593165965	-0.3773140134105625	-0.37602327764845406	2.8195125667064453
AGESOV	-0.022819454788831184	-1.3524430926008215	-0.28477318836668225	0.5527093397103688	1.305505880814868
AGISER	0.2066959959592416	-0.15875032659825938	-0.4706225086566397	-0.1256389667841239	1.847644525489283
AGIZEX	0.47893353080728396	-0.7686810353362168	-0.01846393621400949	0.0005583922674002595	1.5429304783622972
AGUDIQ	0.5890418475895842	0.2815508663755536	-0.15811597614753897	-0.49026118053658574	3.2622427693568534
AGUGEO	0.4268391075962885	-0.3339552407168844	-0.26885105475645205	-0.11839461191625497	1.919999791270915
AGUYUW	0.5480467226119368	0.1563601474896355	0.028652503610045323	-0.28024814914874274	2.8659701213922206
AGUZAD	0.5061372101504835	-0.18186520079910642	-0.12789504193632079	-0.39112825317556527	2.252644639213347
AHAQAE	0.3005808701025394	-0.4710168599972118	-0.04304243554534917	0.04399111116197746	1.4704097743494815
AHEKAC	0.29740747869775497	-0.4882419138044568	-0.07833249683752919	0.11577590385458342	1.395409943584012
AHEKEG	0.3013740542171721	-0.49414328188238954	-0.15586946874114474	0.10306601343329447	1.4235630705327864
AHINIR	0.5218904269997537	-0.017496174878078696	-0.14035404246678568	-0.3160760189924333	2.4577486301596285
AHOBOP	0.2757940098479379	0.15031494262449913	-0.39147344928026084	-0.15523478890808656	2.1738843598269675
AHOBUV	0.3376960987227431	0.04508693723608284	-0.42081141607905703	-0.03613641811846997	2.1116226470784003
AHOHIP	-0.13173095573144744	0.4185227250098567	-0.7563948402833093	0.3258162765828244	2.2346494467587434
AHOLIV	0.1755661865689242	0.21795032464643754	0.27873857280224035	0.07624843921503419	2.207603308295424
AHOLOB	0.17983699238040396	0.20016525311708683	0.2999284300404272	0.08679378528463155	2.178404507781747
AHONUJ	0.1477517601824152	0.28397044475937805	0.2578233902077941	0.07393025495947456	2.2613458243448843
AHUGOA	-0.030415853455096453	0.6347233415001361	-0.34717850188370275	-0.008458992716808278	2.5158214728470467
AHUKEV	0.23527955367485553	-0.1669078371794088	-0.04606416520688819	-0.09774946636644163	1.8757214261322295
AHUKIZ	0.2745214116201309	-0.2632832843429751	-0.0641845556365554	0.06909560643447293	1.5892037352009938
AJALED	0.16365482408106624	0.5487414237640187	-0.43028930791075437	-0.15857793533988687	2.793022298751254
AJAXEP	0.5421034164256842	-0.7759983069947536	0.08880756015751246	-0.07248246902559921	1.700655848191795
AJEFIG	0.41297544358916305	0.2870702516060779	-0.284591256734783	0.0035135082186188993	2.5137068733133394
AJEPIP	0.5173561873003143	0.015298910623199824	-0.17678424362550865	-0.14442349455837938	2.2286084625518576
AJUSIJ	0.25340638001104665	0.22878524226857655	0.21314273831709413	-0.28031694435063415	2.3540536630751627
AKAGEY	0.7748476978694843	-0.3418486496204304	0.9081366907879798	-0.2911975792137218	2.1888361320551626
AKAZUH	0.3621480806328501	-0.19163318976830113	0.19964390365845358	0.42208441417016207	1.474139449851938
AKENAF	0.7396121871575296	-0.7849527791896564	-0.079003577717319	0.04600337371421426	1.7714153401017738
AKIJEM	0.15625113784022382	0.2244652755517893	-0.5545459777023775	0.43775159478348374	1.9275080771265882
ALAVUE	0.21404948864068896	0.7984329057110966	-0.17164262472889452	0.02557538202490932	3.1814547233471546
ALAWAL	-0.18203622227648886	0.7731523171288939	-0.30261724106055654	0.22472881455946747	2.587094323308377
ALAXEQ	-0.1681835618859231	0.7107120179936439	-0.1959910272518648	0.15321915674226785	2.5188038050724346
ALAXIU	-0.22653703265802072	0.8269521755530864	-0.13263848990192967	0.3237659582371157	2.5483290894187207
ALBTCI	0.31948327267545906	-0.21263821092147472	0.4698109299947332	0.0047961076309047945	1.7628565261414786
ALEQEO	0.49524025545415995	0.3765032019503092	0.1446366415496489	-0.08937748776512985	2.6837653964308315
ALIWAU	0.671509573388982	0.04531864268447067	-0.28850135017141676	-0.13769807701537445	2.4237521893333684
AMAGUR	0.29067074946635696	-0.09107496379945244	-0.62945570561484	0.12286921136346418	1.6548998503647576
AMAHUS	0.2498781524548228	-0.15056657370797602	-0.811652463360249	0.06368886952953945	1.6018772171646896
AMIMOZ	0.6398929377690461	0.004703324469858425	0.21666611978977388	0.125826042622228	2.134553653633591
AMIMUF	0.6234472091732783	-0.0034323578260598425	0.26230212695541505	0.10514760431829365	2.087115982252051
AMINOA	0.5251811720980148	0.0034452902123980195	0.08873247671536608	0.14215256316669891	2.032161099107002
ANAVUH	0.40263560536565635	1.0763052582423143	-0.2481517939791376	-0.01027717935143125	4.2559169181140675
ANEXEZ	0.7498579033136998	0.4388923429889991	0.1394666799480578	-0.20019962025956348	3.288426546373042
ANEZOK	0.26183158265583284	-0.5127723845730046	-0.18263973484775614	0.11292381301596577	1.3920945320825757
ANIGEM	0.3328589109351041	0.3582497037789786	-0.5699884802728145	0.1425137592794666	2.4162502502859144
ANIHUD	0.08430732713930933	0.02703709943517399	-0.45934300550302076	0.07716909464053465	1.6871732678687947
APACAW	0.32019907498146516	-0.4591007456618122	-0.09795223942606812	0.031203284617379354	1.5052684398717866
APEKUE	0.03291644783431247	-0.06928544881836396	-0.48495685331223426	-0.13983516864038747	1.6430761993448337
APELAL	0.13115871598173667	0.09329152179865463	0.0217311171654804	-0.055448624997715926	1.959462192868358
APELEP	0.11721199647236391	0.10948429275191848	0.0070008744705287035	-0.07277379524981288	1.978776385394562
APIBAE	0.4394220172894725	-0.38247762113823885	0.7406286952522204	0.2064779638884468	1.533146644417467
APIBIM	0.550010052884673	-0.2314274667557189	0.754403230657968	0.13888720180687464	1.7322936995794247
APIBOS	0.5117964642032584	-0.2562618983728729	0.7541504749778937	0.16829107792460982	1.656776439632931
APICOT	0.5825084943557988	-0.826842202703927	-0.29495258383260853	0.2541702932580249	1.3733233093731574
APIKUH	0.2653867044976188	-0.0790432926239678	-0.43575766864258925	-0.4246055732484049	2.1605704190177057
APINET	0.5446649621263244	-0.69868759763882	0.31368268019000645	0.32041198071253923	1.5332742190640447
APINIX	0.6120642409227885	-0.33622204057298966	0.3191440892693671	-0.03606710257139463	2.0305005083684637
APINUJ	0.4705575375520361	-0.5692221994939501	-0.27578269523953314	-0.13546254598812701	1.6559249007840853
APIPIZ	0.47966788061177557	-0.5676013524236188	-0.27467039411059513	-0.14518596504759285	1.6719480903620039
APOBOZ	0.29773130283952387	-0.2817428687454039	-0.003257966523063441	-0.01205542495607445	1.7921895688508795
APUCEV	0.05081905763987882	-0.13153802835990222	-0.14019435016134524	0.01856661332275407	1.6580993870062801
APUDUM	0.14232922908816592	0.13087908302198803	-0.5035240023308374	-0.04242740053333298	1.9544313355183485
APUTEM	0.5555697747931152	-0.6106827020853836	0.4033156007864612	-0.07842059447451591	1.8716305171062326
APUVAL	-0.27554250283941917	0.3602078399906902	-0.6162781878880198	0.35145922034892313	1.9580466889868022
APZBFE	0.458895915469248	0.012758618556770657	0.23038433947720188	-0.029988726355157487	2.0630341508385603
AQATOD	0.13055677150705547	0.048536004266848065	-0.19716111975444678	-0.1855558647240752	2.0013160599139237
AQICAF	0.4229174128724349	-0.15965753062964122	0.6035997945719398	0.03410208375775442	1.9017381554362967
AQICEJ	0.39880373921058965	0.11912620497160312	0.7648040222643218	-0.11392813287692183	2.112254759608623
AQUGAU	0.18506001467639077	-0.03376559278554353	-0.383598906128117	0.519896433356043	1.596379969148854
AQUGEY	0.2833786392184363	0.07807725654800862	-0.28807086083729655	0.1682682163159593	1.6963396030092706
ARADOO	0.5256343218843185	-0.5613211196838646	0.027939806667366354	-0.08787578116188684	1.7600141924673487
ARECIJ	0.6357413056386161	0.5722033869022707	0.1930544690699626	-0.38490588833625483	3.918049702843403
ARECOP	0.4371512962202715	0.5689130682750534	-0.05975846423301431	0.025665032270799942	2.9160799568054885
AREDEG	0.4347498466897255	0.5684150320361296	-0.0683788973775776	0.14616282019986657	2.8652066476123945
AREHAG	0.4461197534598105	0.13562698773200227	0.07180125038971048	-0.08844688851430442	2.2540088128812403
ARIBAG	0.09000851608656202	0.2898662305835216	-0.31148708516893897	0.06097787625436335	1.9755548141286117
ARIBEK	-0.022103114361513132	0.1427272876769507	-0.338028249614797	0.15918387210984777	1.729175509140634
ARIBIO	0.3355663946205496	0.15254603176841935	-0.23566227968652514	0.26718806761938824	2.0365249536824064
ARIGOX	0.45321095992028937	0.7789716719570363	-0.06314411311771623	0.09308899612722735	3.5998508009749965
ARINOG	0.07010265291734363	-0.40733703130679744	-0.48576396199829164	0.24572121783522183	1.1970269003296214
ARIQID	-0.037724807175921526	0.04186139436281422	-0.07019500446355897	-0.19247739017289905	1.897105309815822
ARIREA	0.33296525199682314	-0.7089184915734903	0.3408771892155946	0.38179004823542306	1.258196636201976
ARIROK	0.42971855951121096	0.09252230084210605	-0.10071659288834633	0.13465011306913865	1.8755413748683978
ARITOK	0.3967177379096185	-0.14526843614611773	0.6956370249890994	0.05411450287976072	1.771926511761011
ARITUQ	0.3319959354161055	0.06632028211045984	0.6323718687374084	-0.029539903577415705	2.014409480808448
ARIVAY	0.3960458596966028	0.45492949576861114	0.3000361957083016	-0.2474267598258842	2.8773470055887396
ARIVIG	0.424151004262205	-0.31972202656779725	0.6320200168757156	0.16122259863956806	1.6791645062468372
AROBIS	0.4294624065972492	0.507719199425867	-0.15081804097658524	-0.015708565880102957	2.967355386118359
AROQIH	0.5858193086015824	0.05062002397716753	0.25424231108462514	0.14500699874771997	2.1104020603184095
AROTAE	0.01672755725572106	0.08524742615117864	-0.24560815833611915	0.086058481569905	1.8172398210021585
AROTEI	0.2841034338383217	0.4748546398917319	-0.009662818521092811	0.05062049105329021	2.5453545803948465
AROVUA	0.24267091168239663	-1.0184897307397784	-0.257302953649381	0.07068641827421143	1.3769683599374396
ARUFOJ	0.061070992345627406	0.33682577785810097	-0.40208771231614093	0.07548483483095766	2.1772809826591932
ARUQUC	-0.02541187098254838	-0.3504500807176103	-0.33462114866225245	0.010680476050786827	1.3898965777931913
ARURAJ	-0.04376802008019842	-0.38027762651715336	-0.34636661432948224	0.04375232508331732	1.3622184046629222
ARUTIR	0.09158177971920578	0.5151405208673641	0.2564453624213756	-0.6172618959581104	2.763146390072884
ARUYIY	-0.1977100500854223	-0.11369009445216005	-0.4561689418664714	-0.046470342694450294	1.4617997975478911
ARUYOE	-0.14487145376466337	-0.09210363935651336	-0.4722673437158327	-0.009357782282415891	1.478047480733437
ASASOF	0.21670894690786868	-0.015304237195640266	-0.23704087803303292	-0.08938787706166797	2.100298096678403
ASIHIW	0.14278112496115547	-0.14291904227542576	-0.4163258638739913	-0.08474570999261008	1.7412821169367743
ASIKET	0.4708491453000896	0.022518109414441878	0.7890555014246751	0.026924485397390202	1.981319915966259
ASIKIX	0.4669190081789143	-0.047060703289064726	0.775140191128835	0.07365379557440643	1.8840371350844485
ASIKOD	0.4872489162822706	-0.06936632276234928	0.7391123026120123	0.05298677968520185	1.9136436013723475
ASOJIB	0.23257421550885615	0.19745263758418552	-0.21397889735833597	0.00427863472180795	2.0405164245771195
ASUSIQ	0.527225822167642	0.5071103102961032	0.07844528126248936	-0.12555184083241858	2.953548295644732
ASUSOW	0.5038979143353881	0.3836982420851662	0.3748293477456916	0.01596626360153762	2.6297069637035717
ASUTEN	0.08739086409953867	0.8147790746881387	-0.027655327344640296	0.17827178904398822	2.9919613436646766
ASUTIR	0.45706909183383004	0.0034532812619157693	-0.09364565764012675	0.29216487264973395	1.8160677778009684
ASUTOX	0.1662013932264692	0.13755617396266517	-0.4348903707884586	0.22453980866049122	1.8037394753896356
ASUTUD	0.14268791686871074	0.5920531614137297	-0.39266828377961643	0.5974698060446475	2.6823555294347328
ASUVAL	0.42936385246707864	-0.18607825195248406	-0.17588460813717793	0.398779430539695	1.544158950008915
ATAVEX	0.326609300052894	-0.25134310998314013	0.5932652427798504	0.13472279702674803	1.658949691158904
ATAXAW	0.5591736099069644	-0.6844605337344309	0.07963905303303975	-0.06748579489374552	1.7564092820015724
ATELIX	0.17871335757405937	0.047145685354372746	-0.2977726689478247	-0.06651089362677867	2.148706246071731
ATINID	0.02460502556576305	0.39761946159671696	-0.5398245353118623	0.4184409853216901	2.143175366473191
ATINOJ	0.06013989992690405	0.28711030735279885	-0.4257161710396993	0.37809308793287166	1.8975795756728329
ATOJUO	0.5669524739225587	-0.0639556852931325	-0.3547254048782233	-0.25412428153137556	2.263762261430066
ATUPEN	-0.09140686998484782	0.8947240552064275	-0.07138454743871908	-0.36453185202765825	3.1771554370646635
AVAZEF	0.7364718656138747	-0.5742633032290596	-0.010726621471526088	-0.27564654136800126	2.0371504243726264
AVAZIJ	0.6688448809653789	0.14084648321815602	-0.15649274382165312	-0.41708969538417107	3.0689977736288316
AVEDUC	0.6054922365292628	-1.0423394265178179	-0.6667882795623595	0.014405270726061473	1.472083709363325
AVETUQ	0.3493005017192665	-0.050741965311614304	0.33532821771200655	0.1531119779250455	1.8931618753612574
AVEVAY	0.31009898282638826	-0.2280087179296698	0.06370569719696828	0.059971106574916305	1.7112589901041573
AVEWAZ	0.3210486897450844	-0.19451706260238633	0.10516708729443094	0.012842630720771755	1.7693050628398002
AVIVAD	0.44166652609958845	0.1820849714774086	-0.1913014381810173	-0.2539405730778776	2.817264327327323
AVIVEH	0.46201512500112774	-0.25087070741928186	-0.033429533505123385	-0.16922710639875657	2.0564672675603948
AVIYUZ	0.33839918181637696	0.6244922836703943	-0.19079091207971322	0.1545584137385318	3.009438371941881
AVOGUQ	0.7947271594989731	0.42592569140395903	0.2853673742311811	-0.38536496088262095	3.7794359382496427
AVUFEE	0.13483753651632702	0.02997474810607781	-0.03819352992046379	0.016094545327654197	1.908314886156877
AVUHOQ	0.3359307333976336	-0.007301396424381795	-0.0437788518941464	-0.009734979210863734	2.0390053801078447
AVUHUW	0.343745409084657	0.0810808558685909	-0.22659305788234535	-0.016520090474818387	2.237228649235338
AVUJAE	0.37082224689198906	0.07451569242206874	-0.09471711436220756	-0.0725090220567349	2.2019078357448176
AWAFOW	0.32201398715680174	0.1257901272251523	0.4258483935493893	0.16661817160686332	2.1157314226385218
AWAGAJ	0.23918451648292294	0.19201498931976135	0.39176627016770466	0.06230704338308632	2.1149728026095396
AWAGEN	0.2444893705523148	0.4132381378920625	0.4865550658126208	0.13760524508239338	2.323451825448771
AWAGIR	0.2321239798754653	0.26157636184390026	0.49163905660596285	0.14781562051093322	2.196310032597765
AWAQUL	0.13901993642242294	0.5686671593023345	-0.3483918689255581	-0.2542656100409624	2.750039669108767
AWONIL	0.03248989327262786	0.05996349393276848	-0.518327335981339	-0.002603788271661786	1.7358047300499881
AWONOR	0.4081784448018606	-0.10681170917606847	-0.3063749158879029	0.07709257834772884	1.8127421715647094
AWOPAF	0.5755277142273236	-0.27722912464600735	-0.2843701090358337	0.007818259491940385	2.0461803151063416
AWOPIN	0.08334796984117565	0.2238642466696077	-0.4728938087672868	0.07662235757620448	2.0920651511570143
AWOXAN	0.1672691146243186	0.30959443250953705	0.3854640082002435	-0.17104949898410654	2.1263914806491053
AXACIO	0.25626423011681876	0.6862396794446914	-0.120619118114797	-0.028331558941558553	3.2824982468012354
AXIBAK	0.5718441772483063	0.26202213731742335	0.29214641252637685	-0.02910639498482996	2.4328912428994727
AXIBEO	0.5369016716253459	0.19847407543011292	0.1316072542770534	0.011256520943246237	2.5126723186386912
AXIBIS	0.5345347206282787	0.21564898774566282	0.14414965160436755	-0.060208800614183225	2.473811283118713
AYAMAQ	0.2657260365164369	-0.0798782216715429	-0.18277076242139567	-0.513641467053324	2.445525018092643
AYECEO	0.2406869449027118	-0.13210577146025942	0.191004611309477	-0.04917819473740909	1.8429591137649184
AYEDEP	0.520989133789378	-0.5016498871021227	0.3973447673326262	0.016069785647725474	1.7190626975122227
AYEHIY	-0.11834292294049176	0.013871099994681085	0.01700944507662086	0.03513224753139435	1.6410185121884977
AYEHUK	-0.1668362344065799	0.3784823896895773	0.06907618487469275	0.03410898614636365	2.040176679266599
AYEJAS	-0.07914197605654705	-0.014794472439173437	0.058108225665286714	0.05980383557954663	1.6589579557009642
AYEWOQ	0.1517396776903137	0.10494029939061902	0.21548656550974102	-0.05646676311231226	1.9619683931236667
AYIBUI	0.26709359809838595	0.5800929656629237	-0.12523938181387545	-0.08237067983353627	2.8155246857594634
AYIXAK	0.15431945158501925	-0.12831063562476486	-0.6057051490371954	-0.32365633487080686	2.00890670009821
AYIYUF	-0.02197995183412571	-0.8851398536396844	-0.5121267535998846	0.3097081128157178	1.0856543630843185
AYIZAM	0.1062377732875075	-0.07610117695580129	-0.4589207694631695	-0.23719815232822147	2.006086724676976
AYOSOY	0.30637085650625906	0.14488621977474442	-0.21793931095229185	0.17262831526537725	2.172138218780478
AZAMAS	0.6951141206183653	-0.4602312314525717	-0.18667555535323865	-0.20751418964539042	2.060740240963612
AZAMEW	0.696610112291884	-0.4606944320762802	-0.18511355180588163	-0.20564676990862396	2.059232699456185
AZAMIA	0.6956912764318117	-0.4612990651020939	-0.18536588866491527	-0.20541343114219093	2.0563583208449563
AZAMOG	0.6956139167973063	-0.45905366387534957	-0.1858973008357102	-0.20717090760566023	2.0616049518458044
AZOFOL	0.0877266524603626	0.8076903275042218	-0.35619546232131766	0.14719536597433847	3.5360173237009933
BABQIE	0.49081551456619366	-0.08481427961873914	0.3930461816650252	0.06943983619028121	1.9039389559925557
BACFAQ	0.562162603531009	-0.7016803045293032	-0.1005018838002025	-0.05605925818287695	1.69060975091371
BADLIC	-0.14994104940491404	0.003927193297097065	0.24127531027284174	0.11891075201668799	1.5795194560078472
BADMEZ	0.5184808264973597	0.545798854805176	0.4452290596249112	-0.03326279870877794	2.910255946113483
BADQAA	0.2846457696406137	-0.320483855767149	-0.5404288129804549	-0.16595702730905126	1.897088641795749
BADXAJ	0.3370554550037328	-0.32521486272635386	-0.19775507115135715	0.025714308380030013	1.7118412011094988
BAJJUS	0.584699015301406	0.515587725419475	-0.3261139035241694	-0.5525942025218675	3.588329007994669
BAJKED	0.54688760088598	0.49256080461480306	-0.34448660988789664	-0.535998799254104	3.520819596920687
BAKTOY	0.34237311180100605	-0.33764792378683495	0.7654636352397256	0.22881379018253217	1.482822421165582
BALDAW	0.14057671199362076	0.4003907597233403	0.1694470874622829	-0.436088603065298	2.5538452477263163
BALDEA	0.13092759919245456	0.26004845943528504	0.09092764643104875	-0.27179380686998844	2.147998517393625
BALDIE	0.16173154796100464	0.2042099557707439	0.061061814962436144	-0.2880222164541767	2.1990840980025315
BALFAY	-0.15682035030762043	0.37575019393331793	0.21540365253237315	-0.1590122636008742	1.7685502848462056
BALTIS	0.22558385561278937	-0.21169987726972733	0.007932124615722194	0.09448243797646533	1.6374894052702158
BAMNOU	0.3968218878859959	-0.6364066789084684	-0.2111909675276067	-0.24048810618682245	1.7424020704898062
BAMVUK	0.7823972920414768	-1.010500243940712	-0.5552821101139672	0.0491245383136969	1.5355581196340662
BANQOZ	0.7460947787349754	-0.12696321357194937	0.4353116883691314	-0.32071802585700904	2.3752213269840396
BAPGUX	0.002219657628006466	-0.31263707580044264	0.2515967601883206	0.27461455962782527	1.3584372675564862
BAPXEZ	0.0825428699748012	0.6159864696051804	0.6121803576286798	0.05745030066407708	2.5363510655471124
BAPXID	0.229297362271367	0.4829241999047002	0.6650659051913632	0.014742545262622864	2.5870255479202995
BAPYEW	0.4766829157403061	0.0800664952402956	0.1476147281962489	0.1925831335297593	2.067690305953856
BARFEH	0.16459577593009644	0.07035933482139034	-0.4463633504977086	-0.15690622505063623	2.0392643775594204
BARSAQ	0.31683987550314185	0.37799444903216395	-0.46607771415432064	-0.33178778095879385	2.9212120891908278
BARTOF	0.13395837693296642	-0.40789371823400467	-0.19047906872307052	0.32863162900186876	1.331402245850906
BASDAC	0.23037620856102858	-0.5302349800670882	-0.1230101329707596	-0.12109534267120695	1.6124293428997496
BASGIP	0.16664130978108993	0.32145161117490517	-0.2942389248312508	-0.07958683171891534	2.391568668767443
BASLAI	0.6397566149584613	0.3865068069208831	0.646868821373228	0.19135941788533728	2.5388651177493387
BATDAB	0.30323724137276553	-0.06662540922084455	0.5667881108539293	0.1378303719419078	1.7858089561656614
BATYEE	0.23020719379732046	0.03452488285758051	-0.15781345958315737	-0.18664433331470268	2.122984376123998
BAWKIW	0.35927135710276037	0.5160286344332066	-0.22432520193467076	-0.13314688495437935	2.8925946982640856
BAWKOC	0.0721265094918393	0.3005612890256594	-0.17695844322587673	-0.06069766487452035	2.185034297945977
BAWKUI	0.38567931162412883	0.553663154915818	-0.26454747539498347	-0.12054526937363325	2.9873111243115065
BAWSOH	0.5681094972134133	0.5730883564873384	-0.3169950020422537	-0.6358313530052231	3.7446696709335865
BAXFIS	0.8109939625256777	-0.22855185747094542	0.06947313742660849	-0.4677586635652865	2.4741932369941213
BAXXAB	0.5704555195044199	-0.4002894151456223	0.16337749383125266	-0.16970761394476502	2.033325728185924
BAXZAE	0.16508854250985294	-0.17642205978415162	-0.5028549330953584	0.06128597549247283	1.52524932960969
BAXZEI	0.0009055771694312931	0.3131673330057794	-0.6014688969058757	0.2672469092226517	2.1158956283276895
BAYDEL	0.7963777996003181	-0.38267670966312	0.0685326545388796	-0.20179430378738497	2.39407246935299
BAYHUF	0.5890156976384731	0.4367068103062864	-0.10575909571748812	-0.03494640249878203	2.775856044089431
BAYKOD	0.48367469018238296	0.2771683060288703	-0.18555901226141647	-0.29127874072622195	2.893609685553283
BAYTIE	0.43980152345028234	0.18026760266918507	-0.029530619354916604	0.20936760381182007	2.2241366861473106
BAYWAZ	0.49884382211960787	0.1194573924588633	0.19351710238610076	0.061236200376566796	2.1705394106324234
BAYZEH	0.5354086669235327	-0.7395822489697097	0.08115101787679245	-0.09724834583800362	1.7230183822739336
BAZCIQ	0.5563408196993977	-0.13975218744012377	-0.3080377896328467	-0.2087830767806435	2.176057411163139
BAZZEG	0.4691204448739903	-0.14366007307017206	0.2892707380904965	0.22197276616374412	1.8340408290067627
BCNFEC	0.25894260039175787	-0.14339170582207406	0.6308437390989395	0.20839126118729662	1.594850172162255
BCOCFE	0.6294874336644423	-0.36741876029608583	0.5395806456550876	0.17319410437966035	1.6482055838392726
BEBHAR	0.35742922243451414	0.03353360019618887	0.7098646756306438	-0.031388610465717	1.9759221771884898
BEBTOR	0.517917793837297	0.30050229407412177	0.607914242075348	0.01932638605221232	2.3973491563418277
BEBYUF	-0.1892867124476636	0.26442349911785057	0.06155715516312987	-0.03163460334632982	1.9516905016194626
BECMAA	0.40729371879137144	-0.13744934505211404	0.7345764234663191	0.07157215299051328	1.8124092753778176
BEDGIB	0.5286423236865758	0.26686243250615016	0.3852956619928603	-0.08706120624183941	2.4858194389860326
BEDGOH	0.7156562446318784	-0.022591240139097607	0.423795827168856	0.12780327762944582	2.2390100290653887
BEDLEC	0.5789235263933854	0.27924151646168177	-0.2156313166208798	-0.3047003102556073	2.8205050490560852
BEFNIM	0.5009491584765584	-0.5156633928839103	-0.010521165086868192	-0.1022394301944163	1.8107681596379428
BEFQOS	0.36099963858130213	-0.2881766522224685	0.6620878027435473	0.15304224804669725	1.5760726457921619
BEHLOP	0.27967404044609	0.23963012940732892	0.5702029914909401	0.04152728720836919	2.203462521744115
BEHRAL	0.3116548420959919	0.25773141514462083	-0.111092356292705	0.1638818006730508	2.118936121912716
BEJKAD	0.5460564194667583	-0.0017649131284900171	-0.052771636417124734	-0.14382430797753923	2.485529606401311
BEJQOA	0.4571287371170909	-0.6720222317811582	-0.19116638353906734	-0.1867170377026393	1.8166657025544617
BEJVIX	-0.05052883428683952	0.06559394976123048	-0.6679908707406738	0.23987644946431547	1.6895079552794603
BEJWIY	0.18412636589574838	0.6246486772802256	0.2902399325685713	-0.004485491933886754	2.723024743285152
BEJWOE	0.24201008004204194	0.6606842849039272	0.39942242715427967	0.00042128065244340096	2.7091412558964647
BEJWUK	0.2802111734683024	0.6832206664168674	0.41374238057758816	-0.020559578832911263	2.7393582909199585
BEJXAR	0.03538031514268836	0.8868520721624757	0.21935106601792798	-0.022910803695949583	2.9710157327107396
BEJXUK	0.44271692917134686	0.3032951843751475	0.562681500059067	0.08061279021649795	2.3391452115544267
BEKBEY	0.3302281428128202	-0.06822771963265015	0.6517783044167776	0.1845119573659197	1.7649300459123483
BELJUZ	0.33811033603238005	0.3958717535719319	0.5040633366708238	0.001671421463255024	2.4842802807607827
BELRET	-0.046180851953164126	0.020481003161690853	-0.42090882694189524	0.19301581399600598	1.6366817377092624
BELRUJ	0.24919489266934125	-0.7029338929503337	-0.48437772441560634	-0.036879987362214345	1.3923433379360866
BELSAQ	0.024196747780933503	-0.0701420132570445	-0.3048978770809577	0.16741330832747517	1.527064226012595
BELXIZ	0.5441141530077678	-1.1381360895061108	-0.019432706275247832	0.1384854273350952	1.5590368604143336
BEMNUG	0.3736665330392235	0.8427072633228896	0.07486380936246068	-0.04094022972653769	3.6579569285961737
BENGAG	0.5125910509980942	-0.3221120368720337	0.09475344259366442	0.021655116651915815	1.9886984650385402
BENGEK	0.4942254771569816	-0.3531785032855117	0.10851301139671884	0.03830393930454021	1.8977740550236777
BENGIO	0.5177653071376982	-0.3336555379214054	0.13463555775125838	0.03673454757678979	1.932556465235824
BENLEL	0.3655626801346399	-0.2988141901648409	0.6977118317060419	0.13246673757908473	1.610210160030252
BENYAV	-0.02488103806216646	0.1189884263884825	0.2930296404846638	-0.07450570325700943	1.9073032896666726
BEPBUT	0.6113882930406511	-0.36868416836991996	0.25828280255629255	0.11253626021807536	1.8854840623715436
BEPGAG	0.5280268942602557	0.009671953398510041	0.5229880905105749	0.16000417646444615	2.075538112687636
BEPGEK	0.40004460403069064	0.2590701588465081	-0.03973630413893989	0.09365087392189264	2.2266383084981825
BEPSUN	0.6957080284395154	-0.23259018736369141	0.3863137491390415	0.17002232355105487	1.9367275295665094
BERJIS	0.3346212760875966	-0.3781849041429203	0.14324403994244894	-0.08163845790832547	1.6942568971253769
BERQOH	0.26987051396579886	0.42163191061137756	-0.03417999253498398	-0.021623808126997567	2.429962526542467
BERTAT	0.5486767239850385	-0.8402751000969879	-0.40940565283526203	-0.18917657085244893	1.6052848130553632
BERVIG	0.5672387157408023	-0.0025776075764006035	0.5375858050569559	-0.01090752591832242	2.1470781087697044
BERWED	0.33442807889724246	-0.8760408542758484	-0.3177318382191541	0.5495305405209223	1.1658050443770376
BESTIF	0.2621386796254317	0.549869486018461	-0.13112462966796787	-0.13215044929688063	2.762465385178947
BESTOL	0.22015815651461512	0.6007196397245946	-0.18105085773128782	-0.012293816449165301	2.8541329650069756
BETCIP	0.5536700394676961	0.08359338369715319	-0.05129226096939271	-0.24164703217311578	2.5496742755496897
BETRIC	0.1698020530953146	-0.28989369062944814	-0.6197104187114965	-0.06797733927808272	1.6069778936735175
BETSEB	0.0572913044861596	-0.33379903699264113	-0.41158521026437167	-0.07491052058391545	1.4544356170768222
BEVWOO	0.30769389755822996	-0.029692672400659176	0.6757568617845908	-0.025686557167531925	1.8709827591330095
BEVZAD	0.17698598731820203	0.36174069321637503	0.5139088367143658	0.048368438996957724	2.214079976534782
BEWTED	0.06109926803868637	0.5590053551403722	-0.3635142540372748	-0.10487309626597165	2.8513688762909246
BEXXOU	0.1306236108942942	0.5685988669618596	-0.3099366192878604	-0.07679446032796146	2.740107679376223
BEYREC	0.6978742039459593	-0.02586820566789219	0.5510068541959935	0.15402379581689957	2.170990554619199
BIBKIG	0.3569825833780609	-0.03964744328160748	0.5101470755710071	0.1665469575442398	1.8097751092034078
BIBZEV	0.19233345163104376	-0.6007834138925967	-0.17487118035165938	-0.13845165477947627	1.5524627829058377
BICDUN	0.28751756809385576	0.17113556944561492	-0.0747928006730498	-0.16127243972327018	2.3419661284129583
BICPEI	0.441493612556517	-0.2969367960861093	0.6732248494395325	0.2219365104353901	1.600034785900691
BICPIM	0.4232200906534045	-0.24989986235814593	0.5685727917630322	0.2222162289988368	1.70356990446986
BICPUY	0.38161594921324227	-0.35619885507757226	0.7034996054736541	0.18811926126828205	1.5908476269513905
BICTIS	0.5748662618306826	-0.2918033164570408	-0.24383809611738472	0.052081727829230276	2.0115247152773077
BICTOY	0.27917575051250587	-0.22184571604248152	0.4009220218290237	0.14445736628819425	1.6115124121749642
BIJHUY	0.34631169658430316	0.12381686070172962	-0.16074269748278391	0.5637808979605599	1.9239116675035697
BIJJAG	0.45594606497641355	0.10758799135965252	-0.1000714985826831	0.5900771390228332	1.8991958890765837
BIJJEK	0.3125246383289486	0.09809469522178407	-0.17768178247512556	0.5054637267085689	1.857611082140395
BIJJIO	0.2254782600122378	0.017825086018192438	-0.18576104181938302	0.5398033620288718	1.605301224105936
BIJJUA	-0.06999817762264193	0.2832150702408791	-0.320183559118558	0.39065561021273726	1.8704740370242028
BIJKEL	0.24057723953383547	0.1632397745169632	-0.21336387561885672	0.37730180270769875	1.799210135830597
BIJQET	0.08187197466397844	0.11682808981253445	-0.2836385259156907	0.5192225656678835	1.6243002713971126
BIJQUJ	0.031638860377664724	0.031108159024203635	-0.4224081637048822	0.5345655279979886	1.5140156297011724
BIKBOP	0.13069192418892772	0.1538760258507822	-0.2234183682250248	0.543816246797632	1.7562523042072464
BILQUI	0.30790970880356383	0.261989324456852	-0.10148564045809991	-0.4615867078875826	2.7425987005073322
BILXAX	0.46687385459440645	-0.1725767946555803	-0.10248412688431843	-0.08275236436179757	1.9830024441230996
BINXEC	0.4508094083531109	0.23433209851837355	0.4158788559999074	-0.06477004464527496	2.319035000792693
BIPJAN	0.029260844757668103	-0.03251767660381584	0.3951579339920939	0.04498190173766492	1.5887309370371585
BIPQIE	-0.08015767739152801	-1.1887927283920035	-0.4849327275207106	0.11048199441142353	1.336204428332565
BIPQUP	0.22063547128705707	-0.2748760213497248	-0.18120526113802732	0.13078463749569255	1.494009669906588
BIPRIE	0.38679826771048553	-0.1560835519098977	0.28550030985916686	-0.04044357783210632	1.9145592369462143
BIPROK	0.2136907318821808	-0.26108896037238777	-0.21771207082157346	0.1240753089577421	1.5015865623070215
BIQJEU	0.16630176461947555	-0.1839330406332298	-0.49821639851472455	-0.0965213573586012	1.7872298146777055
BIQJIW	-0.1119973227284059	0.0887405114214676	0.19835742436839082	0.11128835885745927	1.63707860726941
BIQJIY	0.2054866966833604	-0.23790023357824258	-0.28614745040526934	0.048669484325474396	1.6071020231976916
BIQJOE	0.2630325316588049	-0.19330173217769714	-0.13867165692821226	0.004548328508721389	1.7176077618099153
BIRLET	0.37657031816561926	0.20445561027848158	0.4237500567950054	0.15494775647961964	2.1973055679500586
BISJEW	0.13737276146504973	0.379372071699749	-0.18407458417467687	-0.097092814174255	2.3658846012784145
BITFET	0.3032601625004183	0.5291440344830898	-0.4289891859814494	0.48964428293159173	2.7340198474963846
BITMEZ	0.2284359090946526	0.6007360634483887	-0.25473040861579016	-0.08509623220442296	2.7840062337053118
BITPFE	0.24788461691295538	-1.1270916244237066	-0.3147302750282538	0.22118139569105627	1.3174830577932026
BIWPOP	0.3832113776580961	0.35955469941453594	-0.1346537692248867	-0.023126531272545457	2.617822911078733
BIWPUV	0.36791603349364355	0.4955941337406487	-0.2258833979471575	-0.041892442777981015	2.844703875157796
BIWTUZ	0.3941654373134238	0.0024601188599397	-0.19649653383787363	-0.22263879641968187	2.1094132435344712
BIXDES	0.6035433154402678	-0.3414974132809854	0.07334113686251659	-0.17091869229797613	2.0963072893225974
BIXDIW	0.0022893488192448075	0.5439844234290894	-0.25116943746908754	0.39145348082491166	2.3543311119502164
BIXFOG	-0.22175122877503073	0.68816892123796	-0.250336433865832	0.27144918977573157	2.485786953114195
BIYTEI	0.1320783247779418	-0.005482592028375838	0.19096729711347965	0.10203708556099889	1.6420233713541896
BMBUFE	0.46830542974253575	-0.07320283446582188	0.7326029514441721	0.15942234503414304	1.8225370867801525
BOBKIQ	0.02493256657922238	0.039862887242455514	-0.533291692986204	0.11484800659760999	1.6725257181444726
BOBNOX	0.2787660425112968	0.1462380231541628	-0.4472932151299924	-0.055147162946940526	2.1214309767669817
BOBPAL	0.3448858367200751	0.0359309793972053	0.16575600881334446	-0.052028359558930926	2.021358688355306
BOBXIB	0.38357816478013085	0.10018276995645883	0.29335550664220705	0.20548770645338155	1.859024759486943
BOBXOH	0.41676033569196225	0.17719897184046346	0.33478789675463183	0.1550025706576654	1.9973108682978722
BOCKUZ	-0.06578861513848278	-0.008869599990312615	0.25118285373500604	0.09905561302150129	1.6770977556886624
BOCYOK	0.6748772373085652	-0.7283760711938145	-0.0903304061478141	-0.10288613747918915	1.8023066133502328
BODWOG	0.41863320179663077	0.6208928828908955	0.5214738989889375	-0.0914432056950786	2.9390903033776743
BOFFIL	0.41038445364226384	0.18472997582833628	-0.055570420971145534	-0.19702265798423163	2.8159003428446114
BOFGOS	0.4448092141373685	0.35308795336401644	0.21944174188334745	-0.018479782245267785	2.506839480921745
BOGLAM	0.19660150832098067	0.15770147931581296	-0.43820289560676384	-0.33403200860939236	2.4900208677520186
BOGPIW	0.4630573878559199	0.10676019017167812	0.5550910887537803	0.12526321090430642	2.0865921173738453
BOGSUN	0.2763935408571223	-0.1081404150295862	0.11750867268079207	0.1493824791435786	1.7044399989483061
BOJGEQ	0.44909678941328757	-0.14480466480692047	-0.2126715256849131	-0.35029354486197617	2.3489264491804245
BOJGIU	0.44869459629269137	-0.1440837595581242	-0.2124111567194477	-0.3514342687824554	2.351619115721344
BOJLUI	0.35636175950422366	-0.6770334507817384	-0.039075188059413096	-0.015699678378500427	1.6362869491676721
BOJMAP	0.38193917632607643	-0.606531318514701	0.03548008360498014	0.017108397750180512	1.6550728619376358
BOJMET	0.42239255290672606	-0.5280990728503598	-0.0897621023951102	-0.08258697296620543	1.6915125769302577
BOKKUH	0.45314835028637024	0.1647268832182301	0.6026735339517991	0.04023147462430429	2.207524374683088
BONLOI	0.40287887309820114	-0.13615400213529283	0.7190976772805817	0.11127970913044144	1.7557060516323943
BONMAV	0.23622077732650526	0.25339943831789835	0.45471076861690335	0.04213757267466603	2.1107627513166536
BOQFUL	0.6828430764674218	-0.870974224264011	0.0331741745881613	-0.05914158435299195	1.6526300133540943
BOQKOI	0.38490072881449144	0.34659756831963456	-0.31955912929143576	0.22680324248744932	2.359043478312311
BOQQAC	0.025028424301315688	0.7378254294628623	-0.2621474087008041	0.24322227456525375	2.7996763397889914
BOSKIG	0.417178250862726	0.11920365418809603	0.12000568245377702	0.1294551040893838	2.1199641790070567
BOSKUS	0.41126909498966224	0.17441113738961966	0.17902113607543735	0.09774654052053436	2.177674768481088
BOSNOP	0.22158413385291054	0.23568488714286828	-0.25942323721301097	0.24226680163274011	2.03211123052119
BOTHAV	0.1733118123280475	-0.1525322277881578	-0.47041240741948864	-0.10031663053970317	1.7889235039643085
BOVNUW	0.2420480418300972	0.1791066875300214	-0.40212234783464657	0.11786492617770208	2.043637201029946
BOWNIL	0.40099550968766184	-0.7934523692315096	-0.22357016169705546	-0.08564163323914015	1.5919768856022003
BOXTUD	0.8586756775667945	-0.14419350226507832	0.07737556255362651	-0.47909200544351666	2.7615832881104394
BOXVAL	0.6144471776753999	-0.30872483068799705	-0.09789595225396011	-0.316480188059434	2.1371068863873575
BOYBAS	0.2746218508635696	0.01318741257268638	0.37478583371304647	0.028337289720684222	1.9040886675133233
BOYDOI	0.5852401325214824	0.22200258377784238	0.18240108418388454	-0.21553897673628697	2.6929978493168054
BOYJUW	0.25865350617184824	0.2334825650099508	-0.18535689052727417	-0.013476946600060817	2.144606336172915
BOYKAD	0.24010981056241132	0.22695748450920505	-0.20126058110515282	-0.008003845902507481	2.1120340376121383
BOYKIM	0.3349603568193169	0.9833510902165754	-0.170054599639481	0.3347785103663875	4.0114409179772625
BUBMAM	0.18212974537878823	0.11260190888568986	0.26117028869194464	-0.018260561714374866	1.9438435875935496
BUBMEQ	0.18382994049393053	-0.014572387218926758	0.26427539947573064	-0.009905073070576656	1.8185750240988425
BUCDEJ	0.16990202709951507	-0.08374663616605102	-0.4284886149584316	-0.15252595417980663	1.9360782602841835
BUCDOS	0.870222951229846	-0.001290701955111953	-0.10650256106454187	-0.41389951859923213	3.248316484623289
BUCOFE	0.7661378177418818	-0.39060786440851436	0.3663074736648398	0.13024110529429367	1.8753684208456711
BUJQAA	0.17460920252959822	-0.1472740536399818	-0.27956392421896936	0.13595809514858748	1.5608941242850896
BUJQII	0.35834336694041014	0.1435940728501915	-0.14029320032818443	-0.6558008307912038	3.036055144872835
BUJQUU	0.265896361370622	-0.5916993686073694	0.24265836637412067	0.27926772668528227	1.4088967475736522
BUJVEH	0.2342008320216653	0.049240905887176556	0.615633788494387	0.10564849054464825	1.762736723882114
BUKHIY	0.7124238986923288	-0.1759486364202842	0.4209678118864889	0.0820568322951418	2.0382908472738404
BUKSAB	0.14492932547293913	-0.45714847182472573	0.21095981903620206	0.25524504544752835	1.3601993600210776
BUKVEJ	0.5034779046259112	-0.6781775437557387	-0.13981004110548273	-0.2424465702308012	1.724576970174446
BUNXAL	0.041351851477122725	0.033379535980256	0.28163430748397494	-0.047006754731179004	1.7265018768120322
BUNYIS	-0.22851306640312385	0.3128426257322224	0.01846416162072556	-0.21376263379500152	2.0061237291580234
BUNZIW	0.21358940410234473	0.20530433774659396	-0.24022033676113763	0.26408542916969174	1.9917685512028203
BUNZOC	0.4330016311447382	-0.007953435961801106	-0.06059717887690513	0.24062779166655685	1.9264800670786206
BUPNEG	-0.16064912539537746	0.6151571790807422	0.04488819267414452	-0.24346941448364745	2.4711098404214624
BUPNIK	-0.036277732722184375	0.5311712363417596	0.11496651983463593	-0.46524370840085555	2.6209470545190845
BUQVEP	0.3869168966542622	0.43379831313742007	-0.14351299884487412	-0.18716840453285777	2.915841377306303
BUQVOZ	0.16597260595733854	0.3870044458795691	-0.14378211773658064	-0.30621016127227163	2.863911706123035
BUQVUF	0.1657447359295916	0.6490266638115687	-0.31603739719622276	0.00042427035030498383	2.929033679133586
BUQWOB	0.251432439573251	-0.13340264796407786	-0.14281099383002355	-0.0004506997253533318	1.7749732878025435
BURBOI	0.4962307119969216	0.08445010790146565	-0.03687872892675756	-0.30483909763460204	2.4018963216500757
BURKUW	0.43535536276238496	-0.11917064683630484	0.04634086992892942	0.16325703709413436	1.7947291078765089
BUSWOD	0.6131014181405181	-0.8654783699158413	-0.024634868585789657	0.38580783144078296	1.2188977859363979
BUSWUJ	0.362508700494784	-0.5251606150108951	0.36211005868200985	0.36560232969621614	1.3672778198142315
BUSXAQ	0.12601234795183025	-0.041975662438558645	-0.10710121119888125	-0.04355079451940476	1.7577857235478282
BUTMIM	0.5624212940530224	0.2474839092048121	0.4575985945401044	0.0018353171724083406	2.502212733643767
BUTVER	0.2558658291472167	0.0039645591854235995	0.4006056830859325	-0.10433140487317444	1.9089117462920542
BUVLAF	0.3834339657384813	-0.7202137874684846	-1.0689075268400747	-0.05797404704930539	1.2899761381233303
BUVLIN	0.42649565260190236	-0.8878495458717943	-1.4198102506751218	-0.23080237057133607	1.3101434960671452
BUVRAL	0.3258881005144847	-0.03369503867881857	0.6965838570689915	0.014234856945033986	1.8577011760715871
BUWROA	0.3057713013709886	0.4570075466495536	0.28415237479988137	0.027488454887997796	2.505529177988168
BUXSOD	0.7141194734541108	0.4423663090821313	0.059248015650208846	-0.4359059018772495	3.5958145160192183
BUYKUB	0.33131893944324275	-0.1293414207491679	-0.3795315515115182	0.10035737019852017	1.7480350498939214
BUYMUF	-0.49682394732002466	0.4470180142202769	-0.04650888665938796	-0.14062509433770948	1.901179647970811
BUYNIU	0.003144362353527441	0.4416785043919043	-0.3407087718027573	0.07749243850905055	2.183747200794893
BUYNOA	-0.08098173407831277	0.43312910613762085	-0.5433053809330772	0.20912868733623696	2.027122071996373
BZTBFE	0.09750326028666612	0.4576658999967684	0.4355513379842667	0.16539012696099042	2.1512287775188508
CABLOH	0.7635379611751016	-0.9903328115097139	-0.5644301094852473	0.026375534180087812	1.5602543143401992
CABXIO	0.18232939702805062	-0.10589175460125981	-0.16080981186730975	-0.43260855670157655	2.100831231068285
CABYAH	0.32717866136982465	0.38468913483594974	-0.058150422371412686	-0.6132298937907499	3.14857742304845
CABYOV	0.33902601770971064	0.28121675113632233	-0.018233002893218955	-0.5280995097828052	2.8511038357675744
CABZAK	0.20033352802944604	0.36473947722300054	-0.556361514127452	-0.14966866927182243	2.383121433560107
CACVAD	0.44043495400761756	-0.9420016927421475	-1.453337506070623	-0.18543284546644692	1.2630060583515192
CADQEG	0.22235510137883852	0.6993991009124036	-0.5479718908644947	0.4283411934359976	3.032983505110418
CAFTIM	-0.08756375579240094	-0.34716333663952725	0.39935885383270575	0.11769438792133685	1.476500055425626
CAGKEA	0.42561252135888683	0.04032131430114627	0.4201653410554538	0.1815104994429611	1.9876341316733555
CAGROU	0.38358136577755086	-0.3917375449511841	-0.1991136516402453	-0.267518108702381	1.9654322195174239
CAGSIO	-0.007072580493018066	0.41275115551315295	-0.16424625166563928	-0.09530636535549543	2.2537612808523
CAHPEI	0.16268122158580223	-0.10038786620101042	-0.40425125161756675	-0.15214571309775857	1.9046943016135105
CAJFAV	0.5682060796586974	0.27220286147238837	0.0032989837962298374	-0.15996376582221775	2.5984906706381325
CAKSUC	0.5088896435157721	-0.2227126029202134	0.21836935452187753	0.24924795733879201	1.7360013253739748
CALMUB	0.09615297041669324	0.017908380334990176	-0.5273649246761899	0.5057531489647504	1.588037583979167
CAMLOV	0.4491160460933843	-0.28802040804396906	0.6894255960481439	0.20031127391259962	1.6081770380656362
CAMLUB	0.44790539549185127	-0.31070701710845283	0.6835106622606064	0.21758637534794834	1.5792332999395216
CANTOC	0.07200878735132354	-0.4680045644049483	0.41931325433274413	0.14407752200370125	1.3891062274203243
CAPRIY	0.32841245188861823	0.46379509811612923	-0.27778039923746367	-0.12207403317988008	2.741253145529704
CAQFIN	0.671291682017678	-0.088185907576906	0.249217412731767	-0.18416874866502742	2.2746936029504186
CARQUH	0.21089347256032864	0.8840294817106586	-0.2534625844384455	0.024183690209469186	4.042258357892246
CASCEH	0.5546390541189856	-0.8297388189305752	-0.5224408958504015	0.06415676808009912	1.5066373672149276
CATGEJ	0.43796022555324043	0.052705429635557494	0.3288758126825027	0.01067282403287298	2.097582981956328
CATGIN	0.35076731392858207	-0.07307128331605135	0.2998715800018974	0.0736603506456204	1.8488665954139156
CATQUN	0.503077908793883	0.03133688903958659	0.24734999831223148	-0.03109711973834281	2.0868923620984745
CATRAT	-0.13393984157317051	0.043834710399866805	0.3618332638527795	0.1257469198634347	1.522447718852745
CAWCOV	0.5053671776490276	-0.7590864061544784	-0.29859279334861627	-0.1195610580318954	1.6521626779127678
CAWMAP	0.2816523639968809	-0.15914227596844246	-0.031139616342385254	-0.02640903189995976	1.9524863724466295
CAWMET	0.45876575485911086	-0.10509616818145559	0.23086207855070054	-0.013449830445966142	2.1088123453560965
CAWNUL	-0.01589616209471245	0.21792983903530422	-0.6083110426672057	0.20229528427915244	1.8413905363828706
CAWSIE	0.39503598606257473	0.15401345000805466	-0.06166904961585373	-0.12630120586448526	2.239620611340955
CAWSUQ	0.24534527826460373	-0.4286790372527059	-0.23436103272006975	0.02527934430047045	1.4680382910988452
CAWTAV	0.6056310813888688	-0.0009110365081329147	0.4834162786485542	0.12953038483992876	2.039945904831269
CAWTEB	0.49764949247831236	-1.3575503589758495	-0.44563708148653125	0.3208614539229806	1.3221030077136688
CAXTON	0.5819547204831093	-0.17491387406404682	0.4015315568898085	-0.38420076072971104	2.328838227001103
CAYCAH	0.1654306353388053	-0.4972771476301126	-0.7199769278477554	-0.2604784598278779	1.5820895850939338
CAYYAC	0.28607602420864886	0.18916335219002445	0.6041093132977178	-0.019113713200360857	2.0725317625939645
CAZZOV	0.39632040387628464	-0.6024434832002754	-0.027222603109404192	0.02253182211026719	1.597952962523543
CAZZUA	-0.06799425440141516	0.3329230823473804	0.06298284827722525	0.031610038387160255	1.9615999807915563
CBCNFE	0.1890509538627798	-0.2288560636433456	0.5043739045463829	-0.015576155026357244	1.7694947121747737
CBFMOP	0.15324687289445782	0.26884714837821966	0.363095265375782	-0.25785475094786703	2.472678579624895
CEBCAN	-0.10176791388247475	0.07022604572583635	0.3782472475527507	-0.054106999675148114	1.7659343764684667
CECBOB	0.18332332828938158	0.3296625155899491	-0.021816211812161743	0.0790992930643599	2.139481394941655
CECHAT	0.4264375090318344	-0.3956917875949887	0.26307092220866235	0.11524056704340221	1.5407287815020325
CECLAZ	0.485840671676387	-0.19149773335999198	0.3980497361304631	0.08696430027572591	1.9042054631058647
CECLED	0.4878567906085882	-0.16842302422692487	0.40952457204925513	0.0817433433633977	1.9281040262863463
CECVUD	0.4138223807182779	-0.5464623310652772	0.18146940664309463	0.005686529092892106	1.6474848541769644
CEDMON	0.6487052661978625	0.10963950063389982	0.3216113871103049	0.1019987498691543	2.2786457484487603
CEGKEH	0.4692219741577448	-0.6999842723562213	-0.4210264340451273	0.17283368894115383	1.44152001694415
CEGWAP	0.24787287416640602	0.08944294484922377	0.3885272307909441	-0.07723242562209119	2.0992505087127946
CEGWET	0.060679454409154676	0.26428131592791215	0.10821414542486613	-0.5233906080648654	2.4499999956122447
CEGWIX	0.03056523891302909	0.2732197985922073	0.16497863111663458	-0.5145033485332914	2.3997324038852565
CEGWOD	0.025297952034256443	0.21519897649729108	0.14478271200590206	-0.419625356391242	2.252853772502198
CEHFOK	0.2720321864732451	-0.19600971317120602	0.09836004517389343	0.18892151472347501	1.551871878046058
CEHHAB	0.6897324811824515	-0.624307491946454	-0.3993023889573579	0.03913097833731358	1.7225488120107004
CEHHIJ	0.6684113556689528	-1.0140245401082804	-0.6405770291498554	0.011909936167284627	1.5085730401796336
CEHNUY	0.07765412304164787	0.4911255958118856	0.15460848373972763	-0.22731776641664508	2.501992595807711
CEHPAG	-0.20030309816783065	0.15673857352804732	-0.06806771945561821	0.17426192877743718	1.5627748807902908
CEHVIX	0.7855960664470043	-0.020069554850101284	0.14731868549859756	-0.39103910867614716	2.944349390354957
CEHVUJ	0.7816809924230901	0.08278383286890811	0.1614309580180303	-0.4362870406653679	3.0516635773958782
CEHXEW	-0.0013873248245999115	0.3002099037890421	-0.2940767050735894	-0.1422415595023529	2.2132315359752157
CEHXIZ	0.44796325467997633	0.4872613697131984	0.006410725913430421	-0.4084484286015878	3.593751105001262
CELVUN	0.2314988130244111	0.7516296913209932	-0.317239736934027	-0.2341143680375075	3.295994516072849
CELZEY	0.3458350512039674	-0.2887173553916792	0.6072994051106106	0.1464031158938452	1.6004501582601585
CEMWIC	0.34087394855788755	0.06508016982901674	-0.3284567063314452	-0.1080040887647628	2.1044949392727257
CEMWOI	0.1169094685075156	0.42258333021996136	-0.14259519921326783	0.08310332152284988	2.3342344948518523
CEMWUO	0.5253969917036789	0.09691087387880373	0.01851691098355092	-0.1231890984868874	2.440059122266366
CEMXAV	-0.003257775335437696	0.5462935783976322	-0.5108858568250737	0.2763347665842326	2.4349567193852795
CEMXEZ	0.18438147792946546	0.035537869705246306	-0.24086876677376506	0.16218763341866935	1.7345293593259368
CEMXID	0.2313738350383039	-0.1151399123534143	-0.20717785111330195	0.3458981712936401	1.5277724512714914
CEPMAN	0.5595440846407378	-0.7716162434413536	-0.49253641573367746	0.5361845671516168	1.2926770321011676
CEPPOG	0.5766938574655267	-0.21067135343507026	0.13481521249610948	-0.3983821179585012	2.547887693881398
CEQKIT	0.7372159433804368	0.7205744743020424	-0.21519585205158942	-0.45312280966907287	4.422590594302907
CEQPEV	0.5697650922367119	0.22529630734147432	0.8501191495367584	0.16647510216976433	2.2904485286404306
CEQPUL	0.5686470277742783	-0.1908935240365407	0.10296025113630342	-0.07365538397127541	2.057241170553082
CEQQAS	0.7664211368814007	-0.5075302416486263	0.16271504917989227	0.3170975034852165	1.7393159962430587
CEQQEW	0.7329745422936211	-0.28719364215462895	0.47445570782220214	0.27056615767538517	1.9011980463495413
CEQSAU	0.14155778578646894	0.42759260495418544	-0.27173289998167655	0.10442541362510707	2.296382700965136
CEQXOM	0.5040855126521882	-0.89443774473637	-0.011145024548491367	-0.05687881585015131	1.7396660118535539
CERFEK	0.5675810738300795	0.8166039536220995	0.05568801473103793	0.054435030018879144	3.965667970319472
CERGEO	0.5456464864102504	-0.9792162604896644	-0.5868596457789294	0.06609274828490133	1.473423390778996
CESDUZ	0.5410914088807699	-0.2369042485264814	0.013973824095742021	-0.11026184486293357	2.0940475413962267
CESTOJ	0.41612627820913417	-0.13204945799130233	-0.037589371949406425	-0.23558800898110238	2.1167649680284826
CEVQIH	0.46090116710263107	-0.07664951832178432	-0.5135318932432167	0.11439524214150593	1.9429123096836884
CEVXOT	0.4494104290251162	-0.4602592696145577	-0.014318932212134594	-0.07375958807642136	1.7899589399371758
CEXKUN	0.2140471638989787	-0.6343738316066767	-0.4172482529670871	0.20587352634919398	1.198416202724755
CEXLIC	0.37257083669288793	-0.4375074994720644	-0.11915780395228998	0.28519283001104534	1.385372234210645
CEXLUO	0.6381373751644235	-0.17653331977170877	-0.10757620737799586	0.11740754448424467	1.8962001114261278
CEXXIM	0.271499832669992	0.6699680745873555	-0.46198319966890977	0.30382309303651867	2.8777649291109366
CEYRIH	0.21535428261542533	-0.10567780844013597	-0.13157455378096194	0.1392192414336835	1.7208088525891014
CFPFIN	0.2870477734472452	-0.5902079507097053	0.8552817170225717	0.2844158167568176	1.3720740626920387
CHPFBF	0.09184515581389041	0.379660615998878	-0.04454812105748093	-0.03209040014642573	2.2224736358990436
CHXFEB	0.43733965964553256	-0.18763924396642967	0.4506268978839619	0.17896790024909498	1.6555622489778357
CIBMOP	0.36507278903064133	-0.013596708959209183	0.5323549617566041	0.055303473193217295	1.871378568778078
CICDIE	0.2708628517262861	0.027801343086534425	-0.16903110573435504	-0.19383080208679454	2.171881938502573
CICDUN	0.41783189341704485	-0.1900606092046136	0.10386041229728325	0.10843931035717277	1.7255253568765407
CICFIG	-0.016745673622336366	-0.4963483804937135	-0.4795719876859855	0.09060225177201645	1.1841480881425324
CICNEH	0.6976183158577873	0.018003161195241535	0.08998550034816441	-0.4655486133502918	3.0114737540568206
CICQAG	0.6541091196626052	-0.05962598953208174	0.0568543463891482	-0.4544809392626087	2.846546764842658
CICQEK	0.6510555890943781	-0.03559000611438792	0.05322215132470864	-0.4464830129534625	2.8455212185585483
CIFCUP	0.26096001352254117	-0.11967808706146238	-0.12536116274509146	0.20157914757684875	1.6826400395992103
CIKWOI	0.1284082577701815	-0.08579912284966375	0.3730053453219961	0.059878008146537515	1.6150437741781545
CIKYOM	0.3339856774675809	0.665952755027712	-0.3494885130760805	-0.0013759172275987913	2.964170897697748
CIKZIH	-0.11671870533367912	0.30569207621685907	-0.3108658925595184	-0.00872435943566767	1.9006769068329086
CILNET	-0.026661732165478735	0.14668225166656446	0.022794616273505028	-0.07185235744965132	2.011260878753463
CIMKAO	0.2919959341774012	-0.48883708478896354	-0.07548940494051326	0.082960529123875	1.4649851200958013
CIMQIA	0.649425262570646	0.36423493329985407	-0.07903868970027378	-0.5181505976365135	3.444262014395561
CINCUA	0.47705395246096494	-0.21877832363751876	0.2759599214391949	0.1460480225790356	1.7536634726230442
CINDAH	0.46905276006995145	-0.23223831950813079	0.2335207409279228	0.1468277176632537	1.7558371265558863
CINDEL	0.47129612847723656	-0.2178425576307934	0.23825490997071547	0.13899954707718726	1.772447570835072
CINGEO	0.21851884006659272	0.058233248086697414	-0.282232881448564	-0.032578126360946945	1.9181017577453991
CIPKES	-0.006527608179839994	0.23614142334574162	-0.12639818750131138	-0.0020262134952586525	1.9891247643424155
CIPPUN	0.36465250517870196	-0.20418744675396377	0.7047192900865386	0.13306779738875957	1.6824696706559157
CIRTOO	0.7000741915160917	0.19603392850463486	0.10292053063922782	-0.23813699742528674	2.5756591409693437
CITCOX	-0.004138523519484405	0.03140129026138949	0.23561965250333322	-0.00456173655182264	1.901937458080888
CITPAZ	0.42951091261426644	0.5692542612624014	-0.3793744563294394	-0.27219641591899324	3.237693398286912
CITQAA	-0.27532679822002715	0.2934757663852477	-0.40832541712962883	-0.36243554201640654	2.149374802438303
CITQII	-0.22450124756722634	-0.5269967690085743	-0.4345931807530662	-0.13718656638060522	1.4415019052056106
CIVLEZ	0.28548400974303334	0.3100496288770848	-0.19021595481130915	-0.18196054440952553	2.724821997580273
CIVLID	0.13328872958251026	-0.16283719315229497	-0.3619101647328363	-0.18344764611385456	1.7587295166462058
CIWQUU	0.16900301288726816	-0.047307174947252645	-0.6489279995544317	0.09515548917010766	1.8382348230116081
CIXGOH	0.12958049580215825	0.09431789484704814	0.0849900627236406	-0.055752129302962986	1.9235142577545734
CIXGUN	0.29813100367751133	0.09104647305796867	0.10398175498790646	-0.08642618932934835	2.0731586369211628
CIXHAU	0.3223112724408246	0.07477338244222217	0.15437138471293993	-0.1012471343752137	2.088812453874632
CIYJIF	0.3212224232595666	-0.2708541752732225	-0.025671054873257507	-0.09504217730826221	1.7885636824874638
CIZQEJ	0.4418461519957395	0.04369011807780168	0.3661029301396317	0.1488313171293835	1.8835451831348091
CIZWAK	0.45250442380448064	0.30163959833688164	-0.4090384387490073	-0.3383863302674212	2.8460454627479237
CIZWEO	0.2671790474573177	0.28002674007402995	-0.37349227875110297	-0.4352653749521337	2.742487426260258
CMXPFE	0.1212815180657949	-0.5313599149736027	0.6839566571246981	0.27334439831875645	1.384887538063568
CNOFEA	0.266263108098463	0.44409603636774037	0.53606569088066	0.015607880225735032	2.3871813452288766
COBHIL	0.2089514162411339	-0.13825594488885257	-0.449170155042767	-0.10820774245282389	1.858174308117953
COBJOV	0.3474685149450538	0.3496636226455751	0.31467616073195237	-0.40770103047315304	3.1239444199102433
COBKUC	0.27310780753452324	0.2662236389153447	0.2699020986239225	-0.36819848384661263	2.841049301103732
COBWEX	0.6927864159021855	0.13146591191122195	-0.07710715279575805	-0.3983186549341548	2.86634412157944
COCJIP	0.17370710743323947	-0.03285247218488749	-0.1530468551367448	-0.510001043398142	2.3117872158599537
CODKOV	0.5433718540282229	-1.1651613816612651	-1.4668657884966572	-0.21124253156093495	1.2831688660668275
CODKUB	0.24001018165468935	-0.9360472843163188	-1.4673417274901333	-0.13242337310313926	1.1638012296307922
COGDOR	0.9035969851571446	-0.7760235744465678	-0.30019813207423773	0.05178226536673551	1.6179372483470644
COGQEV	0.06253971329026609	0.12514907521821017	-0.43528727273076706	0.27350941000782863	1.7436157719988898
COGQIZ	0.058600197530908726	-0.07790042812516579	-0.31342304322244247	0.4914785274973003	1.3776954599242768
COGQOF	0.4444831621916929	0.1705495826615298	-0.19888995778321772	-0.015336238072257265	2.273472883534907
COHDAI	0.3311441333744005	-0.1624074436574238	-0.2024053396121307	-0.021767014990545994	1.7573113995154634
COHDEM	0.2710860006686433	0.7857994842161562	-0.08351564712050683	-0.0303586635604792	3.2692036365593453
COHJES	0.45530288653021245	-0.517534290616423	0.3006445116404729	-0.09941439376812977	1.8245052193055704
COHTAY	0.5410050641438495	-0.4048733226117439	0.11351098895033941	0.002318855757575136	1.7803976144433717
COMCFE	0.2885603081835644	0.24011297051952568	0.5244627864757836	-0.18095069453190998	2.392218089979753
COMKUL	0.5586534869029229	-0.38739188027435184	0.012925263749702112	-0.30219069530033854	1.9875409787363982
COMQUR	0.5250323059442756	-0.8295897967219172	-0.04181428431063386	0.06885970946004424	1.5442686833761377
CONFUG	0.4147393272842832	-0.07730918804966797	0.7376215251931256	0.05211561794951952	1.8701739022767292
CONGAN	0.3756459789803728	0.04013570334567687	0.7697841755268912	0.05218823187876162	1.9426993515906967
CONGER	0.40454707833021786	-0.15514352086443717	0.8015321458557966	0.13676060702132667	1.7225412620527039
COPHUK	0.03592448367318957	0.20221262828902703	0.5154323384134365	-0.1595376407440957	2.04626127175275
COQHUM	0.5831230876308782	0.1599403362248517	0.17100593203174635	-0.04553723199186718	2.6090299000292254
CORHOH	0.36960682128046596	0.28991963405726334	-0.37762835390887184	-0.17361379680165032	2.4827761207287264
CORSAG	-0.009703948062213197	0.27025547630798485	-0.22391596822373483	0.12123492040858222	1.8695819639760738
CORSEK	-0.03439789649051761	0.26281742248035234	-0.2192687255550958	0.13874504498663315	1.8319177472625603
CORSIO	-0.20239820753396076	0.8169048918258257	-0.2560276105707174	0.38091185925393456	2.643810178946748
CORSUA	-0.18993511940761199	0.8227595865427937	-0.2491117399805859	0.3745173163097713	2.669168986348554
COSBIX	0.241321101987924	-0.31850319206666367	-0.4812081479761068	-0.34006661716349784	1.9745159025997006
COSDFE	0.3842827864884084	0.27707915452534443	-0.056608608373980435	-0.007154566102912124	2.313066007334151
COTQOS	0.058817854949381854	0.07263903529614923	-0.3929708104085444	-0.0881097543521007	1.7715786324637515
COTWOX	0.2401698494289164	0.2384169860351888	0.5756791084661317	-0.01563367046931889	2.0452557940460525
COVLEH	0.29831255886487273	-0.5089064286284117	-0.1037319980969596	0.12609070006803896	1.424560868840238
COVSAH	0.3503467286892361	-0.27935525980514886	0.6944469547807977	0.16543677468057907	1.585565720461104
COWNIM	0.08735761053712299	-0.6974087459654865	-0.5708008291042812	-0.0833380426698503	1.3040882389704604
COZVIX	0.48991911297558577	0.2747092919493481	0.06777667990472538	-0.20915095904030384	2.7123291625785537
CPDOFE	0.20937818749957904	-0.0002569932637105782	0.6419150056106161	0.08202065640138212	1.7948564554750703
CPFEFP	0.3295689381366955	-0.02059177940797327	0.6264675972106227	0.2035048839558089	1.8868814333500556
CPFEHQ	0.20950519495098563	0.0026201742535081757	0.63981991146217	0.08067473142659909	1.7993971595621172
CPFPEY	0.5132786584565086	0.1222287591295955	0.5806119086981307	0.1600334965825189	2.220162666910099
CPFSFE	0.35914732710531183	0.23259348934164586	0.24757000026948542	0.15164426806549225	2.2776778929179837
CPIFEF	0.5176625235274708	0.07265279218048418	-0.005536857077855256	0.1731050961173687	2.1785500294004736
CPTCFE	0.13078293659038875	0.3237373965781635	-0.037787652762996726	0.19757273241638368	2.0218784229178937
CPYFEM	0.6588332124231862	-0.16447868275458863	-0.1987074892277898	-0.3221007706150637	2.4404687453507092
CUBDOS	0.10545631107698261	0.08918835381510798	0.3382942811288536	-0.09059005804402588	1.946079490383919
CUBGEL	0.0169859771220362	0.16830685538486767	0.17729473329196724	-0.26740688452308164	2.0148219322408023
CUBPAS	-0.2109071736935917	-0.022165577203755532	-0.04666716155228465	0.2711934688464884	1.436303929654278
CUBPEW	-0.15479831009522194	0.48389314420156765	-0.218152175265311	0.245971168497487	2.0595479529676406
CUBPIA	-0.042038039841786556	0.07348471598233713	0.19904010042929793	0.05065285482431606	1.7088825119997637
CUHMAW	0.2285858247281407	0.28639384115476946	-0.2218617949357986	-0.17602385101245044	2.2541337137588493
CUJBOY	0.3869412473911602	0.27296751117300877	0.4392714152286048	0.07800618113671354	2.2859710562968423
CUJBUE	0.5026743819780108	0.2634011283052048	0.3403378142216487	0.04644217628369687	2.4485051054999856
CUJHOE	0.7978359365825431	0.33297380084252004	0.10524380815886372	-0.2755048758715173	3.351778825330287
CUKMOL	0.4468348066268675	-0.012074355572799844	-0.10877905003321106	-0.31803212726588775	2.3387381217572836
CUNCIX	0.2429572096299495	0.1062555528667852	0.5292481054973153	0.062563713124893	1.8745488191908743
CUNNAA	0.4951821524073363	-0.003600847789178463	-0.5790097952403889	-0.3261354861007161	2.4246912853367406
CUNYAN	-0.010411459299028536	0.05827095506421706	0.30287339394352597	-0.0791690271160949	1.7726678701210024
CUQVIV	0.00790404749061624	-0.7807909729239191	-0.34656980764418427	0.3695128171891472	1.1269130574567559
CURPUA	0.575658759600346	0.04433185147442145	0.3636759306797027	-0.15696237598435422	2.3385967254805995
CUSWUK	0.7463384226249943	-0.4748723313504706	0.025208418516558223	-0.4477469430041066	2.179042071049013
CUVXEZ	0.0463968087826192	0.10095813849412444	-0.5124511396296648	0.0022317507767252998	1.8154766661807478
CUWHIM	0.44223058522226477	-0.2833263352401699	-0.09872504649027711	0.2776754777101085	1.5668058728399543
CUWHOS	0.2522115515999186	-0.7222654315068104	-0.7858188374297932	0.27420209366322223	1.2331354262042662
CUWJAG	0.44538644281191875	-0.2590627440470967	-0.06941125070490842	0.24185499849883058	1.5573293135427044
CUXBIG	0.35901938322768956	0.0914267843259117	0.15209813453297155	0.11508544119526273	2.016349235433228
CUYNES	0.1436459640044192	0.1398279114261588	-0.41238544891665185	0.015604075263717793	1.8753040284291402
CUYNIW	0.14527429088040789	0.16849914823168533	-0.4661106090074888	0.034971201221610154	1.925072682327795
CUZQUL	-0.031024645707829368	0.029098516134851815	-0.3396747630832807	0.17013060781382222	1.587492940572215
CUZRAS	0.2956907314667294	-0.4307836277650756	-0.2464351198726401	0.065175330704723	1.461219674948529
CYHXCF	0.3708761368570581	-0.2420393307383179	0.6483971406160217	0.17734621761220395	1.5989295592358745
CYMPFE	0.3905997432705135	0.018052087433932218	0.382423340888121	0.23495386855071365	1.897231330692595
CYPFEP	0.24932319094575028	-0.7410119784206375	0.4115342211703026	0.35360170209729314	1.2534464605739548
DABPUS	-0.10003280847052798	0.4879598734867974	-0.4789282064705699	0.24718551716126208	2.1709109690776955
DABQAZ	-0.05561312420110687	0.5156505203426944	-0.5087254348236661	0.18751722252735853	2.2357672372562876
DABQUT	-0.017460829852028237	0.2770131301179055	-0.44048148390256014	0.23034457637292494	1.8844023379790944
DABRII	0.0999468667043577	0.10088117438755573	-0.3868738366431482	0.1454205676392396	1.8168234583402083
DABROO	0.11042348793397583	0.44013805665232014	-0.3840829315643401	0.19899953949990395	2.396321197562532
DABSAB	0.09337776474482817	0.2435030955449291	-0.060222557168137625	0.46142773921939323	1.8190542676666013
DABSEF	-0.04357509271706883	0.2633659858952958	-0.4149212591278111	0.40777516094713767	1.8690646772466954
DABSIJ	0.06260658399976693	0.009516301835620827	-0.3786371378066398	0.45929045160145615	1.6109462102262255
DABSOP	0.09822551583399663	0.20024121919793414	-0.12306497286603665	0.4532810511491024	1.7980938098800192
DACLOM	-0.03702104508412374	-1.2020381305609684	-0.48396795209915366	0.31163942165945346	1.1804552650450413
DADHUN	0.6243679353292215	-0.6161039569992133	0.32410271134819696	-0.1582740626680695	1.8560940598485014
DADJIB	0.27514540340068816	-0.20941305206849123	0.7382832664998443	0.13114052632454415	1.6165639737269184
DAGJON	0.3389000834530709	0.18912590213551478	-0.11865737118906744	-0.13474840585429948	2.290608631028575
DAGJOO	0.7474523468234748	-0.5377488387743175	-0.06864377863312848	-0.13668577553802486	1.8088081118277235
DAGLOQ	0.2656240286774709	-0.11305145907490588	0.21005879818679707	0.06286599297831572	1.750060893649567
DAGLUU	0.05547135772732181	0.0097982052527337	-0.429229043548664	-0.032915219262983374	1.6673162518342313
DAGMEH	0.3088226954459774	-0.5068478060730763	0.5085176861891294	0.14936651414160657	1.4176126370267912
DAGMIL	0.27519476573382384	0.054669437359609246	-0.04496677512515354	0.22030676931978738	1.6953974286637088
DAGMOR	0.2935932692579071	-0.24455641479723148	0.1200547113660604	0.11826880687128188	1.6232495474302764
DAGNEI	-0.02828754273544387	-0.10344451216331457	0.3929468369261871	0.31233206183210327	1.301816777915682
DAGNUY	0.33708305616126655	-0.016249083832320904	0.2695577235406435	0.010343175235583951	1.9041796519677485
DAGPEK	0.2083008602784795	0.03509831627554469	0.27896743256288625	-0.10687018963802213	1.9010709274860584
DAJRAH	0.7671340529947539	-0.2782613028912152	0.09849642478246942	-0.14882043144223406	2.1801409566380796
DAKWAQ	0.40686787344866104	-0.7591581432556997	-0.06534860776375495	0.1740041935241708	1.3741047204487566
DALNUD	0.5373528433116856	-0.5466667666286119	0.13286078931363762	-0.05440800444223106	1.8100538784683255
DALPAK	0.11051067726400676	0.06168226277883887	-0.49338582693804645	0.0928879815002005	1.794707408034543
DALPEO	0.058830400909310576	0.011110067014339142	-0.6797186487749343	0.14752656998038483	1.7245202406958497
DAMCOJ	0.38009116968349765	-0.9544134529942712	-1.4172030492221153	-0.15238877888891872	1.2481308979625871
DAMDAW	0.3540504688880475	-0.8778922901747415	-1.450011055651059	-0.17150870459796336	1.2516263398750933
DAMXEY	0.5388365003826827	0.19621748814825946	-0.11643100938271533	-0.17175894249971552	2.5276445580933986
DAMXIC	0.6308609870631212	0.283445928082802	0.1360333841604521	-0.16794837429594273	2.7633229259552303
DAPVID	0.7341765616505294	0.016237721237406855	0.3122642717027677	-0.15063818958986008	2.575154667809573
DAPVOJ	0.594363224577279	0.21044453519090328	0.13172172960719775	-0.1697795455624962	2.6507575895328803
DAQCEH	0.5433434970648596	0.23070916885641296	-0.18901924491537853	-0.3017397120083727	2.8940315965015833
DAQHAI	0.44866207499971633	0.11977753443228326	-0.42521127395359193	-0.0973914843820419	2.2885388997727274
DARDUV	0.4925236456108282	0.2282600718854897	0.4817512468827579	0.0352499924452951	2.3357224095720213
DATFEJ	0.40494795569358644	-0.33234137490156923	0.5878538798634296	0.17706847466893283	1.6320945911737694
DAWKAO	0.3364795344116782	-0.2669227223608363	-0.24533392645754104	0.40534403059019314	1.4185273752457346
DAWKES	0.7266691264058212	-0.3626076806988573	-0.14560229012009193	0.12246870436808519	1.743479739870161
DAWWEE	0.39666333281655586	0.5978490537248393	-0.15268467447789627	-0.15814681036996064	3.1926218214319695
DAYCUE	0.28739608329590727	0.7146530028990221	-0.10857517306442463	0.25468648833343815	2.8564690126475094
DAYVEH	0.28190618382775945	-0.49154956567151	-0.14568507536318132	0.06690696963632459	1.4349396252855304
DAZGUK	-0.031202505554530635	0.4281616093209429	-0.35925704127228275	0.35440016929581475	2.0808836866368736
DAZSUS	0.5180903544961453	0.2591488686814629	0.41203084692023273	0.03956880589752161	2.435636931132668
DEBXIV	0.04060463988492069	0.08696874847736477	0.34787092873692455	-0.06844799382099609	1.7723147449053052
DECKAZ	0.057815448390369895	0.27352390185562686	-0.4163853429672997	-0.02277229553099759	2.0146395302839686
DECKIH	0.0721427630346474	0.5936229704070104	-0.3175389186525317	0.11810298718978104	2.546648584693596
DECKON	0.409449271494867	0.42731271053083536	-0.1802359054245441	-0.060488411571895495	2.7488713479271167
DECKUT	-0.08424873289980894	0.7541121637899755	-0.2853783774248542	0.25078714565710347	2.6491217606912985
DECRAG	0.060453892249002994	0.0733827317486902	-0.5462866896575698	0.11230707612325097	1.6160488111567877
DEDKII	0.7480591912910022	0.19535567435180323	0.1975698807499594	-0.2938103694437154	2.833372057064805
DEDLUV	0.7896035884504284	-0.031233961627737256	0.6399538900098508	-0.5218872974549418	2.939273657223361
DEDMEG	0.6702729125779214	-0.41635776347682396	0.43376642374993235	-0.2797265334152477	2.122363868304977
DEDWUE	0.2872042673045687	-0.11914138951657768	-0.33517787750053823	-0.027354004988625703	1.7567335240320823
DEFCPO	0.2847607969959469	-0.7936074882184396	0.49414489631403696	0.4337586647107318	1.2282276800453613
DEFNAH	0.49548581345384246	-0.31671668473437664	0.019907244088796183	-0.03369616068756578	1.883462147596544
DEGPOW	0.2280674700818981	-0.494647971536508	-0.13154410925551022	-0.1482942244958999	1.641588468415014
DEGVUK	0.07381327948241401	0.17802396329254738	-0.5314334359372308	0.39261817887024847	1.8898489481296898
DEGWAR	0.15435220129363225	0.015935830696317876	-0.36363556358138727	0.19083022679145178	1.672969894011265
DEGWIZ	0.07817652076090909	0.176691505221303	-0.4914080299449729	0.12687212604242815	1.9608643692370518
DEGWOF	0.09187601799437584	0.048750781863396875	-0.4770988246555853	0.2532496079948137	1.7713748112491536
DEJCUR	0.12687325440664488	-0.23903039941407095	-0.4533549038034932	-0.14681443648328174	1.58859381618595
DEJJAE	0.5703297434031356	0.12157727453129474	0.381303467418459	0.20013573724878675	2.0964920976001085
DEJVUN	0.6861664479376124	-0.07248318946238488	0.5117194286758776	-0.48505048164030795	2.5704559653258467
DEKDUV	0.2848804096702562	-0.0016210568768101757	0.024687773113770087	0.18354852730290294	1.6634379542644722
DEKHUY	0.36659568969831113	-0.1162406486944104	0.264053120814859	-0.04429724323086366	1.9513929882433652
DEMBOP	0.550584395911061	-0.7014418303437873	0.2423313756720019	-0.04658224057737513	1.8243578080484204
DEMDAA	0.23724428034131728	0.16236810098230486	0.6160310943893463	0.034686371822791745	1.9373453991031981
DEPMUJ	0.8639786712726876	0.3234092223033673	-0.256745446867392	-0.6903859942808095	3.9397720073160314
DEPQUO	0.3964673321643559	-0.12329308078787102	0.005623931033000032	0.052225792985491334	1.786120781426222
DEPREZ	0.426567990140458	0.052432112476484855	-0.027851342347936014	0.014773533361308974	2.01830126467516
DEPZOR	0.46115237881776316	-0.5971246678014546	-0.16233343410321888	-0.19819618103671888	1.8585909552518418
DERMAO	-0.01927863190375767	0.3744441566632995	0.23939825583151547	-0.12836430725047498	2.2770205696745496
DERMES	-0.029853271991160835	-0.02628979110134587	0.3945980405155784	0.011236402589967748	1.67079988467055
DESKUI	0.7584772460727933	-0.33642477895311174	-0.16397853115338207	-0.45410438467600855	2.291343197027193
DESSAW	0.5604394334191038	0.3709291937776369	-0.0254016324870025	-0.07648439002550744	2.753820253407237
DEXFOB	0.15375827102295236	0.005997237386323628	-0.28556118865374974	0.07863157404538659	1.77942241816493
DEXLAU	0.30700433025750495	0.26480436328519896	-0.37780628870619776	-0.2851537585282841	2.6077152600181766
DEXLEY	0.3733750171130623	0.9071790505992441	-0.7023131780584373	-0.1275122200838841	4.144834535485155
DEXMEZ	0.5106736719167131	0.23699080358734353	-0.07780887208272647	-0.22448945458196348	2.5592202957275303
DEXQEC	0.23813373611328803	0.2206762655290414	-0.19772412698433894	-0.00958573464417073	2.1012729526864815
DEYCUI	0.23718040157359832	0.26053995196569063	0.028575300342471577	-0.5189124638926548	2.4920160270045755
DEYDIX	0.29748130023445896	-0.2827907944128571	-0.004879743634084013	-0.003354557311519693	1.7776807222391646
DEYFUM	0.3571377343103652	-0.015575985894667091	0.25231334052063464	0.250138448135597	1.811192771073801
DEYKOH	0.3832301563887315	-0.016574320458052322	0.01914249079425398	0.19376651100061143	1.869011246192438
DEYKUN	0.4191791881667353	-0.02075160117362071	0.34568620849460074	0.19411573116256214	1.9224557247475882
DEZBAP	0.13457601593744783	-0.12071298432887592	0.4153911932496282	0.002947276681291869	1.6082510692374141
DEZBIX	0.12653339583178003	-0.045760606698228665	0.3169011414900765	0.0345094057166689	1.6213794173632947
DICBOG	0.3240728300206692	0.46928978136105975	0.4155101911291223	0.16818311383536294	2.5069949186217997
DICHIF	0.4751139017756527	-0.5320809472092438	-0.17400675384432596	-0.13125491361689448	1.7951935073063476
DIDGOM	0.4490742382676354	-0.2376472506224121	0.7549402193169703	0.18895406883242882	1.6193077242275358
DIFBIG	0.08414041836887298	0.11213447856572042	-0.24044802219484818	0.410856918753309	1.7835808415227357
DIFBOM	0.348843802094315	0.18080104855020257	0.2518680869316111	0.025227191938072407	2.0852776970817555
DIFXEX	0.4803695889659405	-0.5207430311358883	-0.01711348665874722	-0.09163041700282222	1.7940623313063002
DIGJIQ	-0.07642527812087074	0.5177214521889382	-0.4183346686109558	0.20584369477815212	2.36342594447828
DIPVIH	0.23095313783535376	0.3023508756263702	0.5857412619533842	0.0018527597690412428	2.227826936283018
DIQVEG	-0.10068440780599275	0.23259623205731222	-0.18858628758846752	0.0007662490827770735	1.7814396732172904
DIQVEI	0.3964951896095972	-0.3832753181257518	-0.27027721645007985	-0.2913959277426046	1.9524775743869145
DIQVOQ	0.14311986258617893	0.0966782174016971	-0.34583542969319175	0.2151920074494531	1.8016304506399075
DIQVOS	0.39731035635141954	-0.38321422821122275	-0.27065125606087637	-0.2944870272010931	1.950685801030613
DIQWAF	0.39729489940943274	-0.3849352706715933	-0.2707291769278578	-0.2933342926300987	1.9493688515938599
DIRHIX	-0.11968736032071225	-0.20374041611696225	0.30061313790252675	0.09351028432601427	1.4449564714680712
DISHUJ	0.24484831575901467	0.31349205145890746	0.7234258511496349	0.05124489775528497	2.204900185352211
DISJOF	0.31537035268965674	0.176018166512654	0.6930309675872447	0.12432148863204204	2.0219856651202504
DISQOL	0.49374201324788647	-0.08055866537792947	0.4533075745021906	0.1576198458381024	2.0118983799193115
DIWPEE	0.33640061318434444	-0.15982077521917812	0.7322623264813019	0.08200373193791008	1.7302121856422894
DIYCOD	0.13151517967483572	-0.1993270538300439	0.3446185318666549	0.1935497030281303	1.4649679014812853
DOBSAQ	0.15263670997620293	0.2721273379774427	-0.15523013708590502	0.27987346242034017	1.9374081421033782
DOBSUK	-0.08229727630177264	0.38162515926186835	-0.45443768672920226	-0.08152490117536854	2.0803496370856003
DOBZUS	0.6855177596295734	0.02205271150529861	0.10046165651791526	-0.22849520039345683	2.625013966312145
DOCGOV	0.3352923823251315	-0.030406761966399742	0.6519831943378939	0.008616848646150532	1.8376837224332814
DOCGUZ	0.07047574051326588	0.36113375025118166	0.13104135976846723	-0.10951872829681433	2.2415096297740065
DOCNFE	0.10779911415966881	-1.0816853806730675	-0.5321523441824354	0.2509109244884087	1.2759378210984265
DOCYON	-0.20586652537226158	0.5735785211076478	-0.2929938562933971	0.07950852109267775	2.313346818823854
DODTIA	0.09408688639965224	0.14227684748654018	0.4234989990190195	0.05820931447069527	1.7436604302651142
DODTOG	-0.22486202887374152	0.09356370754009907	0.21296553735989937	0.08325324769484183	1.6757475004906244
DODVUP	0.5082968038345381	-0.43319516837616506	-0.09295638585993343	-0.15743978161092514	2.0330356680273765
DODWUQ	0.44999463042630783	-0.5985042450563728	-0.062111470856930834	0.010098848691914727	1.6147400558447738
DOFBAC	-0.12761177552675695	-0.30010829565353925	-0.7524311339743428	0.04833796142888788	1.4298037754259934
DOFBEG	0.05767909962790618	-0.23914675875835129	-0.9869613103564769	0.010542358318414352	1.625893310503743
DOFFUA	0.4645047446402133	-0.006352625871117873	-0.28767982180614027	0.0966901170496772	1.8986462551311454
DOFGAH	0.1510040725631554	0.04184610881606268	-0.6409678098426359	0.014147473103133051	1.7756576967928095
DOHMUM	0.5294079112344079	0.4718958253257813	0.17969047567184399	-0.37014796613115747	3.4570391289656435
DOHQUM	0.20409620910161452	0.22218055878668974	0.741251918269179	0.010226150821025723	2.0859181024278293
DOJSOM	0.7407191225404892	-0.4298820593774751	0.04409377920478286	-0.20976659566575334	2.1728701197663787
DOKHOA	0.22381780755114677	0.5093086604888462	0.2690856002784278	0.0720466177932663	2.449979723542395
DOKHUG	0.38058937527442893	0.4110126119279304	0.20776718892447715	-0.0011109989091530742	2.5487458676151786
DOKLEX	0.3243223391861827	0.12423103572273872	0.3623526976431472	-0.024156915352168178	1.9713945963829773
DOKMEY	0.27897352606240133	0.02691904981033519	0.37541258530918664	0.07101130806793587	1.8033072929935219
DOMDOA	0.11195944121403256	0.0356636358626779	-0.5294334116588317	-0.03804962955673786	1.7558620473414006
DOMDUG	0.08319403099115386	0.10435677303855631	-0.46066637740758387	0.10576059059424706	1.764543195947362
DOMNEZ	0.44968971756284315	0.25529435075877793	0.0033379363953220664	-0.2399887860261159	2.6844789399239235
DOMNID	0.3873458844010118	0.06396164008999233	-0.3922072723173164	-0.11657042928646363	2.1721585851423955
DOMQIH	0.2097867273324061	-0.7996437232097793	-0.15351022205400555	-0.2306173363056517	1.6779506486898346
DOMQUU	0.5423448200371812	-0.4797452031615185	0.18526894695649238	0.018909013708857655	1.6236738425899897
DOMRAB	0.15121308952493662	-0.5844145254228195	-0.3080895396538646	0.2537861633360739	1.163679264037234
DOMREF	0.5804503501356253	-0.7947573450682157	0.061497508112572985	0.12380040993590297	1.506800532310736
DOMZEL	0.4748363931582942	-0.6080411787208921	-0.44931253468805843	-0.019914688626273713	1.6386802064046948
DONFOC	0.26480871957456387	0.14741992528007553	-0.2826832750916623	-0.29994264243282387	2.5217104718515886
DOPBOA	0.25517072071814084	-0.49563721437903313	-0.6964877699512771	-0.2983868487160416	1.6415261761467397
DOPZOA	-0.1750471484737175	0.49551601721433675	-0.15997426999410846	-0.4299891411613918	2.531811286951413
DOQBAP	0.02960322266317572	0.11278377768123013	-0.4992806140271757	0.2013077331833636	1.6645657689718176
DOQBET	0.03766630559165929	0.03539374382550861	-0.5343951089950549	0.25416717266281824	1.6231787076747124
DOQRIK	0.8491300926296148	0.7250067361840704	-0.09108799497532935	-0.3555994581410236	4.210394153418651
DORBOB	0.48350462063211985	-0.2883626034885123	-0.35514150860418053	0.3458014478481452	1.6395505504968613
DORHEY	0.4059162984297773	0.3713094549927858	0.4817273035485377	0.04674800650118295	2.4494059839559066
DORHIC	0.6642818618810189	0.34017057574054277	0.04989634546587646	0.04355584279076674	2.7259759481627195
DORMIH	0.38602141211255603	-0.22524258052926827	0.7454919346216373	0.13387720494503436	1.67138509127874
DORPIJ	0.29086746818617737	0.11982423563845918	-0.2559263275913995	-0.009055657448411275	1.9733081312074319
DOSQOS	0.38624055327152007	-0.04709705738971953	-0.424733446439405	-0.10151211099802847	2.037566201988948
DOVNUZ	-0.02566750045574029	0.3653728628274606	-0.2792181788145031	0.03315308191189807	1.9516593541766294
DOWFAW	0.29232246684272845	0.10366073160483394	-0.226485118272086	-0.03721665776684445	1.990952286382698
DOWQAI	0.44683565255808055	0.06857484681862339	0.5112831405559289	0.1044041779045915	2.0545312499585426
DOWZIZ	0.521978044304106	0.1422107713389062	0.5348822086342808	0.04689971385036444	2.2597471832550298
DOYKIN	0.6827154208269448	-0.20662438199220468	0.23826399520730873	-0.22568362558849087	2.2162076200799827
DOZRUG	0.5480315412397099	-0.36483243418317834	0.02988275119275307	-0.07507985834605028	1.8161848653867179
DPPFEO	-0.11028313155308522	-0.08265410384721014	0.3848970927412337	0.04709833130840789	1.5715404296397844
DPPNFE	-0.3349213158457478	-0.027402910293621185	0.1513602153941384	-0.22891649844466325	1.5374878613217304
DPPTFE	-0.014440323904110208	0.25781277177830036	0.34500501356028207	-0.08470636963586556	1.9847550467467956
DUBFOY	0.46373915935758525	-0.7063591382946277	0.30412325859559786	0.08296723056212216	1.6618907009358295
DUCDIP	0.5061030480609787	0.36390929035506764	0.16699895169860574	-0.3422562271583322	3.1623361846671894
DUCJUG	0.4511545799626244	-0.2075650421921003	0.6530047804483609	0.18753450712939762	1.716552099789285
DUCKAN	0.46855573431840725	-0.1856692812415	0.6566760936973417	0.17419263779877084	1.7509290887151532
DUCSUP	0.32177920143728844	0.027499688820074364	0.7016275707105698	-0.34279300928036543	2.055983678280683
DUFKUN	0.39169585052583944	0.36593610283571076	0.1632351890673963	-0.08707153533151168	2.5982113239279134
DUFLEW	0.3630623825219095	0.06461579789171043	-0.3341197682081458	-0.2116816804173107	2.2657982815011932
DUFLUM	0.5174153103193548	0.2526347738875919	-0.2100275340836329	-0.430765575644764	3.0442777691803116
DUGCAJ	-0.12591169789822088	0.19913797100785846	0.15389406766590907	-0.08148110591845528	1.9399860509349198
DUHFUH	0.3934993663439288	0.3328660556664546	-0.08316152419104658	0.05930935975265511	2.4357217668538675
DUHVUY	0.6217499600923677	-0.9269085067263585	-0.4706205744855847	0.07355378533131385	1.5176143031922715
DUHXOT	0.19003484200317544	0.4531809694402669	0.18557785283504585	0.12061663624521488	2.3663508785609353
DUJFAS	0.25543445078013516	-0.0850718288425003	-0.5009028398654224	-0.018319281400331282	1.756529337618976
DUKYEN	0.6072177938915626	-0.33475900477517784	0.05558180494138983	-0.2672582263722757	2.0553693441335463
DULSAE	0.40934148958086514	0.05005626336401389	0.466801816204188	0.22257759299113322	1.9220508175841748
DUPLOP	0.4831806868120587	0.22658841328782847	0.19264232451864005	-0.03328617600110376	2.5560326808091887
DUQTOA	0.40072589896885	-0.21492120490911948	-0.16143690228376922	-0.006508060808901622	1.823423364158638
DURDEZ	0.5380082811686204	0.44337462551623813	0.4095675201486281	-0.025641201510259948	2.7979366805333235
DURPOY	-0.32344913565128763	0.883001775961836	-0.13681894621017396	0.44521695033096936	2.6074767998197745
DURPUE	-0.22762496969589252	0.9685770383139809	-0.1923646901688968	0.3646829030677142	2.948351914529053
DUSGIJ	0.37849279011854886	-0.5989042750934541	-0.20855719107220644	-0.25626284791594356	1.8799293657244778
DUXGUA	0.3674121214089032	0.058021276857018356	-0.23144703208142675	-9.241499071097059e-06	2.233398913198736
DUYSUN	-0.1299799097504346	0.320493492146947	0.09092020710087019	0.007001526259061572	2.0282159016211
DUZJAM	0.3664590936172072	-0.13181853767790364	0.5021246316516532	0.20042738865598198	1.6614282644693679
DUZPAP	0.24322624110444924	0.04695975338161848	0.6975439563717835	0.10850019183871501	1.8709607788834144
EBAJUO	0.037253621068915166	0.5509186718541037	0.2850467803853476	-0.5273945684215853	2.735480767670332
EBAKAV	0.00893703090114295	0.528322850950977	0.28820433874652374	-0.5305785452158835	2.6962316439041913
EBAKEZ	0.144304210083964	0.7127119900292986	0.18130863932533703	-0.5738204287201223	3.3222479843842505
EBAKID	0.12077915899367797	0.704030754248552	0.15619409771755316	-0.5520680875474039	3.303558770658702
EBAKOJ	0.11727503022432328	0.4004280479888657	0.5039457228523287	-0.5691398593239718	2.5624794712511765
EBEROW	-0.004097153660099995	-0.32006876324324357	-0.3512054269314162	0.24228026554222387	1.2496383623149643
EBILEK	0.42508029528943503	0.6311012080709828	-0.22413574633539107	0.0285477087988589	3.2037844019828032
EBOQUH	0.6392927888673894	-0.6285901623427905	0.26078541141193384	-0.08955031333091179	1.7923804067654654
EBOTOG	0.45956429978979063	-0.7185876505359736	0.1722082872651215	0.014459843467813815	1.6350826859970375
EBOVAU	0.46022646764589314	-0.7190861767092758	0.17336758465869317	0.01634985776799143	1.6345026937881733
EBOZOM	0.32335900519758276	0.07504140781470264	-0.13326235262137304	-0.04204057382996261	2.044472795352051
EBTFEC	0.35871456764580945	0.43659927370291324	0.5855308078463217	-0.03879986191633003	2.5044338351737743
EBUGIV	0.4492173119422107	-0.6907628647097142	-0.15190638196915163	-0.19857769620767327	1.8755682134684983
ECADET	0.47580671761782156	-0.12057991415869668	0.2629135337654517	-0.010434641451776451	2.049162582464681
ECESAK	0.46471866530402206	0.47060265697713793	0.14311504680821707	0.0030566689629532157	2.849640717961649
ECEWAL	0.3663630878253752	0.1694652756094288	-0.2892464782952638	-0.15789419986203088	2.2245372053397965
ECEYUI	0.31821344597665036	-0.7176498060522831	0.1866596430352196	0.14245752244200402	1.4527557772361785
ECIHOP	-0.29269347673265855	0.463296808662874	-0.597339170612873	0.30868069955158345	1.9382009891776395
ECIHUV	-0.22754742847927067	0.38618280168552727	-0.5820396364055872	0.47104531580322667	1.9083845184667805
ECIKIN	0.20480943743923818	0.1141847847815941	-0.2189831180173898	-0.030828397802732825	1.9458401407123986
ECOSOH	0.1480846111043519	0.7311583531800623	-0.21005082462987457	0.0675859286886196	2.832117203310472
ECUBAH	0.7910801962536764	0.03119926269303669	0.16107163262869534	-0.21768655980633864	2.8529172037931327
ECUFIS	0.6514735472803368	-0.16009261306023284	0.4976716292867854	0.13284533091317716	1.9881075289261856
EDAYOY	0.42625841061210057	-0.2908341003206036	-0.030449436433758026	-0.1450021930096722	1.9801107902965178
EDAYUE	0.45985193151798853	-0.2526621447910505	-0.03307642096755117	-0.0953287873268413	1.9908576634207475
EDEZEU	0.47425261555561704	-0.16706712055709705	-0.4026641738023046	0.03453495077130515	1.9910325631791466
EDEZUI	0.5177915126664514	-0.2564420921991456	0.8002458164967692	0.11538729379602633	1.7350983610698354
EDIBOL	0.19102686980337946	-0.10227552790408233	-0.23835034340921935	0.1776024126009571	1.4948615547423616
EDIBUR	0.20468828507654457	-0.0478577658775412	-0.18448761207320497	0.18166923425864667	1.6334839783941901
EDICAY	0.1957615646515407	-0.3478326124109167	-0.19359552779726585	0.3323233226783829	1.2898271243694293
EDICOM	-0.014255339887241814	0.13026922228505514	-0.5253154256092673	0.4834093660921078	1.563909965353743
EDIDAZ	0.17772118284879834	0.22644765937683997	0.34896511670537383	-0.1706706455917723	2.240224896933199
EDIDED	0.3688073025796079	0.02771584389534698	-0.19032342902521138	0.22189979167721285	1.8970358408518289
EDIDIH	0.29148558927198565	-0.10682803660711006	-0.19855643426543962	0.2104639337614732	1.5696929352149656
EDIDUT	0.14601676079400017	-0.16187260327851694	-0.2497690108921432	0.14885204540805885	1.447727129961171
EDINIS	0.4861154771719658	-0.31049943262466645	0.6823758693015446	0.26856568686795484	1.5897598520798177
EDINOY	0.40056430737276827	-0.45073252245685697	0.6486194032260977	0.28247423673189276	1.4489753931948965
EDIRAN	0.42929759154664104	-0.003886398906959146	-0.24522080134691454	-0.09206254044718858	1.9645304356783995
EDIRER	0.3938218354624299	0.07108061263243962	-0.19681737801923416	0.5421361152828783	1.848934693890857
EDISOA	0.6696475677665807	0.06832276983808208	0.10625920258309257	0.07062188660511284	2.3060797404263744
EDOXEC	-0.15587952688235784	0.5844465356378732	-0.5325346276279125	0.4063963246238409	2.349977521212188
EDUPUQ	0.10600731897727966	0.33307351169375854	0.3190411225044525	-0.07854772046995465	2.222288755573006
EFACAT	0.20973089693164626	0.31423090185079594	0.5200265248019336	0.02518800196161758	2.178825103523949
EFAJOO	0.4300678301230345	-0.24232646007333322	-0.06621206776603822	-0.03359225823769059	1.8806760418876158
EFAKAB	0.4119582681260736	-0.3534366826123926	-0.04940129547640648	-0.010473497310232845	1.8685700066033244
EFAKEF	0.40704577860430025	-0.29242483841877687	-0.09088459226541162	-0.03835283396285777	1.8674416792414086
EFEWAO	0.708284539869056	0.0024168664809820634	0.16940589981530613	-0.27802783810830484	2.4390749449668006
EFORAT	0.4721015259981831	-0.35740953473205883	0.44407096431614934	0.1844444185653762	1.7563392047694144
EFUSOP	0.34885863901350955	-0.308602143550164	0.6049868253356855	0.1775704177113948	1.5688144373167454
EFUSUV	0.34947802466811684	-0.35245787554216446	0.6046683753116898	0.206057448495585	1.5318130311183855
EGACEU	0.48781357646773227	-0.05368639088844758	0.18356041875607015	0.16186700351706948	1.9299357144565508
EGACUK	0.4633946291872526	-0.074014411873988	0.05584093959140212	0.212013946934192	1.873868749150961
EGAMAD	0.3218280149654804	-0.13104911243246123	-0.2812650354390013	0.48872580723479936	1.5769397278644495
EGAMEH	-0.09786986290539668	0.054952971068601725	-0.6280960320705136	0.4655253976313331	1.5534420289273283
EGAMIL	-0.078929317656383	0.3474356422225707	-0.03410032486895785	0.1821987463356003	1.8331655806317826
EGAMUX	-0.03258078176156243	0.5620819509117647	-0.30780224424736735	-0.37352970384452405	2.6940727102915236
EGANAE	-0.05692628006158085	-0.07604909594817172	-0.47284658639276034	0.3554139471841255	1.3725648481338277
EGASEK	0.36907927772923355	-0.895395765189565	0.4321310151218956	0.5125283341865037	1.1928640155699244
EGEMUY	0.4287477909612525	0.2421680334057597	-0.4008045441643831	-0.05397074893897311	2.405766868793944
EGICAZ	0.23930790675820468	-0.28818147493931445	-0.33140663677300636	0.04764744745891712	1.7233309965394437
EGUPOM	0.0607480876621036	0.25661156516898787	0.17602040213933193	0.28922840651321247	1.7999205669285439
EHABOG	0.3653700235409518	-0.4641859122132998	-0.40850591617506066	0.2472021654089891	1.3393527262989573
EHACAT	-0.47838987802752264	0.43898369969904555	-0.026226850427376353	-0.1378679328091983	1.8798181162418903
EHEJIL	0.45728553136363903	-0.2978956372316664	0.6870003577622223	0.24012340847471952	1.5722792027702535
EHETIW	-0.01216013103266711	0.08121686534223474	-0.35265940176319743	0.07039871572752646	1.776016508496924
EHEWOF	0.615483870720861	0.11153253044391565	0.13944524022321295	-0.32834474538865555	2.808679189962094
EHOJET	0.5829328111143051	-1.0152346034819146	-0.710018144351838	0.10363080675093428	1.4001376640526837
EHULEA	0.6805373574265774	0.15791586602446883	0.1319206041898263	-0.21754114530273377	2.6570551803179097
EHUVUZ	0.1223034798143634	-0.3694000620921829	-0.43387046873026436	-0.3813874609255686	1.8412832041692868
EHUWAG	0.10180629989015655	-0.34118429121636024	-0.353774757180467	-0.4336915106083302	1.9473507009520357
EJAQUC	0.5019791841412431	0.29414845712883564	0.5332764465070559	0.05169235068590783	2.337079060463231
EJIJAL	-0.11483359095813128	0.19299879818946358	-0.5410052926868713	0.12857221678170064	1.7414766918865605
EJIYEC	0.7901498422167323	-0.7334886925424564	0.14159943746128925	0.24321934080487073	1.4561791122752825
EJIYIG	0.31343028316835486	-0.15623072150838346	0.07206670947635367	0.3281016043735563	1.4778778445482037
EJODUE	0.6089223695395223	-0.8690066403248589	-0.40619780963024804	0.11019018780420745	1.4727389783935378
EJOJES	0.41237414012930707	0.019098214645169642	-0.14638400027125492	-0.042714869963554974	2.125601665859617
EJOJOC	0.3786586603827615	-0.1758709642567022	0.041641996739328946	-0.06239767381506318	1.7623485585683314
EJUBAP	0.461204195370712	0.24206699142554822	0.05401567463759653	0.00610747121198621	2.403881918013775
EKABUO	0.4848378155206774	-0.5721811578603834	-0.2680450994100101	-0.12256223549668696	1.6654707002068343
EKACAV	0.5172570929284275	-0.5671036042830011	-0.24299852422036	-0.11810033646743931	1.6657797312044758
EKAGOP	0.15577499548243479	-0.20405586361299105	-0.7908623060497455	0.05626024581922087	1.5158693133365402
EKAHAC	0.27084782148101905	0.15452942235497602	-0.29290859897445215	0.09043735758511148	2.1393728272979855
EKAHIK	0.30457454211157575	-0.26514199350871315	-0.34272101559133583	-0.046200963272314086	1.8320182344503726
EKAHON	0.2164423388113308	0.08001650987903117	-0.5974278940730562	-0.03236445437576802	1.8727787269868545
EKAPAJ	0.7521880330038657	-0.3384725893462452	0.3273939833263421	-0.1260441367156172	2.2138643735222074
EKAPOV	0.40163070764849884	-0.3522138257173194	-0.000760601544317771	-0.04463163287259225	1.7552631409688348
EKETEU	0.4950007534798466	-0.9835129325357355	-0.6063384966145374	0.09986684155499934	1.4116484159565965
EKETOE	0.49522153142184777	-0.9835769648850581	-0.6063627196983673	0.10132673777885212	1.4086359164830153
EKETUK	0.5322325804364141	-0.9848910392579804	-0.5906171516582666	0.1098601059809528	1.4169705339588414
EKEVAS	0.7589008107697985	-0.9445381760671274	-0.5111548640158108	0.17938557659985205	1.4222147960013873
EKEVEW	0.6105768950862238	-0.8549844162026814	-0.46365022874492945	0.043565761064540715	1.5212006604436747
EKINAN	0.093639359988126	-0.23419773299475155	-0.512826194133028	-0.08162628722816852	1.5865178755959266
EKIVUS	0.41336978475901986	0.36671404677697034	-0.07015346198969724	-0.10103598238214978	2.605310002567165
EKIWAZ	0.41753406258477277	0.13645223722618488	-0.05615125324456871	-0.10082429551296462	2.201637498067305
EKIWED	0.3870691271547857	0.007022556150868636	-0.09010859553410644	-0.03419799694860369	2.023703381616199
EKUKED	0.47612590771677343	-0.17857106040933762	-0.1497951937183099	-0.0726245929253259	1.8360601245114427
ELAKIL	0.3078684001005696	-0.1581292202085801	0.4402108892066208	0.04842301517068366	1.68904521975134
ELIKUI	0.0772061682032188	-0.36737490133486955	-0.6879896572515627	0.5513758006267528	1.229611435326613
ELILAP	0.03285327079287059	-0.1284505517356873	-0.16574715164421966	0.4143043767255056	1.3296802916296493
ELILIX	0.33824718364489037	-0.15251852009741895	-0.15733243112378426	0.13008984669263982	1.5759191132818589
ELITOK	0.22377407961951556	-0.2522536711356065	-0.2854418168810443	-0.40614018524390627	2.0847550321023194
ELOFES	0.2493909767832463	0.12597082643745652	-0.43259734584206333	-0.1046881188385143	2.1090159659303915
EMAROZ	0.4650117283863624	0.25435324896370765	0.4248690675929055	0.056882423919185604	2.3216918786718637
EMEHEJ	0.40943259782143926	-0.19851023300315837	0.1908774220436752	0.14051939828884047	1.739230545452692
EMERUK	0.06241496390413248	0.21048856458263848	-0.22405739057591945	-0.3359034799914345	2.426309113946212
EMEVAT	-0.0003186412552080853	-0.28154167273497854	-0.5261063934837922	-0.14513583643419806	1.4916614461710926
EMIHEQ	0.4075315713495593	-0.4586478777789825	-0.5064103268101637	-0.182550363595666	1.783372852197059
EMIRAU	0.01955114573353134	0.39454905293710923	-0.1871875420957751	-0.0160094716963525	2.003899543043466
EMULUT	-0.2192300726551104	0.1585769976005762	-0.2835632391001931	-0.18430008689839078	1.9692985903274511
EMULUW	0.11604158515330365	0.18400813233701574	-0.4972502023867761	-0.053341090741969674	1.9877292132937052
EMUPEK	0.5002910243041265	-0.4431243731521015	-0.05726925119727452	-0.06061757643590711	1.763546209045283
EMUTUB	0.5041243102247117	0.07118711235813799	0.31780710092824194	0.15374377120423655	2.1467516776399047
ENASES	0.5116182732585761	0.26798305944048684	0.356072880676176	-0.04713817332010519	2.62301509776571
ENASIW	0.8906707128694631	0.17233138789920288	0.48122192946420583	-0.02470533321785935	2.726375189353194
ENASOC	0.4949014873157189	0.35335018435136417	0.2122869695975591	0.19314678360040438	2.4072681607064395
ENASUI	0.7401178159325461	0.3973047840862904	0.3428092773563007	-0.15132911382685216	3.1025546883876767
ENEKOZ	0.6385290915225008	0.2560256361891718	-0.22505478455831562	-0.423392085532858	3.165243904887253
ENIQIE	0.5065973555748462	0.0329882798654475	0.502020442838727	0.10398206088296696	2.077320382312505
ENIQUQ	0.5060972225908902	0.08187398846534819	0.32456836725596205	0.049196252447037084	2.1314985692646418
ENOZAK	-0.2869660360736135	0.024754045604562736	0.18477429130250378	-0.2997281639267255	1.708701721607385
ENOZEO	-0.32056760683255137	0.006817930495996896	0.13441648166957168	-0.31313818088099243	1.714904473974384
ENOZIS	-0.3215321809787137	-0.014979904972263397	0.12314969253531562	-0.27061826463683514	1.6635548069538661
ENOZOY	-0.32224624657327805	-0.02205991928061836	0.1874205843126338	-0.22704646520937927	1.584790669298053
ENUHED	0.4999306347236079	-0.17540308251229567	-0.3846673755216163	-0.3934736136098653	2.4079666312632444
EPAJIQ	0.4283709307301784	-0.3456290704236421	0.03572179673614046	-0.016057907717879585	1.788832037150289
EPAJOW	0.3419991327972909	-0.40755827588320764	-0.013929968590183514	-0.03050927884327509	1.7830972465271122
EPAKAJ	0.4655289977767225	-0.3631877338193661	0.05617598502926134	-0.012360322837492325	1.7959253911562858
EPAKEN	0.4605784974192053	-0.3072783897438263	0.08840934985856251	-0.0881216288311926	1.8980507207645854
EPAKIR	0.18709593671785374	-0.12990518593341827	-0.0908816048879125	-0.030219955091961008	1.7449564319496729
EPAKUD	0.1473499039244568	-0.15223250217133175	-0.17541611328642265	0.034363571859607436	1.7565484401001246
EPALAK	0.17275341309441927	-0.17825366117113864	-0.2642463378664424	0.02435936618209361	1.693561575196838
EPALEO	0.19146269233933433	-0.10132175177974745	-0.13811631062398752	-0.11903118646524746	1.9120536692948733
EPAMIT	0.44295343582073254	-0.0336092242222886	-0.052016154075106485	-0.14186652620750273	2.2065702897492345
EPAMOZ	0.4609490914528971	-0.0146846404295638	-0.026122998688337173	-0.13035117467487412	2.173326606884281
EPAMUF	0.43056345282150765	0.03027982584207095	-0.012248059779900733	-0.20796631298439497	2.3062186961192985
EPIMEX	0.37929957054542296	-0.12249210613654653	0.010322670633035852	-0.09106239247238787	1.8313268782237593
EPIMIB	0.34425345629139326	0.061146367566964205	-0.05541440097523595	-0.031143187754879842	2.026350199307374
EPIMOH	0.4606930737341157	-0.0006981239078387297	-0.26316260901898125	-0.21268631004034474	2.305554379904827
EPIMUN	0.4599894668059541	-0.014338326816364974	-0.24920503293447294	-0.1879747222447128	2.260908346413017
EPINAU	0.42753004566972574	-0.03767673139220251	-0.1387980128431234	-0.08347406782338218	2.0792043912589704
EPOHAV	0.17199426554773245	0.25658089818541574	0.6922873230005809	-0.03994892240567728	2.0031625405665716
EPOHEZ	0.1972405630101921	0.4047448334194053	0.3044135843470549	0.01881166562502573	2.373820377027123
EQOGEZ	0.6450177222585127	0.12467818143006223	0.0038698794866195985	-0.22346953286568005	2.56815279773365
ERADIL	0.4841218186913858	0.9328611459784029	-0.067580396533025	-0.2227932286281736	4.266785707655224
ERANIV	0.19050148781293164	-0.03253247565527037	-0.23581223891505526	0.012388745449028626	1.5694909573870572
ERASIB	-0.00522270338996389	0.256304953092337	0.17552533630572265	-0.24615550479179377	2.1996227803455812
ERASOH	-0.002698694773892285	0.26424632851158303	0.17655689731060756	-0.25956224021464613	2.2224265596101533
EREHAK	0.49297815584118876	-0.11668155254168354	0.18881991493024836	-0.02435330848466482	1.9623453312932688
EREHEO	0.48495201521704345	-0.42359676177029226	-0.028771694894598812	0.2543112828479717	1.4854033654028806
ERERID	0.2870354789015144	-0.034481612564463054	-0.4468215098999242	-0.43902046098615766	2.2196925044738625
ERIWEK	0.5163467883968966	-0.8262301724305321	0.022786766906714856	-0.03020632658445288	1.6689195016701182
ERIWOU	0.5300665564477534	-0.8270177551105267	0.040346656299605696	-0.034624861079066274	1.690928519767482
ESAFUZ	0.5131248754333928	0.2578301761324366	0.6094099861855269	0.11415399280484392	2.3953370109059806
ESEGEQ	0.6169090548461673	-0.04762127871467545	0.07785723232580767	-0.25725611790365616	2.354510221331114
ESISOQ	0.7241031921579397	-0.4359112439208259	0.12715490710161764	-0.025896461729970663	1.9309555975716002
ESOVIS	0.12122769886801787	-0.10846942401019781	-0.3191592127742703	0.16030588850841773	1.5445452816013605
ESUYAT	0.5528234578407059	-0.29880714724811186	-0.03226065873461757	-0.18195303411903452	2.051835837255232
ETECAI	0.5157973818604811	0.30602124875926767	0.07745750331803268	-0.2443612471524432	2.777645808137966
ETEZAH	0.46761433800352137	-0.07216290215479645	-0.13270563045166328	-0.0031968970005856606	1.9094360904840326
ETEZIP	0.24823843099223541	0.38624793875627034	-0.1556895967393307	0.03138648965271093	2.470417378857116
ETEZOV	0.3768761837195349	-0.037386928438373185	-0.24538502877205703	-0.07537657672528289	1.9692679289940145
ETEZUB	0.4260706356217403	0.012577168519464471	-0.18448824920830043	-0.05781248708700145	1.9991267735883478
ETIBOB	0.5501791676362204	0.2613741000111906	-0.03539790082678132	-0.11320597408046161	2.785752410676975
ETIHOF	0.36172924657366856	-0.3853846812829502	-0.04262774200553243	-0.035025860795760214	1.745567671919033
ETIJAT	0.38419641975366314	-0.2729812375385702	-0.11310214887662376	-0.07422892847334592	1.8230999145276825
ETINEB	0.15260071270049247	0.05249408951534906	-0.4935030957472324	-0.10646366072899995	1.927338973982159
ETINIF	0.2361933232181066	-0.06750407065560718	-0.49769107421538616	0.044723887986116956	1.741822687261875
ETOGEA	0.6808791725121193	0.4875937601686781	-0.12178518998547988	-0.23940279827388744	3.3190972696753462
ETOHEB	0.624173180795748	-0.4590420528249037	0.3105983373735144	-0.11323815652263139	1.8620000648634647
ETOHIF	0.7261891524346451	-0.028307959056422	0.31510923702558036	-0.35024323782420685	2.582457236659464
ETOHOL	0.47923432910972963	-0.32711627238001284	0.21887243446696591	-0.07627251615213916	1.9208263784050295
ETOHUR	0.5968769722503806	-0.031110714811465295	0.3212924536927181	-0.3197346234337288	2.550038783086425
ETUGIK	0.6573304284210142	0.0939112569323792	0.9204509689540631	0.015661344828227078	2.333969815657367
ETUKOW	0.7891753465813007	0.10922279559337991	0.13074289206923523	-0.4185809430485486	3.197140619283349
ETUSOC	0.5326431669819218	0.3206536722972725	0.15167781798442231	-0.43201860389285496	3.3149290351008096
EVUJEN	0.4150791532853404	0.43632111287514347	0.361040630908061	0.04468595199796492	2.6272894214981464
EWABUA	0.08828900497552938	0.5401390812944602	-0.31050483394970235	-0.08044207416879592	2.6334384300598197
EWAMUN	-0.6209184528693878	0.47490129894847294	-0.08715666763357091	-0.04296653329254874	1.7255684457867388
EWANAU	-0.5426020412765942	0.6667343667556431	-0.25849012807448035	-0.14080880722433087	2.095156681737942
EWIGEY	0.37731168819889493	-0.030682610639708716	-0.04610060884207723	-0.02358866382617298	1.916217674362187
EWIVAI	0.6540688406164366	0.12347381526029177	-0.14045462072713233	-0.34929045636286016	2.8325738771060873
EWIVEM	0.6465552479908858	0.11718741350076053	-0.1396271975108751	-0.3494004024907839	2.8102584575480196
EWIVIQ	0.6442143957023525	0.11865690218593786	-0.14052148309884388	-0.3485589781448211	2.8109151230451292
EWOCIC	-0.1712528433545928	0.3974341592653015	-0.2889877417541108	-0.12548796837609336	1.9918372950393712
EWOCOI	0.355904273113806	-0.183068893420346	-0.04315039290423317	-0.11635729628473704	1.9796089395026708
EWUJUE	-0.11453978779286222	-0.025687386752178368	-0.3846168907728313	0.06964887296180408	1.4519498151176777
EXOCOM	0.4947555818892795	0.23627323083640306	-0.24736685630905714	-0.305740026772648	2.817284596044284
EXOQIR	0.23926765877853295	0.3090682495220511	-0.043038107933116576	-0.510640112210401	2.717907556906068
EXOWET	0.4854846121912777	0.34651714080800133	-0.21215311407595355	-0.10275118359957595	2.6753887460881645
EXOWOD	0.6006444548356518	-0.3146115627255647	-0.33187219954414465	-0.35297549483086604	2.031713703641028
EYEBUF	0.20669063103298857	-0.039201254282250506	0.598373266444301	0.1695436287400332	1.7283527409915158
EYIRUA	0.5063355806241958	0.169393901936302	-0.33838674501921323	-0.2136972352222414	2.5261628302979156
EYISUC	0.04740232244330134	0.536290334555882	-0.12865066647395704	0.17908232978071104	2.2637200953125483
EYITAJ	0.0912553420450064	0.2237347274058772	-0.46508929217754647	0.4464671635688708	1.810112690835508
EYITEN	0.3239835161773934	0.11707474120604497	-0.19432393188645908	0.5031876993393738	1.819184820550126
EYITIR	0.21775095942184475	0.15354352875143318	-0.19740982911829086	0.4379475635824606	1.7666979987351445
EYITUD	0.01752329950699938	0.06576868187502405	-0.34391747427789093	0.5530454354743375	1.6299853674522389
EYIVAL	0.24995324255387086	0.13107709457302075	0.004166130970238574	0.6065402872530545	1.7950662431220648
EYIVEP	-0.09394418804497429	0.014325444727191355	-0.6601573772494471	0.4742459191519109	1.4564039452758635
EYIVIT	0.0005853163975571007	0.37652143540029	-0.5040962500362494	0.33355767054741225	2.020553249432677
EYOCAY	-0.04832958028375778	0.23939949919928755	-0.31268828840121476	0.3250384630250214	1.7120200978947095
EYOCEC	-0.5178341908121236	0.5882136983559791	-0.3008227340584711	-0.1840484765161976	2.161230629738565
EYODII	0.4418058424159872	0.6804112918126826	-0.14075905379212186	0.4712758881960158	3.096297661970754
EYOHAD	0.46426191465796407	0.24150551691041167	0.21253469550174373	0.13597058850862795	2.30039877219931
EYOXAU	0.533254944523132	-0.6843150425019713	-0.3127916125902797	-0.09796133963885408	1.6950265833790676
EZALUM	0.41832110961223723	0.10527940225020804	0.3512110851931216	0.001491313374482689	2.127074469079132
EZAMEX	0.45249021154413693	0.14320962385754166	0.34486063809654305	-0.007096695222707616	2.2061699000754316
EZAYOV	0.4581467175489671	-0.1808591759223076	0.282619915596674	-0.09434682315989938	1.9809461595664501
EZOQAL	0.33212334492243745	-0.3280642461104643	0.6870595581960518	0.16800062499420404	1.5496664449929232
EZOZOI	0.3879095373810886	-0.3103022969863476	0.6784728489429891	0.14759074105304462	1.6290535024661843
EZOZUO	0.38921033415615014	-0.32806793370237497	0.7109352374965691	0.16647447934565715	1.584066333855198
EZUBAC	0.4347224514666337	-0.008553301482729841	0.8451129540940413	0.10118521476007677	1.8774837386906997
FACBIV	0.3346189120485459	-0.08538845120242541	0.27723111188905936	0.08625397807457696	1.8195479633444984
FACCAO	0.20842725319522204	-0.1980982610769309	0.26631034254335395	0.1459586537295287	1.6151296431755067
FACGOI	0.6554570353770783	0.007979887743639502	0.04697545227078685	-0.4435462942689472	2.8761658147541267
FADCEU	0.4316781751791394	-0.47417965031058423	-0.07070286643541518	-0.09108075301805509	1.8628313841519701
FADJUP	0.4789650155436469	-0.26551282945544885	0.19449147089860075	0.27844760544182684	1.6831386162542983
FADVUC	0.4782597461555085	-0.5608136536413842	-0.0163787336096433	-0.08674604975854315	1.768282220557606
FAGNAD	0.1292075861935511	-0.14451482523038997	-0.21044615952071888	-0.012019172092619407	1.7017099351796867
FAHXOB	0.21191536624967133	0.25638437774721007	-0.10740707681947997	-0.021364024160110177	2.3527691101457524
FAJFUS	-0.04412090651720213	0.8095502441999984	-0.13181167959128923	0.20021374994396013	2.8272637751322565
FAMHUZ	0.1698911270880168	-0.28714588766066335	-0.3990270652184111	-0.33957787018043306	1.882053196974431
FANJAF	0.47228113400623073	0.004353647057323634	0.040756847193870474	-0.37860104434556874	2.495315896732338
FANLIP	0.35683260306096454	0.2719216035974166	-0.4345069325637062	-0.004010195590009771	2.4996572909110073
FANQUI	0.7894460405864141	-0.7694570534260716	-0.4298408124541544	0.10490690261200225	1.5566303802224768
FANSAR	0.19487158121326686	0.2753184230001387	-0.1806011539024075	-0.03990506497468984	2.2770533927125207
FAPKOZ	0.1147594450729228	-0.017984717994569285	-0.224796043465117	-0.23885014600854657	2.0412470493877386
FAPSAT	0.07807030857887076	-0.046024635625473084	-0.31937849994661693	-0.005128319989446281	1.6068339716514524
FAPSIB	-0.011844837930401919	0.05504856655960064	-0.17508952086988294	-0.19230973581372618	1.838082950245758
FAQBAD	0.4425117591171315	-0.2781618224076894	-0.44687650121769484	0.16842216522980796	1.5871713805401064
FAQBEH	0.23657011295843855	-0.16014055300819421	-0.33383218344626525	0.1480506608046054	1.5623415984211275
FAQBIL	0.253414090227019	-0.02107198883525989	-0.20310512259267394	0.08509612635345393	1.6700131482452387
FAQBOR	0.3328431526565927	-0.07394115335195212	-0.2801028515300719	0.025529608039033785	1.8278813041503612
FARQUN	0.167582519185125	-0.15480411459081111	-0.3787673358049682	-0.40685741080234017	2.0293336245698277
FASNES	0.04437462128690495	0.3947008479095689	-0.00048714844955898007	-0.22834509143497864	2.315611722156115
FAVGUE	0.5852760895173708	-0.05061290688440438	-0.1251261472710999	-0.16693727956954463	2.600903190278027
FAWDUC	0.31277348850638553	-0.07633570057006013	0.009801284274980615	0.1116976468388107	1.949204396006157
FAWGOZ	0.3143144033432339	0.19112151415667755	0.3497912285511692	0.18071710556493764	2.136623234594308
FAXBEL	0.4992116718801327	0.24527404511178158	0.41461135151150164	0.02540961581972974	2.4175732955584657
FAXQEE	0.02841734671832441	0.007109841460301025	0.3051001657078355	0.0437057899982085	1.7082986609553326
FAZDAO	-0.020446494238550272	-0.1299075051324007	-0.21407557683339884	0.34179082405159494	1.2804132110077857
FEBPIM	0.3875506263997277	0.3589416290417773	-0.2799185529423597	-0.14289143917566471	2.8695292074745105
FECBEU	0.36152194608951493	-0.34156836160575554	0.6436337471660675	0.18485704369129002	1.5429487645481679
FECFUO	0.2828166971814552	0.34006393372832494	-0.16079834944662258	-0.01294960693983297	2.3517307518658037
FECPCC	0.2774762194797171	-0.5008669464874054	0.26143263518006643	0.20448258076633563	1.4218863085943132
FECZFE	0.40066533921927316	-0.12132127025423683	0.7064044614206479	0.1072254017950875	1.7439193186961246
FEDFON	-0.07700029280428478	0.7871778162565595	-0.11467036543186504	0.098909363121164	2.808545425446578
FEDFUT	-0.2005971339926309	0.7678066645280561	-0.33808024525463043	0.40764641814060315	2.5266892013721853
FEDQUD	0.562988116314898	0.05210891787486929	0.41062238780207233	0.04369745054448729	2.19261763392356
FEDRAK	0.5261223231945946	0.01822988473180437	0.4790689532943133	0.08631993119730116	2.097958480714954
FEDREO	0.5892863320356572	0.013873946853112301	0.43579120363193447	0.07938699666240007	2.1623209288410705
FEDSUG	0.05753535137410193	-0.40237056760843354	-0.29119995794237186	0.0863128929807005	1.3922942895709713
FEGMUA	0.43473425308313285	-0.22275955550882032	0.7130023297206088	0.1733897645140256	1.6700739186326938
FEGRAN	-0.02995772988822054	0.38136335798775445	-0.23730965415591926	-0.0019883253744651663	2.013269127523005
FEGVOE	-0.1692937275000932	0.2590693269764617	-0.3310433999061263	0.7148429933825702	2.0357211744321044
FEGZUO	0.16207267077214116	-0.3277305362996049	0.7381634658584602	0.16720526327798566	1.4763975530905586
FEHKAH	0.33904466874113304	-0.42838088251591	0.07741227891407146	0.2701078044922935	1.4820217889188483
FEHTUH	0.3560430285693821	0.23804209435457008	0.18836558675660675	0.06961511829357822	2.2392212379484833
FEHWUK	0.3712277688265777	-0.15661536321420094	-0.004344202538904468	-0.1569336182299763	1.95460285553451
FEJJAG	0.5689745712405339	-0.3351333043995046	-0.005412324853014072	-0.13437111871292168	2.0101941155699548
FEKPUG	-0.06543764756729287	0.28900450430220975	-0.4674515225385416	-0.10131382717027318	2.1049152446851975
FEKQUK	0.4151732714549503	0.3918145235072353	-0.14072618745149904	0.1243497569207547	2.3134862672155467
FEKREV	0.1107413569628064	0.3130227501938772	-0.08899886188059647	0.4728099424109545	2.078742917749378
FEKSIA	0.07596693926252751	0.37896651496985606	-0.09516212046681707	0.3435584521445668	2.1131214937290266
FELFOR	0.3773268479058567	0.1438326935331824	0.12256956783744824	0.11543522968567504	2.0957509302101074
FEMCUX	0.5834009542427161	-1.02428198998149	-0.5976889522492633	0.08967119975189095	1.449867069035148
FEMDEI	0.6292405982463531	-0.9017861853021214	-0.4609882556244137	0.1374931593943346	1.450375620553917
FEMFAG	0.07034347684854758	0.3160633960818184	-0.09773102443915971	-0.11196076496985707	2.264744807881625
FEMQIX	0.5253553037872383	-0.021302377100200026	0.3036991905379174	-0.11983250662049003	2.378271054225674
FENFEM	-0.016231481934943837	0.13016860368361344	-0.44475627742011903	-0.10363792253007534	1.8554947308229308
FENLEP	0.6598933963642137	-0.23937332495461838	0.06524700595072415	0.23102329692064227	1.7870582324564168
FENVUP	-0.05119255045988069	0.3595133588009829	0.20988988600185957	-0.02177478961549694	2.0588158959739524
FEQDIO	0.44602732950442636	0.20001564159710666	-0.10438708595929891	0.07659830223964814	2.2806201642811814
FERBEK	0.11150561488540367	-0.3447444908669745	-0.35631592326623535	-0.43563059516592256	1.9735023925770954
FERBIO	0.008615197926255647	-0.3139993306249408	-0.35354007166085993	-0.34243531933266386	1.7549517578463973
FERHAL	0.550350205958055	0.445950147845436	0.16650004438018523	-0.39026029149298214	3.2902470949404625
FERWIK	0.49102802017440617	0.49369800916926926	0.37350914187797446	-0.17464996084747436	2.9912100100653634
FESVEF	0.533657525780689	0.2418146066013499	0.15530947981158044	-0.21434672224655277	2.626166980744024
FESWIM	0.5267811618635934	0.2481233287272147	-0.005714084478599696	-0.18340191671834055	2.7761423220380363
FETPYR	0.6887802481853917	-0.07877465333347711	0.5668543088281104	-0.5198400016704395	2.6203046346883
FEVFET	0.3595460380832245	-0.21955955246905637	-0.32160637415218923	0.25023431839923055	1.5311348997150382
FEWRAA	0.6622882413418258	0.024186576346813538	0.4171740615259752	0.12768062071796893	2.2303901570138205
FEWREG	0.7814994095500323	-0.15566647433729347	0.003298108655781687	-0.27528588199834847	2.2875988953513273
FEXBAL	0.5591092616902245	0.46132720035162494	-0.229904709183406	0.019283848643007015	3.097915726854318
FEXBEP	0.46303243998938015	-0.12680842466881087	-0.19147685068573905	-0.2944204869260094	2.3043502571252974
FEXWUC	0.48303574096508317	-0.4440557734239296	-0.029442728200682944	-0.09223395118115982	1.791677025180057
FEYQIM	0.3868934702887481	-0.09025534927132192	0.26941034474715453	-0.05723695601034294	1.9849858427882436
FEYWUD	0.5704942284083634	-0.38799351859768194	0.2813406187082373	-0.36164049792508507	1.992695156030158
FEZJEB	0.50381375534805	-0.126717594837112	-0.19913236742300527	-0.3691302416475112	2.3978928598019267
FEZXAN	-0.061909615094375425	0.43014855938280244	0.19509654164326176	-0.2669058585948685	2.421482528410468
FIBVOE	0.31246745258070874	0.1357807787010194	0.8599807393523972	0.0018280268081302953	2.025196813008372
FIBWAR	0.2935975322979987	0.12329806720429345	0.788035086764674	0.0279463401456769	2.015236338978302
FIDNUE	-0.15672814955641812	0.3029902885124229	-0.36051573147743726	-0.05851712531251214	1.8824995752371165
FIFBUR	0.3747539955748378	-0.08566663725165974	0.6656704990654434	0.14515580456682248	1.7482088721950564
FIFCAY	0.3901193144334876	-0.13302523480271386	0.677488818407543	0.17164516962331838	1.7490888202388588
FIFMOZ	0.10221845884733316	0.45202883149525835	-0.02165295404392914	0.12120110803976325	2.200715796417706
FIHRET	0.20378941359672353	0.3884007339045437	-0.3573007692462353	0.20737841565833148	2.248631414407834
FIHTEV	0.33522889808605516	0.19769743733834205	0.10194460929817546	0.09016035062359562	2.2031462198985645
FIHTIZ	0.4219840198729434	0.08348849710828707	0.07683298429989663	0.1473499534431806	2.0559641134650515
FIHTOF	0.3846019197521535	0.05908404308086382	0.13480210396040904	0.12304687349795085	2.012165740677823
FIHTUL	0.36890525711332156	0.0978968025959289	0.1004201282916162	0.0861492708698455	2.0576368232966313
FIJGOX	0.586179685703371	-0.14459960619319337	-0.1060657160181209	-0.031764088086694266	2.1160324067577383
FIJGUD	0.5907299000337929	-0.22478695708414492	-0.10701844330916016	-0.08303106601377622	2.053637327551106
FIJMAP	0.5506921859373985	-0.28589822629976325	-0.17841188384379397	-0.0711372949532939	1.9771712885955244
FIJPUJ	0.46571968891316917	0.2457594954238787	0.37898733541942664	-0.005509189364257205	2.461423936540272
FIJSEA	0.42581052268902564	0.35032821806953107	-0.2326212317881427	-0.20255903240599113	3.08934083418738
FIJTIC	0.6163773709990759	-0.469916091103616	0.22710745471649169	-0.0599681538825579	1.8574013413184858
FIKKEQ	0.5698708688555252	0.2588039736928446	-0.1011763228801516	0.020248608401513157	2.6481910830529705
FIKZAB	0.5628118088121621	0.26084487717967	0.2859996472975601	-0.06305744421575624	2.466994450499584
FIKZEF	0.5390967589509605	0.19997088939162316	0.15231101064316874	-0.008867109265047482	2.329312598921515
FIKZOP	0.5379096230507976	0.28829015206145553	0.16461706363923914	-0.03714370470882699	2.4749709203103913
FILDIR	-0.23199088105658072	0.8252353690126126	-0.2991499169435287	0.39005881471040776	2.6420348653789665
FILSEY	0.41776477790737676	-0.05694651447801702	-0.28226544460427117	0.1867268056722885	1.8287962794889943
FILVUU	0.5517771267330369	0.16567766926666078	0.15957054193442696	0.028173911208577707	2.3823668774559987
FILWAB	0.3222079071738806	-0.30684426245629187	-0.36358237401601534	-0.028016081461970863	1.6720498389988396
FILWIJ	0.4173312444159265	-0.45584845310267774	-0.14084388847610016	0.005534037271571965	1.6616243222066083
FILZEG	0.35434724231357073	-0.5086261418076707	-0.08284487166661197	0.25544467205354	1.4073044445778642
FIMCAH	0.30649395859501904	-1.140103589388639	-0.7220024331690568	0.014904987069368686	1.290085001078869
FIMPIB	-0.28344251904431683	0.52692651391381	-0.2408101812972489	-0.3630838792800901	2.4083602687903625
FIMTOL	0.28714427504976214	-0.8229857880153915	0.13187484073944367	0.13780986414266744	1.4243258291877143
FIMTUR	0.3225906625164221	-0.32840212895232246	0.19484147411721792	0.05697973982692259	1.5541820335551995
FIMVAZ	0.46346088633332805	-0.6415692060456326	-0.16236886588767413	0.00513292597656799	1.595205490345788
FIMXIK	0.678450692038763	-0.9790230333701861	-0.5897647923745546	0.01810166588337203	1.523264469556746
FINKOC	0.4464647301934761	0.05946408041143422	-0.1899249078736459	-0.2021368818024492	2.2156128188602047
FINQOJ	0.4510410859442979	0.1999806126607932	-0.01389613139531988	-0.23139330346431972	2.8742244870529454
FIPYEI	0.25274529478989294	0.1146145341973765	0.30454263687856864	-0.20530792101409082	2.146837657644589
FIQJEV	0.5081236545646668	0.1594849902010564	0.1006022654548313	-0.20968964764805675	2.6406651305460325
FIRKUO	0.1551405463171056	0.38748103897300606	0.5795834177890542	-0.03456854441255739	2.1882709129574276
FIRLAV	0.3422080482801393	0.3251800427998814	0.5879315457640167	-0.2097208537455716	2.4438080874978394
FIRLEZ	0.3434113959947487	0.40285236132426266	0.6000821552155614	-0.2754418931624453	2.648401136067055
FIRWIP	0.2130016044965637	0.030367551163860057	-0.4500913543948958	-0.06312031678581603	1.8544594631775984
FISBIS	0.12236143740705252	-0.6750669257747568	0.6635290000630769	0.3586450391313883	1.261622672641265
FISCIW	0.7143667862249163	-0.5589817174787101	0.5509024929030666	-0.27066716257259504	2.0993076508205157
FISKAW	-0.20703628439329513	-0.06602177601879168	-0.5916464432157567	-0.1555495692014066	1.665155919831886
FISNIG	0.8726077681070583	0.21741262663693783	0.2258252140687949	-0.4268014843630498	3.2006981138540094
FISVEM	0.5646082307644464	-0.8550305316332714	0.09401021897825504	-0.07665872376594124	1.607810553041964
FITBIT	7.822683328395641e-05	-0.03743389789091649	-0.14181162833651167	-0.2528913471789302	1.9394848245260639
FITFOD	0.679412331360151	-0.4193860268850149	0.07266630348432002	-0.24141687801387868	2.0314910136090063
FITQAD	0.20073538364569155	-0.37071447204390773	0.13704100510415657	0.0576882003791756	1.4786141122710685
FITTNS	0.27210887335563516	0.3817253977381112	0.5980228702039149	0.0960047885375192	2.421279247874901
FIVBES	0.13386204975947447	-0.017673303161232556	0.40469978152851427	-0.06645718229136241	1.81647272678775
FIVKIG	-0.025973850582021285	0.2535083255432199	-0.5257156620560359	0.4262763198614568	1.7951989342560903
FIVKOM	0.26657682261060067	0.31521268405979774	-0.33453277624072175	0.5084660845752336	2.2115786186846265
FIWZOE	0.20950116707976685	0.5679585283734596	0.09294234021825784	0.16446638032028463	2.480051140214698
FIWZUK	0.2730395245005095	0.0343082587267341	0.4843502710520972	0.06427275377364883	1.7969871002753681
FIXRUC	0.577269294971952	0.5001949974254516	-0.23944062064660782	0.369182397858539	2.828025923419477
FIXSAJ	0.48042358373524063	0.6171475039060275	-0.2871459300936972	0.3744608960026886	2.9816510028710197
FIYGOM	0.5120023082635807	-0.7050591110142153	-0.18122875054810827	-0.2685660672214125	1.8017469393639105
FIYHUT	0.7591600011228561	-0.2938662784056373	-0.0883448167613782	0.33504256947191835	2.3336310075025923
FIZPOT	0.13510743878183806	0.3615819624134797	-0.14022670169939908	0.09858639795256241	2.2541999182135695
FIZROZ	0.2546798185498833	-0.16915129680664465	-0.40189780480281434	-0.07349177377306955	1.761385220146382
FIZRUF	0.21422565923050607	0.08905548359002369	0.19719251835723886	-0.03850924338229285	2.030811163193313
FIZSIU	0.23833410839842983	-0.15913559158736557	-0.388681516342828	-0.052979629776944426	1.7560288046134633
FIZVAO	0.7513667659393573	-0.3106554102882054	-0.10121494803805153	0.32672886816749286	2.308464968225574
FIZXUI	0.3182657463939549	-0.16436414580521783	-0.32257063010733006	0.013284230448327133	1.8473261875362035
FOBDAC	0.35661349101856477	-0.05048889948533866	-0.2507529618197232	-0.40184651481583594	2.2630745207022906
FOBQIA	-0.2312157187972934	0.1530673159777844	0.014444562618163306	-0.18422468522770824	1.8770316233368458
FOBREV	0.11078324053164401	0.37705036979545903	-0.3249490278119883	0.23594389724772646	2.2468831894150347
FOCNAN	0.5288808514163534	0.16387985666377303	0.1158443599306476	0.014935197055870097	2.4380634501226788
FOCNER	0.5179169800346015	0.34865545107654133	0.3999520648831563	-0.030301759383622354	2.6374884092407473
FOCNIV	0.5325262554729884	0.3820794862748173	0.22829785814974152	-0.12904032041460844	2.756883924486012
FOCTAT	0.5328675670473988	0.39940994135445135	0.06067893254632069	-0.27838135707517897	3.2784785572508586
FOCTEZ	0.13776702165410715	0.31750412417175417	-0.13370259567664586	0.23349152812181373	2.0228727617554645
FOCYUV	0.03807635076595961	0.6082735473801355	0.492796799501462	-0.0820949333361538	2.4256160276561447
FOCZAC	0.27963076475881987	0.29034443315541303	0.6803009003052102	-0.11108073682105025	2.3217255032755593
FOFZAB	0.2319775395858037	0.3818727529806851	-0.23302482383051537	-0.010348079053027051	2.3447059392569805
FOGPUM	0.14224213304869693	-0.01445743775171561	0.4550725409563731	-0.14463427225869516	1.833075676574875
FOGVIH	0.7480941365378664	0.557813456800816	-0.1839249238479424	-0.5152102221669437	3.9959601712181314
FOHCIQ	0.5459078459491513	-0.03995573592164907	0.5460274946419101	0.1179573799635838	1.9279643977071532
FOHFIT	0.588918255066635	-0.01372886116901538	0.5286979586545124	0.09835403636081969	2.0406635289909816
FOHGEQ	0.534658835007602	0.05272904146956506	0.487083047297007	0.07301675005428462	2.1515785393093916
FOHGIU	0.5448883689601756	-0.030850151111610796	0.5178186647125216	0.11667918895127696	1.9808119905465884
FOHKUK	0.5359945188523572	-0.03486210490601281	0.5314825784917037	0.106860607243243	1.9492006771032617
FOHNAS	0.8191212228942888	0.024664028776970465	0.1710689520754171	-0.41764450724266294	3.0866888507834505
FOJSOO	0.562524252491424	-0.49911422487097346	0.1150894784542823	-0.0547277037209158	1.6221675284362571
FOKQOM	0.3704714178998545	0.2600019679024729	0.6432215752290351	0.014726676530868635	2.299409085132852
FOLXIQ	0.45911133186266717	-0.595827832939038	-0.03823207368632908	-0.07120277475269803	1.7245202958217496
FOLXUC	0.45821832001707197	-0.5971330567411806	-0.03642929895990102	-0.0725592934017238	1.727767633139495
FOMZEN	0.4770577313335025	0.18701119301656155	0.3724855281739609	-0.018139009494148352	2.4304817971953083
FONGEV	0.331493237986459	-0.4390810098767995	-0.29232773209470203	-0.24915142331459242	1.799299084439212
FONLAW	0.4238148962061885	-0.11374544457584365	0.5543594300442283	0.1635500179088915	1.9208721735217213
FONPUT	-0.1602030775244363	0.1936410522716897	0.14128810366290193	-0.03381894925439131	1.8589864124229825
FONRIJ	0.400184150968653	0.0368594469368044	0.5704480508995169	0.1479614049012646	2.091255554964886
FONWOW	0.2347071844824904	0.010693055252441686	-0.07109356125548352	-0.029349068491166995	1.8894118898689285
FONZAJ	0.3989807383131563	-0.2578810361062188	-0.1578631322567443	-0.17827804331806849	1.886127349363247
FOPSEK	0.19798442738229838	0.4513437773113486	-0.4561133575682297	-0.09892442940536622	2.5546058204554893
FOQBOC	0.09288790611645492	-0.8198056492746866	-0.22598198000227238	0.2878763372488165	1.0726157194822772
FOQLUV	0.16899090206899503	0.3451793668741115	-0.6103288337757692	-0.16429810261600117	2.3765914960935524
FORNEH	0.21281971193391058	-0.4806949411945111	0.335429800385431	0.2324057564093614	1.3572388315829733
FORNIL	0.2135129631200985	-0.4628049752284166	0.34313854929211296	0.22153351685401362	1.3687246580263241
FORNOR	0.23959887538942937	0.04940773035617055	0.7278355202487646	0.12474804711676243	1.7861906252448967
FORPIL	0.4187862645804632	0.2544695192824072	0.4336779535773008	0.050243335403206316	2.2964930870559472
FORTAK	0.2998399681309909	-0.4456719859945375	-0.47557823206693906	0.6392963083968812	1.3736549953647956
FORTOV	0.37120648206400464	-0.08856860389907247	0.5060988737912686	0.24521766252808525	1.825604902880333
FORTOY	0.22577103401170096	0.19096554267459726	-0.37333962361085515	0.05238068691232528	1.971500894155595
FORTUE	-0.02673269619709906	-0.3863969810988255	-0.07405505587240854	-0.12236880707269063	1.6466887272886341
FORVUE	0.3945099699423764	0.745572782230463	-0.06195648622294056	0.12002181155826688	3.408251767778985
FORWEO	0.2369553547960619	0.20273503848059765	0.5847178169630967	0.0046177843679302	2.0674618445605395
FORZER	0.03947973295741436	0.014464762000464093	0.43729854618697406	-0.14289922781396447	1.7916920101662503
FOSJOO	-0.14407123226460028	0.7563947944960838	-0.17772667702999229	0.1610751467262447	2.606901137355929
FOSKEF	0.1959396142074139	0.06235043399500431	-0.39709567239534493	0.4131618526638191	1.8519313059081264
FOSNEI	0.6782673535853743	-0.9892834982433429	-0.6100324979736853	0.022630067468035323	1.5151733491861108
FOSREN	0.6126921725321539	-0.5256826362935937	0.08708913931492382	-0.219270312422337	1.8878882016799627
FOSRUD	0.6825595406323819	-0.49078987484201086	0.15093009095273235	-0.2421301229731177	1.970903063472014
FOSVIV	0.41303263988434136	0.4400249263763824	-0.43149125381664977	0.4893374186094142	2.6946016991533948
FOTNEI	-0.009533485665582209	0.27034393124292583	-0.3889253983159922	0.2117080619714179	1.8012751196585013
FOTZET	0.618305180287952	-0.9788136147041775	-0.4773375810834317	0.20699481876669712	1.3522331312711553
FOVGUU	0.46173423352347154	-0.17068973807679527	0.7050124925766101	0.13715637198536193	1.7211489482180466
FOVGUV	0.22919536552505004	0.08046654035247233	0.013024568955064666	-0.03977152902346394	1.9881030312680947
FOWGAZ	0.38762394000248346	-0.15790135585775117	0.7814702456831787	0.09161707243642167	1.7546619570353919
FOXDAX	0.48729472868261325	0.14584441587628338	0.019637792280159758	0.20565018978389993	2.226541319599608
FOXROB	0.499058925002708	-0.3120205149925658	-0.00617212350545171	-0.04450237283640083	1.8051960928634205
FOXXEV	0.5271051022898003	-0.07382441107776068	0.5598032934955333	0.2790649209864668	1.7209694990356452
FOYFOO	0.6240831026031444	0.259808529842729	0.5016995556422009	0.060571269030960995	2.5997558753680527
FOYHIK	0.4608174312866735	0.0445827769025294	0.4681766065243498	0.1301144967417941	2.04371737466699
FRMTFE	0.3698102580822864	0.13345074265826623	0.14060780769786219	0.1528601261489667	2.0435561786695886
FUCSOL	0.41882948224655525	-0.24040171898827856	0.7034761144327519	0.1865473547811345	1.671568484017095
FUDMEW	0.7978475132479108	-0.23673199833290054	0.0673084369076112	-0.4701077652603284	2.4461153726478444
FUDNIB	-0.18085088450773457	0.6470649635453478	-0.8034247339238354	0.2849176149284983	2.636846222760869
FUDQAW	0.012312096530225691	0.9309978873292162	-0.3742536820814633	0.1914263423060934	3.306882614947904
FUFNAV	0.5153764065241324	-0.7551421733873265	-0.19731308158016675	0.09180782558169079	1.4848432016569748
FUGNOL	-0.07067175416218552	0.010745309509918505	-0.47625810802390667	-0.03114907628898618	1.5233254488896786
FUHMUQ	0.3342580708340588	-0.016286166616891862	0.26193467051561803	0.1690007316602994	1.9067740504321113
FUHVIN	0.47404651089122574	-0.6249590740140774	0.7619196778201961	0.3201402552313628	1.3654113412112323
FUJGAS	0.38380400174077245	-0.20319186165856756	0.6849015630580771	0.07645594833100999	1.67933694599775
FUJVEL	0.5227608566079445	0.4370037551507106	0.4498206032080252	-0.008141020202842283	2.726188423199045
FULBAR	0.2802684793664829	-0.49828818216153153	-0.15910435242176604	0.08030423268069772	1.4234482654106633
FULBIZ	0.3055477730726599	-0.5084273440772707	-0.1480852933329612	0.046027161783174994	1.463024584145079
FUMPOS	0.2891772270739974	-0.1185859058601246	0.6271751119747786	0.10174872722597583	1.7047715065736844
FUMXAO	0.219944638786167	-0.01950554484289012	0.03344499486480824	0.1031931547571642	1.8935271621737948
FUMZET	0.2074331678780701	-0.002932741498146388	-0.051552118517731255	0.05141749053625734	1.8418939848447213
FUPSAM	0.419325229574401	-0.1224029027789065	-0.23897958016451148	-0.3114362056370934	2.306008275262543
FUQNUC	0.5184278419913699	-0.2749065768308452	0.723236818573984	0.2319890938808703	1.595355412442161
FUQXAS	0.5079375923254847	-0.23144255815136908	0.7119803550516758	0.18698913805355222	1.6914111909374294
FUQXEW	0.23601320260798886	0.3603451622864414	0.6744010238627587	0.07595584718718204	2.2922119428809156
FURROZ	0.31163093639931283	-0.2562211002525119	0.5670187526600391	0.23332467179148686	1.5312926280926251
FURTUI	0.5958055243884237	-0.568967885041822	-0.06287213723882426	-0.2938468331756446	1.8606152125741575
FURWEU	0.22903947298479066	0.10934024991767868	0.653080730862121	0.1487969402780365	1.9276269585473669
FUSSUH	0.2370043120902232	-0.3164392288331731	0.7431126782193077	0.2930850319435413	1.3894704762612422
FUSXEZ	0.6636934855645853	-0.3869927258164688	-0.024432591068192774	-0.24403877108544483	2.014893853656027
FUTTIA	0.4766277064941695	0.14263245668802926	0.034112890774126964	-0.10276763648309213	2.3604765721616863
FUTTUM	0.13715267582598933	0.16711942929236195	-0.23259167710117967	0.24248239439894909	1.8518212640413836
FUTVIC	0.44844087128855215	-0.19363832465263747	-0.1353182130769895	-0.06699903492742978	1.7995942407280696
FUTVIZ	0.3760192248408156	-0.12275694524947575	0.6949042576554396	0.11132459483276222	1.775336577777668
FUTVOI	0.8265648683812072	0.6251894587787858	0.15638223644750632	-0.48304261438717866	4.258329496797123
FUTWAT	0.4028428056543403	0.6145895580594072	-0.36594145727723243	-0.3761613733669065	3.394545832682556
FUTWIB	0.3301700604845763	0.31018497112289306	-0.22287632887557574	-0.3035520441021323	2.7063757990212354
FUVLIU	0.40104457860299725	0.19811144726551416	0.15335130719636603	0.08418953421532774	2.262651179504262
FUVLOA	0.46310548630527837	0.008351675008372597	0.09756044079894147	0.14536950105386456	2.0161067520327878
FUVRIA	0.6889260257320613	0.15912935386350208	0.34906249990188365	-0.09197366011102043	2.661693656807942
FUVROG	0.38892429695538766	-0.10011810528664869	-0.16345586609298474	-0.20398909877679083	2.093724950956717
FUXFEL	-0.05050666097340173	0.10804946270369484	-0.3517984110888763	-0.03638868947591758	1.7476055868866904
FUXJAJ	0.6330503234741931	0.11232987941225214	0.7038786597973953	0.02602820566680901	2.3424506064216044
FUXJEN	0.6019552886878943	0.08299875291709222	0.6760731302627992	0.05074891930052658	2.3131561108638268
FUXTUN	0.7050961157300994	-0.25411667554014605	0.08692876454067473	-0.35383617733592004	2.268940984777975
FUYVOM	0.5925231833301421	-0.1718030797631875	0.09014735061950961	-0.08464761986414203	2.103617810253806
GABPUU	0.5151298233249033	0.04700615608668893	0.16713589855892666	0.11650241904754363	2.054741916595731
GACHAT	0.4297684876231225	0.3181153564474124	0.696862936870977	0.07079129950339122	2.3331455954377662
GACLIF	-5.038649224964331e-06	0.18880461248521302	-0.22838917769270412	0.07022518107655462	1.9293666565580525
GACLOL	0.029275591086180608	0.08615668511304173	-0.3538994024560034	0.030577292484711166	1.7787972127092813
GADMOR	0.6006878675606488	0.7529286130604913	0.13422592345038223	-0.2639965084014929	4.0752127737368795
GADWEN	0.3773097081513166	0.11899402687828245	0.10800762520347396	0.1376146581642903	2.0786559299394445
GAFHAW	0.30123343864953345	-0.22918392406667165	0.5122522205528033	0.20763891735315793	1.6566983861878763
GAFYUJ	0.5206489525098759	-0.3401420497479314	-0.28004573546593103	-0.2807937327230007	2.295419877405613
GAHJEG	0.35216392308166267	0.643859109364372	-0.5514981094068647	-0.44388596582079637	3.700165279541485
GAHJUW	0.3579013899142218	0.6837371856071417	-0.3014842715123657	-0.6805303457886673	3.953438853778657
GAKBEC	0.08858179755602258	-0.12358132192122823	0.43987490249983935	-0.08169568426100032	1.7534408317804664
GAKJEH	0.36775647260304556	0.21319444399884135	0.14502795651801675	0.05886093636122697	2.2459144899250356
GAKKOS	0.6747543931983699	-0.8993899054100445	0.05005966350525689	0.14003842926960144	1.5648280980752787
GALSIV	0.5844083040345067	0.30913576363178	0.49595513317280987	0.025965646565699718	2.6102894732653175
GALTIZ	0.16698413766847864	-0.12559422440192342	-0.3363354907519929	-0.04472113826051194	1.7794461658593006
GALTOF	0.1488459470431014	-0.21874518747049987	-0.480567345591958	-0.09275536476339452	1.7148701638846293
GALZOK	0.5215351955099381	0.2316107847947898	0.621908579360833	0.04874510999778332	2.31826790042549
GALZUQ	0.5311689164324314	0.21616692062416049	0.7004774361401419	0.09009191638029723	2.1476598649174634
GAMCAY	0.4531231677193137	-0.4861277928671308	-0.0845245510857684	0.027559701133401657	1.5918276897136554
GAMKAK	0.07118416086263935	0.3441261240479461	-0.42407376396800167	-0.010280615918989294	2.18955079859411
GAMLAJ	0.43279624187921506	0.07887217589980666	0.47758583008260513	0.12740789437988687	2.079668509113067
GAMQEQ	-0.0711535934509473	0.006394986146973397	0.28296012557337696	-0.027519779200627696	1.6321106988602176
GAMZAW	0.008762245645063338	0.08850590088350282	-0.3038043296865733	-0.0033182066797682735	1.8290453191638978
GAMZAX	-0.13530612169466183	-0.026780999199312178	-0.3350199430141316	-0.20402397001944594	1.8483323262559668
GAMZEA	-0.05386114231522576	0.08476176164975355	-0.34686870517525964	0.0826616696709106	1.7318814589839187
GAMZIE	0.007758378039033786	0.20521386250255064	-0.21162176253767967	0.0855775389174831	1.916690165474132
GAMZOK	-0.045007423133515356	0.16148877415272694	-0.42669380863187356	0.16042799428430085	1.688297382088967
GAMZUQ	0.2045813384981643	0.06284218803819691	-0.3426249088654237	-0.30719218763444217	2.1734573957948267
GAPPUI	0.4531518127906553	0.3367761329668417	0.46273583621354003	0.053616811671031384	2.433843276160725
GAPRAQ	0.6293541291231994	0.23304627745955703	0.5903119388995975	0.044139098394643084	2.4286409119126366
GAQHIP	0.34559805355685924	0.0668509329393994	0.30175815918727833	0.10998220968634204	2.0683866345031086
GASBUA	0.27661187682650823	-0.0007215423169914109	-0.4439730898852622	0.4208530502596866	1.85944909588491
GATXOP	-0.03268293577174575	0.3600257222041436	-0.19215135450390747	-0.007746042333105246	1.9197867166794327
GAVCUD	0.4194100398235916	-0.35187866931401773	0.017366782823126217	-0.039260200566887817	1.7736147395861834
GAVDAK	0.41847212291843316	-0.3557547500637347	0.018344714126350012	-0.03943910488703046	1.7663987224822084
GAVDEO	0.4160441621162274	-0.4061771270732562	-0.018413764138562244	0.025094169418698534	1.7561121433193068
GAVDIS	0.3916261147310678	-0.42421628632672653	-0.025895645473200418	-0.038044385625252974	1.703441268716103
GAVJUK	-0.1437596990002019	0.049380931571245235	-0.3434936260676201	-0.36820084899044997	2.0020603681316627
GAVKAR	0.0459399609224338	0.13135523773953953	-0.4044713062196496	-0.1616559582616927	2.0209526392385313
GAVKEV	0.04408980927473305	-0.14853894020635622	-0.1301949906212315	0.04544246719090553	1.6617952384041181
GAVXEJ	0.7368166526309192	0.052647150210025195	-0.013566536950001928	0.04793657265836043	2.364478663791961
GAVXIK	0.37076715435062635	-0.22331959121479739	0.7395686992653135	0.13139382393733356	1.6281136176448139
GAXROM	0.3513806877498151	0.08794467379145843	0.35773586622374376	0.20109524117563599	2.005756364196068
GAXRUS	0.3802429669223413	0.029939054577976687	0.31752801000172165	0.11915484005979526	2.034999779071848
GAXSAZ	0.3421471022577611	0.05610648576781291	0.33480641673502065	0.17530567119870571	1.9859768359868895
GAXXUB	-0.04816937783763553	0.4430719622834611	-0.4478425405184935	0.29632817262276756	2.223626728996035
GAXZEN	0.2962319580024797	0.5359799900376494	-0.3124037712026878	0.5966391993397799	2.714625636637126
GAXZOX	-0.06418241779878286	0.43113122984401736	-0.46299863853801926	0.2970663330287087	2.188297635088602
GAYZEL	0.4292882434911416	0.8599042483740706	-0.13913940115577403	-0.05221700691659756	3.7757533455515353
GAZDAM	0.6805272099724577	0.2855490107906771	0.5176213770167539	0.0065150258580014275	2.6046070842597198
GAZHAQ	0.49296951104378994	-0.1765420736263773	0.32090942743262096	0.08129420542194121	1.9245359040923176
GEBVER	0.02791524600872375	-0.0029069458180193825	-0.31190264291715264	-0.10738850834009514	1.75899263774036
GECCEW	0.28324868622969035	0.1985498175879022	0.5900697171377804	0.0006061608557705878	2.0773199306805648
GECCOG	0.1548284107344875	0.09810614680806354	0.49389143653810724	0.09604536537520009	1.9229290986855498
GECDEB	0.2869707821154437	0.43984366873928143	0.051110401541442425	0.1804855814636252	2.477981972453391
GECSEP	0.27630572962651456	-0.0783762288330237	-0.366682091377774	-0.036118790538305925	1.9117568453368277
GECSIT	0.2058998012507609	0.44724802323157925	0.18186625976701315	-0.10115119012784247	2.5356320327831443
GECZEW	0.2902729654981835	0.41922621779529184	-0.5145938706377087	0.08489021320680515	2.433839581531725
GEDMUX	0.37026212074019593	0.0812550138069782	0.4469973886204266	0.1526391338953591	2.0353275385969085
GEDRAI	0.5462481792316742	0.1081101158183567	0.46004988375187494	0.080758871384157	2.2607240163144118
GEDZIC	0.19556299216413864	0.11353111540405292	0.6616445954734986	0.12229261834995805	1.812450998787524
GEFMAJ	0.03213950535225463	-0.2542539779307456	-0.5135388191894402	-0.12754075133574544	1.6083481451168036
GEFTIV	-0.04775113900409833	0.3817089203018795	-0.267559366996167	0.05824203800032032	2.0845421520632743
GEGCUQ	0.5308207266492291	0.004522391876639373	0.41428778304110775	0.141118054609088	2.0417416213369943
GEGHEF	0.4224252426937092	0.20760091564470884	0.16098546956375234	0.11663674572763516	2.221162472222466
GEGHIM	-0.10418264835633817	0.22050594914111682	-0.3518827564697786	-0.04129863416556513	1.8904166727372353
GEHWEV	0.485035330814652	0.5323087998131646	0.3875031357893348	-0.031400352414991756	2.8963390337163557
GEJQES	0.49630830818861593	-0.055372078699465886	-0.2518232022880723	-0.233008441990323	2.2862421784394535
GELNEQ	-0.03648145737288777	-0.566299317795151	-0.1932218438012318	0.24203001231467441	1.2047924008906716
GELPOC	0.43115460450129817	0.2793926427288285	0.5696747465645062	-0.030931931878543317	2.3885081037243157
GENTEY	-0.1089764049631432	-0.2253551052995859	0.13416468334463671	-0.13522044876876166	1.767681296664315
GEPCUC	-0.029744349994107022	0.5189516463640225	0.05279741787824675	0.4666582185508585	2.238318859017266
GEPPEX	0.12857164439999558	-0.32334794622032415	-0.4867508074687187	0.09386093337366958	1.4564628685180139
GEQTUS	0.07840941572092408	0.8074673848482414	-0.30805534401378964	0.31532311257146106	3.0147688586173835
GEQYAD	0.21189565262926546	-0.14350788976542853	-0.4583705424278143	-0.1112940928927381	1.8646414642675992
GERHUJ	-0.029377808369412506	0.06453699972140514	0.37730978223730227	-0.07692486394889139	1.7483266913235087
GESJIA	0.04422110413723068	0.019607886063728402	-0.12485284312730355	0.18873815137171235	1.6617693644745106
GESJUM	0.147692114979606	0.06962626802221406	-0.15372982136174532	0.24029133320371515	1.716386790154722
GESKEX	0.031040885504593163	0.23606097017696304	-0.22615904442609525	0.019453480966343584	2.084758103190047
GESKIB	0.2548591715199109	-0.07698552237124096	-0.01567423574603273	0.12264961093794208	1.7536433135244005
GESKOH	0.11985052897594173	0.0036343201309628897	-0.18539708313538822	0.15047228294722048	1.6619488331296086
GESLAU	0.13990105976077505	0.029871677629347393	-0.045300386782271496	0.29401931940554393	1.6455984667342811
GESMEA	0.0608028070445128	0.46815486295335157	0.2557884113341488	0.25493413289507766	2.2065859642498427
GESWUW	0.13398072662745397	0.7527653816680062	0.30408881386872283	-0.03404458106654565	2.878790261699991
GEVDEQ	0.7244099173646905	-0.5497666186881919	-0.012050142802219457	-0.02013960981803918	1.8412897299630644
GEVDIU	0.889673910000468	-0.7902473570454984	-0.4506553955651845	0.08399310402561569	1.574754940781911
GEVKAV	0.043687097863689406	-0.21500376184496756	-0.26114236802336227	0.05989528958646201	1.4995162899165724
GEWSUZ	0.32066594555562133	0.5806512972576396	-0.29623025746261716	0.1558471132625194	2.7335714019408486
GEXLAW	0.4784231982887235	-0.18790121974012647	0.2555423718472877	0.015111031819990989	1.8176908214491392
GEXLIE	0.46095196011963946	-0.2800322968004657	0.2517365166221833	0.0697716453693503	1.7161566969426878
GEXYEN	0.4993152063194657	0.530119014697463	-0.25941931294500503	-0.2975035107341715	3.4517147991631445
GIBBIC	0.4387273358054724	0.1863500310089507	-0.2390758748854715	-0.08416509088165157	2.4815403643975875
GICBAY	0.662246240487625	-0.40230673476916756	0.19108441840264445	-0.04709712030066369	1.9036736200980764
GICRIX	0.11774958151878501	0.675387064886587	-0.487577478343042	0.10511259076363069	2.934718498151592
GICSIU	0.48558155961788785	-0.1478349814554884	0.6998642362845954	0.147869373259585	1.843001911917315
GIDFUU	0.27968718251583624	0.22128478685577857	0.40569409750191154	0.10504474617903944	2.090021633603748
GIFJAG	0.4984794396979675	-0.22925363679835847	-0.12274559080850883	-0.3304904279567309	2.1631998920921607
GIGFEI	0.31275974512701765	0.06583841619239791	0.2521352528910444	0.23608014345909117	1.9725029240737044
GIGGIN	0.3869337534355175	0.29265813845454314	-0.3990126337100048	-0.13445256227020827	2.6157173148645
GIGHOU	0.11363573969812668	-0.17397963761271656	-0.42266136718453706	-0.14116371342277323	1.7361340819433055
GIKDIR	-0.2945767020595902	-0.12729014669445532	-0.6241760267887858	-0.06369271386801469	1.443797465343574
GIKPAR	0.3678969740831004	0.3345505276930433	0.2486323471676314	-0.02125232942518914	2.3424986162930983
GILVUU	0.4862967188583278	-0.3030837511826274	0.08873590454572518	-0.06299046758610373	1.8957865679545995
GILWEF	0.4742207135745069	-0.31960909973859647	0.08231927588642346	-0.03203859962311976	1.808789800369685
GIMSUQ	0.3619169132994058	-0.08444878806464481	0.6574558274081643	0.0494477983422482	1.8491925800106943
GIMVIK	0.8415499111726419	0.4442919485916515	-0.08125266565646613	-0.32313991361504557	3.502828439413185
GIMVOQ	0.5009258089810125	1.009103245064501	0.001413463971326731	-0.09093969587218365	4.145012431689906
GINHAM	0.33626218130349184	0.3125928699952009	0.6912708731819818	-0.24882069259184164	2.6265573899603685
GINHEQ	0.3352452614543413	0.1347709548035791	0.5895800567047981	-0.11471453842360863	2.203031068966079
GIPROP	0.48735176732719143	-0.20034920661338135	-0.31048129299532123	-0.3679561854773644	2.4153446936268663
GIQCUE	0.3052153602735599	0.34030854877930533	0.38155644315046844	0.19005110786262047	2.2676000716775393
GIQDUJ	0.1898781124557818	0.37597889576620896	0.7243253234066349	-0.06425245115925107	2.3270511123009445
GIQFAR	0.18536031723489943	0.4284123111859118	0.7223149716314626	-0.08663714912415205	2.3917946560970926
GIQFEV	0.24134930588763748	0.551305398670153	0.742549897293153	-0.08056221364291874	2.612893861927648
GIQFIZ	0.20006246265374017	0.382503607560141	0.7160896214013563	-0.06160888693564226	2.342325126131309
GIQVOU	0.4539653708909306	0.20912359968191574	-0.06600497197670221	-0.14860789096981114	2.39812802193635
GIRNUQ	0.41528396641452314	-0.36091658305160684	0.663041168884608	0.26112156591651053	1.5134609242307948
GIRYEL	0.42989767010937463	0.02741944957978265	0.438833440011148	0.19930172436116794	2.0277906183048255
GIRYIP	0.5199529352801617	0.0033166229609587344	0.28750759913426605	0.15152110482592837	2.0359859528415605
GISJUR	0.26211515151774556	-1.087446667959153	-0.26207243543581965	0.17575041351971815	1.37755114858476
GISLUQ	0.6435538442049271	0.1255597669178077	0.2028996878392781	-0.02617382853540775	2.4291204032029245
GITNOM	0.30339867831892775	0.23328695537734073	0.17156216563098273	-0.006946293831439937	2.260810338452285
GITNUS	0.3208400459946237	0.1844374158692828	0.17405901552318842	-0.015369238809244581	2.1883410635424445
GIVSEK	0.25107765710842944	-0.19706174260551584	-0.4605524906323457	-0.17356141725906107	1.7884753447741581
GIXPIO	-0.0729604668433903	0.5225303001309465	-0.4749253824736913	0.36576340416396863	2.544068137330718
GIXQAH	-0.11524399965453425	0.37052268517988274	-0.47917018168087533	0.2414606960907844	2.1041237901229533
GIYDIC	0.5376149694777519	-0.2611639919440377	0.13839318369759884	-0.11042278376936618	2.0089962545521116
GIYDUO	0.7127486819993543	-0.03385269937819699	0.3115219179360711	-0.15654317517819719	2.374475944229458
GIZBIE	0.1291807999774961	-0.43285082376372275	0.4719350859716988	0.11827334937277842	1.4516723587386289
GIZMUZ	-0.029746168063417233	-0.10358065607274974	-0.3543434607562901	0.25238953773997286	1.416642599851371
GIZNAG	-0.09329144710341097	-0.240739205453759	-0.5680442754376825	0.4042337594049943	1.264492538976405
GIZNEK	-0.11353613007692376	-0.044845330973573114	-0.6188144463649857	0.2099562023836521	1.4079682983026982
GOBBUV	0.37052795381983206	-0.23633579310149458	-0.23810793750030562	-0.23054700489994748	2.020329806284289
GOBFIN	0.39460267981718467	-0.04670940803365807	-0.28176000602037476	0.029482984466305262	1.9048109152238248
GOCDAH	0.49130600451746	-0.6787303987630506	-0.17768705827076264	-0.1822255327566591	1.8254169830655937
GODSOI	0.31071906574934083	0.5095941354577911	-0.22575083361291043	0.08944220939566613	2.6226449250217723
GODSUO	0.12379902401397702	0.43310280012561836	-0.18149649936959228	0.34392367835464077	2.2105993517299063
GODTAV	0.4876113335205057	0.46682052642639255	-0.2323404009988248	0.01999066421459328	2.795205737816807
GOGBAF	0.44709430666295	-0.322912334096377	-0.3302796302257669	-0.20429872246334482	2.112261070052564
GOGNUO	0.014608046240029093	-0.007197458932435619	0.222823331825548	0.06107604250942797	1.6936341765890057
GOGPEA	0.01887610109393334	-0.043345693427488535	0.37407040251763995	-0.0060616711113399	1.7041565775899903
GOHJIW	0.32385853399112374	0.21966128698580412	0.3800850603334127	0.04985827115597402	2.2831110972386734
GOJGUH	0.4668231430496945	-0.11744522136450927	0.5547563078512129	0.13265669203652536	1.7547036923884227
GOJZIP	0.2153618075597299	-1.202458440761797	0.1204726184015449	0.49899989844388554	1.2930763332394934
GOKTAD	0.28362624885317267	-0.15735386609103297	-0.4675253907540732	-0.10732651708423903	1.848675097911501
GOPROU	0.03674056872478104	-0.10644807575990403	0.45147603401822023	0.07702177479550917	1.5733610405111782
GOPXUH	0.363662753236321	-0.40373784822363096	0.1623222315085236	0.07413889302409055	1.6683692569704016
GORKIJ	0.19902037981187748	-0.2000033941101986	-0.4144948796622805	0.22352946374408644	1.4219532005726272
GOSXUH	0.38669329718660084	-0.11628718065173446	-0.3091405901739326	-0.283897754937189	2.185224522415886
GOSZUM	0.45389600133659425	-0.4856009946815368	0.01823853337903074	-0.02499869192386902	1.7007505676272314
GOTBUO	0.4001822323375164	-0.22279822121343254	-0.37737820382205994	-0.13102911976061243	2.031121844471261
GOTQAJ	0.33159391308831143	0.09841797023520629	-0.4398856068958523	-0.1600410038407494	2.407009217221087
GOTYET	-0.020165098977392493	0.36039694495163965	-0.02208411489055892	-0.17609946721325231	2.2136967549633546
GOWSAP	-0.03514729640083791	0.6347934338917898	-0.34001759007107224	0.04515997106175512	2.9028671703227173
GOYBIF	0.4120166534706593	-0.013917618154619033	0.5636118471831362	0.11545862205049681	1.99979644010903
GOYCII	-0.1550516076286459	-0.546834223927881	-0.5557884223909652	-0.07078863863539686	1.2183049403714699
GOYKEM	0.27939066225673503	-0.5258331598276476	-0.170188717896332	0.18672403920006891	1.398651539150599
GOYKIQ	0.27533811905360217	-0.5311062704227816	-0.14434526790110888	0.19620942050694168	1.3858561869603836
GOZXUQ	0.21539418682912226	0.45602033326606645	0.16755947856520537	0.1203041238390222	2.421329887641768
GOZYAX	0.41718982634821167	0.12909951486852037	0.09574867018713412	0.12622878511718053	2.1257685392156134
GUBFIV	0.02211559767838933	0.29007110435016475	0.12156488782825234	-0.07679080116146932	2.0419088543179686
GUBPEY	0.01650734951755295	0.5490264971946563	-0.5122884322949218	-0.34392174875564474	2.866883017602261
GUCBEN	0.35996843871384776	0.10746601854448129	-0.14486101704287413	-0.08147954482770799	2.023744754897473
GUCBIR	0.35530708708598535	-0.04152883119677758	-0.24537492983245018	-0.08633050927803672	1.8839384520120626
GUCXIL	0.18408142732479593	-0.15916658341327927	-0.4471648153742218	-0.10153880750062473	1.8200277552302877
GUCZEM	0.8700547445626281	0.40211057861777383	0.17237812119966867	-0.5401423952961646	3.395309589137599
GUDQIF	0.23184681005981744	-0.10823721031351016	0.21818428881078222	0.1008835983463674	1.7270304355053077
GUDTAA	0.3426633192286461	0.26822779507673383	0.6319359446297008	0.014044383142222547	2.2773652568368297
GUDYUZ	0.26969612432551315	-0.046631418116005394	-0.29647432738372337	-0.015340010821559759	1.9456614428373968
GUFPUT	0.521240709128505	-0.14148979800439648	-0.02753478052078158	-0.03416013956735066	1.996028601913161
GUFQAA	0.6081073290383143	0.1408262254662197	0.039419681945595524	-0.29675610944066877	2.88460606736768
GUGYIQ	0.7594145584986061	0.5648930537415169	-0.11412329225794765	-0.525154069153406	3.871807655392648
GUJFOH	0.6281133385356314	-0.22241007559862125	-0.1594820194445188	-0.512853190519007	2.4450151823949406
GUKDEX	0.20665070862844148	0.0841332212704031	0.1122237921747279	0.009548946073797956	1.9059359175626218
GUKFEZ	-0.13172394285515088	0.460155588157752	0.0023227011351118765	-0.12364584128231215	2.2618570426414504
GUKLIJ	0.4645005739715069	-0.10944751863471766	0.27658672668153095	-0.1152576179208098	2.19196444120728
GUKLOP	0.5489752804210619	-0.5093037016058372	0.48566840071159223	0.09432983257658192	1.7708603239308296
GUKLUV	0.4564874624446915	-0.3367698611925164	0.39795848307565795	-0.10978293292252321	1.9967996001685688
GUKRIN	0.2984341371693118	0.023945584508313605	-0.28829351911892737	-0.09956651420077418	2.0907144841111496
GUQFOO	0.6421405738858583	-0.059490496694663046	-0.20209814290237482	-0.2889266170707099	2.610982783015698
GUSCOP	0.5998134944392328	-0.7186934671653773	0.564457637374733	0.2188174536608506	1.666637596511545
GUSTAR	0.12958259311690457	0.3408749357923733	-0.24328988705854265	0.23458048419852656	2.1425646289311593
GUTDOR	0.2495058737089959	-0.1806730745662494	-0.4028849696249177	-0.15141269940613794	1.863089082012343
GUTNEQ	0.17164269105988028	0.007460643462878794	-0.08763590408820157	-0.04633119586000897	1.8963467334937698
GUTTEV	0.17027483526339404	0.1690452870337727	-0.052507069142615326	0.04451115789207899	2.025389564977091
GUTTIZ	0.03443836321354432	0.11528272912552848	0.06901161023674368	0.040310868352850956	1.7750286112890992
GUTXEB	0.11726563702148951	-0.35652320939924165	-0.34038893534413833	-0.34290903009486506	1.83234321481446
GUWVUP	0.5682296006929537	0.4751585812929326	0.35674039140184277	0.15818125437922453	2.9287856752261905
GUXTUQ	0.4601090614119876	-0.24312954441739487	-0.0703369698095836	-0.1159437788324989	1.8703389409052893
GUYREA	0.5088173451786826	0.25419858238434323	0.45056071476874154	0.031011797314805675	2.355625840944697
GUZCAH	0.5907660426640948	0.061614146671431974	0.01636292425922288	0.061586626207175144	2.193904949750891
GUZCIP	0.7427746124401988	-0.030133731405588685	0.285156148195689	0.058285865348879	2.2012852433090604
GUZGEO	0.2998738675890742	-0.3643088465895578	0.10767241808446451	0.06995992359965206	1.5943025497813652
GUZGIS	0.23680473168786031	0.10357204321116492	0.04984006732947662	0.20168648354242724	1.8604904788127279
GUZLES	0.6998328503707638	0.3930284911388601	0.07324464057283686	-0.4116718084363093	3.240336789677759
HABTEN	0.23369964334941518	0.217408304714738	-0.2640792819785265	0.23909559196557711	2.0246824235912064
HABTOX	0.17870460032940994	0.23498572493804215	-0.2772153535028168	0.24954459703306126	1.9900828446438457
HACBES	0.3842183725074566	-0.09329105991782748	0.6783895406632731	0.057535675257080726	1.8751901201236296
HACBIW	0.4039929114328382	0.20092826100121608	0.3475693385077811	-0.055489687131070664	2.320924613515389
HACBUI	0.407664508378482	0.16690456497582373	0.41642984170042285	-0.046729383179952164	2.2271105205426327
HACCAP	0.46174667104249156	0.012626650871796652	0.3175952760864819	0.011931444275420144	2.0726358451617983
HACDIY	0.21331776182297002	0.1435386366481457	0.603161111679927	0.03674762730676462	1.9916967484113504
HACDOE	-0.020925499805739545	-0.23029604191071187	0.12845923897067463	0.2123002798636595	1.428209609094513
HACGAW	0.20738197217946164	-0.12938162065693504	0.30539133925716966	-0.1427846890118768	1.8813403273542761
HAFHAB	0.0026263179616941024	0.07468982754310932	-0.5455664986886014	0.1840542136124375	1.634919182702817
HAFHIJ	0.24771093462759985	0.282490614013421	-0.3517066301598464	0.3767798237188472	2.120449710042099
HAFHUV	0.2208916967423784	-0.03208336048290264	-0.2942823882607802	-0.06018303571670251	1.8086191180919622
HAFJOR	0.0015735339507552126	-0.24990622593701886	0.30644244449509084	0.043529603087287885	1.5024656676706902
HAFJUX	0.0050528671254390645	-0.27608463798450983	0.2427414573688123	0.10572147395428619	1.4513636428543164
HAFKAE	-0.00330002734876933	-0.22503601231190623	0.2610513052164262	0.08491802095217074	1.484019848136544
HAFKIM	0.028419146296002396	-0.33516197919042956	0.1921111473750705	0.1276658314047521	1.4061543674492414
HAFKOS	-0.01735959960051936	-0.24589291974228497	0.1638899810654711	0.06804423399923362	1.4912028421381809
HAFKUY	0.028274728724159814	-0.2680800256023813	0.09602080299194046	0.1135422971506107	1.473905283749591
HAFLAF	0.19956162166752334	-0.08791608293129269	0.36475692521578745	-0.08822797582959513	1.8282109265684046
HAFLEJ	0.14938113261139607	-0.11225286349542901	0.4761015093529533	-0.08432667763214334	1.7947338847832452
HAGCEY	0.25922761553283635	0.3665403866334582	0.47412359889988476	0.17784903513589967	2.212943890847816
HAHBUN	0.3041100565378674	0.14901381146562337	0.5895742481333659	0.09916388539062093	1.9719723769341502
HAJGAB	0.36382361485381676	-0.46870481379554707	-0.3680724099979621	-0.2087104760702429	1.7342397146209878
HAJHIK	0.40427953561532615	-0.48953808635046214	-0.36703633852820766	-0.2141441111242339	1.7625722336657383
HAKDOO	0.6219252512877613	0.4319016474885869	0.18712644739677461	-0.43903729675433756	3.626014711659497
HAMTAQ	0.2693806484703467	0.23867504729666822	0.5069912332956311	0.03204027714971805	2.202685448449327
HAMZEC	0.2597364563708293	-0.05673841491415518	0.6194593470283583	0.18452742594892146	1.7396650283084194
HAMZIG	0.2586118006024334	-0.09835748692573068	0.6119053981558972	0.20487867178221614	1.699423686210566
HAMZOM	0.2936947888743795	-0.1540198855456194	0.6558501600735213	0.23041976152337734	1.6221645075796023
HAMZUS	0.2991853740669521	-0.11545157921896186	0.6303998202204064	0.1810681697954653	1.704545688537551
HAPBEF	0.42283903991057237	-0.19697644078011234	0.22800038727409586	0.025254100285772338	1.7309222191420797
HAPDOU	0.3760228893237141	-0.719535931405126	0.11137610279540341	0.17134338515940503	1.50245082501442
HAPSIA	0.34516203783860444	0.26275063067235777	0.17146990461727235	0.0886115878737013	2.258855438667438
HAQLAP	-0.12484793296149155	0.1807885993593223	-0.1506889226789425	-0.0788819455534179	1.802402833395617
HAQLET	-0.14502853827595086	-0.05046159219273197	-0.2069587807208516	-0.0948419361185364	1.4962270719982658
HARJES	0.4497314283753937	-0.3606123623571993	0.24133786556978795	0.059342075280840234	1.6964191600213991
HARJIW	0.41594498414893444	-0.15925976598129915	0.06732137281863178	-0.08441172137323515	2.0098243430804907
HASGEN	0.33134628605247407	0.10400501572758078	0.3603122522240348	0.005523741349582445	2.065628757405978
HASJEQ	0.33018147348406846	0.3921080708003513	-0.0965921668665399	-0.054384172059777566	2.468656652154917
HASPUM	0.6372729724214965	-0.19487697736187365	0.9568025872846969	0.26930768825218754	1.7318973067141963
HATGAN	0.04212019975869907	0.07348617998262841	-0.22016983734398538	0.039578954229180854	1.8347400368644258
HAVLEZ	0.33727937497910077	0.02168662923840134	-0.19575100520283195	0.013991794807269836	1.960457622752736
HAVSEF	0.24284808576622208	0.2487085095361396	-0.10331082936870592	-0.22123666827358812	2.4637493007930957
HAXHIY	0.3799165426629125	-0.6282747361978309	-0.17837451658018988	-0.05949642557812028	1.691448767507177
HAYBEQ	0.5097386157394972	-0.6966914368019996	-0.04271179584736276	0.0063020380928499875	1.5876982450564243
HAYLEA	0.38511240256026547	0.5879863310822646	0.012340160336932415	0.0697429557195941	3.051422087643495
HAZKOI	0.5236061934990293	0.1946459370191384	0.5332530619633309	0.10527490527394895	2.293220357527995
HAZPAD	0.56680660781252	-0.11520825063457811	-0.14933579382832024	-0.3593110149296728	2.5420924776996254
HAZQAD	0.2819723394974245	-1.167719917333113	-0.3210551357134249	0.33303017187480183	1.3326778945935305
HAZRIM	0.56543323716995	-0.6190686346264886	-0.007461190761679379	-0.15993250070085724	1.8622224615977006
HEBMOQ	0.3459000088004771	0.3682416874296275	-0.031083052792104243	-0.13151544472555549	2.6163191216223605
HEBNOR	0.25196541965102615	0.3142606379189417	-0.04101958711997805	-0.10912356133060741	2.360089259849948
HEBPIN	0.4107193266268556	0.45336089394364093	-0.20485400001269422	-0.20800481969795034	2.8724645352050033
HEBPOT	0.5381504609072447	0.5335225585621417	-0.25109500749318864	-0.35400921418631687	3.458304500692382
HEBPUZ	0.48394053859531017	0.5510423065997023	-0.2492392631170971	-0.33627453685957265	3.4209839847784167
HEBVUG	0.583938615859612	-0.8365607775342982	-0.4682826364925987	0.11442701262143776	1.4984350827954132
HEBXAR	-0.12182918173027346	0.6808170007704388	-0.4965751791876132	0.4252595593638982	2.5991499949687724
HECGON	0.4564363905477178	-1.2231389833849502	0.01865797206065041	0.3406439006770914	1.3362278507492702
HECHAA	0.6622720721578839	-0.7954315157111143	0.01871399544530107	0.16039930546697045	1.423992963282108
HECHEE	0.6944273954498144	-0.6801170202680087	-0.011709355103981009	0.07293642295755814	1.4859559189321219
HECVER	0.3543466321294364	0.7317513549390298	-0.07143422912672376	0.12016008706716846	3.228575257592619
HEDZOJ	0.5451499309488499	-0.34006827180295823	0.31809747773514696	0.026971694148511166	1.9262214308910808
HEHKIO	0.16473033573364004	0.663308482382118	-0.462235148873973	0.10294510971349044	2.9354061600465324
HEHPOB	0.28771760255677936	0.22788795959905483	0.642791411835375	0.10500915813658457	2.093218858746478
HEJXUS	0.653490032871435	0.7478145871902948	-0.21315133716194662	-0.31808503673251165	4.320684287505576
HEJYAZ	0.7029842943820439	0.7534659331322076	-0.2485996307135882	-0.3882311719415633	4.579660184803786
HEJYED	0.41046933535853114	0.8281493606665076	-0.10864726233134567	0.07472311402550152	3.8795772618939335
HEKGEM	0.5202548675537937	-0.38737339395497433	0.09434635806080523	-0.13734168225995397	2.0039872705493127
HEKGIQ	0.4097110751486923	-0.7691177613428184	0.2179241376795957	0.11755258965383553	1.6086851908132336
HENLIV	0.2324299814215034	0.2640249459335478	-0.26775952636649936	-0.1049423629766145	2.345147914094207
HEQFEO	0.39543364272910697	0.3716547775465241	0.7307566464163988	0.1377575057836526	2.400092002643609
HEQZOW	0.049608636700395614	0.8535670206123436	-0.5221641519296055	0.2700640635246501	3.1257352543518055
HESNOL	0.5093470112130891	0.017422946137415685	0.4959095098974449	0.10113113365280166	2.0262025397277412
HESQOL	0.2779160214076297	-0.16717585609541738	0.5880398886957041	0.1706254907059708	1.6264059573050775
HESRAB	0.517105066607872	-0.017411252361312607	0.5092994375091466	0.1047453073857762	1.9673273534553344
HESVOQ	0.08206954714158643	-0.44169658782906895	0.30358725542509835	0.358771447308826	1.2879190023737883
HESZUB	0.27749570501546206	-0.26009380033633567	0.6250210951657225	0.2647591845677582	1.5146822277124923
HETQAZ	0.4428407015700504	0.20689273379590367	0.3887517852634909	0.07132679274918671	2.2206784676753104
HETYUA	0.2991356166345449	0.25824891856019605	0.6151560136682251	-0.0597851789661109	2.294759354042893
HEVJUO	0.19939305435408272	0.14074725064806776	-0.06024562819541668	0.07309091751718483	1.8363687631785357
HEVKID	0.22604988909561197	0.6648300222674899	-0.22787076665581846	0.342015304195835	2.8139696065839184
HEVKOJ	0.038526011093500845	0.6796098785998994	-0.33804631028055576	0.2682990801833322	2.5687177778209334
HEVKUP	0.030607886429492748	0.5694572069897339	-0.44737170741871046	0.13324520468227444	2.4070216740269017
HEVLAW	0.16779039953689656	0.3568703409334583	-0.4744866013285125	0.18529385939479392	2.1081083687202193
HEVLEA	0.03567480250875921	0.6867765506907864	-0.33666994154627167	0.27790239671628586	2.5787642681611156
HEWKOL	0.4191405111184139	-0.02442993270853254	-0.06428941977860667	-0.10910689794631301	2.2201579591135716
HEWKUR	0.25253900234732374	-0.13032396058146478	-0.1356224694124787	0.0035844162034423394	1.7910943405343254
HEXWEQ	0.08949586509913088	-0.13396875208812564	-0.437108926939505	-0.068970674198615	1.6968932544517958
HEYMUX	0.4151037000903104	0.15671066037657344	-0.1928737047366007	-0.19186965636389663	2.5690083969136657
HEYNII	0.46064726644861853	0.5460133368562499	-0.3694297819551755	-0.1680034008709157	3.1248549746420355
HEYNOO	0.44858760880650994	0.5130378802582756	-0.34280984111742135	-0.15779521883283615	2.991267881732906
HEYNUU	0.4833226396961203	0.5707956569825445	-0.3729394080369202	-0.13296054503885138	3.269946699320841
HEYPAC	0.429880601085161	0.3999660253392046	-0.24837206880486795	0.12731805736817167	2.6438283738392014
HEYPEG	0.3349529814585299	0.5620446018958098	-0.33620944604848496	-0.024290472035612208	2.8309366797286115
HEYQIP	0.19070788559976215	0.3513260642236367	0.2967304936601218	0.1858657674986683	2.18792015454598
HEZFUN	0.3026491729951406	-0.04729712897456412	0.5710370992144882	0.16886475898565695	1.7205434964466981
HEZMUW	0.020666741733803118	-0.8596926027998426	-0.5650373462604279	0.3034463621826918	1.0703885003057285
HEZPUA	-0.053127467298309305	0.4907051710650899	-0.04159366417470836	0.6706904245894769	2.2212757244253125
HEZYAO	0.3456275148538266	0.3146615742385839	-0.45473771386145534	0.014173275165120652	2.5104578124195145
HFULFE	0.24818752660823584	0.214703707721628	0.627120347100245	-0.07289364362227031	2.166703770642186
HIDFUW	0.6712085146780629	-0.7842620157887872	-0.05384756549048944	0.0175377717412038	1.6555996714710133
HIDGAD	0.657565871395561	-0.4653501032043068	0.1968296670750873	-0.15443752737634114	2.0365063520074704
HIDGEH	0.7089282179325709	-0.10600947556518153	0.2200587856059106	-0.21944190650150722	2.463356443578212
HIDGIL	0.4986702545120121	-0.5348609521492891	-0.054420779773206945	-0.07677505276422933	1.776854883167526
HIDWIC	0.4109605085801107	0.054698986650426995	0.34524805401268227	-0.26063196987882775	2.3238471295579566
HIDWOI	0.1405499750406145	-0.012447212834232488	0.37710877218070543	-0.14452337208558005	1.9112040002910105
HIFBUW	0.04706800658379384	0.12912536992347867	-0.6449697487359651	0.08499854707672908	1.7885519204428824
HIFCAD	0.08063330342065056	-1.1696655913559124	-0.3126812292696689	0.4616386760213827	1.1971882837206513
HIFTIC	-0.010753572642413278	0.21943591934449802	-0.7793535581082969	0.37376526597257026	1.9660203698495313
HIFTOI	0.08894411013942616	0.2929682412522346	-0.733120697462693	0.22995145956800495	2.1683818085842654
HIGGOV	0.5588840655120206	0.15793109557964558	0.08239246973146745	-0.16092402578304263	2.577843348886406
HIGQEV	-0.1186419246897934	0.18524622280088587	-0.2000695459890015	-0.027653763171870085	1.7752498574573452
HIHDOS	0.309212448430487	-0.18232484707340324	0.6733242574767969	0.22423464996026693	1.5912535309851967
HIHZII	0.4098299155242744	-0.029436762151670612	0.0576977834619157	-0.2480976780553907	2.1523118585424226
HIKLOE	0.4957535398908952	0.28592890923232595	0.4663686103661926	0.007904312768395622	2.4573939526740936
HIKMIZ	0.4692053575519548	0.21446573585921586	0.6594477486190912	0.13388091603943356	2.156777655666927
HIKMOF	0.4822278295009035	0.20152543997886962	0.7034021816292994	0.14038429925790877	2.1938468809727762
HIKPUP	0.1639741662014984	0.16669675279255686	0.018546727683346267	-0.23196175996957194	2.0906087556074846
HIKQAW	0.040584903584651943	0.39616012263988626	0.12041184113043041	-0.3240680443424049	2.3455871155260946
HIKRIF	0.07924984542275837	-0.06775453582778856	0.412332964277301	-0.057837002511815165	1.7150442342990024
HILGES	0.14630948640950514	-0.1358738406516033	0.30329972760526275	0.02481096056051768	1.6381039555505725
HIMGAP	0.30965590333392434	-0.47307126409917466	-0.15026884458492723	0.12736992175059345	1.431563382420425
HIMREA	0.38751321424735696	0.24954820004919226	0.44652245058235257	-0.058370399917885694	2.2795523602682604
HIMRIE	0.38797123351248075	0.2028501261384032	0.48548985583558457	0.01963091654244166	2.0480460468415114
HIMZIO	0.3881032886652349	0.031182046139106107	0.0875611113420872	0.16069606702726447	1.9667617888263096
HIPHUM	-0.18291306844570787	-0.1278272712404616	-0.477948669038486	-0.04625718377852142	1.486046998043786
HIPJEY	0.07460686749636602	0.08612628773211664	-0.11419685027180762	-0.10056393184183077	1.8614878566288726
HIPJOI	-0.09046544080132923	-0.1770087075002312	-0.5352529989189962	-0.02194311246524549	1.443595672940595
HIPLAU	-0.16927741440704613	0.5722160475577147	-0.5214911364086013	0.46606641486562134	2.319970358910307
HIPLAV	0.10598545036546891	0.5557479897265423	-0.41184618941604123	0.1640230865036689	2.587872873863421
HIPLIC	0.321406748832632	0.6326986807846158	-0.33311215843894404	0.43072523785088507	2.9645664097738456
HITVEO	0.09093246289237111	0.41412434872212894	-0.03806118098434297	0.02398299503515426	2.3365930036248845
HIVGAU	0.6345273648774583	-0.3207729335830327	0.1732467048340307	-0.16125103359752063	2.25368070708846
HIVNIN	0.3096217891615698	0.059607783037111145	-0.42055090289446573	-0.023900024155379368	2.1002516967074354
HIVNOT	0.26613168794663	0.06232237283241304	-0.43261144639856475	0.02220230751836702	2.0627622933639684
HIWJII	0.4672867480694638	-0.3796642567539204	-0.24366622009043565	-0.2455492441605059	1.773535923070658
HIWKAB	0.4780264183775067	-0.3858328071750199	-0.23268334041240052	-0.24154756977586758	1.7765907424067358
HIWMAE	0.03505549480510384	0.1505145924091325	-0.05137326441458337	0.2749199494474927	1.6985140102644718
HIWPIM	0.3723235904894091	0.03245894953665507	0.3123055124004921	0.14243645647695483	1.9880891657047095
HIXLUW	0.4105701953316272	-0.037309229869552554	0.4819416674104545	0.17641683355477886	1.7503751256313704
HIYRUF	-0.061307372701882024	0.3523151256362923	-0.19912899050617366	0.016437459137292665	1.9539591326740413
HOBGUA	-0.1043138176473346	0.30896327310324245	0.09612755689478068	0.0038370694897738172	1.993367530784391
HOBPEU	0.1229158087772988	-0.21004435280195238	-0.46411887033710253	-0.08643580914547062	1.6915577799662904
HOBQAR	0.04780045489334217	-0.23906503306118707	-0.5096593699869345	-0.0821969358756363	1.5359209677840489
HOBQEV	0.09647947658430844	-0.21027272617812004	-0.46601017005362966	-0.08020307755447184	1.6617125321596677
HOBQIZ	0.08732682617804777	-0.21142368043046916	-0.46328616814004697	-0.08115210566669583	1.6531659026359227
HOBVEB	0.1959806749878905	0.052978690326338396	0.003806507877845408	0.1834559013619314	1.8085718924898095
HOBVOL	0.24028978873792006	-0.02707793008151836	0.005629096171138048	0.11795565899522847	1.7933117663987648
HOCCUB	0.33888101799445014	-0.5896204545349575	-0.05999379412412453	-0.197298447233545	1.810869688227899
HODVOO	0.23942797767508495	-0.20206824811487406	-0.4681491298950201	-0.08877668827980237	1.7847544803181519
HOFDEN	0.042799218932115135	-0.22341536015616453	-0.4331789284028005	-0.13482675682067682	1.672057586478814
HOFPIE	0.01881487192362208	-0.07116765562533414	-0.4695342466841952	0.031825827937328924	1.5794497490727732
HOGFER	0.35576927051379315	-0.5508465087501924	-0.08664317653865666	0.1263238051461233	1.6797593775193502
HOGFIV	0.5999449174897942	0.4334178720716763	0.04351998182668839	-0.2597856763750076	3.3231051854552325
HOGMUP	0.06504176627204261	0.6038577051995213	0.6319240485196668	0.050093700651601666	2.4942620008902914
HOGQEZ	0.67574359451541	-0.48814160174569265	-0.0014925528598568882	-0.39467388249481306	2.069756231563007
HOGWAE	0.19721461582901645	0.5680140108601996	0.0006269051013803734	0.36103151473862904	2.481456950987357
HOLBOZ	0.4999327531985136	-0.24385351943479153	0.7658525731549012	0.13438533347571255	1.6799381994140712
HOLBUF	0.4682926141975594	-0.2785118585207581	0.7211985650353347	0.1854768829741812	1.625219935728444
HOLHUO	0.5869440680541267	0.37429367852998796	0.17797002657119315	-0.43598925449798587	3.4449923828306117
HOLSIN	0.47446171157701933	-0.16674972421153694	0.1485005615160785	-0.09741296329008975	1.9990473947415865
HOLSOT	0.44111878268868754	-0.6249562103914015	0.21254921802708776	-0.017756792462189135	1.7786121905304015
HOLSUZ	0.4500471266803103	-0.5081103814089462	0.02699710651471321	-0.1477219105529435	1.9065471023272904
HOLTEK	0.443217505211714	-0.622557106798634	0.21378341333612594	-0.015383963356875134	1.7760116535288648
HOLTUA	0.4512589669713325	-0.5104958124055492	0.03235262265500688	-0.14309278889059657	1.8954560818459143
HONJAV	0.00805977179446149	0.4734144139739212	0.3488642272077924	-0.2659988235416172	2.474059568772038
HONLAY	0.30848201288447985	0.10833111563729622	0.903124497404092	0.06357989940235709	1.9404662531788155
HONNEE	0.2887658569824376	-0.45673665603623387	-0.031899330025606534	0.03338560605056888	1.4698286854358176
HOPJAY	0.04846677860966686	0.7006302505619832	-0.3586819118012677	0.11120734277727617	3.1550180476796954
HOQFUP	0.6566458794976233	0.2391061609991928	0.3693914246499433	0.07384240857061086	2.5629130687962456
HOSRUD	0.4807172516109848	0.32982942683095395	-0.11227464874538756	-0.3680688033053248	3.2567161704374614
HOXMEO	0.5674078476268312	-0.29901193562153305	0.07724903941237792	-0.2166255859811149	2.1039933539599187
HOXXEZ	0.7003298603859509	-0.4268759267009843	0.35699518155966103	-0.2687774190497138	2.1728037347686744
HOZRIX	0.28753581454785415	-0.8175098592973677	0.5324894660280888	0.4516805220005959	1.1870028522013418
HTPXFE	0.24122546949246626	-0.0491773334962089	0.4564910303806746	0.07184333689983702	1.7635217775566847
HUDLIB	0.27754887417455354	0.5722649130360662	0.356558941224064	-0.4649946841391687	3.1870249279127316
HUFCUG	0.694257397457136	0.7461195207613258	-0.09377318941985816	-0.43777594263155384	4.460063329771392
HUFDER	0.7249845069312686	0.3660307621228744	0.10303370890931478	-0.3538971996849721	3.149783045951507
HUGFAT	0.31716691727936386	0.18358418968906315	-0.17374672410716552	-0.54923982230001	2.610187984636234
HUGQEH	0.09474856136400556	-0.3154479319740197	-0.48652215379033725	0.4318063546973479	1.3239592699242009
HUGQIL	0.17105539147132554	0.05389656276782498	-0.30815068687878816	0.19213515594192104	1.689449584526724
HUGVAI	0.19713448213730445	-0.017575701223683793	-0.029114973866918206	0.04890078296892897	1.7959440276165597
HUGVEM	0.25377312643746386	0.01756323951921776	-0.010632763017721675	0.031254792389804636	1.865753811218412
HUGYOY	0.36593714990958315	-0.14844965420750328	0.6984163278631252	0.10083488194054815	1.7527787704019075
HUGYUE	0.3866002754530058	-0.17441666563635605	0.6760061206661885	0.0876226666812138	1.7579032909418033
HUHHEA	0.3354007536649046	-0.21894829332196003	0.1587699322465541	-0.10355963984152955	1.8023929368710558
HUJDEV	0.32372188731969764	0.18845057598061604	-0.11324081072705144	0.4223677411349803	2.0521445082098024
HUJDIZ	0.28722276447273654	0.02155650359607489	-0.2520394424879206	0.5769911978272444	1.7704800028117686
HUJYIW	0.36439978463682543	-0.10272407290575446	0.10484651831625515	0.0893358787029053	1.8343541382923263
HUNBEZ	0.2639610934462313	-0.1679035340095524	-0.44643211832199037	-0.20079230198844314	1.9181423733738079
HUNKAE	0.07548520114159629	0.24682234144901866	0.04521874327068373	0.01001957438874125	1.9515963277313486
HUNRAL	0.06655786784706486	-0.10117385917831592	-0.3394607632564704	-0.0487610766138442	1.7847598736608918
HUNREP	0.26131153698255627	-0.4010746148609783	-0.09217731697210257	0.09598388385522713	1.5633284138614771
HUNYIZ	0.45555655294740216	-0.25910456437851215	-0.22040245070328168	-0.2979349494326769	2.126951079887763
HUNYOF	0.4382961460604182	-0.258727804166895	-0.22392948532576612	-0.29831242522196766	2.1159400955314487
HUPJEH	0.6564958508060501	-0.03523746180368556	0.5311331131309258	0.11827313277670273	2.0894956049252347
HUPJOR	0.6298839231446536	-0.09183465404326335	0.44945614833076075	0.07952403087383725	2.077339639590356
HUPKAE	0.5850728287162674	0.18858046095160114	0.5338544317852183	0.042083895537561936	2.4049255277328423
HUPKOS	0.492643858450176	0.04988770832016107	0.535169175640773	0.1235364684721105	2.071899433590438
HUPLAF	0.419518970923181	0.10935483987138861	0.39915378558768244	0.07802674681031649	2.17095177308858
HUPVUJ	0.31815131478789116	-0.026865193880791505	0.17079179930416796	0.32888136192022993	1.7908949553130973
HUPWAQ	0.42832053846442	0.13728869865922427	0.34859526231654386	0.11302751440379716	2.2411406343132647
HUQHAF	0.15716809560715905	0.6225385595069912	-0.506752896911079	-0.11879571389568855	3.167034100815238
HUQKOV	0.5391047866865506	-0.16008778803601684	-0.1482594390139516	-0.37477620339628887	2.4327165481940103
HUTCAC	0.7156989374402674	-1.027142716697311	-0.6057191843301563	0.01457518630854486	1.5373492335695633
HUTCIK	0.7185858428470624	-1.0181092011815265	-0.6231007187089141	0.01636412092966509	1.5304362991642928
HUTCOQ	0.7147811494254563	-1.022239622113459	-0.620487975887306	0.020118112154262985	1.5261293237156348
HUXWIH	0.6014542384027104	0.15236378553847646	0.23993599270423774	0.14668917413456203	2.3191616369233294
HUXZUV	-0.05409221098381245	0.8340925775140049	-0.3389944454283458	0.3399954249031182	2.8816165205255344
HUYDUB	0.372823874947831	-0.24766334474902246	-0.2816097814961509	-0.0720557078667678	1.8159396652354258
HUYDUD	0.3643329127555939	0.06250500614055274	0.299514931886713	-0.07581517235321884	2.134909708354297
HUZLEV	0.21513805081253823	-0.05876328923157411	-0.32787606219187726	-0.08547192208586919	1.9448345851195703
HUZMOH	0.24028746480828556	0.19276011829744	0.5453530964046258	0.06463452499554706	1.9926069882862159
HUZREB	0.21526013261478605	-0.03244615142065378	-0.3741081117864363	-0.1252911913517361	2.0034766947216593
IBAWEO	0.8922625406122462	-0.8875596922189164	-0.2741278754592189	0.24202586180294794	1.5108942570983577
IBETUF	0.4838343496556048	-0.9702690775946143	-0.6097864856614367	0.09708343577534828	1.4101388774453072
IBINOZ	0.041212777250472676	0.41366413679781594	-0.20606285282475223	-0.2576019746837903	2.355986594977905
IBODEK	0.6015171970592492	-0.17940939453271823	0.027266082157208035	-0.3999331131486201	2.6520146622574785
IBUHOG	0.2829058183727353	-0.055698394480778395	-0.3154335190267556	-0.18643818173152535	2.0243320140813217
IBUVUW	0.38297729388845525	-0.6622850548812678	0.2268512989236155	-0.13737151440206152	1.778417088352393
ICABUN	0.2054690376536108	-0.3700568999811255	-0.5369502250110726	0.5899549423299433	1.3711697584353493
ICACEY	0.004512755596551621	0.025321659184862927	-0.32249563137836545	0.5901571131472789	1.576565659659776
ICOHOX	0.146416946698245	-0.18019120110366874	-0.4197856693462255	-0.044760825332561	1.6252130245673997
ICOLIX	0.2853239506145462	-0.49438436172388567	-0.10392060935518899	0.13162532928543477	1.4131863018430284
ICOLOD	0.27414172949371896	-0.5193954756922707	-0.15152731530279817	0.16332385912391603	1.3691151085995572
ICONIA	0.1260170992562566	0.2967879328104778	0.006866660188888443	0.0891465129985772	2.0942852125548614
IDADEY	0.05848994286402753	0.11425689921500037	0.10210000838299464	-0.11447625863898517	1.9979071870398202
IDADUO	-0.19249958894548502	0.13684449629206985	-0.27743854137090296	-0.2195412863176246	2.003537947333633
IDAFAW	-0.002834302203457373	0.3096289781626354	-0.49915138939964476	0.23226237329768457	1.8921958297505264
IDAFOL	0.402618133381643	-0.18886102414903364	0.055948527978648625	-0.06394392435574094	1.9493092492111295
IDAVIV	-0.09586179834300879	0.11113530638145161	0.001044622001759185	0.03858133391165404	1.8115090829926874
IDAVOB	-0.10832389210319393	0.046305605941268896	-0.11087424848518038	0.14290155290126452	1.7018809162626662
IDAXAM	0.43298640819911505	0.023955730430582495	0.06300023426376611	0.02142273670760661	1.9788493661148951
IDISIY	-0.009331732427445338	0.2621072500582592	-0.38746557565894435	0.2295757589859293	1.972154583780572
IDIVEZ	0.4621046544121423	-0.146858616520721	0.7019084824323218	0.1396786871147026	1.7240334536062039
IDOROM	0.29488124006356653	0.10146423804952312	-0.08166637848724162	0.1172267053441581	2.006932310241589
IDORUS	0.4798941835029611	-0.4044895098024731	-0.5117444091067315	0.23020479897213997	1.60461347677546
IDOSED	0.2186995348025751	-0.03083006776755623	-0.20639181895752579	0.135367862798785	1.827372436519234
IDOSUT	0.49276456305167127	-0.5121650999329316	-0.7288693443230633	0.1439516477201078	1.526405631918917
IDOTAA	0.36949436305907746	0.04448576584551972	-0.16369453992804733	0.06353204130020232	2.0629300742116548
IDOWAD	0.5971930361279414	-0.5204212942673685	0.05995039520034673	0.2041183965568329	1.6139617365955041
IFAPAI	0.10404197192357678	0.4807783443802301	0.2548962492019285	-0.5844174334642396	2.7113591186910346
IFEXIC	0.21226206615721166	-0.3507273020967133	0.08590760229206347	0.11551907474737996	1.6135169360078774
IFIJOY	-0.025429921681620282	0.6610364261246446	-0.4890534943744237	-0.4746216298680154	3.2646894025347413
IFIJUE	0.14654851759414944	0.6684747457770761	-0.429420863905251	-0.5084427079645248	3.416565878367913
IFIKUH	0.5894042871467953	-0.1849605071180755	0.0703002263598062	-0.2159589611800025	2.1204127691710934
IFILIU	0.5319144617745817	0.2056962277360328	-0.2770171943282284	-0.11179972072395464	2.7786069208849637
IFIYIH	0.5381273142404455	0.25325837120685124	-0.11557733416141472	-0.18131930532264534	2.705553048429087
IFIZIH	0.22226165943865572	-0.0841181462374031	-0.3187922879795941	-0.44871784998241926	2.242536315721914
IFODIR	0.34136780390026367	0.06935860658442508	0.041389064570926	-0.11590323911448994	2.1386225776624728
IGAHON	0.2294892919535254	0.5686646625059495	-0.3761259072687848	-0.23750847806450062	2.980510499485866
IGERIX	0.37783118383921455	-0.5988796918352411	-0.21426548886480112	-0.253152331254793	1.8761344170845808
IGIGIQ	0.15836953399388287	-0.17379129692735945	-0.06676791635326099	0.05525385043918629	1.6701461631895103
IGISOJ	0.12599674965818686	0.21643117201988593	-0.4387058301289286	-0.1463475774483976	2.377332026900783
IGISUP	-0.12947997495194352	0.4921710492418447	-0.45890753942772267	-0.28268866009087984	2.616080665807104
IGOBIR	0.3974064343799757	0.3441266527524021	0.49521730127139985	0.06112090384742225	2.3725284931944954
IGOBOX	0.3304446024523191	0.5232182977325135	0.24092232186430446	0.01479505962860686	2.6522044119406325
IGOBUD	0.49098262382699165	0.26336058238345683	0.4088479577380308	0.08614249847317182	2.393033712532187
IGURAF	0.7017256204496629	0.3608739609095701	0.1159166827855318	-0.32867299652982623	3.1627247508536342
IHEKEN	0.620567466302619	-0.5509501060130374	0.5580520983245307	-0.07770576736999325	1.7544485089504467
IHIREW	0.5498538459549769	0.2435843086487765	0.5115240498997988	-0.010250199112676404	2.5042767927884944
IHIRIA	0.4916211058987914	0.019012442717010858	0.2095107122630141	0.013304186522221567	2.156078220036365
IHITAW	0.623741665553033	-0.4931112774069291	0.30284696636008457	-0.28194530433092124	1.9932901035690946
IHITIE	0.5673582070223047	-0.8636084039762344	0.13651893372782503	-0.03926538305202976	1.7218121317503599
IHIZEE	0.29922282803702593	-0.49651833242854776	-0.16159421531526108	0.11232229649862108	1.4299255710949876
IHUWOY	-0.20504272927040423	-0.1915749623437978	-0.7153105327795021	-0.1538200683993301	1.417940383511596
IHUWUE	0.3442553225377223	-0.3519603030890127	-0.3764526607681386	0.04714776721963969	1.599813192200264
IHUXUF	0.6586660208726505	-0.10637849622684412	0.5530412495897603	0.12859122553927183	2.0544037385114877
IJAZEY	0.39918200731789	0.09359036309017355	-0.1087309859659597	0.06152626737935857	2.062270486739733
IJEZIJ	0.38599432506922327	0.2954124429371653	-0.08313039311269835	-0.1564064161833244	2.340836729965548
IJIYEG	0.5173618327060394	0.45454691903794636	-0.07945777373353194	-0.13827670056133756	2.8291025499499156
IJOLEZ	-0.28962309921220797	0.04331762861059821	0.20693610248016903	-0.2628770959073435	1.6889931854585658
IKEHEO	0.80929241218087	-0.0016752988835367771	0.2399621900188499	-0.36607200077914226	2.6146292721261584
IKEHIQ	0.16353303773650962	-0.1468472071783274	-0.45135181601266816	-0.08805363630007149	1.800773705998177
IKIGEP	-0.07256896205448049	-0.9599500157976386	-0.7410322741300435	0.3460161287302361	1.1454018601557239
IKOFET	0.3225247407033436	0.23656625755866678	-0.10992149012142877	-0.42894333495124887	2.574462311378856
IKOYAJ	0.6645595478144619	0.24565625455193058	0.4120082532333513	-0.040947401186523624	2.5650050853371096
IKOYEN	0.42252618846112444	-0.1510088350350135	0.05963213273817897	-0.08090334401112595	1.9298456027531405
IKOYIR	0.4231935330130234	-0.12933695494924383	0.04109549200933597	-0.09801918378811073	1.9777633069127654
IKOYOX	0.35443362711795423	-0.28705360936449076	-0.2631937664505383	0.1673234753235956	1.5707076857024314
IKUNIN	0.4820219238178822	0.2932721274839993	0.0004266137046913948	-0.1804661366848841	2.7507219189112186
ILASIY	0.3695273050440777	0.07740843780252257	-0.054312593116760205	-0.034122569722971355	2.166819776345398
ILASOE	0.3682284217825478	0.07741235128202129	-0.05676475842848369	-0.029306862030087782	2.1616739923836756
ILEKIV	0.8989895847212228	-0.7044726650773381	-0.7252713658908713	0.07681270006992785	1.6595585332955745
ILEKOB	0.8624575616617518	-0.7392494391168036	-0.7749369467883332	0.09785534251900685	1.6091278053996012
ILINEZ	0.0745691369131185	-0.002786120795163813	-0.46649874576661166	-0.039082007379416195	1.6723871191165107
ILIWAD	0.4054806829919446	-0.13321925658649617	-0.20228477899161285	-0.03486356907343781	1.913231013341904
ILOLOM	0.462061075607596	0.5252331257531782	-0.29116300563778225	0.20787345821226572	2.923517532871871
ILOLUS	0.3317406975367838	0.4812918775955793	-0.33529866693315497	0.257746091363498	2.551508181687482
ILOMAZ	0.37890467309475095	0.17756757815824248	-0.3051006530355194	0.040501309165482904	2.1940286730045697
ILOMED	0.3657077204620087	0.23165345330105408	-0.2837629134784416	0.04409754069432745	2.253813209688485
IMACIK	0.2012784163529755	0.2599201445336167	-0.17485032433905534	-0.13587585254011708	2.2182867636806654
IMACOQ	0.23715492278901307	0.25154273245100833	-0.15603912932504746	-0.15953289971965237	2.3147357335228955
IMAPOC	0.4710522037649669	0.21845852812435124	0.01171122925602866	-0.24920550788414983	2.6731756203650896
IMAPUI	0.4623303410734563	-0.0320364696102914	-0.05635466986923024	-0.14736968887131618	2.205827011332233
IMEQOG	-0.03588777756371497	0.49988044085889977	0.4209739662857735	-0.4377906338416835	2.43360227717395
IMUBUP	0.31914516233821644	-0.4362451143987692	-0.0604266487957362	-0.04091732300910913	1.713112084876186
IMUCIE	0.1292791616583946	-0.2603267885241725	-0.16000789516392044	-0.030153301638173688	1.642312414009397
IMUCOK	0.11172088082922516	-0.28381863126140716	-0.17325270061348425	-0.015786883462599523	1.5950537513380016
IMUDAX	0.248668159796666	0.026259988024841363	-0.04278060915612544	-0.17227257350202013	2.1624876161963993
IMUVIW	0.5180752593923419	0.6511742689962405	-0.016373812936446533	-0.23856637099104736	3.477629898011177
INAMAO	-0.1846909372610006	-0.9869801442029005	0.384479780929844	0.6399198722871893	1.1913521577981407
INEDUC	-0.05757520541442762	0.25107073574116123	-0.541474571667673	0.4471597219942581	1.8280200711966408
INEHIT	0.4552782271282858	0.4802642475276983	0.23355035430096113	-0.09349678246252047	2.798880456335833
INEHOZ	0.5077296913319769	0.09203566086192658	-0.01475519910671945	0.11750616042545015	2.281018970740986
INIXUY	0.15149239896389455	-0.13160570392164983	-0.42195702252847644	-0.03737483495184911	1.6688689542030999
INUTUH	0.14622271027181633	0.4448332982246171	-0.10035414699526568	0.25729712178618164	2.254360195681719
INUWEU	0.27473876450515355	0.5548406921370501	0.11555059841290048	0.278021642648725	2.5137778402410498
INUWUK	0.20780610061490057	0.47463406381492795	-0.1591036057553928	0.39717860628253576	2.361331465359053
INUXAR	0.08235301622411484	0.5127459839199149	-0.06079898972884393	0.22553922270425197	2.3239322881296074
INUXEV	0.35540805132610753	0.3504414640561762	-0.2328378507892171	0.39426684601243517	2.424845580363535
INUXIZ	0.1120130909444077	0.4548267650382212	-0.10199582966787207	0.23764192903226572	2.2488790369353646
IPAJOY	0.015540929765882172	-1.1288168558968497	-0.37477286227743206	0.24699888365522393	1.1908090344748308
IPEYUZ	0.11484308140403066	-0.2844903396802032	-0.4009764527320219	0.015888095768512175	1.514826535293921
IPTOFE	0.26349788501082205	0.09381209014359118	0.5840646917393926	-0.01264550937764336	1.9136217776360014
IQAGOZ	0.1566120169732943	-0.23879834324413818	-0.5139174070374231	0.08587108063724597	1.4622245764959012
IQANIA	0.17085797050130758	0.2742897311578553	-0.43729522169289126	0.19290185062008353	2.0113611773114375
IQANOG	0.2920577282848953	0.20986403493175798	-0.2714973095182798	0.27283924415398275	2.013992183234559
IQAPEY	0.18930869135813255	-0.37923958397472907	-0.3690039420508894	-0.04741235257275734	1.5664688759173009
IQAPIC	0.16220125713262412	0.09637178808280544	-0.3996164154952793	-0.2100772578850563	2.0713994781110237
IQEFAO	0.7445245495171342	-0.7208962375424441	0.07571048215249392	-0.05539735163367909	1.8117827523314305
IQICIV	0.2218932308510988	0.05370626836513148	0.06339402794544019	0.20856457350674185	1.8323329940253892
IQIGEU	0.18466784572177808	0.2849181005623637	-0.36981470387900295	0.510950510309133	2.1603902341417274
IQOMIK	0.10211617741362922	-0.9640652734626975	-0.13740487071978236	0.3945357247915144	1.2139839025222645
IRAGEQ	0.07894560233812031	0.17927159766676526	-0.32997929270399795	0.49045383415483795	1.8448280818060703
IRENIF	-0.17711023050888164	-1.2038319566015203	-0.3379049803388565	0.4104561633713921	1.1772249884764203
IRIBOA	0.30406338156928303	0.11027411945026927	0.13256171961002103	0.03903701461678154	2.0553456004184545
IROCAW	0.5765088674529988	0.026152531272911506	0.440227882486303	0.043356112224039164	2.22332643449925
IROCEA	0.5054298056121622	0.12274635161627126	0.5354217919386874	0.05492439698141319	2.2047832272866428
IROJEF	-0.13801428032627605	0.7050743763292087	-0.256042797962927	0.17997267856796245	2.5720757933903196
IROMOU	0.6096663269455229	-0.48970772912893895	0.48440009059316425	-0.154668168968684	1.8128769021961224
IRUDUW	0.11258202165819187	0.5474958099087561	-0.33014085581976227	0.1896227286328846	2.4020422698501425
ISEXIO	0.3418613866210105	0.40549637798310395	-0.35780232700699327	0.2198759569356663	2.575553579252566
ISEXOT	-0.2691653536380576	0.8090223694575058	-0.42690936333928764	0.4581970233953731	2.6404910435571893
ISEXUA	0.724165392572564	0.5931923003100696	-0.05979740667170566	-0.15564260259818913	3.9841256248047943
ISINAA	0.6801879178634227	0.29290756716577343	0.7103643668785862	-0.01521341016800331	2.607478465750625
ISINEE	0.6990395558119191	0.27299039309261053	0.7010577876351384	-0.006565190090270748	2.6175630093593805
ISIYAK	-0.015153422182610399	0.3510555721278813	-0.13193387681330335	-0.308602145217899	2.4954874183747626
ISOWOC	0.38018623129603224	0.01337456449886959	0.5302081756754153	0.0218863272502704	1.9338970875518504
ISOWUI	0.3754696538308444	-0.10232639461508646	0.6463632639575194	0.05221240822672844	1.8056056923740997
ISUJIS	0.158282212743726	-0.1772756500488465	-0.4950895122749832	-0.12709547938758814	1.792611661290604
ISULEO	0.03518505937373284	0.0037872276118364606	0.2738860977238184	-0.1930916945996189	1.8778842603545558
ITARIF	0.39729529741908465	-0.305990476738478	-0.23867728016737083	-0.008789387833091467	1.6841507018219861
ITERAB	0.6197929770849626	-0.03778068840471578	0.25447900560614045	-0.25437892379697946	2.40262753592129
ITEREG	0.5462191392433349	0.06155403350160624	0.3839761088170782	-0.2902220226899279	2.4170291000585364
ITEVUA	0.616363111473663	-0.9973531986596023	-0.6767183575455081	0.11482178721975081	1.4133439656316689
ITEWAH	0.6166122827473348	-0.9965799388858578	-0.6761010993569416	0.11486479641132863	1.4122458617187612
ITEXIO	0.40012895389519887	0.13361685172979673	-0.342689209635516	0.19985914761965717	2.0958447082599134
ITEXOU	0.36345151040397905	0.2353892701594002	0.02470352294001736	0.0864461347697823	2.1070162378154595
ITIXAN	-0.18065581485763493	0.590719451849955	-0.5127284384003418	0.4825705444307488	2.3672508422441005
ITIXER	-0.13415760718681335	0.6150567509054647	-0.4680012853157862	0.17945941710978874	2.4581111578874504
ITOKEI	0.6228410549942645	-0.2334107031263153	-0.21292346858234368	-0.3144888842102904	2.346608966914777
ITUYAY	-0.16467999197697747	0.7665134130014535	-0.19642692251241778	0.25522852649617456	2.5915220759489976
IVANAU	0.46540391562910344	0.2829188532020557	0.45073498105676085	0.01790480622882168	2.403437842670596
IVEVIQ	0.49386010027176486	-0.04858208727917379	0.4683609873882137	0.0725389859092497	2.0859469192659725
IVEVOW	0.5058336687987444	-0.02481642854634622	0.4573377347353941	0.048933582896241085	2.153242350881113
IVEVUC	0.5903182964831881	0.16285730859047637	0.515919179916585	0.06819469342888676	2.446614357058845
IVEWIR	0.5134109462380705	0.17127743687901742	0.6260804526333056	0.04498214394805669	2.3035799770800693
IVIFUQ	0.23128520321915724	0.5554160200195319	-0.2338627400488827	-0.06397880728395403	2.650263092144877
IVUMUJ	0.565800163089814	-0.02129329427447152	0.5065307451552084	0.0764772277304866	2.0480263505448804
IVUNAQ	0.4443401887535723	-0.07824098998875667	-0.06502420995962441	0.2706753790256967	1.8219733902494955
IWAWIP	0.12979440462721525	-0.15902852175208765	-0.47692090240713136	-0.09512023286703555	1.7515173294518211
IXAFAP	0.0736983262114772	-0.6004130618195929	-0.4289876793968196	-0.06512230526091173	1.366581778868613
IXAQII	0.43464672532713955	-0.21907361517168067	-0.21375347384216725	-0.048477314797898574	1.6545325931454644
IXAQOO	0.4560048460067767	-0.23266479731767886	-0.18370776996863097	-0.044004812613089445	1.6429276893355196
IXAQUU	-0.03156405902321646	0.6080125199141999	-0.3721050480557914	0.2761699010350555	2.4949141970428297
IXAREF	0.4913216551292052	-0.11034834640236711	0.020221540502469812	0.011163201595686345	1.8444370564620443
IXARIJ	-0.14896036110583388	0.379310984034002	-0.34493958013357734	0.6052992618444482	1.9731275010814724
IXAROP	-0.17999961068557058	0.5107014233558522	-0.7609750742582296	0.11890222452997229	2.511428764883798
IXARUV	0.0540883979621305	0.5886455508443447	-0.3468216054152504	0.22238252224124988	2.5649503444794246
IXASAC	-0.06817548931504502	0.5970035127274227	-0.2459683063615533	0.2684911894399643	2.227429952745482
IXASIK	-0.21834433885251725	0.5703752446512782	-0.769297117338064	0.18158295462102936	2.5856103929019585
IXAXUA	0.2239511558982663	0.4818492776540591	-0.2966567033533946	0.539866743160007	2.648675976361694
IXEPUY	0.4539614707838666	0.07701870928249063	-0.3844200981153599	-0.16736037624670236	2.3078868974781996
IXEZOB	0.21532739917089216	0.012517762773137903	-0.37767568074167546	-0.1391783896515192	1.9095983809615151
IXIFAW	0.700997877422207	0.20035105234993883	0.17053621444559608	-0.30698538336630143	3.0290189250890993
IXITUG	0.36536433450397166	-0.13512025786716128	0.0020935711611956287	-0.11601143058263286	1.9686235041968394
IXOGIL	0.3531964305841395	-0.7798557750237327	-0.3046640024553911	-0.014430646423921938	1.6360102508574317
IXOGOR	0.33826982247397996	-0.8797236931254777	-0.4097231180751276	-0.06747964973741644	1.5642736150998613
IXUTAW	0.2978591433234117	-0.4934598032096594	-0.1511320171114473	0.11037091392507384	1.4247725393866755
IXUTEA	0.29489445126732505	-0.4976910308549502	-0.1436842728592762	0.07665777147288191	1.4340008997994174
IXUTIE	0.3007541379196885	-0.4778233273026638	-0.1486379965825547	0.12765472174590642	1.4262895965649949
IYAMUR	0.2439914655977864	0.7871779043099452	-0.6277512780739202	-0.24168796642838472	3.7797158076467507
IYICEB	-0.1901506088479059	0.1684710737874045	0.14765668148263883	0.06134427860514444	1.7074898867287494
IYONEP	0.44720882421289065	0.02791632664761881	0.20971035019561451	0.09642167964442785	1.9961240825025441
IYONIT	0.4166045673425325	0.032815099577455126	0.16436295955438068	0.11558423717631167	2.0185226609370517
IYUJES	0.27765896412996227	0.1740415887399412	0.10857721994766867	0.1512935929057736	2.0259481779408732
IYUJOC	0.561534777182584	0.2824483995766205	0.16078126588433495	0.13020880016681782	2.3837276373836382
IYUKAP	0.5643103255380391	0.2419114440384838	0.14213964182437738	0.11520521206694362	2.3595941080932854
IZUTOP	0.5118677473917481	-0.32306517636664456	0.7619193339048748	0.21280825863757852	1.602378082316442
IZUVAD	0.41027731035118364	-0.4371731161644402	0.6618511912610462	0.2248195750404301	1.5313031272140818
IZUVOR	0.49532485065237974	-0.4320922985353622	0.7279564046039865	0.18206875583862542	1.584866911237314
JACCUP	-0.014524837996856554	0.5686674409793626	-0.49188900006861436	-0.1317391781584714	2.7726070849285223
JACDAW	0.2109098995355554	0.14389678370350317	-0.254532280313653	-0.36459997973022634	2.5321791778733487
JADSOA	0.35545815233621436	-0.912445148126932	-0.608108779698228	-0.15485908432577705	1.6070394706629147
JADYAS	0.3579551553279652	-0.7626914195801464	0.026818733974909942	-0.0767522014369286	1.6075449819682135
JAFCUP	0.5257003994972056	0.6417641669532115	-0.007295683021799157	-0.11396321335927345	3.318742615579474
JAFDEA	-0.011279123821210213	0.6841251291548114	-0.4114059183804839	0.3398064820741486	2.5361212118028305
JAFLAG	-0.06382655184904662	0.33940633674851645	-0.30429338142576523	0.03840085997036237	1.9877828684742205
JAFNAJ	0.7449782674147789	-1.0480469720845187	-0.6055685486958495	0.008195425223002498	1.5588764343520878
JAFNEN	0.7817630526559993	-1.041132309973558	-0.5633768473631736	0.05624619308182374	1.5254330518806716
JAGTOB	0.6736178943269495	0.06073389046318661	-0.010569086307045117	-0.4640474209118113	3.1085223593711273
JAGVEV	0.43078077387766367	-0.41529734435160454	-0.0077334694057131365	0.04693731987541132	1.5855177438293522
JAGVOF	0.29062885085885704	-0.5067842167947421	-0.10656745474132406	0.19309337999968668	1.388225840223063
JAHGEF	0.3781209764147402	-0.1805353389718131	0.45800341622317314	0.26472110364710716	1.5017778224356817
JAHGIJ	0.3627146119328488	-0.2673775156527141	0.41040857306992723	0.34315143143248034	1.4427355578327035
JAHKIN	0.3386895809353909	-0.5618546835973031	0.26976889208841304	0.022003620933431778	1.6653761401441125
JAHNAI	0.13172795171177443	0.3715456654829396	0.20973670514561152	-0.20147853019160378	2.4184741918896084
JAHTAO	0.34116524940433557	0.15764545493564353	-0.27258325533166117	-0.024192036234237976	2.2143629236353823
JAJGAG	0.6232707207264774	-0.1885978386257698	0.02427001213596222	-0.18793139463395053	2.2260522783403918
JAJZUP	0.3676063893160544	-0.3255830305609966	-0.19974170534475522	-0.037058845685086335	1.7642974801285414
JAKBAY	0.020977359773016513	-0.22205273475222267	0.5035730682477813	0.004878298254073599	1.5422706399333117
JALYOK	0.3343072817556676	-0.2699747380174561	0.6452438232295635	0.1372645561327343	1.590097735799222
JALZIF	0.052095912131585376	-0.007576156638590362	0.3295350910972861	-0.04162795838965118	1.7069374405353124
JAMYOO	0.678132439837138	0.44241737574570456	0.18183169017574224	-0.2564642933695682	3.268687893694114
JAMZIJ	0.659415267971446	-0.07337310399356725	0.157855000366219	-0.22628999805379918	2.3309765837808056
JANVIE	0.28084370377405055	0.1990413817018597	-0.24826568390173465	0.24062104266686096	2.0343124417188423
JAPJIW	0.4863859916322575	-0.5675381621947548	-0.3198115452366168	-0.15882234535723289	1.6956232259822486
JAPTIG	0.6423791421698102	-0.26599670308052814	-0.1507838275995456	-0.48322603558908844	2.3488979622718027
JAQQIB	0.5770327849963284	-0.5274802679452543	0.15730674269812328	-0.12565311461564538	1.79967015573622
JAQZUW	0.37822179505824405	0.5162868209775657	0.07229077970853676	0.31003342111555693	2.5393222988185666
JARMAQ	0.09859768050567341	0.43150228122002793	-0.14435198544792513	0.25421937168552294	2.174696053807824
JASBOV	0.16565973625460417	0.33543750872860617	-0.3368269207588912	-0.19201284700374466	2.4059157433950507
JASRIF	-0.004501634127602294	-0.012529048105871327	0.3786601948289907	-0.026318799613054673	1.6768371022564232
JASROL	-0.032008342006311974	0.04254620576328316	0.3670611324229111	-0.0958434813863801	1.7548150809719263
JASZIM	0.38170681942581286	-0.05359326837049712	0.7198452626144836	0.012712503027842006	1.8982385398301793
JATPID	0.49046230438905436	0.06743375478706573	0.07253854479054755	-0.013416129031323734	2.290091798642268
JAVJAS	0.5597722489407007	0.3630509231579225	-0.01505829406615164	-0.22811173872032142	2.985037278067015
JAWKOH	0.4057693472120123	0.09939264402473763	0.1268337651109895	0.11972734375962193	2.086317432056261
JAZNAD	0.28148468566597185	1.0855284229286133	0.31879663760914	0.07327783160180537	3.902469970672315
JAZNEH	0.39029082410845994	0.5845919587811834	0.48973894865942164	-0.12288244286291142	2.850942124401314
JAZNIL	0.43581937174097707	0.9210582588340614	0.4343971767131266	-0.16613909100822694	3.965981260095866
JAZQEG	0.8523035907887557	0.08263270890393831	0.8981561311755413	-0.0712254833629466	2.5761041482886258
JAZYAO	0.3010702703785322	-0.3116701626861227	0.6396400213785083	0.2152173365033555	1.4360383779623742
JAZYEO	1.036049910406783	-0.6014393447397717	-0.034387227140149315	0.4857693822486137	1.7066227538779346
JAZYES	0.3249584029218582	-0.31962772242654724	0.6627204839835488	0.2232998362547814	1.4423283095405477
JAZYIW	0.3230766808171319	-0.3152537414044252	0.6584571940503646	0.20023705471177433	1.4416735087989554
JAZYOC	0.08342888682855287	-0.2961154822925057	0.44170179054977854	0.0569978367890229	1.470818043779067
JAZYUI	0.2950727038693959	0.20821558469240092	0.7925091991589661	0.022582882929658404	2.169344622090727
JAZZAP	0.31208052130927744	0.2047461945110144	0.8061292798766452	0.025876458703497862	2.168606357131528
JAZZET	0.18958224354531694	0.5816189093655733	0.6937369874247946	0.035583435128074783	2.5160234110265907
JAZZOD	0.23019562969872265	0.5449565848179099	0.7397145494909895	0.021596662482863613	2.5014731507423744
JAZZUJ	0.30098137187944474	0.23770308259795087	0.7994252405038066	-0.006696455014303035	2.2168723072886625
JEBBEB	0.49574328773601284	0.4624025087871599	0.808483818313176	-0.18742176484872103	3.061031564239534
JEBKEG	0.5457413622745211	-0.1717360568702136	0.015741643335505193	-0.24608070779809493	2.3001564991595473
JEDLIN	0.22830194225682465	-0.20685843915026664	0.5416557009097287	0.24272827406807085	1.5492815926151715
JEDLOT	0.3273173149714026	-0.08968824779961707	0.6613651987277408	0.041795749180886674	1.8014872399730932
JEDUIW	0.4199008479163391	0.4287777101811176	0.35811256224720367	-0.15589184953711213	2.8040878898484447
JEDXOG	0.3329315913736819	0.02737260802469957	0.6140141829395227	0.09759709318670562	1.9336310695165126
JEFJEN	-0.023883468393892215	0.9233689842559654	-0.30679583237712194	0.1179786499823905	3.1978087252080254
JEGZAW	0.8068039498140811	0.00536766796658282	0.16877736104892904	-0.36730380079360464	2.939174568106998
JEGZEA	0.779875445660803	0.06106370336321709	0.13515346032452874	-0.3954139583948397	3.0166038900213996
JEHMIW	-0.08353688716951169	0.5851749161885893	-0.47160612835171867	0.437556564589808	2.3536885158461684
JEHMUI	0.3483814084352508	0.42047684026271487	0.1566952259847164	-0.059999983359397074	2.4745523051834333
JEHVAT	0.3213787597598632	0.31203148170422473	0.112526850532316	-0.07704740988668107	2.3439301696284573
JEJREY	0.525404026608161	-0.34611397256340043	-0.021130999621626803	-0.17564510660178073	2.046039181816591
JEMVEG	0.07574806159081549	0.07604456039713434	-0.2631043108839043	-0.42350501058394086	2.181613187491908
JEMVIK	0.3655301569725955	0.6599196787421004	-0.2996453268578721	-0.6573527228238116	3.8769101923091567
JENDUC	0.28471096014928854	-0.5800430281906466	0.2880171366281241	0.06125204540079865	1.5914933799995734
JENFEO	0.45940707612624365	-0.2481919213852883	-0.18941640829413886	0.2745515211466495	1.8341608742228672
JENSIE	0.44950336219959386	-0.012759912746622401	0.704549866740702	0.07314630604999461	1.9773566366242954
JENSOK	0.4295325870107005	-0.0255416396456892	0.7208112180875855	0.09089951076972319	1.9040135172717036
JEPSUS	0.4513278517436623	-0.30905745927743533	0.35522224112797296	0.2119574773990348	1.6027968468400855
JEPZEM	0.16590723962079235	0.266755279269548	-0.33495487172158556	0.06434844951784943	2.008163218329627
JEPZIQ	0.04137787306330143	0.2619540311998949	-0.3215723059332196	0.06025928326293123	1.8987034767212
JEQBIT	0.09075130476368676	0.18101694657314915	-0.21603712567768524	0.19740411230024352	1.803139634721712
JESNII	-0.07569076354588411	0.2770762118843706	-0.37234042761754044	0.34440476629467653	1.834883499093876
JESQUU	0.3797954730405495	-0.37259525920769193	0.05362237939810284	0.015941399454254032	1.686625579845305
JETGIY	0.33537255176009495	0.4390220211882249	-0.1348783355445766	-0.0038345326871580404	2.836519055726393
JETSUW	-0.08049430986892636	0.2971696533296052	0.21677168468138386	-0.019317725016889463	2.0266041855273658
JETZAN	0.7587710351487367	-0.8412473290957618	-0.43867301187239505	0.18531580773314127	1.4714135094609844
JETZER	0.828580362452219	-0.9499671935784182	-0.43759983847485884	0.17610464040330928	1.443620290582174
JEWTEL	0.4253698337097074	-0.2468004609613753	-0.039046366049093506	0.27205627456536263	1.4995230473791659
JEWTIP	0.43538640748337354	-0.14835428709983448	-0.052651480881892476	0.21439524449208958	1.6173061307335284
JEWTOV	0.18157354956446703	0.4628480977265386	-0.3166085526432045	0.00966598017232051	2.451312665359774
JEWTUB	0.3863785973893705	0.2796967102005167	-0.16981284438058186	0.005418195238527032	2.361049115279409
JEWVAJ	0.23585464467592043	0.389003259579725	-0.4448685258972507	0.2780407749058725	2.360482016160573
JEXKIH	0.31321070141714813	-0.11916003751931693	-0.3059237466924812	0.2331748500591102	1.5453640939709785
JEYHIH	0.40563031461465915	0.5285864565308314	-0.2944989176322752	-0.4276937798183547	3.6310424034529056
JEYHON	0.47598647237574365	0.3669393560749826	-0.03307637095250253	-0.3198534567902921	2.968306438723768
JIDYUT	0.551649488829657	0.03798597231989875	-0.06355980654272561	-0.16158249048861179	2.431240343833261
JIFVUS	0.45041474956325445	0.2934189865425133	0.3678170283757552	-0.004380842090089071	2.442967780901221
JIJXIM	-0.14595634262698232	0.4888383583989882	-0.5448345131865809	0.5559873277984655	2.181932008551642
JIJXOS	0.2312568026934434	-0.05749871006024434	-0.5931617681238966	-0.17535944625308336	1.762195007053194
JIKRIH	0.35418955249793704	1.080238575039625	-0.18414952633503023	0.07752763382075009	3.960615979202429
JILSUS	0.12157891213713601	0.2991180803396307	-0.08876512600938957	0.05124861280902995	2.08425009090938
JIMXIN	0.11476354688562918	0.23826704707086277	-0.39354411260895894	0.10301828878907274	1.9751602874220668
JIPCAN	0.21018038449870335	0.15406012474817044	-0.20029271263433984	0.07912664001827185	1.9906138048316415
JIQDUJ	0.2854754082403863	0.12968393584102259	0.18309698723818638	0.09553177764502357	1.987238855189458
JIQFAR	0.3436780782394404	0.03293544937934717	0.18438897435904616	0.12443448554452693	1.9262297014793586
JIQXUG	0.33353717564034024	0.1778272983581664	0.12469480748933906	-0.11806909223823259	2.315338260115036
JIQYAN	0.6035870294359071	-0.12593121938848614	0.13816575470614625	-0.13748735676413115	2.3079970943286674
JIRFEW	0.7339640448623665	-1.0397906638097638	-0.6259708756313211	0.014111818885652869	1.5391168628319143
JIRFIA	0.6083115435996458	-0.8655801529817715	-0.4598319082381386	0.09820352954564981	1.4864624459519578
JIRFOG	0.7332773884204604	-0.8092899449735462	-0.3569604585152978	0.11956180336210681	1.5350599483769534
JIRFUM	0.6270044480746177	-0.8711919100080807	-0.42589046594986746	0.09340755053510424	1.497393432030771
JIRSEL	0.3788932534129712	0.39890934407217987	-0.39552235366101396	0.31439376183108575	2.5460931917139327
JITTIP	0.34520513601304526	-0.14052844928887515	0.6572883771184976	0.06206826922624967	1.7721277194183398
JIWBOH	0.6704759835715741	0.3265320834211041	0.18571985349607886	-0.3466167849103575	3.1890450373748456
JIWVER	0.23909636202627382	0.2512896374324889	-0.10826499038937104	0.08962818991036375	2.0941396855705667
JIXLEH	-0.3221751918730442	0.48812720108509683	-0.981003980987232	0.365355837065867	2.2595262363974493
JIYQEO	0.20206355630610373	-0.19861755675947818	-0.5237300894411614	-0.13971466138145433	1.7230264220001787
JIYQOY	0.1904646838739521	-0.17616042215591587	-0.46422945006945404	-0.08486656944375212	1.773061266944574
JIYQUE	0.1994625984153373	-0.15826524573563133	-0.44633161340118577	-0.07921986502414365	1.7964984696286643
JIYRIT	0.300606949163039	-0.4765897080039538	-0.06373602812708512	0.034248635460080404	1.457397345599429
JIZPIR	0.3224556100428453	0.20361866130303186	0.3986761347410666	0.0663690671158069	2.0922499669122088
JIZSIW	0.08529312437141767	-0.18232402093999944	-0.6495073110136512	-0.19482251207479578	1.6796861589251715
JIZTIW	0.1383003124692479	-0.20139869069079666	-0.48399847978332866	-0.07887374438592304	1.7260209611553843
JOBFOW	0.2790988608252709	-0.5052697422668965	-0.15719933213620788	0.09476152633224907	1.409420610280447
JOBKUG	0.31167278175543967	-0.05876122003188753	0.5759032786803743	0.09176314739953911	1.8784902344162715
JOBNOE	0.5817396324926847	0.24046050773044325	0.2899475993459804	0.015070212053633833	2.4290074038692357
JOBNUK	0.4973721282485455	-0.012345587364349112	0.13836411872927587	-0.11815586163322156	2.1979857044624955
JOBYIK	0.5982965767638051	-0.9645902654568597	-0.5734870484113614	0.0997970507183131	1.459366224357154
JOBZOT	0.14315476468540833	0.6383677426465353	-0.33428416656746585	0.3444483293922341	2.562664239139176
JOBZUZ	-0.11856209310697485	0.599136088393627	-0.5747636620829848	0.3558011637356803	2.2936118951373228
JOCKIV	0.29656880770077176	0.041391269208692655	0.2074999205055794	0.12294155917012006	1.853365845401831
JOCQEY	0.5184683334545674	-0.019563734353962844	0.05391581953721449	-0.09226473661915228	2.2276041555292534
JOCQIC	0.5287862403102102	-0.017882850662245958	0.06704862314057257	-0.24955398436723483	2.38962740234107
JOCYEF	0.0848129686138619	0.18506864241534687	0.21436428674153934	-0.05783923875650411	2.091067141692141
JODGER	-0.11082718182721951	0.6284511425098487	0.04671698575999133	-0.45344840857442814	2.61663161601193
JODGIV	-0.10753973152763141	0.596970842125305	0.013457241661342628	-0.39301524063798415	2.571894750913975
JODHES	-0.06898937769381197	0.4021882174664649	0.1541704787337454	-0.13177195841715583	2.0392073866566713
JODNEV	0.4826715355314306	-0.07990734017971926	0.5407148476641467	0.14834453753619434	1.861389875748628
JOFJOD	-0.1277338213107191	0.025041495053727103	0.35500008363963204	-0.0010497438726000813	1.6882829650919418
JOGGES	0.1111877918367381	-0.041379710221541605	-0.2331159220778259	0.20713760347072918	1.56186851326519
JOGGIW	0.10541807495163935	-0.031087765183378205	-0.30055893632409725	0.2117162555167585	1.5521767520925378
JOGGOC	-0.12489154654658607	0.17929628416290405	-0.150607882427643	-0.08158514512404964	1.8035883390350844
JOHCEP	0.782258099750349	-0.32986082982038867	-0.07151318001251217	-0.16120382742705064	2.163227259909993
JOHCUF	0.49106277376380625	0.589106293921466	-0.15258784774406695	0.04714416318633863	3.276990718311649
JOHROP	0.16040930799097852	0.6798484376295366	-0.6625895110411795	0.02727423113031062	2.771488960848372
JOKHEX	0.299606514365685	-0.4957284596380616	-0.15102759648114336	0.07816996123098288	1.4425198590560073
JOKROU	0.6284898237734406	0.2984047502104635	0.010366547768965603	-0.2654001959267134	2.832381859878507
JOKRUA	0.4951423995362978	-0.4462582042992386	0.11345387780230087	-0.11461455789734643	1.9156773986513689
JOKSEL	0.4808778357294212	-0.47788255730344315	0.060760551075945426	-0.09169550172543754	1.815775229462214
JOKSOV	0.4365297178542189	-0.008881798796742696	-0.0037673728724125777	-0.18317223275271471	2.12226187513577
JOLROT	0.6068083991981563	-0.16148003392213034	-0.0713353904837965	-0.32887734501757115	2.516304566919321
JOLSEI	0.5310956999659409	0.35056550806137726	0.48526199836607653	0.018769391105174033	2.58846289594926
JOSMEL	0.30496969630334547	0.16090966481829222	0.5519052910088051	0.033226393893790895	2.0610016445602137
JOTPIT	0.0854818677063669	-0.2650200766641646	-0.7669076419478932	0.33652208304366715	1.4427700400657888
JOTPUF	-0.1818974384193992	-0.1053564466292758	-0.5554604766080348	0.02254029772720441	1.5096650445611488
JOTQIU	-0.47294118783878947	0.5632887559664581	-0.09449534260077552	-0.22539399592663376	2.232634032434775
JOTSOA	0.47856995157666304	-0.11820915318727633	0.753773789771644	0.0964780546028518	1.7763519218261834
JOTZID	0.3198006338562376	0.4469113614434936	-0.498401947324301	-0.02540936140598258	2.62677463022962
JOTZOJ	0.2903643349557292	0.4188034661846904	-0.5138653106507114	0.08363279200526699	2.435134237672585
JOTZUP	0.45384233808116736	0.39486977740111956	-0.2841393198318531	-0.18966161137439655	2.870870970101394
JOVJOV	-0.036358892497085904	-1.199409654520733	-0.48779676059598287	0.31493195157729803	1.1738304372508603
JOWKAK	0.09081264599911343	0.2744775221910289	-0.24394281440372306	-0.10874989802024708	2.130074199771924
JOXXID	0.38614559044882846	-0.07905448203280208	0.6845520169221039	0.042465195534935704	1.9044302445658068
JUBRIK	0.5470337388538509	0.07070374436726651	0.07374785485770287	0.04543130031415629	2.1204417981859724
JUDNEB	0.3433411708073342	0.2374008519705159	0.1891130538982484	0.0747594363202766	2.233633640173853
JUDPED	0.3777487922263205	0.07482139719728753	-0.2109074106385701	-0.21141833901661675	2.3221555496503465
JUFQEG	0.3162756091048875	0.37497917714825063	0.5140902380398282	-0.1631641547455622	2.5519435327986315
JUHDIC	-0.06840498907251824	-0.33391572080079857	-0.652245084983375	0.2020448373041865	1.1573690755466157
JUHDUO	-0.2067790044029234	-0.36138583004580543	-0.7794871822506692	0.1375274393244618	1.194364333511231
JULFAX	0.14589010954058068	-0.04246147816836843	0.49840590851246036	0.23443621578788204	1.5716526218883669
JULFEB	0.17357256178570823	0.08544115778482694	0.4311412975356727	0.11365475727587276	1.7377038412801842
JUNFAC	0.5111666854244881	0.08940112010848486	-0.01564712519552544	-0.1794571866122259	2.4610932510470684
JUPBOL	0.3353619006037203	0.2562818141218491	0.6204308816282941	0.012053794803900453	2.2709191867881486
JUPBUR	0.2609285083990649	0.28146566600810846	0.5085613417312189	0.061859078573460125	2.1683781425080157
JUPCIG	0.3361058189883428	0.23788574052860112	0.6211158206170977	-0.006407543303166466	2.266195146076853
JUPCOM	0.3423430478667919	0.23370171122087902	0.6360385874640655	0.029884849805010244	2.2250076980991684
JUPRAN	0.9446388043106291	-0.5885413279254365	0.5980634469561866	-0.115450628325965	1.9065868969402857
JUPTUM	0.3716122088833691	-0.26780884281461703	-0.35356306721681435	0.1713466337966387	1.603741576818288
JUPVEY	0.4492599137483353	-0.10099246501811722	-0.3114623558001001	0.2218664107880357	1.8251452903219614
JUPVOI	0.4226772580545033	-0.1205893012409889	-0.24491073151627463	0.22171776551574246	1.761655302942232
JUWTIE	0.5451188857446869	-0.10246322160318133	0.0534870056668549	0.13190239678902188	1.9364293541023643
JUXNIB	0.08808277268797537	0.10977616132926973	-0.36268905988376743	-0.0632593213599846	2.032897973258653
JUXPAV	0.4219578161000639	-0.8985929458310764	-0.3512368744904373	0.15179030055989523	1.3113605417319067
JUXPEZ	0.38549565811305353	-0.6992692695698992	-0.4067174727492083	0.06261411875303602	1.4289873211429365
JUXPID	0.43105020060443167	-0.7221479779317919	-0.39433861786082053	0.005763218848689494	1.4137856793232781
JUXPUN	0.7688823199429464	-0.09302781978824756	0.13517510728305077	-0.2681495908598586	2.39511665968665
JUYNEY	0.21845065773705663	0.44881083673373207	-0.1967325163567165	-0.44920056660589314	2.7711284437530344
JUYRON	0.09165958685115116	-0.02762951378818994	-0.397699739531647	-0.2079719333923186	1.8255151559784322
JUYSAA	0.2741503096121365	0.1344503497144759	-0.49341312882044785	-0.2352544862488064	2.169795860245258
JUYSEE	0.20008546201378152	0.019394413267450478	-0.4785402536947294	-0.22776927775981695	1.9755450608083884
KACCEZ	0.446381726496087	-0.5523117756042737	-0.10733023010311146	-0.1105951177517393	1.728219726852063
KACGIE	0.5357691339221624	-0.06713271766065995	-0.10154574404473218	-0.2704487677103491	2.552417464163343
KACJAZ	0.2129313789494991	0.05650156103590134	0.6647019448874949	0.15381939668352185	1.7754371037951662
KADFAA	0.7527775794793001	0.5387538151981364	0.034561901639282404	-0.3643549322740603	3.660808119975277
KADGAA	0.22237475580964894	-0.2036301914329806	-0.15994638613292594	0.00215120269756347	1.7557486992495348
KADPEN	0.41030532924942076	-0.17595115664944205	0.2980315122231033	-0.040441425931349764	1.9186982084240987
KAGLIO	0.4094650741368291	-0.4566904232976297	-0.5094389538524672	-0.1848282187116591	1.7873199642658906
KAGPUE	0.6225299927983139	0.06242747411859548	-0.1753880773572808	-0.31858176322140047	2.8021618537024278
KAGXID	0.26258866387860014	0.03333179641853351	-0.17640056276614485	-0.18676991117061448	2.1705171090112967
KAJKIQ	0.3372866286325271	-0.05025328417028599	0.23526358360055535	0.21508490029152288	1.8352399567223423
KAJKOW	0.4321450812825125	0.25668763878373324	0.4666425638534005	0.08807975227524317	2.2809809542777946
KAJNAK	0.23933704181137028	0.20325939598998	0.1223622013841908	0.24761900466790415	2.041335184652453
KAKDAB	0.2712728016388972	0.2686283189851294	0.5428979842539375	-0.21560961215067054	2.277766771099313
KALCUX	0.27629266828098764	-0.1313060527503663	-0.43036964862035	-0.1976543839645575	1.9227279534523887
KALDAE	0.272983849247006	-0.016443204310152212	-0.504257597780953	-0.16484991602123522	1.9917313670874564
KALNOB	0.49490419313768275	0.386822464884701	-0.005106062337329895	-0.24422823288225814	3.207518187041619
KALXIH	0.7322889849849306	-0.8330769597620902	-0.009144773558192182	0.09735904856494793	1.6762191735615213
KALXON	0.7326162069976183	-0.8302832613352713	-0.007847572094231009	0.09696642475279532	1.6744673068795548
KAMKAK	0.03421048837945051	-0.39910045279309697	0.4213414319894994	0.19741175114979664	1.3926697105579728
KANBAC	-0.13501443091424425	0.7442610935093668	-0.6979196642665223	0.3428344329055718	2.9239027118027265
KANKAN	0.26492887168034596	-0.030175452599646393	-0.2906767828566521	0.016834416764562002	1.8124960013247051
KAPJAM	-0.06008519081858932	0.13149306647758366	-0.31405657714220225	-0.22792254922034774	2.0424721763992104
KAPQEA	0.49764089092441477	0.12979791572689192	0.1172431200656758	-0.17161028231223957	2.411690927776122
KAQQUR	0.24186352933539368	-0.3099679810559244	-0.4430320322388668	0.2554231914766899	1.374457630381656
KARDOA	0.15720119815905376	-0.36794128757454003	-0.43265427428529024	0.27211345358425226	1.2876513813920918
KARFUF	0.5270351451387381	0.09426619136879746	-0.37970972960788946	-0.2915156830470541	2.561791679949922
KARHER	0.44797454243331103	-0.8940893985656269	-0.3059591720665287	-0.1741864649938875	1.5716420380999596
KARRED	-0.07209347964859036	0.06162515644588348	-0.44262729407079926	0.013779549634594712	1.66869579596615
KARRON	-0.044148030465104515	0.03821910212156368	-0.46772219545122273	0.01735382624792073	1.6776276242523007
KASFIW	-0.06068679164617086	0.028779557944519307	-0.4746100556025318	0.0151945074467138	1.6545464582047953
KASFUI	0.04669534463316083	0.3155511211418699	-0.21027596888330907	-0.01290172579272355	2.195652440294438
KAVPED	0.5645742865808101	0.010004273067479669	0.07542321838318938	-0.1512777834616263	2.3063235929547625
KAVPIH	0.3008448916921349	-0.46894228346713357	-0.13380635508063984	0.05993896488519576	1.4423459946735107
KAVVOS	0.4444671680699219	0.05445707886761619	0.08446593080455421	0.1524699324252595	2.030477689663427
KAXFOE	0.4181172342688164	-0.05832082116122261	0.22037643414193386	0.21803580075473644	1.9172469923341509
KAXQEG	-0.03024663915106851	0.10937381379436636	-0.5090983589254008	0.015564971605274286	1.838939070004801
KAXXAJ	0.3339255080684911	-0.121419622470891	-0.3292701077350694	-0.17160881947415754	1.9839564931248146
KAXYIS	0.23638027454091537	-0.30635200939620066	-0.5119369034105182	0.09138274966804533	1.6894574245590364
KAXYUE	0.09996099618079946	-0.8258910244568518	-0.6436698042546872	0.1705377215390679	1.1818477119542754
KAXZUF	0.6521922463517882	-0.6833854042632113	-0.16306629734375688	0.030925709195183282	1.7119547338279655
KAYKAY	0.4062401208639992	0.2897890841752486	0.3992341685941571	0.051705344865094385	2.311523015633782
KAYPUV	0.22451981672376675	-0.08821520972932789	0.5059967351355196	0.20333219175368467	1.576023621547205
KAYRAD	0.2947320168283145	-0.09007146256274046	0.5464047787488507	0.21358104853279603	1.5937367143768737
KAYXAN	0.3254588549911528	0.39219935512561416	0.13487966677476465	0.15581991879339022	2.501118547232657
KAYYUI	0.45423054346139047	-0.009806177560935464	0.02656380330245478	0.32435054788022094	1.959066433815769
KAZCAT	0.1417890581371828	0.2233679096372007	-0.5034823399203593	0.14491940915923643	2.0462773683165647
KAZDAU	0.03414915680528807	0.3540418499171517	-0.531766073430165	0.4933319082512055	1.9820316179433612
KAZFAW	0.006134643385514504	0.30127068412004143	-0.5215273276051539	0.36472907753040656	1.8965255013578228
KAZFEA	0.3951259853461977	0.6863387069981228	-0.019494510906648374	0.051745684548045914	3.2806859883384814
KAZWUG	0.04523648068894115	0.03482051985060153	0.02685839042496828	-0.1081157999032811	1.852733099534408
KEBZUM	0.4119759505999996	-0.005785954561175269	0.45272004704627977	0.07527401925129429	1.9016795663577983
KECKAI	0.756040270811793	-0.7523516473217113	-1.0847074727627168	-0.010588902678433217	1.5491441658201852
KECVUJ	-0.19638057105577467	0.23966101158729985	-0.4031580850625605	-0.2993178758245527	2.136513920902877
KEDMAI	0.35493040260631936	-0.3258142973490621	-0.2787079646227617	-0.1264960794115554	1.6727438344572971
KEDXUQ	0.8102386751164214	-0.8139713484985722	-0.34701044374686413	0.118150050114329	1.4478965876180379
KEFFOQ	0.752944490788999	-0.5276242623301799	-0.04041271318397088	-0.4029192484649708	2.085947145208638
KEGDAD	0.1506135566828699	0.3002066212401108	0.660729264020238	0.04240879184825472	1.9920433940290112
KEGFOR	-0.23108447889347872	0.5148881230152718	-1.0282146361047457	0.5381020723280299	2.357392308554451
KEGPAN	0.37642745645767306	0.02548043759941168	0.5170789719309488	0.1799905583508835	1.9159260431774257
KEHRAR	0.7198293709957451	0.026981851439547677	0.2853453913627063	-0.3558588476414543	2.771007112139383
KEHXAW	0.452444108537029	-0.164602569652754	-0.37989483123447376	-0.3844928006171413	2.3112471373324293
KEHYEB	0.5637308644433343	0.07118627888217674	0.5317348227108728	0.053653789868293306	2.2701764715225154
KEJPOE	0.4086832845157895	-0.41006865812434273	0.05158449357146821	0.013362567385330551	1.6978702109208044
KEKLUK	0.663814591367891	-0.5255724741092491	0.050905001554281896	-0.16905925940615785	1.8932427150706943
KEKMAQ	0.7208775721684697	-0.8449970940121512	-0.34856182496171184	0.21179712514740545	1.4958961012594651
KEKVIF	0.37375025076073065	-0.8078285664406566	-0.17048308807619972	-0.053952308497018424	1.5779608109975616
KELSEB	-0.11463377200856284	0.24524032606974477	-0.23896419360381632	0.16972117415023472	1.7556648655867075
KENVAA	0.29787746929470327	-0.2844997403121783	0.6505952931166596	0.313478845492827	1.5083187286086337
KEPNOM	0.5842357863037035	0.15921909993862254	-0.38420543266958906	-0.219339020086077	2.893765096674506
KESVOU	0.4280846943885974	0.7770741408120687	-0.07523553849321815	-0.0031634595705799518	3.533698015527398
KETFEA	0.13721628112095585	0.1019360837557563	0.5444460479797352	0.1161160772656637	1.844387137988923
KETJUR	0.8093885756016892	-0.6082983308323118	-0.31116499040578544	0.04046692524760946	1.7819936521537958
KETMAZ	0.49923732598815995	-0.22604047346104705	-0.03236472603427849	-0.060390870942067305	1.9542509888253914
KETMED	0.534654285323084	-0.08795833072916182	-0.028632510035809564	-0.15691852270965367	2.322362747179909
KETMON	0.5984994960102705	-0.2332946116019985	0.04333144174172341	-0.14582668604313548	2.1097552298105975
KETMUT	0.5350998266793674	-0.005366398625734986	-0.1457226374272335	-0.33322721750934936	2.5283190844209154
KETTEM	0.6793418065207062	-0.9858484283157718	-0.6233200606202234	0.01594660604224113	1.522639038165328
KEVLII	0.5043397762164208	0.6984433331242301	-0.09068057940042729	-0.20109981123020412	3.7302691248886473
KEVVEQ	0.45520911290264987	0.5589200338596001	-0.28580676203015287	-0.1778558322401847	3.0694908594488424
KEVVIU	0.4560872348472236	0.5594453563627491	-0.2863113358245574	-0.1787173587698227	3.0737253541002714
KEVVUC	0.263462083506778	0.17648196001121913	0.49378769992343285	0.048106955654935196	2.057070733946486
KEWXUH	0.3552904213171164	0.4704779552904044	-0.19126441995585208	-0.09863907638577694	2.8721380150597224
KEWYAM	0.29411211389675884	0.2126994848463699	0.7316541588375469	0.04532855574358359	2.041279305795017
KEYKAE	0.10666378290320555	0.06835843885943399	-0.42402547799340795	0.003161868038310825	1.862093772169228
KEYVOC	0.109145456322564	0.40565110959647127	-0.563798045320366	0.2085818331484255	2.383899557794039
KEZGIH	0.5413362207869854	-0.0617568716910932	-0.0676274478694914	-0.08514615963651337	2.180878235657068
KEZGON	0.3208876314243865	-0.19674762594708606	-0.10075772845080366	0.1212028525194066	1.5993816398922143
KEZJIK	0.4982131816911366	-0.10656966102359382	-0.07059824160786263	-0.01962113722477915	1.9854891726250323
KICSAQ	0.5097558869365963	-0.05943977342956385	-0.03780096192191604	0.23368416869191594	2.0041734366464325
KICYIH	0.06016628245516609	0.4131756877391693	-0.36711025178785256	-0.05241849706699771	2.3067686369538425
KICYON	-0.20480919889871574	0.39435893449677234	-0.23146159337575073	-0.5124751424493357	2.520858037349994
KIDGOU	-0.06997260499779534	0.25896807948346373	-0.524013753316377	0.16754065050842223	1.9485708806916429
KIFDOS	0.12491189503552036	-0.22565545170204998	0.04113049575068791	0.09712784486545717	1.5624324473937365
KIFFAG	0.36044571991522467	-0.07022398556028879	0.7122321743247589	0.1252048633086976	1.724036796353119
KIFFEK	0.3773913442300323	-0.0648313155618469	0.7512904909565071	0.1303487696365498	1.7573520346078164
KIFKOB	0.2238202553562374	0.20094867528050742	-0.4493647328014897	0.17181099898643326	2.139562975819802
KIGBAD	0.21393067005240018	-0.41673048645809135	0.5393224677086144	0.1441040347587969	1.480617493998206
KIGTOK	0.8794812604548863	-0.26839105493038906	0.240739050704273	0.35630025771436746	1.8465150091299103
KIJVEG	-0.009350515165297058	0.31178652054658335	-0.43678984072964455	0.3042778635855188	2.1667005658805443
KIKDUG	0.5677559620739325	-0.23046558187377852	-0.30387409214679817	-0.10641388465405896	2.0171904398687976
KIKJOF	0.29328474630455315	-0.45503498509279905	-0.12627219525108477	0.14170645030187023	1.457677027805869
KIKNUQ	0.1476183772431976	-0.0070532648088359046	-0.4483544177870308	-0.1973549146880898	1.9202741926258309
KILJEU	0.6417846787068937	0.283562558279345	0.5379068739395616	-0.02265609892566261	2.6557726363160272
KIMWUY	0.41164176770420013	-0.25894781698893965	0.7871713398890194	0.15435956770881992	1.629813991652296
KINDAQ	0.5852523004979329	0.30088720289980403	-0.18648265494478083	-0.4756953090234248	3.2837110075003233
KINDEU	0.4107808541599356	-0.37327226699766825	-0.26667804578764764	-0.2523828191433486	1.7573242034102068
KINDOE	0.6985472551806833	0.4662138705899396	-0.170777916349028	-0.46164305808552114	3.792483087855531
KINDUK	0.5266882052648576	-0.641838052397047	-0.13824290963681976	-0.2555067915222738	1.775288398237938
KINMUP	0.45108564610808966	-0.005064392845611762	-0.30980108363896536	-0.10378319461038296	2.256051589070494
KIQKIH	0.13432337837340746	0.5254724574436502	-0.3095564410477093	0.020020972594928882	2.5539641258037302
KIQKON	0.13408682273723382	0.288307860541582	-0.40030212283635985	-0.04939389642956045	2.045290277906193
KIQLEE	0.09026711556015954	0.37893559257398796	-0.41439023432229194	-0.0643811934825422	2.222796955932944
KIQLII	0.13303886602710335	0.5251913011195484	-0.31037046002568286	0.019868579036206965	2.5515672200390886
KIQLOO	0.09396669936511426	0.33718678211361275	-0.44078579547679775	-0.06965107249943402	2.1410521468355914
KIQLUU	0.028826381742094398	0.264139552241406	-0.11999917159395232	0.3212278912974816	1.771416347004748
KIQMAB	0.1600538191120684	0.393370519574939	-0.293427669849469	0.07432510171142745	2.1901060671922905
KIRDUN	0.38935329118150186	0.23946737409319752	-0.06368306216091851	-0.09501027574886203	2.4248783962107927
KIRFOG	0.10059125885021869	0.3124986312105449	-0.22119415752640065	-0.4073295491626486	2.4951990317673167
KIRMAC	-0.23532922865871164	0.2519683447755597	-0.15305906034802375	-0.41350013694070725	2.066202206629298
KIRREK	-0.07052444861443075	-1.170837685773367	-0.3176244927403847	0.3180675663682255	1.2248312785603646
KIRROU	0.4525115937201374	0.19336717353251331	-0.011851954110310023	-0.23704281236754302	2.8715551413950378
KIRVAK	0.2883177281634648	0.272194167747008	0.8349673587954816	-0.0018729197671536885	2.105886555804563
KIRVEO	0.2297375517086766	0.30347365211052135	0.7599455723379476	-0.04250967831725505	2.144724834052386
KIRVIS	0.4152576171711706	0.3743694168819291	0.6868755846085632	-0.08879505581547696	2.4058513005501276
KIRVOY	0.5088097626356474	-0.018010954782270258	0.8895072895287072	0.14933871952700264	1.8590867612455493
KIRVUE	0.4730372151377251	-0.023199541210231975	0.8765195700202616	0.14603720694872654	1.8385862894093958
KIRWAL	0.48092020237158994	-0.2417610122669463	0.8976454318481227	0.27525236980143347	1.6556954239802135
KIRWEP	0.49893171703524164	-0.1851269148963274	0.9280270493547558	0.2225723118514788	1.7009982418492817
KISCEU	0.08986246581011992	-0.8534601492565075	-0.5635926683729925	0.429065596797747	1.1166802700092875
KISCUK	0.14125628289508585	0.1834170696183301	0.2618057170622522	0.1572202688444999	2.0183102830607536
KISDOF	0.6217316432777373	0.4343101572972983	0.5168316510886208	-0.12809896508816992	2.8830342774077984
KISGOL	0.4072640508552441	0.027605934075000782	0.375215443732434	0.14916024315003415	1.9454287360046507
KISPEJ	0.0569553635796991	0.4531509424270113	-0.2695589947265172	-0.07053603548845026	2.3491654513319085
KISPIN	-0.06918037627711326	0.4082337619372864	-0.28226850573165263	-0.005619948257456472	2.202200713491754
KISQOW	0.30154949122274477	0.16909955575364827	-0.3039168111503193	-0.09668144954948514	2.1827270824661187
KISRUA	0.7838657832844591	0.36444804538577147	-0.03636994187142234	-0.3116561738651993	3.3133483392205947
KISTUB	0.31415141379466505	-0.3079108368860215	-0.1374572506277136	-0.058112687131264426	1.6223344997985563
KITCOF	0.2633033368849489	0.13627941076920635	0.26328892386039904	-0.13259669036430388	2.1673652411811366
KITFIF	-0.06996963949556001	0.3009259097577162	-0.09400936726830317	0.08703045886415195	1.953136874892604
KITVEO	0.4752362855032306	0.25876027058236606	0.20201055234698037	0.01717013650189539	2.423922041910399
KITYOE	0.21776924515522245	0.06188649168466451	-0.2930348902239235	-0.11612016524983501	2.063145705600786
KIWXAS	0.5206221584017037	0.23701569099303404	-0.07241167178887173	-0.20812702093115407	2.7424371738269304
KIXVOD	0.3890135684202871	-0.33470318728518295	-0.32517852709034334	-0.15384945638826752	1.9157750046654471
KIXVUJ	0.3500742225098712	-0.46535062045050657	-0.14756336143718918	0.02818108841047276	1.7049265839808112
KIZWID	0.6284701016636136	-0.6513041620023692	-0.34112862157724533	0.09703475318819582	1.6065227699256106
KIZWUP	0.8150195663006858	-0.9059319028067867	-0.41228836028705573	0.17665517143612047	1.4481678436864398
KIZZID	0.18230048045923253	-0.12714790165860235	-0.40677952321545263	-0.13675169383730368	1.8704434824681353
KOCJOF	0.31635930904112897	-0.29453855847455523	0.016087613913003063	0.029152273336786813	1.72162503274018
KOCYUX	0.3357090378696004	-0.06864486878610022	-0.07263777038313526	-0.09855446896644454	1.8548452669966125
KOCZAE	0.3938707145431968	-0.2449488989004086	-0.046928806187988475	-0.02026944933680072	1.7315056046468738
KOCZEI	0.3884693805297941	-0.2621293562375744	-0.051193481649528555	-0.008136342527657589	1.6953730389953647
KOCZIM	0.38917076644113013	-0.2571958450473824	-0.03634871139220047	-0.0029677060626413787	1.691035016780362
KOGQED	0.48222683472986994	-0.9582641716053957	-0.5799819299109026	0.06887634860030706	1.4553792994763848
KOGVOS	-0.3118283202298189	0.3409639919962425	-0.2931331549994226	-0.05361673006576884	1.9719552324892229
KOJDES	0.3126737220567044	-0.42125770056982065	0.2839985550588157	0.2374200702742747	1.4246294372616932
KOLGUP	0.30992738510311035	0.5951399818169247	-0.3119897348901232	-0.0655911364969022	2.979146824755797
KOMPUY	0.26950762725425115	-0.2473607307026297	0.6152835892379862	0.2620111216020212	1.5222029429804815
KONSUB	0.36332305333447046	0.8118621604165079	0.29987755384994363	-0.05287015801478175	3.333615065049419
KOPTOY	0.3035027316607959	0.2946280385210812	0.33008520989618717	-0.22838886202510905	2.2808775379767763
KORLUB	0.16641086807604788	-0.07765024485386497	-0.38996557307600827	-0.4505050129469065	2.132083159113749
KOVLUC	0.44923769536986224	-0.2696788176665834	-0.24714865908154354	-0.0196754186436654	1.8746299649803029
KOXPIY	0.5621001582194554	-0.43667320671638465	0.37900486891293417	-0.2218997656632493	1.9624114878888046
KOXVEY	0.21645052864942693	0.5381919189839215	0.20974138743637594	-0.06723364884625369	2.5837868988315367
KOXVIC	0.23957163695590378	0.7016093696704793	-0.030538505030843377	-0.022726667347240583	2.9684370896294787
KOXZEC	0.4779987136226467	-0.2839564997237932	-0.07046349227953666	0.05885861216541563	1.7655189539765883
KOZZUX	0.5565715100599	0.4444089642508388	0.1288305910156646	-0.3891259086922447	3.3667417708539533
KUBGOD	0.15432073389216594	-0.2571236646692824	0.37732808619561814	0.030082605768828125	1.6081925942758675
KUBJID	0.16541446599167875	-0.367630293513024	-0.0048065467377598065	0.23460088417057734	1.3910080866873078
KUBKEA	0.4474407794081037	-0.6823471449116116	0.006041705094483679	0.29347171759432106	1.3856100089129868
KUCMIH	0.15080934319200434	0.39488358316829103	-0.4048718993756109	0.43327298549915955	2.2321076815616
KUCQIL	0.23667045110751506	0.26607993115056555	-0.34141811574281394	0.4131489436430544	2.0803508402951407
KUGKEE	0.3016377467946132	-0.4806024505188693	-0.1548911977116099	0.13862080395416967	1.4170082418266607
KUGWIT	0.0864364484426079	0.17754109155787434	-0.1809803541636772	0.41300209039604846	1.774760896761395
KUGWUF	0.09436492261135676	0.179131218837834	-0.18038012290336253	0.40375511450200446	1.783533459552809
KUGXAM	0.19768568133592002	0.5183593491837217	-0.25147470352481216	0.06287178360404674	2.5267986913249345
KUGXOA	0.06233962379866309	-0.06658921961611977	-0.28904676052070033	0.21157766643540837	1.4332773755165016
KUGXUG	0.22020939766635905	0.43984715956301906	-0.20431800469190875	-0.06905711139269281	2.4908683799098315
KUHRUC	0.4245668874248194	-0.7948207194303585	-0.21057787437821734	-0.08536760192517395	1.6149086614236534
KUHZOC	0.34670717445537225	0.20732326586305366	0.04130911589982385	0.06848418558584884	2.325125893360287
KUHZUI	0.022272853581785323	0.4007512886346826	0.21159952654207204	-0.08520790716841713	2.058006480560183
KULPEO	0.2924738251326424	-0.4940502942390151	-0.10062947243457807	0.11857827662120993	1.4237196088109934
KULPUF	-0.0013143809372158088	0.4725050349759274	-0.4689631888661133	-0.2839348894306684	2.701607834217379
KULQAM	0.002010426381995334	0.47825266414580264	-0.47192747720380235	-0.28139111844424647	2.7063627933897276
KULTAO	0.3648736388596925	-0.8294331142599534	-0.2151192865173291	-0.025033681415321134	1.5244522918029315
KULVIW	-0.09564162304911417	0.4512839672666105	0.001176000001181815	0.02910530213790516	2.199110228259454
KUMXAT	0.13090960522987904	-0.26131115688633644	-0.2766889770741577	0.30235644025480307	1.2609194958272718
KUPFOT	0.4678841274983112	0.0781172133382746	-0.1453891487055504	-0.25575697996977576	2.571821891771183
KUPMEN	0.3884171052054288	0.06150951225513179	-0.2791776050433448	-0.1588225184981585	2.2912417829557588
KUPQEU	0.45417907313403383	0.8864455562696916	0.018949484233094435	-0.02829950634718676	3.965716102269596
KUQDUX	0.8622310028901312	0.445552467208907	0.01640684174013783	-0.4840559819813919	3.646568609331399
KUQJEN	-0.0848348009170854	0.26592616593832474	-0.19640997265666277	-0.22051632391864692	1.9950806896883868
KUQPUJ	0.66782549098457	0.37474554694879364	-0.028449322475611605	-0.2574189919565818	2.997691971123574
KURQAS	0.4681386792591615	-0.3257249592188377	0.14552727921535114	-0.0788203856025052	1.9675049688812307
KUSHOX	0.016743119616792423	0.4896001917696408	-0.41469709342965666	0.12509896652380856	2.296023567656432
KUSREV	0.26914770448349934	-0.22626292983435686	0.30367846110630276	0.08247938876420235	1.664370762957221
KUVPUM	0.2599526384872135	-0.15547599107052915	0.5005546331166415	0.06972700307380969	1.7668376345947083
KUVRAU	0.42217514230746644	0.1414263449437418	0.4639943848973796	0.059938945651127146	2.138080403362744
KUWGUE	0.3595157236727564	0.28989535605175387	-0.2766082077744577	-0.5454487279027083	2.818434468723361
KUYFES	0.6581954851990988	-0.5458994786346745	0.5783645088684479	-0.09019587182241827	1.8048313099510132
KUYNEX	0.30042557406074355	-0.04940011567571137	0.40830161389487923	0.04302443861759396	1.8484418156137319
LABDOL	0.6215443763797541	0.11057913243750514	0.22522825645408084	-0.3159223470407323	2.6284812357097853
LABKEF	0.5331711741022893	-0.06829208431103398	0.5020096896965637	0.09524079968669716	2.0578830277338276
LABKIJ	0.44080133763987384	0.44368976259243503	0.3968779049462877	-0.14629498269425503	2.769289784657736
LACLAF	0.32028370682935847	0.2926541596027828	0.2960169273419736	0.10720293677987419	2.281505403846541
LACWAR	0.5854960604471282	-0.6599878429220203	0.0800851606906537	-0.07583356724081285	1.7674359972631466
LADTET	0.3868286727734116	-0.2730251933386473	-0.1940462688516984	-0.1686888060390942	1.9378384577983274
LAFWOI	0.09880266616654065	-0.05450061637392534	-0.9814614843721368	-0.08402971624082044	1.7782628438766102
LAFZIE	0.2943788980866726	-0.6731800844450819	0.2928134778850504	0.34890366947998913	1.3407607057098465
LAFZOK	0.2522175752565259	-0.1698913100867185	-0.09841117988251954	0.19486424871789793	1.5509232128846429
LAHHOR	0.3066428150774714	0.2934782014686912	-0.2515754713712684	-0.3446290191685085	2.747117089480006
LAJKEP	-0.15632165589759506	0.03761702774451131	0.22080873211109744	0.13415516886443138	1.584193905043613
LALBUV	0.13685346405503385	0.3097958570428253	0.14706159323710238	-0.05475445177302966	2.2515325468367204
LANKAM	0.12316384773986178	-0.5959662521274647	0.4692042426963462	0.3742552018095475	1.2474895539863988
LANMEW	0.21767208662451276	-0.0007908538954417843	-0.34324109796112007	0.20165565399326119	1.792945572620206
LANMOG	0.020195286146369007	0.025610615962531613	-0.5570354997465501	0.023126505523383148	1.6092536709818595
LANMUM	-0.15470327073657275	0.7025767331347532	-0.08756545559616008	0.2830175254498429	2.473225010021792
LAPVEH	-0.14382097231580904	0.4278720733563896	-0.48386339270071843	0.35609923729918386	2.0145337036648487
LAQJAP	0.6865467778456029	-0.2735662771455107	-0.17591701361365786	0.3502079672533319	1.86583515387507
LARZEK	0.25768650364931567	-0.5347917643428388	-0.2602378277221618	-0.045102987569747885	1.5513530850965906
LARZIO	0.23154359270757352	-0.5544554009934517	-0.29863185025019023	-0.020754179815725006	1.5093372482958651
LASTOR	0.5234276193321064	-0.750724684101522	-0.3788355777023845	-0.18419489985222318	1.7396841045515425
LASXIM	-0.10961010631497592	0.2998118237051602	0.1378527505294866	-0.04541746800284613	1.9727872877027524
LASXOS	-0.19508505713054625	0.2837935871640054	0.06168049341682383	0.029244788134070845	1.896748209798242
LATJOF	-0.15757895853241788	0.04417895164715782	0.215507420013449	0.0829273067025379	1.642703810212655
LATJUL	-0.13503540391686153	0.1190056867036457	0.190485815886969	0.07597593527506658	1.686474648685654
LAVNED	0.29693185345370043	-0.13444442397341153	0.16321208599806214	0.12113832221107734	1.673749881500203
LAVYAJ	0.638583426377533	0.19276262900501767	-0.13626180277505862	-0.28347314288110426	3.024245309804022
LAWKIH	0.6983884786241834	-0.2719993016601129	0.16598614319078348	-0.39080013152985016	2.5679872941424158
LAXCOF	0.7184111463874414	-0.9983184837011978	-0.5853467130165741	0.02418121250810172	1.539782936136749
LAXGOI	0.33748725337814545	-0.03768911000776322	-0.08663801867697787	-0.06549273036206732	1.92104350422404
LAYQUY	0.32248174130688856	-0.9964765993742859	-0.18130635581039511	0.11087392757977729	1.384161625139583
LAYRAF	0.4629270282847733	-0.653738316365162	0.09446005728105468	-0.09035984407589279	1.683283356124555
LAYREJ	0.3217811665896715	-0.9968881689210092	-0.18131037260946364	0.11161228816477672	1.3810296566414988
LAYVOX	0.4190091602909112	0.6271053819059096	-0.09707861801281728	-0.059278755222753346	3.0757139240538063
LECNUD	0.2815553846143306	0.2869849670149595	-0.18383279667582397	0.26071708915545433	2.158265543186802
LEDKUA	0.5763026095097246	0.2210105435226556	0.5663988839912841	0.02487055388742916	2.3926644688118723
LEJWON	0.08309459769599226	-0.444963066922195	0.48301466719790576	0.13932359060899072	1.502639534385029
LEJWUT	-0.028188538306426203	-1.4055835098763032	-0.29003154484923843	0.5902299823779218	1.3628325056315251
LEKJUH	0.3947679242399076	0.0679167029324389	0.4949369857719389	0.08524203194839367	2.0320377063530195
LEKQEY	0.4431143266181925	0.12624588810776546	0.14458840893037997	0.11052552587332815	2.1886021644473725
LEKQIC	0.7747637142987402	0.2100129129566365	0.7968864939152764	-0.0723808829927347	2.7027273089071784
LEMNEX	0.3179414779782306	0.33684393963021736	0.294744266870621	-0.42608566787894436	3.023322442372031
LEMRUQ	0.4978847184922923	0.19236579464743037	0.6101087884397323	0.19311655857385113	2.238760872536109
LENTAZ	0.4592778549844745	-0.17218767708170857	0.7443687993437877	0.17777201043282342	1.7195406907886912
LEQWAG	0.11544338957537059	-0.09892755532328489	-0.29636297529225275	0.3872468243143797	1.5389877990994572
LEQWEK	0.4606883940884021	-0.2948344741043387	-0.14077490119406516	0.07052071737165194	1.7424995558691312
LERXIQ	0.44631394051500184	0.18607242146229253	0.3587119361346754	-0.11178694165549549	2.400320095650378
LESNAY	0.5380188038327534	-0.17550060295214062	-0.11209616392427235	-0.4152853839181539	2.580731041577976
LESNAZ	0.19813384588927718	-1.0815644059296718	-0.20877109414097045	0.4348866883442329	1.1692955374414626
LETLEC	-0.06077711415909848	0.43067708584178194	0.19539065663064384	-0.2698637754399182	2.4265571188090624
LEVCUL	-0.14999901593338416	0.6514431046413651	-0.3158120014561762	0.33405348611872426	2.3519297084606143
LEVKEG	0.47327533039666214	-0.6953335475690394	-0.17666342384322709	-0.18300661587040057	1.810013023066491
LEVYET	-0.15115566996487884	0.70732436869017	-0.2252516412228589	0.23388144631940683	2.4637624065346424
LEXLOQ	0.30552656190332694	0.41139698573082734	-0.42987384135522844	-0.08913276996144007	2.582093113607239
LEXLUW	0.3126817321390494	-0.08194209087213103	0.6464409555708046	0.09725052205229268	1.7958514990600962
LEXMAD	0.3477215081057956	0.050817130653754455	0.6520767499743982	0.05294017142022181	1.9230552913278103
LEXSUF	-0.262340028335601	0.5316792368690682	-0.40355919289146214	0.5133879532687293	2.2054609150869426
LEZTUF	0.4537525497378523	-0.014055103568192992	0.4829946348845166	0.12109623690904775	1.892105583502501
LEZVAN	0.40370807802808617	0.12989809050173703	0.11770142279772675	0.1287686652693952	2.1223518645198163
LIBBIJ	0.5821636627499185	0.021131449539829844	0.5736107822367262	0.09397115573490925	2.069989068640775
LIBQEW	0.04700541528400626	-0.22082089198866628	0.139328631466885	0.4138417254090751	1.3237428020826876
LIBVOH	-0.1307095310103059	0.32067558116699624	0.08627625704294578	0.005504549660491839	2.0316137777766077
LICYED	0.26814420660044647	-0.48257070844655164	-0.057686306878369537	0.10085070289341863	1.4387834532727408
LICYIH	0.27288001598382916	-0.4720751493518991	-0.07019305070226559	0.10805784502010041	1.4368797786361043
LICYON	0.2603820854439425	-0.48638619180848275	-0.10542544969744219	0.10454804678909826	1.437942322475959
LICYUT	0.25944406459683567	-0.4873020596349351	-0.10247516685783667	0.09955719453329315	1.446229981462547
LICZAA	0.2882442107492036	-0.43616400053018634	-0.07682479067915318	0.026560793984182943	1.5444424390088098
LIFCEM	-0.011625811329342373	1.1271832385596707	0.23103689921177445	-0.11280717644645452	3.350724961483201
LIFNAP	0.14970965693531202	-0.024821938208354488	-0.30149224023288096	-0.0634907432485294	1.9843253542925456
LIFSOM	0.1633062463301318	0.3328361497571387	-0.09644214505100643	-0.10882360505911179	2.269303549204629
LIFTAZ	0.14001927600942032	0.17738870533081152	-0.5816307551673097	0.21626367450188272	1.855887475273819
LIFTIH	0.14213247279655317	0.6884363567975584	-0.44423699364818625	0.3518340445244252	2.806762131110375
LIFVUU	0.4722046075566455	0.2727535510738461	0.3399272483585924	0.06428737452353606	2.4167896236832456
LIFZUY	0.4536985649910088	-0.6362415620543191	-0.03738619436629481	-0.07898437104472696	1.672945802224872
LIGBEL	0.46546289091973225	-0.6240565675406959	-0.08854812322640784	-0.11692551632373088	1.7006154513431446
LIHBOT	0.4108521886870218	-0.49456853466133816	-0.21013463124166454	-0.289677689468866	1.983117728618077
LIHGIT	0.08069845172904122	0.5766656031552133	0.05354047712300954	-0.14048902495742893	2.3660996206364273
LIHGOZ	0.37842411796556963	-0.08753163105863443	-0.019115150932228236	0.08413257145838085	1.8654764544464313
LIJHOD	0.10265966846619756	0.43063352095350144	-0.2265861154230222	0.3341694513419088	2.2340695645867608
LIJJAR	0.13665176475308938	0.3882432688244655	-0.2908490137265851	0.18084196044014755	2.276463008624475
LIJJEV	0.05842350927261197	0.43347622496602173	-0.2439694116929803	0.37995242163477866	2.198744214474991
LIJROP	0.47096127403202637	0.2536759842546196	-0.2172764409980304	-0.14285610060644893	2.627086611037251
LIKJIB	0.2011370746502168	0.21154987811958514	0.739707593966693	0.01623304430485431	2.0685187716867657
LILNOM	-0.2203741266882986	-0.07560004567620127	-0.4965645047641266	-0.005886460999080523	1.4350639849769324
LILNUS	-0.1948476390517766	-0.06642328871373215	-0.5000337318044217	0.05802514810047277	1.4000602938897517
LILPAA	-0.21662505964736622	-0.061403726198613985	-0.5060743424954051	0.0904637847680361	1.3873561434613455
LILWEJ	0.11223755697795923	-0.19779757203628467	-0.46758945610880653	-0.14125694833017266	1.6374051555830382
LILWIN	0.12795223914001053	-0.19534094910775934	-0.4803800341680967	-0.1484573399803873	1.656020891669785
LIMQOO	0.12181628395642763	-0.87767526870479	-0.4053985084874769	0.3830428670204605	1.0550097229655626
LIMQUU	0.23286298816612971	0.27759953142072596	-0.18416642606093042	-0.18751083349305675	2.434228397251056
LINRAC	0.5441185460939302	-0.5181695951554536	0.08726669407541043	-0.07253862977227483	1.8207535647037274
LINREG	0.5209759991123315	-0.5492627026037441	0.08679511258708134	-0.033970289903132625	1.7850666297406799
LINROQ	0.15534769783747038	-0.9636445313310542	-0.08457107008930556	0.23849708921282942	1.2737061446872011
LIQXAL	0.49836361479203006	0.035700760605260395	0.5617334744969729	0.10777366489598592	2.005538135560793
LIQXEP	0.4507991440285162	-0.14107485836029893	0.7814354002857858	0.15087505978419347	1.7244047836725156
LIRDUM	0.12305172507407214	0.41982600033462886	0.4228696076322969	0.0679353543944351	2.2051651042796903
LIRFIC	0.27958192963663375	0.4350968299023175	0.5991568137917029	0.017606907918651937	2.3725391133636964
LIRFOI	0.15381793117121711	0.16128532899897075	0.09452111358818661	0.33655551244443693	1.863176835974881
LIRFUO	0.3694302560972549	-0.07565832771716849	0.683882959825517	0.2568600136780956	1.8107420423847238
LIVREN	0.3134055642106359	-0.2033096713174	0.4314265599278414	0.1554769236659422	1.654260592558323
LIVVET	0.48725679968486535	-0.0026459535453456917	0.43949376972659254	-0.28494721974041504	2.1762385192504414
LIWCUT	0.1432824864285216	-0.0858546147208448	-0.32465745676777213	0.2866618126106504	1.5800294543713778
LIXGOS	0.305129537599794	0.09005916232091057	0.795753679368095	0.016313028120531536	1.9792454439539033
LIXNEL	0.6705760343570626	0.3193259970923445	0.19876946283391383	-0.08610623582038271	2.7581311737017327
LIXSAO	0.546504369345274	-0.5796876173522225	0.061711699047142986	-0.1882808054175048	1.8988692963610077
LIZSES	0.26953669994181784	0.5959502391612281	0.44998277223038136	0.041172625989444905	2.774826888410863
LOCHAN	0.6508010635498209	-0.01806989128967232	-0.10010412218256193	-0.42253249395926185	2.4909916881444323
LOCNEY	0.17140387152996084	0.570798797434303	-0.026169492174189624	0.00039456600688130006	2.592192675887273
LOCNIC	0.3986741650970034	0.31354797479596486	0.018426139338285838	0.06213216410534553	2.4658631669602586
LODQOM	0.668942193281711	-0.41959068387059584	0.10965120802185488	-0.1199474640415859	2.097691529951216
LODSIK	0.538103982050683	-0.7051066925733747	0.26126771070921806	-0.14169978980020315	1.7668536627118279
LODSOQ	0.4738821573413885	0.1162534771294281	0.14274472092434176	-0.12328325991837644	2.363674301909805
LODVIJ	0.1748392445202529	0.04769247012164121	-0.25699520722333297	0.324313379746623	1.7335378390220963
LOFWAH	0.013454191433648788	0.15417142047645838	-0.5787893142472347	0.44705028714116085	1.7044567020014076
LOFWOV	0.15570247228585377	0.43167518340475247	-0.5078511729591244	0.5555426843165898	2.408571051328674
LOGMUS	0.31797059430976127	0.37163384476810735	-0.4165417808092641	-0.19995166227052283	2.599407012942012
LOGRAD	0.3276029374307088	0.36269859558291917	-0.44729110916639747	-0.21770559002182877	2.6140650125140708
LOKQAD	0.018427800020861973	0.2552358876219869	-0.24784964623423772	-0.3820031787923202	2.473598004823947
LOKQOR	0.3645942148649155	-0.11098334952314567	0.6344616266632154	0.17403916082688817	1.7698761271066195
LOKZIX	0.3140166801094688	-0.49187311223929375	-0.12188729188374176	0.15448703740086903	1.452963350236263
LOLKOO	0.5840871763665758	0.01806803475088556	0.5612962060182116	0.09291713723633765	2.080813347787901
LOLKUU	0.5627069924283932	-0.03997935768763272	0.5454572955636335	0.11029750639549168	1.9763257723923833
LOPLUX	0.0859406337169748	0.023448638321318105	0.27691078967669036	0.11516618386055327	1.649516474404461
LOPTAM	0.20170723053238726	-0.18098418568031643	-0.47427178560848104	-0.10191151352121437	1.8066629738853526
LOPTEQ	0.18429655679231072	-0.22422061919067876	-0.5180665087114142	-0.12456325284963544	1.7617176636893135
LOPXAQ	0.21941984786115576	-0.018495979859428635	-0.4366407874882038	-0.11761932427076024	2.115389050779694
LOQBOI	0.48458737886064984	0.13396057103285264	0.6826239675497775	-0.00965544001138409	2.164785575232252
LORJUA	0.21618036995036638	-0.09145322143752457	-0.24730934087497486	0.22504245049765936	1.550665639528653
LOVROG	0.27172019835766203	0.5579011432199046	0.15799959375652373	0.23540287362045947	2.474041909478284
LUCBUJ	0.4584491106525581	-0.31562059199623355	0.03398593470873154	-0.17026164544113653	1.901574541024141
LUCHAV	0.5406686787348827	0.07658050108241052	0.21895035652145795	-0.10927334859818578	2.4415154775904324
LUFDAS	0.398661209618834	0.20395126143114917	0.1973836005277005	-0.1625912054928172	2.19597633320542
LUFHOM	-0.17465063738161213	0.41572641606894484	-0.36387035809769874	-0.5547947064622714	2.7747852917563858
LUFJOO	0.4316225237219724	0.05167995443107867	0.5072806262111061	0.1092501959790802	2.022089041817682
LUGBEV	0.19815737097461428	-0.12240748938232124	-0.4186347937924576	-0.09905338154489535	1.8751408430807772
LUGNOQ	0.21825214376198376	0.0014320654011048956	-0.31783841362109544	0.1283680607894126	1.6638065010256287
LUGNUW	0.12563633658756324	0.24507419459473695	-0.5758666989611971	0.08714251465924983	1.9026820581742747
LUGPAE	-0.011270069843049235	0.44501273367684563	-0.49264976405377114	0.1982541987604915	2.1797629574821773
LUGYOB	0.4235134344400189	0.05596628093471559	-0.349852093578911	0.0312942565568419	2.0677700008217332
LUHNUA	0.2867861675174739	0.09406458030888587	-0.2834668952693103	-0.11800752810977823	2.2447604207322183
LUHYIW	0.32712322807734484	0.1561232745426836	0.13852541294179593	0.1150783459628657	2.0344860163066407
LULSET	0.5020936913300194	0.30216456445516715	0.4453935510525207	0.0438261526777189	2.44800246163387
LUMQUI	0.18438892951908592	0.5694011574940221	-0.6214744937329888	-0.49051138505503666	3.389122105530371
LUNGOS	0.06341167998798003	0.4133838944873573	-0.43443887638286705	-0.038555338165082866	2.2324405085605283
LUQWUS	0.2691425120075275	-0.04782880120995267	-0.2328578243078126	0.21955257610920215	1.607192655019474
LUQXAZ	0.22637496761298603	-0.12285213101371581	-0.2245822437122723	0.2901938593626905	1.492404288094192
LUQYEB	0.45635940830900523	0.2911381803941657	0.3988287017922181	0.04315974550643477	2.3736549607328916
LURXON	0.3437283122589614	0.10812299592469518	0.4113370209689348	0.07207402006182906	2.0809327766561707
LURXUT	0.31187967400908256	-0.21153208366165321	0.3301579601209654	0.18325538917546125	1.6141673079928625
LUSCEI	-0.021192407449373007	0.4520812452445933	-0.5892689835527994	-0.1970826724637016	2.732778659224472
LUSZAC	0.5796990710052494	0.2523869065064616	0.741686459325936	0.1773569845979062	2.178240249194481
LUSZEG	0.6465779355009209	0.1548918523353972	0.7840747333832171	0.015593262088726745	2.280241709654455
LUSZUW	0.5857708460433635	0.13936585989881461	0.7908883670681313	0.19152322131780225	1.9972900032214134
LUTBAF	0.4897678383059043	0.4778324075755805	0.6418798611751414	-0.05784785545433538	2.605673804408614
LUTFAJ	0.3043814428883227	0.2574526799567228	-0.04171420133997597	-0.056097591462324264	2.1433781832629237
LUTFEN	-0.0025303638002545092	0.1402564859551882	-0.12731278776210178	0.09849683196051656	1.8450431282917608
LUTGEO	0.44319966809133327	-0.5778317080594892	-0.19208642241906954	-0.25892041654842	1.9268705672430144
LUTVIF	0.24663899321211602	0.4583589723332316	-0.12487475040982171	0.4759897165848092	2.2819859597103167
LUVTUT	0.010294108054393458	-0.3962914235633256	-0.4233419703121186	0.2349767034222916	1.1641596476277412
LUVVAB	0.06593819385993527	-0.25651405815779127	-0.44277822589201865	-0.003288689090696101	1.3702593845191309
LUWPAU	0.623116440591013	-0.27578776224791135	-0.16768084580182235	-0.4746959512894594	2.2902053937301896
LUWSUS	0.45869393457495544	-0.7178999107577053	0.18291394870445235	0.016666400980283727	1.637846849725364
LUWTED	0.45749362803857974	-0.7206156364328806	0.17834588812045493	0.021416637769470545	1.635422152358146
LUWTOO	0.4583022410830182	0.4598598473099342	0.3231384807793931	-0.04106347090219182	2.7114790686344827
LUWTUU	0.4345329034784484	0.47659363731955723	0.3115241520047244	-0.047409450872829564	2.683080966784616
LUXFAL	0.12295880059261055	-0.21548850975756006	-0.3752746876719946	0.03302901480661491	1.655604735434498
LUXFEP	0.5549945542014614	-0.012856399472955582	-0.1255780616449827	-0.31337056412451975	2.4954754239972927
LUXJUJ	0.7385996684721885	0.05355791149155392	0.06699633935298777	-0.2709165444460914	2.878867727076666
LUXPEB	0.5143709284364846	-0.07415189375963799	0.020507874795752765	-0.4060517864734421	2.5498204337549115
LUXPIF	0.39461971641000115	-0.11072729440664777	-0.01128173346713457	-0.32649797748831794	2.3151176138335474
LUXPOL	0.5243332701233658	-0.030642385904020908	0.027890556598077508	-0.3895133161681384	2.572802736533207
LUYDIV	0.6181773194633395	-0.01197114829930293	-0.07754938821831892	-0.03884685927078102	2.2902341756655202
LUYMEX	0.3967789300281481	0.6578109473619866	-0.13460272448548333	-0.08208199533519955	3.3737492739439343
LUYXUZ	0.5442159047972073	-0.05323171234475785	-0.010315298103775725	0.2595021339217984	1.8012076515630806
LUYYAG	0.26207076623938086	-0.15004296775663656	-0.2641810035224159	0.2188978533000504	1.4780443876206597
MACPFE	0.1830478166795908	0.12891397311635622	0.31129911525202664	-0.047472821958119096	2.016516206712301
MACYIZ	0.5094682325309536	0.15727772941249418	0.5105266116105494	-0.009674728891735415	2.379164532525778
MAFMUE	0.6112774857675616	-0.9449374009919442	-0.6281165609700272	0.13439468516431763	1.412543465227462
MAFOTR	0.1509706745099848	-0.47486595075008936	-0.07357917556945204	0.09379174200682056	1.4337815356181391
MAHXOJ	0.6374020146229693	0.07345779846510986	0.05568797250514766	-0.17805806640850116	2.5516890568128625
MAJVOK	-0.13773528161665238	0.3874953562937728	0.039890892981857426	0.231119477597231	1.8378324627217117
MAKJIR	0.26861324208714876	0.5536288323168894	-0.20206009600770092	-0.022895474753685786	2.9000095983004694
MALGAI	0.03621036445921311	0.47779539275319033	0.017641414190484705	-0.13162140091511543	2.4934883587179657
MALGIQ	0.42576162783971583	0.05582386696764094	0.0758837998791903	-0.1928733667785909	2.483755826596447
MAMNOD	0.5584134484240204	-0.12662158848540989	-0.3181420091306436	-0.20715715977667493	2.1926134872403784
MAMRUN	0.2712465746027055	-0.24265104223849965	0.38403626475396857	0.18701505189812456	1.5675950080613323
MAMSAU	0.29118729919432873	-0.33154227081168036	0.3284473808080055	0.18026839957680107	1.5081407651534635
MAMSIC	0.2850779997232191	0.2823246923523519	0.590111278381506	0.01862356187232911	2.194859924812521
MANVEC	0.05638856095240907	-0.43085090867776854	0.21620278305546353	0.22616305941660325	1.3499127073339021
MAPSEC	0.6570100667578718	-0.5459538326159381	-0.1867606895628029	-0.16034567086515755	1.9272953961148518
MARFET	0.3472332353308065	0.5537189251381671	0.5086712325210802	-0.07869022945399094	2.841865515163704
MARFIX	0.3730632862128367	0.8909098716639605	0.4696459117599565	-0.041806766073820306	3.6491716011082405
MARJEV	0.3010469893924306	-0.325814225303137	-0.47056071206316696	0.39309371516175773	1.3916342631363756
MARJIZ	0.3573761608775561	-0.2639394829420003	-0.16810366067190535	0.3803225037805685	1.5969204349811312
MASNUR	-0.1918800859986569	0.3838128664695531	-0.6014008240327011	0.3843801946524256	1.9489694198062368
MASPAZ	-0.1137137026427002	0.20855866743760454	-0.6577118402438079	0.28524752033527817	1.776778598384815
MASPED	-0.05155340863635649	0.39322101024662365	-0.3372270424337964	0.42753197889842026	2.015114318541594
MASPIH	0.17434399866131756	-0.6019591318784131	-0.1406890186224859	0.19066041485424218	1.3106349931269237
MASPON	-0.05814412756860632	-0.6415835812356281	-0.33150578994481095	0.3009872580015816	1.1153555671433022
MASQAA	-0.11046093102870724	0.09519263290700128	-0.5688248469723373	0.4425581120906949	1.5853466462525123
MATBEO	0.4772410881072737	-0.181340562818577	0.6848899608593579	0.16027489051057497	1.7204851453817773
MATFUL	0.460966384288823	-0.4471828588363926	-0.09844155370971272	-0.21931597929005656	1.8627794201226782
MATGAS	0.5450991125707407	-0.4155618336743297	-0.019873692353375952	-0.12822596999581087	1.9216243502894024
MATGEW	0.6017581931524001	-0.16316883643093827	0.021091575932414244	-0.24046319156436347	2.2485260227997044
MATGIA	0.5288464805322484	-0.15381487907274022	-0.06895241683072328	-0.18993003497550004	2.1079876425969917
MATHAT	0.4135404882370084	-0.3322866105024225	-0.2568724603130891	-0.28783481856678167	1.9385105471449668
MATKIE	0.4950677915166697	-0.2559550466717877	-0.2554567241922426	-0.27099435231358626	2.3481915582274158
MATXAH	0.5484572650004846	0.16774245554455003	-0.10946267638314483	-0.17982197248942258	2.513697545848837
MATXEL	0.48773098594999187	0.1955948745916734	-0.21787690749541022	-0.09577838763749612	2.5392102874005094
MAWLOL	0.6172153783319221	0.0037229309178031522	0.0170257969663431	-0.10146671048280563	2.407920859777364
MAXCAR	0.6826223068561763	0.471722005462577	-0.13369616335255033	-0.05542363194011158	3.330034251754049
MAXGIE	0.4573530372556327	-0.20685691799691158	-0.10937103773910464	0.06651654425602224	1.778811553334168
MAXGOK	0.3049589313101375	-0.4626920588109255	-0.4105702622029236	0.02450084857554599	1.5139806959609203
MAXGUQ	0.48281304611017983	-0.19831016194127488	-0.08929465738940637	0.06557199817315135	1.8112163014217093
MAXTIO	0.35138535876752464	0.20318570853847945	0.281150868146125	0.0864077344241525	2.2889016934734725
MAYGUR	0.10825360568166476	0.20804244642134273	-0.5047648028539242	0.44082991239397346	1.9756521065647978
MAYHUR	-0.09963584435669892	0.2205010595277161	-0.6612047608755954	0.21155537617042852	1.7254248325844501
MAYLUU	0.5960237328699032	-0.1301008362541986	-0.04996350954409609	-0.2689319124013716	2.2662084165552296
MAZHIH	0.06522227406661374	0.4205406305470251	-0.2380390724830858	0.14524714050679344	2.0540832258741526
MAZHON	0.04585577431940013	0.3341876976099347	-0.26135783139328816	0.28378048454988236	1.8957698598483739
MAZWIT	0.06770980530661808	-0.27246050507105857	-0.5787469775158737	-0.11619615070983991	1.543778783245953
MCINIF	-0.039853472974010096	0.17248015954707374	0.3672918749998373	-0.1207558456847749	1.968387290177286
MEBPOY	0.10572348866374304	-0.3714451288191022	0.5058365875906599	0.12680177841047907	1.485825874272808
MECQUJ	-0.07169836459907986	0.41027842453058566	-0.27739179151582966	-0.21071809222207094	2.1954616315971767
MEDOFE	0.3798573772590821	-0.4055964981796644	0.6786348108632729	0.30494382342307286	1.4855828918364455
MEDWIC	0.28677223265510143	-0.5059120783130076	-0.1576675772177643	0.09186505682274482	1.4218557449109797
MEFFOS	0.14704013675530714	0.20064695648052872	0.07782671141397579	0.22805927940089166	1.9418612037229683
MEFFUY	0.2623195650370489	-0.09478625744295488	0.26354403612000454	0.2925421461868235	1.7014510287868494
MEFZOQ	0.6351914980928939	-0.808835166742859	-0.17365351615226693	-0.03424318219985517	1.7104411555603063
MEGHOW	0.3661356142496919	0.22157766551299163	-0.1217275208518444	0.5302713341808423	2.0271103789058045
MEGHUC	0.33223936463126513	0.2988303505704938	-0.2402862620670163	0.12912920303431577	2.308118888089775
MEJPAV	0.4426429898191433	0.4488818641514896	-0.22064899667794663	-0.057402581441850724	2.7661037230164607
MEJVAB	0.6221958870764732	0.14301722469508216	-0.060145653154682344	-0.21068636371971505	2.7019591581027473
MEJWUV	0.5361226676126405	-0.3690298977306759	-0.02331316749438149	-0.14060515205415886	1.9630515122957788
MEJZAC	0.40205513176196384	0.45915444574130143	0.3689533534832525	-0.0995475031548379	2.7354314983215335
MEJZOQ	0.40694392549460456	0.5544395534070357	0.3638292880980299	-0.09565015435204485	2.8564492321415367
MEJZUW	0.3466471526198873	0.37975125405435944	0.34147619961235387	-0.11178249029502567	2.581812233187571
MEKBEJ	0.3608538253766209	0.4477161859925129	0.36349572942248803	-0.136744906563717	2.7003575148297916
MEKBUZ	0.48033951214415715	0.3966356140828063	0.4044816572753247	-0.14982283898124554	2.8161221411756054
MEKCAG	0.4282333005891221	0.30839769572298703	0.12585954375292022	-0.20692523342535019	2.7804880851022045
MEKCIO	0.4334153424345786	0.3542334824322081	0.10467094298816586	-0.24108273829678598	2.951062405599557
MEKNIZ	0.7559474902601959	-0.642080677422544	-0.4019001829000498	0.006040347651275008	1.6977494774626525
MEKNOF	0.875511303737297	-0.7736408849025862	-0.21161505302486988	0.154816906805973	1.5836671607451318
MELBOU	0.07392818933395384	-0.4346785293909581	-0.6712609142635388	-0.26524144764307056	1.543840966891695
MEMYIN	0.2642882998964069	-0.9111948675286752	-0.34337044053483107	0.09330395600473759	1.401562965802117
MENHOF	0.3982118580739584	-0.026707637841023507	0.9011859462569011	0.1205291408209406	1.8373107144168221
MENHUL	0.39108944540056	0.006491202874311902	0.8698747496333217	0.09583417961930601	1.8882610779586049
MENJAT	0.23689302979039173	0.12273196162986286	0.7335000716564165	0.06512179587668471	1.9307012648830315
MENJEX	0.3298720996236808	0.012586141192395373	0.7211418861513604	0.076651410349132	1.9586804411971923
MENJIB	0.4920728768948326	-0.21745426992456385	0.8794226147635387	0.23865303383934622	1.6978626910354508
MENMUR	0.6785570518542894	-0.6793107953545425	-0.3848463319843158	0.07000972988033527	1.6268352881424912
MERLIF	0.31314104112408714	-0.4811383710496413	-0.13001887736975584	0.10098581801477033	1.4576315272404916
MERPIM	0.15005324818919474	-0.5651260946008315	-0.23441072683195774	0.1583706536540028	1.3739018484917498
MERPUY	0.03586942253744008	0.0564478422071808	-0.34932634104437915	0.2429473456298195	1.6647598391186103
MESGEW	0.9054197129471717	-0.9706447990424916	-0.9643626957492926	-0.014148936868000561	1.3575546488485948
METGIB	0.09573241056578308	0.870546238059273	-0.26748451221829017	0.22243916957266613	3.1697786859429318
METYEQ	0.6388328455662702	0.18858092384175246	-0.13675592397444414	-0.2878087709904056	3.0269134488594105
MEWCAU	0.4890838513483482	0.0752522588446678	0.08334495198606255	-0.14281772190537567	2.359750925450986
MEWLUZ	0.31563023750875097	-0.14909351681347394	0.7187655726251235	0.20400381894304526	1.5520030583617637
MEXFUS	0.45533958263280017	0.2860231560674557	-0.10610591573674025	-0.2964614941689683	3.0378462411860223
MEZBEY	0.09755132567740343	-0.2987045584730972	-0.3519517316521406	0.07566526134458124	1.4007354116656245
MEZBOI	-0.040145956467903865	0.5436656559451025	-0.33513142017491365	0.3388061078362015	2.1338650899594453
MEZWAR	0.25612542006850436	-0.794108131697725	-0.5347160661570621	-0.14858977597891232	1.5736935763681346
MEZYUN	0.057148582921983326	0.33454204546876715	-0.416420845923535	-0.23545884362454267	2.463168869466863
MHCOFE	0.4037296374738366	0.05738697373344048	0.48151748492133634	-0.027479028278390938	2.0128370450964073
MIBYUU	0.2289762298794904	-0.1330822275146247	0.014617728549464276	0.08012300502511288	1.7474795041133326
MICZUV	0.1241221136158237	-0.14310359694974145	0.0878351738431192	-0.1341746476737328	1.5809227451828938
MIFJIV	0.2868764192477782	-0.4996831151333205	-0.15719889763490627	0.09007422988170932	1.4236391599854734
MIFRIF	0.5739422170698356	-0.37872491205077913	0.1457686642636172	-0.16568575654331388	2.0362581846659498
MIFSAY	0.5720559094129696	-0.6420417039390447	0.26344941340244654	0.02259345093676575	1.7579199206666918
MIFSEC	0.6266189406574885	-0.45349676604385114	0.4552185007995469	-0.1158355881827946	2.0306027103157
MIGDAI	0.12855139372362734	-0.177126917780412	-0.5186079310580481	-0.04606100960703452	1.5192886155712242
MIHBUC	0.563685191161527	-0.6550147085938753	0.09959251519303962	-0.10074418707917765	1.772539817648594
MIJJOE	0.4100953548755415	0.028668590673648908	0.7770192765043276	-0.06416634078161522	2.0429974705644467
MIJJOH	0.36896490763543177	0.7040482547871012	-0.16891865258203226	-0.07804652775326994	3.3214250961580984
MIJJUN	0.376162575893356	0.6987788576704659	-0.17151228863160634	-0.07680242799009449	3.317081527673086
MILBAO	0.6039816472432511	0.5005348191591417	0.013888053825725097	-0.14117366236928383	3.0835742161251503
MILNUQ	0.046428350135286234	-0.37931443748926813	0.6441256930980669	0.251417405696654	1.4067321522295826
MINWAJ	0.2708553354607073	0.08340745566279836	-0.4397750373855862	-0.06211690523474102	2.0070838983834323
MIPKIH	0.7251872078380961	-0.18217596444494044	0.19461615995966397	-0.2611454951411464	2.301452078845326
MIPKON	0.6168729375059705	-0.3033038385258904	0.188766721150339	-0.12384420186260986	1.8823439318171133
MIPKUT	0.7060853658538759	-0.19800145784388457	0.27459948939131934	-0.22401160002186243	2.1676770449138716
MIPLAA	0.7238655493268036	-0.1579531389165891	0.18312076965695034	-0.27389814895291553	2.327938637841214
MIPLEE	0.5991118791245462	-0.2972466588505892	0.12958459444395595	-0.17696361010782125	1.961718582942283
MIPLII	0.5907614298894792	-0.13295992354817968	0.08441267322729551	-0.18434715732954993	2.069752785306976
MIPLOO	0.7228469108015911	-0.1489581842322336	0.22253571249369916	-0.21038488491564497	2.2311724781343583
MIPMAB	0.8884541455516759	0.2777624677628343	0.2904606016370499	-0.3596122060873189	3.0922846945481224
MIQBOE	0.682878179017866	0.5574415545763873	-0.08996783447385187	-0.3409860097307957	3.7974695711612108
MIRQIR	0.15886872132252083	0.42767631733893324	-0.09672767821693917	0.2672843154633616	2.2524375437817983
MISQAI	-0.03373338752195609	0.5899958348066232	-0.30152373058493515	-0.07741668415774447	2.574859523686952
MISQEM	0.2283183802944988	0.49109807071633366	-0.16710307109455735	-0.1716947817618451	2.9192553095702545
MITJEI	0.49482563896412124	-0.4104741300390784	0.03320266825386531	-0.0627030265481569	1.8620331731910875
MITJIM	0.699208259744843	-0.3645700867169235	0.21733807147630274	-0.08672100649830053	1.9713097388633471
MITYEU	0.1125481631058145	-0.1016224040331231	-0.4396708088248884	-0.07141572810321105	1.712476806694255
MIVQIT	0.06108456639786253	0.2980132345874688	-0.09074144255148872	0.06171345579291407	2.060624467626978
MIVQOZ	0.0782450712485181	0.3959820482976742	-0.08996464644683733	-0.07177737051196925	2.3170288959122263
MIWWOF	-0.08442133244579919	0.1373644813485942	-0.1782737955545683	-0.2546807853912678	1.9659603432340078
MIXKOV	0.31881793226671995	-0.13762513687689265	-0.20421634571520753	0.052928919333701946	1.714686465416566
MIYMIQ	0.48644561029670275	0.3056237043480377	0.6426325823676068	0.05967624621641934	2.3995267246488208
MIZKAH	-0.057119451009958855	-0.07007228570537359	0.03227637299297571	0.1895242925363103	1.5157706865617901
MOBKOE	-0.32679081788656994	0.5830694666045775	-0.7401400004100621	0.40851469289938086	2.22278990758287
MOBNOH	0.04326784863855515	-0.3273288579902991	-0.6593676214661368	0.3506315173084641	1.209978315630789
MOBNUN	0.014415443202176359	-0.1661097438530074	-0.08589149849740832	0.042430545032841535	1.4911656891984553
MOBTEC	-0.14222608179971497	0.21786624328005982	0.15505211282070136	-0.043128990728830724	1.8429162618313535
MODXEL	0.5125908918213335	-0.7046654526640497	-0.019614966840385176	-0.012640416840534907	1.4961766413168003
MOFMAV	0.292854807360416	0.2841156644075165	-0.3988507017978662	0.2205587941589815	2.332749721209352
MOGFAQ	0.5938841055881561	-0.8843322170903984	-0.5005295663476125	0.12372295957543611	1.448294999602683
MOHCFE	0.3024088250454824	-0.04352639365762066	0.6715874301290211	0.019618552038116466	1.8442952393219376
MOHXIQ	0.4144814224547675	0.14646347757147316	0.4135562587673062	-0.006747536838153337	2.1479834902374173
MOHXOW	0.46060431652323697	-0.22381006462780637	0.44626330227594124	0.2229992328549239	1.6207732950998177
MOHXUC	0.520467644626426	0.32649714902824317	0.34583992452767937	-0.4182896147316803	3.029017132205135
MOJGEY	0.5943811274010447	0.4880940120108859	-0.20233628360480893	-0.1642435147956791	3.3186760801953348
MOLXEQ	0.3380404045609069	0.0853497450962446	-0.17518582552648065	-0.032790261772439926	2.1369527728913362
MONFOL	0.38664030160441865	-0.6751098200027494	-0.19320422055604053	-0.24321145684039064	1.743743175485528
MONSIT	0.22740867633482642	-0.47781432844443983	-0.30166797900855064	-0.1442742171790854	1.681211555721205
MONSOZ	0.21447249898436116	-0.19677864763128167	-0.37078888686241596	-0.18796130306318137	1.7694529702193225
MONSUF	0.16775769425368825	-0.17870414553507855	-0.3427810901085787	-0.1832246058795281	1.7552314216049423
MONTEQ	0.14974236477739788	-0.14883126672988356	-0.3167969261720013	-0.18815115426592738	1.789619514980939
MONTIU	0.07903438030092103	-0.13981213417370827	-0.3182188909544764	-0.19264046346980412	1.7471071736411266
MONYIX	0.04309965668611859	0.16711316384884894	-0.523839757461918	0.4176598418535431	1.7553676818965032
MONYOD	-0.04566690431814946	0.5568834181821376	-0.7092772881266617	0.34627310645352893	2.5535609999269804
MONYUJ	0.09592421137148266	0.15625701328912733	-0.6478339578773342	0.4542208411894358	1.8339209213249603
MONZAQ	0.0919170504499669	0.15871367244265644	-0.6530514278949292	0.45569942182800566	1.8402711027181515
MONZIY	0.45676692553580445	0.1802205309213582	-0.13621020342771986	-0.2533581872285998	2.6330276657138483
MOPVOD	0.41978590489383194	-0.2895147113138987	0.0773138570630266	-0.056349855416720336	1.8063118013897568
MOSKUC	0.6234245922473809	-0.580396922529794	0.2790335726261972	-0.11513842492759985	1.7974961548536896
MOSLAJ	0.6225652575757072	-0.6480154457748017	-0.11322969989742054	-0.06251363472190431	1.7645367342558445
MOSYOL	0.26623524802035625	-0.4037436388137223	-0.43476613685518417	0.5937420658285566	1.3364293612795368
MOTNER	-0.06486935997070464	-0.3504193798167212	-0.610607776333897	-0.03623417283664693	1.3528065479208131
MOVZEF	0.13813558556706607	-0.0018916190437872488	0.3136188131592996	-0.10403872171421338	1.800675984813668
MOWTEY	0.4304816115467691	0.1702567595471095	-0.08569507794076814	0.08591468394820181	2.3004734785944017
MOWTIC	0.49472448608879205	-0.07482167847710688	-0.09536614161368465	0.18235532852677494	1.8863399300318848
MOWTOI	0.2997099548578239	-0.03544213694454827	-0.16753428640546997	0.33401784463024403	1.770404299972452
MOWTUO	0.33723593787274186	-0.1486649720261988	-0.2866801854835642	0.2562984060867367	1.6502100893293519
MOWVAW	0.6377395195528832	-0.11466180384877606	0.2296579641708234	0.17885940786248422	2.02616865281294
MOWVOK	0.3210389961901088	-0.029285092966231552	-0.17481219249069407	0.18868448799765425	1.8623293941262447
MOWWEB	0.5195292052178662	-0.5202066009525499	0.04703762822553647	0.3217620167150917	1.4790870921835635
MOWWIF	0.2067373039191236	-0.7169159139907446	-0.7312428563964395	0.2496791340841178	1.2367335386736231
MOWWUR	0.41037381345676494	-0.19340205989266926	-0.13923038898484436	0.20676530220269562	1.6374009158505503
MOYVEB	0.5880956707894818	0.27566163917660336	-0.07831114307064602	-0.0025737456545203846	2.7255389708942133
MOYVIF	0.5633530688318382	-0.012347008346247301	-0.016879660655451753	-0.036713491364688565	2.327224869808288
MOYVOL	0.5674739762562515	-0.010264351758752122	-0.01678007276978792	-0.029302950040261712	2.324395048919747
MPOCFE	0.3464881828718962	-0.13791682250918297	0.7057163742756558	0.20078970996050954	1.6940673761121403
MPSBFE	-0.14424853506250512	0.6379832894273882	0.3952081306032165	0.06179394959994444	2.259981212620078
MTPOFE	0.4419840495917269	-0.12182838219294242	0.7962079434753926	0.15197387328053916	1.721027878515199
MUBKEB	0.2410221183270176	-0.10072576629121031	-0.024858665443228622	-0.09351766965051231	1.7939976208917976
MUBKIF	0.20408998969113146	0.10706530069793044	0.0688654945493718	-0.09909963721300129	2.054413393871674
MUBKOL	-0.030354241843177476	0.4791205192628292	-0.25742295919853825	-0.4934058689860323	2.703592017170352
MUBVIR	0.3074402266805327	0.1755294963938474	-0.3479063134115856	-0.20411870567345602	2.4295096164841494
MUCHOK	0.1349154072689145	0.45033110975525775	-0.05095436044411178	0.14903262561492503	2.3216736757359637
MUDSEL	0.2943177182672674	-0.4926115279675725	-0.15938316190035617	0.1137393625545978	1.4273817772987565
MUDVAI	0.18704633033455131	0.0749962203938219	-0.6599159191265125	-0.015895518866956622	1.8385641734874685
MUHBOI	0.1653818900173314	-0.3173370519989505	0.11303707777695247	0.17280870183907251	1.4755540233706912
MUHBUO	0.34435427906474914	0.023277423376325046	0.24681950367172248	-0.12895619597498334	2.106908996797518
MUHNAH	0.44506039703414135	-0.31038113866793215	-0.09873609402171474	0.054308003413963385	1.6251934914816903
MUJKOT	0.1615784964334983	0.3869948772072845	0.6992774006214332	-0.0398691095187085	2.332696261705532
MULYEZ	0.5174589432524757	-0.25347838736699035	0.118136901390589	-0.07137443093767798	1.894808378138839
MUMTEW	0.3288805757447557	0.1843444945978761	-0.4971169182399303	-0.07800568403597175	2.214765725730148
MUNSOD	0.30207372918834263	-0.1052300747472471	0.6608302984853714	0.04141906707658331	1.7571150588800353
MUNSUJ	0.3487813965715194	0.05747541973842829	0.6839261263053441	0.015040209550429465	1.9586076158203096
MUNTAQ	0.3216331182465133	-0.13308441286062533	0.6513588779870767	0.06033497059396192	1.746736958435222
MUNTEU	0.3878973619640744	-0.18477713884182756	0.6542014963235089	0.09935848526696767	1.7002057210288508
MUNTIY	0.3977426098776826	-0.19489767601439084	0.6558805909390841	0.0924854074855464	1.6788745843221655
MUNTOE	0.4580016425971003	0.03032243593514833	0.39686712417527703	0.028607823770688823	2.01263978777769
MUNXOL	0.4016632945470038	0.34999342350680873	0.5337130098618941	-0.040610657492262926	2.373534606463946
MUNXUR	0.6158504414172716	0.10141717664660516	0.7208990235319772	0.1274624135311644	2.244816491467188
MUPVEZ	-0.04046798161061105	0.3048224156599608	-0.42147256628626406	0.5899038163507941	2.0472523867694083
MURYIK	0.3086746540109804	-0.4934874501485743	-0.0796958052506126	0.13683553713828298	1.4473785509113122
MURYOQ	0.3069909925233505	-0.47642641246667194	-0.056212500925501285	0.07319359719284968	1.4643727082998201
MURYUW	0.27249159463643746	-0.5088268064218596	-0.10299540235580534	0.15532128408244644	1.3447103238915017
MURZAD	0.29165690471746064	-0.48702636686745776	-0.06626727610901625	0.08048672596803094	1.4344272698574005
MUSQOH	0.17584416851758533	-0.14082040881605068	-0.4066757396215541	-0.02864923297594303	1.732594024538459
MUTCEJ	0.45601826664861544	0.5527797967215315	0.09149180472658576	-0.057952889586454046	3.041812307915981
MUTCIN	0.46659734755546634	0.6004611817503798	0.03425322276121998	-0.19496994214503643	3.446105749927681
MUTMIZ	0.7398895082091794	-0.2677674430382756	0.03369837838698899	-0.18802286190951767	2.194715441011865
MUTQAV	0.23519351594447535	0.1983163978466727	0.7665153337154825	0.01670658463007338	2.079123902832817
MUTQID	0.4490106445140034	0.366656174035203	0.6445803955933119	-0.14438721856243036	2.693132066732619
MUTQOJ	0.46558390453884524	0.44308460504964015	0.6561820825975418	-0.18485708596068653	2.861791096868605
MUWWAF	0.024495984410355387	0.2729654521766648	-0.4846473712049779	0.4436441592246488	1.907488816951766
MUXCAL	0.7410563530959466	0.7751517108049719	0.12461526137900208	-0.4162655085906598	4.541052879397933
MUYWIM	0.36317936603432077	0.11279809177849456	-0.5388003698246104	-0.040309565647958415	2.0544914838578383
MXCPFE	-0.004901496747215628	-0.07663307265430934	0.27939924466220367	-0.02801166591608635	1.796067533011555
MXNBFE	0.3433833946292495	-0.16526843669082988	0.7966230018105322	0.1491307116684495	1.6939832112629474
MYOCFE	0.36432666667338065	-0.16650033155653465	0.7566698925691014	0.0875482951048418	1.733929027444666
MYOCFF	0.326551922986388	-0.11686463613202144	0.7818573889227166	0.05676530031893853	1.7549220212670669
NABXEW	0.7282595556344926	0.028508437984796492	0.13756958218006676	-0.41889455595759645	2.876111079714766
NACXEW	0.652944667211405	-0.6858355485895133	-0.3107480060526292	-0.19129226777246253	1.7814433929027238
NACXIA	0.610168115672562	-0.7218871294942153	-0.33230552109131467	-0.10288518966609586	1.714538457451671
NADSIU	0.07336508255884677	-0.23804880814741555	0.5130055953526467	0.08874486538259749	1.5456683739547405
NADZUN	0.3379976965908522	-0.3615895992143997	0.6403268706355006	0.20631962879545912	1.5083806320704376
NAGQEU	0.31568104664288654	0.1267912367021791	0.8642027163768065	0.006149867797848069	2.0100469876927667
NAGQIY	0.3824874178232953	0.35122403606952995	0.3269480463536848	-0.09553669652331537	2.5237407340504796
NAGQOE	0.4456993420629045	0.43821526691111296	0.28965200045101835	-0.16814854488161912	2.869121511078876
NAHGEM	0.22195472224447732	0.025381243916334784	-0.4009325055960876	0.17618497980331024	1.8184728685256664
NAHGIQ	0.04785379133327128	0.20115628865716279	-0.6869807950168241	-0.09413452535918922	1.8825886773081064
NAHGOW	0.17928088081932936	0.15659393294456608	-0.292875983917728	0.1772885828303412	1.9589995613379148
NALPOF	0.24579907500999543	-1.1388592763494647	-0.5925358922228939	0.08251784633561429	1.318071353552192
NALPUL	0.3616441047418659	-0.6887516495103136	-0.5231487091098443	-0.2046724063931187	1.5558787393630897
NALQAS	0.4466077514694824	-0.8323400579903169	-0.287351984985128	-0.12140458151206573	1.516463759225232
NALQEW	0.6500146976108789	-0.7799795268218919	-0.2687096086524384	-0.08688804735500058	1.5135527341333952
NALQOG	0.39089287049772103	-1.241469802425488	-0.588461872074683	0.1299643861898392	1.3464215253524436
NALQOI	0.7983364160331812	0.2899725976728289	0.7892811286709621	-0.08763836799028568	2.794234352763628
NALRAT	0.7228493267901328	-0.5799683803521156	-0.215136895921338	-0.16600607242073429	1.8900414585606093
NALRIB	0.5058629007452486	-0.025746537494191382	-0.459243597936011	-0.21574174200412233	2.782908290548256
NALROH	0.6346277989433169	0.06905767642598407	-0.36589431185167054	-0.19053260121376406	2.9715898728651324
NAMGIT	0.7520126454019369	-0.049465312904042366	0.28236686987596815	-0.4097367871049759	2.665097550142017
NAMGUF	0.4562929060105496	0.028645695400673465	-0.2653574504604003	-0.17962297070175043	2.3208925939856355
NAMHEQ	0.45274303006566896	-0.00899985240873015	-0.2649462809753456	-0.20050994379669396	2.228055454909545
NAMHIU	0.45249834536849676	-0.05544172224961334	-0.24652006092234968	-0.20937279113054605	2.1748302448426697
NAMHOA	0.45102065506269984	0.01883805799009114	-0.29163187985521555	-0.18735577362306216	2.3128956574245167
NAMJAO	0.4366496391730692	-0.030558141341848907	-0.2841124430367205	-0.21116217811227012	2.1736739377929473
NAMJES	0.6862668767082534	0.0035011323567433472	0.0841912019907298	-0.3797240187393367	2.786032296945976
NAMLEV	0.40931543066854115	-0.6203158300134337	-0.20395408678082083	-0.240088256910129	1.75899457688261
NAPRII	-0.11562875159238972	0.31249262915670156	-0.15599196569106646	-0.05565067917802066	1.8216495771578223
NAQQAX	0.21043567370769445	0.37761607640766	-0.3240684784659709	-0.427311487245435	2.7202616645713737
NAQTUY	-0.09143471843491113	0.10706735509541293	-0.2010874452946691	0.11225992844118377	1.6301480592850726
NAQVOQ	0.2981875020045859	0.10461369835317119	0.6266516970457114	0.07660879685384214	1.98026848686809
NAQXIM	0.28604849065546656	-0.43610494447660303	0.36312711817176807	0.18064947164301942	1.4300636424827973
NASHIY	0.20744639486699468	0.5532563615386235	-0.42760944945929646	-0.49980528561925824	3.200021081819702
NASJAT	0.18701879527324516	0.04611800888591841	-0.29473163006952946	0.44561321337957666	1.6741012337742827
NASJEX	0.25605927845488097	0.28969711846057344	-0.4033790344640376	0.1618494582449808	2.2715567712016282
NASJIB	0.10406110502628119	0.2028776478743043	-0.18982538433263613	0.4442805898038697	1.847123504384177
NASJOH	0.1778720806943226	-0.08446335271862684	-0.3515215388053443	0.40593230098874084	1.585276926737986
NASKEY	0.20577996712322344	0.2662982303117051	-0.20199548179551863	0.34777245159863246	1.9818662440714019
NASTOS	0.6330816008229938	-0.2894798513644793	0.20635859691208297	-0.41333311957629837	2.120879783732248
NASVAH	0.06754665943868687	0.569829142008784	-0.21387818756180177	0.1793304668948974	2.396898683095986
NASWAH	0.5808094061774121	-0.37770469508466253	0.2067548018570196	-0.33953569463250804	1.9985436411222945
NATHEZ	0.4715901587770306	-0.017549437969446302	-0.16890216746838643	-0.25444017013189035	2.3079234574190304
NATHID	0.23273921034801015	-0.03405209868791324	-0.4617563456553899	-0.10938471037854407	1.9552740146941172
NAVGEW	0.48570032450633605	-0.4767809099250163	-0.10716177530220164	0.03929949181328975	1.6290571614204665
NAVJEZ	0.027466732790389692	-0.22468803358436246	0.4562940990867398	0.056227535828751896	1.62685180301248
NAXPOS	0.3882466237971869	0.11118056091397702	0.10417406607412219	0.14009987284683567	2.067732237297894
NAXPUY	0.25983950257114863	0.3882160792821195	0.17608483433174865	0.09529059584416694	2.3736294017916224
NAXSOV	0.5445321481296821	-0.1310363345745861	-0.0571181582567836	-0.438999921853398	2.194367920839929
NAZGEA	0.21406141010278423	0.4636280751144399	0.3303467468456136	0.048444477229272684	2.525709194550644
NAZROW	0.3777201749426027	0.2419858472062707	-0.37702624885325137	-0.1684962668838575	2.3064718993915156
NEBBUS	0.4566267360742362	0.11783516753529838	-0.2690842971874227	-0.15671805288845042	2.379723249558205
NEBHUX	0.4419323729149047	0.21375217530958213	-0.1263466878295994	-0.1934602920832092	2.538937064378831
NEBJAF	0.5530972872090425	0.09883260772588359	0.06799018364406648	-0.02832423937635605	2.233805858007533
NEBYOL	0.4631099238487808	-0.3162934570558431	0.09020859141762995	-0.09840315153093386	1.9082331280432616
NECSUK	-0.0282471552676804	-0.05743078843119198	-0.5043261097817066	0.31322491702545585	1.4884874258985097
NECVAV	-0.016475395665656922	-0.04173924323143753	0.2915464668784323	-0.04591168832454805	1.667147559363191
NEDKOZ	0.061000606288530435	0.13838219568137416	0.28423412430542283	-0.017467813161587555	1.8073747770445967
NEDKUF	-0.04235814561431894	-0.2938270557466651	0.35088241156091377	0.1355491962961907	1.3715890399874944
NEDMAM	0.5803549579255716	-0.4055668310479334	-0.19572261772276517	-0.2264649396463626	2.0274857984256998
NEDZOM	0.5415007876542504	-0.10180020355340391	-0.07234259382322267	0.4191904550558522	1.794261441439135
NEFSAU	0.4341739779280749	0.11672179596591784	0.42757651364950566	0.09584694992737128	2.10670261820249
NEFSIA	0.6689588399679129	-0.2811956361007464	0.3265938076019502	-0.23000621096555895	2.210848929641431
NEFSIC	0.4275146038577837	0.030183726966127866	0.2179036339453894	0.07929842738583309	1.9782829364447339
NEFSOI	0.42947440617947485	0.022578388348095557	0.21818637807424163	0.07302550749075623	1.971947205895101
NEFSUO	0.4257786047949894	0.028208855606110417	0.21570594944515586	0.0853611287107088	1.975357830379059
NEHDOU	0.3638466962938596	-0.45900761891878816	-0.09775633816430998	0.07877086603531236	1.5069383849116103
NEJCOV	0.48498910068423573	0.0930396263507455	0.16769485749373791	0.12970754303418494	2.1815366374982035
NEJPIF	0.3208422801962172	-1.295818692129311	-0.5168494279325981	0.2611782568504312	1.2656135863622253
NEKJOD	0.32614048525681394	-0.06138585669331025	-0.2663312748121906	0.11805211557158252	1.8039010049487472
NEKJUJ	0.268754422373199	-0.2155580268555416	-0.34062847110753797	0.24658620281817845	1.5253157289306367
NEKLEX	0.14477517696436948	-0.3305826387981293	-0.3971174557455627	-0.12731716238473476	1.6999782137419333
NELCEP	0.5949900625310249	0.9984934690588629	-0.23460391621598914	0.23056164116974925	4.163093537522526
NEMGEU	0.7418257561404822	0.09013077587585519	0.5304668668327679	-0.06477146773896064	2.5215921765077423
NEMMUP	0.16571360923879297	0.10710683381030728	-0.5577311455910415	-0.025030532012993087	1.854775662531333
NENNEA	0.5373803494737928	0.3504661311218371	-0.06954864578900227	-0.17963438687515687	2.7998149766612106
NEPCES	0.5297756071357664	0.02660837969795632	0.5215280566020943	0.14818207654781074	2.106360438970427
NEPDAQ	0.14864135749480134	0.3233734823199834	-0.19495961501088355	0.2906953620415576	2.0011539244227823
NEPLOJ	0.2359673382446501	-0.027379772392538318	0.1358238775568496	0.25883494725622314	1.6808564689291923
NEQCIV	-0.13340919742820123	0.05826269340469295	0.36880779820417436	-0.049535133074975465	1.785882959790604
NETGEA	0.5483739826059928	-0.4514483381577255	0.28042966884310283	-0.3196782301525345	1.9512792431975465
NETHUR	0.49094771972788553	-0.5544174817292379	0.20258793895096328	-0.22320729237405365	1.836536623049816
NETJED	0.40370830198871843	-0.8203467148171202	0.2178247627219388	-0.10735690180844906	1.7367168774645276
NETJON	0.5231359555056203	-0.4937208319689876	0.30110268878395874	-0.24756541919074904	1.9145079878871263
NEVROW	0.4746962540815005	0.5859759279805214	-0.021908936023997086	-0.18024004565046234	3.317785126445495
NEWDEB	-0.21165130179657776	0.05119061022916724	-0.4402215199213343	-0.26542289105429434	1.8780032970241465
NEWDOI	0.28065809168221456	0.10451892985559233	-0.27554456367098884	-0.5294341639450126	2.4743703637854266
NEWZUO	0.059066750403610424	0.29372057663668266	-0.41517476009083876	0.5684067345609438	1.993053610498106
NEXKOS	0.37131915675157323	-0.0295991659507496	0.17962352851256363	-0.1148802928641474	2.152120101068342
NEXKUY	0.4084959337844474	0.07436925636815375	0.026528797702093196	-0.13094120708626417	2.465863589773406
NEXLAF	0.42911219300906556	0.030242569069031333	0.02006784199711381	-0.015152098438916961	2.2227042305143128
NEXLEJ	0.3889789457995798	0.07019326871546636	0.04458155436183728	-0.053960285476234715	2.1435614255290982
NEYDON	0.1050363721052241	-0.09286076568060155	-0.4065759619876621	-0.1305716122940666	1.8335830873500731
NEYGED	0.5398470728441209	-0.05692540693932844	0.3926487288437614	0.15747407798522237	1.9521057409685298
NEYJUY	0.07449206547288911	0.8159705270200432	-0.31243459619456304	0.137380868042403	3.061265376493351
NEYWUM	0.5217956283460925	-0.0564231412435715	0.2988491637900045	-0.116461935344066	2.322684371322194
NEZVIX	0.44158565230822777	0.09779164329844783	0.5153228593879378	0.07303256286198823	2.0689525758758713
NIBFOV	0.6845400481524795	-0.3027352506608343	-0.04893077479269081	0.3903212477266524	2.135542048593082
NIBHAK	0.4543573992104255	-0.062161695000428736	0.10960004739377045	0.0485574434744626	2.0273563238524854
NIBHEO	0.37433894483818797	-0.14794463503596422	-0.07354035227237146	0.019478109442805133	1.8409529631031858
NIBHIS	0.5223128612838694	0.0067811575973771715	0.1221364651911388	-0.012397034521619318	2.2103338534453334
NIBHOY	0.3104088529531781	0.021344355356624656	-0.13421732849612275	-0.13871559872985062	2.1041228551860045
NIBJEQ	0.5950992943934805	-0.20609249457162743	0.09459127947649634	-0.12367407711182322	2.1253552804661924
NICKAP	0.46059806040687423	-0.6619437092611891	-0.143898875067435	-0.2800050627230187	1.8141029580147603
NICSIF	0.4797561216093156	-0.6145807407102271	-0.16361348060829478	-0.2558431957966322	1.8110550226122348
NICSOL	0.4799287782895254	-0.6054266722309081	-0.12904102353398372	-0.31101094244469385	1.869634965545443
NICVUS	0.3658464840626001	0.24603789131732756	0.09557176611852047	0.24752844754047715	1.9804252844797108
NICWAZ	0.1173138828136362	0.6011343112405494	0.45362120663495675	0.059378799016509554	2.585991879709862
NICWED	0.22486897487781787	0.446650239248681	0.7055046030616684	0.14228401354787537	2.2162205295556032
NIDLOB	0.640313447192133	-0.30082992237122425	-0.2662921617733992	0.03319239530728969	2.25402614182313
NIDMOE	-0.005550377073253454	0.1656512292081216	-0.21562551809184916	0.4465225834751571	1.6606740144034216
NIDMUK	-0.026349042612375584	0.11957543130977846	-0.381121338987756	0.46588497108701715	1.579227617484609
NIDNAR	0.028679572086025118	0.11520720710075927	-0.2701961624172202	0.5638543271873366	1.6103782414864065
NIDNEV	0.0905167033236789	0.4002371773745957	-0.4148349493418183	0.22855040024321993	2.1227253296561055
NIFWOO	0.3680603464565282	0.004993831555618167	0.3901145929685683	0.16643735235332252	1.9074609249321302
NIHPIE	0.09632634855764399	0.38683111050759594	-0.48209061157747646	-0.09256314945980196	2.3247412585933662
NIHPOK	0.0838094852968867	0.4708483848569229	-0.30893922971988796	-0.383906407934439	2.877128518379747
NIHQAX	-0.057559173217073045	0.44907122480182654	-0.27355642522216733	-0.1349013236069618	2.144865784462375
NIHVAF	0.05178325290101782	0.12539313711803962	-0.029752174638166262	-0.05038177287770512	1.8285429315288377
NIHYIM	0.44407125195203623	-0.21060789354418474	0.6575945694623934	0.04190446444987053	1.829179458579361
NIKFAO	0.4217887439890635	0.33471949086260183	0.11743451928021376	-0.18695282835142543	2.8364368727231453
NIKWOX	0.29336234521673	-0.714010111048476	0.3856211736207315	0.4213881478688309	1.3087692798281072
NIPLUU	0.7862074400775594	-0.628022053073261	0.14856183175451654	-0.0925867543729462	1.923534173087151
NIPMEF	0.4993576681031513	-0.5649283681829819	-0.05326506400715625	-0.06991846540208563	1.7681089832411723
NIPZOD	0.04599351955316555	-0.3787826352982081	0.4885730639322202	0.16057264534011398	1.4377053578422105
NIQCAT	0.08452302644089293	-0.3922275017805634	0.5065721212924217	0.15888410995385258	1.4520563307047778
NIQCIB	0.16223984762145838	-0.3922082294686896	0.32292778664369065	0.13576876507622126	1.405026887618562
NIQGAV	0.6000308823412057	-0.04732307361712006	-0.1861893593262987	0.16072402276792977	1.9838398187582773
NIQLII	0.23169779879074115	0.031012846108120606	0.5591081763806784	0.12679561786530946	1.7643841722748401
NIQMIL	0.4003838362145711	0.055652729090792635	-0.4660864073275587	-0.05449653936424523	2.0553646538430206
NIQTUG	0.1210684041541783	0.08101926920797003	0.3357949536707628	0.038868794918042	1.7285652878903288
NIQVAO	0.28775651919369505	0.18840878168741332	0.16543881275489997	0.11567864328452154	1.985116357629443
NIQVES	0.28684029530904986	-0.08757409916130707	-0.15469140397253395	0.3081641555085757	1.611145566644693
NIRYUK	0.13971078414843596	0.43848806296869774	-0.3591694908016447	-0.2990474416207333	2.70287444443119
NISBEW	0.48060956108735287	0.5676665770641238	-0.32908374401839247	-0.6387299029041889	3.463814940541054
NISBIA	0.24495790805396567	0.5516689840786064	-0.45255547050583644	-0.3398102517610315	3.061012610101101
NITQAJ	0.5224621385566772	-0.6642311753241386	0.12111883917259843	-0.18587588207225023	1.8097594670078723
NITZOF	-0.1287761562096401	0.32912384838299164	0.0901373497556193	-0.058035326111700945	2.0682573140794362
NIVFUV	0.36678671713791466	0.12855990488999125	0.3481879002548738	0.13974604545261612	2.143016643466765
NIVGAC	0.5895360188116925	0.07540991817822634	0.2125863645000058	0.07505957250681272	2.2420981589405975
NIVGEG	0.15978423653417773	0.44484381055383687	0.00919316905668964	0.19788235458775733	2.3563486379826397
NIVWOF	0.18280503155003824	-0.15962258236733223	0.32971729751980505	0.14603235344675	1.6858836727519033
NIWLUE	0.17254286141198438	0.3389369622128369	-0.18551813434505265	-0.10814668560985956	2.2420157187645047
NIWZUO	0.279717619538979	0.08536165682968977	0.30019541739776684	0.13527407759917698	1.9679180297823922
NIXFAB	0.13469436584163397	0.18224516321106105	-0.33289723423278084	0.309380287997022	1.9092201294983153
NIXFEF	0.4612888899773475	0.09285516753138975	0.4027697149905889	0.11236779795641433	2.1053700839532565
NIXPER	0.3994100318264113	0.1689788525083536	-0.17038493476678268	0.11411814273380066	2.033126356086936
NIXZIE	0.8195567233343422	-0.10064918117159508	0.12074687297387221	-0.529188728348063	2.8356001248233453
NIYCAA	0.297425361280097	-0.2549003544744164	0.08925114857896851	0.06667246289740283	1.6960846584765326
NOBYOU	0.25803641016476586	0.6741823139570857	-0.13491772947558603	-0.03679311882217694	3.2940130728308707
NOCBFE	0.3642956270898825	-0.030076973210427668	0.49597215284705165	-0.13513310254545402	1.9876770909493215
NOCFOD	0.005385482011304177	0.022914302382757046	-0.48093024282478736	-0.05196152929572337	1.659653764846813
NOCPOM	0.25275481130177724	0.47274247734307934	-0.27902299453885276	-0.10334043939452972	2.694310155099882
NOCQEB	0.35277100203658307	0.24135190700158088	0.17606340251167826	0.07240069070171265	2.2535532501411537
NODKEY	-0.33528226596101307	0.030663175991108765	0.13749021897922933	-0.2758637868473031	1.6446256942740813
NODKIC	-0.06539404541897165	0.15365527036150517	0.10779908986617784	-0.3953540467339719	1.9998741534223194
NODKOI	-0.20451812777981182	0.13728060296220718	0.0463861432267594	-0.32080366458090237	1.8872391529342607
NOFSOT	0.12312245598205251	-0.3455565257312551	-0.48975016880634437	0.06686318335525204	1.438653302795234
NOFSUZ	-0.04698988573609686	-0.09481424835927073	-0.5536342334787805	0.3051418378204418	1.4967292684970521
NOFTAG	0.34166541135105444	0.14063005413183094	-0.24281036930530359	0.4029547862603373	1.896116812747422
NOFTIO	-0.0017209914619229494	0.2857274494750367	-0.4347647763520335	0.3036355470220251	1.8634032609190034
NOFTOU	0.3455284499658733	0.08749512485694552	-0.31419784731320965	-0.1352233983292908	2.143931837629524
NOFTUA	0.2931715978296765	0.12645663944746832	-0.25712752504614844	0.3406500575946567	1.9896411226960709
NOFVAI	-0.03726508312060206	0.03761899913647118	-0.40714990910581883	0.35835907373278975	1.56631832408776
NOGVAH	0.6058709781356999	-0.7043279868718995	0.3076263680431066	-0.04792079537531593	1.6491139647661772
NOGVEL	0.8522828143485981	-0.11796696044772748	0.47693186581516644	-0.4484879716335569	2.665822944619842
NOGVIP	0.7191456237364013	-0.3631745133154752	0.5434772951951767	-0.1987042694932403	2.032365477768691
NONJAC	0.268909479190266	0.27525150175988017	0.012691669632089508	-0.006185457480995998	2.142449647516484
NONJEG	0.3153947936670791	0.33865361940276234	-0.44338228277589053	-0.09248525745631272	2.4256634355922557
NONXIX	0.43353622087041277	0.44049083073538925	-0.008329315222109043	0.03542728235055494	2.6907444318986133
NOQPIV	-0.1292548549472845	0.798194174608911	-0.1145505713650953	0.2041840449976725	2.7276840012321872
NORMAI	0.3659919646783818	0.07854416353692945	0.2853200989530233	0.14417162337159492	2.0528277379350746
NORMEM	0.5225039978896966	0.16111198473377508	0.265998146475718	-0.0003646091119799688	2.239428682214585
NORSAO	0.5647011120091046	0.30536554179057745	0.18375769817211834	0.11647884409403947	2.535968835932289
NORYUO	0.6174646695302446	0.01912642380650978	0.14138032886749563	0.013419968100876839	2.2644395837977394
NORZAV	0.4727407442177478	-0.2832376647139788	0.0680541531230595	0.24121355249939364	1.65778582895893
NOSHEI	0.4644809537463823	-0.1697735827164965	-0.2509220708088196	-0.02217193376637782	1.9137205444608676
NOSHIM	0.42248039698225437	-0.2563818249460532	-0.26164664891614337	0.06240730657478402	1.7093369788470678
NOSHOS	0.39458724026205516	-0.25746749696557214	-0.2647128582600399	0.04641781378287248	1.719207736611617
NOSVIC	0.41945740556856315	-0.06564164238283374	-0.24290626944599863	0.18115298834222598	1.8168637349265646
NOSVUO	0.31860539729513526	-0.12362655810110364	-0.16606134645509046	-0.11003279210736205	1.9875155108280793
NOSWEZ	0.33456908824899223	-0.017253872768508663	-0.2314505279004272	-0.0589818779565385	1.9904823038737502
NOSWID	0.2885350505406761	0.4975487373854082	-0.41316453232912753	0.04099885060522976	2.622760212459917
NOSWOJ	0.21269934959564019	0.6288512376769348	-0.36160680034298565	-0.12437300248260941	2.887267231324399
NOTMEQ	0.5599341508712721	0.018426237110226923	-0.1528478198730906	-0.32617223123253813	2.5398401511223807
NOWBIK	0.4188516888677274	-0.641414406132998	0.07100790490176496	-0.046146983271492165	1.7608718469021796
NOXGUC	0.21216992178221084	0.9855856642234058	0.1500053980320113	-0.05120443121913483	3.7531676828299982
NOXHIR	0.43786408901807583	0.054280183421069966	0.47481193277174466	0.012628455851400072	2.289351184545156
NOYKER	0.29376936750709604	-0.6149885488358635	-0.6568481301814422	-0.055325592451629095	1.35245148279727
NOYTUS	0.11464771482502023	0.2621214047900714	-0.11046530702854132	0.3152944254996536	1.907724286383611
NOYYUX	0.053057153738199414	0.022446971821792366	-0.13671721916362892	0.18691821719017915	1.6578628934786437
NOYZEI	0.31800616376546387	-0.05487504380163516	0.011188410912032501	0.17705535493787558	1.7654054093529947
NOYZIM	0.27544836809003836	-0.0739907952132151	-0.03418665957221427	0.13889008116663426	1.7512436508595215
NPICPO	0.0821944106791932	-0.6872405404656234	0.6112878781527643	0.37363063218742365	1.2421811048598894
NPTTHF	0.3553115987894424	-0.11193729469892805	0.7035980744701281	0.060006605267667795	1.7965024115083053
NTSCBF	0.1363406268085816	0.41722072448376374	-0.36824945198826003	0.17866769043237368	2.1329971345272507
NUBROT	0.21201556298729507	0.08967205316833177	-0.21907728425950984	-0.12034094199645953	2.0597751271527542
NUBRUZ	0.07072839051779312	0.19763616167025966	-0.3448694439838367	-0.05527387540740439	2.1302811543893103
NUBSAG	-0.07713881687510815	0.02635947285536991	-0.44304309666552577	0.09450339925536028	1.669285567729206
NUCBES	0.5973226220672911	0.23155781782185691	0.6003292711049464	0.09267823034527073	2.404534404437637
NUCVOZ	-0.17916947533902094	0.6283592391773598	0.012290171382143472	-0.4920328016164071	2.8699300588704673
NUGHEC	0.5119670558316471	-0.1457943064941441	0.23652017203948728	0.05899755553712105	1.9585398306636854
NUKHEG	0.3363434199310307	-0.26955261897119087	0.43392654469879804	0.19630345073143968	1.5980593208009322
NUKHIK	0.3079810808519934	-0.3844300244285249	0.3229376661923161	0.23058764572254448	1.467922127794254
NUKHOQ	0.36309850849987146	-0.2967015454453382	0.4292797000878545	0.2151182586056336	1.6239244135712618
NUKMIR	0.4364855127330083	-0.365368829049012	-0.16275611021663472	0.07447906148621711	1.532732890245704
NULVUN	0.29140492009381713	0.278362818589247	0.0038343925881747093	-0.3178643623474766	2.5667636263837057
NUMBEC	0.6821190659448115	-0.2524860257261555	0.3087418052919766	-0.17555073744003502	2.1666210098310748
NUNWOK	0.33106799209203785	-0.11225545946406869	0.5084388287270172	-0.1201010832660567	1.9247467988516165
NUNWUP	-0.255762950593422	0.4507721704897146	-0.09594917405916437	0.053920369657310896	1.9707090019217333
NUNWUQ	-0.003311701748002882	0.13330164757799254	0.25706183246421066	-0.17544891558560854	1.6885595589237563
NUSMOE	0.1704407568150934	0.479894963196229	-0.498360531721181	0.16763592747567718	2.498562511618046
NUXRAB	0.17322869414793063	0.40560225035477776	-0.06793428888093458	0.33854787860823193	2.246980826875122
NUYFET	0.5735598592116311	0.2811128979391235	-0.18030148842086569	-0.4737429600515241	3.2074012529675433
NUYFEU	0.4618656869246678	-0.6322907314346071	-0.1836839630942988	-0.24899549699438994	1.705179628486487
NUYGAR	0.500550176576855	-0.6322616683764819	-0.14643153299621942	-0.25449747552685625	1.7429522185537734
NUYGUL	0.48846712734910014	-0.6545921576117961	-0.16181033365047465	-0.23980710846738232	1.7205317452792142
NUYWOW	0.44445242508451077	0.29144501480499396	0.1572025370364463	0.15908873732372295	2.27791090757693
NUYWUZ	0.1457274607231196	-0.36471025131849977	0.5132186633901412	0.06581547782675129	1.5525166476195045
NUZSUX	0.07683783700681746	0.062015275370454426	-0.6166460142848426	0.39797301346067887	1.6899075480093757
OBAGAD	0.20256478243908171	0.2565316858297777	0.009458729904041507	0.19779806503279346	2.0136213830747463
OBAXUM	0.3137473391380752	0.4201429210709791	-0.4423344710248479	-0.08616391696101572	2.593007807187842
OBIFUA	0.21753168810610424	-0.20200896120916767	-0.6788027044738673	-0.1552690775252062	1.7287525466584812
OBIGAH	0.2875413104469988	-0.2162492231108996	-0.6591119137167822	-0.14065469315815515	1.7671878709057693
OBIMAP	0.4389601743874856	0.1324224105585642	-0.032395380537599536	-0.21157785616190383	2.413251390613021
OBIXUU	0.3139774986729913	0.2511131238315596	-0.13153479604902035	-0.0834466897403032	2.417871886485789
OBIYIL	0.3219027955859053	0.483633279473829	-0.2546703757439394	-0.1238007272737609	2.6598104282443513
OBOBEN	0.2891956172382324	0.12094109069344164	0.4772872624999913	0.15725934124576432	1.7668461149993298
OBOTEE	0.6567311491514101	0.39280679823622516	0.1839860288130809	-0.33922003657204064	3.2147157100629165
OBUVOX	0.34533708842907274	-0.04657618038800379	0.1903424947423612	0.15776675148576472	1.8045538706824251
OBUVUD	0.16051645312009377	0.2802004197003973	0.22065157552848005	0.2637788674028297	2.0618729265952527
OCAGUX	0.3959625302791139	-0.053593945428573916	-0.14012806312753215	-0.09225800179868042	2.0167686071722972
OCAHAE	0.5668499865772878	0.06334217139484302	0.12186171008190949	-0.1413252827370408	2.451444045419501
OCAHEI	0.5123529223866985	0.4474213660148743	0.03711110867427616	-0.12557143244881502	2.9721857184564304
OCOBAM	0.43280428302689433	-0.587907357717852	-0.18978632164880388	-0.24867296569656444	1.7863850330445854
OCOVIL	-0.053664510440781577	0.2963828229230831	-0.24823485389827238	-0.1878437488222014	2.31897441384882
OCTFEB	0.34687246702567975	-0.15042524488808467	0.6890082423186324	0.08716768839014091	1.731267130210608
OCUJOL	0.17752251850155742	0.3794342395784333	-0.172237977288899	0.03729306123763254	2.4000622904973445
OCURIQ	0.08016002328017713	0.0697145767752782	-0.0849694733911007	0.04457462526001901	1.8960935574074862
ODABAY	0.08089993465106238	0.12569086144435396	-0.4284424106905762	-0.056385118409080004	1.8011609164099263
ODABEC	0.07621843324918043	0.1126823849158296	-0.40899645370906884	-0.07316009400230254	1.7817935255423873
ODABIG	0.4595806076895501	-0.1772548587301337	0.07753689553270128	-0.12118501035587917	1.9555771839388136
ODABOM	0.4396619110138582	-0.35289830608952455	0.03632936822688771	-0.03005769452952084	1.7951954388653855
ODABUS	0.43823090812098453	-0.355347475883386	0.0338195217049445	-0.027168582332062312	1.7868605937436328
ODACAZ	0.43705181005587246	-0.22800286199497533	0.16578133882544133	-0.07023741958372204	1.8653240725919433
ODACED	0.4369255720437515	-0.21925229870522808	0.16392232252915143	-0.061096874635276965	1.8537284038300754
ODACIH	0.4656498055341336	-0.15170417673161735	0.06342819513098144	-0.14791193722979895	2.0248883251391883
ODACON	0.4667161323494371	-0.14833354655663003	0.06411228051098695	-0.14480286566416578	2.021389020702059
ODAJUB	0.4554224189952114	-0.5321338384309804	-0.09438542901495339	-0.05817536755520214	1.7004929129335982
ODECIJ	0.5844438394412119	-0.3266981498075585	0.12559089125033845	-0.1320151025689102	2.0693029524579285
ODOHUK	0.1683201243321304	0.3576627969075609	0.010863921525654477	0.048395346949628826	2.2131058435853554
ODOVOU	0.34163369507446806	0.2282502799211804	0.35359437997967647	0.14671117059183233	2.050724337342942
ODOVUA	0.36839107594754683	0.272021803487598	0.346393031493915	0.03485886287685244	2.171566690516571
ODOWAH	0.48869209416382464	-0.03747997968124023	0.23699805187419737	0.2049425187539582	1.9143880603810928
ODUREM	0.4704937768581754	0.13585765463448662	0.306577812045875	0.13794565916799553	2.2782243317858
ODUWUI	0.7736330764164823	-0.23292604898631963	0.1575662279617058	-0.3490526613238723	2.3438382572193133
ODUXIX	0.377665367324032	-0.37661323065863106	-0.19080924614547412	0.3874696111798646	1.4210825265089881
OFABAZ	0.17425352331338928	-0.0036359726573237106	-0.3467758197681826	-0.0883673969612132	1.9484905531439454
OFABED	0.1456366846077417	0.13721197530144574	-0.29608317294861297	-0.09994539000522856	2.1060066371482806
OFABIH	0.10644817264282436	0.136365234894623	-0.23057950972268076	-0.04271941666147466	1.9181359330640635
OFABUT	0.029957878039221342	0.026033267736599808	-0.3989218248118956	-0.15887027546863464	1.8251711874886851
OFACEE	0.1406811509761008	-0.2946732555764785	-0.3349421751129879	-0.0660697956491242	1.5656107234365713
OFANER	0.5015514948278188	0.7890737095207854	0.0507723499407846	-0.09952854980666453	3.8628080060474073
OFAPUH	0.026160185469976227	0.5788731072166085	-0.46687366027199007	0.012963968742482804	2.559538278560864
OFIFEQ	0.5816239233765677	-0.792513345347714	0.39324452011760813	-0.0804582458604859	1.7338801690105303
OFIFIU	0.6703662569211515	-0.38787097476285315	0.5403364295613577	-0.3332422427850206	2.076690995677818
OFUQEL	0.26566972150587365	-0.32748403020978817	0.6148199794150432	0.22519495504747822	1.416774646350444
OFUQIP	0.2929819655587318	0.1732852793103959	0.7902791929273196	0.03677124281661397	2.1216011904281116
OFUQOV	0.12757276122573558	-0.05711616051128253	0.516992204623019	0.05245415496643237	1.7579206328885162
OFUQUB	0.2847734893359295	-0.10728106760066515	0.4641249247978316	0.05504541599740834	1.7472737380023218
OGECIQ	0.4036181417552598	-0.24194490754191017	-0.24865143542645896	0.313003369215948	1.6800852014005727
OGECOW	0.3048983234341547	-0.2604058226697592	-0.12819095926359533	-0.007298514284257179	1.7208850779875808
OGEKOD	0.47389628841998643	-0.5091679678533132	0.09056505422818344	0.14332091480840148	1.5702014233114054
OGELAQ	0.4568269973699488	-0.2721749555503955	0.13734151201003986	-0.06061981007770763	1.800182916440169
OGELUK	0.4560958098737453	-0.2602155858286555	0.13038081621921035	-0.07867055984908157	1.8460065044541842
OGEVUS	0.36371438535638934	0.6200773566856075	-0.34234853659003045	0.25740029241579104	2.7902884725747668
OHAPUI	0.6044519401914643	-0.013100875989594502	0.3367939427259926	-0.17066329011971287	2.416347879200309
OHEDOU	0.42394319323953233	-0.011586103631728725	-0.002575182477845009	-0.10158341330543771	2.103061408611834
OHEJAM	0.31583516469024975	-0.2692275334238463	0.6054140782600428	0.15641970076030948	1.5886380871767622
OHEPEY	-0.0036252331903585677	0.6465779914713932	-0.31355427256417706	0.2276540296279168	2.484911881665327
OHOFIC	0.2545636492258545	0.15643027004504878	0.32736563484632214	0.08276196636709277	2.047589903820724
OJAPAQ	-0.10146979196247807	0.2519470802252044	-0.1115394337120493	0.1031190807123703	1.7355009373992354
OJEBEK	0.3467468119103261	0.20627260088772814	0.2648161889626117	0.05667398136004978	2.3833614557456277
OJEGOA	0.31416133512995437	-0.9678977269792208	-0.3054803423738895	-0.06010544826434071	1.5159003240498108
OJENAS	0.5801612654527064	0.014825040106266951	-0.15600452194314923	-0.3647890478109949	2.6406931992153955
OJEYIO	0.3044704660191888	-0.34248932699754253	-0.3722427647019903	0.12192896632480912	1.4943189587702053
OJEYOU	0.4373776313565809	-0.14645683230000467	-0.25501362050247467	0.2951032493445669	1.7930858448573805
OJEZIP	0.44270926305924263	-0.23364250204631798	-0.0921825226260776	-0.08367652286530973	1.8847635644608955
OJEZOV	0.6871636916742414	-0.3201937028926555	0.21119790533551208	0.10296021522345866	1.8810690907586416
OJIVUY	0.3488352789800624	-0.8542126131565377	-0.20551686487781734	-0.042718925676435794	1.5505611040789247
OJOGEZ	0.05874320748445916	0.1037206247862125	0.2749491402020342	-0.039707642442171516	1.8689109309508976
OJOLAD	0.28728789284239653	-0.583561754849699	-0.629046655530804	0.008213619720052759	1.4090390065544247
OJOMUY	0.15902625466048415	-0.3044502866010208	-0.4361048035627968	0.1839437275694677	1.4086580791931183
OJONAC	0.43303298444585003	-0.44235617712222514	-0.05069441058370436	0.02652127408650498	1.6236362196502463
OJONEG	0.49415773368635385	-0.26807133679308404	0.11612035112379622	-0.06927267406045111	1.8975664442446685
OJONIK	0.3147264642730523	-0.43877288590463137	-0.0746897477864033	0.052063042515830826	1.490606243703001
OJUHUX	0.05990173498585172	-0.3356974409767304	0.4142613717895897	0.06928083338393629	1.5530672508885222
OKEGIX	0.4220973804460586	0.15354780318043365	0.028573038214072297	0.0997729747988852	2.1411559279887555
OKEGOD	0.3944211457359348	0.08293876470299524	-0.17615362425004805	0.07098072408545786	2.0162093857925965
OKEHEU	0.3472822320495563	0.19756193365775748	-0.23186229997244234	0.09868671858565148	2.1814657111393605
OKEYEL	0.6818491952076338	0.007842723128001147	0.7545450227535138	0.048666544330100606	2.0454414466214526
OLASUR	0.6000288700584857	-0.8927729103307329	-0.4306552650591131	0.11564901811274761	1.4597571340709212
OLATEC	0.5045641984797244	-1.00965687391493	-0.5934292850900386	0.08771376486614235	1.4252880595961153
OLIBES	0.04083308157767851	-0.2156515497904355	-0.880963700420886	-0.07648492088841771	1.4773406804211484
OLIQIJ	0.046546700101391725	0.6526385040071461	-0.19411447151308037	0.2695506397223234	2.5308144968998496
OLOMOR	0.4086528388446915	0.25512327459351786	-0.09451107533740313	-0.1697987509140798	2.8191497369530087
OLOTAM	0.14667660739637078	0.5590540886522473	-0.12596463090233115	0.3789930496717083	2.3185891890557127
OMIHEY	0.059315671052942776	0.6746277096417035	-0.12557493864614017	-0.05422704843526659	2.7847596354874327
OMIHUO	-0.06452194548366119	0.5843573118067467	-0.3268565008060028	-0.16631364909305407	2.6375212739237766
OMITUZ	0.32491888061460994	-0.11811446466905011	0.5793398560793029	0.10041704205917357	1.7904040162349344
OMOBAW	0.5697039497449392	0.4837784828565262	0.18736102985336422	-0.2747631061195075	3.3839755641885043
OMOBEA	0.591943008312886	0.46341130922021406	0.1788228550597139	-0.25981076007754467	3.372482956751085
ONEFIZ	0.1630234476986745	-0.11573316970689382	-0.5463877924260224	-0.1535007674342997	1.795581259687923
ONEGOE	0.3231598973901546	-0.13516363702509454	-0.5869224703444603	0.008285643376986188	1.6057956475273452
ONEPAA	0.008948682285948362	-0.2278771196391467	0.5399261968015343	0.030893388972122834	1.6146618364945882
ONEPEE	0.05518497678217482	-0.2309567115088289	0.48564222849015065	-0.0014999491366321782	1.6793901932524053
ONEQAB	-0.038766551204018285	-0.8050387354317963	0.13322250761208945	0.24243483654642345	1.3528638855670931
ONOBOJ	-0.1302215220795162	0.2714377904432172	-0.18560443381167246	-0.09431172350920844	2.085059211604146
ONOXOG	0.3304842215936663	0.31550996545187265	-0.04420232093092316	-0.058344832347488114	2.3120360407634637
ONOXUM	0.32623319156659036	0.2273731017504761	-0.12802208495981196	0.0419503373200254	2.164509676333066
ONUJAJ	0.3737416696736071	0.4808476278896801	-0.012415750070509018	0.06427898016492145	2.8581786516982075
ONUJEN	0.3440142394258361	0.5265220360610638	0.02600562671498821	0.11100685694524665	2.8352209263117216
ONUJIR	0.4070619801131148	-0.7257113188958029	0.166056901371602	0.27388578906830535	1.428866153099094
ONUQAR	0.11242145427475059	0.20121362617992145	-0.3161591061998642	0.2589559192414102	1.8727998136333404
OPAQIG	0.4653711595754455	-0.23496793206754524	-0.425243624493735	-0.3671589211450919	2.275787752915596
OPEFAS	0.34136096469686894	-0.12581054822569548	-0.030937307548823414	-0.16161849765761832	2.0298983244523754
OPUPAR	0.48241122310956364	-0.28905644911454853	-0.39743823060267847	-0.22337754564139237	2.0544348872100406
OPUZEG	-0.23531558102035888	0.24534330756224104	-0.36486990269857444	0.13293478254267915	1.6863509103091543
OPUZOQ	-0.07240094858099733	0.03918794176595883	0.13597802871698886	-0.0654380253358681	1.5604383238575117
OQAFEU	-0.09064082628946579	0.38912616331534394	-0.2619179400441915	0.502318512014426	1.9487974865393007
OQAFIY	-0.07660473450070393	0.6214216851945844	-0.22706603328513225	0.2917271656219585	2.3098174471044035
OQAGIZ	0.6098628191550777	-0.4924649509895563	0.47680655416235374	-0.15250167313293428	1.808461616280254
OQEGUN	0.7136196473758956	-0.83156963333088	-0.42179327406971123	0.12088880809609134	1.539786189310808
OQOLUC	0.4641654425020052	-0.22462450769569803	0.6494120114959532	0.2019346833560346	1.7003886289254613
ORALAW	0.609909907571704	-0.17802415828500798	0.024337332733857103	-0.2046345333718879	2.4684729934878975
ORALEA	0.48671539709428213	-0.5877447914564233	-0.12627721231776382	-0.010706387305344407	1.61608854168351
ORIJEG	0.3857367401074825	-0.16308575214758742	0.20375114297940763	-0.010049608933970014	1.9163385320225466
ORIXOF	0.25097270471697364	0.3748941303294556	0.7995740809925692	-0.10353205972224525	2.3634741623809115
OROTIZ	0.14700578447001744	-0.4262631053588187	-0.3616348310288201	0.0629713312857087	1.424825766430604
OSAWAJ	0.4040142322542346	-0.22299208544191743	0.07963242415703314	-0.06542800265963615	1.9706881500868976
OSEXAN	0.45018899673480384	0.1550106500628219	0.3349465337041653	-0.06777295312666955	2.248848510620522
OSEXER	0.6895044330378068	-0.34065769502430054	0.10889731946244942	0.31889987990760876	1.6627969651798864
OSEXIV	0.6267788662843277	0.02592172598519077	0.42519334705365586	0.4047678649250013	1.969473210270004
OSEXOB	0.6493369055649296	-0.08922061956001967	0.37010614275507797	0.4100898776176561	1.869908143271876
OSISOB	0.3498187802569124	-0.4007623720448914	0.06910072991792246	-0.09013827225305059	1.7803075208724313
OSISUH	0.34838063810354214	-0.40120948139028717	0.06904819534608543	-0.09123821181279261	1.783041628938009
OSODAD	0.38389818245137697	-0.07749893765668928	0.24055894296972613	-0.026236285974811133	1.9592870309191108
OSUBOU	0.08561098551591728	0.10878963414770615	-0.19065366412197543	0.111306396209989	1.773875123956834
OSUBUA	0.565571861258559	0.7000306048098586	-0.033457436838907006	-0.07584156379976581	3.7353184068643155
OTAGIB	0.5141099468101711	-0.2952013672600933	-0.18745411910122067	-0.025949405091316255	1.798385465981651
OTAGUN	0.4567019159276722	-0.48061790095824375	0.0231931559772469	-0.025567865196948467	1.7065995969792023
OTALON	0.14899528886950586	-0.08135712133362595	-0.6896926524233032	-0.0993627676646215	1.557626173281946
OTIWEW	0.6007645519663685	0.045720574151254606	0.5444074786270059	0.06615161001830491	2.189931634944271
OTIXEX	0.6575573445524112	-0.04351836761209778	0.6286604250520242	0.052657157932585935	2.137252221504256
OTIXIB	0.6795082372413823	-0.14068214903921852	0.5665495095891564	0.14071494501268914	1.9733239284624973
OTOGEM	-0.05721994421282517	0.6035514821599006	-0.506880046323096	0.35503926802598956	2.5245546180486573
OTULAR	0.48320893711202206	0.6541758603977896	-0.41437150868871575	-0.2018024623229271	3.6222402988563496
OTUSUS	0.5306517882401574	-0.4308312946926664	-0.1609028820605931	-1.0257813450612052e-05	1.704600783395734
OVERAJ	0.5948777297888856	-0.5684515046817428	-0.16436409505252708	-0.02427432305174082	1.6738638123372565
OVOBUZ	0.3946535490152865	-0.6524816482556199	-0.20511329799886713	-0.23042697971961437	1.7242811050651348
OVOLOB	0.105415122956519	-0.359341424678958	-0.3543204697824834	-0.4671249367717734	2.02067672198176
OVOLUH	0.1898273380755353	0.11842559614173664	-0.4230139610287027	-0.10421754207580262	2.0525250278447813
OVOMAO	0.13716824675903316	-0.5887203495942714	-0.620611172297432	-0.1720757631892907	1.574322648066749
OVOXAA	0.17212334571483945	-0.0689656926709776	0.3744937449193353	0.08492147020108673	1.6989999888568612
OVOXEE	0.20567353956683698	0.05277810830221197	0.05891825798578249	0.009723676750608562	1.920638546783964
OVOYEF	-0.016700373977476257	0.20510185401346237	0.23956953882266344	0.06484477772860062	1.8731801533327188
OWEBEZ	0.10464544908026507	-0.06243356656112276	0.47416185914887715	-0.09277617506044894	1.8166092941382819
OWEPOY	0.5228938226213407	-0.06831682466388109	-0.36757647218806233	-0.3431977128071606	2.3665306429777435
OWOKOD	0.5558588477750259	0.31109952821782255	-0.29358365549330023	0.3049406961436084	2.6977379160181347
OXAKII	0.5455346428953725	0.02817716175963006	0.057165714235010615	-0.23236127178647642	2.4959408635493396
OXAKOO	-0.10973275682460049	0.7827514677591279	-0.23896108808461342	0.18627592051975939	2.759938838060676
OXAKUU	-0.15509436292406198	0.7735312258560305	-0.10824433378181611	0.16203092205902153	2.621141751185335
OXIGEJ	-0.018395591996137384	0.4158372858171639	-0.17095031381748066	-0.09600740145078827	2.2446372299864863
OXIZIH	0.6163937942130397	0.7006277432701387	-0.1749788587739985	-0.2961382445818267	4.501761857733684
OXOQUQ	0.478275157400029	0.07470644894229167	-0.5036583219765631	-0.33095933091117113	2.2897985463932327
OXUFAQ	0.3519269601776527	-0.8620366000793807	-0.47316142422627894	-0.09967094832752926	1.6111114278376308
OXUGIY	0.44196369518231915	-0.4030350038559036	0.6397354871395102	0.22631289331558946	1.5388551376916828
OXUQEG	0.36112771460578674	-0.39815392341810996	-0.17554564502447134	-0.016720486628584462	1.6157377927331389
OXUQOQ	0.4046164660306939	-0.42840427270196607	0.11290007498579453	-0.041070802424191165	1.6854747354662984
OXUZAL	0.27890544937223183	0.3715525346759771	-0.5334194460481245	-0.06440142641147714	2.3903623608582576
OYIKUE	0.08124523477141699	0.45514210228469626	-0.21304418002126552	-0.07299178132385421	2.250785990835982
OYOCIP	0.571573740500499	-0.17382675344228946	0.03267339581588378	-0.3393068890799485	2.316696138142272
OYOCOV	0.46900550286573317	0.640718729331047	-0.195121086563885	-0.20698946977554844	3.4993030371576874
OYOCUB	0.5367544738229899	0.7929465615534246	0.20703192622579164	-0.19638172136832877	3.912534763526438
OYUHIB	0.23396518873397154	0.5790557446486173	-0.3145246831557659	-0.16720547126799606	3.1117861542925818
OZAKIL	0.14401079986780063	0.38210665390141246	-0.2637303840919605	0.21869453876337175	2.221574588371384
OZAPEL	0.3822213682993798	0.016766455493820887	0.8577287852167254	0.094447568995501	1.8651706522272575
OZASOY	0.516485867212424	0.1346964527487996	0.1631177631679761	-0.0006290293932362662	2.2787988712514102
OZASUE	0.43282684522174897	0.21010570262747125	0.18934125997183188	-0.008992041267325251	2.327268007249935
OZATAL	0.32192147415687344	-0.2362077002846414	0.10985614535766201	0.07845923410169475	1.7180719751733802
OZATEP	0.29462934533686536	-0.2232519667977857	0.04870759259675927	0.032249893823032075	1.7124138918464598
OZATIT	0.40466765226442813	-0.05477171751922167	0.0031914971725305746	-0.123540732237202	2.0452401415417607
OZIREV	0.16274675520831483	-0.2968369374672045	-0.4635049617366538	0.4401863596388587	1.3211684830924764
OZOCEO	0.16410840690317796	0.11535224971297114	-0.1321922509182639	-0.01164741017002343	2.0685910275348753
OZOCOY	0.2073533393169784	0.11934816032383619	-0.11546543430701739	0.023843127787696122	2.093466853683397
OZUSOU	0.3392237086501426	0.4971094125176732	-0.010173882798623635	0.34143256677897577	2.507908249556463
OZUTAH	0.2117365322841147	0.22037260175526197	-0.0014278327755696263	0.17616675431543627	2.034879856110134
OZUTIP	0.21069974320270068	0.228149880821633	-0.0057904497783051595	0.17826587524734483	2.0509328756753624
PACCON	0.5214212899737545	0.24063355251076224	0.30613492108409407	-0.13041765470892894	2.5273516724843095
PACCUT	0.5611236630281562	-0.08052480755090613	-0.07326439890037775	-0.006436206271189751	2.0698752481387346
PACTHF	0.34335122944340934	0.0437223613397342	0.6888932917327706	-0.006332902760529113	1.9926625576354524
PADFIJ	0.6845708146574676	0.2747721045736357	0.4825684390878525	0.034411309190026634	2.6369884767460743
PAFFIN	0.3446555815122432	-0.12557006291524578	0.0897451303337119	-0.07280735629498779	1.9070987730792244
PAGMIX	0.6532067378101596	-0.20744114643087547	-0.20251532906445624	-0.31736202425932125	2.4146689055790027
PAGQAR	-0.13322111503300782	0.7318332679898434	-0.3199349473296443	-0.06280279352387451	2.562093636263662
PAGQEV	-0.12560010732054527	0.7342247083174109	-0.3164083022846206	-0.06363283469183396	2.5757354882958197
PAHCAC	0.46283579231752014	-0.7184656634907458	-0.4682596665878298	0.43957408851007745	1.2014473449117757
PAHWOK	0.6803210200486953	-0.5517191866881956	0.026995309385065364	0.10952754745280344	1.712303533748261
PAHYUS	0.4788974183903463	0.30367711316209367	0.5127798526309186	0.055442894425583505	2.4358638997787403
PAKJEU	0.20225305989455444	0.44068878095888514	-0.38278258061038467	0.10332815483996408	2.5909280479128727
PAKJIY	0.0930952809325829	-0.15077971522544187	-0.46046614895322213	-0.12006963562428188	1.6224766901831125
PAKJOE	0.20694540418631568	-0.06122863234115975	-0.4199676106020842	-0.1551741451912507	1.7713801056889866
PAKKIW	0.42536728395624657	-0.34215746657087986	-0.44944789145108155	-0.2680331830669631	1.8983429583473572
PAKLAP	0.5773239804849712	-0.5257015035260761	-0.23526895674429438	-0.10591252324747605	1.7456792613967436
PANGOA	0.10624891164873773	-0.24068554068269352	0.011149601272856538	0.17503998885423494	1.5329835584736315
PANHET	0.5967513226429819	0.08855310492322635	0.5639165452897545	0.15022409958119706	2.170960979084999
PANHOD	0.5068900343739484	0.1071800289551646	0.4607372208360179	0.08133977197918307	2.186054035503483
PANHUJ	0.5901123733572051	0.11390964486156069	0.5044748451220419	0.12169237031324837	2.233960936340862
PANNID	0.513965672493514	-0.1778581730456031	0.12296932895213165	-0.04557385863320228	1.8855608862093245
PANYEI	0.2866620070073207	0.3155531357610784	-0.23761518820142974	-0.0646644514445903	2.407730846773325
PARFEV	0.6531690610124983	0.40439955714145087	-0.17150924626150965	-0.47853945598792563	3.61741225914532
PARFIZ	0.6564570039165529	0.3881055901940765	-0.1605310434250145	-0.48424497375814113	3.5886456901480543
PASKID	0.5443206576712969	0.19494512263386882	0.32799713228754585	-0.024743737157159232	2.358834132891702
PASKOJ	0.5288314402284575	0.21840520831670096	0.17536444218698663	-0.07220210752693745	2.4233832842289624
PASKUP	0.5486144275887712	0.17593503543990285	0.22449338721485532	-0.052053087819613	2.3879212888522
PASPEE	0.4584232690202681	0.08783889646383547	0.3675336035672889	-0.05956711961977844	2.216927353023781
PASPII	0.46514119657367736	0.05983713445764505	0.3809229819195836	0.008129647917821822	2.0845392991183056
PASQOR	0.5658535330501566	-0.6404210441255798	0.25607499721646976	-0.012481544659618864	1.8959156714975152
PAVDUL	0.46392684971716935	0.4679353241735977	-0.11238346040043765	-0.20126030637275777	2.910050008458479
PAYBAS	0.45638144879068765	-0.24556714978077723	0.6042748554493861	0.2029590851274959	1.6222191497563456
PAYHIG	-0.25509035905753574	0.5121747214278785	-0.6410750648054385	0.5765280585525814	2.28848227097374
PAYHUS	-0.0311220631160376	0.565071101337119	-0.6183952756589091	0.38433377113784906	2.560746812449229
PAYTOZ	0.16835779521530592	0.20898874123095318	-0.16227735723411302	0.0015235901234581656	2.118763275262311
PBFCPB	0.2003354299174398	0.19633284456685646	0.6158745477315695	-0.008011839700445542	2.0852697911079012
PBUTFE	-0.11485395567562584	0.17690531049016855	0.2883337305402534	0.13497169288560576	1.6831537537474626
PECKER	0.47694164520144344	-0.8126236386539216	0.005388411680062433	-0.06473171513552857	1.6586599765683485
PEDHOZ	0.5139108796410214	-0.21490573681281067	-0.15314373956909677	-0.09609998055242616	1.978451016682115
PEDTAX	0.5136801761161065	-0.2140601010735695	-0.15382486718163296	-0.09481069731762667	1.9763424809366812
PEDVUP	0.3302531132642539	0.03828112571401296	-0.25572472868058727	0.08078732278861864	1.9715207064504958
PEJDAJ	0.4681477585049283	-0.1655384917038233	0.6376847140389751	0.15236526634507794	1.792934978282505
PEJLEV	0.5109232046327996	-0.18433378079419893	0.9065488059441936	0.21162422957664045	1.7128963450242225
PEKQAX	0.99545294738218	0.2260350444385798	0.14431141763812877	-0.7052602899330858	3.6738474697119488
PEKWUY	-0.11834262661288797	0.3939887730792729	-0.12786039058570095	-0.0807619274128137	2.1379854949557853
PEKXAF	-0.09725078517044716	0.3482343863821576	-0.165973010201087	-0.07319930144651851	2.107018917747177
PELFOB	0.003499585977853492	-0.0028983546671348392	0.23990670901404418	0.1255225341515045	1.6030261651821882
PEMNUQ	0.49811788719991856	0.39799732657640013	-0.007317269827302533	-0.2302851515308096	3.2019864784982475
PENJIF	-0.15807011875336396	0.4698407773042271	-0.38961854368343524	0.14989270221798498	2.0604215247974604
PENJOL	-0.2324178005233133	0.35236355048343276	-0.7302343733181516	0.4595770442657728	1.928587280579839
PENOFE	0.2859484698999628	0.17510429799879224	0.36947084675511604	-0.03332417912736789	2.0147820111984354
PEPWAK	0.09510081747116894	1.0148836296065484	-0.3469805241859272	0.14899736083024298	3.537191045389674
PEPWOY	0.6625001677187887	0.16427687568403077	-0.012665291277393062	-0.2955493299526566	2.8986118902629925
PEPWUE	0.6447197484987717	0.09077144206111556	-0.07168519142090146	-0.2648102623436066	2.716828683888622
PEQFIC	0.3919995515913879	0.07650842584784764	0.23160724571835245	0.005626787750843215	2.1080125732773234
PEQFOI	0.433800161057591	-0.02944250252960756	0.3136342701024003	0.13523095653519124	1.9500186156840695
PEQMOQ	-0.044285350958439995	0.017513114949531144	0.19581187924053653	0.11162068634841613	1.5925140912768734
PERMOP	-0.07976104965058228	0.0569206240774143	0.34752824660463255	-0.060392917143471246	1.7537719265672136
PERPEI	0.34343478312485054	-0.08151123887942135	0.7091462440015883	0.049872271293998294	1.810501448032471
PERVUF	0.6410544636078255	0.2705576450568136	0.018345094895261274	-0.11644668030153052	2.687325638916906
PERWAM	0.6244074566632563	0.03689460380619683	-0.15029539613886297	-0.21838307785369723	2.5674643618503517
PETPTE	0.06293035153510784	0.36639806585061324	-0.3347342870772617	-0.10761683495161739	2.1868280257791057
PETZEV	0.5501547019915876	-0.48523984688611865	-0.10196317087767973	-0.294105507142667	1.8769795399603622
PEVHAC	-0.09030242721656245	0.13222776478555015	-0.19083133709024824	0.08127060884546189	1.5409466546362607
PEVJEI	-0.12786707995364655	0.09801612260042827	0.04307809498848442	-0.16431825854797666	1.8317210524217613
PEWHAC	0.6837055813049835	-0.13403302868385922	-0.08733783771513356	-0.2667766152478826	2.5497328194118767
PEWHEG	0.6474841839103762	-0.14657198407919886	-0.1193035639253931	-0.22415748157340307	2.38367266940847
PEWZEA	0.7434867538542811	-0.6313726995033979	0.03586090137983739	-0.06976930395273757	1.9568561752978129
PEWZIE	0.7048308607490146	-0.45271576836470373	0.19308973939643798	-0.08193227670150358	2.106209691941269
PEWZUM	0.22587876006566043	-0.13257018448209373	0.4552297718638967	0.09727032345274902	1.764509716113792
PEXBAZ	0.6036103987019947	-0.5857451696745299	0.018795652102625654	-0.14835262653904052	1.8795370052855687
PEXMIO	0.35209850180021895	0.008039717274162778	-0.1699977920173596	-0.4695581468247773	2.5744724569323783
PEZGOU	0.09281397336897479	-0.2588576001327906	-0.4880643876922218	-0.16583749193587388	1.6653502101123798
PHSNFE	-0.25087448114831723	-0.1734133723868686	-0.2715543949797541	0.12206272086130951	1.2663207046733294
PICSUQ	0.229934601890196	0.17248539952374276	0.3941676376419196	0.05840927065215873	2.1371717495327243
PIFXOT	0.4553813936252551	-0.22235595555984933	0.22305967184040348	0.1522388952115349	1.7701878939906692
PIFXUZ	0.6233090533757943	-0.1623598287593186	0.5268195074381795	0.11653837091137753	2.034910992803382
PIHVAD	0.26687086648756075	-0.23410067614570573	0.5772351388424979	0.24806912328271913	1.5215648941078637
PIJHUL	0.5106613739746741	-0.43501229948564973	0.586151676366717	0.2353061458139944	1.6149280856337673
PIKSOT	0.34965578233240535	-0.27521104604423846	-0.28630425489334205	0.08284442805287365	1.6478836724997046
PILSEM	0.7756771083708491	-0.34750848904012976	0.035124597678171866	-0.4027305779559034	2.1411893251860903
PILSOW	0.5227112296365535	-0.5344158404837911	-0.09198071216222234	-0.22276455061641795	1.7913378784393645
PILTAJ	0.7849975728023635	-0.26922117399583	0.021385692554948627	-0.41115048229255546	2.2635190979165682
PILWAM	0.42666100725460065	-0.345358652779139	-0.2566290434489971	-0.2712294195203425	1.8043330251838885
PILXEN	0.3524401372874175	-0.11340616901935469	0.691078475945575	0.10067518115182061	1.767242032356231
PIMMOQ	0.6364125538508656	0.6304194444333504	0.026478830827760036	-0.3674489892205468	3.9501587937256377
PIMVOZ	0.32569265425006133	-0.49741246805812867	-0.16799773597135886	-0.24421007326032593	1.8411241823182363
PIPGUU	0.5920796041404399	-0.17490316611896925	0.05044004300374813	-0.20901547076804844	2.3508706211862602
PIPHAB	0.7573229206525935	0.16601029020638614	0.31337624938385894	-0.2817438397509498	3.1519004557399333
PIPHEF	0.5592511041518922	0.11666047322554834	0.0858386820291091	-0.237464937777101	2.7055816811665347
PIPPAH	0.8557058819518168	0.11023084828798252	0.17669671654928942	-0.45298547947590534	3.2294444457122946
PIQFIE	-0.03622191038124978	-0.23619671851125462	0.39987057039656976	0.11632967741637054	1.4880483847622168
PIRDID	0.41202134512802235	0.08519938249125616	0.14839128661691878	0.11901806827631495	2.0565983356744173
PIVCED	0.7000286012004553	-0.19784219932214292	0.27012505297820294	-0.22631588560054067	2.1624048514371204
PIVVEY	0.6726508943373446	0.4240764700803084	-0.16578882024878794	-0.477247633189455	3.694050997714792
PIVYEC	-0.3593541620237768	-0.8197593822088196	-0.7858125201206324	0.04609070841012303	1.136598370334313
PIVYOM	-0.3466381512561507	-0.8393736059165358	-0.7626739714233459	-0.004862630515897859	1.2102301198124799
PIWCEF	0.16256921037181327	0.488329531216431	-0.36524288602043203	0.15351767007758782	2.5713669942722053
PIXGIP	0.5959391797922642	-0.24541821994126406	-0.09147546642721979	0.09606089134374368	2.015009022991358
PIXGUB	0.5931093034972941	-0.19110413394269576	-0.05725822070522299	0.08500216241395994	2.105456153793484
PIXHEM	0.3618038253230864	-0.38563919940446495	-0.508773235775046	0.12400151395246356	1.5009209923298747
PIXHIQ	0.36180332834664863	-0.12974453685991716	-0.1382621279137778	0.1973993749767965	1.8044466241763208
PIXMEQ	-0.02468168650438951	0.14772930594685596	-0.37878899724975496	0.11846473526158191	1.8354906228337773
PIXYIF	-0.1436314846219764	0.8614172815685839	-0.15747777709142755	0.26634093868596737	2.8090731317644506
PIYPAO	0.34795174041189636	0.052789844621921905	0.7066315055660407	0.07870282546021198	1.9601541994308955
PIYPES	0.31517560804641764	0.2139822285773909	0.5696668328257598	0.014515192378341465	2.132138739223535
PIYPOC	0.282025093935208	0.23356410296952868	0.5686484636907794	-0.08845302528518982	2.158293222875937
PIYYON	0.34475564130640013	0.17081415297375252	-0.4045146317458051	-0.14704265559332452	2.231443910078101
PIYZAY	-0.06576610251191273	0.6188972791893936	-0.49901538704248694	0.49510892852768823	2.530135079284282
PIYZEC	-0.10658246022043327	0.7123403719579993	-0.29009863053623924	0.2905927270424413	2.550325827987243
PIZGEN	0.4928941645673657	-0.5232032719841045	-0.20437172249015678	-0.13192548525713718	1.9229538826749346
POBBAM	0.21201643499014633	-0.6765684162036922	-0.6947323800079674	-0.02940370516754487	1.3073626357384043
POBBIU	0.34645666726064306	-0.5662978725108522	-0.43128747566671166	-0.06667487587557389	1.4715161600408706
POBCAM	0.6330750557422675	0.8065187085634926	0.18616931796874683	-0.27425746838792064	4.161995607275387
POBCEQ	0.6534766587917451	0.29139073167157775	0.1885858952582879	-0.2638715062865015	3.0556911966367406
POBLOH	0.6353029448713832	0.020323228852473313	-0.16795099740072605	0.14595305182422086	2.0999776703313944
PODZUF	0.03958244636588182	0.2104232393727345	-0.3233949959603883	0.36690115788075	1.9547877568612617
POFSUY	0.24422260053457912	-0.0880909765705669	0.6415255340840479	0.21702094518599585	1.6527816940152875
POFYAL	0.45170228902037657	0.24243661512650816	-0.04301373597660335	-0.20463191591518987	2.982319565095692
POGMAB	-0.002535649099157933	0.08840879868258772	-0.5004417284294032	-0.11535863802114996	1.837994981303022
POGMED	0.518684338278729	-0.8170122884354847	-0.016851416490716226	0.06164170450857842	1.5042337028834325
POHLON	0.2365017676056782	-1.0522868146113284	-0.1843660824533661	0.12772708287458878	1.4096824959764385
POHTUB	0.21694527761497318	0.10361661645198572	0.234262205642534	0.21779718400820286	1.867878764532712
POHVAK	0.2234334762784993	-0.45618346487693917	-0.45970219485013997	-0.16278379625337475	1.585063441199635
POJDIF	0.12774638281542217	-1.0009006746776172	-0.18388610257088284	0.24497162365898628	1.2253458663960388
POJPIN	0.1794135052199497	-0.16167798546713547	0.5063945253009225	-0.00756031625553899	1.7569441671591994
POKNAF	0.5067814180881429	0.031157565524753517	-0.2413000627326738	-0.273343107062808	2.5973028000715015
POKPOX	0.7577405491258293	-0.15303042443246548	-0.09332585764121257	-0.4657955123246056	2.6497245690355307
POMJUZ	0.21818516314663539	-0.1595079397445328	-0.4222538686990893	0.19921999794513146	1.662768471776915
POMKAG	0.25439944543018633	0.08327253905502424	-0.1063648271566407	0.10033162311128915	2.0233172607563663
POMSIU	-0.01073574806585409	-0.03138941738739487	-0.2409211803311338	-0.5213099715581524	2.0914763849090967
POMWET	0.46545638628061514	0.3343195136370702	-0.05321557231923832	0.11092794158396305	2.595802085944233
POQPIU	0.07411108329873661	0.47010809120893277	0.22507292425798617	-0.22633880608040677	2.410981017686216
POSVUO	0.2873667412615175	0.5651552456472129	0.3268751902297619	0.08791909303698067	2.646419432007578
POTTAT	0.5973381727995477	0.2349456136595896	0.021593835138934023	-0.3616487533021024	2.8420929966926547
POWQOI	0.5623047062929025	0.21216281134451775	0.21369358586313073	-0.30351034910980046	2.825741537768558
POXGIV	0.8353825541488122	0.035368351431035144	0.19621238088384235	-0.41606437498795557	3.0538494989554374
POZJUK	0.46712312875426587	0.606791007221331	0.47861791902492984	0.07423664638889282	2.8906540725805376
PPTCFE	-0.11789904126529116	0.07393439328057733	0.37329294160325976	-0.10427966449638293	1.8156848194996629
PRACFE	0.160567619987662	0.18353432715540802	0.1652710603700363	0.2633627821814219	1.8933382179808387
PRNFEA	0.3944608033502348	-0.3079026395590558	0.7824411502489308	0.25608825367205373	1.5168082816011357
PRNFEB	0.3782899281108678	-0.23918683066706833	0.7610116861825433	0.2122851894919019	1.6033963398787092
PUCFUQ	0.0031909340434550515	-0.7345955878175137	-0.32624339097507676	0.3449831139222262	1.1547668459530538
PUFQOZ	0.5323392541783543	0.12750269000155315	-0.08790541545573327	-0.4182961766235944	2.666371997188227
PUFRAM	0.5657453661103169	0.15883264000275604	-0.050381200888432676	-0.4304006605255186	2.755779337573098
PUFRIU	0.3827972586750219	-0.5421259467118971	0.02304472493075943	-0.1614063633715809	1.7961422304031383
PUGLOS	0.4510214897351643	-0.48177895175352686	-0.35648098623383473	-0.015370850912970004	1.6823432191959622
PUGWIX	0.21280369749127725	-0.13810156570693663	-0.4531572239575502	-0.10797734084231653	1.8667802821139305
PUHJUZ	0.4064767697024232	-0.6573756156968411	-0.07913333214997578	-0.1807473315595829	1.7808108745507851
PUHKEK	0.38436221354199596	-0.6438944784071254	-0.20622464643535326	-0.2355946005333209	1.719982276155979
PUHQIS	0.41165125885832676	0.16311699087528803	0.12765769221391854	-0.026076092349258888	2.283334108283991
PUHWIY	0.45245271046121527	-0.004141884132703347	0.7547568041208018	0.07740821545507687	1.9215854084692798
PUJYIC	0.45170328401971194	0.1459900509920074	0.48041012258501803	0.06421329227070555	2.247344565518465
PUJYOI	0.5359807509078003	-0.27991261018401015	0.44565021799319116	0.23845469777920997	1.7090205168470731
PUMFAE	0.34896996825794524	0.11351377157159298	-0.2458870803648392	-0.03304037721970725	2.2504933705792074
PUMFEI	0.2771352317444844	-0.10461566094378393	0.12113733450950517	0.09496327255445344	1.945060626537038
PUMFIM	0.39633217844021207	-0.010099745507348587	0.0771075639348225	-0.048687927679635236	2.126974278292374
PUMFOS	0.4078788679640626	0.11574743497840745	-0.0005428475967576563	-0.01621291988635798	2.3428184307186033
PUNKAK	0.5629176644518488	-0.05527455510456514	0.850328070196237	0.08420896273678127	1.897055467248435
PUNKIS	0.49699898967761325	-0.06296471040365013	0.7634443085106998	0.0797052002150411	1.8620238904680848
PUNPEV	0.5144551319268587	-0.040076588648538386	0.4385146420123427	0.1175824680304145	1.9907318600273578
PUPHIR	0.1837122466999883	0.986508392955179	-0.24642143984587955	0.31709963151585097	3.4291217584313802
PUPKAO	0.1463720533267221	0.3289335552657214	-0.17738317324363273	-0.12906130753043835	2.3917027215917708
PUPKES	0.22545649183201677	0.008629559520613908	-0.15445049638571526	-0.12097365057039004	1.9998305563114211
PUPKIW	0.23464228249205377	0.023396293515272754	-0.19268276125860223	-0.16851897643727576	2.0602597903204938
PUQJAM	0.7422647096414012	0.03237763540889843	0.03747260972341194	-0.308541637003652	2.8392723515488854
PUQLAP	0.15130680559403586	0.09182054696331796	-0.5422658779738492	0.09230701917545595	1.9937576062841338
PUQLIX	0.18280797168717378	0.22878745558107572	-0.4743310806088846	0.056020597144447515	2.158433900958064
PUQNUM	0.6981677044025041	-0.6449208154098944	-0.2837079890787011	0.15916857032190765	1.604071488320461
PURCUA	0.34969371285310125	0.3672581185251357	-0.08642099620355648	0.3478513839857429	2.4910253065365504
PURPAW	0.5115506037315045	0.12141158232427143	0.4878901007446171	0.004479089931918881	2.338433102532494
PURPEA	0.5056783103715325	0.11279291883483697	0.48137014390615834	0.008412230910784246	2.3142009302211384
PURTEE	0.3377535115920969	-0.7109097142936724	0.043452184192872556	0.07856014366479455	1.5094858696438167
PUSHAM	0.8642778517606056	0.31772330291234485	-0.25532699036891904	-0.6927302274496054	3.9250186642831437
PUTZAF	0.33637330942395405	-0.08362111877026165	0.5561972136405373	0.1849984003594623	1.7402724037902935
PUTZEJ	0.22872636583790396	0.2219474546118157	0.6270297617390492	0.002734673004938515	2.062842532792086
PUWFIY	0.2760766587956436	-0.7104556843094134	-0.45247414774377026	-0.11253915446214574	1.6422120020387734
PUXRAC	0.1736177596330255	0.09265777935050573	-0.5155261755574744	0.03407159712138981	1.7914331773558394
PUXREG	0.14217876691968545	0.10605972995382326	-0.44513607777795206	0.10566755224129248	1.7807289461321232
PUXRIK	0.179522831943427	0.12252463834841906	-0.48528164918935524	0.06196130667956001	1.839922919239837
PUXRUW	0.14711572597304956	0.03299837137907646	-0.2958222695756563	0.007647761148451199	1.709406577489741
PUXZUE	0.5325824036163285	-0.08967783739458882	-0.24457637323079467	-0.19152799209250282	2.5939476691777688
PUYDES	-0.23050417613865726	0.9436828191813453	0.2202761774666045	0.08538024514256412	2.688714566667932
PUYQIM	0.31134721505401686	-0.12810129664864356	-0.08615053830873964	0.07648157274149464	1.9021899594249587
PUZGID	0.5049540275051383	0.2577308803650715	0.07314787161729874	-0.16351290020111892	2.5667284409984017
PYDTCI	-0.08128873084599375	0.11658163539311203	0.35294944572307757	-0.12303848813191517	1.877692132477614
PYZTCI	-0.0239268749354129	0.11678379923109447	0.3724126039394168	-0.11210720100216817	1.9048421753063711
QACTIY	0.08349583659929616	-1.2097105363577454	-0.39320629358305187	0.33412638268066536	1.1747475615546357
QACVEY	0.009663794632622125	-0.09762942803784384	0.30608756138301385	0.09583595982564522	1.5539031174617504
QACVIB	-0.041525270187025676	0.8336155676927894	-0.3118989752240902	0.35750601927922016	2.875010367618242
QACVOH	-0.0415894816433946	0.790518885018269	-0.2956798346695993	0.39424303595615495	2.830549437309031
QACVUN	-0.025771186531893697	0.8724302222570954	-0.34857891092762644	0.2339144384676557	3.0227598155895063
QADCOO	0.7082767132827428	0.5129193206450429	0.15013328802776987	-0.25529111318686293	3.35511827818181
QAFJEM	0.33939283396701825	-0.3342974810458259	0.1842061333271554	0.2728513757488309	1.5385007317343822
QAFLUH	0.4062371587495681	0.008428696138939346	-0.17843267404061175	-0.09303049821009202	2.1844073217128557
QAFMAO	0.3925656397130943	-0.035431643919266634	-0.1453112429259464	-0.08147916552906032	2.093952628181599
QAGWUQ	0.5287869181244549	0.22915144589197772	-0.004678697343705546	-0.12512061657024637	2.7059018544622893
QAGZUT	0.5686758886062595	0.24715567054562482	0.3719794472175791	0.07577326068695026	2.4692033749036666
QAHBAC	0.5161809834970246	-0.20475378754656393	0.3503093099461947	0.12265048553996796	1.872724526770941
QAHGAJ	-0.09621912740439509	0.3702507793096286	-0.32313673078511157	-0.05957118634839058	1.9916560860853152
QAHVIE	0.4463686436835843	-0.5520949568718045	-0.10765043121314768	-0.11040524429997911	1.7277825092562438
QAHYON	0.4083926696171085	0.02185459367399581	0.401874959969133	0.16834828406734603	2.0105869375435135
QAJNIZ	0.17105712852230814	0.6225589053027423	-0.2979707109914013	-0.06401733870168322	2.705658498431318
QAJNOF	-0.00486782033625488	0.3948450244695368	-0.4542755672776393	-0.2209881019593246	2.4821167449006913
QAJPAT	0.008896741519158535	0.3946317097481286	-0.4222352690304074	-0.10335662171106323	2.2936509748872793
QAJPIB	0.0941550885893987	0.4487503065763954	-0.4367653086484711	-0.02916078937221464	2.409365522361524
QAKPIC	0.33988053934403784	0.06568925171525375	-0.4546552082629983	-0.04864343081649239	2.1082246393840096
QALTEE	0.06579756711522311	0.8212608645161956	-0.17351518999652227	0.28940047381397466	2.960194584770096
QALZUZ	0.4144397122105836	-0.3625289667438326	-0.24483069291936216	-0.1155257414029993	1.89310775544143
QAMDOA	0.3158430698248651	-0.8197661905625777	-0.24172525237814396	-0.055138473874220856	1.5235426593391137
QANMEX	0.46933475076834696	0.667425736835199	-0.04130017639413769	0.1575104166669103	3.1719726088823856
QANMIB	0.5232589462255319	0.4548389706745936	0.03710035363099807	0.03174190520522566	2.6398380245444075
QANMOH	0.3876253868803232	0.3614376401649817	-0.19392654420663902	-0.07860273297919591	2.5635882462021238
QANMUN	0.5040935171462104	0.8528866923214573	-0.23796041096832832	-0.026384923596340593	3.782348899540718
QANNAU	0.5220690098010712	0.44244397145826314	0.030375901904844918	0.029809638246895906	2.6276380594876123
QAQBOB	0.3636821486634867	0.3095020281373787	0.373219026740422	0.09012580806387113	2.3649950633431622
QARXAK	0.44877177794957657	0.05772045231637837	-0.3013108341968496	-0.25323776716167246	2.2856675211027735
QARXIS	0.4204875341484646	-0.09812416039674503	-0.28213377206804957	-0.13484194458787588	2.0395141703093618
QASBUH	0.29002744228495203	0.02513416437872934	0.7444229327197914	0.02435950142275621	1.8774597277770089
QASWEQ	0.3728550408057849	0.682977778475379	-0.3906445642219934	-0.0031770033526668795	3.101989752398879
QASWOA	-0.04123227786654171	0.5256978950015228	-0.14605205561871723	0.09551595360530143	2.2019842501743647
QATKUV	-0.010141787157440074	-0.1686218104893647	-0.534205286459267	0.5646246043792844	1.329110256958728
QATQUX	0.23931719992024192	-0.2195442890747779	-0.5040660624965592	0.0285843912570114	1.5169514082531284
QATRAE	0.40925502246010304	-0.9442048035551818	0.030870118076473066	0.11645655350244799	1.5423462140261677
QATREI	0.3452572129127143	-0.6025392928244504	-0.00479695387236953	0.14950540056892475	1.3831912193108291
QATSAF	0.6209598332910851	-0.23211538250056643	-0.12880998373943656	-0.30426213721446543	2.2561031671813323
QAVFID	0.47637949534928925	-0.09930987545838814	-0.22237940483081853	0.3366531734362086	1.7987551551536702
QAWSUF	0.30553023985787675	-0.5037670261550422	-0.09146557875012451	0.13659526993392263	1.4232202022649088
QAWTAM	0.2991749701690196	-0.5134010360283632	-0.12376809878816519	0.16072001574368952	1.4083713890499092
QAXMAH	0.5101089811496431	0.447673639387751	-0.13965063577629933	-0.42874730099573843	2.9500904608021608
QAXMEL	0.5256247180208833	-0.22360226537030364	-0.003955390556098892	-0.017628978369527475	1.8850297920668042
QAYBAT	0.25352896235173894	0.1176061252940738	-0.2607921957381295	0.18346516266212104	1.8105904879080532
QAYXOF	0.6443247539004879	0.0357968328473062	0.7252054277388424	-0.005998237508426832	2.256481834232652
QAYXUL	0.5270063675615484	0.10884049660327877	0.631507000155316	0.02993585225971626	2.1899417691338363
QEBVUR	-0.1442272094710102	0.7362222088059895	-0.29554755021469137	0.2915917510080358	2.591257746249882
QEBWAY	0.2717672027689968	-0.1158162206778428	0.03600011351199229	-0.15339995137216617	2.0225299505508705
QEFFAK	0.6971277669382498	0.45993928907077436	0.16740663242644155	-0.294432170604221	3.291195278693559
QEHBIQ	0.3438348487023575	-0.28879931401091896	-0.5036282142199677	0.3003649957023867	1.4895932931900033
QEHDAL	0.13406052321664452	0.37463726370368317	-0.2739627518792194	0.37056307729911486	2.044478994523567
QEHDEP	0.37362933028091216	0.2915935477513086	-0.3456938851515542	-0.03644213909182909	2.421803044232359
QEHDIT	0.4985126639377997	0.19648663528499583	-0.28237693909139877	0.06275540908501587	2.3547986809172596
QEHHES	0.04562326347775869	0.13854871305790922	-0.519449605434213	0.1261096182560994	1.679272400459456
QEHHOC	0.47882471995207165	0.6145510783686272	-0.2855418650139858	0.3639030867667076	3.0004113761294104
QEHRUU	0.04523624774697943	0.49649886255182546	-0.48668150728882675	0.04891839415089018	2.294309824380681
QEHSAB	0.35767837161596017	-0.011295180568282284	-0.34790654123933934	0.4364502785272682	1.6983418329895008
QEHSIJ	0.2883191610433098	0.07922726731294602	-0.1806559678406922	0.328242120876538	1.728271170203427
QEHSOP	0.1995264121146958	0.4522736550562579	0.1858211628746214	-0.08084367219824556	2.3372041299630464
QEHTAC	0.06424006939297167	0.34785700589147456	-0.47850228810517514	0.015935270800976092	2.096720432390693
QEHTIK	0.2112625357940563	-0.1552085247638102	-0.5120401370206076	0.16547138234211758	1.5306405244306673
QEHZUY	-0.25113754690415124	0.8727585439211458	-0.05577458427105342	-0.3791368786140879	3.117196641891632
QEKLEY	0.28166822242151124	0.36277414890991977	0.28417200861165626	0.08466900445160333	2.334040682554554
QELJOH	0.12043673750167505	-0.16632590842972633	-0.4489937515339859	-0.06460378487656289	1.7298288164348439
QELNIH	0.6994210844021023	0.11363243631820324	0.3410857231347456	-0.18936786131182354	2.5893006424714446
QELZOX	0.5556158304252836	0.3209114540772218	-0.07768037581213316	-0.2683501032483173	3.09665154820108
QENCEV	0.09648727463318396	0.3446224699145262	-0.31040012720924676	-0.017001781007078172	2.374199754384815
QEPDIZ	0.4095241321733889	-0.11537150351486007	0.2322222979463998	0.10179211808477767	1.930661869753226
QEQFOI	0.5470801589522774	-0.20814233249733646	0.03067136556839646	-0.33234673932499254	2.140667148775306
QERLII	0.21755830102268536	-0.3050159150993501	0.27773525431752744	0.2092366805767415	1.560741979875341
QERLOO	0.3409457704301282	-0.027522611545625075	0.5314029032908278	0.14077673606547536	1.812823539312943
QETXOC	0.5483032698222443	0.047520381337156165	-0.17348369614548198	-0.3753801422627797	2.6820114511689086
QEVCEA	0.3883403578904936	-0.3549575095823213	-0.3354637401175473	-0.19787951152784236	1.6983780246110203
QEVFOQ	0.36133851126629324	0.5439633139987252	0.37843583714714585	-0.004777505624049355	2.7712251853298984
QEVLAI	0.0930445750885549	0.04827591848767834	-0.31172330816073035	-0.03203590662730821	1.727585303662934
QEWHAB	0.4276052780058688	0.0808888888392694	0.4818061719629227	0.07595368128454993	1.972757484242329
QEWHEF	0.5301981014398542	-0.07947821622099822	0.4895838271274311	0.1844002029465976	1.833955635864447
QEXZUP	0.4450027746838625	1.025726763291809	-0.12223932414256639	0.38684696249998324	4.3042152521048
QEYBEC	0.39875254941613125	0.8842490868056458	-0.0835122155185406	0.24955452650837734	3.8472680618368225
QEYBIG	0.5267965067061366	0.6654170756692126	-0.18419057003309708	-0.2696396295161062	3.8324612134711917
QEZYOJ	0.1669234751391553	0.3018845406884884	-0.3807545524910002	0.37643303382596766	2.0637227013425568
QEZYUP	0.7013610792710532	0.21218085631041456	0.7358021491891785	-0.12091396706678317	2.4367591844944325
QICDUE	0.43942767389027537	-0.36537544188269955	0.026707272996772835	-0.020054605421904716	1.764851038210897
QICFAM	0.42924777158016436	-0.3641812290126948	0.05795375606799449	-0.0030968413214508828	1.7349978730950422
QICFEQ	0.4300650810107989	-0.3465904418297503	0.03113349907251628	-0.041198374980248725	1.7902109909828001
QICFOA	0.40108521988260915	-0.34919856836887203	-0.004716204340871805	-0.04428144438771649	1.7595633275092346
QICFUG	0.4258667583236271	-0.3536659519884618	0.02453980342091258	-0.04348208666994866	1.7825893825458343
QICGAN	0.4296376396688881	-0.34832846190309935	0.03029553837139834	-0.04665822827418552	1.7958339129730416
QICGER	0.43010111964663356	-0.36855969062160876	0.037277457290283394	-0.03629678568097553	1.7606474580118288
QICHUH	0.12029664254970385	0.06835075070712476	0.016834183391154542	-0.024947065895435987	2.0045501775264825
QIDBEM	0.29595092328656936	-0.48599915898227225	-0.12119849543397038	0.03561212789465225	1.4821874118061356
QIDJET	0.16526314897743388	-0.7844891291455931	-0.314223800215049	-0.2153708004062996	1.6491056514092681
QIDJIX	0.1657838293454441	-0.7846732121669666	-0.31070123674140715	-0.21660194890003584	1.650095057539886
QIFBIQ	-0.11995871405964653	0.7466314323855163	-0.08261052427313292	0.18076752752972464	2.624958046813278
QIFBOW	0.04228086321850055	0.5036813625777812	-0.27286755890640557	0.10035293750807689	2.2695405633225807
QIGMOM	-0.22965054077762836	0.8636089598015062	-0.18502669282188094	0.22953900086379425	2.781884911407782
QIGTIL	0.3311506544366365	0.1257002263826267	-0.046081690075365195	-0.3283142193071275	2.671558849420504
QIGTOR	0.2897941562958932	0.32264111450225014	-0.03792199954742151	-0.32064201460475206	2.929870708351527
QIHDAQ	0.47389561232130717	-0.004647227558728706	0.0547343731687092	-0.08165162758981227	2.1894599048307386
QIJBUI	0.19441078730747607	-0.37598409967078417	-0.44948411969930513	-0.034751696620313535	1.4809521360781766
QIJCAP	0.17943611722331365	-0.3829329344898259	-0.4427573987251141	-0.02404172461996762	1.4587583885618653
QIJKON	0.1838919521832163	-0.2286927319860773	-0.43171983088754573	0.008407321867956105	1.5087419265535211
QILJEA	0.6671578485558545	-0.3055125067109812	0.0558891197625758	-0.2514404070199159	2.2205181727296903
QIMWIS	0.2821544404946801	-0.007199305712342674	-0.1732135665613801	-0.42926542912852117	2.354517802136318
QINZAQ	-0.027442881032737176	-0.09012393029918349	0.42827042465247694	0.007019020389262276	1.6328607166571394
QINZIY	-0.16921866350833215	-0.08831161520588388	0.05608009874184369	0.07841907714320337	1.5677581412713908
QINZOE	0.14710152628732898	-0.04780670892101567	0.330126742892303	-0.12129720348860518	1.8991671134234611
QINZUK	0.19041474680328419	-0.10801052457175968	0.42865935726498516	-0.07995320963186059	1.8300736251000063
QIPVOC	0.4627942195150103	-0.3761138253052682	-0.24712086058706673	-0.24357654281172728	1.7685784297486178
QIPWUH	-0.2039473815531867	0.04097410484238351	-0.2446486012265675	-0.27962559148269034	1.8128521579336905
QIQNEJ	0.01675483608089179	-0.08368090746802119	0.3375035747623213	0.043384283622696196	1.5760728096875565
QITBEA	0.3244179525020998	0.5566837896361705	0.03447243952165726	-0.16381114867062985	2.9501566454906554
QITKUB	-0.5135476716282179	0.893554870984357	-0.2919821747639818	0.5591865324887648	2.495429825077441
QIVYEZ	0.12152199576947886	0.634643451770502	-0.2941707734184186	0.4491686901322262	2.698281065514681
QIWCII	0.2986621622625911	0.030567405370427708	0.06406273014259228	0.01833299142176456	1.8210065074654447
QIWCOO	-0.10222518385842072	0.2857083074135544	0.05722708563186046	0.012543322289876702	1.885108244179428
QIWCOR	0.07761915524012863	0.476898511750739	-0.3590861015143376	-0.14512390815495685	2.4426112032918637
QIXCOR	-0.30619716926536755	0.9473670172460951	-0.3796798193849824	0.3724287287361019	2.867259775388116
QIXCUX	0.46541860505661603	0.7777027531594105	-0.1527640959430256	0.025381518352122018	3.409047784066861
QIXDAE	-0.26362289978944053	0.9540720882732656	-0.3959028684134152	0.40237412965089453	2.938179567291745
QIXDEI	0.5369663610781865	-0.021790742439820668	-0.006042832614484933	-0.2503473955898161	2.401038912407505
QIXDOS	-0.1470472651237511	0.9894662534580356	-0.35950022136911264	0.26582987302529465	3.1377541186142683
QIXDUY	-0.1379206757933229	0.9647066107483468	-0.3563193914404619	0.29283452378484937	3.090537669221029
QIXGOX	5.0629848156624746e-05	0.006213727442035993	-0.5540510202079098	-0.02563704017639249	1.586305483629131
QIXGUD	0.01953113705886711	0.12612490733485152	-0.5320532200937359	-0.008898345149419631	1.7751454433915494
QIXHEO	0.41599357528364145	0.43136320267495726	-0.12086073494718472	-0.1813643499346622	2.912780983982743
QIZCAF	0.32380405201231355	0.006599202732817083	-0.27181745047868977	-0.25424146117091184	2.0471582803649264
QOBGIZ	0.6257282612592148	0.4808087054242784	0.04845619688874076	-0.1230979796091273	3.5157881757181975
QOBREI	0.05552670459959552	-0.02188395288220664	-0.4203781021158035	0.3829437783435219	1.493616861123372
QOBRIM	0.08737644430952729	0.3982794139360712	-0.19297995395941203	0.055985038515896535	2.2336786544438922
QOBSAF	0.2387490087289219	-0.1549050227284926	-0.11310620363768956	0.14527342128925416	1.5818308783225252
QOBSIJ	0.6186060886712115	-0.2076010497417176	0.25252494778837564	0.3976060767288663	1.8236544449725922
QOBSOT	0.13008601079523974	-0.11378945476637724	-0.16796652865933864	0.3182063174852501	1.495454124182054
QOBZUE	0.48768255647318526	0.8366632960750684	-0.24856457978120194	-0.25459981651150915	4.028814571915691
QOCCOE	-0.030404221539141574	0.682331743494557	-0.3441498820931625	0.19419055233388688	2.593302539389923
QOHWAM	0.6443197426404383	0.3755522844035385	-0.2011815584618311	-0.07231301339365287	3.0756515694048474
QOHWEQ	0.6442873205482229	0.37695110369679447	-0.19607068302566955	-0.06843172433515207	3.068162630709259
QOHZOC	0.29885418697317956	-0.4829891831039499	-0.16167874478562638	0.08791526858125412	1.446429384295305
QOHZUI	0.28857208549885005	-0.5046300103608125	-0.16462450676978818	0.09605365370490093	1.4209813974766492
QOJZUN	0.661164818215334	0.31971261333476886	0.17190640024463572	-0.30759724853711745	3.2436256418259526
QOKKAD	0.39895482268596805	-0.20869045888683824	-0.1977698674002324	-0.20144103476312872	1.9740869943568828
QOKKEH	0.35870204745675327	-0.1399062425165848	-0.2751572007644998	-0.2237561336384485	2.053428195957167
QOKSOY	0.22905076669566604	-0.2988840581790396	0.17480802341782437	0.027654854402561477	1.6745517263410656
QOKYIY	0.33315552010409455	-0.04963644074027404	0.37941470628641893	-0.003760560136789423	1.8657196224397627
QOKYOE	0.3424134480539758	-0.06661287769606825	0.3774741933647956	-0.019433937508124173	1.8839520805796237
QOLYAT	0.37861101767667193	-0.18565746996169058	-0.25102875397072766	0.05119795016207869	1.6702344630647876
QOLYIB	0.43680691851909703	0.08631457143367949	0.29881983792797884	-0.18350188140916418	2.313834395180658
QOLZAU	0.3202084678287669	0.12588753732340652	-0.358465784423127	0.06380406241738881	2.1226381312850564
QOMDAY	0.400373295241236	-0.793970002489859	-0.22777413567650145	-0.09079375868154829	1.6076364010520598
QOMQOZ	0.399331850524578	0.35377414494097076	-0.10579523166414662	-0.15460896136486907	2.7012123726236217
QOMWEU	0.46391028089727193	-0.26833159117550565	0.659302734967671	0.14806406570028738	1.7695074998390268
QOPBIH	0.5616237929182137	0.2788893933567048	-0.18999533954275216	-0.44507618542688865	3.156361557952862
QOPSUL	0.49599096895519246	-0.10622178810023208	0.9213334532988474	0.1798080324296909	1.7683939372191442
QOPVAV	0.03849157248516377	-0.03899255418552984	-0.3517997203262886	-0.04371536784386368	1.8748434777474088
QOPVEZ	-0.001963570362876421	0.278961257647226	-0.4046866138896069	-0.2567784979143401	2.333558361268988
QOPVID	8.126230350979924e-05	0.26713411796179076	-0.3805935326531748	0.06964469333301643	1.822475903924467
QOPWIE	0.23273714145556212	0.061006371399479314	-0.3446164310379173	0.24055714276139023	1.8000875076670315
QOPWOK	-0.1145659909906902	0.01127284684660404	-0.5556056695776904	0.09270655173813236	1.6654286982526214
QOPXAX	-0.018027461445615955	0.2903824445541472	-0.4160064749732527	0.2331935793764282	1.8490718095085104
QOQQUJ	0.61783409638696	-0.6047301533551133	-0.07359404710360326	-0.30891241351701726	1.8842995669119618
QORDOR	0.31305952136288706	-1.0781005781251431	-0.0023656504464679984	0.517675117665712	1.1397662142133358
QORDUX	0.45840856531501295	-0.9003690977676446	0.5294422446841329	0.5707715015914785	1.2044057133789499
QORFEK	0.5388321721842386	0.27561976283841666	0.003786534654834764	-0.1655834425998482	2.5879073340699232
QORFIO	0.41815418051996023	0.49118546762158705	-0.01947179448449675	-0.17354956337291289	2.7762133086435448
QOSFOU	0.09310755368300949	0.4341917052721736	-0.3853159452974003	0.1371450242667452	2.295313898044463
QOSGAH	0.1314304805443709	-0.4124868876846013	-0.5258333595472433	0.24890564886066857	1.262190950674789
QOSGEL	0.3121877760523768	0.08353564740968872	-0.30436818796912535	0.37056020302939857	1.8653062927350237
QOSGIP	0.03704069239168151	0.638170125588247	-0.39711975950825235	-0.06066286142907659	3.0802809116931664
QOSZON	-0.23189873286413043	0.15173376296247992	0.015755317213676984	-0.18406836725546338	1.8752479072624673
QOVVIH	0.5285336664558136	0.13034690631995927	0.3546685252223999	0.024358333493638598	2.1434028576372466
QOXCAI	0.0735520226448747	-0.39607092397623134	-0.5653232814524849	0.2759022719557189	1.1655248398404583
QOXKOF	0.2580809661531509	0.09444984485398888	-0.34301762399691865	-0.06865980667270698	1.8955048084136352
QOYSAB	0.09573915472592232	-0.10636581154074527	-0.4154690508054848	-0.08820346859509935	1.7348488982803785
QUCDOJ	-0.031263038003640276	0.45783397626967554	0.26365421929493876	-0.03082901290013465	2.0974078803778613
QUDPEK	0.3649050304446728	0.8122638211202968	0.04023830861459004	0.09441400034269826	3.349993788937531
QUGBUR	0.030113782741458817	0.3063627589585363	0.0126070939384689	0.004052093646562047	2.1633507934973073
QUGFUV	0.006117869045970892	-0.4382982109295418	-0.5981075646946703	-0.2658900341299288	1.5182079264088022
QUGWIB	0.048508211056149886	0.20599928217343566	0.327435970435927	-0.09136207800434647	2.0188144310725873
QUGWOH	-0.18085232768140314	0.025239982729472782	0.2609704539320229	0.10947111255334746	1.6109931115313487
QUJDOR	0.5922495807110408	0.2892797476945496	-0.16920392387032546	-0.40220987774192407	3.2116839267322894
QUJDUX	0.5518759614153517	-0.4980416441911183	-0.18593945887223523	-0.37487496632981065	1.8759934358107666
QUKTAS	-0.11367855726172582	0.9145646843080582	-0.31547304562381806	0.08070819953262046	3.1490182725030453
QUKTEW	0.49957367309818945	0.5333063537861418	-0.14094405164224266	-0.1708624094023507	3.1658152762029346
QULQET	0.3330154580401512	-0.11577603796783113	0.7466065800503087	0.10979772761867085	1.730560659594582
QULQIX	0.33281579104934345	-0.11728370998460068	0.746668810047616	0.11037332899899	1.7282592985933556
QULQOD	0.4984904048245733	-0.2674219602755822	0.7419760170675568	0.1790423453201228	1.6385599470112795
QULQUJ	0.498511757242186	-0.266309997324201	0.741312115321055	0.17506735000885384	1.6439440925538267
QULRAQ	0.39253800068032874	-0.4003086382828971	0.652399292984994	0.1956517199419901	1.5390902886964528
QULREU	0.41007763737618763	-0.39391159958122035	0.7157093364141127	0.20339523010018545	1.5149082776837812
QULSEY	-0.34029112251283244	0.333940914440386	-0.7965997547416545	0.4149221005586481	1.850918881448261
QUMKIV	0.3265539617345521	0.7474997928074105	-0.26395379193979435	-0.09779354743877922	3.0828172807463954
QUMKOB	0.14550698076630741	0.39292015021805754	-0.45580020404525323	0.1567012077045202	2.1922332645972364
QUMKUH	0.31862818959794037	0.0505127812846681	-0.3311329519211902	0.02255515891241247	2.0920177832968
QUMLAO	-0.020732202354712292	0.37598437694421033	-0.1700465009521332	-0.011920537801222965	1.958141750011046
QUMLES	0.41889946251563703	-0.14000120504902924	-0.10594982280247081	-0.05896712939410508	1.9857820015922751
QUNKIT	0.0565971825692837	0.03802366849642311	0.22209966493322367	-0.17330322549597427	2.0225950021443313
QUNYAA	0.353595014926551	-0.7501356405314312	-0.2294580153092961	-0.09125109914332398	1.5670030847839949
QUNYEE	0.35482062101198597	-0.7482674695554514	-0.2256360460330602	-0.09424672177363667	1.5734200981732487
QUPKER	0.46399797967588174	0.11528189519145926	0.13519684875772447	0.04991865806948806	2.192847456523705
QUQNAT	0.5977543873576936	-0.8842147501163107	0.07778940364437896	0.07646458559724809	1.5868734102850581
QURWUX	-0.03692782346537138	0.7757543200286647	-0.2477750666369699	0.29007308182576097	2.8055580293439353
QUSJAQ	0.16328813462789826	0.2524182139277601	-0.396710876831346	-0.020996307237836097	2.216529378335269
QUSPOJ	0.4734857150634548	0.1889338681472147	0.5630602837798209	-0.1215524639564496	2.404960714893259
QUWGOG	0.481054178421358	0.16293252762225652	0.06470104119161775	-0.18087167524226422	2.4698536679883025
QUWGUM	0.4038790132878525	-0.09142924569664129	0.051784366256554915	-0.11997506214147048	2.14369681012439
QUWTEJ	0.5146343282656387	-0.11277295779435251	-0.19067441070625607	-0.16347902029229394	2.467086511300139
RACWAU	0.5739692519840514	0.33645713675647426	0.10632165975199286	-0.28897084571386744	3.2386337808256025
RADCUW	0.43854513703667575	-0.11091604675584918	-0.2310429633668225	-0.3108816178604411	2.335315287654289
RADDAD	0.4662159212679615	-0.1298919325851593	-0.2075633334720695	-0.35373992944728555	2.3870952083685992
RADDOR	0.4890424354436238	-0.2754704955653079	-0.23049366950984929	-0.3285940287532182	2.180276059557289
RADFAF	0.460898448588404	-0.24731386881155742	-0.23660817312346305	-0.3073460378733689	2.1477500986998024
RADMEP	-0.1270541042040021	0.2974348009848679	-0.2734693183958145	-0.031333779405205965	1.8218292181271714
RADSEU	0.6415358074750799	-0.47393082461503444	-0.1357586899319254	0.23878296138324162	1.6253365122165573
RAFJAK	0.1585241542504625	0.01314708821190852	-0.3050381226118001	-0.057066976463640645	1.9478895488256975
RAFJEO	0.16576782549785474	0.01517812107601546	-0.3239609740562963	-0.05685509704605041	1.9677274978087569
RAFJIS	0.13344983205002148	-0.009308025029824363	-0.31718248714837327	-0.04575838048557349	1.9046642589543503
RAJWAA	0.40357461533658334	0.19563358054705132	0.35653286805758744	-0.05593771948519304	2.2635201402685388
RAJWEE	0.2777832970268115	0.009050070757720186	0.34162203884312853	0.07011687643345157	1.8680203676867242
RAJYIO	0.37687891776353144	-0.35344243372526385	-0.29605561442113404	0.039168813041642825	1.6196374883967306
RAKQUQ	0.8647883635244247	-0.05620027498747273	0.09336673807827699	-0.584092552198733	2.943817690723974
RALJAQ	0.48709016861639753	0.2001637837170387	0.1415685443708775	0.043295109813898	2.402790417618471
RALKAQ	0.28479909592643526	0.21643112307572665	-0.4097049572398609	-0.15697682741818308	2.273773096642545
RALNUO	0.10620936075187526	0.17460239038996328	-0.37468960240987853	0.17839793747275673	1.9213870930827766
RALVUV	0.5021600909396122	-0.9201167817277838	-0.31470422674807064	0.04019495468870503	1.5631381273402536
RANBIT	0.3788260156145169	0.9090133002370939	-0.0351279713017327	-0.2275199916943218	4.151795991774016
RANJIA	0.2673215850929047	0.4904221100548712	-0.3295605404000056	0.1330145805239729	2.502839195802332
RANKEX	0.09460160455299071	0.49099002345545967	-0.48682510729484973	0.07497509838304597	2.4172229593492784
RAPKOJ	0.20243693644722738	0.21522286374596206	0.5540314532552718	0.04078610983051188	2.0281015238163267
RAPSOT	0.28472445806154223	-0.32974654014682914	-0.37203209254565756	0.1179869113209446	1.550781883408824
RAPTAG	0.2529662404776003	0.15600888393411094	-0.09288745054080877	0.13421433967290197	2.0119026563223876
RAPTEK	0.3219971543414717	0.04151588773330758	-0.1853896889597212	0.1849511964512498	1.8837592809547006
RAPTUX	0.38270820134618244	-0.27471104415066677	0.6272079913979328	0.2833104459587224	1.4754765706047184
RAQMOO	0.3012886333660614	-0.5457644225314549	-0.42141357783800937	0.06074138061092571	1.4484000449752448
RAQTUB	0.3763903236086126	0.23870745717373015	0.1971337097099103	0.05233918691462107	2.2827848971161444
RAVYIX	0.6070003753061997	0.2612670502632207	0.0949148691488344	-0.06065172601480208	2.4680181615461634
RAWCAU	0.5812599864909362	-0.2410427350287026	-0.25114130212320485	0.03992903198694811	2.061801176781866
RAWCEY	-0.04110369629635224	0.5339167876648174	-0.6128692028740149	0.05582414585884396	2.5381942116610072
RAXPUB	0.23747446685020268	0.16784362159192245	0.26705266144307443	0.06597492626089066	2.093718566169474
RAXQAI	0.4467339422857437	-0.017338118871126046	0.46124704819401807	0.13802161295974294	1.9856004395502445
RAXVAN	0.2438700193104495	0.2999970859716723	0.25212229397692965	0.29061228378600507	2.1008266360346313
RAXVER	0.1449444351484539	0.3170749597543455	0.22446152271687603	0.2728578314846058	2.0260618209955434
RAXZUL	0.04963437876267918	0.05328194987922685	0.09012098936669492	0.07871787158699126	1.698414675897196
RAZCEA	0.4184475878968561	0.09993622214752518	0.1482282773907642	0.12829612977910054	2.0673875837106888
RAZCOM	0.7477845678219177	0.3410276028209673	0.7602071554431523	-0.10940488033287572	2.830118655684788
RAZDAZ	0.6499809469497544	0.2845030092307778	0.6772683002370228	-0.05263000297294192	2.5949164497993324
RAZHOS	0.35734245433245526	-0.32839871095235595	-0.09023243223298971	-0.040946079907315504	1.71072713828084
RECCUY	0.8068237490444989	0.07226875414587983	0.0821021759871186	-0.4067882732997427	2.738004792543708
RECGIP	0.4259586920747589	-0.26703065211868193	0.730448332766292	0.20863212133243747	1.5896246327746861
RECVUT	0.16745323205666995	-0.6395124642741825	-0.11280301310676305	0.26635516542002546	1.266201579254777
RECYED	0.4720644410287145	-0.015313255898918729	-0.05487010261590655	0.04295664554227398	2.068075987001946
REDHAL	0.7884239722292206	0.26155122462861524	0.7787263417657079	-0.07677512776102428	2.7292509195137162
REFCEO	0.4051011095630779	-0.2338970155415755	0.08982438806194544	0.1581572449671021	1.7431747323850773
REFCIS	0.6116465268284088	-0.1467730741515879	0.47261980189839986	0.20904136337518087	1.9319119224745847
REFRUQ	0.297786421228472	0.3949312462334979	-0.3736837425872127	-0.06744314669395303	2.5737743644898874
REGBUA	0.037273780311679605	0.8416193304254349	-0.38521274633776825	-0.013681148037874825	3.152616295940278
REGPEY	0.3470169649414405	0.25734825826111885	0.02426613011527258	-0.026824592012029844	2.368961577602951
REGZAI	0.39043683279783004	0.9004866022518956	-0.005868377042643078	-0.36786299519869337	4.420157902945526
REHZEK	0.40488326881035697	-0.18383090860758172	0.7956460744872942	0.10055769487275174	1.6991700150444635
REJWAF	-0.10569053331228284	0.08492510954484594	0.24556310217592492	0.030595622327272046	1.6931981814869699
REKFOC	0.39502389926748727	1.1822412174973769	-0.012856247597931511	0.28350300468743334	4.422085148431312
REMLAZ	0.3283372121896404	0.13523241347722698	0.8828186400976595	0.006712769424018536	2.0182478291183967
REMMAX	-0.07230603437505811	0.25748309754128695	0.11927835523377427	-0.18597844793649235	1.9301457420669723
RENFIC	0.01597724358829744	0.06452036787957682	-0.4860620284024546	0.42900521978825595	1.648203429467359
RENFOI	-0.018570706567404116	0.2737413558178704	-0.22576574016730638	-0.0362306451038473	2.1204375821589565
RENGAV	0.18498084297323736	0.558619458277136	-0.42451765484374593	0.5718686524436785	2.536858101657818
REPBAQ	0.3972852785326362	0.09332472012468224	0.21400398788913066	0.10737892651057995	2.06021627842899
REPNEG	0.0018270896272407633	0.31535915114159707	-0.30749867404579756	-0.07280822201043582	2.022593421368039
RERXIW	0.05409247478706325	0.0327601124112574	-0.5869446063914066	-0.01824907052102761	1.7598046000920493
RERXOE	0.27207905214027317	0.43115894549081163	-0.5443621277015694	-0.10711628447848917	2.5781007924875716
RESZOF	0.40137945464080627	-0.042201392001586735	0.3128494968010308	-0.08484925790915965	2.061110229705895
RESZUL	0.13478581771785736	-0.24551918589144395	-0.31837290784134487	0.3093341625793321	1.4066176002280908
RETCIC	0.18309967444887487	-0.004063975121220961	-0.5924587343831498	-0.049313081601695063	1.8318196753381715
RETCOI	0.19962904072025323	-0.045766686382566604	-0.5068733122556035	0.017274823957474095	1.6936401220626243
REVHAB	0.6134335665435735	-0.029488877691066895	0.18158159558355674	0.1421621927186574	2.0319729712024643
REWQOZ	0.1711796214118455	-0.09884169306519718	-0.12061430696314115	-0.07095377452518627	1.8232667753809149
REWZUO	0.1529654326268779	0.24624235835765146	-0.14772832024081323	0.3923511595497203	1.9115245483151073
REXMEM	0.44286406068388207	0.3687578873725278	-0.496165638082927	-0.14778252207017983	2.96125258078552
REXRAR	0.7417628542446293	-0.2590876840782765	-0.03193831616233382	-0.20914581516553785	2.2834846030424902
REXWUQ	0.16602226649273621	0.38248317951857097	-0.35665492830006074	0.5716426151623395	2.362222567671056
REXXAX	0.1885125365291187	0.2991343906067389	-0.08161449607741073	0.48909210511159845	2.112772422491631
REYPAP	-0.05910050092363894	0.41651165047646094	-0.09511993857999201	-0.11223702766508754	2.187629446470589
RIBJEV	0.18634856092642416	-0.3190952710909257	-0.3640847745835713	-0.03544374083454377	1.41466372244843
RIBJUL	0.45975745826127223	-0.08946178998499323	-0.22393109382086873	-0.31593386540359586	2.4038545024387097
RIBKAS	0.4700108615550542	-0.12214807384233664	-0.2081817355573728	-0.3275125820653829	2.3947859904674584
RIBKEW	0.4648700888386461	-0.11099839336882387	-0.21434047417662005	-0.3261531297030031	2.3941280754334215
RIBZAG	-0.15668281828517472	0.013426372358897848	-0.49929549977546006	-0.01847449564217951	1.5924426623721157
RIDGUJ	0.729923931325577	-0.5964283202202488	0.6575378134533503	-0.04703603011009398	1.82357959866872
RIDHIW	0.388064542305246	0.315466881972919	0.3881771904829877	0.05737473353358785	2.3813459933435306
RIDHOC	0.474041820891669	0.4874900052727115	0.4491101200108515	0.045607672736183866	2.6979894625818295
RIDJAQ	0.43900640561397175	0.17098006935360188	0.4148126838462428	0.04340900720554512	2.2506210415493375
RIDJEU	0.35728504902200786	0.3501684643718536	0.31503497548415427	0.03837809967452217	2.4634958948840784
RIDJOE	0.48671775849049936	0.5062561563118178	0.5432488718902091	0.06287641401603608	2.728365489797724
RIDJUK	0.5847243265011794	0.3544819395029562	0.4512823825441107	0.06293845507569679	2.4868131790676093
RIFREG	0.24531288440347598	0.5469444928298552	-0.32746904381647723	0.44731377289661983	2.55249694953713
RIFZOV	0.5080040666055696	0.2187994315181051	0.25170747406810967	-0.03675408321470404	2.3918251202573386
RIGGUJ	0.4435813623924645	-0.03765747834645748	0.7290616950700752	0.013333235156200995	1.9190935354898608
RIGLIC	0.46583338382090744	-0.09284835619108128	0.8239494710886571	0.030856408409837305	1.8395719422902945
RIPHEG	0.37426929743533144	0.36418551811572447	-0.22186905496194298	0.24032080997923477	2.5521605326117567
RIPHEH	0.40431153362271033	-0.3892424358460393	0.1605834352584723	-0.24649419131764136	1.9146516948266845
RIPHUW	0.5732250410733499	0.05722288370456732	-0.06497479437374346	-0.31212796484975813	2.569150595943672
RIQHAA	0.3865808475325867	-0.13615973350780775	0.7442183806791697	0.07056066782404186	1.7818406837261878
RIQTEQ	0.690457366947844	0.17710032702270873	0.5159238688969625	0.021703366940036467	2.491228240146709
RIRBAW	0.5695109832869845	-0.1770891144642215	0.0451711360414704	-0.2807247978249693	2.2762862290326393
RIRBOL	0.37045259270186826	-0.17379161139477592	-0.1795793520479556	-0.11246093445760535	1.8899148216788921
RIRBUR	0.42041934931609504	-0.548012125670492	0.2068716097691855	0.04316371251726921	1.613034613549817
RIRFUW	0.29198831299129147	0.20637187520803973	-0.2494825918707151	0.23585921529113824	2.0589623187475348
RIRPEO	0.15128335717970298	0.8116570224931545	-0.16280276348140832	0.09965628300097493	3.119454496461717
RISPOB	-0.13871346445863386	0.05336929098419543	0.21059149027402244	0.07804886148905912	1.669032618259692
RISPUH	-0.10712469150356352	0.043472701616882464	0.33156033068426016	-0.06680652402211092	1.7133966835324617
RISZOM	-0.18033213173203455	0.7805729670384463	-0.2998666008695275	0.18118809610725412	2.650888052967286
RITBIJ	0.15694968454199154	-0.058978586402388004	-0.33035154829459185	-0.009296596587509073	1.682063315585792
RITBOO	0.038333704827410386	0.40310719942075063	-0.31988388011469115	0.39659448882145176	2.0445477903861264
RIVWEA	-0.03534984943556596	0.48467452819698437	-0.45117593673331224	0.47152474090788626	2.1825801739336224
RIZRID	0.3599632876690917	0.29936553380345104	0.4493379725548147	0.03844637508207249	2.311204896260952
RIZROJ	0.37210304881628886	0.3012356158873766	0.36720744263757493	0.04978772972835692	2.4230707212721363
RIZRUP	0.5062168160598386	0.23599630745974398	0.3857760093129549	0.055680851691746774	2.3572772575364382
RIZTID	0.2344161159301681	-0.08739292134393102	-0.16132058740834554	-0.477860306946028	2.2465110372788937
RIZXOO	0.08949324095511102	0.38163550051999573	-0.6051095547800777	0.010103529488244486	2.2114588005203277
ROBTOV	0.4056419886491103	-0.30500583145451476	-0.3238723018651572	-0.08868894657458282	1.6905817575106483
ROCCIV	0.3662496672587583	0.3480285938516035	0.6457259354360809	-0.01480162608345003	2.436132551663434
ROCDUK	0.45444204451356196	0.04172752092733098	-0.06341352916638276	-0.06507837521008941	2.1708206559059713
ROCGOF	0.19258146515329289	0.3144328475259308	0.6742172220320826	0.05475211285996187	2.0830353531624786
ROFBUL	0.31019868102567383	0.1682167678768764	-0.1206011386300039	0.25117180872744593	1.979931882497874
ROFGEC	0.501275218639333	-0.518031137146296	0.25207411529823	-0.06805744215459152	1.8836019476943997
ROFGUS	0.5032602496498582	-0.5176114237197308	0.251340999738343	-0.06750964642048535	1.8829488288541036
ROFHAZ	0.5019324885506409	-0.5190070807821856	0.2512275314239514	-0.06969342105668103	1.890409030637264
ROFHIH	0.5037501614485906	-0.5152240709257196	0.25727402423122636	-0.06891829406548262	1.8852049304942242
ROFKEE	0.2031919673013345	0.013938850533739278	-0.13822311090692332	0.09659800123588833	1.8559491477295214
ROFSAG	0.35134072991685183	0.49305466897076405	0.2259604737279348	-0.11201348307534545	2.703848627321195
ROFSEK	0.19471631583839377	0.3517595944070652	0.0636750426970699	-0.15271323177554508	2.4528632812431628
ROFSIO	0.39020806918161544	0.1717052761022167	0.3154448610133167	0.04344293841775061	2.210934918626161
ROGBUK	0.0004946399972780569	0.32535652483096883	-0.5985872631531775	-0.19765948951700857	2.333354225030485
ROGHEE	0.08521103857801826	0.6876542407171118	-0.34493898727079875	-0.039104001354778276	2.665207359487717
ROGHII	-0.017168903287873682	0.6497950957641365	-0.30449382503250516	-0.017969521768027484	2.4546361504454985
ROGHUU	0.0013173776209756127	0.6240971752723621	-0.3304733060081743	-0.08601231540058611	2.5175286624281252
ROGSAH	0.44432096065803606	0.12167431435915282	0.345557172985679	-0.01911519715192509	2.2490225222115314
ROJLAD	0.1763482790367612	-0.048746412888671584	0.5935954387339049	0.17168029675761698	1.596063013651686
ROJRIU	0.3583905793617239	0.36007846692511475	0.13489435527995003	-0.06656433139281125	2.5035587205085967
ROJWAQ	0.56232473577787	-0.9052319130545672	0.058692592144990306	-0.043824398587809385	1.743515738376611
ROKGAC	0.5574746228048131	0.012996557042158768	0.5182166787511377	0.08035325153503745	2.0685072594466467
ROKGUV	0.03211596263586447	-0.5266195038307852	-0.5257432524327379	0.397051834360907	1.107330695180558
ROKHAC	0.05976085804594744	-0.5048012770769865	-0.49007214998419	0.399006856385882	1.1221871085259334
ROKHEG	0.0580845204188023	-0.5078330490149071	-0.4933968163144058	0.40234850453203685	1.1205220290632218
ROKJAE	0.28305276247299016	-0.004564825120573823	-0.3018425612217269	0.27022357225874977	1.7454645934064634
ROKMOT	0.3404969296286051	0.1597807846434065	0.47348096372154946	0.1204360765187347	2.0903791148512814
ROLCUQ	0.48074018993167833	0.06247929697462817	0.36572765811978963	-0.022439127367726103	2.183709292635809
RONPIT	0.5562709904483478	-0.8491856015890622	0.06746092799756533	0.05655485534238311	1.5971488624996668
RORKUE	0.18532645557242633	-0.2235735650035811	-0.43083867858294567	0.00534768680011545	1.5164441018640682
ROXQEC	0.43299574705050325	0.10193969127115654	0.15240196856187355	0.11149023834719435	2.1033068673171584
ROZNAW	0.49526022182631824	0.2105614612611244	0.30523579167078163	0.06293522775505056	2.2379294012692763
ROZNEA	0.37964408963662244	-0.05526312681197794	0.07876699125522664	0.20021938728729805	1.7632917527140843
ROZNIE	0.4300692934976107	-0.03296542846278369	0.06395559539233987	0.15324961542270565	1.8574889703072996
ROZPAY	0.305213695070516	0.6885543843118311	-0.11160607159731412	0.410425433163508	2.9450858247727134
RUCKAE	0.7721847243904447	0.6369355073750942	-0.23188839514201015	-0.44480308899378906	4.374943393943326
RUCYEU	0.30123843300249664	0.17877942890972104	-0.35623161478539284	-0.04923180277070613	2.0421578251073518
RUDBEY	0.27890110656926126	-0.8692100720110478	0.09361192973396364	0.16693669672570569	1.402260129875674
RUDBIC	0.3532956480617777	-0.3494078731967192	0.17012274268608676	0.07064736391932569	1.5298190488424896
RUDCAV	0.06965167220116353	-0.7772167831063064	-0.5363178223506259	-0.010302646078759692	1.2869304565605952
RUFFIJ	0.26145561100835035	0.09814590246721111	0.7240621060763043	0.12217225458062436	1.8217178705286032
RUFLUB	0.06326727905660778	0.20991347474494448	-0.22733461855251746	-0.08929542809043778	1.8778293474694796
RUHNEN	0.07806656067949946	0.6976934102080419	-0.419351852501585	-0.14101195210042106	3.0723591728516824
RUJPOB	0.528830679310043	0.34376705043656874	0.35513360687000817	0.011693207954029977	2.599241026141041
RUJRIZ	0.6052009604315689	0.2105780259217339	0.6556149352845473	0.057607913146278306	2.356245908914216
RUJWEY	0.6335491750767339	-0.24781541353791336	0.3090532645818277	0.22287323347440025	1.8723644132517163
RUJZAZ	0.489430694898898	0.03886900528444645	-0.033213112426653785	-0.05752246454336487	2.175716642972982
RUKGOW	0.09718262351346851	-0.12986622495328418	-0.45053327964559553	-0.08572361341003557	1.7162450220979044
RULGUD	0.21279963146964143	0.9388606583339716	-0.3976972507671648	0.10319406102821124	3.641595609190997
RULNUI	0.6688975707029714	0.061717350451391956	0.07072054604689423	-0.23315590310513412	2.5628866564983372
RUMQUM	0.04497700873248123	-0.06367037397739801	0.41741501362153705	-0.004556301682794459	1.624820866982522
RUNPAU	0.67583313942965	0.8069683641395418	0.036369773353080295	-0.14375811609149325	4.099128432270132
RUPJIY	0.3324210081363974	0.5468838226197164	-0.344413391909808	0.09080613031832802	2.955110461023132
RUQFEO	0.2867411212657256	-0.5254838387530683	-0.14219819357853428	0.17575199616853698	1.3936295715571787
RUQXOQ	-0.012985997285689166	0.3870274165803205	0.22064297416413464	-0.20207009623977532	2.2802562439385095
RUQYUZ	0.4073303820955596	0.038344251225624626	0.27943896890119435	-0.11091894072075355	2.1900183280532683
RUQZEK	0.4172031049378395	-0.11244163819336138	0.2958092748800167	-0.05829875178796551	2.0027711079210064
RUQZIO	0.19998792800896092	-0.21614722654426544	-0.5137057840474069	-0.12730404380229796	1.7841007320061142
RUQZOU	0.225115042722015	-0.15002169598725115	-0.44670778703345426	-0.0535703429323455	1.8743594914255737
RUSMOI	0.5290416081608669	0.5690331561644761	-0.4101899336690862	-0.5646877379160373	3.770604519845917
RUXBOC	-0.06650850913804618	0.26199389277015456	-0.5033936491655154	0.2976090709576156	1.856269451900315
RUZNAB	0.4648942279072079	-0.3050694235665386	-0.22862744094845028	-0.24733851728166723	2.0107715207147825
RUZXUF	0.19250038616027698	0.6084882839057868	-0.3387096923696546	0.32087442070374766	2.6922204373884933
SABFEG	-0.035906331921382595	1.0390978633647758	0.3217000072486226	0.13042118716714785	3.0354046547056477
SADRAU	0.2995050325359152	-0.015297404219454136	0.06634326376202804	0.23861923587456063	1.7598113921523977
SAENFE	0.8490263374086275	0.00792738202409514	0.11607102014176501	-0.5281812408307338	3.070411907658099
SAFFEM	0.19605251522036937	0.231803902803495	-0.5596252328017344	0.026888473954089165	1.9430063589711153
SAHPAS	0.37386172269550944	0.3184945893866716	0.35444895526193637	0.024500248238233588	2.3554388339230523
SAHZEK	0.3184747358029121	-0.017947439379026625	-0.014164868802199582	-0.09470344326696317	1.9627687273171124
SAHZIL	0.40211686145222103	-0.2122057058116318	-0.2289773270552395	0.1423852523970417	1.6748545905573808
SAKLOG	0.5296621302752067	-0.36196488858608056	-0.2705737265274321	-0.21099981353185496	2.027262577046071
SAKTIL	0.1767324505567296	0.1644757107348031	-0.36841207191255054	0.24820664118447439	1.9509622284913966
SAKVOT	0.1761742212361268	0.16312399904756286	-0.36877702193365525	0.24712462307910243	1.9485325396727295
SAKWIK	0.18519890858290733	-0.05422379646094071	0.5688843793164883	-0.08118548980730167	1.7297309258730893
SAKWIM	0.42053754410761623	0.4714334619652099	-0.4252349530038174	0.5606337373867682	2.732020570738632
SAKWOS	0.41181428981280366	0.5091738750805597	-0.4067568589007666	0.5528339502150248	2.95403029384248
SALBIT	0.009696231177378056	-0.8885057709945099	-0.18825271223746048	0.8162239616892768	1.0212882953461322
SAMCER	0.3776340716372184	0.2875026343145149	0.4233378766747967	0.08945844347017218	2.3135053416214673
SAMKAV	0.36534571107907343	0.3455775891871981	0.31249270052864087	0.003539908195764399	2.4592688823384092
SANCIX	0.3991741369571127	0.21618908023373912	-0.14816438113215574	-0.05120586145492173	2.575081542633595
SANMID	0.23435909442228953	0.39984283959673467	0.3431339141306075	0.17430122290778047	2.176179892591903
SANWAG	0.49910827628909527	0.10815842516907337	-0.08770603855941009	-0.36057453649679966	2.705189202197288
SANXOY	0.6478357062582409	-0.4909143710300687	-0.17311168789504128	0.11483292193749134	1.6801034268723305
SANXUE	0.44124820969657286	-0.4247073867751086	-0.09727920040082672	0.04406691115629517	1.6035039860355862
SAPQIK	0.3416570282354412	0.2518605340330057	-0.270278290900386	0.016329091790431655	2.333013498746149
SAPYUF	-0.03643414454272342	0.5397399985819804	-0.15043930942718933	-0.31266043747153394	2.4803415924621497
SAPZAM	-0.03162795772572524	0.5463415034082184	-0.023462913564628984	-0.2898894900438642	2.365210851401753
SAQGEY	0.19109629171825881	0.1610512348963823	-0.36561963805973674	0.08242457548473106	2.0008367171611408
SAQKEE	0.08847120641975881	0.05068210274871368	-0.5209058009798202	0.05200791913537045	1.6978211100408036
SAQKII	0.40810083805599895	-0.45788617885835714	-0.5079078436904377	-0.1847690040592842	1.7859676300083587
SAQPUX	0.08051612642159567	-0.030436827463136112	0.36209028290200734	-0.006559548989117064	1.6943681044892687
SARPEG	0.08391116002888355	0.4768398151503043	0.22347087680475883	-0.22832727206899034	2.4587328734405856
SARRIQ	0.5038782486660969	-0.23282391589171164	-0.21795468430292192	-0.30254590622584554	2.2034401110183435
SARRUA	0.32008477485454456	-0.6815826536238878	-0.14631523894073678	0.049402516726860426	1.5220677675587324
SARTAK	0.2491389411586855	-0.3308927937548566	-0.35836066463516114	0.2772998641368781	1.3473276715514135
SARTEO	0.5078973035560166	-0.4484776487673405	-0.1891822034549715	0.3247669330223574	1.5952181487859152
SARTIS	0.5325230702483141	-0.47613908156971707	-0.20153751953779847	0.29648517089128146	1.5677219293796572
SASLEE	0.49397244291504805	-0.49203917214010645	-0.06502988851409691	-0.22238897407128078	1.955815165354411
SASMAC	0.1467435285399148	-0.07060136120679225	-0.2804553674584964	-0.051778212200683266	1.8520576592554492
SASWEP	0.46032944370817663	-0.3553762875530063	0.22062631180045028	-0.01963632114451959	1.746464397143271
SATXOE	0.5228045813178932	-0.22139490004879903	-0.09912469925580561	-0.15653681610238274	2.1294823232200297
SATYEV	0.33009197954419456	-0.5271792384947137	-0.3976674474882899	-0.03785811354708852	1.6015515204504793
SAVSOB	0.3850051592445274	-0.07673729004403199	0.5139685973755102	-0.09931667947555123	2.037041522752044
SAVSUH	0.2887433669950461	0.12611911247634863	0.2620320094955306	0.00012572441599077722	2.088499717832308
SAVTAO	0.3003490504745363	0.028313537910246045	0.26644846472334005	0.12073811647621241	1.8766941246788038
SAWZUO	0.42181236736090355	0.38292237233122056	-0.257421972385375	-0.06633118642984255	2.6681355209885202
SAXBAX	0.3718049583862939	0.07593090172790529	-0.3414759384458854	-0.08560341704344657	2.115776331447571
SAXTEQ	0.4897909142520813	0.050029419894984856	-0.2301834196135631	-0.021766513772162453	2.311367981436133
SAYFIH	0.42775080992166536	-0.040706404092326814	0.14867089278254123	-0.019629165654690632	2.052960667864719
SAYHUV	-0.13702574038055193	-0.23846029818559306	0.3412313447235745	-0.03140025254137153	1.5089999971459611
SAZLUD	0.6977057201516113	0.41505523183222753	-0.004803304451662341	-0.4976343667713264	3.60564034493411
SEBJES	-0.09647859947168413	-0.8169891864403267	-0.43690533289681965	0.5172755562302223	1.0869263467471193
SEBZOR	0.05273245962294437	0.3943134400265577	0.1501963842102829	-0.19861241222968756	2.3726296307839148
SEBZUX	-0.005272885725455367	0.34126891201650217	0.14718971199998482	-0.15782961208213003	2.2812726117121307
SECDEJ	0.07729831715421831	0.28788692749431744	0.011512277107157201	0.12995449403396508	1.9981991904182166
SECHEN	0.6310711270043532	0.10168110826398885	0.20104800131699782	0.03393787806233406	2.3647645515047873
SECHIR	0.40410386251149255	-0.12315326803629117	0.12668455914067178	0.15976944480951955	1.7679082190817956
SEDCOT	0.46030732076303327	0.06783927183294036	0.42664276974795495	-0.1667487959963836	2.3066584158149976
SEDHOZ	0.6539211898074422	0.2581231605811185	0.23716407285181024	-0.021479699763976047	2.8662333704715612
SEDZAD	-0.11586906367975258	0.395874995382088	-0.4654473601894745	-0.21132412955469773	2.287078042101442
SEDZEH	-0.005610062516397729	0.33320840011912795	-0.45120777056851236	-0.17650813749915711	2.2935379574237156
SEHTUW	0.4781783369976811	-0.26602905778226277	0.7053190664746944	0.1895208757389511	1.6777239754009874
SEHVAE	0.536669092601783	-0.4115505251050528	0.6200843477561638	0.25605387157848397	1.5964373464416188
SEHVEI	0.49144899131174125	-0.3319107064533017	0.7094029000261538	0.23189441020254759	1.583984363208478
SEHVOS	0.5131676406312327	-0.45065349186680737	0.6433271937897779	0.28304500116818204	1.4985493261817755
SEHVUY	0.5740320536435224	-0.3369668988978757	0.7699411639074504	0.24063942856289933	1.6210481921581863
SEHWAF	0.5814327551772864	-0.3153711469874051	0.8264943733882023	0.22473638369709686	1.6161916013195547
SEJXEK	0.3739121637464926	0.1908618344194964	0.25017876954824814	-0.08015807741354772	2.424826117416033
SEJXIO	0.46750951673582275	0.1819765993863101	0.17902694609397013	-0.050242736753778064	2.4007695969134923
SEJXOY	0.08126231386401095	0.10671900311151974	-0.28106454534041697	-0.45128420960313487	2.237262254934188
SEJZOX	0.3546704395240985	0.22958006619431715	0.0893928328489881	-0.009484895349603284	2.3658914662977684
SEKJUQ	0.576679111490555	0.12848756256969213	0.06278924794926365	-0.12514665384439733	2.4892918612713983
SEKMAY	0.33912445531040003	0.0982331196056031	0.20505109711929537	0.12396327592575743	1.9577441823970394
SELCAQ	0.20250275577623622	-0.08676338526171554	-0.4459864711522672	-0.13881295255602605	1.9627859623293884
SELLUQ	0.020151711996899913	0.11590827160864944	0.4199292064893685	0.1691566596751165	1.6888834130806953
SELSEI	0.38366221321181815	0.062118843284382885	-0.09618413908487769	-0.1782579471851347	2.1783929924539907
SEMJEB	0.31777030529960815	0.7197298323735171	-0.5372887114468249	0.1296685503907689	3.4923474556417213
SEMJOL	0.5982044218377229	0.6431732083925683	-0.3315212124667648	-0.3707524811833108	3.8004749028217275
SEPDEZ	0.6989052225537957	-0.337745852875356	0.6115156268920972	-0.08678353504400818	1.8812904986715697
SEPMUX	-0.00571201538271815	0.6761064605541129	-0.07632591187002558	-0.2669554718787779	3.068906823514478
SEPNEI	0.1396678588583513	0.45415527343689505	-0.438211663993776	0.2922213947745324	2.3016991252369063
SEPNOS	-0.1588631454400229	0.3372512189922009	0.10641616709349717	-0.27321404053388026	2.194719801308883
SEPPAG	0.17231939774899052	-0.12055143021073514	-0.08560838347509336	0.2106221704276301	1.518069613753294
SEPRUA	0.46982143743450155	0.05897069131340965	0.5380788527643787	0.024751234879374223	2.283426792461713
SEPWIT	0.3156207344801034	-0.11013001436198484	0.5187427420701232	0.07338905883880886	1.6770130301143658
SEPWOZ	0.2695103175245661	-0.14217643480301953	0.4681344894902208	0.08822713212156025	1.657888798108946
SEQBIB	0.4562520511687911	-0.5512986995376905	-0.15046722887245234	-0.13425048499648373	1.8593572039728135
SESGED	0.5157499710487672	0.8161075706278444	0.1364645286915327	-0.13223743189390386	3.9121663755143135
SESLUX	0.40527062654747237	-0.18478766778061848	0.7984216479936187	0.09985933412787043	1.6973793322735742
SETDEB	0.22977758175293816	-0.032895478455621505	-0.32570466131828396	-0.10965797500209036	1.748078701926952
SEVYAT	0.42393871438137243	0.6937972963801537	-0.28823401546550437	0.05235735260080593	3.355256253382602
SEWYIC	0.2382898633094106	-0.39649095615119545	-0.335420138649659	0.13244158916437937	1.4656510749403082
SEWYOI	0.6824278120337963	0.1398343389971078	0.006374025036884182	0.009666134350498623	2.508107917919282
SEWYUO	0.4399853628164525	-0.04253524683539538	-0.10238278479458557	0.033030702884722554	1.960414261647347
SEYDAD	0.641129394881462	-0.14656022452886333	0.16587113011570886	-0.45082557041263055	2.2171674705325852
SEYDUX	0.5914301150160419	-0.3197312170383202	0.23231792807286641	-0.39475961137228727	2.0798086348976277
SEYGIN	0.12886433010380172	0.5382318716882837	-0.284994126913795	-0.0012883167404431212	2.4593764219258674
SEYMEQ	0.3407386821985563	0.4576685333654266	-0.16152137398211808	-0.020960428359500655	2.618771002410721
SEYMOA	-0.04208567461135182	0.3921785986189312	-0.4039429379695853	0.2307209112694884	1.9853454416721814
SIBYOR	0.13710352111348278	0.4847402808810371	-0.0825296536669462	0.26594003329312604	2.309328672472705
SIBZOS	0.8391347001052232	0.05052042105572627	0.20771439524568192	-0.3845481689406748	3.184634659332129
SICFEA	0.5535385684019456	0.30975203806578877	0.4131569533024902	0.0331853006462014	2.5399399573657657
SICLOJ	0.7054832083202616	-0.42340853058555894	-0.008981933130828762	-0.1930627757801772	1.9645224918547006
SICSAB	0.36558042550491443	-0.3254195030036144	-0.546466870656714	0.05975316065750874	1.5741558084277842
SICYUB	0.1634331485463072	0.2960931227853661	-0.29419739530536865	0.2309726181118119	2.009615508171273
SICZIR	0.15620258874899795	-0.2411030787396815	-0.18979942684280615	-0.17590919144180236	1.5549704190226565
SIDCOB	0.17239609616258456	0.2592723922032274	-0.17145033320565312	-0.1415564277228986	2.1296231632351947
SIFJIC	0.09973283201271199	-0.05645465961675374	0.5561860908169105	-0.1094384806577452	1.8332474233830824
SIFJUO	0.026463934898819375	0.09264695174765891	-0.7135460183539954	0.46227778116097623	1.6690258938399813
SIFSIJ	0.38887885130281585	0.3063443134839311	0.42866477531245817	0.06531570914736945	2.4025606394941086
SIFSOP	0.4042632318985184	0.3966255915213867	0.25330207716383535	-0.07006281916420376	2.580084907136236
SIFSUV	0.4186416414779366	0.3403414066785854	0.4320764701870265	0.09202934128227691	2.414735570014315
SIFTEG	0.4600727464893444	0.29943131579842736	0.3907641163328012	0.1520356742486692	2.329677414335963
SIFTIK	0.4350040604646086	0.41608612465733114	0.20152647371607985	-0.012762146585132021	2.586379252424991
SIGFEV	0.46952593944763343	0.17091534504613837	0.07298680790162129	0.1291986485239941	2.16659433061647
SIGFUJ	-0.45545787675654203	0.2678955307605578	-0.33136577066043404	-0.1305532260480075	1.742463874103564
SIGRAD	-0.1242991300627927	0.46174279972625826	-0.36733165557991376	-0.033223294527488414	2.361009638713229
SIGREH	-0.16050987867977362	-0.07749813830117235	-0.5637304820770924	-0.021210212734303423	1.5182696011587147
SIGROR	0.28001868867778423	0.20159199609106526	-0.3068384898910027	0.002296133032270886	2.187771314750842
SIJJON	0.04746068545658533	0.07369589912276184	0.6328593115351655	-0.11261090611944623	1.8236159768071913
SILNUY	0.5015750026639143	-0.33360957760573023	0.7210673807145923	0.2368076487598561	1.5871782649426205
SILPAG	0.4747339347972206	-0.32361197151918897	0.703313082116374	0.22875335155195997	1.585248079339494
SINCIB	-0.016030311950348874	0.651930729173466	0.5772633266551153	0.03749476308729435	2.3882608032445187
SIQHUW	0.17896514443581202	0.0686950521605145	-0.3236880520228202	-0.0352406109333635	1.9883108846252164
SIQKAI	0.7836314115919745	-0.6624922396905704	0.017850428358591186	-0.04316526887474452	1.871188679862833
SIRVUK	0.19636385895290598	-0.019001382701886574	0.20107920351535208	0.20938956630891947	1.7323458608402484
SIRWAR	0.17935856382344184	0.014138832873858087	0.2026594500556758	0.2104670254932242	1.7582767480716885
SIRXAT	0.3802475960942422	-0.08095943758227025	0.6653579567233623	0.07169340729907367	1.8128800030361387
SIWGAG	0.4073979327570445	-0.30425973630692255	0.6878505064322573	0.16221216950780432	1.5902579013089841
SIWVAV	-0.11104667463208173	0.620466073188618	-0.2599031654691266	0.3517464996046282	2.356689693056906
SIXMES	0.5532893045684366	0.5679004173513822	-0.04412749692397655	-0.2504350798035961	3.3449338726765516
SIXQOI	0.08152196876733031	0.04780156059346033	-0.09995838441879809	0.257157854039811	1.5943016938688257
SIXRAV	0.40048912274423465	-0.2589696611144239	-0.06433043276219622	-0.18844435992718395	1.842687750851864
SIXREZ	-0.03133545709681318	0.043866942773760575	-0.397493910443346	0.3960445328491296	1.5686115231951456
SIXROJ	-0.19456706529934698	0.05099490731858125	-0.21786869648483198	-0.19666560317398113	1.7376726571012684
SIYCUA	0.535175038119573	0.10952856716843012	0.18157179322589817	0.11512298416883546	2.1926109179266984
SIYKEQ	0.21296364813765623	0.4587183976735057	-0.303866927618248	-0.00664548637420978	2.5770807163115217
SIZGEN	0.3072060715481255	0.2597447339832839	0.17684073381999943	0.14148861403383353	2.253506356904845
SIZVAZ	0.6158643803079462	-0.6256789467680071	-0.07577642047627522	-0.30770279608728796	1.8339733932425801
SIZVED	0.4175023903736417	-0.385488435763014	-0.2816192714969986	-0.24430321571867528	1.742410640491764
SIZVIH	0.5714866083363788	-0.6355921133293212	-0.05899235432346406	-0.27653337835697006	1.7723265243743596
SIZVON	0.7262631347287503	-0.28773468411488723	-0.006772514695960172	-0.4597415907128672	2.3748449666670077
SOBTEL	0.4487855766721376	-0.12764826571348242	-0.22420407004280546	-0.3211012671366196	2.3469414682624636
SOCBER	0.5734863464020998	0.21563978992835142	0.5015892994421376	0.036222204596834964	2.38795989216971
SOCBUH	0.43249145566631864	0.28695082770178415	0.4405160942416884	0.015281655885343942	2.4100497133778838
SOCMEC	0.6054424277552775	-0.06987252645926556	0.16884710806936015	0.10923507408278743	2.0868664790587474
SOCVUB	0.3183115813457915	0.4428796997481281	-0.4537017718077385	-0.3769369037233711	3.017006141528724
SOCWAI	0.15624021962045997	0.44281641261706733	-0.4053825408588743	-0.1670821123267729	2.446949988730568
SODMED	-0.1464018544696386	0.07051626830453453	0.16002961097349497	0.12330872244795921	1.678865406478687
SODMIH	-0.12371333138150664	0.3636206689949385	0.11642172204265103	-0.09994178527989958	2.1178440712151967
SOFGOL	0.5225078441892803	0.29009598341612247	0.17115820321382275	-0.2812008330940303	2.693618850605521
SOFZIZ	0.5573157910844806	-0.3889723869793654	-0.050554464870029736	-0.13646193697798914	1.9534180027257855
SOFZOF	0.58006378479066	-0.5301189696664914	-0.16121966433351498	-0.03465273278083095	1.7382472971334813
SOGHUU	0.38239948905294874	-0.11673289801335249	-0.33879534741949996	0.047736153023967345	1.7949411253920893
SOGJAC	0.43511817503411354	-0.16046378748295562	-0.30676930032432614	0.0771662648012883	1.7692866207998468
SOGJEG	0.06993216380776479	0.3010389376819941	-0.2928348692525216	-0.05588760635330085	2.2569206545587948
SOGLOP	0.7812132235311857	0.6779171123623586	0.14757234776429703	-0.39368260621907264	4.382023920998093
SOGQEM	0.39630542833783533	-1.0012536917797852	-0.030265562703097854	0.10379763407518541	1.479847420827441
SOGXOB	0.4065381433496773	0.12107346283809656	0.15014525209426155	0.09900178248764593	2.1136847848158498
SOHYIY	0.29464289750457695	-0.08396658643113998	-0.16232868299428993	-0.0008246784857456058	1.8130951389941612
SOKPEQ	0.4499437511818156	0.24355226437521943	-0.041573306756564704	0.18846668646259868	2.273702527721772
SOKPIU	0.4428697503034593	0.229863191531538	0.5005313289090676	0.08154473514069238	2.3209634487260224
SOLGEI	0.0785552127847251	-0.0397998870425076	-0.09857512750607539	0.07105656519360573	1.694536794544148
SOMFIL	-0.03526456041841364	0.40123263357728095	-0.16234552029231886	-0.0884791137686893	2.202851748302701
SOMTAP	-0.24937621168808155	0.670490164091879	0.3275130202873872	0.09146857826560453	2.163270585829699
SONVUO	0.22480584697467298	0.0008441179988896569	-0.16362862200929962	-0.12092005969968564	1.9979441095125807
SOPROE	-0.07628023418130114	0.11385911231916529	0.36062012142681227	-0.06217074685439197	1.8416704616496105
SOPVIC	-0.04261196689376501	0.0477508314463036	0.38345330482201395	-0.015144887785109008	1.6410613137229944
SOQLIT	0.3877477571112884	0.3438239463041942	-0.10200605037528873	0.2778291991621849	2.218767361091243
SOQLOZ	0.46652323183312383	-0.31408849551674456	-0.07476443123137089	-0.05674994930787258	1.849915614472578
SOQLUF	0.13312222792974593	0.1506310705848256	-0.18483577609600804	-0.06389439712052618	2.019673221166431
SOQTUN	0.32512053967863785	0.21900287974194332	0.619758262419629	0.0316791118013752	2.217813761369907
SOQWIG	0.7017630016677892	0.3990395742791442	0.6217785843958593	-0.1317818833960591	2.9498909298661316
SOQWOM	0.5878027211582619	0.4360955487341172	0.6093847042586492	-0.09463738187344792	2.828810969090304
SORBFE	0.39752460653415334	-0.07414101929498629	0.7113148857010789	0.11861963996199301	1.8240165994474058
SORQUL	0.2467844348554209	0.17027222130486208	0.1646536908466049	-0.01183335572803882	2.0812014785913
SOSGEN	0.34930741427360434	-0.8512542589332368	-0.20715895525417627	-0.043298588042140304	1.5559282371252081
SOSWEC	0.6171844258274053	0.15528443420701932	0.29828201451822467	0.04937066969803028	2.377883944151492
SOTLET	0.4889595729421199	0.009872988112879039	-0.1748044810754527	0.07377219444906974	2.0222544358034242
SOTPEX	0.6469189856535564	-0.07281045632632657	-0.0056396198024921546	-0.2023574102926362	2.4709521214478856
SOTYEF	0.41208049854970064	0.0945078164672519	0.10955441299561082	0.13435042480099144	2.0773631322847947
SOWQIH	0.10814989909841044	0.31451005434837204	-0.28214174990721574	0.07181090060828657	2.1245917148516873
SOWRAA	0.17419927519676692	-0.2522572336525284	-0.4461142045398597	0.10910283564685319	1.3934849334215187
SOWREE	0.19176041549196698	-0.2618793504639136	-0.3754578074781925	0.23666738461593612	1.3554065556352781
SOXJEU	0.5490176072145765	0.09290461297202998	-0.0028247167569110943	0.060187686045741595	2.189777059399076
SUBKUX	0.7075203661631946	-0.629145869616192	0.10007730228820769	-0.1816429752096285	1.847917547961583
SUCKIK	0.65983588732621	-0.0947325345534106	0.16890556227952475	0.11882449811034959	2.1308630112463223
SUCTOC	0.15080781631419304	0.344500352770888	0.15818708471741694	-0.3956941980337177	2.4281156262156687
SUCTUI	0.5191622612359845	-0.10977262122713798	0.21150060403051082	-0.14608732355231074	2.2126455029995693
SUFJIM	0.4728383031639254	-0.42491857296086494	-0.13360529693766646	-0.037279552848307154	1.5990067920777362
SUFLOU	0.6012888478092977	0.5719761477344176	0.088058818343244	-0.045339906042041134	3.173554617918168
SUGNOA	0.4416405170064923	-0.1496534053971507	0.6943282295596274	0.11715453248399063	1.7316266056472476
SUGXAV	0.45874261138279504	-0.12783150081106368	0.2703848791554845	-0.2297014711535518	2.3782450264280377
SUGXID	0.23170467676030304	-0.06440220977232057	-0.3269331041656537	-0.12501323143866097	2.0279943112787073
SUGXOJ	0.12236365484148415	-0.10496342000566167	-0.3897052400833022	-0.07277200834688553	1.78694672056493
SUHXAU	0.47704650732163145	0.239764130354841	0.39880607450435224	0.02232119039585781	2.449278247579406
SUJFIM	0.330522496428987	0.5766780858207898	-0.3853474055876128	-0.3233495853432742	3.17070856553339
SUJRIY	0.9670344429916566	-0.06400375265941385	0.18553618812293085	-0.633249301373817	3.0271259268477104
SUJVAW	0.7392108495319949	0.2519683894875828	0.1525319498350986	-0.24270605373263227	2.8174662236319064
SULPAQ	0.45176461579685423	0.18291130285287654	0.508811506016871	0.08121223972945713	2.234833781818799
SUMWUS	0.24250239323467326	-0.5018344193061282	-0.693014066328011	-0.3011756078521218	1.6266137537147882
SUNRAU	0.5251959061115796	-0.043117180910401134	0.4470851952509332	0.1285442383265173	2.021589333105008
SUPHUH	0.4011271001726042	-0.6405240212679313	-0.20534087349755936	-0.22749675767864572	1.7288335052376165
SUPXIK	0.6790659117893547	-0.11924529371360165	0.4448632365648615	0.23449992661796998	1.9934579405219983
SURMAT	0.6497070964831178	-0.14218231888223584	-0.05501400121157049	-0.38468786524394016	2.5886055460869337
SURMEX	0.5516465028432185	-0.1859537442011384	-0.08948581630136071	-0.36544843937381544	2.4229967562840478
SUSGEV	0.05653603805310903	0.12182328868883147	-0.3998012318012742	-0.08139692779458371	1.8059133501191136
SUTXEK	0.2640262655255654	-0.1941811572976353	0.76031153721963	0.1445203436274947	1.5867186311161685
SUVROS	-0.014998817111596452	0.8128933513434187	-0.30767580033888353	0.25092849237323644	2.9248097995747573
SUXTIO	0.007944330455948112	0.5069937012023851	-0.5744556212717417	0.444370552246444	2.3119807093027323
SUYQIO	0.16165677915764842	0.3156993379862374	0.47978900708791067	-0.053288345181036145	2.183851954478061
SUYQOU	0.2660380709622503	0.5474110743140361	0.2134400195129434	-0.16304621630759364	2.771746300969646
SUYQUA	0.3478833364782128	0.18281185106553988	0.48573193429520894	-0.0034012014767031834	2.0602796783953754
SUYRAH	0.34729074700015783	0.21956880064770185	0.47697881504184714	-0.022846816648799034	2.1210629880765364
TACFOU	0.5535936851533965	-0.6916224957353425	-0.09380797274223568	-0.25684997066472665	1.7541394180397984
TACROH	-0.14407602577937917	0.7238041280030159	-0.24991861215328315	0.41080486798752647	2.4496002570385156
TACXUQ	0.3721370833221611	-0.05273267282716139	0.7217489803796858	0.02685870130430819	1.8921732319507618
TADQUN	0.4156452978033043	0.7391292662371458	-0.04126759576305902	0.40172284103699213	3.2756840590370535
TAGKUI	0.3523354531115501	0.29580452252669526	0.6013185674575051	0.012805411011749118	2.338543413016704
TAGPEW	0.4608445658769016	0.32092807611775465	0.37646704757729776	0.14166219344892095	2.378767276167547
TAHWOR	0.6622915017333977	-1.0018951058686834	-0.6297993048464957	0.020286733562356926	1.5035295270651896
TAJNOI	0.3440589114950665	-0.12917614418780576	0.09065816305818584	-0.08293074733098646	1.927670631138871
TAJQOK	0.41022505916589846	-0.3726185566190278	0.21767763008613092	0.0635295088619339	1.6137570435357786
TAJQUQ	0.3391153217435665	-0.3464839982815843	0.32243330578289525	0.08599590414354305	1.5571272758339623
TAJRIF	0.5077651338698175	-0.4730837930782907	0.2835493803390229	0.159082044065706	1.5595308504522087
TAJXUX	-0.0773875647399076	0.7424971326731982	0.1870111125944103	0.14486095410209604	2.4641470874961593
TAKLAV	0.09152386653749378	-0.13899582737614477	0.06774102240083779	0.2814938198692088	1.4731628025505974
TAKLEZ	0.3457496726040361	-0.1370543116905762	0.045651933994934765	0.15407690434375523	1.707198187079729
TAKNIF	-0.03386501684071597	0.3449356987673007	-0.17672616986123713	0.0006041439794697845	1.9341124231294509
TAKPED	-0.04192405579335823	0.36826791015608906	-0.23945594141056226	0.000889645013214535	1.983085753469306
TAKXUZ	0.5242904414513534	-0.1118352575628939	0.7115265726848311	0.06706700681815406	1.874732495024392
TALFOB	0.39698010735234845	0.30407212234807507	-0.06791235851164659	0.043465090656560845	2.373510479925351
TALKUM	0.6133365721656059	0.1213999674455307	0.08893404218153848	-0.2566935311534707	2.5303053796392523
TALQAC	0.07116055628350271	-0.2114214375816359	-0.8720288062455718	-0.07206743602519312	1.5061997936342972
TALQEG	0.02264828504389671	-0.21871100319758469	-0.8704499418051451	-0.06149097781916351	1.4548088944545639
TAMMUR	0.0895715587297432	-0.3542420143871576	0.05165086746129504	0.1948859026531367	1.443881391849213
TAMZAJ	0.1076499354924052	0.13449147528353045	-0.45125045743955616	-0.25065559929476494	2.1930537352723443
TAPGAS	0.14470716790286975	-1.1060182163514103	-0.4753498218901785	0.5407328779871627	1.023594696449049
TAPUFE	0.45257253545187837	0.40726697132054895	0.10091726544557503	-0.17186243339235313	3.0300383548396783
TARHID	0.2569396452386652	0.20634400110015771	0.6450605531937333	0.014535088999596837	2.05265376605561
TARHOJ	0.3588876529346763	-0.243991623228522	0.6710863893564206	0.13112680683238154	1.6024079764166306
TARJON	0.34461947099586254	0.6236809293162273	-0.29269998068641345	-0.13188808426404192	3.225389202892985
TARRIN	0.20120306530378773	0.23004230901516404	-0.09980996531379663	0.1756627288909774	2.0783942914919753
TARWOC	0.31010627812189817	-0.1738616853482255	0.25381193628772103	0.012280442058737975	1.8366677506692715
TASYAN	0.28381323262611424	-0.4780904304531773	0.21372280152418194	0.03859858680874127	1.5778288768547855
TATWAM	0.042606730654592084	0.6392976590547883	0.007867203314084609	0.23863145855794865	2.5283153635856417
TAWFED	0.5095485931012878	-0.8011896461625163	0.042808971025417045	-0.06933255866692828	1.6976528488389184
TAWFIH	0.3827943695399538	-0.7988681301633105	-0.22487645777907195	-0.0954529914325428	1.6132600809637083
TAXSOC	0.4167482160974316	0.172996148342478	0.4757802692424322	0.05585340369948483	2.240820298130299
TAXSUI	0.6237667657205925	0.15585012711097618	0.5808563115256156	0.11760708540094048	2.296263763726782
TAXZOI	0.4587343904527348	0.2777025946464487	0.4009178218046082	0.08818452309834515	2.4056961642540773
TAXZUO	0.4104175793747862	0.3696566296037399	0.2797177505186663	0.054461974091211396	2.5101856884910507
TAYBAX	0.38437882893631503	0.3702589014054854	0.2593277731987035	0.0669332163290807	2.4776483141978356
TAYBUT	0.10413608405159502	0.7997820223850176	-0.27810988624541566	0.1884213366352432	3.272923285570886
TAYMUB	0.2452809298702947	0.07284952931135047	0.7061252474591285	-0.1815317478372042	2.051962380660637
TAYPAK	0.1273969654020104	-0.26286717570519563	0.6215375895479609	0.020274678454846567	1.5887546339163685
TAYYUO	0.024885614841587245	0.48040995409512327	-0.34292523700959743	-0.2841921529781773	2.721612565562077
TAZGIL	0.40202884373058545	0.0746157691407997	0.21566099941842606	0.11846754239667875	2.0398966594409282
TBPCFE	0.18626078235663046	0.12040771180752619	0.2763598051751882	-0.004363986629014646	1.8659407404104622
TCDCSF	0.22267865426338673	-0.4586030085346045	0.6972852642588357	0.4635464652382761	1.3051667727349756
TCEXNF	0.08715046006042648	-0.29454524635229085	0.433716489362384	0.018585788198350633	1.6259178094062285
TCFCPC	0.14682059941023873	-0.8483681713224667	0.7892275920953659	0.6052782469183382	1.1754858013172338
TCIMFE	0.027914675277286527	-0.13944890558440062	0.45832105537267476	-0.03738072529939115	1.7265062834218996
TCTAFE	0.17956519295568718	0.1324353745077361	0.647283980152369	0.1281005014849737	1.8517115797308794
TDCURF	0.2804824581828056	0.7567573879986562	-0.447313906652296	0.15192412558278362	3.3844656080686226
TEBKIW	0.38994438145670074	-0.17506166654531488	-0.4298661752029336	-0.272777617075208	1.9796116570575726
TEBKOC	0.14163705632243895	-0.7249279126760384	-0.24994786695774118	0.18574908761497655	1.151322765110943
TEBLAP	0.3943420110011546	-0.3272895454794308	-0.20425866563894124	-0.20867638218423618	1.8260025731300404
TEBRUP	0.38746139561524107	-0.38086548319918645	-0.2793232891954729	-0.24586362505891776	1.7335278283482807
TEBVOM	0.3063500564562043	-0.02461986998098363	0.12039947492266644	0.1449786070893061	1.7952258073288725
TEBVUS	0.4029346440534045	0.1538067978981783	0.14781774778933535	0.02149094037690416	2.177619664375812
TEBWAZ	0.4417388328884453	-0.24369289485499654	0.1709381277929779	0.11867800517776061	1.743360564799974
TEDGIS	0.6318632771672714	0.06779293943685638	0.11328776043724614	0.045711001394840745	2.3535617235871173
TEDGOY	0.2999060476818114	0.28932063503570093	0.004634292970316464	0.025507687134117676	2.4415060902138803
TEGCAJ	0.4490732434859188	0.6835412271046488	-0.13195554383287625	0.461918080612376	3.1334887093799253
TEHLIE	0.39224120410822483	-0.860092857807004	-0.11817493899738188	0.016725177694016033	1.5675557978975585
TEHLOK	0.3786656060833611	-0.8730967181895493	-0.12331313317931944	0.02792656021480007	1.5417393825601957
TEJXEM	0.06132112762830255	-0.027946617543893063	0.37974452633427563	-0.006038119579058782	1.7126150450474362
TEKHIC	0.5442974849099693	-0.377846523185276	0.18341094228131644	-0.1491560720632514	2.020665901488556
TEKHOI	0.6063338943712857	-0.1446011321159593	0.2716491660083126	-0.17186725806668196	2.15620307762853
TEKHUO	0.4619756558547845	-0.6401674654484648	0.34277354642901675	-0.001930866100325515	1.7500049937307425
TEKWUD	0.424059005196721	-0.6807122426898649	0.1212284650572412	0.0010682802155812243	1.6184936610721776
TELVEN	0.7087458896653445	0.03623761435009437	0.31093973787486573	-0.3644977085360499	2.6412660761102784
TELVOX	0.431202449684263	0.34909280428751494	-0.3189374424891038	-0.05955054590527061	2.807427857755746
TELWEO	0.571499592074832	0.4151987442681416	0.21610899998735122	-0.6199531043616571	3.244095144125523
TENPAD	0.6181323325282495	-0.1987281815952472	0.029415552936406915	-0.2624599863886875	2.229153885037471
TENREN	-0.10393939071653469	0.39523269492336005	-0.3714145120913254	-0.3976788222095251	2.3706718022201088
TENRIR	-0.15056146907117363	0.4045628192266339	-0.3888510315469889	-0.3891150977295253	2.475487943495125
TEPKUU	-0.07159988073170354	-1.1723351638884145	-0.3162330533347043	0.3047051025094703	1.2429811932483033
TEQJAE	0.2857944620654127	-0.38355129406059824	-0.33914312613518516	-0.12305793455721883	1.7856180300651867
TEQJEI	0.24007338866777594	-0.13048066936854755	-0.06102885092582358	0.012495534004211106	1.7885749843791443
TEQJUY	0.11830149481445762	0.010001817722673306	-0.34067368125744707	-0.03222746375573049	1.8539576836402025
TEQKEJ	0.11892968773395873	3.5056324637836034e-05	-0.26479302580985714	-0.01545792195264327	1.8673066519687793
TEQPUA	0.2610939017875369	0.22591033911663577	-0.26427275851010196	0.23859964187238636	2.0685269844488032
TEQQAH	0.4278258188742212	0.2653284360464109	0.38155905280327734	-0.11015337549510446	2.5214412296099806
TEQVUK	0.3019149032668498	0.3417370253942007	-0.260184632651244	0.643972758283937	2.3527531785339804
TERPIP	0.2953088313724672	0.249790622801294	0.7480200327604545	0.07713358914437282	2.190564176439162
TEVNEO	0.4599903599317283	0.40087266931727356	-0.35548770189293133	0.09805189999376374	2.783851825754192
TEVWUN	0.3752902478764435	0.6027347035338595	0.051135947713425924	-0.16512064094161297	3.320150294459451
TEXCIM	0.15655247075719414	-0.5045098600175595	0.08548380706104403	0.3615279786956255	1.3537665629874098
TEXXOJ	0.3712276345439882	0.08047698910412976	0.7768430852929947	-0.07098602647497022	2.0547281582041017
TEYCEG	0.7917268491026119	-1.0187055827901346	-0.5102511226423516	0.17290879519129407	1.4669707420835794
TEYCOQ	0.7223002675176744	-1.055041471777648	-0.6364008532372412	0.01709691361412924	1.5243174518763685
TEYCUW	0.725596370339967	-1.0619722015972397	-0.6049222665506213	0.04510536064392899	1.5047647001676272
THDOFE	0.37233013034755125	-0.1413168620561807	0.7249791292841701	0.07841064806324613	1.787044315820137
TICLOJ	0.7437607862795144	0.41191591555280066	0.09831387503040664	-0.5835776424186461	3.5566941439645596
TICLUP	0.25215973506270206	0.39712064053248913	-0.4530664543582983	0.2152344659573857	2.5130168001843574
TICMAW	0.7254489020452883	0.4491891076093025	0.05156771742520884	-0.5416788750190056	3.570185498683497
TIDBIS	0.36676716575570634	0.6332742211560476	-0.08845790652161423	-0.11232128569846116	3.1285119176126654
TIDBUE	0.3711644337601756	0.6483849331990794	-0.07482761650762168	-0.11161312020123675	3.2116421539720634
TIDCAL	0.4402680306384452	0.26667734952050287	-0.2141004448710208	-0.04321386688040824	2.5233300074496876
TIDMOI	-0.07642499602420338	-0.16339905704814972	0.5049631720624108	0.014619961861766465	1.553752851155278
TIDNOJ	0.3948933178726328	0.09644080078325759	0.5548246997471287	0.091456744403109	2.061598831255244
TIDWOT	0.421475022020088	0.0627343267476923	-0.10261295205840548	-0.2255391040004173	2.489157885175415
TIGCUH	0.4622520016305147	-0.1550373437148784	0.6832631594809426	0.15872600955039076	1.7842416690453116
TIGDAO	0.45311315602309854	-0.13982901865421954	0.7253363834958758	0.1363762792655263	1.7710640899129149
TIGDES	0.4606719277549933	-0.029813407186676813	0.7405900246189662	0.08260867833969754	1.960278854366156
TIGKEZ	0.45029205429483277	0.15494636256851851	-0.017529070179013534	-0.25444006979680334	2.8558127464552463
TIJFUR	0.04617005137963437	0.3055687328072417	-0.3432964883606397	0.11889046224419764	1.9382010763135376
TIJGAY	0.006596778159190908	0.09724346796450933	-0.6161198988311933	0.15987481339194112	1.627693388437579
TIJGIG	0.12121666863143732	0.3329486430073145	-0.3260133671151087	0.1957484385181481	2.1533458309977624
TIJGOK	0.41734817709167427	-0.3108361474086109	0.6988107831241333	0.15315975695805795	1.636435990820825
TIJGUQ	0.4068788324976138	-0.345507364994188	0.6276254969792435	0.16401845339332377	1.6081147106311837
TILDOH	0.3689149541250156	0.10070885819191941	0.30503419216205185	0.10044677282556039	1.8713307953438898
TIMDOM	0.7692586411325957	-0.1379340124202261	0.2845581368406146	-0.27488496284164454	2.2021597026760693
TINLIP	0.29680021993476746	0.17275036931738197	0.6738975659783425	-0.032634516072748226	2.052557361872777
TINPUF	0.5061548003201448	0.638207148031843	0.22228179334145862	0.013428966146165594	3.0527514202780313
TIPMAI	0.15803220401950124	-1.2026590967303825	-0.5491406646085938	0.13875194374732577	1.2748485024564224
TIQQUH	0.5358458435050402	-0.44131163885808455	-0.3772339278579621	-0.16980696757592295	1.8665346740938258
TIRVOG	0.07711131777242342	0.5377625219667277	-0.2422263860328724	0.12490505567505719	2.4048036197334794
TISHEK	-0.051916995620581385	0.3937292722925168	0.036864676921633234	0.09059901334150564	2.0823194649013295
TISLUF	0.5159584597084796	0.05094267790866083	0.49155377138993805	0.06436788071003113	2.129192274823211
TISLUG	0.510213633620757	0.11186365613774887	0.4425646704919391	-0.0488998615149301	2.318406889951802
TISMOB	0.5277883752491848	0.0947085217046536	0.4593131781648322	-0.03649849352896844	2.3112522707639096
TISWIC	0.3543977013945723	-0.818886118174512	0.13875048619835612	-0.030389860712835434	1.564813659285185
TITJIQ	0.6134910958082083	-1.0044696519922893	-0.49642124436674406	0.11185764174386983	1.4745525667120003
TIVGAG	0.3360687781100964	0.44836613776998474	0.3452722042136051	-0.12859130073398217	2.6577293622660445
TIWQAU	0.4808247697593897	-0.4162268183567347	-0.15842216043803736	-0.03532678917510912	1.695336884310731
TIWQIC	0.42196476818917983	-0.3428107435755119	-0.21078912158872237	-0.14372033027502285	1.8596426027346529
TIWQOI	0.4519938305341178	-0.12175296302396098	0.009440763286047982	-0.17082098536876994	2.160133299416427
TIWRAW	0.03770895664395457	-0.017363180186214938	-0.4800721712353586	-0.034634594316359985	1.6109195562886374
TIWTEB	0.10460850643390263	0.16952720497696655	-0.4010401724732715	0.24159741963930192	1.7238670414662545
TIXLIX	0.44480111695463087	0.13188427175448864	-0.16827642311341812	-0.01944401936824488	2.3100680169968477
TIXPUP	0.389257426273371	-0.32779499472580376	0.017036741096285515	-0.0287985579733884	1.7751120765824027
TIXXEF	0.6297026873294085	-0.263601313181227	-0.03249925368243729	-0.3270055141552496	2.213715745866727
TIXXUW	-0.16920713291484324	0.6302069421129344	-0.17919576842945728	0.14790501714427343	2.3665315520401236
TIYDAK	-0.0027071161044514014	0.09832837714916676	-0.46534200924529856	0.34065797231804534	1.5529001368312247
TIYDEO	0.04842174001639998	0.12487844364969083	-0.5212191562805631	0.27067525695768935	1.6895477109426666
TIYJUH	0.15481297712435582	-0.2111626596704331	-0.2069955882051263	0.23671400785487118	1.4364223725412952
TIZJUJ	0.18453422909078654	0.4422354887724927	-0.2120506579470769	0.1798530652700706	2.2676010993631266
TIZJUK	-0.042138718813532705	-0.4899748035457683	-0.731737488156196	0.1490970918411552	1.155292009715644
TIZKIY	0.16298251296009303	0.4624460460681122	-0.25061860431086413	0.23980006679318544	2.2467659759685845
TOBBAN	0.3677270830734072	0.26691894384744425	0.46249908285686686	0.09709310528355153	2.296992562567446
TOBMAZ	0.46726800409026215	0.31018873980986	-0.2950192338949243	0.0983580441837962	2.557040096056341
TOBMON	0.6745236104056547	0.47002406060193264	0.05353267667173855	-0.2998635825731394	3.3019712219964497
TOCGEA	0.08025796930651685	0.1218360658190843	-0.4956524934558084	-0.5218704383097016	2.310839914585144
TOCPEK	0.39294927107295763	0.3884695849524941	-0.22087711197333998	-0.16558010067318218	2.6210817159924193
TOCPIO	-0.11985931973397701	0.8591589883750024	-0.4680010729553262	0.36117476390342873	2.9159772640543857
TOCPUA	0.0042221749205992865	0.5464404259463034	-0.3396838205227336	0.17374580555845784	2.3056703064079533
TOCQAH	0.04439999102621117	0.5381802712460126	-0.25641715495819306	0.1555858987312196	2.326946857988817
TOGMOT	-0.16527262200730908	0.201198118896195	-0.26737335589823774	-0.32437694823647273	2.070578917970958
TOLJAF	0.27669431107964026	0.2530348917767749	0.5714280619988603	0.012717242740079557	2.219296755252921
TOMHIN	0.6675635711081469	-0.3034728020132584	-0.09744171678440802	-0.3713955176436474	2.1967321375867184
TOQLUH	0.010394616447858773	-0.016781977812853344	-0.24316348513482683	-0.4632378829782182	2.046118659811808
TOQMAO	0.013940706329329089	-0.014960894137815761	-0.2445689181250721	-0.47712533136630725	2.0677527139512817
TOQMOC	0.3199044811470282	0.20322518917461851	-0.26541956644257597	-0.2795033006016906	2.5534855884349317
TOQPIA	0.647046410634414	-0.6508068942656795	-0.02190689544775698	-0.2940525890420632	1.829651566887337
TOQPOG	0.6648295765460714	-0.6319375447464068	0.00522217547142001	-0.29359769678935466	1.847678250820214
TOQXAA	0.15780231840058256	-0.16500646416782674	-0.0842734785251398	0.04783130073406122	1.7187420015914645
TOQXII	0.16797471973543487	-0.08892037285208149	-0.10934940654260836	0.0612558015682845	1.7516978224590816
TOSDIO	0.5673982374920854	-0.041150090367939096	0.783327931594971	0.0970515597643146	1.9735210053712549
TOSQEA	0.1994424605623566	-0.10574761514990103	-0.40667076694723786	-0.11423207945244832	1.9039838231317203
TOTBAF	0.007252310361159253	0.38762507110755345	-0.29823284730571065	-0.16080629299866006	2.1986974686974516
TOTPEX	0.03464144455832985	0.39419545236646375	0.3062996657959703	-0.04232948964653434	2.0818475835829426
TOTQEY	0.5082170480152994	-0.14076645084573453	0.7194371218706012	0.17481283770683567	1.7890839535660001
TOTQIC	0.45792941045537994	-0.03754580406168419	0.6357391356722698	0.0503920412274602	1.9806941650384577
TOTQOI	0.4971093469915253	-0.07337853569002335	0.682522180054803	0.07964800630343966	1.9676885745560533
TOTQUO	0.4995193296353069	-0.13970749371687663	0.6729856621782672	0.15190685297500892	1.8527180399869836
TOVHAN	0.35149095138327446	0.2017866580804984	0.6788152722343718	0.04564367655007426	2.2069399884652823
TOVLEY	-0.024394924505946047	-0.12953703036855818	0.32043444083478345	0.19611323825782273	1.4847532793711298
TOWZUA	0.4252523684466212	0.26879417113606663	0.40494018219655686	-0.09875798479643555	2.356691043793167
TOXBAJ	0.39537702980694434	-0.10257614421022233	0.3943066234170759	0.1531552491100721	1.7721668672827504
TOYZAL	0.02593612349200436	0.6037980408953247	-0.14649491028297365	-0.11357538770735986	2.6355339765415637
TPHDFC	0.44885649540964323	-0.17397077487717905	0.6815399698590274	0.14687157029261746	1.700045274125377
TPYFEC	0.6581696717605618	-0.16589184908032664	-0.1979580688162097	-0.32141391743640735	2.4366493069055224
TUBMAE	0.22406988805644623	0.23562311325747193	0.10090959882468434	0.005519080733778367	2.2023385910056628
TUDPUG	0.4226383239068383	-0.2114509513154456	0.04373784037028435	0.03258935285117803	2.000905074205251
TUGXIE	0.08644772017461078	-0.18131643027391214	-0.46357180299771117	-0.3526507174659318	1.798996486414821
TUGXOK	0.1006344097019567	-0.20049447804644388	-0.43129561244135595	-0.3565682747960554	1.800242753449489
TUGYAX	0.1460714231055591	-0.14717770767487823	-0.38349405383859503	-0.40498490256838365	1.9794299853578243
TUGYEB	0.11811238177421757	-0.20917757587750913	-0.4010405459401407	-0.3815122401369597	1.844736484722317
TULQIB	0.1408713294931676	-0.08042033986065852	-0.3905565394908243	-0.1514061279228911	1.9000378727692193
TULQOH	0.16730549953972762	-0.06697737919129637	-0.4241758420819497	-0.15923466138766806	1.9535602861047676
TUNKAP	0.6598257714846429	0.3657927754454479	-0.10668162358672417	-0.12765942336876834	3.4243493555825415
TUNKET	0.6505975270056874	0.43573726909435545	-0.09721138722186773	-0.08409590175728927	3.5085619809843873
TUNTOO	0.34181983531817917	0.13572179437348408	-0.38981714190448835	-0.18811807488111415	2.3397175128579653
TUNVIK	0.12620217568661296	0.5937094433649857	-0.12118666358140648	0.025928230071915373	2.658938970931704
TUNVUW	0.3651242583205194	0.4827213615836828	-0.33558634784060043	-0.03238851214661286	2.7584648832135272
TUNWAD	0.2148217869050537	0.17049623697437427	-0.34208481500495513	0.05810468524400314	2.1821887616114086
TUPKAQ	0.12882127223907824	-0.3709104587489115	0.5325845612598552	0.12232019861787821	1.498229927441396
TUPKIY	0.18187094931353442	-0.25904097151679195	0.5199298923827723	0.02266284385027914	1.6276756757472983
TUTMUS	0.2955943023883352	0.20785271372076564	-0.3942342378435837	-0.19175461314108672	2.183923048239535
TUTNIH	0.2663063234587	0.4478083958577818	-0.49147360277106245	-0.07358232792104831	2.6834946207073367
TUTNUT	0.36111487115058694	0.4129673262920876	-0.20401620099979478	-0.24737118905149982	2.8183156779721266
TUTPAB	0.4335746235840352	0.354941488094922	-0.18457352584297404	-0.26747176993652455	2.80030298210201
TUTPIJ	0.4299166090619826	0.3659237223908477	-0.1915924417590254	-0.21023029137591526	2.795997034297941
TUVKEA	0.4445646081793768	-0.42314619339715903	0.012446980502242674	0.021881057811072857	1.6582856869755624
TUVLEB	0.4178108765529762	-0.47337994625955504	-0.030192925299820567	0.08869924786136318	1.6298650649187796
TUYPUA	0.5992978508050744	0.2190947982024264	0.3043442631608005	-0.3264348626336813	2.7881260078427497
TUYWOC	0.08888188438560762	-0.12676715484038983	-0.43243470208061163	-0.07516993219584332	1.707731832470635
UBAHUE	0.3296302822132047	-0.024491169342927416	0.7001604943425117	0.028276212925614122	1.8917021281359996
UBEDAJ	0.7926367209114069	-0.5722696035040757	-0.20162176677526966	-0.03498228441901499	1.9005707571111465
UBEFAL	0.5627914276930657	-0.9829736600615553	-0.597029307702288	0.08463472136870417	1.4497259014571786
UBEFEP	0.5608870416417151	-0.986826662679559	-0.5910902075793334	0.07024416437579861	1.460142214233723
UBEFIT	0.5724484379398227	-0.990145806468363	-0.5846486739516029	0.05843971069449741	1.4844039111405674
UBETAY	0.17128756219904417	0.4252699188926921	-0.6361694732629648	0.3445441198954654	2.7094935246659086
UBEVOP	-0.05552971994261746	-1.1292422256775332	-0.4623235357679323	0.3413741607618324	1.1698627221387947
UBEVUV	-0.04993471517528869	-1.0762107327854242	-0.43017835228174894	0.31406144804126584	1.160306115378381
UBOWEN	0.6047481133108628	-0.24617734076822045	0.10528863934803859	-0.24077896657065226	2.169795684455045
UBOWIR	0.7895837071968685	0.3874496428160323	0.1714676773567521	-0.34812884472411093	3.345162064274672
UCIGUJ	0.305463337144384	-0.4947539849312529	-0.20151664959530208	-0.39192983879353027	1.9326227015055712
UCIVEH	0.48359330151908253	0.3444614181362359	0.1639458027054979	-0.17725074584806677	2.8701989332138647
UCIWIM	0.5312116957277802	-0.3534538137264036	0.37212308162714924	0.039943829276257406	1.895954041488456
UCIWOS	0.37830544192440385	-0.16525966203317183	0.02288979762673142	0.020289232502441024	1.9080257519172938
UCUSIW	-0.009699851327160225	0.261783766842777	-0.396840185096127	0.15330565300435325	1.8236125789741124
UDULOU	0.5607451961821148	-0.12904305413844555	0.09280276310784162	-0.19255898813576777	2.250591574181273
UDUMIS	0.34978840205209405	0.38416853409570256	-0.2500799186694748	-0.030426262284878686	2.5259604042744894
UDUYOJ	0.46358148467032656	-0.7934172396823	-0.09992026296146889	0.053123705987760894	1.5525386436518906
UFABIN	0.669514216786121	-0.016409029808584455	0.08366132224058685	-0.24038421273401853	2.6060652246219003
UFEBUD	0.6929488136680257	-0.09785291249727421	0.32576624916661695	-0.37122072636247194	2.433142744959095
UFIPIJ	0.37420649166035513	-0.9027693350113501	-0.4171115463708184	-0.01567274158398397	1.4561532853321355
UFOKAC	0.4376792303598762	-0.31573659432341994	-0.27345933161832553	-0.11414622472686961	1.954811999535731
UFUHAH	0.3460082285324466	0.342861859591928	0.16096200578075803	0.04036414722674449	2.339534301885257
UFULUD	0.3964298137751481	-0.09874032419658751	0.7861171264069432	0.14137884267055775	1.7487674120405743
UFULUF	0.31430624761788906	-0.4080182408557205	-0.36300598036015774	-0.19397702946290746	1.7399614328582118
UGEMOI	0.09439579520600372	0.38534883537154224	-0.19542152933717855	0.36791112913933505	2.0466886762693948
UGENOK	0.7028800087007543	-0.16723799615934454	-0.27958780616524653	-0.3426153316622369	2.4105974669504224
UGEWOT	0.39438819692054494	0.31685497232595583	0.3816415924975941	0.026028292337289885	2.382501559898585
UGINOP	0.3359550486679783	0.6134141554628252	-0.3485465282000259	0.3197106652455354	3.143042506952497
UGIPAD	0.26621579811432294	-0.41281023273198486	-0.3931825122311044	-0.04505093585887633	1.5487692651687546
UGONOW	-0.1930672987352291	0.2427307767147866	-0.5547271951281146	-0.21521635921320972	2.1014167547377665
UGUCIK	0.2705771612307677	-0.5185116346920364	-0.15753419123108264	0.1618301018606006	1.3726514760222999
UGUCOQ	0.30156083209927953	-0.48867730688418026	-0.155652598728898	0.11340237460061092	1.4415544024742262
UHEDUG	0.4241802189805721	-0.18842307267731595	-0.2601082572154317	-0.17853310038225317	2.1735457247737475
UHEFAO	0.4884705215083347	-0.22706557768667085	-0.23626779425614258	-0.19606360081829693	2.1755479111003604
UHEFOC	0.6210426046931916	-0.274428041991864	-0.2032727718077133	-0.3104027346764452	2.2771603746016282
UHEGAQ	0.566244190247791	-0.6572007283300008	-0.2636837403615435	0.3716609354972357	1.3157931419083406
UHEGIX	0.4646750522211809	-0.5192622323791671	-0.46221542323533593	-0.19800508008708637	1.7666552323422404
UHEGOD	0.662467349487537	0.16467965655773165	-0.26325881766015247	-0.33039145073910914	2.908158886181436
UHIZEQ	0.1967758776730566	0.2425157406473018	0.5927955529852658	-0.0257044165469624	2.1010497260094487
UJEYAJ	0.3704745849808013	-0.11059003199275398	0.18392508923222997	0.1906876213308119	1.7614339344697716
UJUFUB	0.6449718023900166	-0.38376138794719594	-0.025204981914232677	-0.3200404208199892	2.1602938808120835
UJUPIZ	0.4016462013159128	0.986741589369259	-0.0054898903652931125	-0.06275672955010694	3.850009788704144
UJUPOF	0.3415740575519397	0.9398174537528114	-0.11363488778662165	0.14443186193707502	3.6516211849319684
UKECEV	0.206086101893455	0.5938805100419944	-0.21855420562292005	0.01657077267501625	2.6143530414726817
ULAFEV	0.47126872835590206	-0.1459789648953537	0.6953631217093337	0.19841922989765765	1.9481246907995313
ULANAX	-0.3091700754595088	-0.04816877541611658	0.20990822553503674	-0.18639870309142054	1.5027032301044567
ULANEB	-0.34200488572100873	-0.03187996403944608	0.22431231174800617	-0.2147729024939853	1.5751051988329554
ULEYOZ	0.32009314566315705	0.15807896288536638	0.15244361412748036	0.14410203195442434	2.018735551213646
ULOSIX	0.3028637129934957	-0.1932521116981501	0.0395570205762693	-0.13016401391904503	1.7863912548570882
ULOVAU	-0.004019677712263192	0.0648166048462484	0.36621989542838823	-0.07986767922281228	1.7434011454026523
ULOXUQ	-0.04374756568235805	0.3293220259465832	-0.3469354881834582	0.3332873761463584	1.8826428826187462
ULUQOK	-0.0340950750377953	0.4960826188130097	-0.5129546099666802	0.4498246842739501	2.224409038827196
UMAZIS	0.4769908775984941	-0.29774630746766684	-0.38151629900126055	-0.17962291019773813	1.944529647170955
UMEWAK	0.46559927970723347	0.18510821577777659	0.0044327842477649565	-0.21414311656331655	2.729276245362969
UMOXEA	0.45264779208369976	0.19745567030913075	-0.014022838552725958	-0.2329564858298519	2.8703864830469823
UMUKES	0.33365764631172556	0.011553465784561873	0.06781091060070178	0.19075132132902034	1.844663048107162
UNECOG	0.08187113592313588	-0.13329734581124067	-0.4442151815813896	-0.08196857219614291	1.7009946735084376
UNECUM	0.12572280546053705	-0.1508267963637152	-0.4230380052655066	-0.09449302293029807	1.729577718437266
UNEHIG	0.18642023395449003	0.34317935797817534	-0.0367555691765348	0.11573374526169572	2.169489644027131
UPAGEZ	0.42564053659850476	-0.28604164457808046	-0.04635553390265801	-0.137767942814244	1.7440036888212296
UPAGID	0.6343051252348832	-0.12933123856092124	0.20296050802709859	-0.17824887758873498	2.1114984456172246
UPENEL	0.4903966504741897	0.60900362525021	0.3303926226678413	0.020420638428095314	2.971374767656786
UPIFUV	0.18548345318793213	-0.25254946266206113	-0.5241016253806441	0.08496740367297353	1.5022995995482087
UPIGEG	0.48946268006342564	-0.26748213729879833	-0.27393592213710793	-0.20560063850288185	2.0069703781560246
UPINEP	0.4248433260273332	0.3671586728085548	0.41685598357410064	0.09187463272801374	2.4702102108474273
UPOHAL	0.3003896893477256	-0.47930460461485064	-0.12012248536114575	0.15518922234634008	1.4324950969176373
UPOWOO	-0.03379628451856398	0.5876418778711765	-0.34694462614159843	-9.221600277481423e-05	2.60037976323024
UPOXEF	0.39766252520453804	-0.2183578899132308	0.3614609512637738	-0.07371909958517386	1.9795728496956155
UQAYET	0.5288098073904433	-0.5449512097148153	0.1814519823567226	-0.1279095407039851	1.7572695415871014
UQUHIA	0.6775204136043778	-0.7272618083562523	0.17512920462381565	0.1001370520877346	1.5860400862676745
UQUHOG	0.4211693972498862	-0.3553944121542217	-0.06935278961761909	-0.10964095485165014	1.8111704169903493
UQUHUM	0.6888377077146774	-0.43883729970302265	0.23720390312682502	-0.009172283210097554	1.7600981370557616
UQUQAB	0.07926586166536387	-0.13710044747755262	-0.44843987293322796	-0.08508493986976333	1.7192652895075855
UQUXAG	0.36060056976201604	0.10913884943112959	0.3632319498694056	0.17180193194684146	2.078408914625729
URABIZ	0.6745623997908741	0.0499804054095582	-0.00271753547685627	-0.28783156932404413	2.6795153298042442
URIVIB	0.45692546490776653	-0.591503577271099	0.06954753179905335	-0.23352945149656357	1.973972922491373
URIWUQ	0.5038301983061722	-0.3443716567353112	-0.3101948496574135	-0.027076222935678684	1.8412981967724709
USILUF	0.4632204836421492	0.1948750153899934	-0.15980448705497513	-0.06088805815729512	2.393883619690967
USOFAL	0.5852983450429123	0.38850323994995944	0.0472864578445103	-0.09010745274539173	3.006865163332069
USURAC	0.3545723468730415	0.057041274247751156	0.7545063427145677	9.160319611775658e-05	1.963477593665401
USUREG	0.34318079410224556	0.07377135414596045	0.779205239149563	-0.0036216582456777002	1.952960482581681
USURIK	0.37629266830366337	0.07668110052033256	0.7857924757089696	-0.009363047496913177	1.986369708177342
USUROQ	0.398025376936892	-0.28330355986324796	0.7951493572572833	0.13775076753521798	1.6198168977335523
UTAFAZ	0.7867681765613472	-0.7785398830015653	-0.06893220938429415	-0.021779907398284157	1.7609526148853656
UTAVIX	0.649769603948247	-0.4937342671821148	-0.0860531630297498	-0.40429412584934027	2.087504271955064
UTAWEU	0.5045075307670341	-0.040259804257110024	-0.17833427539678653	-0.4400351751130234	2.119839933798298
UTEQUI	0.22759244414785007	-0.11154376204646255	0.3570212075210856	0.025755164081488674	1.741315239140801
UTERET	0.19281900189236367	-0.17475340817270216	0.34784016262010475	0.05711959452461424	1.6531892225010079
UTERIX	0.3158009989010617	-0.13586009154920123	0.40256751405741775	0.08103242566679658	1.773098567118244
UTESIY	0.38523805912387843	0.3100066085851828	-0.2843472773809453	-0.010727167653624414	2.5611404935249733
UTITEY	0.2593913445681322	-0.12368778671715933	-0.01696635608776649	0.27213398575291936	1.4584992601149442
UTITIC	0.1369693526972422	0.14554950596822952	0.1465451968295745	-0.031843981951216835	1.895901023612499
UTITOI	0.06785583012093044	-0.05493775997806503	0.4204847657252519	-0.11366821014164563	1.8234212214769507
UTOYAE	0.057624930256222395	0.8353028611050113	-0.5639599332657339	-0.17178238645646937	3.55371695233861
UTUVIR	0.2376759334632359	0.21723371944780123	-0.03949850463225743	-0.01792012424258703	2.1448813292161484
UVAFON	0.08770094567496445	0.2217251312645932	-0.22764435976258046	0.3833350511018273	1.8652396503671487
UVAGIJ	0.27022134371550255	0.008461797520731215	-0.019184509347249135	-0.11477232180965274	1.913966787850387
UVAGOO	-0.07214374942608526	0.20874948725693376	-0.1440003753460568	0.2048334861900598	1.8628854023289685
UVAGOP	0.2874997838944875	0.028535569367108105	0.05089760704495048	-0.06800749952220642	1.9394492890955315
UVAGUV	0.28792646239629427	0.01873111738593289	0.008295075700757062	-0.026803080519552047	1.9145979162909095
UVAHAC	0.18813927305236566	-0.21864946639053195	0.13778116794439163	0.11513609205273334	1.546945753968266
UWALEK	-0.11651576855066148	0.11160732291382133	0.32336934486849533	-0.08510504623756968	1.7993957687547182
UWENER	0.06246737296263216	0.6192987884227721	-0.37670867919752954	-0.3089364695430238	3.1150247229380366
UWOXUA	0.1501214062898586	-0.32736069740289253	-0.4018662502848299	0.3022187300188307	1.3612418784915281
UYITUU	0.6139627084756585	-0.6545943401447616	0.09273857750955078	-0.07025126930048194	1.796166226246852
UYOTEJ	0.018567452592990197	0.07305962941779473	-0.23277018108285163	-0.14466091309948637	1.8433094941191275
UYUKUX	-0.22786590023425113	0.3458600486385224	-0.8076010732474949	0.5608490793375946	1.9607052311494613
UZAHEJ	0.1716835726974737	-0.047738297068105354	-0.3895468591983225	-0.12096848150103008	1.9875123819708451
UZAXUQ	0.45455567626964033	-0.5024188954666016	-0.026271977826574297	-0.07192650895442901	1.7686811527052142
UZEKUG	0.6015337156455791	-0.29229716834570996	0.29742866494488623	-0.1321560857610115	2.0457963513907984
UZELAN	0.7153304244847032	0.06492764868501327	0.3990742806265607	-0.33296486822905963	2.7472393957790193
UZIXOS	0.2576143975406566	-0.09708862137958671	-0.2171262682173008	-0.07151961541777876	1.8318483387983922
UZODAP	-0.13609461664385236	0.041932603852324196	0.3804256448344583	-0.0677570970610859	1.7395020466525064
UZODET	-0.12193433227872674	0.3342618485440392	0.14474391796208952	-0.06957463779826656	2.122389164178362
UZOSUZ	0.003090571919041274	0.1639261577529842	-0.3466240439525439	-0.5528155910189899	2.410314591755818
VABFIQ	0.662295214479558	0.6167669128063351	0.14890882184317977	-0.2817189241747736	3.7517829441626307
VABFIR	0.529722248768909	-0.5549468893680987	0.39751135294350054	-0.11444668514757281	1.8949334724162217
VACBEH	0.33107211191204566	-0.10239529042541963	0.37866872168189464	-0.04492969362730005	1.876492742365107
VACBIL	0.34767022403588843	-0.11481869629202848	0.43360752237099986	-0.05908340577290408	1.8813704865934522
VACBOR	0.25602155806922156	0.2993767253897401	0.5910374700783841	0.003116365646738603	2.2651432619732073
VACBUX	0.24591858527821753	0.29932130459236933	0.5886683680615944	0.0074337273964133616	2.265106612854102
VACFUA	0.7442689760409005	-0.3505662760796535	0.39485274183838837	0.36027769885008204	1.6725071506650822
VACJER	0.1329517092779251	-0.2439653003594763	-0.26553163864379037	0.05609675625723973	1.663039936496667
VACXOM	0.26214079628004594	-1.2139264455682912	-0.4351159063969947	0.18110240139002498	1.3115162945828263
VADCEI	0.6542763590796037	0.12630876452336157	0.22566989552636155	0.02906987723689758	2.3555349263420795
VADPAR	0.1537678540569689	0.24897088535235135	-0.1520881742156327	0.01678941415571293	2.0052208871050556
VADPEV	0.2875422549645057	0.35490191002964117	-0.20869589571384134	-0.02071354937516983	2.3828629594348927
VADREB	-0.00012859849584545557	0.6477843432553891	0.12264946818133235	-0.3031429420536865	2.7314776945797603
VADRUR	0.02711429745011973	0.8572469136114551	-0.06324198468364212	-0.3373032149062171	3.205871938953266
VADTIH	0.04857374250969837	0.34948053675184276	0.14648485361166325	-0.38328950690396985	2.3773433445790433
VAFQAV	0.35158555652403223	0.7542820625374227	0.3332800130132313	-0.0666442197207589	3.0523951420223963
VAGBUA	0.5988045513603586	-0.07490724337252962	-0.447193249474757	-0.2206559626301792	2.2535008824233413
VAGCAJ	0.12305325725717076	0.25345991319363703	-0.45974488543959713	0.43340295173994375	1.8810253187784627
VAHGES	0.5669867292403321	-0.3638812244720442	0.10707092061498887	-0.05805412047940701	1.9147503006009543
VAJTAF	0.18347500012886808	0.5062948709648203	-0.5097945516670309	0.5269727744287076	2.7390581971224974
VAJTIN	-0.01160934344840836	0.3329016986227588	-0.428315447159874	0.5073873081984581	1.988726266701137
VAKDUG	0.3163653263557711	0.29995996059146396	-0.06744856195983462	0.14490761383532924	2.2785590826046267
VAMBIY	0.46883544824439394	-0.012689836729933568	0.18155273506248945	-0.11313667642879185	2.211124834297829
VAMBOE	0.37770649093343067	0.036081879177637916	-0.07247719206111503	-0.13436675673277876	2.2799521265496208
VAMBUK	0.051722830236349715	0.011911890638248046	-0.4823848462387542	0.15049269890822756	1.726136837542866
VANREJ	0.5336159725613765	-0.2989411038914594	-0.06411789176236113	-0.23871227797553402	2.179946509718013
VANYOC	0.04233750956732418	-0.5364390684188137	-0.5322596823912285	-0.19713352611969862	1.4330424882402186
VAPNEF	0.28170982096443264	0.17001428735904717	0.6403595938580017	-0.11118659781995761	2.095788049693228
VAPTIR	0.16362153316315897	-0.09396920954918932	-0.3437437700523882	-0.20986687505788532	1.8916647077760345
VAPVIT	0.14938472142534165	-0.20618150416632408	-0.4113475585297973	-0.2188103187318201	1.7491863739700018
VAPWAM	0.038159099164945864	-0.14197223654760105	-0.33808897475305927	-0.20307703256116247	1.7909802342790497
VAPWAN	0.3767619943170537	-0.08487097043044288	0.7343807553600278	0.03640776371371078	1.8191156881853243
VARDUR	0.5438123318549364	-0.4793288507977459	0.2934931502860849	-0.12369221926347562	1.9180045107392067
VASMAE	0.35204732759159896	-0.07181122428982412	0.6710993976999983	0.07769910726844087	1.8073328351826201
VASYOF	0.43018452716617794	-0.7892245617004667	-0.2058208466178923	-0.08384445731920723	1.6222825829062244
VASYUL	0.5429229065280854	-0.5736307521184052	-0.20603526123036658	-0.14763058030285825	1.8970077288928495
VASZEW	0.4991381753782349	-0.5725988614074613	-0.22732917154348686	-0.1433871569136739	1.851474810186538
VAVMOV	0.5962883849534641	-0.3178308453396853	0.08693664392048576	-0.16164805147224573	1.9783041908603691
VAVMUB	0.6340457241082849	0.7596628727570389	0.10048526049442466	-0.10833306913711047	3.537347164120866
VAWXIB	0.4007965352910583	-0.6427019211020837	-0.205452000651155	-0.2275168401057801	1.7260623765129741
VAXBUV	0.16534938958232237	-0.26574489266061874	-0.6757299819126402	0.34873901632965315	1.3360756493991595
VAZWEB	0.2593981608444711	0.5210782901284241	-0.3839985773218923	-0.35609231002341113	2.9610578849666576
VEBDIP	0.2619097398188108	-0.11020746221527168	-0.10717132676445862	0.4671692924769901	1.6073999161425387
VEBSEA	0.4608259937775454	0.2379728933252656	0.05450687446542193	0.007496896446559084	2.3965613604952662
VEBSIE	0.41413727676805934	-0.24663180635613965	-0.005354248695827624	-0.031954602402992124	1.8794140582302066
VECXIN	0.47945213623429783	0.5138309788145607	0.21034014780982757	-0.17242654877623328	2.997205384627482
VECXOT	0.34993336318018375	-0.02824093610576303	-0.3109352096137591	0.10122860069468681	1.8955332436296901
VECYAG	0.14411173901209384	0.3327685054304946	-0.3062597721573992	0.08600107908020974	2.2447903776367033
VECYIO	0.2922229564643768	-0.11450123151480855	-0.17179091401508018	-0.16562881375564692	1.9838229946493748
VECYOU	0.18661758225525693	0.2515164118414382	-0.17742318168859422	0.03361369255602359	2.1560442802543167
VEDXIM	-0.2096165360624278	0.6117412328330352	-0.48637925445078256	0.27475883260099765	2.344480686708981
VEDYUY	0.38491086810529396	-0.25522085643779735	0.6903828447266966	0.11693987770849157	1.6986872420512764
VEFXIQ	-0.0789357546965368	-0.010811256842394715	-0.46411669719155135	0.4142800182757546	1.4730473107874467
VEGDAQ	0.17815918332355984	-0.49416685968711366	-0.23343221700351835	-0.10382979356095301	1.515270536668475
VEGDEU	0.5150779223020017	-0.4529091445954829	-0.03175574458459972	0.04354806521196375	1.7180470188801769
VEGFET	0.2257259459530223	-0.6185901948409303	-0.16638417220361318	-0.13416531152595157	1.5480963451918903
VEGFIX	0.24283134284299113	-0.5972159239209676	-0.15570469122327518	-0.1447069173700935	1.581578626707981
VEHGAR	0.30208644696966047	-0.4710762751977467	-0.08432847268622903	0.13164673538367297	1.4062661075575005
VEHHUL	0.40286627804971964	-0.24618842242359743	0.7567724721292833	0.1444367224778539	1.6260065559372905
VEJDIA	0.6326032670966644	-0.4112238218922386	0.402814441349594	0.2096631265225371	1.7073114588308327
VEJDOG	0.35622239074117434	-0.46235060112170573	-0.4692940737108414	0.2822845388531596	1.3809565034472697
VEJFAU	0.5653180161516707	-0.24690210834414847	0.37164813883585174	0.06528212605927755	1.837013920565908
VEJFIC	0.6884818915966395	-0.30414977625275647	0.199855651728029	0.22932412454214762	1.7994165958919321
VEJLED	-0.05625153730470478	0.030773815609279664	-0.3106104153444764	-0.1939037346196466	1.8514117695767083
VEJLUS	0.05478549705403246	-0.2819248642040209	0.4230434176865553	0.12841072026713649	1.451752827341127
VEJROU	-0.09920133701195066	-0.024550132101920016	-0.4515142427882721	-0.2684000529969187	1.8668406481739062
VEJRUA	-0.12042949893187327	-0.028939975267854384	-0.44867546152150417	-0.24775832212977192	1.8399396224950926
VEKNAA	0.3128956782115555	0.936319957681716	-0.3952694482110719	0.36344579392984083	3.830861630634974
VEKTIO	0.8792944290456992	-0.08368302373711112	0.2814792258256657	0.23188204609061713	2.0835914530788253
VEKTOU	0.8751482731389721	-0.2697214360322726	0.20872188652111456	0.25959492823977276	1.9064038424927152
VEKZOB	0.32681416206565217	0.018876453987104552	0.719598560541416	0.15008972194154982	1.8630502264084066
VEKZUH	0.28125686307426	0.068863158581006	0.45579307659150287	0.16485948623692467	1.9670717700983849
VELTUE	-0.01003037091432546	0.203173753701701	-0.3113911726190232	0.41375245589739407	1.6967660903974637
VENDAV	0.6078602159940232	0.6471695719839454	0.2569557468422966	-0.4698410073464766	3.5519666368057905
VEPVIW	0.3242116322066213	0.19487942261628477	0.5764214126797893	0.11198697073517769	2.073751268251641
VETXUN	0.45804232852858906	-0.18142076749846345	0.2826018239157395	-0.09595195702160839	1.9847608046085252
VEWJOY	0.7058499951546793	-0.8501130969610928	-0.437595602235877	0.1220960032822008	1.5248464231581034
VEWWAW	0.6789480057182784	-0.3517551315541524	0.2602511875839622	0.1682442195657929	1.6622055232273538
VEWWEA	0.48381821179213436	-0.24782391266678364	0.2797184426774679	0.16034394364852503	1.720756488926431
VEWWIE	0.5822940581479807	0.018761269195286145	0.5488905834542267	0.09068883168909328	2.0971223425287784
VEWWOK	0.5097287707653928	-0.2057409543939113	0.2906031347017183	0.09831494629396403	1.7492050284793836
VEXFEL	0.09744889556076286	-0.12811469923499788	-0.4300997102102998	-0.06131573154935727	1.6989873344391744
VEXFIP	0.08900346703700368	-0.12831419699833052	-0.4484386733529422	-0.08507893193703156	1.7121399942319386
VEXKAK	0.4520757677033549	-0.09010827816682711	0.7548557982988752	0.13452468484422392	1.8163668692337818
VEYGIR	0.2816504623777716	0.3049688080451635	-0.2500218010728111	-0.2573310630661767	2.6177442027700404
VEYHEO	-0.052967100648472876	0.33780592304399226	-0.338390935007428	-0.18338245311225154	2.1680643306448184
VEYTAW	0.21540293642430441	0.3529138843321924	-0.4202415220842962	0.4807480805642666	2.1897585540775935
VIBCUF	0.27956853683895044	-0.40154834364700687	-0.023155132560192956	-0.023801020272615603	1.614963422813715
VIBDEQ	0.48597923726198644	-0.2988036414702566	0.06758034746255018	0.03190914099261895	1.7209371420753035
VIBRIK	0.03604261012787058	0.8781916524173765	-0.32457118406349317	0.2906315457369557	3.0774905081477595
VIBROQ	0.07665291567598764	0.8486933767158833	-0.30109709240384486	0.23580890774309954	3.0750287719594493
VIBSUV	0.1892341458892295	-0.09348212436695506	-0.37489341287793687	-0.07432136304489588	1.8991142864657748
VIBVEI	0.2864637761685973	-0.5176583546296913	-0.12127122383349201	0.10031133675545167	1.4245982005156264
VICGIB	0.40268388470275696	-0.24124182651950427	0.7023181395962306	0.16827098095550297	1.6085185708431182
VICGOH	0.47261123753674195	-0.25350641389452233	0.7393116099406823	0.19576550799340464	1.6314965097250054
VICGUN	0.421255741117454	-0.10146031670927715	0.7050781003860469	0.09138040607743506	1.7945062871557216
VICHAU	0.4234686599065771	-0.16835607095733612	0.6959144823793904	0.14813429614665494	1.721923262692362
VICKUN	0.40711395233777914	0.09179237253504016	0.30927327828592344	0.13424649903357097	2.0772641964343563
VICLAU	0.5952770833485417	-0.04276004889647732	0.46330406152615844	0.1459936197456622	2.0862123942020445
VIFNAA	0.23931692113059988	-0.1496062410230058	-0.4360567630992389	-0.10226690726798632	1.9140020504376944
VIFPIK	0.12232631268896332	-0.19525964270224455	-0.4620360725573863	-0.09546908616917096	1.6408287172158895
VIFPUW	0.08721953492188206	-0.2418859380298415	-0.5201956960088473	-0.08317514419461572	1.5871281259452465
VIHCOF	0.6472260902841143	0.46449303275644377	0.1383262641141863	-0.1897224505480424	3.2516605014456905
VIHCUL	0.5130224966456414	0.7622696005645213	-0.08013919672287653	0.026201083488252452	3.5753708798590447
VIHPOS	0.5499909075698994	-0.6308427764702287	-0.09523381188075758	-0.30726503411895295	1.807558749635437
VILHUU	-0.12838369969064756	0.7008098465620547	-0.27079018008274663	0.28310763953374235	2.542854275948343
VIMBUP	0.3065885503766186	0.20943766135428044	-0.4566470791424302	0.10615138618970832	2.125829573702143
VIQXEY	0.014367252016643128	-0.0391929963851497	-0.5044571644725617	0.1079617657441283	1.6262964223958598
VIRJAH	0.373457089888122	0.18148936522221804	-0.059470144009498044	-0.31707623192518114	2.5839829604089064
VIRMAO	0.8355238061439403	-0.40962399672504907	0.24238032758603967	-0.2896434377127594	2.090332506728334
VIRWEZ	0.08476788499137333	0.08248013528720086	-0.5569145974500205	0.030449526064947788	1.8000547556392903
VIRWOJ	0.01195321973916652	0.8141261561493613	-0.3331008176730748	0.31234237793189634	2.951532877447892
VIRWUP	0.12096522980582902	0.4956051774963371	-0.3544274973437414	-0.14440808427875645	2.516345303596488
VISJUC	0.43508506556425175	0.30450377815896046	0.43074732263058874	0.10140856194548861	2.366799675823148
VISVEA	0.4354879334425359	0.5833700931530663	-0.2932126694012997	0.116070649089622	2.8745028429951156
VIVJOA	0.2834256087198401	-0.06776183711054903	0.5968376420041536	0.14951351723858738	1.7529329705594123
VIVJUG	0.311720498493842	-0.06933086154504257	0.6064748282772717	0.13912655755254866	1.780645049135704
VIVKAN	0.3131588865036923	-0.0630237307786267	0.6061156974639801	0.13786057075921837	1.7862550417311915
VIVKER	0.3174655864712008	-0.05565116279127785	0.58827974226007	0.12796233919676192	1.804684403127914
VIVKIV	0.28739222882872983	-0.05919475089597008	0.5963052514399574	0.13896236604357856	1.7695669189330205
VIVKOB	0.2995301090567315	-0.05235403552044662	0.6035811615944484	0.14455199746053518	1.7667163662773295
VIVTEZ	0.35844854473076904	0.16561358282534722	0.08490961654117427	0.09073713546244469	2.1617345768442027
VIWSUR	0.09711371806682711	0.6072294096485649	-0.6183453684540637	0.05321567512716821	2.9815316774474696
VIYHOB	0.24891907050545647	0.10411573808868371	-0.4005182599743564	0.09562131626496687	1.962925915740884
VIYTAY	0.25930464518769814	0.02079996097154954	0.4649003353764531	0.06774724080557928	1.916941784456691
VIZSOP	-0.012799907560848034	0.03419133727425985	0.3611412950814745	-0.05311969376883241	1.6819481851068565
VIZXIL	0.20542931873129833	0.24411831913232496	0.20229439725784928	0.2652535927926863	1.9906942428399341
VIZXOR	0.46446301226083797	-0.07187551953997418	0.2272685583999331	0.09998639903342621	2.060393426870683
VOCHOM	0.27840353961409114	0.5229931110125996	-0.238444932405451	-0.044656215499735905	2.7616194908511673
VOCNEH	0.7732927462765122	-0.8357338529761318	-0.5838679180282862	-0.07162510308108624	1.6980059521165392
VOFFEC	0.3163250052953144	0.2612398132392481	-0.13908679820545117	-0.06688064351457156	2.418703090925203
VOFGED	0.28106055751078074	0.2650682007271967	-0.12851422973606763	-0.07955332008463736	2.406096307379388
VOFHIH	0.27472551004631907	0.04726698598131643	0.6251721777192085	0.049028071391137434	1.910415651760014
VOFKUZ	-0.05180049707617229	0.7751177379761067	0.0717902819840878	0.1904817962540748	2.5348369824589496
VOFLAG	0.15825996220051053	0.4276153612750185	-0.10761894473722078	0.2579229294758577	2.228195584977192
VOFLEK	0.4714829303596808	0.31864946599334515	-0.010036454580103923	0.03882302680153013	2.5256818758319928
VOFNUA	0.30959031352128275	0.1645536022967815	-0.3604452334095719	0.3406877650826524	1.9885793189597916
VOFYEW	-0.14186360748861304	0.04877556368913566	-0.3624855448669369	-0.3011222944766452	1.8656758953710393
VOGXAU	0.452847950837155	-0.2279506246993084	-0.15768604068493156	0.33867148067262154	1.587700897552225
VOGXEY	0.4626698003754459	0.5140757884510445	0.43944864942038214	-0.10193084475463696	2.836020953855797
VOHLIP	-0.17517817467498098	0.7070459297456544	-0.2852317836176648	0.27178174039585407	2.4508671109536135
VOHLUB	-0.18197606376123598	0.7326885483551204	-0.29215903379756564	0.26818558499192696	2.5002602806049405
VOJDOQ	0.044605453966267916	-0.2740550669013267	-0.559935012618584	-0.34965423202150425	1.694354020057625
VOKZUS	0.3603654000506671	-0.3340247497023432	-0.26715215923295155	-0.11347139207550969	1.8538410603138895
VOLBEF	0.35744554273880524	-0.32838829895715616	-0.332274003091149	-0.16204436278613815	1.9279748165156132
VOLTAS	0.39974407674431234	0.27904559076793833	0.3944712946840089	0.05462635718180722	2.175106527354008
VOPCIP	0.3418119857075226	-0.0727987541808906	0.12476961332406394	-0.002065077448515737	1.8650805475004903
VOPMUL	0.4678076786724281	-0.0849326531663636	-0.1563831852416066	-0.04177751144352454	2.138640152770952
VOTCEM	0.07364118910893414	0.198911325187615	0.16293448495433405	0.2612494840182312	1.7515212744230846
VOTFAO	0.434213517555432	-0.162195608714432	0.05618008754198395	-0.06299115922453366	1.9734719942351815
VOTJAP	0.464398539398001	-0.14940790489144645	0.8154452403546844	0.17333013926378435	1.9085226555816968
VOTSOM	0.15062949698144035	-0.22908811188959763	0.4445491572069351	-0.025443082344945037	1.7359356131200177
VOTSUS	0.14157806092657665	-0.36716127856458786	0.37425190847004236	0.04807679421607383	1.5597044033622383
VOTTAZ	0.15647841149083286	-0.43319362139468853	0.3647293309906187	0.07834455892250197	1.5056843165072367
VOTYOV	0.20383900374002462	0.2320095648016638	0.23713618488270974	0.3949661809695438	2.0029904029208403
VOVDEP	0.7249032478214152	-0.3217679319822492	-0.03771938180077783	-0.45200321514057584	2.2141262681421296
VOVDIT	0.5026484764218031	0.06615394695031512	-0.3875601720357529	-0.3349384550389354	2.3783690198032934
VOVRAZ	0.3293294027275113	0.15876569014389014	0.6589372388518561	0.07757522152661833	2.040927824259084
VOVRED	0.31828590612216523	0.15395167284274353	0.6445292150745714	0.09087105183561142	2.0243849655715755
VOVWOS	0.2900810676180523	0.1093310176306316	-0.3293769307550529	0.3165876389131436	1.9361869379012862
VOVWUY	0.33170414731337594	-0.003952426359406222	-0.27642834829674406	0.334779829926242	1.8445265337748828
VOVXAF	0.1628262443752151	0.16800715244614384	0.11400541564732812	0.2484509123935102	1.9055675058795516
VOWVAE	0.3787363690852583	0.24403171616507424	0.1557118939970125	0.10587607942443594	2.326930818862809
VOWWUZ	0.4278597986596111	0.011763679772199637	0.3712825296132095	0.1419246838710159	1.977733545884112
VOWXAG	0.413969009374652	-0.031273122274078705	0.370365924719263	0.17221743068787712	1.885012332229563
VOXRUX	0.33772071280580285	-0.02965839908611656	0.27996714501284725	0.10537959948653342	1.8341362688336462
VOXYOW	0.44108564164351893	-0.23527635541426128	0.5630779594940033	0.17531470560684795	1.7081594161779559
VOYCUJ	0.4149540254810846	-0.19523150657865354	-0.6473182625369616	0.19132685862894178	1.6366391127225666
VOYDAQ	0.5471297709182243	0.09900160309609898	0.8375812564141505	0.09793123839343348	2.0695856693056895
VOYJAU	0.1938077825206821	0.07514704597479374	0.3948287073159343	0.007155652086725056	1.8488477936278045
VOYRIM	0.30031559148346165	-0.7642841480243974	-0.2067291493977612	-0.1741710123143153	1.6852970112580212
VOZHIB	0.6816471757129001	-0.28244285965271343	-0.2480681415990854	-0.400414835315884	2.2733344033400638
VOZNAZ	-0.031543593911357526	0.16118766067305368	0.35625909489455865	-0.18251273578737043	2.0089953383596555
VUBGII	0.5267727796080512	0.09133128005111962	0.5608934499327605	0.1233278400704804	2.1342341996969982
VUDXOH	0.577199756648076	0.6292204922336295	-0.3920415242251785	-0.6081964274035212	4.027803717389167
VUFGAG	-0.06203566991423992	0.35832887581537737	-0.289072067385293	-0.5009049804377751	2.557904795047236
VUFJOX	-0.06836928016865018	0.348595904966054	-0.2766098232803867	-0.47169779983778426	2.468797013352715
VUFNEP	0.12755423881264472	-0.4454708726583074	0.0949171512791637	0.310352230693401	1.299963873962514
VUFXIF	0.22002202853492747	-0.2849781513630295	0.08975256575225284	0.07821992111293652	1.6697139623132513
VUFXOL	0.13807131602247535	0.04241337395541697	-0.002587739235570624	-0.12345149340805633	2.022865989423933
VUGBII	0.2900101130060184	0.19955820605809227	0.08533485486167003	0.09992104884105618	2.087392724993349
VUJLOC	0.3563816092818648	-0.03271810651304162	-0.4322395629272682	-0.5074821735395764	2.454016289378443
VUJMAP	0.4495114153854889	-0.04889606044217812	-0.09637813452262534	-0.03495034322229231	2.248811170127612
VUJRIC	0.9562551373545949	0.26119999902967717	0.33276167754610175	-0.7059020113680181	3.5367633546138766
VUJYOO	0.16582349917834494	0.7285934252396276	-0.1232320002684795	-0.14187452218850857	3.065133136513422
VULBOV	0.10092618023505029	-0.08859994815456537	0.4504246807012265	-0.10224429913489176	1.800351832288796
VULGIV	0.6674219116538298	-0.5483700639703895	0.5934294605905079	-0.08679872840064948	1.808066744466919
VULGOB	0.6152844732855183	-0.5121938436677032	0.5619244709457127	-0.14521719013220336	1.812029727950966
VULGUH	0.5796343036671256	-0.4909789098159832	0.5224880030651362	-0.16450397240336223	1.8041104476173349
VULHES	0.6483557744612529	-0.5398120445451708	0.5681816609509018	-0.09477015195040074	1.7991270272963176
VULNAR	0.6254267099425759	-0.10129673924449965	-0.028956315153413265	0.2849864339049081	1.8854192931136495
VUMKIX	0.6009758608320377	0.15377721666517624	0.5559978771605913	-0.02061373211373939	2.315308871651885
VUPTIL	-0.06276971463362768	1.0449593868251776	-0.22341740114958758	-0.25021806085430204	3.561703529289841
VUSHAV	0.1301956359554537	0.6466237615186057	-0.26242513091500913	0.3620133032028743	2.4956378958344483
VUSJEB	0.23891892714532936	0.514911998080672	-0.3553238459362096	0.376194747796255	2.460674000848812
VUTZOB	0.07781250996803735	0.4725468204769239	-0.23976190544205345	-0.1707733474849334	2.50108383562438
VUVVIT	0.5826836008963578	-0.2713589619203849	-0.15698463822192935	0.06951576827489037	1.9797083276226246
VUVVOZ	0.011499824083064603	0.016244297294661147	-0.5050311950486756	0.019603365755300195	1.677711329380176
VUXNOS	0.3947553371251553	0.1935744654542617	-0.13660348770043398	-0.0864267640820156	2.399587179498815
VUXNUY	0.500846682335256	-0.10511807087718038	-0.09256691883933021	-0.11170162598864739	2.1969305137501
VUXPAG	0.35652236337360055	0.5235636826638959	-0.13191045212660008	-0.11198857903331914	2.9752509044586497
VUZFON	0.19050292165079652	0.08603524381839556	-0.48115071568662526	0.02669994783057794	1.9079061454853472
VUZFUT	0.08003720080949828	0.014688806850126607	-0.5615493344508243	0.10937253917169412	1.757056694755533
WABMOF	0.6766367424587099	-0.37143120511612204	-0.11454462192547152	-0.341836984173995	2.286209829267162
WADHIT	0.5473809659026534	0.39333777510386875	0.06629791032751234	-0.22230073503419143	3.2474845289785144
WAFVUY	0.6350020669062655	0.1664902158926786	-0.18316106615286254	-0.38588362542352284	2.6413557361993827
WAFWAF	0.16319192750180012	-0.07628862091419704	-0.3775170636645012	-0.10740083082067323	1.7736439490215716
WAFWEJ	0.1270170179242074	-0.05206880429781126	-0.26475227508222676	-0.08426846736138638	1.8540392621665442
WAGBAI	0.44567172034733904	0.03712477051112886	0.5009811319856095	0.09160965784153866	1.9987239722325574
WAGRAZ	-0.0033051474009986315	0.5180863938263993	0.15412676333882758	-0.21037840606987526	2.445176726980986
WAGRED	-0.16720967516290663	0.27489862338404664	0.20845449294053345	-0.05056020309103232	1.9552821879155138
WAGXUA	0.1297751243788947	0.21212127264624697	-0.33472038927922615	0.5039936745347517	1.7862981132157079
WAHBAI	0.09996259555979403	-1.0052838061454605	-0.38391980909202006	0.35561887537010284	1.095657503191771
WAHKEX	0.5694383465558523	-0.4316644743739695	0.16333020674073898	-0.13534446406638473	1.8867071608983945
WAJGUL	0.24291262426043847	-0.15076027443180354	-0.2742061581245679	-0.10136572906663188	1.8326320940015048
WAJPAA	0.2293681643116412	0.10810264251195487	0.6529004309498846	0.14943623072920995	1.9266129099548235
WAJPII	0.3941610895434202	0.1543844541288279	0.5207498267309185	0.0616393019962547	2.2114742702944725
WAJPOO	0.44868541737002765	0.20734786363262192	0.5352046170517369	-0.07440570679064452	2.42064581426724
WAJQAB	0.35014431731321327	0.2326098897281062	0.5546373653260137	-0.026927036670107964	2.1563893052371563
WAJSEJ	0.036754163934650474	0.1891764807421985	-0.16170326899929593	0.1741513407618478	1.7427389059063214
WAJVUB	0.6549897641234228	-0.8347930803819701	-0.4540302083441793	0.12448321712497534	1.498443815755354
WAKMOO	0.15868770494237738	0.49819139436647225	-0.12628376016480666	-0.034579201996226716	2.576329858801702
WAKXAH	0.7795129030308408	-0.31737066481091725	0.20379112564914373	-0.15818165087829972	2.05746362834792
WAMBUH	0.39450587071748444	0.10695209343148598	0.32343366627864745	0.17646465650299473	2.023968497250663
WAMNEE	0.49026435014668657	0.23249300790213312	0.07890585567469958	-0.20634827921569182	2.6177421533861276
WAMQIO	0.31275432190665775	-0.7112716265333923	-0.1986207499647747	0.21868669766064247	1.2983432974333455
WAMXOY	0.5083864851458744	-0.3673091190682291	-0.2736065596664715	-0.20903941445619428	1.995513626974608
WANZAQ	0.0718535283054127	0.006341932861413269	-0.1126671238652392	-0.4111321985400222	2.0279632498957456
WANZIY	0.22293055864537825	-0.08280567755949655	-0.2573459434533317	-0.3065242543625118	1.91699994644257
WANZUK	0.1910168069977427	-0.050462851262445874	-0.23901029967881643	-0.36883667243684776	2.06371098820477
WAPFAW	0.42176543168407044	-0.4459752001120731	-0.1288963059523072	0.1961309417710378	1.4845375316156622
WAPNEI	0.562716369099955	0.8300025160851303	-0.1161936227335005	-0.40651912092059284	4.1190252204246764
WAQHII	0.4050769238534544	-0.00308788259443063	0.10793165563447737	0.19417673271814762	1.9792347391770753
WAQHOO	0.3909583865513051	0.39867446712749827	0.6326738733206753	0.08732312791582134	2.5996116688866673
WAQHUU	0.35153070587373136	-0.008582971016758839	0.18898481529330302	0.13516133033760994	2.0465561232926475
WARHUT	0.33364918438167734	0.3033316136677331	-0.04307692602510424	0.1452999611287828	2.1669364073889668
WARJIJ	0.2977513395896638	0.2290385055673279	0.23651313230420665	0.32850315372407285	1.8596765860470594
WARPOU	-0.2536378855735286	0.17168386851791562	-0.03045502900368778	0.17043819202678798	1.5571893274792503
WARQEO	0.6732594357253463	-1.008782931694669	-0.6313342541740207	0.016812754639371832	1.509807224923897
WASZIZ	-0.02611721272740475	0.006646642067977604	0.1189228498752351	0.05923959670568121	1.625866343481174
WASZOF	0.00967485696768211	0.015735748554669665	0.04490280310162426	0.13892377371912665	1.6220544705330298
WATVUL	0.14359403887562605	1.162854074620445	-0.34769520329121756	0.05033633676942663	4.411941251990382
WAVWEY	0.13209869225830495	-0.23510308185216705	-0.3099119352363628	-0.09606229736013676	1.7276031442699853
WAVWOI	0.3701619011981814	0.016739339648884938	-0.1603253628262955	-0.23087000893846077	2.288336525132023
WAVXAV	0.3781979407214573	0.3001664795849735	0.013823923998960472	0.05728754838360148	2.3163547429596845
WAWKOX	0.11616357091345275	0.06492033665655594	0.00915258423163734	-0.15473809025088822	1.8561629890364635
WAWPUJ	0.45603020808608896	-0.2722256803934219	0.13743782604702537	-0.054478764774297604	1.7869640909010118
WAWYOI	0.4458957623957218	0.23158408324537216	0.3642513702467809	-0.08975148146170958	2.4247279870338905
WAWYUO	0.507740242933818	0.014495384416241042	0.3162578509142077	0.011493378597718207	2.1030155441674703
WAZVUR	0.06020583308040939	0.3570439938118287	-0.12066528349622652	0.026736248348925337	2.1450504955341825
WEBZAH	0.021586727415551454	0.5953344705700363	-0.46635140925056606	0.2966211626590482	2.374639099103475
WECSOQ	0.09892378606892516	-0.1782389757384773	-0.5376470635177949	-0.06752079710705608	1.680819307407427
WECTIL	-0.1745974487512485	0.7955581085818562	-0.20558256981829182	0.20937344158385118	2.665970830674126
WEDGAO	0.4111187924719175	-0.6238525881707166	-0.01223655491163908	0.019406891585292366	1.6354908598653963
WEDYIO	0.45857950048026197	-0.060610085475798346	-0.06803829118914587	-0.23089207414390006	2.1945876610820303
WEDYOU	0.6352796751827734	-0.14610627997683964	-0.10729075500458896	-0.04509343708019327	1.9427397393456258
WEHHAU	0.10088089036072567	0.06708724228843219	-0.10870882961237774	0.22940279815730158	1.7328133604117375
WEHWAI	-0.006300007209684377	0.8570205120250396	-0.39402886047696767	0.18531412454303686	2.9594016529984715
WEKJIF	0.04264180030482967	-0.8528949536471759	-0.5307057170383005	0.2866003724585494	1.1019370577339602
WELFEZ	0.4784000633956653	0.34757302967814	0.33139068509124325	0.07270345679840126	2.512227472680204
WELFID	0.5264522371518341	0.25193531748062076	0.1056169028242974	0.010623433246044103	2.362517596741456
WELFUS	0.05792020044342738	-0.12864453796947045	-0.43833841459243283	-0.1723311699455536	1.7106920909930639
WEMVUH	0.28612180566636347	0.3805928650710669	-0.5089171256394581	-0.34265078366731255	2.9902001013723893
WEMWAO	0.04905548515448732	-0.04170893076821007	-0.19301631299397382	-0.3304582242061587	2.069029433376247
WEMWIW	0.1058958295353496	-0.19148824567532474	-0.42889262187190647	-0.35923252156174396	1.8055621775426958
WEPTUI	0.3596948669997877	0.0371754581209488	-0.09589879929378417	-0.1359572930988091	2.112311453583151
WEQCOL	0.5393744496772221	0.1945903100747553	-0.003982702660747961	0.1163285385441446	2.37995471558329
WERMEM	0.22075374658027025	0.34529717888658873	-0.13135539545402106	0.25078910822467415	2.156047608559958
WERQOC	0.31742025895020287	-0.48760304290689593	-0.2137843901473696	0.05955696858013901	1.5327406234886478
WERQUI	0.34274221786632264	-0.4886301394510411	-0.20113076266887558	0.04805934415676989	1.568609097667919
WESJAF	0.30195555308581046	-0.37441624226728154	0.3465049116108639	0.20063995159366232	1.5678211031371998
WETJUD	0.631814123493049	-0.8930784021212557	-0.4563114044950004	0.1594754805630302	1.4559519593708254
WEVJOA	0.38846840679494754	-0.9368782270310307	-0.3142945681556148	0.027411847121644753	1.4969004100662635
WEVQEW	0.38269276692991827	0.0001788160798765065	-0.1997769862790703	-0.0399922993449499	2.1932197153566944
WEVQOG	0.30269884624771404	0.2829905383943181	-0.23543376322840842	0.024366300925359352	2.514470794036301
WEVXEE	0.06143134251582305	-0.35957120645671947	-0.44786542521649797	-0.10780105952804941	1.4324336612248962
WEWCUW	0.6241601199708517	-0.07013556626693573	0.040100188738063265	-0.29875254182004846	2.3510780384740713
WEWQOH	0.5543776612398954	0.18139109497294426	-0.45554749221641	-0.392165328656591	2.962017749642591
WEXSID	0.24059946471023963	0.3171040854562682	-0.5764059805641741	0.1710824041365202	2.352932583022212
WEXVAW	0.2481102080061195	0.4454417526820967	-0.20714862025822428	0.04303790244475447	2.4447681148573785
WEXXEE	0.3893618729275605	-0.08004739183876419	-0.14829308754042878	-0.05535931373391663	1.8551178526820646
WEYWEC	0.41917605073569053	-0.609957993870118	-0.11510560627146196	-0.2649382016298101	1.821286204470473
WEZVIH	0.5648794157881118	-0.5241893703050644	0.11381558879147635	-0.11838199721013958	1.844870338393081
WIDGOG	0.47433240067389626	-0.39544330613396883	-0.02031598585874282	0.11260104472481838	1.7084266430177835
WIDGUM	0.5613357469849376	-0.32920740239434865	-0.10042579600903984	-0.2560188591731684	2.2278437993425193
WIDHAT	0.6228064712233694	-0.1550460073101833	-0.04930838523550485	-0.05922164921294482	2.3380503258549394
WIDTEI	0.3823675691842823	0.09109476990191806	0.4646662307823585	0.07693456019926334	2.0704210206776286
WIDYAN	-0.4375729895457705	0.5419023075836447	-0.20028485678500285	-0.23693741385281186	2.2488849760170813
WIFZUG	0.6569555502529791	-0.6317181443413284	0.5547325023870598	-0.22057416738301308	1.9766233861870508
WIJKAE	0.081724522847479	0.5359347365959704	-0.2449245592499636	-0.07133700356016523	2.538751026237929
WIJLAE	0.554029371580099	-0.3073567855988995	0.34250658211937063	-0.21449334779309248	2.116087356398965
WIJLEI	0.5659288953418198	-0.21148989046206923	0.40208206350356684	-0.27249864559162573	2.2702462304480644
WILLEL	0.36671833849656643	-0.06077993041551506	0.8090448362152642	0.17047947638995717	1.8878389442021288
WIMKEK	0.22677871156072316	-0.2005033354662426	-0.45970293338611556	0.04846292187896524	1.499880905474011
WIPPAP	0.41213039018607667	-0.06131140201280858	0.7008816528760423	0.06645408893300697	1.854542860290169
WIRCAF	0.47808979431401344	-0.34877717859588714	-0.31153578833124385	-0.2180722044492641	2.038526725934502
WIRCEJ	0.4108304246956802	-0.7092450846753882	-0.41880532930014025	-0.15797934590568513	1.7141868742438988
WIRCIN	0.429682611238861	-0.7139522430734278	-0.39066196226602584	-0.16262949600786333	1.7062759514576828
WISKOB	0.14180277600911584	-0.3411962966348837	-0.341092212293999	0.13535747377334703	1.4405388181575627
WISRUO	-0.13546316283809867	0.855492726461047	-0.21788042112051503	0.2922259146923431	2.7576970869929207
WISSAV	-0.2600312408173213	0.8657969983146792	-0.25455907293691743	0.36697940177108435	2.661223617050554
WITBEJ	0.5162018977322447	-0.031110370130963863	-0.2977869192007327	-0.24233895310599513	2.3970015604716264
WITYUX	0.007964485468401783	0.5101575437864343	-0.1758162619509686	-0.08828114623454272	2.5438551397534024
WITZAE	-0.04134877333177389	0.2530814956272316	-0.22872149315768137	-0.1265663553416191	2.1265838730335753
WITZIM	0.044880084133911424	0.4568450503333919	-0.11600218374395382	-0.09215120464656015	2.4125007408544104
WIWBEK	0.06969350008184527	0.751610532374529	-0.4446188670389629	-0.007403889780152911	3.366893829229698
WIWHES	0.4426595269636424	0.4796582892538325	0.5226007774759144	-0.1346520127865451	2.911747081769646
WIWHIW	0.44070853222927653	0.4638963709018656	0.43329341631708324	-0.20029220360745098	2.9176741424845325
WIWHUI	0.3397055987760682	0.48379960859143517	0.5458706532131794	-0.1472061034119408	2.7005233559678374
WIWLOH	0.3949495554603111	0.003855610097612844	-0.2622056853010808	0.149364819444746	1.947762777989861
WIWLUN	0.6250473695000691	-0.292110549070022	0.04250604827615929	0.05442782430835319	1.8222090655846264
WIWMUO	0.5189921822340295	0.31492261315872716	0.24208049715534585	-0.0402892860396539	2.624558101191146
WIWQUR	0.4734411911407461	-0.5943666924262809	-0.052498859468718795	-0.3105929679110425	2.0383369484277996
WIXCIQ	0.5852329125479336	-0.6177552818938896	-0.07717515183650667	-0.2923326026767818	1.8191458966894496
WIXCOW	0.5723332976079538	-0.5127198213047333	-0.09305195727071641	-0.33055985883361433	1.837098449863877
WIXLUK	-0.13556639203519127	0.025369856096919052	0.380046012139217	-0.000713287644333982	1.6590570459641458
WIXZIN	0.36272115578691366	-0.342480492655306	0.6740964036582415	0.17140502110010888	1.5639409396336525
WIYGIW	0.5324481710799551	0.23828048268077373	0.07806323753239187	-0.4105858964307345	2.931198143597463
WIYNAT	0.5027453297312423	0.05249691346200408	0.0732266879156535	-0.2965620968574406	2.513497336979808
WIZWEJ	0.4109330937304767	-0.2124762294527473	0.12241036945497984	-0.0410450247943362	1.9426219949905872
WIZWIN	0.28457218027018794	-0.22640613257972905	0.04654439116378876	-0.04131182344654269	1.84507630517496
WIZWOT	0.31719730647755995	-0.15717047236162432	-0.008664609005963012	-0.12701987896406589	1.9157115524589619
WIZXOW	0.3809758137618475	-0.31302410866223235	-0.27703056035138396	-0.049233738542380716	1.6411211032571003
WIZYAJ	0.3750633625241573	-0.32615896994405913	-0.2717535887031348	-0.010712502569912769	1.6113318462913075
WOCQOY	0.2529242955695965	-0.32382861091174087	-0.3551567418901097	-0.045055883393219615	1.577431861441536
WODJOO	0.4877494740494095	-0.4146363727093366	-0.02594945703843282	-0.21342715536713047	1.9490719560642806
WODKAB	0.5047276263883207	0.22035780041898628	0.03700967805192056	-0.2002128209077349	2.835854127076234
WODWOC	0.23113239465045643	0.16570735469666842	0.5189032378988631	0.04745406272173029	2.1907274194514654
WOFSUF	0.2617027494923052	0.6129166721747581	-0.4114749164674444	-0.057940491987854476	2.892387955723215
WOHCAZ	0.5220981793690589	0.3288786730785933	0.5767363281808089	0.005575559295646709	2.4717492909726104
WOJVEX	0.5199340589620025	-0.6316932367544179	-0.14975902206811295	-0.25691268486928653	1.7609906882224475
WOJVIB	0.501509794546612	-0.6561795133951733	-0.1549692214955368	-0.24942250904343644	1.732166202533108
WOLMER	0.43820742142064883	-0.2181031831423148	0.6037666706479516	0.2478052200731478	1.5832096993558717
WONLES	0.511572787598757	-0.4879330792653085	0.05455090298260454	-0.11688118816730224	1.8615098227835116
WONPUK	0.5199171832714891	0.7117879205867568	0.1697293952460498	-0.16769531446477515	3.269278899335795
WONQAR	0.2591187958854304	1.0151824837524515	-0.04507242025383193	0.01909129185001783	3.7877717960837707
WOPZOQ	0.015800867550268993	-1.1263983173098797	-0.3762457588226132	0.25172453977585996	1.1854586015845425
WOQFEQ	0.3884718569495771	0.32698195932067425	-0.14009377174974724	-0.14332922175387636	2.83840149808417
WORMOF	-0.11080060898738564	0.24464338994712442	-0.3329638127753192	-0.2735525859977893	2.1037988226041797
WOSVIJ	0.30152481769202577	0.04676458450995377	0.2809561712630747	0.0952616635831702	1.9488975546739005
WOSVOP	0.2848105849868592	0.12004792006958037	0.25241889910281756	0.026554489272740858	2.061739101355261
WOVQAZ	0.3684010920309948	0.22254342009168931	-0.2509720097393411	-0.017243506534712114	2.347668938957418
WOWPIJ	0.237611699706203	0.22106610876156074	-0.19911001252793326	-0.007897095837734222	2.101380928947909
WOWQAC	0.2654956887413471	0.30770752669992046	-0.08056120059687549	0.1137087066530224	2.2460104923840287
WOYCEU	0.5497129559176317	-0.32847667636154176	0.18776266753530202	-0.380605252224519	2.0257217840705066
WOYDOD	0.26997672257750516	-0.502231889754241	-0.10983302945374956	0.12198071571183039	1.3762695325662206
WOYDOF	0.5550598018360713	-0.36961235526380637	0.18596511630553375	-0.34815275142631014	1.9872824648621594
WOYDUJ	0.28091141191495517	-0.48745012565712026	-0.08383959883659634	0.08065563849671353	1.418147396649481
WUCCAY	0.24050891015862508	-0.0035231857740504052	-0.04741323806573358	-0.22417399686868011	1.9679064403568602
WUCLAJ	0.5048668883492633	-0.6917652301775021	0.04661143615052908	-0.09309557182828715	1.716013953913312
WUCQOC	0.49043764492495345	-0.7003950946282469	0.04012850047508612	-0.08361582146562746	1.698420676188274
WUCSEV	0.40919415131949854	-0.7675782538945637	-0.13901215011140686	-0.0703252654602169	1.6252724048574685
WUCSIZ	0.40978123087622365	-0.7679167453647422	-0.13095223119644742	-0.06728350036450163	1.6222323106986578
WUDWIE	0.33098566793789264	-0.3999507303030503	-0.3851224672124466	0.12129619816212628	1.491441164814529
WUDWUQ	0.24657027608666748	-0.24230104968435218	-0.28712850052360933	0.161667797784593	1.5709235454694157
WUFSIZ	0.20714117178896085	0.06896302039111829	-0.2704921414280634	0.5065977266176338	1.6978985861729547
WUFSUL	0.3137285225052002	0.06421547721742601	-0.1742404718109739	0.55201045802259	1.7620250942607847
WUHJER	0.5511865930794393	-0.20518293117432432	0.009948082277163872	-0.20581404355435812	2.1880147195572963
WUJYEF	0.6788350541119428	0.1422176465862251	0.561830130440236	0.004928546757106564	2.500713326374222
WUJZOR	0.6186920857176421	-0.9810032513308384	-0.5137090813791507	0.06807568477808532	1.5207827281731867
WUKDIQ	0.3810160430211793	0.1267597610966102	-0.13505523008885767	-0.6282805346748745	2.979259992895007
WULSEB	0.7396517396869609	-0.08053860026625853	-0.07791468519497191	-0.2251110900481124	2.3926858281618673
WULWAC	-0.3618446608744197	0.3209797619338041	-0.5885781230413236	0.3886047170228309	1.8308868148644715
WULWEG	-0.21931920634671354	0.2858179464514709	-0.5145028919789832	0.4044311492171295	1.7532220241420733
WUMPOL	0.4663329333323203	0.6474648462504298	-0.3607038607163076	-0.14912430421509693	3.382781918886268
WUMPUR	0.3153112764946018	0.24145087947295235	-0.29779511181202445	0.044340293880277645	2.2396478312635546
WUMQAY	-0.057112079563443	0.18979522145345884	-0.3878126401018669	0.14706492094206622	1.8618129277208357
WUMQEC	-0.035486787301299394	0.21888035567563097	-0.19111255544885852	0.020422896185451678	1.964382946113769
WUMQOM	0.16809863950120274	0.11546852009954095	-0.2846164280002343	-0.12062755632808451	2.0216598090768647
WUMQUS	0.14966873522543755	-0.021756019215356887	-0.06131158011874882	0.03887603947831776	1.7926925680016643
WUMVUX	0.4027554838654277	-0.37652285215175785	-0.0027503848713194556	-0.04376187468140327	1.6999472795067234
WUMWOS	0.3990773635255236	-0.39007665111853157	0.0067085243741898115	-0.0037437923299828285	1.6730299697820312
WUMYIP	0.5699661770623745	-0.3213699013008797	-0.26405688909753894	0.04200269241289514	1.9872870665006168
WUPKEX	0.5079511490855708	0.08510754141992755	-0.1347200098816555	-0.5024206426766489	2.4720133608017645
WUPPAZ	0.4462899316947455	-0.604850369789716	-0.061384397098872195	-0.07119320530955792	1.701784801513012
WUPPED	0.4459587927183106	-0.6027610860176382	-0.06191776066705057	-0.06912795463386966	1.6992954733475634
WURKIE	0.3470078798265801	-0.6754933116753119	-0.2648268893420627	-0.2411510830744414	1.638063365264461
WURKOJ	0.42959208036830887	-0.2564005873525875	0.043702807942929314	-0.04597426544565797	1.8098637942360027
WUSBOD	0.4148956699400008	-0.5843005085069142	0.0020528470250854164	-0.011663990099869653	1.7110106875414075
WUSWOX	0.44054602333296966	-0.12019161996987622	-0.22652389186650712	-0.31791545021252143	2.340599922935861
WUTDAQ	0.19882303154208092	0.4428702757196589	-0.2788333554914235	-0.04426811159671149	2.4795912048616033
WUTDIY	0.3280686274630762	0.4929416749030589	-0.43788070848725	-0.3835596881791118	3.081845108248368
WUVMUW	0.2892796660450143	0.34891315122833605	-0.250775355980266	-0.12594669683568663	2.557272084631938
WUVNIL	-0.14278900514772586	0.06089719504879751	-0.19570467876991016	-0.07935275974509663	1.6901312453060664
WUVNOR	0.13999219570326638	0.6831214395114873	-0.35608970741333007	0.10613519338159369	2.833722049398335
WUVPIN	-0.043060662805995076	0.3336705872329738	-0.24776659795903622	-0.11483936951482719	2.0297715413042536
WUVPOT	0.1800440907492713	0.6157668318604739	-0.35420767274217774	-0.056188970383824755	2.962380573755966
WUVPUZ	-0.2345171836577733	-0.00935289417747559	-0.010819611995273704	-0.14655100982809016	1.6440069118996412
WUVQIO	-0.1706674001021118	0.5948855886974427	-0.43915620692225477	0.1592820038283939	2.3815887393924577
WUWFIE	0.4359996608341161	0.14537117569932861	-0.39345813000290764	-0.19791132179759377	2.218516590900662
WUWMUY	-0.09924031661496269	-0.1387670167036078	-0.33904835970590685	-0.053365180513239394	1.4998121011054775
WUXTOY	0.7277305173505004	-0.009957511928406201	0.06923283761841528	-0.42845260067315866	2.9081531396491282
WUZMEJ	0.30793790731738113	-0.11818754709481469	0.6641191775742131	0.163025279943046	1.6553714784048164
WUZMIN	0.2838656162197344	-0.20858745747678883	0.6343378214010841	0.2341071572742438	1.5683566437672871
XABFEM	0.1926532124732998	-0.14551815775576618	0.34903599108470096	0.04397314711952194	1.6689372214711802
XAGBAI	0.9020849947331966	0.6435652913749561	0.16655143116507143	-0.441964873079088	4.105076593282175
XAGBIQ	0.7269006459988923	-0.06026098085818119	0.16450151844423405	-0.2947332595823222	2.403663965920666
XAHHEX	0.5666468964283364	-0.15084588899293794	-0.44390292674919396	0.06413907124579593	1.9799251033809602
XAKDAP	0.5518802349574603	0.2869598178913435	0.5212542432779856	0.04142612547555449	2.4507159505857663
XALGAW	-0.2685888330891011	0.3091101123995433	-0.32716630398872093	-0.34152302965166503	2.096833672166349
XALNIL	-0.1324423678429758	-0.0008270986726313656	-0.336792834056071	-0.3098876559800595	1.9392921929034561
XALNOR	0.06901649348617012	0.46828720683919595	-0.3266290433405658	-0.17827431075584008	2.4420648166587577
XALPIN	-0.24427452349286627	0.3112524835102576	-0.4125717184765917	-0.37310505254505283	2.2037021179695278
XALPOT	-0.29086926606623864	0.30229548493930986	-0.3875552759790535	-0.34780131869301145	2.1020864040483733
XALVAL	-0.08003003630337524	0.0011266723893986336	-0.4535162836028095	-0.2645204302677876	1.9105461097089946
XANMIK	0.47607092508845117	-0.09326183297157521	-0.14912401105476578	0.33107771658758456	1.7412194614756544
XANVEN	0.4721575770981694	-0.0977530418513821	0.7369413343200483	0.040637508576149436	1.9171430222144208
XAPSOX	0.4808252948766496	0.16313374007680892	0.5395305162711046	0.048783157163721114	2.2777356021851767
XAPZOD	-0.09307853434427704	0.09882779247365883	0.3658834021992382	-0.08228175862678748	1.8283082618239292
XAQBAS	-0.08787552623367656	0.10582016375520875	0.37257060943718684	-0.10924563531824771	1.8607168246887347
XAQCAT	-0.029039936159970914	0.4637993215850647	0.18603417107228304	-0.24203857622359345	2.4561857259696547
XARHUW	0.42959573341497403	-0.34777454708411454	0.034849846436438334	-0.01325901622500733	1.7795476126632308
XARJAE	0.3632255422723887	-0.14641109092121224	-0.016380339393532978	-0.13456693068017647	2.046764023036606
XARJEI	0.3410958048402879	-0.13138355830803317	-0.022321026192686763	-0.13145457060311302	2.03824478021935
XARJIM	0.3678972157302667	-0.13670207336844212	0.10103231740742558	-0.09054931628398256	1.9773397956472287
XARJOS	0.463632199149445	-0.12041334683059214	0.16631268501210453	-0.1296271751372118	2.0291783634906073
XARJUY	0.41410128412307046	-0.153546290003021	0.04747644353601887	-0.13553962716891332	2.0617993587072423
XARKAF	0.4205105486488767	-0.3310669599902173	0.16516816967868492	0.0003206216378634219	1.770674699254647
XARKEJ	0.5149494204165341	-0.08517494314786918	0.15369505466107186	-0.18650632501309328	2.2063029130250746
XARKIN	0.43847475042109885	-0.15142194447168844	0.11638946624585961	-0.08542176763485226	2.007077072211426
XARKUZ	0.39646014016260445	-0.3575405121654067	0.05144046866641785	0.0298153598579754	1.7203139692853067
XARLAG	0.4908433154059031	-0.11427487245851652	0.15647764112867932	-0.12304440689114965	2.079858143961525
XARLEK	0.39366571964176345	-0.1303878898648201	-0.004297089419161237	-0.08866901976888672	1.9445506230722693
XARLIO	0.41440609320446953	-0.09735701172545876	0.15964288100767193	-0.13040331892605234	2.0399237641879866
XARLOU	0.4318169581818596	-0.07340588108414114	0.1380490522526883	-0.15506452020974965	2.1543713653880854
XARLUA	0.4453986151570968	-0.10651400030471102	-0.003175872321034598	-0.09575040804978281	2.0257268904375882
XARRAK	0.3203683334478775	-0.41874159526909	0.8203880967856405	0.26686051212546025	1.4881861221708612
XARREO	0.33847462127486505	-0.07677869276784702	0.4730540426650027	0.00932269294086227	1.8544885286199193
XARRIS	0.4253686469773861	0.3429533726998543	0.25324928377489364	-0.1501974558261677	2.6541699223501825
XATDUR	0.459004585452119	-0.40446833237300184	0.2577417497866466	-0.01812888191518855	1.710682627101361
XATVET	0.5610235875230263	0.4206722270061793	0.12652061837036402	-0.1420308243426065	2.831854507561363
XATVIX	0.6223267277755458	0.25635901548817447	0.16660580502821018	-0.12531663118062597	2.644667992225831
XATXUN	0.10505675432486461	-0.19763055852649086	0.2136453483618968	0.2007496406942207	1.4890048454904417
XAXTAU	0.3413616379551989	0.06594451602623227	-0.37109077023647175	-0.07056099697022453	2.003961988316529
XAXTOI	-0.04692770040985561	-0.09223188733571205	-0.49911771854210607	0.24788181463102932	1.4608229093795575
XAXYEC	-0.06881022366114697	0.0034605132583950815	-0.4861187179743608	0.13193822380599782	1.6056574489102327
XAXYIG	0.023622199721042847	-0.054139735072726076	-0.47538553287445107	-0.008911342092066149	1.6473520994757778
XAYBIL	0.37620242294788664	0.009992037393769193	-0.009382611599980037	-0.07148889052745344	2.0337568399601405
XAYBUX	0.23193903823251727	0.3063915361238643	-0.01654814487251502	0.02374686176016952	2.1559726868083477
XAYVOJ	0.30081359688632414	0.07599631909969809	-0.5059240950110395	-0.09358786453966514	2.0776033389939403
XAYVUP	0.42471333449798276	0.33003972212528854	-0.40582616657527626	-0.18912119600821056	2.873381946310576
XAZZED	0.5075752054172442	0.4945949276322575	-0.36452896646815874	-0.639604728194906	3.7683796535545313
XCHDFE	0.4187732791314689	-0.3510573976669321	0.7293186101607697	0.16199066657965863	1.5982083605525368
XEBQEB	0.6502047424307706	0.11253621988504642	0.5272546441689532	-0.020214139582528157	2.3658913652004463
XECGIW	0.5380517790425552	0.33566967508091605	0.4057878568905611	0.11494740056037117	2.479885705938995
XECNAU	0.5493765013374308	-0.7043254115638622	0.23206597417356795	-0.04400632658205926	1.8209007464769664
XECSIJ	0.6012326883576629	0.26242953879971187	0.6333965981302133	0.00443765914044586	2.4309420657329417
XEDLAW	0.1363100267139532	0.291424407891706	-0.2570697840879511	0.09637848510486302	2.2915932829237433
XEFMEA	0.43494225718347845	0.008725405690861249	0.9013689007046197	0.13016660839038838	1.8530193329846592
XEFMEB	-0.08192408164546494	0.1751601637385491	-0.16177716716908125	-0.08865742910963084	1.793629674038883
XEFMIF	0.27771839205403204	-0.13502787061506316	-0.12674812939508429	0.13701899908363274	1.6542066332806695
XEFWAH	0.17432925089057516	-0.12534539359890542	-0.407241799220027	-0.02325501795367428	1.7416291986155075
XEFWEL	0.12991817947126139	-0.08327000244527719	-0.34453850564025695	-0.12407725709283843	1.8594603920168353
XEFWIP	0.03833640573666486	-0.12607196888005046	-0.37313619226445527	-0.12237144550067128	1.7581601490389356
XEFWUB	0.13642486663125686	-0.09798618234258175	-0.38477798009965564	-0.12976657054393848	1.856822790487082
XEHCEV	0.13358530938780477	0.18032614535465963	-0.45778638416175943	-0.014801733409289357	2.087099810658575
XEHCOF	-0.27896762291625565	0.20170715092589264	-0.647175939556208	-0.002713298399141792	1.752686688412251
XEJPOS	-0.21111747453453855	0.7312654709497624	-0.11269598306895948	-0.41434108253497104	2.80888828979486
XEKKUX	0.04941961630283975	-0.49031520309501025	-0.6793137685510469	0.08708234772318954	1.3896278973781553
XEKLEI	0.11547304854480878	-0.2691245666916171	-0.29811754594506357	0.10952373838347648	1.514182480064402
XEKLIM	0.1310644274397239	-0.2568678691642593	-0.3347492418752856	0.13409782811714296	1.5229177536398686
XELQIO	0.6500962591549113	0.6209367080094683	-0.1508619863314816	-0.3000984752485488	3.752293309628284
XELREL	0.15411467036169668	0.03800112016511481	-0.23865055799062218	0.030077839748938115	1.9361162118767135
XEMFII	0.31318257769791913	0.421767229031003	-0.31478619496902116	-0.012434633488077454	2.4730128451905955
XENMEI	0.3162449579731179	0.8142375452711181	-0.13502739887102796	-0.20447967041674173	3.681496262870902
XENVEU	0.3670444455317181	-0.3199021634570308	-0.16824547228729764	0.03108775190059683	1.5468457839756242
XENZAV	0.2524968234817333	0.16975258187514825	-0.41226846092130653	0.02621646577134959	2.0911305094220705
XEPHEG	0.2697821375478435	0.2685544181439901	-0.4811752345254863	0.16556288896582144	2.1597431901689323
XERHIO	-0.043248880433433	0.5032848954348204	-0.3247461504295335	0.31188352470762476	2.212988046887278
XERJIQ	-0.1515634572048783	0.42051159711182845	-0.4484890634437554	0.5515247688297276	2.092464619292099
XERRIX	0.41361494941737664	0.0052880498497647616	0.31721756428425596	-0.09707820093073316	2.149098584967059
XERRUJ	0.3509671802981451	-0.5062371529790008	0.28555970426571287	0.004955756353888036	1.717882514460011
XESHAG	0.049778923781576445	0.050504528165430385	-0.4998375188978724	0.01092442244319615	1.6806040447046997
XESNER	-0.16273336055990173	-0.9495024647583912	0.3256513453203	0.5899731941399513	1.2020921509993132
XEVCAE	0.5664585559590618	-0.6043891507483466	0.15465413746729478	0.03215552368861971	1.8104044746935175
XEVCEI	0.4874848286561235	-0.7337200089871225	0.14287387181345718	0.029154755471156715	1.6519486622422512
XEVMAN	0.48477168074424526	-0.03586520232696662	0.018137075432414967	-0.2754937533428858	2.326170813812911
XEVMIV	0.43516666742416543	-0.05210020095353213	0.02863090167882347	-0.24487044955007853	2.2135363063501385
XEWPAR	0.0400392485754506	0.15329636512407624	-0.17600073053203297	-0.09717998751897322	1.7896527329990148
XEWTUP	0.5222808201899127	0.6948411808419619	-0.12188634531812079	0.2436625265920569	3.5959775767226345
XEYMAQ	0.35892919510302335	-0.645300013260141	-0.22340676320754838	0.0031219545408768673	1.5797754187112563
XEZMEU	0.0505729360626086	-0.7151379258746409	-0.29306171923787044	0.3303066567093955	1.161103803099341
XEZVOR	0.2635653150286279	0.5295706363171881	-0.3858557203125268	-0.24683013296235093	2.9633023602395454
XEZVUX	-0.041917475926550374	0.41828445337338166	-0.35356897034584944	-0.1515211474133084	2.3983314087872483
XEZWAE	-0.010760729702031568	0.39628811383915746	-0.29909236978823633	-0.2149331552164492	2.4074513080881514
XEZWEI	-0.21614562167290385	0.2995200078678755	-0.34307765292746983	-0.1208710371601194	2.052323998451306
XEZWIM	-0.02142793929661524	0.43684798151885657	-0.3303065899385969	-0.17353419040438778	2.4506871342705154
XEZWOS	0.002345696953302223	0.07484421822446347	-0.14832807684260924	-0.18375455734416007	1.9891054717633436
XEZYIM	0.174647045238427	0.5462289427103706	-0.3070293701345825	0.08717769017298652	2.5573331189194817
XEZYOS	0.27063422273714277	0.07941408224650373	-0.437604199602193	-0.06782537048451664	2.0096048665677784
XIBSIN	0.07640387965026152	-0.11845765833996043	0.505548917819068	-0.050608749627078634	1.7847307355446569
XIBTEK	0.030570766619976375	0.025818244264795343	0.5289642190381384	-0.008790187740664396	1.7910609308595362
XIDPAC	-0.02800012672404284	0.01067080765076342	0.10055317561134107	0.14405104573184693	1.7942796779598027
XIDPEG	0.05883353275410608	0.35294336675532034	0.13959294315780701	-0.024078668168275405	2.120821481618842
XIFBIX	0.5461961161557438	0.3182172701368284	-0.3613811913731217	0.013684533518996025	2.5797939944032127
XIFQUB	0.45243666259148263	-1.028818416255391	-0.6459869130661542	0.04914788051225391	1.4396019439589476
XIFREM	0.5770924645878077	-0.9967954480043151	-0.583407616667767	0.07248082231073444	1.469461867705562
XIFVAM	0.597075964212678	0.4883536674598235	0.04139873799885919	-0.20372272578726933	3.461302589424071
XIFXOZ	-0.7155134500681317	0.5903767753665965	-0.2546217508089556	0.1265886172743807	1.8861724391487593
XIFYOA	0.33824045522106694	-0.3155608221840539	-0.22196352419147652	-0.0390278682629152	1.747358409301686
XIGQUZ	0.6871566159296609	-0.795253027672485	-0.4076335921847216	0.1306495540114518	1.5223910507542686
XIGRAG	0.7463331513556328	-0.817048628860664	-0.3478978199074714	0.12429113861528332	1.5350599950258272
XIGREK	0.5415535967481153	-0.9719313446512705	-0.5338091643542436	0.10940282823304417	1.427914167635187
XIJGOO	0.04172902717532434	0.49326504808890764	0.27238605554040535	-0.5721114012370704	2.7186753167290085
XIJGUU	0.15510048465717619	0.6918910165744592	0.06085518852737924	-0.6632586256846758	3.601656328564877
XIJHAB	0.10528124965259211	0.3805146413682314	0.4817635152766113	-0.6315987385595954	2.6047382872210934
XIJQUC	0.7932503642794	0.14386251578182624	0.30500821816460977	-0.19994985383574868	2.7255382296968405
XIKXEX	-0.02756409029190987	0.13459594229893806	-0.34666538151943377	0.4564177542151035	1.6145238586380888
XIKXIB	-0.029401840986864602	0.17328934108792549	-0.3033110993739475	0.38147518138188957	1.6478086093084
XILTIV	0.2779899375528352	-0.06972776476645955	-0.20538200473175466	-0.3767304210057816	2.1857137522047814
XILTUH	-0.005258299465693117	-0.08998467181673102	-0.2898618920638657	-0.39065728173477704	1.9531428938573687
XINFIM	0.36046395103042883	0.24439810858412803	-0.46655587495677187	-0.2435484604662626	2.578281755268909
XINTUL	0.6915971247706398	-1.01116656012022	-0.625106815603311	0.01490939933556594	1.5202590619613263
XIPHUC	0.3668923148909542	0.44223014090426366	0.2626689741785765	-0.05594478369708999	2.6963151517948094
XITKOA	-0.13528389912546857	0.29531700850658715	0.1642890975612296	-0.07239714479072472	1.967626824568239
XITVOP	0.6928368021643925	-0.5727632661761701	0.04062863998626073	-0.09368098941074617	1.8890720949639273
XIWSAY	0.5915806582600851	-0.18168414442570502	-0.4336691596582428	0.20934001563393395	1.9918341788529736
XIYSUX	0.346546528928382	0.27061180618142705	0.06311831114318224	-0.008938077408122705	2.36473348430986
XIZGUI	0.3219942882873408	0.88959483433555	-0.40407982388108743	0.2911518061819152	4.009299961271276
XOBBIZ	0.398958628455242	-0.3909602325169125	-0.04245701768417287	0.39115192867536014	1.3046339235977833
XOBLEI	0.582924264041889	0.3969274248180516	-0.17094097937204883	-0.523057345993647	3.5304044432085955
XOFDIF	0.6096772803281452	-0.27757812683634275	-0.25653594895906817	-0.2516631465347652	2.1544106343585216
XOGQIT	0.38606800470308134	0.31758359929044766	0.3751174678405646	0.06534629319909666	2.372908587246124
XOGQOZ	0.4017377295929281	0.22111771638476752	0.5000222999465955	0.1426560314841021	2.1885358487910067
XOGQUF	0.35860540220955794	0.3519079491103044	0.3257025952347372	0.05429442198765724	2.3796079492513615
XOHHOR	0.5032507343422816	0.9474987442756535	-0.09936329675173006	-0.13872500498299334	4.567552394087823
XOHKIO	0.3629677139936893	-0.2608639478187036	0.7305372626393483	0.24073152511590867	1.5665128628204799
XOLYII	-0.015556056100799243	0.10064052278775079	-0.36303998371627166	-0.056177962278600335	1.775600717267664
XOMCOS	0.3063655057090946	0.437828378823599	-0.4368332999890785	-0.08279847548847727	2.619117362929502
XONHOZ	0.7713721252793935	0.35944197428638053	0.18139265877372546	-0.2085896483670322	3.2876285499090128
XOPDAJ	0.5650201543435847	-0.5399795110354626	0.5015881850727255	-0.10972789404171746	1.7299954291405348
XOPJOB	0.7400893492303222	-0.07146720172465776	-0.11570284106308482	-0.25895034474636475	2.475169197385866
XOPJUH	0.7135102452025892	-0.5056576128358317	0.23708419066636832	-0.1327516343321236	1.8834239254243794
XOPSEB	0.5285028988030156	0.6071820211712398	0.3997645039983459	-0.313983390934676	3.3339644026406408
XOQQEB	0.3252795858807085	0.4469606750577347	0.059088992429197185	-0.3680726778458768	3.1844731029042954
XOQQOL	0.33040135271181903	0.3984480520405383	0.14129689713467608	-0.4548852848441493	3.163225986734812
XORPIF	0.3217939963592551	0.06832195480674177	0.516086700985246	0.12862961128091177	2.0736953351393517
XORPOL	0.2969745029565036	0.10911471910320503	0.5186377205400269	0.10858716883508879	2.09896395698094
XORXAE	0.41168626492786853	-0.3470068898388119	-0.2898885513631742	-0.20780419728417757	1.693852170798917
XOSPIG	0.2950283976321444	-0.1901703846934419	-0.19873818933373566	0.039768899017505924	1.6829955461850403
XOTMUP	0.573877534067055	-0.08527078371801217	0.235242892502308	-0.20336816909477648	2.2437533997734307
XOVMOL	0.2516983068039069	0.28545623262358666	-0.5597384675837778	0.1441000316734638	2.2902951107194887
XOWXEP	0.6621012961305119	1.06328849169046	0.1630024155457714	-0.20137325178345522	4.553115601872549
XOXMOM	0.3689811048805165	-0.053182108133820544	0.09013335205805718	-0.1909340980957526	2.082758905204139
XOXMUT	-0.14550747062782232	0.4375178581823394	-0.717855748006876	0.5512190315283656	2.1946826345227217
XOXNAZ	0.2176241694952994	-0.005120062402677178	-0.22833374520277988	0.13028337263383433	1.75003483904491
XOXNOP	0.12830983054088474	0.4696864516435993	-0.25410558411031436	0.10646105182556179	2.3562627641860834
XOXPAD	0.5449537291321471	0.780895596562909	-0.3303790517532281	-0.1313872512147413	3.6633551969625513
XOXROS	0.5525411185621065	0.08319371548098095	0.3008409866108297	0.09847463632536008	2.1892709875612546
XOYBES	0.27080074153607114	0.48135328525246285	0.35224363771561806	0.019218108957188354	2.5595397057162104
XOYBIW	0.5264072329676486	0.2522968325160909	0.47084878637716027	0.06297061077976682	2.3809479511915423
XOYKUR	0.6208117762946603	0.17677303628220176	0.48576582998366835	-0.10375288820375234	2.5289797343050915
XOYLAY	0.5622925386991469	0.19689897761263253	0.3535594906254047	-0.11576286699343738	2.568683548215416
XOZQUA	0.3170081236533271	0.18602243241797906	-0.3924845150507147	-0.25188023859057584	2.1981312400121245
XOZTIR	0.47749933914184783	0.18351354003705705	0.21010031010940355	0.01873989334229907	2.2809254598186053
XUCSOG	-0.021784286725612834	0.04073005464542562	-0.18971107555011202	-0.39696744763328745	2.1118088090287026
XUCSUM	0.10525926693556231	-0.1183232422979666	-0.2714974175583461	-0.28376316004906277	1.9267248936560533
XUCTAT	0.0859273008000545	-0.09649162495680237	-0.23387167252325208	-0.3353050493632717	2.0055592727479215
XUFPOG	0.4434513752962541	0.28910419042182456	0.12492347567807818	-0.10079187046320742	2.4259877658589186
XUFYIG	0.6661534051418307	-0.01248299199205663	-0.03662212857032496	-0.25071403325186786	2.4391057241566285
XUHLOC	0.7154553568509954	-0.8879302819377239	-0.45780326437358376	0.10735137416628146	1.5278483102214782
XUJFUE	0.5054359586678778	0.7724289245575366	-0.24085688281568662	-0.2681006375538897	3.823165959242952
XUMWAE	0.5416046473978993	-0.5013080981039364	0.4083401183891297	-0.1308075769231465	1.9738254165016809
XUNFAP	0.3043097037187392	-0.1884915579394948	-0.023608335713547327	0.015200940035858673	1.7066854329682801
XUNFUH	0.28608665446576165	-0.5699579699917282	0.5165347812649432	0.09540367423204238	1.52358104309646
XUNQAA	0.3144912780887159	0.3549039898786333	-0.09085389722522427	-0.2031608624770104	2.713387546460093
XUPJEY	-0.005155703724584182	0.15836643163967096	-0.17398385427919344	-0.06489371097170997	1.9531019111120607
XUPJOI	-0.06645971171341003	0.14399121837906353	-0.26444496674855766	-0.36257211710079423	2.171036347305452
XUPLIF	0.25952510358170056	0.02447556173548676	0.04488788432158574	-0.12544184741430586	1.9156202341178417
XUPWAG	0.09709503122180774	0.027590470696832264	0.27863765136599217	-0.0535841401551598	1.8461642267387441
XUQGAS	0.24779814166315095	-0.24861792532649862	-0.32351889074150036	0.14442916514554605	1.4853117099351993
XUQWOX	0.42783624927642006	-0.28506804394424334	-0.28658065915228725	-0.348656902443264	2.1676481514400763
XUQXAK	0.2886146816519144	-0.26996664153645106	-0.37875034714146444	-0.1966733795960561	1.8016824339254744
XURVEO	0.1564741452400824	0.1244526042996982	-0.4685415200370705	0.2941275655935656	1.8257581832296808
XURXEP	-0.10177568770349099	-0.24808509775384155	-0.49980244159042797	-0.06807072774360162	1.5964854246132145
XUSZES	0.6972866081837461	0.004020909467001205	0.23389058716198316	0.10969576315208723	2.1590145157780976
XUTTUB	0.39663878222839344	0.29899143354998975	0.359128196903743	0.09751204672288605	2.343442976871802
XUVDUO	0.10569973494026597	0.07091737081433455	0.14501681242848752	0.11122365471468348	1.6975035960535
XUXCOL	0.5843002308252663	-0.22968147835293015	0.3250599363790406	0.2630303954956959	1.7989615494160962
XUXLIN	0.12263354157226658	0.5507056064670064	0.016634241846981312	-0.06775878965867878	2.5933430221553473
XUZMOX	0.39444925141456544	0.08473100466506428	-0.015358683629844008	0.040265783314259826	2.1476998220490233
XUZMUD	0.404384195699401	0.15197679635993377	-0.08750749793607965	-0.03034066798571696	2.3157990548599114
YABGAK	0.07186504163028351	0.034000101551831724	-0.4686236086492829	0.017833895866602112	1.6838331667224458
YACNAT	0.32821657695637185	-0.15958273725245714	-0.15155317181493416	-0.17483027130333373	2.080566612068846
YACPIE	0.49838495195096755	0.3095190605096198	0.46007042932619324	0.059932298609842505	2.481452687923235
YACQAU	0.3863324516409996	-0.431611345030086	0.13241212521428686	0.14078851736680137	1.4777435694166758
YACQIC	0.21196710744799319	-0.5040929805034506	0.37704585846973604	0.13424830055292722	1.472750519974365
YACQOI	0.4513056746149804	-0.2471618010093945	0.358967079477699	-0.0015351438362668085	1.8016868216986395
YACSUQ	0.5775441146858338	-0.21395589446598812	0.14333635128961444	0.08891872006821641	1.847420924399748
YACYOQ	0.3740860835477715	-0.32884276483675945	0.23285288486243053	0.18979245700924674	1.5885814309718203
YACZIN	0.017280944073601923	-0.03641014349901646	0.19246720443570664	0.1406371373247936	1.5666929865076549
YADPEY	0.39925727878742734	0.04083536622081255	0.3775429886197325	0.07704853136438986	1.9538410420505157
YADWEH	0.47786798238052963	-0.39673770442919626	0.565887856898099	0.24067496280330775	1.6030702217363848
YADYIL	0.13012412487171066	-0.3907187635695109	-0.021600510702492123	0.19782174695795363	1.3726934001404865
YAFCER	0.6439954705590427	-0.3294442800156441	-0.06278130043801317	-0.45361693578687695	2.4097814342127384
YAFCIV	0.6903922628312111	-0.276909065977839	-0.058258210343767075	-0.3984299731326174	2.462556822083368
YAFCOB	0.6224978276376598	-0.353313419190443	-0.11029377349331937	-0.34908821690811564	2.198669328143394
YAGPUU	0.36185080977185446	0.15455528467368546	-0.15630900636444592	0.19644266394288934	2.109525587810335
YAJKUP	0.5341272354693105	0.47298063474004964	-0.177135734894885	-0.02060807395256157	2.97101241264314
YAJLAW	0.5217271387371483	0.6366575474599294	-0.11719225009169165	-0.0502689822409796	3.2530812303442342
YAJLEA	0.5634663931773432	0.3799559773587555	-0.15807166920882915	-0.06184492403892567	2.861226335237096
YAKCAR	0.1517189023548875	-0.16085581575387425	-0.3965983370524887	-0.34795138540530723	1.9650441617475622
YAKCIZ	0.07196169292373167	-0.07149234276856012	-0.5167528707771256	-0.2402057936040226	1.8454277834185473
YAKCOF	0.321183055192547	-0.13203895185278225	-0.09719403414875841	-0.1506792308887593	1.9378875522727645
YAKPOT	0.494686600134548	-0.7498627331076426	-0.13086944225964878	-0.17917528194671248	1.7972089656336427
YAKSUA	0.1380015035532769	0.12757328137752694	-0.4314830490804974	0.0969100760744393	1.9005135608824222
YAKTIP	-0.08546556699207741	0.022433567836918883	-0.281420519865214	0.09209043773509634	1.6179982359302083
YAKTOV	0.1358124037027535	0.03469633545849238	-0.24794850747398323	-0.09293565918326252	1.8357304844094529
YAKXOZ	0.21863325246288756	0.18026388095407014	0.11989967865033736	-0.05979603056675688	2.2004655703174367
YAKYEQ	0.24435083287041515	0.19361302343590076	0.08359428027722735	-0.07827430752510654	2.208773363061172
YALPAF	0.2542459317307344	-0.08142733597060217	-0.26446919570193655	-0.4605856879084164	2.404147575734639
YAMDEW	0.09995269385952366	-0.5338063169169371	0.400267829621613	0.2242248628634334	1.3330804453925438
YAMTEL	-0.12456696018750257	-0.2229943407528131	0.30596655614249757	-0.0020906572113795346	1.5276364382446102
YAPSEQ	0.4382491177685006	0.48424657379816377	-0.44630145271711863	0.6016634399790959	2.8048600086587148
YAPXAO	0.23214955004429028	-0.04093542534159973	0.05613795911730316	0.16622578074218675	1.743419556857573
YAPXES	0.2101680975361897	0.15243602222726488	0.12868999486626312	0.23900240901730113	1.8837661687336649
YARHUX	0.5170706618176748	0.6563374739756656	-0.010924788997214371	-0.20470161329334274	3.5510593399882504
YASPUE	0.5050984051948424	0.1366141017543412	-0.11537726028939557	-0.14092020936199146	2.6004725071743233
YAWGIM	0.1448906730785664	0.5166043333134778	0.24128465364006563	0.06431934230812372	2.445827132997832
YAWNEP	0.3989316351195127	-0.18361033664397744	0.6761327836867759	0.09027195206207214	1.7702610554694416
YAXKAK	0.14951664486671712	-0.18809306731476289	-0.2853248598537486	-0.3482224443233126	2.1531485707342317
YAXSIZ	0.36710795593184375	-0.10916227780714309	0.27551580476063153	0.12874785567206173	1.884378150107123
YAZTOM	0.41707557368576165	-0.9098701584749365	-0.2904189853669623	0.028252624918601837	1.5080078003147726
YAZVII	0.4094588664969354	-0.9451411648417145	-0.3030795295410955	0.030553042224463534	1.5056795909341103
YECRII	-0.00468963290174651	0.9212945784655691	-0.16727225345807134	0.48793001984640255	3.0469332641297413
YEFFUM	0.5111529057367941	0.2690048185560574	-0.13762866810362864	0.015511111642972211	2.754272611897038
YEFJOJ	0.35570271943050447	0.07874889795892492	0.8285768223944455	0.05745652813339555	1.9661130584813762
YEFLIE	0.14956004187608007	-0.43499889557481014	0.3892466516973087	0.10681605411764444	1.487915434460386
YEFLOK	0.21314723528276014	0.01252734363241162	0.34921440052845804	0.032376920502022094	1.767776485538036
YEGHOI	0.35345153632050597	-0.07318957473011686	0.02134364266838995	0.3409618737944456	1.5779984092494566
YEGNED	0.6897962047672719	-0.29400911757252746	0.39380611060368303	-0.1969837685069274	2.191188457917706
YEHVEM	0.29052158130003214	-0.3206244023803694	0.782569462403702	0.29328356969438324	1.405517281187311
YEJNOU	0.18279160984271048	0.5375152571626483	-0.17677409644334907	0.07710895233199491	2.644355874244845
YEJWAP	0.553036782016183	0.04118726216783897	0.4328653988966074	0.12397977027088236	2.093145440444587
YEMNAI	0.5061682503803251	-0.3108313090379068	0.19695748560813423	-0.3377684871798303	2.235302287026711
YENFOQ	0.3676144484553774	0.44161997290546845	0.20896392860994523	0.11887641435059909	2.275201040731242
YEPROA	0.35879100556408616	-0.04176102668156208	0.20867032593182475	0.24814732756908453	1.7617691045973747
YEQKUD	0.6630862202594443	-0.7666437828053536	0.026353118512112583	-0.06588463409589165	1.7080283126278355
YEQPEQ	0.6236382819216697	-0.2366671822220996	0.6566499005009595	0.05018210996970178	2.1313958062806826
YEQPIU	0.4457283866635722	-0.09099206655252891	0.19166484266609618	0.002301781155652091	1.9964849406108642
YEQPOA	0.4452408471571667	-0.09227467292699973	0.190445854486639	0.0018223179715731036	1.9959089593025328
YEQTOE	0.012155231674777056	0.13644957245648381	-0.2590103037090667	0.02550701160897051	1.8466202286901863
YEQTUK	0.21804352846032238	0.40244302368725476	-0.014642314310929064	-0.14572207512316376	2.427609586378349
YEQWUQ	0.09376333647791535	0.5640099403736798	-0.1721163639895581	-0.09307926712292312	2.689224899001183
YEQXAX	0.41978368917919884	-0.08637333840527106	-0.114424869008829	-0.1416502878797859	2.113265706078013
YEQXIF	0.43075931957207203	-0.09307804040168277	-0.1618521606166527	-0.1435724138925023	2.1501496630687926
YESBOR	0.40290843989407144	-0.2524505752135061	0.6648265732595805	0.18029171107652237	1.6187844245074965
YEVJIS	0.15205818676094207	0.4287782117715862	0.19487955209390093	-0.2443165863405301	2.514595435568986
YEWSEB	0.09090232484799277	0.33991283776073244	-0.16640204714937734	-0.2960160078363472	2.24110091281214
YEYPEY	0.43927421764872676	0.26086008292235907	-0.14123349776828317	-0.3558433490988515	3.0766986014793476
YEZSIH	-0.053267044863473334	0.45030936924429604	-0.3581198226246082	0.15634177195526783	2.238916291821199
YIBCES	0.3584506852430609	0.013777103311527539	0.4001544623991622	-0.026118694488160628	1.9519327220926215
YIBCIW	0.40711559549811227	-0.011195306910661285	0.31962066102328685	-0.058379646960595555	1.9823466468791038
YIBNIG	0.33240778858284603	0.16418580587480047	0.5712070221561815	-0.07368448632650224	2.11414150697529
YIBRIO	0.04694034290691462	-0.14412883394971654	-0.3815019812025104	0.056210208588536315	1.5849882432489575
YIBVAG	0.4426910636497974	0.3349705068057129	0.5637332569841027	0.08039191107290511	2.4226160123960296
YIBVEK	0.5823715481096734	-0.14056731602594294	0.08272475613918948	0.20256556716925528	1.8632095384041167
YIBVIO	0.46472853167062667	0.3415095495522894	0.4928191707745179	0.06011297894646356	2.498335982371086
YICVUC	0.40872001812288516	0.0009506832356225431	0.7914914062909237	0.10793035286537972	1.9042169786833172
YICXIT	0.4387044752403906	0.6209589616013602	0.4374363189840979	-0.012597320301442679	2.8184478477883657
YIDNIM	0.058840669275437296	-0.1909465224718405	0.4050283143092617	-0.030061059879381312	1.7054054525131135
YIDTOW	0.49907072692029075	-0.5297357546909137	-0.019931656115876994	-0.10362362960599425	1.772722699093792
YIFFIC	0.4911832410830357	0.10013940214423273	0.41320319595467014	0.06222450565628829	2.1236231447059346
YIFFUO	0.40624975115326656	0.23149540681257785	0.36148115677769577	-0.08482006675265756	2.337486430560219
YIFKED	0.6411251003415224	0.20589823714009092	0.5522010229586987	0.13107358907826086	2.4623237845228028
YIFNAC	0.36637887522242973	-0.26926241550940866	0.738216018875325	0.14647181440909687	1.6087649836075257
YIFNEG	0.2815171619803962	-0.18351671893603239	0.5502255198717441	0.15742370741736122	1.6647055367565875
YIFNIK	0.1579491919884859	-0.8611232041409977	0.6094054900802055	0.5230068707487758	1.2010524282933086
YIGDEX	-0.11705120974003647	0.22125196435000982	0.07968031039118294	-0.09829463289954103	1.8716746313558
YIJPEP	0.09116993581908295	0.1138521282838155	-0.5093466363090632	0.5524420883762873	1.8518987242352722
YIJPIT	0.11555185527566936	0.43972865104609743	-0.4564609522441271	0.5358724429257005	2.343804411124674
YIJQIT	0.4272943479137128	0.23074430895101816	-0.35123974802891594	-0.21960971440824492	2.649222309285556
YIJQOA	0.14397938104684993	0.4373738246919821	-0.34503884439705973	0.4733731553484343	2.302471078596022
YIKCUR	0.00820731640468475	0.7212412046011918	-0.283743397111054	-0.21380901284235831	2.8499183807725843
YIKDEC	0.0429716393684596	0.5920417724229785	-0.24630418412645438	-0.2854633433217171	2.641101312350332
YIKLAI	0.07876443052291737	-0.11937501205246351	-0.4301457173156744	-0.07686256856365824	1.705703376999623
YIKLEM	0.09190123968546615	-0.10970601785326643	-0.42191277362273993	-0.08730433020124719	1.7267235913659595
YIKLIQ	0.09069520178495916	-0.10976715269478396	-0.38657889676057383	-0.09800655845971362	1.707170248048097
YIMCEG	-0.05763552651049242	0.09397295309677178	-0.3100104520255765	-0.21593154766722528	1.769277627955077
YINNUE	0.047938969959459676	0.04095832325255974	0.31925009354141065	-0.07078844993198212	1.9354548381472316
YINPOD	0.34729218716928223	-0.16533202222265805	0.6905516272506442	0.11129591521023607	1.7313519266670907
YIPGIQ	0.32348824012824995	0.10117242733690665	0.7448340961337949	-0.015339466649187596	2.0127154703683603
YIPQUM	0.31233487640843016	-0.1128002291226339	-0.07561722678252372	-0.03966394189598557	1.902186536086051
YIPRAQ	0.2328949355234191	0.7223222475887006	-0.6081146153462192	-0.10309672853128873	3.4794912794876267
YIPREX	0.18951074610915786	0.00574473862067329	0.28970977609321885	-0.09754110242806566	2.0194527085385716
YIPYEE	0.33629446383183215	0.029289659368959414	0.31467891651722435	-0.0778179737810922	1.9967738296051212
YIPYOO	0.32589658211686867	-0.3116737950560912	0.28008402905977836	0.2347511763371935	1.4934953785025042
YIPZIJ	0.3823861955495049	-0.07964332918600728	0.2870905573347058	0.06027911800447161	1.8750707599231502
YIPZUV	0.2320034775987656	0.07803815940710282	0.1946850743961387	0.010195715069959171	1.924954236130353
YIQDEL	-0.19836899168624367	-0.33325309415716975	0.3306634923079014	0.27614451888611924	1.256998339951516
YIQRAS	0.4214177415844196	0.19297605379951815	-0.12285652079019832	-0.13914897343850763	2.555756273555039
YISVUR	0.32597389822394174	0.05022273273003547	0.058547909050525294	0.18306678397100956	1.9046947851667608
YISWAY	0.32940690246013027	0.05214652422002394	0.062056183725713636	0.17819603320089855	1.9080353738547555
YISZAF	0.28714816617168726	-0.005961465314522435	0.29822341115568196	0.12865005287310513	1.8665387460319327
YITSEZ	-0.08854868590814702	0.38510695336947415	-0.23197039653419227	-0.15448668847296404	2.08784377414561
YITYOT	0.5452714608053215	0.1411678599012513	0.35797337608887847	0.03365931046010269	2.374163631170111
YIVWOT	0.5414145389480547	-0.5605724433160294	0.12281810355643194	-0.19287978045555249	1.8143528625281362
YIXDAK	0.4926221289926138	-0.17211529333340603	0.8239689052284479	0.2123367870024998	1.6966851774260692
YIXDAO	0.10105651500155988	-0.4037291990942006	-0.19685078603615108	0.22783301660479516	1.3046745365752135
YIXYUZ	0.4390221418266398	-0.008422554314940614	0.43822535734853457	0.11368671554724713	1.893046976129975
YIYCER	0.6336097208662146	-1.0017260415959786	-0.6293033876712306	0.00554266658363467	1.5051922493128174
YIYXEJ	0.19031092528287985	-0.3864176504685401	-0.5307883681779072	0.17316004360110582	1.369068172006046
YIYZIT	0.3483507134268775	0.009091408120897898	-0.28621367288959393	0.13312989004743414	1.8723017995859752
YIZLUQ	0.35861871959070246	0.24191514242694284	-0.5125181640771427	-0.2123255853951769	2.3832147357516704
YOBCUN	0.9855263642143992	-1.1589789877526653	-0.946131495769559	0.1769502925551556	1.3447250248318086
YOCDOK	-0.09705729661711837	0.4064033932980677	-0.09703418434755212	-0.06495428992369863	2.087572337894125
YOCKIN	0.0424910779473473	0.02558934562165216	0.33882102920437523	-0.0797279935766776	1.7508092876527224
YOCKUZ	0.19843712634353228	-0.18905479503782308	0.503318512126938	-0.1273122008459165	1.9077615200364615
YOGBAX	0.17901787890393583	0.4605618823509479	-0.09482517934563847	-0.05920032747677978	2.540987967458524
YOGKEK	0.15421669646259817	0.1477111958252535	-0.2601953873865391	0.004714609185486468	2.034654417982958
YOGKIO	-0.07230318121604418	0.32944395272880006	-0.21927221889267134	0.025588419086383513	2.0239163385258077
YOGNIR	0.3331269289054335	-0.04565309279462801	-0.04340147752281845	-0.19667546543542994	2.1244009061271
YOHZUQ	0.3430971250661168	0.993136179576694	-0.28370669644585367	0.41672529768819805	4.119352288169927
YOJCOP	0.6431224275438794	0.196426596925253	0.6874423713881558	-0.0021058511213564446	2.4811897104671456
YOJFUZ	0.0841195445269669	0.3542039118045976	-0.1649763812850229	0.20606177999390118	2.113175774310161
YOJGAG	0.11388211162151718	0.32210205827736166	-0.18117250637726678	0.26945337806733344	1.9584817099779441
YOJNOA	0.6725510934507071	0.3251432199114995	0.4292414679167098	-0.08608409129923664	2.8664135141474905
YOKPAP	0.5030491898770011	-0.0037632635559179117	0.7441556549368096	0.0650770793883848	1.9869173519676124
YOMPIZ	-0.01943816090450401	0.6542429337998765	-0.3155341553687514	0.3009792553547023	2.4417679543230735
YOMQIC	0.7369114637031515	-0.8005051147441777	-0.3535720646950591	0.12274521317271667	1.536382169778242
YOQKIA	0.6899975224503256	0.403852681003603	0.026523542712245135	-0.2486394786181715	3.1725084786450557
YORRUT	0.29754363692295094	-0.14963738427054352	-0.3021595474341193	-0.07289993756301429	1.8426118611768998
YORSEE	0.2302952133118379	0.2645592590982182	-0.21055562981413134	-0.12531356408607178	2.166293727816874
YOSGAR	0.35638192064524254	-0.023886415420420387	0.03603748357376662	0.12905150352830552	1.8646094237096151
YOSYOV	0.5006623103285257	0.5484013423562797	-0.15506819195968577	-0.23013982911574132	3.0276773810823836
YOVRIK	-0.21154206722304858	0.790130937608176	-0.859208556742004	0.7441636771457183	3.365005386968984
YOWFEY	0.44734708926346833	-0.10419234705608242	-0.17671434346853843	0.2500636953494125	1.7921641618773856
YOWFIC	0.356483901457616	-0.5739574774269633	-0.5983775572105907	0.2621521929128016	1.2300729978097706
YOWZUH	0.3444280942851048	-0.029535516123175135	0.037880613923496134	0.26132804370533724	1.76806645837005
YOXHUP	0.7602618789956859	-0.1150205746997528	0.07406451643679633	-0.43340222432578096	2.4955184354654323
YOXPUY	0.16141454937416322	-0.00038693901718130086	-0.31770044083708116	0.20099384963356964	1.6104563787733714
YOYMOP	-0.12151279980135543	0.8321238023671942	-0.0836149740489994	-0.43397963375448956	3.1533300423252406
YOYMUV	0.5025544758771421	-0.6514909249528509	-0.06540053579217547	-0.32078126946523294	2.0016662377343644
YOYNIK	0.38743616668230985	-0.875115570291056	-0.12404995546724973	0.034607517963097675	1.5561869980061758
YOZYES	0.11495974484857996	-0.20531886940304986	-0.4032397255000005	-0.3916293327593733	1.8968843660514614
YOZYIW	0.1528171080837195	-0.1854314249354952	-0.427208101421924	-0.3702091686074599	1.8466451141260711
YOZYOC	0.1425397328078124	-0.1676880423079386	-0.40958233769746977	-0.2832903134217202	1.7837823276538582
YOZYUI	0.3043087438692984	-0.23169199289409287	-0.25536121291780284	-0.3831637850369186	2.2312287080637594
YOZZAP	0.3092591649000793	-0.2387745550447015	-0.34563198032546116	-0.3822159494555018	2.256626715971942
YOZZOD	0.445198583099093	-0.04268768918821511	-0.08549134464485059	-0.04165432099155594	2.253797931839975
YUBDAB	-0.15023119566220444	0.37474074012168845	-0.6101685012305075	0.2628166241102848	1.9366506082896338
YUCLOX	0.34619373984527435	0.3373492855483106	0.35869910166503416	0.04333735710419025	2.3886801502249884
YUDFOT	0.4761451254585305	0.8396100684750185	-0.23613389457920236	-0.20767977168551507	3.9676409738419682
YUDYEC	-0.01829913420044349	-0.3769614607637511	0.5285046040960784	0.1455768582517882	1.472213106108605
YUFYUV	0.8710598232914855	-0.7480762284289404	-0.1797691949517426	0.11191302730233602	1.7414703048705602
YUGDIO	0.5051856191420425	0.1420484275467198	0.2268327443281053	0.09167724417961737	2.1973732617900104
YUMGEV	0.5155092742864946	0.16200316520433738	0.0032877162874000443	-0.02179718429037076	2.3565228596939427
YUMHEW	0.22905718707493472	-0.12434085993804705	-0.14687353984501827	-0.4294087922054773	2.216648283039931
YUMVUX	0.38313961838241006	-0.5139766685034859	-0.5376927600271363	0.1365500990881516	1.486591118868081
YUQZER	0.6537539555698757	-0.7613050894202544	-0.2069704625693728	-0.04956561481589475	1.755041576653694
YURSAF	0.5182536663847426	-0.3616291432168839	-0.3067938789457324	-0.3238294879887725	2.1808897677966206
YUSNIJ	0.5930174140005162	-0.8863912265369904	-0.580063500029087	0.09736400849075724	1.3607061122419775
YUSNOP	0.5342594501817493	-0.5029015077631236	-0.208743165220673	-0.011357038587594404	1.71624520153363
YUTHAW	0.20445435693847314	-0.2119302325191637	-0.5701534700390781	-0.16162270877975063	1.8051309419876256
YUTKIH	0.10308954422511363	-0.4967294943780284	0.3781220190324676	0.3423568752501643	1.3460156163200163
YUTMAB	-0.08861318818746344	0.035132340167319975	0.26914851628300795	-0.020045333925370314	1.6500736088126096
YUVHAA	0.22486547767472365	0.05415346439027832	-0.45324741789950784	-0.07823249938635919	2.0819164874946527
YUYHOR	0.5589573064852633	-0.6796046894427505	0.2724000548517237	0.037660865547248526	1.738771193649293
YUYJAF	0.19031683598386762	-0.7233877438715397	-0.06064516032259609	0.06675613658537446	1.3859261601932302
ZADBEO	-0.019445554573141788	0.32926149937141963	-0.12120700466793494	0.01979948174579059	1.8440473945232607
ZAGTUW	0.4196788963130951	-0.001793704278790706	0.06343105033507777	0.2061737368142792	1.9077946348941728
ZAGVUY	0.16022142629365366	0.288345593015748	0.576579811874818	0.07805642384504594	2.0571034848590504
ZAGXEN	0.5392041789232955	-0.2230951511208633	0.11925476144262379	-0.19431150987256524	2.086455531472669
ZAHCAQ	0.3240059014672969	0.019298369091228146	-0.3981124173093653	-0.21189049813556288	2.181798458167659
ZAHCUG	-0.09405579521790486	0.49384656774878327	-0.4036636123666095	0.2449999707843215	2.121213179541728
ZAHHOI	0.5553122922558078	-0.29041645618903306	0.011509268212962956	-0.14948763712044083	1.981476808126852
ZAJDOD	0.481946286213204	-0.10094878671736734	0.7747366022995791	0.13426952605141815	1.8359627409889294
ZARPIT	0.32843946776058086	0.30527488455131485	0.1489215809321988	0.1207113330110588	2.284165563537141
ZAWTAS	0.6210096903941418	0.7390243897393398	0.07315860766643982	-0.3699917025116666	4.1237042835098965
ZAWVAU	0.10227046752439461	-0.24881745043432896	0.3914881718518089	0.033923287890864934	1.5945012129770135
ZAWVIC	0.27635463239404423	-0.023754209236274	0.5952045419930717	0.13473014784786114	1.8087175866770737
ZAXCEG	0.5388523707898072	-0.7481967781797163	-0.1840701251491481	0.05105072946484247	1.4830862673806238
ZAXCOQ	0.4457220293069941	-0.7601164730192611	-0.2405816685762192	0.05648730800841542	1.4149628952758606
ZAXCUW	0.7546367330986392	-0.5336239650864498	-0.24362031134214995	-0.21910261714612897	2.065951303744154
ZAYYUT	0.8785137417741025	0.47827566787225434	0.08627405437490798	-0.2644321841263444	3.75066796377344
ZAZHAJ	0.620900576044976	-0.7001587005330432	0.059124710489953325	-0.036677315453533504	1.7529232016480234
ZAZHEN	0.7891577420582774	-0.051668244895026055	0.05946652468598089	-0.19713073337292603	2.537583485060557
ZAZHIR	0.8006759923795403	-0.03863466834454171	0.11883185731655392	-0.2241305755586644	2.550529418721272
ZAZNOD	0.03730301665417324	0.49337523182343185	-0.3504569942384016	0.20144641277294317	2.275803974259136
ZEBSAA	0.39670118433652934	0.03750733869741152	-0.23302066842407587	-0.21845882465200966	2.343260384608925
ZECVIO	0.4434890401542546	-0.19027582571901158	0.6983493904846104	0.16799244503490826	1.669952692794781
ZECVOU	0.4340415107800055	-0.23481995258065916	0.6963363829038723	0.18513183047142512	1.6413725357395408
ZECVUA	0.4220438365240309	-0.3075026277052046	0.6672323872425895	0.2366328638889429	1.5612537992112336
ZEGDIY	0.6295008134304974	-0.18512009026130435	0.10956126065728844	0.02954640812835234	2.070917339176578
ZEGJIE	0.25450682680314873	0.10383580434775738	0.3834741204767928	0.07508358362712256	1.9182009069151449
ZEGJOK	0.4163727883184549	0.17375382436456965	0.4731157833643936	0.05461286263039883	2.2446156285134355
ZEGJUQ	0.35375276833640434	0.263073653754191	-0.06519939007333392	0.06416007227856924	2.353375603226482
ZEHGEA	0.12920634040544066	-0.1268735583676328	-0.43656908641876757	-0.20213120626381295	1.7453489834402363
ZEHJAZ	0.12049316858795267	-0.14867062574974452	-0.42352808316100166	-0.1914949768021972	1.7197874854046291
ZEHYAO	0.2979242854516828	0.5325688069241614	-0.3222913413046349	-0.11965920753248374	2.788974697761613
ZEHZOD	-0.007235600812220966	0.723248020445121	-0.20132144888790698	-0.09630064803236639	2.8930478033299005
ZEJGIH	0.42940908022652646	-0.2896811640622223	0.722597060362415	0.2087080591574239	1.5718685736842242
ZEJGON	-0.006273192415156448	-0.33530716147176626	0.43120983614536723	0.15616067564891709	1.419368843878141
ZEJGUT	0.4269788209125336	-0.31188116750460704	0.6809160084983225	0.22321312820055123	1.5709555453032586
ZEKQOZ	-0.11496365993118918	-0.7759516035420688	-0.5962401661297309	0.31761501618342414	1.0749852062491918
ZELCUQ	0.27868743955993214	0.4138932330732566	-0.5053111135043516	0.005971177725321006	2.5083040903469773
ZELDEB	0.4484806955938536	0.38408734909733183	-0.2388391304369395	-0.21146333112901836	2.81580151021484
ZELJOS	0.7876640956749199	-0.2907002407749125	0.4259806064690141	-0.253027614415058	2.1033242595307318
ZERDOS	0.5376785628157341	-0.5226959962037447	0.15587126787246375	-0.0646024487192933	1.8455503697002382
ZERFAG	0.3126196466017115	0.026057854797866126	-0.44742175831148623	-0.09084849058744564	2.1116083987055827
ZERFEK	0.33732558654679234	0.3152443111666721	-0.31601372889359286	0.03903046291525758	2.4746087154419687
ZERFOU	0.3845288558096476	-0.3546808025275358	-0.250160790937131	-0.09098146623790715	1.7683604403112128
ZETBUX	0.6783095260294445	-0.9895184219178448	-0.6094099598734689	0.024393096361166586	1.5138882541762526
ZETDEJ	0.2357413355205744	-0.027641715798399594	-0.3676515607275576	0.07985776735836275	1.68482732046509
ZETQAQ	0.012329893484246846	0.2908174850638549	-0.15179108249900444	-0.060875603638186934	2.103527071925613
ZETZOR	0.04018371478689575	0.7869964242824932	0.029043192257625458	-0.4269667079709273	3.141849710914557
ZEWTUQ	0.33079866880095565	0.003855810570686999	0.16862123468142998	0.24687192727110185	1.8793434573542436
ZEXDOV	0.42298166619678934	0.1603580739505613	0.7905355571719725	0.06224448986967168	2.0946573566272493
ZIBGUO	-0.16765679005466527	0.6970783294801446	-0.48296988829370424	0.3540836200549213	2.489628796233873
ZIDKAY	0.9092105798252348	-0.9049755112672437	-0.1410226546528059	0.3441754158121759	1.3715288302881312
ZIDMIM	0.5332019381990438	-0.8811163879059483	-0.2743125780767335	-0.2214833561018404	1.6475467170672466
ZIFFAZ	0.5886870872316301	-0.23878638540652483	-0.12091317371527721	-0.322620549320078	1.9836885535090434
ZIFFEB	0.6380645428284692	-0.5062200461587241	0.37131662362493834	-0.26085212408852265	1.984513250346673
ZIFFIH	0.7341943667445685	0.16490876610458383	-0.02836926699253589	-0.48518862034712584	2.9948778799181963
ZIFFOL	0.6021459982840236	-0.49234539580668224	0.31064527981900825	-0.2824434155143787	1.9952651133383865
ZIFFON	0.7237136845929353	-0.12595452903300347	-0.05779260398345662	-0.5020325512557674	2.5708952911707375
ZIGNIM	0.3954859983526742	-0.5919014106795475	-0.27799902328514803	0.10246741621174577	1.48741639480174
ZIGNOS	0.40652687298254175	-0.377837520702282	-0.020008939308151202	0.17844286493257672	1.5761056499357535
ZIGNUY	0.5574714528897529	0.14420514318952699	0.08562087058093101	0.012385954806085453	2.3498307394047115
ZIHBID	0.28746483342469276	-0.5010922752431983	-0.15619011801579788	0.09487078410801422	1.420168451760001
ZIHBOJ	0.2793598080406703	-0.5229804978982737	-0.1683951367390234	0.07907077305820653	1.418472466111523
ZIHCAW	0.29205646177141276	-0.5035764115814217	-0.14712571381092326	0.07294496202270898	1.4313801823485433
ZIHCIE	0.3127159611900847	-0.48535402575133385	-0.14109487923262895	0.10248857428489344	1.4479322349221122
ZIJYUQ	-0.11911165073870489	-0.06133866820483398	0.2140940604009541	0.2218571188309646	1.465122015374301
ZIKKEL	0.5289562071888803	0.2057213321442931	0.31344379337096273	0.23639183672113667	2.1972174755887286
ZIKKIP	0.39702058946443586	0.07667277278236453	0.3214528849179059	0.1612855845711033	2.0651516288720826
ZIKKOV	0.5220982617231682	-0.13754518055044132	0.3556875752115819	0.18113084140667196	1.8779269291057696
ZIKKUB	0.2641717666087482	0.22494734710490105	0.35127674575313433	0.2835045241601234	1.9803510422381072
ZILTOH	0.5567277578310206	0.17618693933332136	-0.06218971502971099	-0.3488604823717141	2.874420269290829
ZILYIC	0.4514746597364274	0.47762630185948457	0.12777008867529427	-0.14317150168752785	3.2062912284094396
ZILZUP	0.3346350912859535	-0.08286131898785755	-0.022013828363727256	-0.07829550721381286	2.1607060641364226
ZIMHUY	0.6698242894584778	0.07604403094952422	-0.15334848729663095	0.1508168813098949	2.213352931855402
ZIMJEK	0.6421081564874802	0.004543248167615033	-0.19630022434398514	0.11849175874182116	2.119300448955949
ZIQJAM	0.06165666309398565	-0.2458230611661332	-0.24525699990257738	0.3054446888215986	1.2946934446903218
ZIRZOP	0.3712863171270939	-0.16763236608228294	0.4752220573337792	0.03590250802640613	1.7197890242954166
ZIRZUV	0.34115692782344276	0.10780926123909718	0.6043279687010878	0.12044509677818754	2.0294138856414485
ZISHOY	0.3963120940351521	-0.137826324924989	0.5936082578651167	0.007020013903901584	1.739756881556365
ZISSEZ	0.4305381250852687	0.2579780220463259	0.31172167708979714	-0.058568485625993476	2.3932513159996294
ZISYIK	0.4117194657787362	0.09538726200803527	0.530685762913943	0.07528895530777527	2.0787887821603475
ZISYIL	0.4235447315664542	0.04765329897276541	0.5311164141714824	0.10329189956277995	2.0130122006566933
ZITPOL	0.7163672106046883	0.370056394664938	0.09790161037599736	-0.3735693165335899	3.1622944609238424
ZITSIH	0.6113672268793158	-0.9455380579175281	-0.627830240857767	0.13545286833081688	1.4120539837301265
ZIVKIA	0.28953863697914795	-0.20300197778591889	-0.19144718540460087	-0.15350302760070078	2.022394100631127
ZIVNEZ	0.08897928137144362	-0.357746921450958	-0.39119904863968546	-0.40079673052693177	1.9105906022928416
ZIXJAR	0.4747458921198353	0.2595420538000183	0.36051137748899226	0.0050970006761764525	2.390774429364496
ZIXJEV	0.52468050847986	0.28219969909369386	0.4089079035764054	-0.006398515533778487	2.520324230143041
ZIXVAD	0.31348749276214605	-0.2426661133982661	0.6326013023056124	0.12304344545727905	1.6021821642911125
ZIYWOV	0.5510931909062808	-0.023876909247772665	0.27059472960571096	0.08382015436496515	2.1720961892396686
ZIZLAY	-0.05861111470800795	0.1436218571838349	-0.1278156851499959	0.03344222898563316	1.6754157780628134
ZODZIF	0.007317324495984767	0.34068681760872166	-0.1103226364374438	-0.15705232077463016	2.199951843234861
ZODZOL	0.09352645367475798	0.01144758910365884	-0.1195928264126748	-0.11207185553951746	1.756265921188826
ZOFBAB	-0.011301885739456452	0.2019050874586426	-0.17766050935068184	-0.03519711045887742	1.9588891362134366
ZOJYIJ	-0.11848963731375362	0.7474673909705869	-0.3592324945439414	0.15214437059470828	2.700607628712595
ZOJYOP	0.015323536322998432	0.4400687201277805	-0.30239498696662087	0.13228739917205323	2.169753144983701
ZOLQUQ	-0.011837125573821439	0.8121099382821559	-0.2268787725427736	0.26843514868881285	2.877231443099155
ZOMJOE	0.011639968085446206	0.8317945708283403	-0.23033868637586147	0.24311272706395587	2.9650463731138323
ZOMJUK	0.013674348713674345	0.7956831640483728	-0.20046233941381253	0.21908301539127634	2.8862808549653596
ZOMKAR	-0.0385565086869466	0.6954729581135577	-0.1574440852947073	0.31772333411645565	2.5468404556896522
ZOMKIZ	-0.014624245096023891	0.6487916461571832	-0.21973166515736647	0.2813485245794732	2.536226009965079
ZOMKOF	-0.19232839422963455	0.7751593789977	-0.2678506138690289	0.317611753183357	2.5609653010075815
ZONDAH	0.4564731497416705	0.311389393843079	0.19787433105127855	-0.007971806891204095	2.4243429190733785
ZONXEF	0.4436529265323985	-0.4351545750546839	-0.34722800607298393	-0.18220891999986114	2.0986359010287483
ZOPXUZ	0.04664435272150902	-0.012819629223918522	0.3145974147030826	-0.08261218184064643	1.72321771473749
ZOQQAX	0.6311991434495763	0.33489225501288644	0.43418240976150185	-0.007920702519872092	2.7234429260459883
ZOQXUY	0.03986793899979846	-0.7915079571861949	0.25776751390913066	0.3979635849300442	1.224874343052421
ZORGUL	0.6981349719901209	-0.6446927856316078	0.08438334412598056	-0.1704090050323076	1.8029356319608216
ZORHEW	0.6459679901542676	-0.7858700308924329	0.06408359602875197	-0.1029086070627174	1.6783949532129392
ZORHIA	0.6505704559166166	-0.7272048295825695	0.05809602677943197	-0.13637625685211024	1.7060553552054118
ZORHOG	0.6949800947966747	-0.716566935909074	0.0972461952400684	-0.1413634124944549	1.7430425185773468
ZORHUM	0.6961055617724687	-0.651808371902064	0.08194295974165643	-0.16413390153519222	1.794692957864458
ZORJAU	0.7096361238476181	-0.6021790294744251	0.07373157611959077	-0.18852734278621108	1.8707349648593066
ZORQII	0.2979655173424973	-0.34778748001476206	-0.2301125056458609	-0.13229914780484048	1.8091780328864573
ZORVOT	0.6206636020279559	0.4206179489651553	0.28562708085150645	-0.15768175511535834	2.9187440682581562
ZOSJOJ	0.4739529159527853	0.09240235704927144	-0.0901679317299511	-0.11855143118334671	2.2905255264380493
ZOVCOE	0.27602004189179485	0.35965411458895685	-0.30129250596559115	0.2358320969254949	2.298426042508081
ZOVKEC	0.6010027199321266	-0.15499573386357007	0.355716153970459	0.048796863917036845	2.016214204133728
ZOVRIL	0.6864020266602413	-0.9575991721398067	0.03778287326269993	0.026104136253414997	1.6719583547972596
ZOVXOZ	0.2796581219473042	-0.21673072070449623	-0.473447112146557	0.32101990048017426	1.4004127206606558
ZOWLAA	0.2616331568208077	0.19520688316605705	-0.5199570742520188	0.1956533795181848	1.9390941006348223
ZOWLII	-0.027525212146816802	-0.09024939195897609	-0.5541762582650366	0.09529204094119834	1.4415289633839181
ZOWLOO	0.14915516651368543	-0.3116853908705025	-0.4448043965884011	0.39357860688974083	1.2723753072030561
ZOWMAB	-0.05691589472156	-0.26572135515743067	-0.5849047949982752	0.2864044478042539	1.2714431850653887
ZOWMIJ	0.5957329965069684	-0.4337661233699272	0.06863493518915269	0.08497372240542883	1.7861148310229444
ZOWMOP	0.6000466770034452	-0.4365943292491154	0.10792043554511437	0.13505733142009108	1.8014460409450037
ZOWSAH	0.3465415859292982	-0.6312669618055298	-0.08069736072714737	0.035822591950138066	1.4362840913074966
ZOXKOO	-0.00805680714667778	0.22992498450186	0.1465189019896383	-0.2343377181889848	1.860311247787196
ZOYGUR	0.29806656484846616	-0.506270433156216	-0.1481231046406867	0.06967013043317746	1.4380281173872707
ZOYKUV	0.6005788194547845	-0.5947067123714129	0.018277532204158703	-0.09605829407502975	1.8479164283135845
ZOZGIE	0.3815815248772827	-0.08755683751250516	-0.021201788670133226	-0.1681915395984587	1.9894811996938055
ZUCKOZ	0.28686371476291495	-0.5078443788281104	-0.15615453209773608	0.08490596348388885	1.4246249278551444
ZUCKUF	0.29375330511631503	-0.5074429599014167	-0.14959613185456933	0.061567288396212866	1.446172051409524
ZUCROE	0.3593545783074381	-0.5654174686409317	-0.19186967711809494	-0.08992016253777026	1.6308325342299848
ZUDDAG	0.6224217347971637	-0.11725125182375615	-0.45746560788905843	0.08050331743799163	2.033962953614886
ZUDJOZ	0.4247459595150982	-0.008493828196764253	-0.14142627653874734	-0.023218414950629943	2.0694508123043853
ZUGBEK	0.2927719342844268	-0.4956705489677069	-0.13767776171501386	0.05766028209610913	1.445622900093694
ZUGBUA	0.2941490389513941	-0.5172658831213751	-0.13718858758120192	0.03473001230758556	1.4748391605961035
ZUGCAH	0.31201803845500375	-0.4952365960680512	-0.13785336703409853	0.08748013026725857	1.4448983444319379
ZUGDAI	0.4552301935912766	0.11428523510988059	0.4492282301007415	-0.015755800531184305	2.4182087086876023
ZUHJOD	0.47292224299729835	0.056838207739101115	0.5021971411958617	0.01509674764208846	2.3448981038721843
ZUHJUJ	0.47302059841389354	0.11120179398052676	0.5021368067536374	9.210813547710917e-06	2.401388095764971
ZUHKAQ	0.4123365188424062	0.08292690911653566	0.45643019389391165	0.012998214892142534	2.326070785355803
ZUJRAZ	0.3501138310291285	-0.3687025939737326	-0.31825663317668257	-0.2279877355682279	1.7195904677827323
ZUKHIY	0.2968248692564144	-0.492481849558409	-0.10367542711031735	0.1488453092243427	1.4335958738070038
ZUKMIB	0.3908987016487009	-0.19631989907646005	0.6969669209664832	0.1011334308109624	1.7269645815996695
ZUKMOH	0.3925360101390867	-0.18708323599398696	0.6621403246789043	0.08883499816159693	1.7501454881483047
ZUKMUN	0.4660395563374946	-0.10686981431060631	0.7438487085983202	0.1333466776625934	1.8327779664077153
ZUMREE	0.5721160726128138	0.009938379093963279	0.2992477803515342	-0.13504908239894534	2.426957626522621
ZUNWEK	0.6085527148386856	0.8189384438519933	-0.001306151276111417	-0.17513002643222503	3.8688393075263168
ZUNYIQ	0.5642181977717122	0.7848915811861172	-0.20106928288889703	-0.22664091254401622	4.157369279344787
ZUQRAE	0.32390164710219693	-0.09374925500589573	0.6027649634863939	0.06742139963455215	1.8119234988327508
ZUQZET	0.3906483654213204	-0.27007115889078304	-0.2760759142140597	-0.026269663623164678	1.806454441731484
ZURDEV	-0.08002728993712038	0.2955574761452372	0.17950057965988803	-0.08020582681877442	2.0701469660399368
ZUWVIY	0.5111175946941788	0.1879422912233354	0.18292532325468203	-0.17846926063973478	2.5853094094623916
ZUYNEM	0.35495350417182525	0.4363934370822952	0.023532601678192447	-0.009744440549516578	2.5423758438051025
ZUZLIP	0.39172696701706755	0.06064373999499123	0.8289174476209152	0.19107583521151222	1.8780547363173186
