name	pc1	pc2	pc3	pc4	std
ABERIK	0.02661454632052923	0.08884335754204864	0.1807450185712023	-0.5935869565666091	2.94565248335827
ABEROQ	0.008327916630532756	0.052215972177951375	0.27295578788214403	-0.5973270295708845	2.8084843553850707
ABESAD	0.032087103379055626	0.12510420673158862	0.19836417089863478	-0.6295627799173442	3.0912316956922776
ABEZAJ	0.1960099200734996	-0.24113987995465047	0.4965105359581763	0.1285782458255284	1.4933763191929819
ABIQOR	0.025443153908023514	0.17905157198777122	-0.12411510786010682	-0.5867232969778499	3.220568182431208
ABIQUX	0.04170139046614091	0.17700156582825066	-0.06952871723342824	0.07938882695309182	1.7308888918935557
ABOLOV	0.07070033618246824	0.8544269570195575	-0.7711640218594586	0.1534382270721997	2.1003040954027
ABUPIX	0.2784814359713788	-0.9935294500456648	0.8703445175141136	0.5170571379068637	1.3293261946537767
ACAWIK	-0.04917139552920369	-0.345550017864245	0.27578201380979306	-0.035385479304366016	1.5175127662049852
ACEZIV	0.03976364182653491	0.20348883224880732	0.27921402416571106	-0.1164203381851184	1.7790359044389703
ACOJUX	-0.01686147715983745	0.26437233483349454	0.16121397977638008	-0.13427670637163122	1.8185724614642114
ACOMIP	0.18695400348361935	-0.49600610910167253	0.4711085230661489	0.03166414515539459	1.4900038438869616
ACONAI	0.27210817469632353	0.0951222965866454	0.5876149514776836	0.5399619810096752	1.7182774862588537
ADAGIW	0.18564391193541263	-0.26831542375569617	0.43285830382330603	0.05163137107923237	1.5189181980424566
ADEPIJ	0.08900715165133727	-0.05533468482715209	0.4326477519649925	0.13018013295620745	1.2960574000870457
ADIFOJ	0.0451138738080073	0.607897936268929	-0.5026450467660888	0.49574428148215743	1.4327235741002158
ADOWEZ	-0.0048935407706935385	0.31054862757183477	-0.41057826091551486	0.6071301565404887	1.3300032121837093
AFECIZ	0.020313815476008024	0.07301180697891407	0.2614646823231235	-0.1144761622049475	1.7566465352881198
AFUXEF	0.024026148910707645	0.7604274993401021	-0.6161308606047418	-0.14392312696392798	2.6963962095398473
AFUXIJ	0.028124338238545765	0.7189762490836356	-0.593661199415781	-0.09519548875926215	2.5522616674203666
AGAZAM	0.03906820634700539	0.059636086881127426	0.10744893925273447	0.015227040183638936	1.5557436431860263
AGAZEQ	0.038422493494881	0.0999615042596349	0.06419633646217848	0.04068160510952894	1.5427311196832485
AGAZIU	0.019445020842004418	0.15474006428374132	0.12381746091900325	0.0603087471581625	1.604981687183618
AGAZOA	0.011618263483726049	-0.4381897441036706	0.2114828311302841	0.04375785514930029	1.2340762974821227
AGEBAS	0.04850530100737535	-0.13737954269608643	-0.022818329857681174	0.0894609803846936	1.4717440068646503
AGELIH	0.07688182468011265	0.4726576657054342	-0.2915809470510803	-0.2094024251054663	2.433632017878572
AGIBAT	0.06362754046781552	0.40795687594100505	0.02223242224431443	-0.027336934452176068	2.012363056356879
AGITOA	0.010689975306282185	0.6007555480096696	-0.44959120939478614	0.3670083792294402	1.6415801358077613
AGUXOP	0.04801750893561077	-0.0578782763393062	0.3171472021554367	0.2367621728000486	1.406750440284346
AGUZUY	0.1779704612154676	0.05529409530486662	0.5959774070649451	-0.14264880379588246	2.4490321774649013
AHEVER	0.024663572684683777	0.8373081569408352	-0.7684922960472864	-0.024747282247307364	2.519378027848825
AHEZUL	0.0003412469996452727	0.8641904411615227	-0.7463515667018069	-0.22926335968108175	2.941158293669784
AHIZAT	0.5630209318016972	0.997498062542165	-0.7523579296654097	-0.14507403925893736	3.4557640881874203
AHOPIY	0.009203476722981163	0.20621101056240088	0.14422314504268785	0.0802972162645578	1.7423729084500903
AHUREA	0.04181971218380165	-0.26149680298063327	0.6457707409345916	0.3031386634831575	1.6415751810413521
AHUROK	0.052403436538523196	-0.169281134840507	0.10763412409523254	-0.35190593406567006	2.1366488902160925
AHURUQ	0.024358603512224963	-0.04257272072777951	0.06741026469898492	0.12605434865351373	1.6494761686662098
AJAMAA	0.03326354211585042	0.2632346764050033	0.06007207665327874	-0.28206387091516155	2.4730035831964408
AJAVEN	0.04361465942196696	0.6867889499064206	-0.6888903280526643	0.6077268061562181	1.3898251110697495
AJODEK	0.04396791332501135	0.7396145026871239	-0.5137437901077957	0.18101268865631548	2.0830896924227584
AKAGID	0.17319927646722905	0.18121297497192135	0.2167030838670756	-0.3588791270216707	2.522172911730162
AKAKUT	0.059274355421219865	-0.1070150737457376	0.27490551470415103	-0.3645280627384583	1.9751809991904925
AKALAA	0.047276522980189445	-0.45132282869083484	0.4256399688882573	0.037552497595930955	1.2716319596038306
AKALII	0.2621596841205068	-0.6166741297174454	0.7357836350176143	0.40262701065751305	1.0670859844274208
AKIKAG	0.09067747061699369	-0.5226737722039396	0.3007759565185677	0.20961690876688918	1.2839857134807702
AKOXAC	0.1381997348119916	-0.727029667021633	0.5395159242684169	0.397555420576035	1.188841824248048
AKUNEZ	0.005358364415122746	0.021816332279613437	0.37078934406248454	-0.5605747183413813	2.531319647902132
ALIMEO	0.0016371442998262264	0.7207323543614303	0.011835389411245067	0.27004678170841995	2.271468490249323
ALUSEI	0.1397184240094328	-0.5187989426951751	0.3803579342457757	0.11709754952844109	1.1328697041594227
ANAQUC	0.008012896233434263	0.2538994882158785	0.2154496861467139	-0.2031451732443257	1.9600516610618879
ANAWUI	0.003467940939698322	0.5606707768279535	-0.3605020651906614	-0.11285294025705636	2.4521229656292314
ANIYOO	0.05300638626249787	-0.36982059948336055	0.2301891552201918	0.2515450879239207	1.3484552216627008
APOBAK	0.12872919177222697	0.13030614749623481	0.03957588421935321	-0.07462436688469241	1.812811772884603
APOVOS	0.17688203805001734	-0.3948829825557727	0.45694943454964876	0.2771008736816757	1.09021241305426
APUPOQ	0.011559435584422767	0.10661528626677397	0.25728824402166106	-0.1451835553059401	1.888848827596334
AQUCUN	0.02527995301867439	0.3308975994884489	0.5317104911469424	0.33375407236408794	2.115752845631803
AROGAR	0.06038347500694019	-0.07306321826978746	0.045697250429637126	-0.07740609537553245	1.6669723734253792
AROGEV	0.08041097531397517	0.134636717829141	0.0765937066016682	-0.14987544653727583	1.9791455638441433
AROGIZ	0.07015228730992207	0.10651241038700432	0.019633041454146127	-0.04839346214261861	1.9080783726951442
AROGOF	0.053482361691149116	-0.12526296995622221	0.056962868987125104	0.0357678553229874	1.5016226334383291
AROHIZ	0.011276227408132639	0.3681213643710106	-0.5084897659781125	0.6103902494555099	1.3028304093966079
AROHOF	0.008281362309751322	0.349288829576492	-0.6218035774630178	0.5843488342727023	1.2813841230765983
AROJEW	0.01677066472031674	0.7501164210710694	-0.6586844667244282	0.22582878982155669	2.0240479145561583
AROJIA	-0.003936545799681723	-0.1265275369208787	-0.32181496855507963	0.1937298553763315	1.379669377686981
ARONEA	0.23053424970181474	0.6720572584770035	0.03875885157892078	0.16522927831615336	2.276584387527569
ASENAN	-0.005483361120850197	-0.2715072918763637	0.45548039958917985	0.12758814332811297	1.2800798994870564
ASILEW	0.03519545042683603	0.6932043574463971	-0.6061337113528119	-0.09971808565718439	2.5503072588114453
ATEWUR	0.18558483240375145	-0.24747724121751657	0.6025711025467515	0.0076863956394768295	1.7044049927046574
ATIDAI	0.33505343219942857	-0.6972966253706456	0.846449002911069	0.34038388459875457	1.4872747051250053
ATIDEM	0.29631195499821944	-0.35664044633645764	0.8092741075869287	0.3512488986733693	1.5492536828818837
ATIVAC	-0.020147185480059907	-0.20682556463649648	0.4297203082182921	-0.07363288211891311	1.368787845523744
ATUWUI	0.042879107828623725	0.2564698602776523	-0.3097738042983551	0.16969136677046	1.6282726847530746
AVAZEC	0.010517137841560775	-0.22128251859673265	-0.0708405363770035	0.11331795447866126	1.4229710901069672
AVIQEB	0.027439377292551442	-0.08713869253967532	0.4086098228230086	-0.4171656403447955	2.1759911829361895
AWEYOQ	0.19130714680801902	-0.09825406409028492	0.742364468980504	0.41714256855515636	1.2754261802366713
AWUYOI	0.03390597582298199	-0.10245860962205455	0.4092224804791178	-0.009603059967002787	1.4401084085561477
AXOVEO	-0.02248751724206971	0.6271442689382467	-0.7351164163802169	0.20406360569428858	1.9596024887904886
AXUSOB	0.0672854724664482	-0.12425647853928323	0.27778349781928835	-0.5847287753250171	2.6279385478718202
AZOREM	0.026106321177155695	-0.16924617348216664	0.34956469078278163	0.15691241943396256	1.2693617405864712
BABBOY	0.04053092965692329	-0.43042181814469505	0.49033783945740805	-0.01564465675359939	1.1927773289876784
BABVEH	0.2377661159412368	-0.17121871529968624	0.5320862015857757	0.13643380850284892	1.4038246158017056
BABVIL	0.24934800146036545	-0.23277595151240416	0.6036515699576015	0.27249143615712285	1.3226874672952336
BABVUX	0.24909454531623876	-0.13726153058824586	0.6001298744510901	0.3006443430613043	1.3246123071660292
BABWAD	-0.003819054566992691	0.9462017539056622	-0.7478711838516217	0.02124955628199659	2.651973015914768
BAJMUV	0.15944838175557752	-0.25971613753638634	0.5041910405191654	0.2881017464355678	1.2840438722092156
BAPSET	0.03350751006281333	-0.30169152927901344	0.08800384360312363	0.21744680125274507	1.21268366313282
BAQCII	0.10911868127043445	-0.5387845573704819	0.5151276150457891	-0.15264864036349318	1.528825881588579
BAQTEU	-0.004087487993523681	-0.3273388356701994	-0.09928938039374313	0.293076392239609	1.236553455920734
BARQER	0.06113140509654699	0.2580823510143291	0.006749412739418537	-0.224824669429563	2.2075171905836566
BARQIV	0.08910131737450117	0.26172002052452514	0.03708747802083523	-0.25914410306224384	2.26969819769526
BARQUH	0.08470925080883229	0.20493897190669808	0.031315277285091314	-0.07814788435080758	1.8605708234896372
BARRAO	0.04493188043485494	0.21115914188292395	-0.006264226086400759	-0.13014522680985907	1.9901785928969158
BARRES	0.0956291036479289	0.18957840073955	0.053893048305008406	-0.11396856321481325	1.9964906329816006
BARRIW	0.06550880659493563	0.2919239841233723	0.010644381256838864	-0.2364350798911402	2.270517944352658
BARROB	0.018970670633601167	0.8762019258675378	-0.7236500253680681	-0.1624259974420902	2.896111775382688
BARROC	0.05959728394757366	0.19590810326993413	0.02183482072272569	-0.18012578505066415	2.079300613062432
BARRUI	0.02896506344659716	0.05339473517524196	0.13427529516069092	0.4598084974464383	1.1867011711352389
BARSET	-0.0361646585832337	0.4297069193156715	-0.11888696107845709	0.11539205714383706	1.828985570736004
BARSIX	0.051752518115579016	-0.10500810633906221	0.0583700444100157	-0.028824125258618216	1.6068296100225916
BATCUV	0.06141833496862362	0.2302458752981722	-0.2831441482070576	-0.4732632054790299	2.7621578394674855
BATDAC	0.030004146044511598	0.7761275488866537	-0.585524636417267	-0.3022163978483808	2.972735088357977
BAVDUY	0.12561710169707413	0.05757901947262356	0.009595258739612644	0.4063222740341767	1.2854312694587486
BAXWIK	-0.010006335655784501	0.18668970605633994	0.031965375041436817	0.2781984705585617	1.3891085998907933
BAXWUS	0.05788396108996069	0.35262414597703495	0.13712454593433177	0.29069440075012515	1.498530472615613
BAYFIR	0.013632108669234921	0.8835030069094363	-0.7837289483421098	-0.21051413273635744	3.0726066434814028
BAYGOY	0.06545011705064874	0.47407133545415236	-0.20298779780861997	-0.45955843393982576	2.8887968156579777
BAYGUE	0.07114670543140977	0.6267848175955595	-0.18230550359223752	-0.518296043924663	3.3199424892305984
BAZMEW	0.008796917337278165	0.21172049078285005	0.1574954685494756	-0.8599454590369571	3.4797664364742777
BAZMIA	-0.0170373150464964	0.09105621854440216	0.06997424231071814	-0.7548321928539184	3.2193250453050704
BAZMOG	0.024690133605274472	0.2275795814819337	0.00017142567264993858	-0.6023330464957977	3.0913144913883555
BAZMUM	0.14744159634434878	-0.2166823898944381	0.5221975814149633	0.39558907443133445	1.1597872544298462
BAZNAT	0.018974422928792117	0.19596261625963063	0.28143324406880543	-0.07786964175466021	1.6663024599598477
BAZNIB	0.007952102196760263	-0.1938444957624208	0.23976132202922784	0.08723600991731828	1.3012471195101338
BEBZIT	0.11801579875384047	0.7709683908194953	-0.5771114915253818	-0.4231156410139547	3.453717720635543
BECPIJ	0.16975497075033386	-0.178897483546673	0.4684005273484093	0.2970639591229673	1.3860659111198228
BECPOP	0.16872127643659007	-0.41090581961383066	0.5056463238580851	-0.08427727825450103	1.8750554350315296
BEFMUX	0.03566951412230024	-0.2312575236860983	0.2718745407587373	-0.05038073600488445	1.6166434000919108
BEHVOA	-0.021824205049821882	0.42928147328645894	-0.638027288160559	0.37592451004634236	1.6266593175645214
BEJQUE	0.20768619550401013	-0.38123216756535383	0.49007201192265915	-0.03126474798723329	1.5102401754235442
BEJRIT	0.38771887156664897	0.020238614111963926	0.6281951749059023	0.4050864377158437	1.3167008955003423
BEMLUE	0.045463650481148726	0.12266186093769704	0.14219209865825744	-0.6634487819708396	3.290097577514256
BEPXAW	0.09845509664206567	0.06935167673479459	0.20081736597547795	-0.05470547023278473	1.8046745763935308
BEXWIM	0.13629463036529488	0.3434363070594091	0.049851415720422176	-0.1062204678367922	2.109609234468255
BEXWOS	0.010421645610583286	0.2641078492740161	-0.34618675193336346	0.7676801394458453	1.2244998124267952
BEYKUL	0.030990125411357344	0.45915778168541665	-0.413649919194767	0.15083840985913632	1.9112337758096145
BIBXIW	0.1574995458309268	-0.050379984431865754	0.4363309596758116	-0.4423411412273014	2.4014456150996755
BICHON	0.20091658907111942	-0.23133176173576153	0.48792616981630466	-0.19449440427567763	1.9142335143163929
BIGBAW	0.23546178623327907	-0.7205483256443959	0.676664318934973	0.35488918390666624	1.1436870562444301
BIGBUQ	0.025261703513285327	-0.27235723814813184	0.29589364240919114	-0.2235137056189276	1.6797993760012409
BIGCAX	0.026223770056135604	-0.48840641155107667	0.4282990614415736	0.04794511071798713	1.2962990859787977
BIGCIF	0.008478610938830511	-0.31772112455783486	0.3676654620116029	-0.10147224477284764	1.4457158357595574
BIHBUQ	0.0938583072964442	-0.21602003781248547	0.44979105794781304	0.4421930852453699	1.2135002490304967
BIHCOL	0.09987068570160845	-0.19363069718382198	0.45795274284728826	0.4351615914999603	1.2172904662607467
BIHCUR	0.10064840190031699	-0.1114856735006442	0.36559056768403053	0.2688271703274968	1.3532139612850838
BIHDAY	0.017117907656037296	-0.35059688535530364	0.29971533009131734	0.44660463393524963	1.036714876798575
BIHDOM	0.11151920672116758	-0.384543758402347	0.17456835904359513	0.36311520718745255	1.1059486264793421
BIJGUX	0.08027257770830595	0.33401014109182414	-0.0005819774816446799	-0.14004604312228058	2.3177903687581582
BIJHEI	0.16495294291669477	-0.5627988768928969	0.4174478804733244	0.41045453748723465	1.2299964117729334
BIJHIM	0.19397396177600368	-0.6195345672307147	0.38457384216851076	0.5968107102317769	1.2166568702416032
BIJKUB	0.0631823929536662	0.1967910505400967	0.02475206519691242	-0.10784102680612483	1.9838132114760771
BIJLAI	0.0578035642834305	0.17523607225208604	-0.012081070304992503	-0.18760125654188367	2.1111727802279026
BIJLEM	0.08848278974114493	0.17096438457554264	0.019386990912252378	-0.044811370879831454	1.7976455316332831
BIJLIQ	0.04481768134118097	0.16008345150122238	0.008447548036567554	-0.05731339495101412	1.8363618896735106
BIJLOW	0.07335597346001863	0.16935414360924606	0.02340877157238075	-0.04211235632050361	1.8077424422364254
BIJLUC	0.05868278236829991	0.16588291234577657	-0.003424999516332683	-0.07310119264141247	1.8515582485229636
BIKSUK	0.03951547574875752	-0.37327044274311705	0.2953920934786063	-0.2954935363378067	1.6679662806021909
BILWEY	0.04196039421685929	0.9025285938144951	-0.8063686199798601	0.030615118557078987	2.4454863114388727
BILWIC	0.04715745083351683	0.9180859594908566	-0.7974953973913359	-0.1114298470399766	2.773394768566499
BINVID	-0.06337741710397479	0.3781854714758963	0.44346319630987563	0.504894488498699	1.2934664759003813
BIPNOG	-0.0024746533585344455	-0.21526969076238922	0.27898800996762896	0.04803140524943039	1.3883172671736361
BIPNUM	-0.0037138179935820026	-0.19410447798354058	0.2767554832147421	0.016918992101574392	1.4627169039923853
BIPPAU	-0.0011722247613525083	-0.21850207213473727	0.31314151104172727	0.014929652548027927	1.443042352246601
BIPPUO	0.0039036928989202857	-0.18860699296690075	0.29304888337034085	0.03742207221439835	1.4475599099865635
BIPQAV	0.001838191024125968	-0.23159461594458586	0.32611346912136585	0.03562260339420627	1.3943159837769556
BIPYAC	0.13431202739824238	-0.46382638348663896	0.15656200359835015	-0.50408472201945	2.1293019567657834
BIQCEM	-0.004709477155657893	-0.24381762605698887	0.26866301565690964	0.05696413880046615	1.364368940538696
BIQPOI	0.1457596302460465	0.5594376324435308	-0.41325184957474215	0.7324196593392732	1.302038408718204
BIQQAV	0.1399872065895406	0.5732772708002334	-0.41273578085166784	0.7755224426021928	1.2768223353313886
BIRCEO	0.0430191532826083	-0.31946986177233194	0.22037595819039746	-0.5399671495347202	2.1150349988223645
BIWLAY	0.07485068016758176	0.8847191749607073	-0.4777722095691289	0.6700641471295277	1.3673261717242657
BIWMID	0.11055404573740898	-0.251965645008148	0.2898043168590114	-0.27718027879383866	2.2459154555339325
BIWWEN	0.06522599728829637	0.3468021088484865	-0.043772861259741	0.09039263655905524	1.8017140870357546
BIWYAJ	0.04188862534995358	0.08326765587415386	-0.23887297503787308	-0.5526356941858837	3.0591693156096236
BIXTAF	0.11868239471270137	0.9957544074204283	-0.7344405189920107	0.14745295350897353	2.234688959094397
BIXTIN	0.001840662594387199	0.5757398910636282	-0.1750592311557565	0.28398240751516834	1.7181078342084841
BIXXEN	0.28181481695472993	0.9168542654754854	-0.692558605640978	0.5081897616870967	1.651667316580729
BOGPUI	0.00042600358491531876	0.8276858594201015	-0.7316103386008306	0.08860212714504506	2.420644178459333
BOGQAP	0.07398065695635928	0.8726926868725955	-0.7704481945822763	0.03938399265386118	2.521049381117569
BOHGUB	0.08822535912679574	-0.08991493927836114	0.20279200823291332	-0.2170773772032815	1.9966730137754694
BOHHAI	0.1666419322345128	-0.02423742474315871	0.25433693511600497	-0.276472068305055	2.4157091092828464
BOHHEM	0.11987760779851916	-0.07462145079390536	0.20866829748319726	-0.1436473038221364	1.8883869149969619
BOHHIQ	0.039109603479374394	0.0252077893992384	0.05765733408940665	-0.284654964165065	2.149082266602229
BOHNUJ	0.007622692071310555	0.8067843370805989	-0.6131169711106836	0.11997336122026608	2.2955213202251
BOJSOK	0.3649311000924739	-0.08804534386234186	0.49403884982238955	0.16854042432434727	1.5525125450252482
BOLXUW	0.5319583806270257	0.5700764724706118	0.04763301848330914	0.26408187306750663	2.277964690813085
BOLYAD	0.04637623310220698	1.0073521876255191	-0.5897426269039502	0.13512902826129392	2.5014744349004374
BOLYIL	0.058630485738972365	0.9091043336555438	-0.7096277086448005	-0.01379965547170044	2.604707916049338
BOMFAK	0.00980458768187878	0.391200475829216	0.0914898221547491	-0.7793623949883387	3.689290882203343
BOMNEZ	0.020309812116793113	0.6227800795986096	-0.5192219495480425	-0.18226983903274827	2.6550774239774064
BOPWUB	-0.014342511191360485	0.9416336937916996	-0.8038567108364969	0.002740046038827869	2.6444037515204344
BOQBOZ	0.0009941660419273413	0.13386444300330025	0.44943456071993393	-0.12438662633414205	1.7174079620941995
BOQKAU	0.05917781188286289	0.1854130462468655	0.0350761205510961	-0.15635580262602142	2.0235591657465632
BOQKEY	0.057091165177362874	0.18355762803137932	0.03598954680508859	-0.07782492516004323	1.8696115157736668
BOQSAC	0.02797104383255064	0.6474343478493938	-0.5093004035406876	0.66247859842734	1.3490645760195432
BORGIY	0.02334264723195542	0.7930471011949867	-0.642904743983518	-0.04978176108230474	2.560018742411211
BOTGUP	0.10877171900005095	-0.703025373877372	0.2811424489636172	0.2664839711116357	1.2305010517876362
BOXKOP	0.06673968920755652	-0.38159820673901645	0.5397266057004053	-0.15323228499810598	1.4706866774364369
BOXLAC	0.22991042730460387	-0.6099928010203834	0.6373277326599529	0.09947074211420749	1.1857436567782358
BUCZAA	0.24433063688314638	-0.27285907479915794	0.7306167498604068	-0.07818284091552977	1.9778745411452947
BUDHIR	0.042357416953520605	0.20707285986133472	0.10487340458493488	-0.7281411207720577	3.397238778497518
BUFKAQ	0.3042129936294124	-0.47099232851258055	0.7059327335663608	0.36191847464885424	1.0328775638161387
BUGYAF	0.1358662084898294	-0.11943082945936512	0.12537290792139077	-0.03715004744596232	1.6671189692130604
BUGYEJ	0.03160262555776361	0.09595953264086621	-0.036106299685744636	-0.5097174916733197	2.704017414649838
BUGYIN	0.02627285133330956	0.13616158868609007	-0.073261367600711	-0.5927185409141067	3.2131453640974885
BUJNUQ	0.03690688867204123	-0.24316630431176023	0.49397372212528534	-0.7585260424616238	2.826907358379798
BUNCAQ	0.07272291044913859	0.12396909815739265	0.03166466934132761	0.04375880718504463	1.627092700234977
BUNCEU	0.07576296532418167	0.06248289319181133	-0.025920462146421297	0.18842450729164503	1.4327253564669795
BUNTEK	0.09883565127725713	-0.10033209724190151	0.5542587313059404	0.011497833474757215	1.796285518191998
BUNTOU	0.040260767328158586	-0.30462462635955845	0.4126433171208541	-0.006060370452551044	1.4344610389273993
BURCOH	0.062045960171503906	0.48646929258196225	-0.3003247387286688	0.13405478341503058	1.8461617249763607
BURCUN	0.029305076105118733	0.757189710398952	-0.5892032936736569	-0.09016738001997332	2.599309350181943
BURDAU	-0.04781146877893441	1.3367370627424715	-1.139769407990055	1.2389153135410478	1.42431791142438
BUYSIA	0.013951609244850977	0.44377213235994395	0.08739370237103206	-0.02402510037861206	1.9317223178810137
BUYTOH	0.05827135996107849	0.2743541500898874	0.02117855433107363	-0.059740295386267156	1.9568869299134417
CABRAB	0.17175686095940074	-0.07143196342863156	0.1743991434371479	-0.0990132403843295	2.0300792668327867
CADSAC	0.24028994834390832	-0.13505356414801462	0.4023781510816917	-0.351430802052014	2.460526343093304
CADSOQ	0.08809521428882333	-0.4124098124900337	0.36810307391197217	0.15227657157881297	1.3974902287307218
CAFVOX	0.08035986565621611	-0.13121353758412457	0.3166332733294379	-0.28634688398130126	1.8121306692265842
CAJJEC	0.0014074375896114821	0.9334422112215521	-0.7908580105525604	0.0001210277200196612	2.634781311743897
CAMZEX	0.26584406212178996	-0.09868684456425747	0.5075790305234729	0.28029303956419105	1.448231723684608
CAMZIB	0.20097246289083665	-0.10693533157783586	0.23180862170064587	-0.12461593753835956	1.8865017192667248
CAMZOH	0.14339787324311282	-0.1380891068552912	0.3676051727245049	0.3051397058153777	1.2665349662828098
CANBAW	0.12174425170506087	0.09996179973203301	0.3302598700726864	-0.22874573761918487	1.7960388549435438
CANBEA	0.17865976093131908	-0.21978167714839092	0.5159668623188933	0.08752061760241653	1.5374479931629343
CANBOK	0.14197089165706817	-0.1994783135008822	0.3859505370109988	0.18595443050838753	1.2698438734496842
CANWEU	0.09777969785230783	0.17371866909289357	-0.08488574909160218	-0.08090269875635225	1.8969217913183907
CANWIY	0.10040522385202111	0.1870506744179652	-0.06886100082704871	-0.12319520122745056	1.9890120773349473
CANWOE	0.07013360258899931	0.09663439804813612	0.09217620386240744	-0.11956172512771043	1.9359978739243064
CAPCAB	-0.003341392668445825	-0.5267877121469433	0.4521865717392679	-0.16242736177424022	1.3511318448011078
CATKEN	0.0637181766638443	0.4365503557539312	-0.1995063251033704	-0.1658390372120093	2.358957890242987
CATKIR	0.05551755329082972	0.3029000318690458	0.024071641822315915	-0.013887422838800331	1.8459015160338987
CAVPAR	0.03822896961978725	0.7163109837681154	-0.39656561063578877	0.12269934998771592	2.048178715641504
CAVPUL	0.09852120112125395	-0.6348141883730114	0.4150591342533192	0.4330738400731553	1.352909280091799
CAXVED	0.28501473866062116	0.6368403759714831	-0.6000136659903469	0.4572030809215546	1.4279189579776974
CAXVIH	0.08104146553521999	0.829990325852402	-0.746918212382939	0.20623780757829305	2.020739066056899
CAXVON	0.2139010094450946	0.8732298595742383	-0.6814474677895589	0.4617601517773121	1.7016472471118824
CAYTEC	0.10192281162330835	0.29908401202770696	0.20484378214279664	0.39597496205946225	1.3268250593414779
CBPATI	0.051154683019841496	0.7504806804036259	-0.6459693313547236	0.3478613468671349	1.701603560288046
CEFQOX	0.10190375652188263	0.2026955075154322	0.06490527228012954	0.2933301347595628	1.4676517114339713
CEGPUA	0.19100616668768627	-0.3732258211716486	0.9531790387933348	0.5226668701921149	1.7353775899479462
CEHMEI	0.014593572730077026	0.07694215016764172	0.1986458276032621	-0.37590625677103673	2.2692360240505405
CEHPIO	0.1060222751739775	0.38233926413645003	-0.08234369341747194	-0.29373980736717575	2.5193427301543787
CEJZOI	-0.0027094679285297185	0.41110995488080126	0.021873212786056362	0.3407840834634951	1.6091027125358064
CEKWUN	0.04147071259123028	-0.5790758992034313	0.4093502395794617	-0.011275361863703454	1.532627429382249
CENLUD	0.19216900354716188	-0.6844998509376623	0.5048374100345279	-0.004362011092019117	1.504400228520751
CENVUQ	0.27363668112452044	-0.4540150239407157	0.3982864079003128	-0.39685906871698273	2.123224383228742
CENWEB	0.06227386080590655	0.11874296105570181	0.07721631926282724	-0.1519602708775887	1.8922753794208647
CENWIF	0.03290282755817803	0.16555347882063787	-0.06137560177758106	-0.07282796733847959	1.8768749427509854
CENWUR	0.24652534791712083	-0.4013570829804367	0.37666690840591355	-0.36227719482751713	2.0216650283094992
CEPMIT	0.033435261066415894	0.8751147922576146	-0.7427620574246983	-0.072210806710974	2.667486398706869
CEPYAX	0.21791229758476194	0.8991866494490854	-0.7068419590602715	0.6961698070027814	1.4325765522245728
CEQBAB	0.092839128081947	0.5224760657347001	-0.2260457679898482	0.36879343641009155	1.6106433548208097
CEQBEF	0.15445783334807484	0.7467369156326886	-0.3989276933423681	0.7607635792422782	1.4205658809511164
CEQBOP	0.17685154575844314	0.9241433219887187	-0.6262318657343001	0.6297513336695706	1.5257116080150344
CERCOS	0.0755281491616078	0.166997305806595	-0.019036400468453563	-0.0831665008557527	1.9270591431513457
CERLEQ	0.019424716333831	0.3108045655061953	0.1755919399158501	-0.3545865954196486	2.4849431990123207
CESREX	0.13141751515769362	0.3951206992383285	-0.025022535116764333	-0.17357232664965816	2.27348094370433
CESXUU	0.0713257768329203	0.23697446802955513	-0.23772021760730389	-0.24035197786672846	2.2430883552242453
CETBUZ	0.04087901168893848	0.6431274508609293	-0.297333082164558	0.22602766958415935	1.8168305492928325
CETLIX	0.008969871354881975	-0.17336375944867433	0.41432854780475026	-0.154324776569968	1.6405533635129932
CETLOD	0.09316111202155719	0.12341257791613014	0.07174088431675307	-0.17770233210384712	1.904407949926651
CEVXEJ	0.02941939036138505	0.6296410890911814	-0.5127231876235157	0.1180923788195788	2.0679305466384186
CEXJOH	0.008167384698053393	-0.28009647457373177	0.392873286205379	0.03601185638630648	1.341144752744273
CEXQEE	-0.0108558775241209	0.4007179072158986	0.04341951281336964	-0.01496427591178854	2.0917197668522043
CEXQII	-0.006183462078071161	0.1560995770218967	-0.13025751415033326	0.35722239802065153	1.3104039795880225
CEYCOY	0.07353327468818252	0.8544711881320528	-0.7803010913295056	0.11965023290191305	2.198650452283892
CEZHEV	0.11951756572742789	-0.15130758916880094	0.2786979217273673	-0.024941821115316266	1.8185433568002698
CEZHIZ	0.09888338498812896	-0.04623163791754914	-0.05834491022560595	0.11071406360181095	1.5256957883605438
CEZLAV	0.11069050467635974	0.05093540883801806	0.2595059660874921	0.21386597930678977	1.5400319044828026
CIBBEV	0.1105210492520455	0.015471325956637916	0.534874208296416	0.28167666697655563	1.9313216075639283
CIBJED	0.06228242205309792	-0.29232644514807626	0.14281525152864316	0.2328461360123394	1.2176259453189064
CIBJIH	0.0519506874491141	-0.2931510447251231	0.24816257547089515	0.15883444882204614	1.339349917233987
CIBJON	0.054238364501386194	-0.3078205041704205	0.18037925969474422	0.18728298102157606	1.259905918353976
CIBJUT	0.06405711912899739	-0.42482462752144245	0.257361818804446	0.20157060239988617	1.2616047397711045
CIBKEE	0.03190271722038421	-0.36076023420672154	0.2615113620237448	0.23257281839958713	1.1840956388914516
CIBKOO	0.060319411806520534	-0.4314652915957331	0.32681171339832193	0.22731507149721364	1.1412750645514886
CIBKUU	0.0683734023759138	-0.4556198746854192	0.29515001846779154	0.20117512564287635	1.2026720779413926
CIBLAB	0.05586185839657068	-0.5222690443142937	0.3157465877863277	0.1079696977405535	1.1742009099139914
CIBLOP	0.030145928841586928	-0.4702986717431048	0.3101777460544728	0.08999892903324168	1.1957149454231202
CIBLUV	0.037834532890206135	-0.5042551458213009	0.30079664332315836	0.11820756938548319	1.1662903373367106
CIBMEG	0.028493175516773855	-0.13255368275040924	0.06853934579015641	0.20478488690370086	1.290918209005223
CIBMIK	0.03221671039625798	-0.2748184861138765	0.10411556900451124	0.1382448018317607	1.245360324263975
CIBMOQ	0.020759477550752692	-0.09590294573513658	0.16324080504558003	0.11742903864155912	1.4269973948706796
CIBWER	0.013702382034655014	0.7657819793259599	-0.7216306408072402	-0.0404036174188862	2.519894670448169
CIDCUP	0.08363762774924086	-0.5497974664119334	0.5976579384659932	0.26245483838394457	1.0472837485582158
CIFZOH	0.15918271906856007	-0.03268100302092458	0.2549904433846615	-0.371241196827192	2.3630829893148015
CIFZUN	0.20286449807920348	-0.1884302490158758	0.3444764540651182	-0.5010167623051753	2.6002868278702924
CIMZAZ	-0.009608701116155166	0.8612651154449851	-0.7291943540149439	0.08234979885377086	2.2998803023363856
CINJOZ	0.014371457704737245	-0.04695332902754279	0.45385534290883633	0.0029177180393449523	1.4371705289584942
CIPFIR	0.01758859404629426	-0.25302938509642336	0.2967816352948711	-0.12505307520306871	1.6290283312484886
CIPFOX	0.01351198692548522	-0.35112966610280605	0.46209166191391726	-0.019627437092579927	1.3486921722451453
CIPGEO	0.012495613227255703	-0.4003441062097073	0.47419723693038107	-0.11118974033621959	1.5636338831820442
CIRCAI	0.0029068927489454277	0.1865062946927072	0.1649386015493992	-0.6131846845475961	3.014549625891479
CIRMUM	0.015582431774587069	0.07229788559071082	0.2433455247986578	-0.1961019716677128	1.9751887310745333
CITHAR	0.05038251270104882	0.6302445353693602	-0.48752901578136243	0.08776932819516453	2.0877580567584264
CITHEV	0.061051988686840725	0.5315568135894337	-0.43515554051449534	0.19877888593034937	1.8541552347760142
CITHIZ	0.033614061731817024	0.4287358716012286	-0.1105293707589623	0.11089483509871129	1.8677250136966586
CITHUL	0.027347093032976222	0.7434363641451713	-0.5520306018285271	0.11181078440917719	2.193946444687514
CIVJOH	0.010902544892939348	0.785552525083197	-0.6848390593397811	0.10786365853805288	2.2881207254145526
CIVJUN	0.0033676330654316966	0.8622426719252219	-0.7077707288733286	0.030650989459138096	2.504179317186971
CIVKAU	0.001968478308899013	0.7735244202801952	-0.6594119825002472	0.08702245791742003	2.320890245792999
CIVPED	0.10613696032756667	0.0376411033055537	0.22775814032303954	0.09062115256152549	1.5543361948527767
CIVPIH	0.1002137917550601	0.043895738337049295	0.2135169876419445	0.09023158774078471	1.57338721179923
CIXSUZ	0.04257398150726302	0.5225984670887436	-0.14326698921118264	0.4654912772313027	1.4804793566898464
CIXTAG	0.011095011073146421	0.5034017831294739	-0.3232687722044266	0.4128903534674313	1.5346354271280251
CIYGIA	0.03801887896687975	0.8429302424719904	-0.7566224874574119	-0.14785176212395337	2.7666769185572253
CIYQIK	0.049335567109679956	0.25446853587585894	-0.010997769979294247	-0.40929191459110786	2.469915023175502
CIYROV	0.015418332743363905	1.341346244554265	-1.1502315982876312	1.2464623837260418	1.3627016856689365
COHTEZ	0.07315589954704088	-0.055715280259321265	0.3244030275108214	-0.31633461793215134	1.9648083277652526
COKGIS	0.017293160017575082	0.8955491360060921	-0.7299130729022472	-0.23783454490963368	3.0407863595336933
COKSUT	0.030876625117367135	-0.012997844222728983	0.3564561875659711	-0.14593490533373696	1.9092285416401322
COLWOQ	0.06841626407147691	-0.4789423473196961	0.3308570326538327	0.10478312275176666	1.4839716768444622
CONZEN	0.05242299856256738	0.50675747813631	-0.4481188774265479	-0.6138398607282278	3.547980070965085
COPPAY	0.041835317005809614	0.5387813058276829	-0.27767696125402686	-0.3551823653815708	2.7942228002633693
COQLEA	0.03384926785868711	0.7170465148863001	-0.4000784580269906	0.2793037678890935	1.7741112992937027
COXBUM	0.021025719824418143	0.28383884340067533	-0.6071479394657197	0.3272893662939321	1.537577376425064
CPETIA	0.02043775874658907	0.6516616545859244	-0.6672997313869847	-0.052407031791660216	2.3771305493991393
CPITTI	0.023345959763101137	0.7761202739522273	-0.8662906843857558	0.5017386009006587	1.5641743580272436
CPMNTI	0.03703937404767657	0.700273029623451	-0.5618200666287828	0.013329437742249383	2.376960654490974
CPPMXT	0.02350718592423945	0.5339852916820162	-0.5102631971434618	0.3279934094141112	1.596179621430061
CPTICB	0.04888668482688169	0.6791583670838768	-0.5567451874772159	0.5481811720045526	1.4536204853460812
CPTPTI	0.09531178237686391	0.5236669298005601	-0.4101340001649786	0.6749279507979263	1.2198726275610374
CUCTUR	0.000711817971899259	0.7273257561317314	-0.6290467419314584	0.26017160813700235	1.9103103707969815
CUDLAQ	-0.01132191949561101	0.8658726647615258	-0.38551731891857344	0.057986686223780434	2.280773827769446
CUGDOA	0.02248166488257375	-0.2330827299923608	0.4204561008224563	0.11312038600919704	1.4251522792039495
CUGMIC	0.014679108195709195	0.7728415344302673	-0.6269528207986717	-0.14735259962911887	2.704840789259439
CUGYEI	0.03076281753795676	0.9093270313362871	-0.7246593174966525	-0.049743655452073834	2.7067153452607444
CUHVUX	0.09340522982338306	0.3181445959230751	-0.0029883927334626303	0.19516069333409689	1.5138625694624115
CUHWAE	0.04458304123484111	0.365046760083779	-0.06906146624291232	0.3554725389893027	1.4888033779976082
CUHWEI	0.049744305244028286	0.6876167774564421	-0.4285686097734178	0.36633770542665905	1.6721434177284333
CURFAY	0.042732682535875005	0.4812418312855926	-0.261386172714016	-0.39513447770002996	2.9039303964918397
CUZXIE	0.03980924080079912	0.1687289426210956	0.14482976087252508	-0.6230513519369976	3.016505992015359
DAFXEO	0.014544212560105518	-0.07475364182572175	0.5485869391224163	-0.44551123177211466	2.2416686343405736
DAGXUE	0.11074564617335791	0.02951430291536772	0.34566762857935807	-0.18576454307927534	1.7095916930536275
DAMFUW	0.017557022448738663	0.8300456820512863	-0.6777991815948057	0.36258532817146666	1.769236321223782
DAMGAD	0.13455564677729576	0.7073345084778331	-0.17899928065222248	-0.0014609232382788127	2.5648796136788614
DAMGEH	0.09831455349639018	0.8184921333595567	-0.8652118418045194	-0.09834968737519606	2.6023373604898428
DAMTOA	0.07228551063571106	0.18240994486348905	-0.08432671067182107	-0.1510495393113642	2.087111465909378
DAMVUK	0.024665375589637606	-0.05528355306196131	0.06682932464097324	0.17455203980293785	1.3460431485421045
DAMWEV	0.04987119621064101	0.4139793715272124	-0.12432508967742217	0.0017009685886090944	1.9552583131339158
DAMWIZ	0.03457422323976478	0.32114542632298493	-0.0254933933551309	0.10758550502732646	1.7605959138232767
DAMWOF	0.04443524648140221	-0.14841067048984957	0.16124169593926108	0.3041370394260962	1.1769627476182647
DAMWUL	0.031978793505228253	-0.07391792175880951	0.10809143797833132	0.2873400201338591	1.249305513708031
DAPQIU	-0.0015821196520820202	0.03593092320705704	0.29688738888478006	-0.8697281502636712	3.3125059215294548
DAQLUC	0.016745093408850664	0.7974787828054457	-0.8789533776616569	0.04381805820695424	2.4331749400597555
DARBIJ	0.020800082248419394	-0.17497080977476331	0.429759579995858	0.07756191835277715	1.3042416569441726
DARCAC	0.04718141095942477	-0.15155063532510527	0.43027661797759653	0.05183329651386574	1.330730349931707
DARCIK	0.04290192428710507	-0.23041885537006523	0.30599086025212197	0.1406453822988294	1.2458339744414744
DAVLAO	0.04132885526672603	0.36414346602420666	-0.10046664230695712	-0.012718461578282578	1.9816208270923004
DAVLIW	0.004175071377021583	0.09378142466186778	0.18712012831017555	-0.1457662917267432	1.8603574975059165
DAWLIX	0.18096894898766747	-0.6713591108884174	0.5709320461338638	-0.0614852044164461	1.4891246528900277
DEDCUL	0.19690801211717757	-0.03456036837008236	0.5762060839972176	0.35454465306815586	1.4314443947700872
DEGWOB	0.1892473443998362	-0.005584318672149369	0.27962853809937016	0.17513483204827354	1.4593230756255373
DEJWOF	0.08713011492753384	-0.534213676391996	0.3090539108079451	0.4162617534418043	1.1096773079960822
DEJXAS	0.040185301020569164	-0.5735250662519795	0.4289837068546316	0.2454521124705001	1.1881533882576925
DEJXUM	0.12796400447728318	-0.7738680681909198	0.4103387587061562	0.28901163867598145	1.2963114309829513
DELTET	-0.05418869989151666	0.7472211659439343	-0.6308035627728658	-0.007221474862484346	2.4714368892704455
DENMOZ	0.057510603784289765	0.1674470519829745	0.07126566266897938	-0.17962619455675888	2.019653128253419
DENMUF	0.08232773793123377	0.23926648726919586	0.031198869771057014	-0.2554640893617923	2.2230609502644354
DENNAM	0.07088600814172727	0.16665964576049674	0.06486712064879563	-0.04681587536294558	1.813317123725968
DENNEQ	0.049603917927334235	0.18847558226526084	0.0005820033576999784	-0.05119720488231702	1.8600353040615065
DEQKIX	0.21384394419908237	-0.17843046889967917	0.5776694661141246	0.1442552750499612	1.3061756749688431
DEQPUO	0.21844893857012593	-0.1772643701964398	0.6474770360683724	-0.1779837672015701	1.9073366353099304
DERXOO	0.033828566528478016	0.4929262348321868	-0.47328866394983515	0.39044804597806976	1.5858532321276997
DESTUR	0.1625609480315408	-0.05225192082487995	0.3676291847174904	-0.20187212581846625	2.0823942486795217
DESVAZ	0.17273375965236482	-0.022074797940024204	0.20900374420340717	-0.28699202026988113	2.132969018192866
DESVED	0.16274369316837423	-0.08275988884586916	0.3489248546969037	-0.20430167865225266	2.0534038473483336
DESVIH	0.1639899689648318	0.057434035393647775	0.35418844229538604	-0.24146399369884858	2.319803328744673
DESVON	-0.00034501349506319	-0.07154314790195038	0.22164759622191732	-0.3424984696911367	2.105838949291004
DESVUT	-0.01999106829348997	0.08091588945697703	0.011448228371394809	-0.41317407810231366	2.256496755734345
DESWAA	-0.021929628943119672	0.06999028736440316	0.07965107139010041	-0.6054176196190294	2.6475565754161705
DETTIF	0.07222984713186911	-0.023168990346210006	0.19497046216253233	0.3241551527446159	1.192619559339632
DEVFAM	0.022029952966492405	-0.4060962059067732	0.4540167377442734	-0.10521990052944287	1.5487012881359814
DEYCOA	0.08687155198018065	-0.7602286553483251	0.5374528041666398	0.40933314928470693	1.2851421313699964
DEZDAQ	0.049094795403406194	0.5384457597084675	-0.13585721144345264	-0.08966791529726634	2.4580980714696827
DIBGOK	0.02123045800997994	0.2915380909719194	-0.30687747646939045	0.633191670684581	1.1813933428357641
DICLOT	-0.007218318598055967	0.3811558333259124	0.35537121636722313	-0.19405339174101052	2.107355560498908
DIDPUB	0.05853766670974919	0.41902806513652413	-0.09685631552440976	-0.08578784056170441	2.1300153012250944
DIDREN	0.09862793848097862	0.284031278660978	0.04039888973163652	-0.17691129016499313	2.116288477437715
DIHZUR	0.016775674823804543	-0.13785533957859109	0.3821206578654759	0.04248566321811917	1.3773492688479902
DIJBEF	0.16193150956184915	-0.39561662412203136	0.7580879003703098	0.40924868848186285	1.2538264905371417
DIJBIJ	0.22194625053056055	-0.04877420789284015	0.5490493325123915	0.29136445337323297	1.4622290905392783
DINVIH	0.070117704750149	-0.4393476492488819	0.3030566226942868	0.06129221252490935	1.2325704253192926
DIQBOY	-0.016504911799086308	-0.016213323342630925	0.22271780449866996	-0.23723648454417046	1.91631419458003
DIQCUF	-0.00606028951123079	0.0011919937293387584	0.3467246802505297	-0.6349920711061399	2.6926478379874697
DIQSIF	0.37459497833232847	0.639274607575778	-0.19508026747253993	0.5189795043595883	1.6099981603371694
DIRQIH	0.03713845256264872	-0.4246083725099834	0.48831257777770154	-0.00910834424466914	1.1915762286083746
DIXGUN	0.06769768114624575	0.7475310399018835	-0.48818400052552957	0.31528129296119406	1.8900023315462038
DIZDEW	0.03529322891579234	-0.2396792271274002	0.16045733863397138	0.052722563629548774	1.4394381940181495
DIZDIA	0.04124637817357035	-0.2680640225318873	0.11302484270874591	0.06079979021380983	1.4173221136569794
DODNIW	0.009803764335529042	-0.3369526452480711	0.4329292120486887	0.14877446984747356	1.1478799357299632
DODXEA	0.037791787468681726	-0.32675015525978424	0.14824932926019563	0.12128811337980457	1.349869345632566
DOFCIN	0.010001515425183766	-0.35957358968919007	0.41995953954303844	0.1295701404305144	1.1511730287253066
DOFWOK	0.3029736125320715	-0.8913821671482434	0.5331241568626641	0.2989888441791773	1.1775412283591191
DOGMIY	0.3533754765971312	-0.2957040714646184	0.21399569264116147	0.17915682977541678	1.5437493577897228
DOGMOE	0.2806529580063903	-0.36381353717191134	0.2385061826140833	0.09797839234375849	1.5567937260115434
DOGMUK	0.20178761122080024	-0.2906599344756393	0.6186999275202663	0.5153281287461406	1.52092984685403
DOGNAR	0.054113186270131675	0.07087937624468488	0.302321366703054	0.04154293613378034	1.5497118035601747
DOGNEV	0.116903491609998	-0.16644115717073937	0.4151589745345432	0.19933420847195432	1.3283585921621568
DOHLUI	0.007034143283568578	-0.14362477421440678	0.3444935407943217	-0.09853542691239872	1.5951324827148676
DOHMET	0.02724193455195542	-0.1446741501202471	0.41131228690148536	-0.23409479508489284	1.8422349111041725
DOMHUJ	0.27446334006326206	-0.5232376333175179	0.6614911023103327	-0.10373620100786703	1.769405358035624
DONBEO	0.10345330889889512	-0.09328872126548582	0.5812629678764409	0.07988068614257558	1.5336610682872254
DONBOY	0.1407196249363752	0.026206279100117857	0.3847034365300839	0.04397032600976086	1.5845761558843414
DOPDER	0.01959006879112246	0.9773675956728982	-0.7251345042231799	-0.20495040201502013	2.8683515063856238
DOQSIL	0.028565367241237122	0.13406745161861622	-0.01620564176720518	-0.5664470244853338	2.602338877727263
DORGIB	0.020124376231587304	-0.11823064707398068	0.13167581890099078	-0.42855893227986014	2.042018088564486
DOXRUD	0.01027944651125623	-0.12055445248596985	0.3845484253130642	-0.7731337494448377	2.964455339787671
DOYFAY	0.02192311132365865	-0.07998939417283246	0.1520543268701684	-0.4084016221290742	2.0332617603482133
DOYGAZ	0.34143157317177175	0.40246109923222884	-0.11413462590907475	0.21853735766089755	1.82556454999298
DOZZIE	0.04747511206475996	-0.22242341290027134	0.5352669078983985	0.15020377944695903	1.3220458235409072
DUCFAI	0.009681437652951347	0.7312105682290029	-0.6713712351949965	0.23866787582346072	1.974751296319079
DUDQAV	0.06390843020939382	0.019010132939814017	0.18435276059008054	-0.6387933354690133	3.162641600792165
DUDQEZ	0.05809564239805262	0.025058536431759038	0.18292730675256919	-0.7362904455399827	3.3550245906269223
DUGMOI	0.03166210226053315	-0.44995343913962316	0.4287676691988025	-0.09428461540683984	1.5286852823760932
DUGNUO	0.003890348405238775	0.7835386449523516	-0.8087166520023223	-0.017096762496958434	2.4914988841129673
DUHXOW	0.07363419208110913	0.3073168277845695	-0.20981085942369915	0.5579825500573716	1.2062529158150885
DUHYAJ	0.03406829705005868	-0.03721327261687479	-0.015727548768010857	0.06474912503091085	1.3617833066988405
DUJPIJ	-0.017977111043416136	0.18707347499023985	0.16665447438618064	0.06641833584896945	1.7003754683601136
DUKMED	-0.014474878251715548	0.128028241101227	0.2182782537238639	0.02419552953119597	1.7351565656974344
DUKSEI	0.13582352122488373	-0.5421154987452721	0.3460856243223669	-0.3476230068788859	1.8488542883482497
DUMNAA	-0.007644872315637832	0.8754452087084803	-0.8376806738976015	-0.3086817908124403	3.2460795788628816
DUNTAK	0.07828274886672953	0.08848503804536811	0.025064477395293716	-0.004635790941656292	1.725090920354204
DUNTIS	0.08106106431664453	0.088791345643362	0.11193864180399338	-0.0753981011604849	1.8603089263106012
DUSXIB	-0.010428980723212383	0.6703206101766921	-0.5712916290461011	-0.13903021324983533	2.688781807600559
DUTLUC	0.010329643817946127	-0.2166533378650204	0.2358110670412492	-0.2146080508699789	1.657817854925569
DUYLOA	0.1518888620262781	-0.25722494819867636	0.6451863341595105	0.13995761670627116	1.6032381545393852
EBAWUA	-0.023220595945318792	-0.028111431039173684	0.12547827373849585	0.41831418813292315	1.1611596055097433
EBAXUB	0.061438713876384055	0.22502241395866873	0.01143465582898795	-0.24853425705881627	2.2173629688579157
EBAYEM	0.01739370706435281	0.7027697152311059	-0.43334232103321924	0.18819611600762282	1.9517462993049721
EBAYIQ	0.008351095867810354	0.752141842928951	-0.444697434097417	0.19504625932489073	2.0077744193006373
EBAYOW	0.07982023823738338	0.1587215412690366	-0.07535413566153015	0.25986548129908893	1.352466658012545
EBECOD	0.0053608671998597035	0.9263768623384157	-0.719847833687917	-0.022156035955613447	2.7736378450719332
EBEQAD	0.2435096388472895	-0.75739171577291	0.4890334981751465	-0.1878480154768426	1.5655407215875075
EBOPOA	0.18047869895208563	0.14319604170192335	0.31151591532805667	-0.16520716805597754	2.0487663921293002
EBOYEZ	0.06076788737127667	0.8192979948007717	-0.4314248274443767	0.18078887487729164	2.143958382710262
EBOYID	0.02586069831563903	0.7729706244684267	-0.4128125382253053	0.13772267327908896	2.1085382867866747
ECEXOC	0.07685985674900989	-0.20492677341972154	0.2696905455372254	0.12886246943619864	1.3220018077468407
ECEZAQ	0.22968335329171574	0.03403042733479067	0.2769527768843245	0.43944711260879143	1.2966628403802978
ECEZEU	0.04612768676381995	-0.126865782703534	0.22083216509303183	0.1466147365507515	1.3236508460815992
ECIYUN	0.06765894818552706	-0.14135455160254606	0.4474529536358256	0.03167245308165795	1.432267155468674
ECOJAL	0.24135852673115243	-0.4857579655901856	0.25256773751831174	0.09959197606851877	1.432527257126596
ECOPAP	0.1783277878525607	-0.07950682041767054	0.3668227741039589	0.34936551608166433	1.3013880475323165
ECOZUR	-0.016961185328079317	0.20254656154467154	0.026184729854417332	-0.2012064615353798	2.115458491382079
ECUHEQ	0.03881445983469051	0.5876870705051656	-0.6527679645448173	0.05601674503774236	2.141354368367859
ECUHET	0.07737982731652215	0.015714461723726814	-0.01812545592404602	-0.4071517099848044	2.357270551037768
ECUJAO	0.020799898226491753	0.8001912860621947	-0.7400545049889764	0.0938814673586987	2.2890396641472077
ECUXEJ	0.13380865389140661	0.2326231209354801	0.0737996958492606	-0.08536791536115204	1.9681452500706316
ECUXOT	0.09669235502485182	0.12332831625244323	0.17582431327423653	0.17987751531556478	1.571316965297048
ECUYAG	0.05706869907484441	-0.4490848519085606	0.29073321171871136	0.33477280884395655	1.1408066153071847
ECUYEK	0.10598439382414651	0.11234530301146295	0.20541138018358884	0.1300104072538928	1.5818619454921885
EDOFUB	0.037896899213436835	-0.09806124024291307	0.2955452624947863	-0.655153924633575	2.7338310558773773
EDOGIQ	0.036207238809620235	-0.08293834098334463	0.28190599453623566	-0.6548949094155488	2.738282756905149
EDOWOK	0.007770411418486112	0.04921959040840074	0.3035592967490033	-0.3479142267702687	2.0903800138526734
EFEVAO	-0.005959345410806616	-0.024221509104374483	0.2755167759410415	-0.04844172287647379	1.6751514465689965
EFOCEK	0.03047869963338634	-0.16877394189115513	0.5366009805760532	-0.3346362441521091	1.8539728206038626
EFOCIO	0.03293489972780922	-0.17563081377676149	0.5294657627544983	-0.32204227907671623	1.822480022679327
EFOCOU	0.021397423829846884	-0.16362984662931312	0.4823206195467422	-0.18465862777795414	1.6618148166950595
EFOZEH	0.19986203695826527	-0.21223767185278408	0.48728875612661415	-0.20430418893321084	1.9092325481205452
EGEVIV	0.19860881728211194	-0.6362418790776365	0.4058851958398566	0.25398780012493016	1.279151156471343
EGUKOH	0.02610775398401724	0.84897460144995	-0.8037803837513181	-0.06418631691952119	2.520409104384905
EHENEM	0.06274347305243241	0.6843673945983624	-0.6561157898694194	0.35636420151195175	1.7891707748828756
EHENOW	0.01470163320497414	0.6287796843793756	-0.5861152124178536	0.39892985770474143	1.7296698564768984
EHENUC	0.09479984662715821	-0.022415671495682687	0.24544590416535206	0.09815630687472965	1.576366415684501
EHEPOY	0.08450042160171953	0.15071178804861507	0.06247696974711259	0.01725983940822163	1.7950191780823683
EHEPUE	0.10341620955739492	0.09722793830596199	0.0822295105989923	0.020953333570209287	1.7153243374889557
EHEZOI	0.07376517405089791	0.3554997186463429	-0.05305838191831169	0.022288415872284924	1.8238292695527518
EHIKOV	0.08758371097123124	0.18043264673041826	-0.039088596466121395	-0.1783158882775414	2.078024063195314
EHIRIZ	0.31478163628896566	-0.6679544249690426	0.5513032516843521	0.16082880386989104	1.350795966723885
EHIROF	-0.006094999643006388	0.17748485117480683	0.4009992265476716	0.19816127192811148	1.3655575212190973
EJIHUB	0.013370421464271476	0.8013726959475771	-0.6927259825114955	0.10090080022338549	2.3284129674414995
EKEZOK	-0.015250670705251268	-0.20329566914083053	0.323140424675904	0.06942407193676015	1.2512127835526143
EKIBAC	0.0070595627630211655	-0.009390333260419492	0.48172390797451414	0.06211619445284672	1.4097470020433456
EKIBEG	-0.031054612379134802	-0.2373421737567618	0.4874622505304158	0.08093507291743754	1.1929858191509093
EKIHOV	-0.0011623611761143182	0.18127689383170598	0.2601704755790759	0.14033319276971254	1.666371204791542
EKURIM	0.0517442772597749	-0.5658519042190302	0.4376001762914612	-0.1610967470290959	1.6389044008741531
EKUROS	0.05432396199270481	-0.573209089015462	0.4913500369397126	-0.12538306885915476	1.5835071430453067
EKURUY	0.02764905223354383	-0.4937197419622019	0.49746857340912065	-0.10396498673785903	1.5160831094733505
EKUVEN	0.07807967295949766	0.10863717439826903	0.3086364809037201	0.014994937558844177	1.5293176546807121
ELABID	0.41287590540557983	-0.9538118451144668	0.9117351829691533	0.35757564695678	1.5213001756753604
ELOWAD	-0.006215513481910975	0.39839389417571835	0.05226232854899582	-0.19746379066947475	2.1227004910594642
EMCPTI	0.010296202203315813	0.7488444938310654	-0.7676736749946707	0.009643725934857367	2.420028638213884
EMEJUB	0.054174895462033495	0.35278289046421074	-0.06001835576344661	-0.0998889726806479	2.046823447348096
EMUFOH	0.4359567159583593	-0.3961057240817878	0.8680075974373032	0.481880844022885	1.8168473761091748
ENARAN	0.17587091036618036	-0.8477701265436295	0.6080160734935813	0.26616286202466555	1.2483840043675056
ENATAP	0.014807599952204986	-0.0004392315937225	0.29973104722028476	-0.3870729582727223	2.2630274631235143
ENEQOD	0.18371194044736328	-0.357299762542874	0.2652058618653972	0.08233052535328524	1.6481925312274046
ENEQUJ	0.01716206065260173	0.17200034165174527	-0.12422542303970707	0.1293100339823892	1.51838218903664
ENERAQ	0.009107216011560282	0.2618886410280088	-0.053818017411769725	-0.24543998626789398	2.3456758260560955
EPICUC	0.03682045322328373	0.5847198908036781	-0.2652777917604835	0.2959545926026403	1.7102362058085654
EPIMEW	0.009265745403326836	0.8890950798198003	-0.8219249395268307	-0.2976426152382867	3.2145615665002722
EPUMUY	0.05804261847191894	0.12509900552701048	-0.07001120656355408	0.17369262781326655	1.4845328180541075
EPUNAF	0.06186471341099903	0.11636755674058685	-0.05652312961323114	0.1943862875076334	1.4325832608539526
EPUNEJ	-0.006409928216708979	0.4254291574560063	-0.07518530468691997	0.4309211410222062	1.4786359103171258
EPUNIN	0.11461683568583414	0.30052565391124775	0.03563030717344562	0.4685432803293289	1.3832089573333894
EPUNOT	0.012750002889569761	0.34593875034788146	-0.07855369639512255	0.34918298890204896	1.453403963005226
EPUNUZ	0.02244029935199357	0.4264106600526252	-0.18789921379348118	0.11440051501587406	1.7202164740725334
EPUPEL	0.051773541899889614	0.3358463127486835	-0.1107264528680123	0.3587669659213815	1.4774848833661574
EQEPEX	0.10103086579166887	-0.023797410223131532	0.18917867327819549	0.2440118998413835	1.29239428097664
EQESUP	0.15425046688123029	0.08279387704573127	0.33516528371061294	-0.5879429778321366	2.9508806100576406
EQETAW	-0.027444994583147045	0.017972809093274922	0.20825096599690252	-0.7232044822286198	3.0727408418001985
EQETEA	0.26276408187685313	-0.12652285408125952	0.5832821788546734	0.1754398954267242	1.3214749643888029
EQETIE	0.2365992676798303	-0.17701073843544624	0.4022916317621146	0.22532234999012668	1.5665223510073596
EQOKOL	0.16058077146114774	-0.01623124946170229	0.36183624005115256	0.2768582850833086	1.3856224624571583
EQOKUR	0.09452928814764627	-0.025852550553131515	0.2837456664171709	0.3389198866586448	1.3029556342871262
EQOLIG	0.4483591978951873	0.7935402373930711	-0.1449989089771404	0.24434802616783557	2.120379972394053
EQULIM	0.007724236592843409	0.11047901546894012	-0.03986430066284363	-0.585595104237462	2.7952451840209243
EQULOS	0.14904138517214482	-0.24040384179525054	0.28930040992382366	-0.15881754802870304	1.7061879779333675
EQULUY	0.15594509531204692	-0.13698396333319263	0.07798509071402937	-0.11791181842546336	1.7136227095357943
ERABOP	0.03995739624758424	0.6194520886528667	-0.6516276351049279	-0.14266494848127442	2.4881682241435383
EROLII	0.05718054317785706	-0.06043405109267663	0.36070526778000156	0.2760391156329114	1.4706053331385678
EROLOO	0.07492655254340486	-0.1834004325208456	0.3780943560938641	0.3150978964306855	1.3254480231607062
EROTIO	0.07284146433293268	0.1969061781561292	0.047585343554327864	-0.007222112447337954	1.768153990662156
EROTOU	0.1003511666940978	0.2511784107135706	-0.01866920461328969	0.04521596230988983	1.7109524203738355
ERUPIR	-0.00010739640491375102	0.2652640945293627	0.1819178353262132	-0.16635376257584067	1.9813432232817318
ERUPOX	0.2716033687574598	-0.13351215956695084	0.5694604523330691	0.36578495830933083	1.2904424194535231
ESATEZ	0.09560652053305149	-0.25235480297798274	0.41759055170521475	0.17732093010508007	1.4055482455840098
ESATID	0.1405794732884697	0.07749465734320182	0.16989989713312403	-0.03308615153113975	1.8037425250770005
ESELOE	0.0006698642835950008	0.7657334599135868	-0.7339834965770273	0.07229010697109342	2.3035294764087206
ESORIN	0.008538068969563578	0.11596579561977016	-0.05145315635040704	-0.153010050746156	1.9654523188136506
ESOROT	0.03928196925902158	-0.11795550194062665	0.012606780273202167	-0.07383602742385897	1.7190703582258087
ESORUZ	-0.020137905356512012	-0.14287387754191183	0.06977456298355711	0.20520452661218844	1.341415768456296
ESOSIO	-0.030428084579055395	-0.096809684758556	0.22214545148865628	0.118120256111651	1.4129243455576677
ESOSOU	-0.01906583236666562	-0.04287289490730428	-0.019126059628023384	-0.11172551900930516	1.8732375982314786
ESUMIO	0.20021684409318175	0.03193317226464165	0.46793703560662525	0.2347694194888257	1.6619745042620178
ETATIC	0.041860386329329397	0.3668735047433134	0.031305018937038964	-0.25268328782674426	2.3688925349066037
EVAHIS	0.001720437774967748	0.9117414928283076	-0.8111477650822136	0.01072339519648011	2.6642167136474066
EVAHOY	-0.03195285854644778	0.9495527544850595	-0.8080086917037416	0.024568966000533016	2.6250864778152403
EVASOJ	0.2687673031846664	-0.8171342601070477	0.3431900368594889	-0.025396475871271945	1.4149334637824524
EVUHAF	0.38947654835135903	-0.46597281358799236	0.8535096829770978	0.4139037512572348	1.4521012510872762
EWARUP	0.06434820393147117	-0.18922899389185854	0.4612912788966266	0.3090016457477711	1.5287901465940554
EWASAW	0.11372737794179358	-0.3142609644989842	0.6155049540725102	0.13022306430907757	1.5111043182011512
EWEJEV	0.09922632034754408	0.11710642729635223	0.18105569352613204	0.0347909820265247	1.6849034097096751
EWEJIZ	0.09971634630158382	0.14393807948206572	0.145722030882518	-0.0051717525501325246	1.7322824635689933
EWEJOF	0.08545938833462671	-0.2013044661107184	0.4995192540621054	0.28031497240570424	1.3451530288213756
EXEBIT	-0.05642934569004798	0.11873878390186876	0.35959726813010917	-0.227972835461259	2.36676996749759
EXEBUF	0.04551106730297938	-0.25039173939603243	0.5395897148773943	-0.09852020669152885	1.7908540452909054
EXECIU	0.10749311754593768	-0.28229442546876315	0.6736243445707	-0.016840906647989158	1.5850828830231924
EXIGIB	0.022017079825315977	0.01916336616515757	0.12224907357944703	-0.5512017413207424	2.6062349005009464
EXONOV	0.07683901465763304	-0.1103470425180193	0.22975541426250423	0.13594133030809435	1.3611725788420503
EXUPUI	0.06735822699638983	0.32716881806327924	-0.23445845335627724	-0.21776852089906867	2.239602610094064
EYEWAG	0.047696618563054155	0.9769989630011531	-0.7177067253218106	0.020053635350626507	2.62411295620121
EYODED	-0.02492786732064052	1.4329262295756924	-0.5879448648097348	-0.41370347295781423	4.02048938023514
EZIWAM	0.03942811384827288	0.705511606006533	-0.6944477318269237	-0.3872956967836185	3.163809026678442
FACDAP	0.05485244525560831	0.079051461749156	0.039596648851658145	-0.15435611719819986	1.9457585008408178
FACDUK	0.014793010809296847	0.9814726975749406	-0.7008172422233745	0.18326732089268463	2.2899806824860365
FACGOG	0.08514015869808042	0.6307991840957574	-0.12938379175682968	0.09710431778370954	2.1851736557845483
FACHIB	0.07365375802461321	0.17635778174911554	0.1543225555623513	-0.1022307449475369	1.9675231663127386
FADSAE	0.010335011328415689	0.8917074698261902	-0.7930653104446614	0.015578082877473143	2.555607686887575
FAFMIJ	0.23517181549641863	0.1886423452209116	0.24137067616431862	0.7468000529189509	1.182211766285926
FAGQAJ	0.42337907623248694	-0.0749130019269213	0.15284517957134436	-0.04925926012116427	1.8095422324426447
FAGQIR	0.1388035624418269	0.18914078953347335	-0.05950597837310734	0.1765085210011991	1.5742198228114808
FAGRAK	0.093232930864738	-0.028811171266525104	0.21479197616736823	-0.09207778074190782	1.902090722641637
FAGREO	0.1009600953215645	0.03315412744552848	-0.005715568170539642	-0.3682845114561858	2.4916632421145923
FAGRIS	0.0762121683754933	-0.4091962407851355	0.23661298377290274	0.08241655641512634	1.5147241255605002
FAGROY	0.040634928447838836	0.08423659869034639	0.1475996979964158	-0.09509228822104682	2.0046077663776254
FALFEH	0.0633642218997332	-0.004374648276301851	0.4140899334083976	0.2313205024663505	1.2033759752051016
FASPUL	0.23743380776636486	-0.4423305260468995	0.5397537664995415	0.48175057074418254	1.357929302250437
FATZIN	0.2880511157221294	-1.057498895919272	0.7649053754351598	0.051835899554345276	1.5685815693505676
FAXZOX	0.10738590736750867	-0.09256568651456565	0.3395585248374806	-0.0612535899253895	1.690125477277031
FAXZUD	0.13508970166987705	-0.1110655394577762	0.52388514100394	-0.06408540972166456	1.7973601953031462
FAYBAM	0.11378701400572427	-0.10479751563539841	0.35761465236513845	-0.033783492999912935	1.6548422006323729
FAYBEQ	0.1744580262556235	-0.07932066820268435	0.5154072381814083	-0.06305953116967357	1.860753823861419
FAYBUG	0.24091367543714903	-0.3849193256305523	0.3849853950442872	-0.20008533751496638	1.8730439359480333
FAZMAU	0.065109787788067	-0.267436072978239	0.4016553376477916	0.048131484294272275	1.5025280388334457
FAZMEY	0.19246404112650883	-0.2907313535051985	0.5005153730001883	0.2075508981263614	1.3349340969089254
FEBMUW	0.12078533210210624	0.13420994270879394	0.049153436969877395	-0.036789857417685846	1.7838537866403572
FEGFOM	0.05326962462819257	0.45607551344443964	-0.13759105304875363	-0.014561883749807665	2.0018644709760185
FEKHIM	0.017660053265084186	0.8858165905630497	-0.7941546784772717	0.30577162419544307	2.0685179700462473
FEKMOY	0.05474114222003204	-0.17178108227270128	0.3820640560115467	-0.35409001132916024	1.9636990246071815
FEKMUE	0.05169515107985598	0.0573883139305118	0.4486131901630974	0.026087678847633924	1.6702487479066361
FEKNIT	0.07635126834328892	-0.09452088033455919	0.3610057729768148	0.14621820543129804	1.5274922458737228
FEKNOZ	0.10046032819690578	-0.18913443043848588	0.38345210181759715	-0.06948790489392562	1.7046752608647284
FEMSAS	0.0053397931648722086	-0.11765066058127571	0.20088845653080312	-0.5142913381991766	2.2889596868235027
FEMYUU	-0.00023941193836712893	-0.14078286535201956	0.3334100356995946	0.20073812084562756	1.193938660496209
FENNIX	0.028901613176311958	-0.4581689559061912	0.34151191657349056	-0.13847920583338938	1.6608036024748953
FENTAV	0.017423080374141503	-0.1648874841403165	0.24265082307980523	0.02418324772867872	1.534700883535269
FENWAZ	0.1588307754724428	0.11636421632911054	0.3026162993684802	0.17814141970451364	1.5238358521625632
FENWIH	0.0941975739659037	0.10122662721052	0.3498987199630845	0.2199385856527858	1.4768330334166018
FENXAA	0.028676566463999714	-0.29396698908446783	0.012849061622343783	0.19302832121853686	1.2965916254292091
FENZON	0.005218937767846488	0.3306172202758222	0.15287703853666734	-0.5479088532423059	2.866377230709969
FEQBOT	0.10286948686317512	0.1197909080277233	0.000807759140771358	-0.021949431667136907	1.729414986856052
FEQCIO	0.06123304759897369	0.17954523543323653	0.003394838443076198	-0.0880555126683317	1.881167531438277
FEQCUA	0.061630358413229835	0.08654173707944324	0.08386260847704485	-0.01740660094970034	1.686696785775876
FEQDAH	0.05251070785045048	0.14101726061521092	0.026841082207322176	-0.06881498744312127	1.8451463339481253
FEQHEP	0.013233213888675127	-0.38275758811790883	0.41562277950835513	-0.04237500673647064	1.4780756917369486
FEQWAZ	0.012006661160400806	0.05247432118140649	0.25817259625477695	-0.3368280571159227	2.384290315346324
FEVLAU	0.16723168682253514	0.6435097866208692	-0.28322505427772304	-0.17030922439967242	2.6173466811941424
FEVTEH	-0.005606950597273133	-0.12488095789640896	0.234723776922807	-0.8004534947793421	2.9603828915875647
FEVWEL	0.08833063388483589	-0.029472706046246966	0.19843309880352766	0.02799278032346432	1.6384993684304652
FEXCOC	0.027146538918963792	0.09792088824889378	0.14804399239462374	-0.6496315334644744	2.8835660630223585
FEXCUG	0.06001034827899601	-0.7177597876557815	0.27526004479134336	-0.27090167960341843	1.7886279591786975
FEXCUI	0.02581864912571688	0.09091016386984752	0.143380225030441	-0.6486503725504954	2.8761430970925623
FEXSAE	0.014169231844945701	0.021927454587288064	0.4077420953286599	-0.41050384300388126	2.176203728756041
FEXSEI	-0.008527583818245005	-0.00802247136843448	0.3184116414785265	-0.5641484385119733	2.4623878686140017
FEXSOS	0.022332289577042974	0.004114873810581621	0.24904706819738154	-0.6148903363150625	2.898235205405477
FEXSUY	0.020059840523313	0.07590171302039206	0.2524996614147068	-0.5710171410619972	2.783971663410567
FEXTAF	0.0026765756887718317	-0.07821286084288381	0.3073216490958828	-0.49558632021009685	2.2803654584562665
FEYRIK	0.11647338471942545	-0.17394836133324754	0.6041104158003647	0.1367830172565978	1.3886849408913988
FEZTUD	0.3289570233681061	-0.6210331788312082	0.8052574076375831	0.2150929839556559	1.6131536032107954
FEZVEP	0.25328219066470625	-0.8097337304121508	0.596580119280439	-0.017182954595452327	1.6404975422189405
FEZVIT	0.14329905317660396	-0.5136455249929077	0.41579035473325376	-0.33570845958901085	1.7496974952244368
FEZVUB	0.005579867417461526	0.804039436437558	-0.7157252906547353	0.06746387520830538	2.3575260236715914
FIBYUL	0.0026329680820374735	0.423345592625608	0.14439773609707895	-0.24450966010856529	2.3678927147349764
FICBAV	0.19332453552975565	0.8219745315519345	-0.3068085459857127	0.056110858894793156	2.932008174843531
FICJEH	0.16828820479571993	-0.2333119596955875	0.4443260307385244	-0.3971756406687064	2.0021535481687067
FICJIL	0.01918673752620295	0.04701047422171989	0.2694902042483751	-0.5986739094815215	2.716475800155496
FICJOR	0.026763376005603884	0.04174332341937115	0.24621163869804086	-0.5114158875534285	2.4602607697102092
FICKIM	0.006973803904104403	0.06641999700204826	0.3639892837285392	-0.5546214703527695	2.5382701651468134
FIFPEQ	0.28013356840483405	-0.11500147588550691	0.6113462843886548	-0.0534203471208191	1.769330808438768
FIGSAP	0.055595983608938776	0.4272264524620728	-0.08065183091199568	-0.11586345798039452	2.225752267585697
FIJXAY	0.016918441202663198	0.005804655050952956	0.16588553138884854	-0.28978133379769255	2.0336860775189516
FILVIH	0.26022342609643134	-0.1413406727178308	0.3864247578561366	-0.20881052290265137	1.8865716956494523
FILVON	0.20968787199533873	-0.16456897260988734	0.37324461072923576	-0.14032204228834919	1.7431211676284573
FILVUT	0.15220734434416794	-0.16077978168756824	0.09808432485839602	-0.27967754418788493	1.8360873144981862
FINQAU	0.040372273734285924	0.18652226412467732	0.14233462224567073	-0.2867134614743615	2.316947014349765
FITFUL	0.09543007789742691	0.262013664383701	0.14951109154603892	0.017919942012874175	1.82541339527419
FIVLAY	0.04562258006535949	0.2874584165837031	-0.11936609244846164	-0.03962537811769109	1.8743637524441246
FIVWIQ	-0.016014104251531935	0.20015332888624382	0.19304685178752878	-0.6386418582373623	3.0111084306830422
FIVZIT	-0.003185891440752431	0.21526088591216785	0.15147103192311118	-0.8208692347164166	3.6206189149771992
FIYBEX	0.03513417264167401	0.5149343945759957	-0.40129117028185013	0.2695728995744934	1.7753060282446107
FIZGOO	0.02273165065495561	-0.3633994595647225	0.32511014156260387	-0.0822806866135237	1.5716112965129345
FOBFOV	0.11365820091893067	-0.42214014427379665	0.9135282312136535	0.22246811024838212	1.8564450566567476
FOBGEI	-0.00023876952568016585	0.8713749613112793	-0.7285812627573832	0.10125046979881103	2.401030326753118
FOCNUG	-0.006018624409676612	0.8259569453040805	-0.7570644544369927	-0.2637627979270685	2.9890860356010283
FODTAU	0.07392134538416831	0.11880643170030947	0.08295335963438699	-0.05989770979155182	1.8638024858432658
FODTEY	0.20643823153252416	-0.4911092424276817	0.6412005060734929	0.48333393442628636	1.4013368732507923
FODXAX	0.16334150003932918	-0.36168256113043995	0.5128497107911867	0.3076052918733981	1.3044588766973424
FOFPAS	0.06611713270976582	0.733002905395852	-0.5432626225053832	0.40508611191905763	1.7496612633648396
FOFPEW	0.0284913906815433	0.841338958735784	-0.7173230210641661	-0.01276121555561728	2.5316461899161533
FOFZEF	0.06559841463079663	0.6219553995144165	-0.5673151547911266	0.438190876476655	1.5902055911458688
FOFZIJ	0.005026545568620117	0.5939524480089466	-0.458829297411967	0.4093235533813481	1.569285307826485
FOKGIW	0.40601519487253257	0.4523263259474226	-0.1780351840200065	-0.19734561033361672	2.360939214990842
FOLKAT	0.2829361367563545	-0.23600517236637542	0.12832866882557403	0.2502128877303756	1.4933185770419137
FOLKEX	0.036385102190282376	0.3407079556719377	-0.44294086246360953	0.4658295980173218	1.489059877950847
FOLKOH	0.2962795188002864	-0.17711636832851152	0.08593773449682707	0.254696951887193	1.4222924222103095
FOMMAV	0.061036276830778086	0.6849338324920615	-0.6092905290267188	0.17934031074107554	1.9208003526385626
FOMYOV	0.22100594088754594	-0.7178701856676266	0.5111873783895873	0.4727842397403896	1.3186551020429393
FOMZAI	0.1309331240523049	-0.6473152981037948	0.40001183948640473	0.30682664250640995	1.2493747704500233
FOMZIQ	0.1739695083166557	-0.858538500188712	0.5891779575107361	0.2570991146710443	1.3016570255267157
FONGEX	0.22150486516794105	-0.24522880724230145	0.42985780875527513	-0.0005407978173184343	1.6174626876593732
FONGIB	0.17879760324570054	-0.48346282385498984	0.404040992457966	-0.15658406768102986	1.7464330434700288
FONGOH	0.22244284807743941	-0.2470797348617757	0.3835455460485315	0.0077047964819065284	1.7282624037923144
FONGUN	0.23415785176989012	-0.4703754090626493	0.5222646236927477	-0.0985749356947341	1.7642018675241427
FONTEI	0.11636166429590908	-0.5152330636378353	0.5427036296371521	-0.04078013795180581	1.5663148256765622
FOPDOF	0.06159288557611753	0.7994260330796421	-0.7277530105250654	0.2054688016741238	2.015378085580561
FOSJUS	0.0004028813750112381	0.7659106081291083	-0.7074091509403687	-0.05919162985972827	2.617629650215483
FOSMOP	0.0347074966068501	0.24466455526999953	0.15048345219825254	-0.6438516971628329	3.1310449819736688
FOTBIZ	0.027807187236198322	0.15192838197301262	0.14099989849012462	-0.7196550431654363	3.2108300546207134
FOTLIJ	0.03241028552633374	0.8821795904436853	-0.7831679306522455	-0.23820732304812708	3.0789609007419645
FOTWOB	0.07611120776666064	-0.012623588365655358	0.29671299678082685	0.2343797797289863	1.4892146017603578
FOTWUH	0.08196688445198733	-0.085588040635312	0.26752029024921287	0.26133854824073643	1.367931614745611
FOYJIN	0.006681202137968106	-0.14438622871438866	0.41405391763839194	0.04547686670807102	1.3132478833856531
FOZBAA	0.40247068898992566	-0.21946511600275143	0.3374970504476029	0.1584296188872237	1.6321461006541345
FUBBOV	0.023317989808722295	-0.022112668538607494	0.47278244241758394	-0.020264201040383317	1.4676002969330169
FUBCAI	-0.0010644869731336604	-0.12858371543180613	0.4347343158171688	0.013158489300934918	1.3906469267673092
FUDPAX	0.05155646098336203	0.21385571302103878	-0.3008675432714485	-0.18676054548769797	2.1333324715180546
FUDPEB	0.06237371488094104	0.17660699529953394	-0.2915970423070584	-0.10991467734568736	1.9514531632423138
FUHGAQ	0.1368521360118684	0.37563201496740417	0.05124036225209716	-0.6444224458587624	3.1738782105842955
FUJDOD	0.06372794735207571	0.830693004729746	-0.7410437336732707	-0.07704423331823193	2.669863170200907
FUJMUV	0.20173272690048982	-0.2699202478701235	0.7145368653347755	0.34767780704076495	1.706533765597658
FUJWUC	0.10220810394219218	-0.37509906103218915	0.3238622327484286	-0.4459154353360119	2.2057251761703274
FUMJIG	0.05832188094484514	-0.7343461093755423	0.5738145013826059	0.23091082820893455	1.4670671047591293
FUPBOI	0.021092113706529414	-0.4487434568488906	0.5099943269453702	-0.10436450073650823	1.5382342102297324
FUPBUO	0.08958171760728778	-0.5505334896085752	0.530574781187054	-0.11399609522094672	1.615940959328615
FUPCAV	0.03104002696920527	-0.5725101380446853	0.47927522829949054	-0.1262216313104406	1.581694160320303
FUPCEZ	0.018082078148725894	-0.49751391607777773	0.495029669934699	-0.09990781630188743	1.5099596177858037
FUQCID	0.02731804399172616	0.7485738163215392	-0.6417649083919093	0.1232733046712873	2.300451488915214
FUQYOG	0.12249240068003836	0.71023981054813	-0.1408019839209358	0.6446106324943046	1.43790771108559
FURCOL	0.05621165438800557	0.08921715068685598	0.038713088648014704	0.29466884337556987	1.2659331409015118
FURCUR	0.06736626645140265	0.12350033046961517	0.005163925282142712	0.23239053595505965	1.3396461391214483
FURDAY	0.05031304829710595	0.08752221578814057	0.032554640260018086	0.30320883295609463	1.263106617651653
FUVBEE	0.2980980007745835	-0.7539160036133934	0.4194658638116555	0.20660404119365053	1.330881293364958
FUWZII	0.09330858943356551	0.22024593128155745	0.15338361389755906	0.019932871433180732	1.8087871339603998
GACMED	0.12046790660783768	0.22375888172831937	0.19935200570133538	-0.07848555697011113	1.9610693561027221
GACMIH	0.09694640472706206	0.2615111063706794	0.19316834713379616	0.05608278831744169	1.86442918427666
GAFKOO	-0.005601341236354071	0.5953320746966937	-0.44783815539146776	0.081392755504952	2.0965367235909467
GAFKUU	-0.00231200215012356	0.6024851205776156	-0.4727368969453063	0.03920623099176029	2.190976347594843
GAFWUF	0.02451774932391715	1.0499623249545595	-0.7657335512154013	-0.3054820665002952	3.327899335378844
GAGTOY	0.04171429453589948	-0.6432849205061202	0.4227526286606107	0.5128205645860893	1.1763715300035889
GAJGAB	0.18932530758697508	-0.8266401678367825	0.738392378440079	0.21945297566196886	1.4049536546271078
GALVOF	8.404707349848883e-05	-0.28945682939414485	0.14313243567925227	0.0025524303437178437	1.5114752852394675
GALXOG	0.0145934706570226	0.8103112810555451	-0.6681365583750332	-0.060380079733970665	2.5959733840305166
GAMFOS	0.2212416163912797	-0.3806975574288156	0.5599828490568106	-0.09680048893636095	1.4075878714546102
GANLUD	0.17698379160530747	0.5357510619267436	-0.07792204005609982	0.06632188163517824	1.9500854448696308
GAQWAW	0.05538846584897947	-0.19294919908635633	0.1406982033166062	0.008545325172612465	1.4998760685093364
GARZOP	0.2381696739447679	-0.19433332231619582	0.5927244615264995	0.24754299294195042	1.4492331301095212
GASVED	-0.006273842427010748	-0.012793804237053674	0.2715988067102537	-0.36354970196798414	2.0556753123246887
GATDOV	0.03804912749528999	0.3024356047890149	0.05045583292886047	-0.4273040211820209	2.746125029078233
GATDUB	0.043274369520610645	0.2744920503596169	0.0012899332257481078	-0.3829231314952478	2.5611690819411566
GATFAJ	0.04364611560555076	0.27856700178589877	0.11897315429736244	-0.38813732529839257	2.589060452726641
GATFEN	0.04117195671995558	0.3757592088486992	0.03298483720077838	-0.44197232617899246	2.9090054827017617
GATMUK	0.30404034361773885	-0.5262811739970434	0.653119433131228	-0.12142460912097647	1.8246634528371828
GATNAR	0.2528123328204671	-0.5574220858028784	0.5759795284706577	-0.1590731887905573	1.7947025071598317
GATVOQ	0.009867668274930325	-0.3279709243378184	0.39790377889719686	-0.08085682716786427	1.460001263911424
GATVUW	0.013806947579143553	-0.3992353191689557	0.4301152459420574	0.028730106434009865	1.3463430628233723
GATWAD	0.018023990761716763	-0.46826267700230906	0.448572983400388	0.040272243700409854	1.262461396810228
GAWYIM	0.04529486098313862	0.34420586136924713	-0.17698121735887584	-0.29319341212837224	2.535606988375091
GAXHUI	0.01593714009544528	-0.17730710453180754	0.4592787634990807	0.06353665367190972	1.3436196071160205
GAXJEU	0.00239163919184629	1.492667142317163	0.2962691755116946	-0.49667360767899205	4.028976676823959
GAXRIG	0.03958463608465995	0.6180731290149635	-0.7234574214534182	0.9165574818955321	1.1920881269462549
GECVIU	0.03473413585641405	0.424552878644731	-0.16287399369329325	0.2827452710349532	1.6543706147268316
GEDTUG	0.021993089044852476	0.046407208278538725	0.1410810918951355	-0.0912701114957308	1.8015069317294303
GEMWOL	0.18429349959666996	-0.31901771486632	0.43216358841800884	0.004911003367582734	1.365806149403211
GENQIZ	0.28187862361452487	-0.7154329407160231	1.0132907878664046	0.21788475391916204	1.686311995684193
GERBOV	0.01968039622317358	-0.25567733156529826	0.31137130418627534	-0.15360225222887047	1.5709186942276006
GEWLED	0.1833185643356941	0.2820098267644098	0.14880260476086393	-0.6307673309623162	3.1308536475235584
GEZFUQ	-0.011751409574283389	-0.2493385392335008	0.40020267182174996	-0.12307527749498742	1.5500532463642291
GIFVUN	0.04664001492728534	0.20065361635316936	0.037246949024126286	0.0974300138826132	1.5946793227849547
GIGJIQ	0.08555367709068074	0.34295240644892067	-0.0031506670921064295	-0.34941269641670464	2.616051067872822
GIJBIL	0.2120579321809355	-0.571321434630375	0.43385506670359253	0.498548041667383	1.3162899520618407
GIJBOR	0.2192708946169693	-0.4979683369937882	0.37126169656142527	0.37965863980674314	1.395196627403922
GIJGEM	0.013868896584996987	0.8451130587684088	-0.6833446538127671	-0.01472807507304381	2.560950471946182
GIJGUC	0.026808321455323747	-0.5488521004665841	0.29956247722831564	0.24719276067349014	1.1915488141732287
GIKGEM	-0.010589083914568725	-0.28106374918201293	0.15749124184447694	0.03984563549229575	1.3208850754091799
GIKKER	-0.0116372091664428	-0.020292298914966977	0.3540131724047344	-0.5281090746741046	2.315247409237
GILNAR	0.04146945653386305	0.22964755959055116	-0.05938242882462075	0.017185140136913274	1.9077560894981518
GILNEV	0.04932676547605261	0.2814017535971751	-0.026845045020602365	-0.0004857184196707075	1.9532949330893363
GILNIZ	0.04438146786749178	0.3299590185451158	-0.10575792173074272	-0.14808977862428704	2.1518281865574638
GILNOF	0.041091125654263844	0.38410800520256183	-0.10279051370638959	-0.2592470678032527	2.425576663324909
GILPOH	0.13922558248620776	-0.4131933941869099	0.6214295327173873	0.3346750711554646	1.5755233228309486
GILWUT	0.017530896300406162	0.8362289318446741	-0.7666171006964109	0.018791062228605066	2.493710979882266
GINTEG	0.045687597700934945	0.9507811509508266	-0.7372399577726952	0.4013407530432669	1.8021478197693193
GIPKAS	0.1056534769269773	-0.008547081667025225	0.3370742609552231	0.35401590326773846	1.3353122726978428
GIPKEW	0.09202427269432409	-0.054183074023197886	0.26423153037189717	0.18913511221565155	1.4584065592983406
GIPKIA	0.17907381834229202	-0.00848970643944913	0.33312603412217356	0.3369686804069152	1.3280896897481396
GIPKOG	0.08969432870727714	-0.014612475450297424	0.3163341892243665	0.2880978736887841	1.373111589282413
GIPLAV	-0.02676553422860664	0.5997546144027974	-0.5654267501323534	0.1754439615893092	1.8774394675808237
GITPAD	0.05471777027107827	-0.02279878228973642	0.10880668435414131	-0.10417200374663996	1.7366659086543064
GITPEH	0.27699422468272444	-0.7294056229429775	0.4717349024083133	0.32688234495645696	1.2331881454814178
GITPOR	0.17020235423307867	-0.42198074816738895	0.8083975035859088	0.5654960621034066	1.5439480887098997
GITSEJ	-0.027427606234438573	-0.40249360957035885	0.13246602588293843	0.178561890828526	1.2644876378059544
GIVYAN	0.020708847278300108	0.6447606511378834	-0.3614915973522077	-0.06686707687299269	2.4718946474305383
GIVYER	0.0025659536385085335	0.6559920407209598	-0.3529473098431246	-0.0749232893044132	2.51255021199483
GIWDIZ	0.03825171501293714	0.8515431343758286	-0.7384787103472794	0.07755859634519771	2.39429154692944
GIYQEM	0.013908347986907432	0.37417827584644714	-0.3074760540981387	0.3066758755409506	1.5240641624955393
GIZCEZ	0.044781346319481524	0.1490811290248315	0.08111902708351026	-0.0213662403661947	1.7586061560832424
GIZCID	0.04514237159356371	0.283658375493276	0.0030463544676255783	0.5290449368091691	1.2826110877607428
GIZDAW	0.0876905942772552	0.05172571411787663	0.21371618452581154	0.39474267370080274	1.1573132068656675
GIZDEA	0.05502913412874169	0.3958113685148201	-0.12395059778851181	0.10543255028013786	1.872523872051428
GIZRAK	0.022865339482243757	-0.18270819332817334	0.5370530743786248	-0.10513816464644603	1.641635379671794
GIZTUG	0.004496808267730634	0.6283657204030937	-0.6640889922895324	0.5619298248852329	1.4030399709584063
GIZVAO	0.014749187440636413	0.7018202050992444	-0.6361161058099873	0.6708042062066962	1.3648704377291823
GOBJOY	0.2934672447627318	-0.31068716148337705	0.5462667834005726	-0.34453554425060323	2.3898980348080654
GOBJUE	0.021996425708831063	0.018950062220207897	0.25996920887664676	-0.6326411858669255	2.9226034208304172
GOBKIT	0.02492233697225149	-0.056439753128573855	0.4196855335430272	-0.663297879979334	2.9891820751252096
GOBKOZ	0.22518943697961769	-0.4186989127250076	0.7117716034525712	-0.09577823698831724	2.0490548616125794
GOBLAM	0.05945662154686507	-0.08680137275037847	0.31630765705088604	-0.13655986134742498	1.8336403549181652
GOBLEQ	0.06129216470053478	-0.01923653631221267	0.24905610100879083	0.07086577517364887	1.6090889876058454
GOCJAJ	0.039495466860886674	-0.009492151215667821	0.5330593694705454	0.4598501181914501	1.3780630624643164
GOCKUE	0.09380828949938322	0.7107853537471516	-0.388176684425101	0.8976321319391789	1.1693744281379421
GOCLAL	0.24614369520702656	0.5850371882291419	-0.37192582050589573	0.8710844091479002	1.1401356280186308
GOFDAG	-0.001759508868273446	0.8008762676434391	-0.6476902567298759	0.0813630297007508	2.261305960886207
GOFTIG	0.028362177214747597	-0.20543403576212338	0.4112286546085524	-0.6637549848931847	2.577841264138023
GOGCOW	0.10836368121088724	0.012077317776772567	0.19306214067725258	0.0013985547694567863	1.6679819835641405
GOGLAP	0.48766159151965127	-0.3562499553027232	0.8232588072865608	0.26182818281673303	1.771301243346772
GOHMOF	0.07079740930314626	-0.27180036769149085	0.2361413678995159	0.39095622621668225	1.0821842928721859
GOMBOB	0.09860194832121524	0.15804604033329106	0.23570599415752236	0.15407645881689122	1.5723383768169858
GOMFEU	0.02211464918280842	0.5107644458961214	-0.48881665662837337	0.3654837929142879	1.6234265889057624
GOMLUP	0.0414533813428771	0.06866324257134115	0.17224535353861326	-0.7090528205269052	3.1274745114647016
GORLAA	0.04261075256936023	0.08619014153462867	0.2788689294705404	-0.35637099326773486	2.139546210806012
GOSYOE	0.12803831423632084	-0.2878965178401516	0.4988343929657466	0.15630876247778192	1.286112481306364
GOSYUK	0.12090942599137827	-0.13004999710558307	0.2325228754262243	0.14456283251678073	1.4118823139203809
GOTKIL	0.10315367723667865	0.7934737991300387	-0.4241107901136152	0.044107027738312155	2.241625147300669
GOTKOR	0.02872162932017064	1.0837868046980783	-0.7977064824729426	0.2818999930487643	2.074770871061912
GOTLAE	0.013450855992457572	0.8365304984238375	-0.6575010033802522	0.2672863201248215	1.8762919590598983
GOTZOG	0.023891742044189784	-0.282427426876688	0.26104946708148713	-0.10483695633079294	1.5135727541704351
GOYCEE	0.013136856726084833	0.05883341011876908	0.26393348460704913	-0.29893353030028474	2.3403564358974904
GUBLOF	0.014197622590530146	0.24003849365953434	0.226316891430129	-0.1592182981406011	1.905955692547399
GUDXOT	0.33792925127784934	-0.7847533136657434	0.5988552581780708	0.491481854729195	1.3559086301084415
GUHRIL	0.08347974713725897	0.16109488112535342	0.003361512521044885	0.2721333706206144	1.3687312388466635
GUHROR	0.055457984960921664	0.24622381042880948	0.12433360435100305	0.4091151551015615	1.3380934187369922
GUKCOF	0.1596309359963506	0.023383979818542233	0.3159791963340306	-0.3175362315562477	2.376598293870328
GUKSAI	0.12090557669876711	-0.402956763680999	0.7011646907302862	0.2953948188273918	1.1923332841835497
GUKSEM	0.13576028645583005	-0.1919449455028932	0.2933941014371142	-0.2778131295023392	1.937106226877376
GUTCAA	0.023225304267728064	-0.35754690371751874	0.3112280833035932	-0.08103768306519843	1.5614779701702277
GUTCEE	0.03350298058168524	-0.41785237811747367	0.4617254462835849	-0.12239422622762477	1.5810508724425438
GUTTOE	0.01651551282331204	-0.06841137356454086	0.3153136173426394	-0.7247893916935013	2.9347210821811722
GUTVEW	0.03909873494619259	0.007784936532795328	-0.1649584541059832	-0.11350452964999166	1.800857156380707
GUZMAR	0.18193076794759216	-0.3964959681375566	0.4963017954360973	-0.13317188448171585	1.7931551091503275
HABFEV	0.026230044905908023	0.6414492710546003	-0.685673595044564	-0.038126316055599775	2.3775745161516078
HABGEA	-0.007570828983929176	-0.07648160781461355	0.3834460419463013	0.02561484756833119	1.3774900395321605
HABHAT	0.09146249780583415	0.17174517420224378	0.13582401429801716	0.10385025592679309	1.6114960696679155
HABHOH	0.05375355575372992	-0.27642717183066523	0.2411437763134503	0.013580341209953353	1.4397934092643578
HACDAQ	0.038758484026091305	0.5476499999497864	-0.5198995863685775	0.28535372888855776	1.6213699065590148
HACKOM	-0.016532763405467263	0.6665959074984413	-0.3919892896969178	0.27897875248210613	1.9023953342964337
HACRUZ	0.10811472087501078	-0.222207458550852	0.4517459051682262	0.41088499360447417	1.215830354466572
HACSIO	0.12503786278690182	-0.34193133078385474	0.1887407600548685	0.28540746761884545	1.2238745325856466
HACSIR	0.00533151029587281	0.2710646013829803	-0.03780301808795894	-0.5633806138460475	3.009052849618078
HACSOU	0.08476923868693392	-0.48814077476281925	0.23100207557113928	0.3700698911757053	1.1230906863243622
HAKPUE	0.13223346410057035	-0.15522253264450558	0.3180083421455162	-0.5445736570886975	2.6614901903485504
HAKQOD	0.2847306680166442	0.6999428799299534	-0.8350185103011584	0.9357160415566524	1.0973612365881902
HAKQUJ	0.16021096714408217	0.7340323513174298	-0.8796594369412729	0.875722984550926	1.1809012059839734
HALNIS	0.04651318165422483	-0.06462837325902138	0.04277171857829232	-0.17299829344867745	1.8593172298056824
HANXEZ	0.066285813776426	-0.007007736049410074	0.2004154492881014	-0.13541050372948396	1.826767945558599
HAQRAS	0.12660572813277582	-0.5985793390480336	0.5679022401664298	0.3246125955975708	1.2342369508217141
HAQXIG	0.06839516155664932	-0.6262500746848967	0.20799492728175695	0.24650362612475027	1.0841652338124905
HASMOD	0.03593957552754193	0.6697839778297632	-0.6746700062628119	0.0788021228490413	2.2762488109492485
HAWDIS	0.08853507275960956	0.6999291571946533	-0.589997958810002	0.39569151012493436	1.566015213131737
HAWDOY	0.018740817311950653	0.5030121948225683	-0.5342772676407415	0.5497668888345305	1.4469858456477398
HAXCAO	0.19757159208347996	-0.9577380074386599	0.6315465284441482	0.2930715189542461	1.603690912693944
HAYBOZ	0.05985489976913699	0.5889310941509547	-0.5667924295276827	-0.123344100874482	2.562641414038308
HAZXEM	0.06628194778710775	0.15280439869742546	0.06811732619845956	-0.12980899051666273	1.936875150518681
HAZXIQ	0.05266081414961171	0.1796558602927889	0.011196883757321752	-0.1660872884493272	2.0192091004934145
HAZXOW	0.07514155002823608	0.2185429536824235	0.021921319031961373	-0.26368387631889584	2.2809915363245428
HAZXUC	0.07249033657633247	0.33206075618692976	-0.23564857855358945	-0.1563657679549896	2.1310575292749245
HAZYAJ	0.00019277664437458708	0.08113213460289703	0.2564933853173237	0.3301616442679145	1.639953361655793
HEBHEC	0.015449628618052769	1.028893246728018	-0.8665612093868328	-0.45095296825789694	3.885833119089585
HEBHIG	0.10544180545620202	0.387408234715227	-0.01994518532956202	-0.1505138684928813	2.205516532500116
HEFGAB	-0.008166203146937334	0.4979118830631788	-0.039596823803133674	-0.08821692857869766	2.0966293591584106
HEFRIV	0.2642192320474978	0.6453620834147897	-0.2198780827282314	0.014308877862787162	2.2168758716388437
HEHHIP	0.1689878498501467	0.18711778710919624	0.03128381478265396	-0.4441507823287996	2.369701251101657
HEHJAI	0.0043005397529784495	-0.00633934380830814	0.44527292336620894	-0.30120592448225947	1.867283583737913
HEKXUU	0.02553209783454491	0.23127718593006863	0.07748539605502036	-0.4375126272216917	2.664952911940232
HESBAM	0.06867484663757656	0.2522189820049294	0.1944458105383684	-0.5467266571406466	2.815269554104495
HEVCOB	0.02541446524019439	0.7493688407158392	-0.6470457975794014	0.07049143211716805	2.2985117472009393
HEWGOF	0.14456309347375962	-0.08419379943499461	0.5591905454051278	0.14448611177671908	1.455283643766324
HEWKIE	0.04497260622785257	-0.33585514067996236	0.3640068080845351	0.15786517455975557	1.258209353311452
HEWKOK	0.00961414954762188	0.18078794756070637	0.19346140734227046	-0.06499555111438837	1.8321221735241213
HEXKII	0.05132456371462754	0.6194608164776265	-0.5070395031548246	-0.2409618094814816	2.829450781264365
HEXKOO	0.013406420520259948	0.7284498352382589	-0.7470205199508335	0.06250140358997129	2.323989415766754
HEXKUU	0.006842234975837025	0.7710331496326037	-0.6095821931750743	0.20540807037162587	2.0264716188840737
HEYPEH	0.04063567664927936	-0.3244939978155936	0.013755160225921381	0.333615553742552	1.205098142153299
HEYWOY	0.02253374479058981	-0.3247689233310611	0.34189858730225997	-0.12802194778900194	1.5968220029159712
HIDCIH	0.031502401950812525	-0.027560571260329958	0.012680610509704815	0.22885777086569595	1.4292035426725638
HIDQAM	0.060606849786222106	0.28275195775214046	-0.15965257960543933	0.0007507210333491422	1.867226593125277
HIDYAV	0.11514889526891897	0.392110406136315	0.0002928488905373783	-0.13749224995837497	2.215292538838016
HIGLUE	0.01942602802857954	0.7525984840709454	-0.6001817861552537	-0.07813345580080837	2.6131108460648402
HIJNUK	0.19733455718897575	0.5547487702612321	-0.10016961417871184	0.38099364509324307	1.6406992506409634
HIMHUG	0.25082380279203315	0.8728463563896756	-0.8325889983363017	0.05360628052618543	2.369017885739625
HIMJEU	0.007939983106316911	0.19974451036692198	0.2657333274195497	-0.1737910165246839	1.9621752634916105
HIPFAN	0.031929298945922946	-0.09775383901015111	0.15760530035771692	-0.2193081665540168	1.8245411816035255
HIQBUG	0.011835312766375783	-0.17705686221569739	0.43196210364627907	-0.49993809824351576	2.2022659776254914
HIQCAN	0.01055287759960219	-0.15603926516308464	0.37386773795010186	-0.4769599872339351	2.17020444966481
HISBIU	0.06122140476051943	-0.2481434748638658	-0.10379223176595942	0.20554588907383275	1.4360283422417153
HISBOA	0.07697357338964231	-0.13814612606485444	-0.17686123226523065	0.2883083152848673	1.3960190135021822
HISBUG	0.03227780863927365	-0.20068790194048658	0.037342016839063685	-0.029321118659383867	1.5971377379135836
HISCAN	0.04305396541580761	-0.19409953258334633	-0.07453289507278149	0.1180534067617001	1.3979486490420285
HISKAW	0.08111934941039092	0.16762581528518972	0.14862623619332616	0.05331022139230014	1.7451105488740684
HISWUB	0.028845907498430134	0.5063656113207577	-0.7628710234870374	0.2447630929789965	1.7528836945875215
HITXUG	-0.00294206565170807	-0.357877625265433	0.30981311588066096	-0.13521381542736152	1.4530778545381309
HITYAN	0.2313038488358362	-0.6017727125872776	0.7652271245154045	0.317794901278924	1.2751288550322215
HIXYES	0.05839901425711161	-0.28907186220412795	0.07944391650165517	0.08184163300678324	1.3725149859694123
HIYWOD	0.007574447731194894	0.9150724621403792	-0.7698605841135807	-0.016749709915678417	2.6607302837725406
HIYWUJ	0.015746269054394052	0.9312189766304351	-0.7891396551194698	-0.12691011137452035	2.871883550949998
HIZXET	0.08305841634069094	0.172068762800496	0.08793748573715532	0.003350259733629242	1.7538580214198298
HOBCOQ	0.08072499422387916	0.006613865828388299	0.08217445123706701	0.10699383761381845	1.5400457151758804
HOBCUW	0.01791508983426332	-0.13404366223918762	-0.12833851659040785	0.07192187146995983	1.4845339033599203
HOBKEP	0.012065999045668463	0.1591016718698115	0.2477201800852855	-0.6083362685340724	2.823140563143573
HOHCUC	0.1899954837624408	0.3563659554671017	-0.08082487076718081	-0.05463654515726207	2.038172116853
HOHFUF	0.09385490619757839	0.2504241046635838	0.07911771175591031	-0.18697006850997497	2.2041961116268087
HOHXIM	0.05323116621741458	-0.1276651981616057	0.41825623198115225	-0.47271157946904463	2.2918469394365726
HOLJUN	0.04163878450573824	-0.22882300850711168	-0.060609562427387687	0.171180272686492	1.33526127145344
HOLLOL	0.10369690949416846	0.1466035242696324	0.057352896606770454	0.011329732109344811	1.8028888024918366
HOLMEC	0.14924742988228373	-0.15212755068590322	0.3475688728317321	0.2256792177572577	1.6985216963419212
HOLMIG	-0.0514324456795148	0.5202734230173083	-0.1557310348877068	0.17407339696445628	2.017145809398614
HOPLIH	0.04178297244588841	0.8971633621476971	-0.7577028485343972	0.041949169524820924	2.433921319514897
HOPTAH	0.07214899414966472	0.1554790721382573	0.04674661288908566	-0.21475583557936595	2.132171626830119
HOPTEL	0.08502233287448552	0.12864722100750425	0.06186969486600513	-0.08388224247946863	1.846533278474396
HOQDIA	0.05568660392937541	-0.3584535127637136	0.17631602449233008	0.42432118246698386	1.1289344656102915
HOQJEC	0.04342184889293224	0.20877872690729538	0.03782206845791625	-0.3321646127245907	2.4827854777176075
HOVJUZ	0.03340208559353233	-0.4623900004915047	0.4349966896699513	-0.05552749200324544	1.3380002557860589
HOVKAG	0.045383936112979695	-0.5219821414512733	0.5307243834677247	-0.20574974542829785	1.4979862898526992
HOVWAQ	0.12411908344668754	0.014207767406840599	0.11299946168288777	0.12084337281400016	1.5870186451406472
HOXTAP	0.01604893550302111	0.0032195571056572447	0.38883089197504295	-0.09974673197535347	1.6340998995640095
HOXTET	0.0374962460219293	0.04478853380514769	0.42439254210023547	0.10843170322960115	1.3421309782841733
HOXTIX	-0.025893331391041705	-0.08870092970716925	0.3777067649974122	-0.055221262670580196	1.478689274556708
HOZGAE	0.11930807336544677	-0.609848803329752	0.2425815600679997	0.19043469145566794	1.418086793786928
HOZGIM	0.06705000624239466	-0.7589448480000649	0.5352719650684721	0.19815792235193136	1.3419109114468446
HUFKOI	0.04215872701957238	0.4646272254000725	-0.49195971738475275	0.3176901248257475	1.6537389707352594
HUJCAT	0.04160716186445973	1.0616510869452314	-0.7623936147031222	-0.138942886529164	2.9056012786559458
HUJCOH	0.014088737767549514	-0.26933977276160137	0.03168314195963684	0.07981442380565999	1.3051966326845288
HUJDAU	0.021492998955553927	1.1491186397270368	-0.806737239187169	0.26940299775393567	2.1425818313566003
HUJJOM	0.0337913192217221	0.5831218182168727	-0.7921681554294995	0.35886048068397264	1.7056814395742514
HULTOY	0.020684654608795677	0.8376607042153563	-0.8032872543665411	0.5275233088338408	1.537983581091031
HULTUE	0.0330523325761633	0.8468311305169176	-0.9878100175988123	0.5685248943023554	1.5590788249515635
HUNHON	0.09209973648952971	0.005412787099802419	0.20711662525822794	-0.0045302902964042754	1.648098777983497
HUPHIJ	0.01277013115236364	0.6783344448229038	-0.5858236743119701	-0.8291876655263588	4.47526368366183
HUQLIQ	0.03585518102360369	-0.264367161965271	0.3149072573193772	0.12721269779600886	1.3096736798457245
HUQLOW	0.06019826778911738	-0.19602933083622665	0.3998638976824762	-0.03535425124692711	1.3774297570109755
HUQLUC	0.03181402503083522	-0.32366498220990625	0.3206073873437114	0.10645308603437235	1.276561647413836
HURTOE	0.027340966108962084	0.26859459276233766	0.3469864828297855	0.1279510461169863	1.6824657775585838
HUVCUW	0.016082892876574578	0.8483737919018535	-0.7362913622823044	0.021937982822915196	2.487374893137243
HUZQUR	0.016417662523961624	0.4297028802682159	-0.6780105469637749	0.30548637094178505	1.6183330238320912
HUZRAY	0.1840142066203404	0.18722916458289873	-0.07297085811860304	0.3151123949093808	1.4662621553870088
HUZRIG	0.014051231556269278	0.41008638256258445	-0.6596021827720383	0.3761886026558335	1.5124607034965218
HUZROM	0.14826415384749148	0.1827617315783514	-0.06368568649236073	0.3086680757271679	1.464929835739211
HUZSAZ	0.048756859530238394	0.5523170827386301	-0.5570822234448027	0.28148820587010814	1.6538104282691277
HUZSED	0.03620045482116557	0.23661136857848186	-0.22081136058681172	0.0010645624316378346	1.776299839542111
IBAWEQ	-0.024362537382832866	-0.051258051164034146	0.38861977487579935	-0.46142544508394684	2.149361279375551
IBEGIG	-0.04265679912590731	-0.6237729185444607	0.2228696103332377	0.5061564156360636	1.0742741254486579
IBEHUW	0.05948213879885128	0.17115773716064542	0.08176433298905095	-0.0026529531913753977	1.8193936019814285
IBIWOI	0.06460084084496676	-0.6655470500651517	0.5133593570107564	-0.17626792510449457	1.613307784996545
IBIWUO	0.03788396240530892	-0.5289732558629199	0.4212257471416003	-0.10567353336114786	1.4961899452127034
IBUWIL	0.00951699879395615	-0.10446337357382962	0.09838531594938993	-0.14435786695290212	1.6894189678836775
ICEFAY	0.1551246561929303	-0.1678851043324121	0.4026822005988262	-0.09520643434550581	1.577443646058492
ICEFEC	0.17932519248783224	-0.15460415906912095	0.5449749605381593	-0.2566954905474336	1.6653542349088746
ICEFIG	0.1266504964024871	-0.6707041371563855	0.48204369407198144	0.2532807019777521	1.0143184060073795
ICEFUS	-0.015157938720421787	0.15196177095275631	0.19575755921035087	-0.1412169663359012	1.8309538245085482
ICEGUS	0.011550708637434348	0.7534349876563389	-0.0704235740831971	0.20066932478708502	2.2906508797977296
ICEPUC	0.0034884812381897057	1.048713747740162	-0.886364306655691	0.22106573866605572	2.285093961349056
ICEQIQ	0.0494292950912045	-0.13832185557554277	-0.03087723045869528	-0.034291438901393016	1.6291755210819958
ICEQOW	0.039061899018580065	-0.06728933871497444	-0.17060208860688408	-0.045701773242291896	1.6765232672302377
ICERAJ	0.04215649742781369	-0.033098322721380136	-0.08933691752481199	-0.1360190306305164	1.851930027153175
ICERIR	0.0521575490591302	-0.06031845005883918	-0.016075546393421236	-0.10414777023864975	1.7756003159400249
ICEROX	0.03240431718136516	-0.08914947592659495	-0.0973863926613614	0.04809281808021162	1.5646551735771856
ICERUD	0.04402529522964316	-0.17863054928285038	-0.037649445957898875	0.1615606677646849	1.3881947488518016
ICESEO	0.03889589291532064	0.6626964063391125	-0.2875024117508683	-0.6822049360392359	3.870317623259825
ICISUK	0.018758240780834906	-0.3391022307395146	0.35907618868533975	-0.190986147382274	1.6333593148265588
ICIXOK	0.14200615452974452	-0.22181725214848136	0.35073418984455307	0.2442887914332498	1.1172673145708534
IDABAR	-0.07007279687642984	0.5829213889513825	-0.4485298843378198	0.5955471490758244	1.464193281670498
IDAWER	0.02248237427239147	0.9287365584647493	-0.661763619266732	0.02023853522104493	2.575754560424418
IDEXIB	0.10605243608716741	0.6159587363533903	-0.4947556730487799	-0.12150558799679992	2.3014116134687193
IDOZEI	0.1051517988167158	0.25807956495920026	-0.04189743414964542	-0.16024004548210197	2.119844051458555
IFODEN	0.10149575961630386	0.683036901576894	-0.6165755167451117	0.5795837635320448	1.4474267232136069
IGOFIV	0.14532749163906722	-0.20796054097164696	0.2532390822846944	-0.49094068109276345	2.433210496999204
IHEHUY	0.02804135428388499	0.4975545903210654	-0.17779652501189613	-0.0016872850749648817	2.034915761807148
IHEJIP	-0.0071117215093591535	0.028510011703292815	0.26960897325362754	-0.514940842397847	2.409265632137978
IHEVOI	0.05030438749201058	0.02300392843369581	0.3229596538618198	-0.44924741982013117	2.377083635007144
IHEZEA	-0.015678594905587928	0.06375444985096124	0.11467747133536133	-0.5601871795309643	2.543115704842052
IHORON	0.0321539627146217	0.5596021011613224	-0.4747944936856041	0.2996665119708717	1.6977824387704596
IHORUT	0.02534363299048603	0.5585205991077609	-0.49320535671839605	0.37975363388389377	1.6322377763547187
IHOSAA	0.04240747510691725	0.5366486056203388	-0.49185047280060845	0.3647742714759544	1.6367689676095307
IJEBAA	0.007864533619005104	0.913081608647548	-0.7997402983754976	-0.03345611008108886	2.7126494065466025
IJIYEI	0.08942986474402595	-0.2770269764721922	0.2720620588629936	0.31001279354007844	1.2241718719424768
IJIYIM	-0.006701968121506002	0.15137250745001962	0.40587252583010947	0.14574449223278363	1.3654072848723657
IKIBUC	0.09964917832492126	0.35240234878762733	0.0010207746909307591	-0.2684337673391555	2.4151633105363057
IKOWOV	0.01789548633178875	0.6968217989312602	-0.5418239560911983	0.15743416859979772	2.075920057845232
IKOXIS	-0.01577231710222375	0.2042158163499468	0.25027782916632924	-0.20611892810086924	2.058787970609646
IKOXOY	-0.04047652358038027	0.003930258211348736	0.0810978728294669	0.05805341107378977	1.5701172582532195
ILIYAD	0.25367137917861593	-0.8618551604455438	0.6046900927913477	0.3802008937218017	1.3018659517873008
ILOROT	-0.0034932872023037964	0.3003711720543669	-0.47913192853155473	0.7677540134950893	1.1792284250430352
ILUZOE	0.15707710062521252	-0.16292041562177983	0.24245843423450486	-0.160575424654256	1.8093081922979448
IMACEE	0.1362789273071438	0.46528815540153134	0.02474246904096078	-0.1640773061158409	2.3442908761512404
IMAGOS	0.2842534135619225	-0.409913815149876	0.3900521718391814	0.09067713816379712	1.6852515445431568
IMOREI	0.034691582028447715	0.6501096230448948	-0.5310714851845467	0.03321132731864473	2.2901153042294924
IMOXUD	0.08273119444658697	0.14762752648372945	0.0755696786456459	-0.08142104631572519	1.9306017351217832
IMUCUO	0.09855237240597425	0.13374409939123488	0.22408418111867934	-0.18704413883541524	2.0227998606895223
INUHUU	0.05372600292694102	-0.36404938262133424	0.26280064185233276	-0.4341026465019383	2.1724756473357894
IQAKAM	0.11303497618535402	0.7858830374768746	-0.5428402403127935	-0.5054103693143108	3.750311127655869
IQAKEQ	0.08672702151040368	0.6815428224039448	-0.5974062139726211	-0.20648836745308158	2.7019235309096494
IQAXED	0.04711183949492381	-0.02425103558162789	-0.12147286830298198	-0.15362601550462204	1.8665935323080078
IQAXON	0.03262507048683791	0.4426734343136798	-0.3940618053806605	0.26799993352155144	1.7270810826834815
IQAYOO	0.05350934941457408	-0.054339747488514334	-0.04107418336367763	-0.13482171974573637	1.8061630744165813
IQAYUU	0.05022126894508072	-0.048158912051287306	-0.056059871109434	-0.13599859979517664	1.8076329386661918
IQIWAG	0.17133047450587174	-0.34809606522932457	0.35731174426988344	0.3977324993568757	1.1826381034967755
IREYAF	0.023444822425036177	0.17006821402328987	0.39330636558946397	0.10604907046038078	1.403492710033357
IRICEU	0.0003804039331001541	0.5120570910145061	-0.3205985537633155	-0.039105250694475936	2.296436375467758
IROBOG	0.12289957091608755	0.0910779959914052	0.16147975924999614	0.16314806215678068	1.5635064936992638
IROCAT	0.11113250601494706	0.027957631237212954	0.1615312314712709	0.16143063670191213	1.5141762504857597
ISANAR	0.04018755751876371	-0.3346287575146447	0.12436923450156745	0.17906473597361333	1.2947634731020758
ISANIZ	0.03565086388375718	-0.22477056879942126	0.057821117035394165	0.20050617053694833	1.3618208294946812
ISANUL	0.003744396627976404	-0.1946506387956628	-0.12345031676155394	0.18716262735413092	1.395568032651882
ISAPAT	0.046012433132385455	-0.28145027006535894	0.11557913548994048	0.2540104683217453	1.1943963749333903
ISAPIB	0.013344584460701775	-0.057371332397463615	-0.14135224898931953	0.18274868991136747	1.526431404679099
ISAPOH	0.0017162930167719526	-0.2055536547016792	0.011943362993076523	0.07042052172431426	1.5048484009029641
ISAPUN	0.016006282908482855	-0.24151113401433744	0.1135589374717092	0.07327871532793562	1.4773222593108701
ISAQAU	0.021954855770076137	0.1175456342547081	-0.355892622850852	0.17255025444014313	1.5846923882065787
ISAQEY	0.058675936794817196	0.020087513960437953	-0.32573702547209216	0.27496331868677354	1.4160956209023248
ISAQOI	0.0594367840964902	0.08732704601043606	0.05284810710943999	0.013657417492712699	1.779103268992707
ISAQUO	0.0631250128423996	0.7057134014089317	-0.7040407295288026	0.0844063322138372	2.2488370311211345
ISARAV	0.010387735348880933	0.1882448967664958	-0.3740237657497838	0.3199834768485831	1.4735866097443004
ISUZAY	0.04154488841284107	0.79846998386467	-0.7528361019784682	-0.038525066926643765	2.550031803814127
ITIFAU	0.03207540884949234	-0.1670694392794645	-0.10538222413821763	0.029889843738793505	1.4986920438744225
ITIFEY	0.03371073105186442	-0.17081184770056268	-0.10785066243420705	0.03934049075911801	1.4977457277633746
IVAWIL	0.03509171020982313	-0.1965392386120306	0.29895652351839086	0.28710661919475844	1.2385270334232494
IVEPIK	0.03846416781229672	0.3179012412690043	-0.32903016211616953	0.32435838848462045	1.4987594879680377
IVEPOQ	-0.003648091471346371	0.4840766390158602	-0.5813863139452893	0.37833340248288877	1.487342461217057
IVUHOW	-0.0003250877783859407	-0.04985255913038911	0.24012878340092625	-0.41935790048204225	1.998997760004525
IWIJON	0.2176338956221252	0.00018964782453201323	0.1748318945602121	-0.39968723389003075	2.3590818332729824
IWULUJ	0.09289206329346486	-0.34838436210189094	0.4410832942384437	-0.031656817123460135	1.5022293287837076
IWUMEU	0.10725379428392576	-0.6685301797088852	0.5344244403126055	-0.011864312599134574	1.2871912683401656
IWUMIY	0.09850113962275378	-0.30789759220210744	0.32878580595382556	-0.27578009696327455	1.7946778868298736
IXABUF	0.030809680343760804	-0.04254752846424692	0.3354392265531818	-0.1536303848179477	1.8001423356774189
IXACIU	0.10887602045985142	-0.199477178619202	0.19242494113276232	0.22347309995138281	1.3040952876594947
IXACOA	0.06664058643761886	-0.2071595133728925	0.18301516579836208	0.21390486639752676	1.3119926410584932
IXATUX	0.05371220352271511	0.43734402945209583	-0.08776611316082383	-0.024814352957042964	2.001800837990956
IXEDIZ	0.06097271937845228	0.6213311801178656	-0.4839574144923464	0.08923106502679778	2.0769380426104354
IXUGUD	-0.031464245034540844	-0.4042134290171995	0.37899349452726594	-0.4333344797846733	1.9026580135427387
IXUHAK	-0.0346164743342523	-0.41356928187156017	0.37151333153225496	-0.456984437523675	1.9429969164777496
IYAQUU	0.016118475884268763	0.6712132396688948	-0.3815919324488072	0.28004528655747424	1.9096894882961926
IYIMIN	0.04673168183068116	1.15392253315412	-0.9892384267469178	0.49249888711285356	1.956309401210653
IYUDIP	-0.006105077773260331	0.8297568292464459	-0.8011657135687487	-0.33796405267700175	3.2316135290181425
IYUDOV	0.003558312332952257	0.8291950818238933	-0.7900283465132059	-0.3140324557623481	3.107074722807242
IZADES	0.11522941903399295	0.3560230621237479	-0.04599796927171407	-0.1684815988961856	2.2137040507913706
JABGUP	0.03652282210149663	0.87294027355192	-0.6883595097280335	0.08193994966471108	2.4246978853155237
JABYAN	-0.006894191069413774	-0.07528390027936416	0.37889571967270674	-0.35926885677418524	1.933335162195383
JAFKAF	0.06090428938889822	0.08875179813690881	0.09441375955107878	-0.138061615854628	1.8384339793543032
JAJHOR	0.05336874373115921	1.0235176396926176	-0.8460173771908366	-0.2710434786259237	3.35778111787838
JAJXUR	0.296618928259616	-0.3589065974223611	0.13772175548756382	-0.35974531552008965	2.0883744975947156
JAJYAY	0.21882979970764788	-0.3325544324821874	0.17725430619558957	-0.32466919383172793	1.9462065075345436
JAKDUV	0.018107236157488882	0.22448048919152042	0.11703135229013961	-0.3963119008102176	2.39167141251562
JAKJAH	0.19124989606515397	0.5935083181803349	-0.06401021137700491	0.26614820804577666	1.7384298365636255
JAKJOV	0.008075777844028603	0.934960659496268	-0.7120576302013839	0.019498876458853672	2.5889746412592105
JAKKAI	0.029485512359290977	-0.13286710956147907	0.22415340132550154	0.017704157530251955	1.5951391231928111
JAKKEM	0.10979011285578899	-0.1977520568075133	0.3149534087594932	-0.022917519459242544	1.6043370848298
JAKKIQ	0.1821462800292145	-0.1357944354178664	0.251059500254077	-0.014089136018769627	1.5362128051828892
JAKKOW	0.017457008190467582	-0.17820742764974273	0.2775954091341464	-0.00814694522709759	1.5812246503136924
JALSEU	0.050076767413159556	-0.616822294177457	0.7481881233874312	0.3929495396809053	1.0095847997296785
JANWEB	0.04284165058018807	0.6209478656086334	-0.18117730290359535	-0.3345460917259858	2.8373994920610293
JANXIG	0.030093302659230936	0.1631982994122816	-0.01101708017756775	0.1264155790502061	1.6221024498826364
JANXUU	0.05976897874905926	0.03763996235877709	0.22666043421921556	0.33613810902528146	1.2729805344621632
JAQPAS	0.014663926005113181	-0.02960737307849648	0.3273305835206053	-0.4865369621431703	2.514066732831712
JARNAS	0.03742948799276502	0.4887256905866768	-0.07681801084863049	-0.008442500447932742	2.0374978525875735
JARNEW	0.024131916297022465	0.4656366625641639	-0.04093592230595133	0.024956633232867897	1.9325851952925734
JASJUI	0.11655072582115153	-0.24879442782436456	0.3053417007055246	0.2132259867517282	1.2722617315890457
JASXOR	0.04777753544780586	-0.28827940404620156	0.5219750266568697	-0.07954306522597215	1.7122950198956401
JASYEI	0.17085586702820876	-0.3589516632178329	0.4843410480610464	0.06892166798035052	1.4276835350087742
JASYOS	0.0042281404430701275	-0.1644118718056613	0.151455881996726	0.10621266499562113	1.3858694259617967
JASZAF	0.053328989223630024	0.16332510104145515	0.07848116894988144	-0.3472626482461306	2.5706778921057563
JASZUZ	0.035050220677504296	0.7172723151353932	-0.7235953176881355	-0.10840916145689712	2.5798121457447056
JATDUE	0.03813406224610991	0.35575409546030956	-0.013448240216707541	-0.16906533221708253	2.1966930624705476
JATFAM	0.05814116722238605	0.20041973776365518	0.022908182181144543	0.03729238265092305	1.7108302787203604
JAYGUL	0.07596972184998019	0.46054202170898195	-0.07212922271918454	-0.14640535409614885	2.2574249361010077
JAYHAS	0.13955825204845573	0.05202346964909976	0.5779422482270824	-0.3239546910829132	2.1177186002491233
JAYHEW	0.06418873117498791	0.3561141953075837	0.11877567260661892	-0.04855992679393266	1.9440647153585469
JEBDOJ	-0.003731675242216348	0.2883504137113282	0.06210605391129653	-0.4487981097774125	2.6278175882224155
JEDGOR	0.04648935902476478	0.02369892085651326	0.25888517361537433	0.36570771545071634	1.2542061737952643
JEDOOW	0.012283391952904205	1.09093489662509	-0.9019745485903494	0.6193054944909752	1.6453011159279485
JEJDAD	-0.0059803866735193695	0.3144314910247341	-0.5330794230891437	0.654734697413051	1.2731660427630014
JEJHUC	-0.0041107001164850665	-0.0033021888615691886	0.16656251929128252	-0.5267673695663401	2.569399762038101
JENJOC	0.013630098282378489	-0.34773335745766065	0.16685330636568385	0.07528418370124532	1.364287525373494
JENJUI	0.027663189659495102	0.3320719836572379	-0.10351712412968506	0.20594725518097287	1.621302772757824
JEPXEH	-0.02532416395313157	1.0815945557855522	-0.90411368505373	-0.6906412705433744	4.472917025168663
JEPYIM	0.110716431316153	0.6001263082531536	-0.5906888738709801	0.4080411877837019	1.6170863950570642
JETNAY	0.07445103669955452	-0.04736967863773334	0.046433373111127274	0.3754472828366296	1.2741576839808404
JETNEC	0.042070196166908935	0.1365964039185279	-0.11457258758297395	0.17698849056030166	1.478177349583615
JETNOM	0.05773754450672594	0.07496760639434275	-0.09741588431469039	0.20325565554918004	1.3743641089033134
JETNUS	0.0627529000558896	0.03708850602677094	-0.007293902072753156	0.23527566443879486	1.3002147089728184
JEXBET	0.03081302996505464	0.8941692271847574	-0.765284879190763	-0.053657967477566224	2.7364489189959746
JEXYUJ	0.03948501496768511	0.5579375089112886	-0.450260504262752	0.5693503914428033	1.4230123626156224
JEYGAV	0.008522417192048548	-0.15768371097267586	0.4446554451797575	-0.47181521620990846	2.2130668710662205
JEYYAN	0.051205917795768	0.6466242026432361	-0.509928501167161	0.1987555824394133	1.9297688230311563
JIBLEL	0.07301738703542113	0.5798142168683067	-0.28620950090815955	-0.22234880472391003	2.611159629728175
JIFNAQ	0.025682467681762078	0.9244317876346195	-0.7455846602912557	0.13118781318200717	2.412891302817769
JIFNEU	0.007393961225071494	0.7521541631240933	-0.6680615912466255	0.11304733501559354	2.2053086446815335
JIFNIY	0.004434865557300688	0.9283520585183722	-0.7628951768539952	-0.019898970877192314	2.632665484033677
JIFPAS	-0.0044897575252287325	0.9287740055270564	-0.7265345952348499	-0.004971301685984399	2.6560909365080665
JIFPIA	0.008028401983690842	0.7296864766302273	-0.6148634920505173	0.1585712641254657	2.0772861476437554
JIFPUM	0.08949448549803485	0.3736817581766956	-0.0871482740221241	-0.1800964593359993	2.250820797381639
JIHXIH	0.10151630346406001	0.4156550977145632	0.0030052728505416404	-0.24180338551731628	2.434767622468592
JILLIZ	0.07031332764969395	-0.6518417393825371	0.6785671368870343	-0.005536231917787144	1.3281192379190763
JINPUV	0.07682911462158157	0.16108766627074989	0.07379108869764406	-0.19980151615096298	2.132495479889762
JIPVUZ	0.18166042247421005	0.8629784848060535	-1.0127376765995895	0.7815665725073552	1.2961531208476476
JIQMAX	0.05991860052642328	0.8636700344174666	-0.7008324158051249	-0.16937432732907473	2.9882149050331543
JIQZIW	0.006430009517755297	0.28313142116551004	-0.03832196129569265	-0.7990835026584321	3.6937700844382917
JIQZUI	-0.0034997209904638615	0.3232965147854592	0.08270953240312862	-0.7945613774053805	3.63400820845911
JIRDEU	0.04253556880362064	0.49552998229253875	-0.2335236782495297	-0.18639798539960797	2.3648846502056498
JIRSAE	0.007366430073054597	0.8273936013560239	-0.7143592495584924	0.03812053620786442	2.3209550523067066
JISROS	-0.01904660943946078	0.922697140204201	-0.6877423280595794	0.36769045259224536	1.9080527791668502
JIVFEZ	0.053325798829900545	0.5673048743362981	-0.7035533493107036	-0.0337553513230603	2.3291543931057137
JIWDIG	-0.005433430708014039	0.6531600681580616	-0.20301463794547425	0.5535561225701299	1.4731910600497469
JIWHUS	0.002642961090974616	0.23255821129661536	-0.06553745657708077	-0.6827135534566305	3.2211673887480683
JIWYEU	0.2695847544847199	-0.176228248085319	0.7637341730817446	0.23628080294656642	1.595829873079583
JIWYIY	0.24311010465260163	-0.1440053738754834	0.6742107130475028	0.17843656318562867	1.460647702729287
JIWYOE	0.036067749770159224	-0.2021550256628477	0.429377305437072	0.14575673937217004	1.396657742723038
JIWZAR	0.020564985325086882	-0.35383605268303464	0.6459448803349555	0.46334430828029927	1.3813601176229042
JIXGIG	0.039322302254751	0.5267565148361206	-0.47464232122737815	0.14557461675302155	1.8259447696731541
JIXGOM	-0.036639012167678314	0.6425941771191854	-0.48828267420699356	0.0422017126723042	2.2089925501688255
JOBCIM	0.01825307709178034	0.17666309767805144	-0.4751439642443225	0.18629534220994992	1.7378096700454795
JOCFAI	0.03634626875689281	0.5789296014036682	-0.2586700944661071	-0.40681276026893887	2.938763946934815
JOCGAJ	0.11946727687914502	-0.24020932438605813	0.39244210303068594	0.2898209651298582	1.3182822021897393
JOCGOX	-0.012014691732558785	0.9803791792285392	-0.8722046334706735	-0.6122452466055718	4.122257674250554
JOFCIQ	0.03632731785861906	0.6067024209215552	-0.5789211621878401	0.174952179220529	1.9683788653274141
JOHCAM	0.037912918531823214	0.04922877573217965	0.3907452783572338	-0.2124884736356216	1.8464876351965755
JOHMOJ	0.037455091533663276	0.5530846608773721	-0.4577779098928004	0.20946859903903176	1.8592950986367165
JOHMUP	0.01945924921059075	0.4256328434045691	-0.4843266985433564	0.4117302082407711	1.502065964422184
JOHNEA	0.032562500277555	0.5580016796829681	-0.5111617225867037	0.18017370466431837	1.9918510636408162
JOHNIE	0.01993551422007836	0.5750282567775513	-0.4601036768417568	0.25689260449439866	1.8138502782434833
JOJDUI	0.008900038964344381	0.023395496146713324	0.38518787019244405	-0.4766084705852464	2.2201294517637926
JOJFEU	0.02458126134571209	0.019403579287889272	0.37548011968302797	-0.4897508710635967	2.260442001585749
JOJFIY	-0.022218928946444047	0.027976385117634894	0.4192023953253883	-0.47371864170164324	2.1645328723458066
JOKWAL	-0.01808138886175456	0.9240568990256839	-0.7656935059867399	0.046112519034848136	2.6068218633985287
JOKWEP	0.059462956681766654	0.4245868629640932	-0.1262770459360889	-0.06151074221353475	2.1697682468704764
JOKWUF	0.014363488744618097	0.5250450240865994	-0.5193213900496717	0.23960083607310195	1.9310122815183022
JOKXAM	0.04533420001626831	0.4597980978358387	-0.18256217274349462	-0.0991709360583642	2.312247814457915
JOKXEQ	0.017057074501945324	0.42371841157708046	-0.12448801483346239	-0.061379147573587034	2.189594406777731
JOKXOA	0.01831398409805421	0.5814892133348306	-0.5037898902261004	0.2309977461142401	1.9462611897465218
JONBET	-0.000766229736295615	0.860047266401859	-0.637525320672142	-0.02513317493415783	2.565112612389627
JOQPAG	0.08475261524563457	0.20896462666652882	0.37708670177757897	-0.3246291848760563	2.2968773266047893
JOTGAD	0.23277170903263755	-0.6330600944661877	0.24912348292194775	-0.2620720596979229	1.761913562555994
JOVZIF	0.030000136565809077	0.0789138277821273	0.22482059706081148	-0.289777400615883	2.327757690847276
JUCHIY	0.03968099531400224	-0.5772866741873375	0.5023029343088607	-0.33626015008059074	1.720670717815389
JUCQIH	0.08064351235847814	-0.3092803204186847	0.2317673658981294	-0.20674110074070126	1.7953438945772744
JUFSIM	0.06384288801717461	0.8488333249913587	-0.7475748010795491	0.06830736692525996	2.427996211974501
JUKRIQ	0.20188419808123803	-0.4528928390443925	0.5686624103745141	0.19983756706090813	1.1821194638136465
JULMUY	0.1384321091710975	-0.28463856542146226	0.08936771766163498	0.3296292824342983	1.1119297514860658
JUNYAU	0.26759228462255474	0.7684726328571156	-0.6158037242301637	-0.13083995877913002	2.590799930441255
JUQFIM	0.021368885564477913	-0.07670299180469975	0.34401979022076756	-0.18194872172687132	1.740079707278263
JUQGAD	0.06236135543163615	0.16321023771052845	-0.020964511436087463	-0.1916746975214474	2.266695480803257
JUQVOJ	0.06254777707224315	-0.36000029099439956	0.21276366264323654	0.3349426345710873	1.11484206369035
JUQXAX	0.061720255476793495	-0.3552110007836533	0.21321276297853609	0.33645601940777575	1.1172782815775748
JURCEE	0.13358402880694376	0.1682341882325753	0.39665845600362615	-0.015052944285569289	1.7858725015203536
JUWSID	0.16618884216192237	-0.23082172512578492	0.6243858425965074	-0.07258500226308467	1.9475854602792864
JUWSOJ	0.21513434814545518	-0.023238435360197318	0.4048090537326119	0.038047328268374814	1.8924083180253921
JUXRAV	0.11673971287559451	0.3653324504302149	-0.03812457830933469	-0.21131283395367279	2.347231532297001
JUXREZ	0.12943616380136613	0.2604749445417398	0.036828318171910235	-0.17337886607812034	2.2175965993039806
JUXROJ	0.1404889293155897	0.48931743751986145	-0.22931529335118306	-0.4058734263867816	2.847404388607178
JUXRUP	0.057961479564670265	0.4596532213284763	-0.23867754934772756	-0.5148911584963968	3.1196442350293663
JUXSAW	0.05432225421753367	0.45974122337362333	-0.2397439110770302	-0.5182939061833728	3.126622749559704
JUXWUX	0.033468221158719086	-0.021644689884900092	0.3411952226878012	-0.41531386936878945	2.1396505746275225
KADDEY	0.07373075700384665	0.6995178568259033	-0.17740922138414006	0.11757722658888352	2.0406450260516285
KADDIC	0.08442900576165013	0.7742762056969856	-0.2314757286180733	0.26939061399677156	1.9176687096671587
KADKOQ	0.05286264815903352	0.09339967252716708	0.279271842848166	-0.2762073527711192	2.05488880018955
KADMAE	-0.007965942779630461	0.041926900391844324	0.24762115920733163	-0.5450283917246349	2.442768633701617
KADMEI	0.009369020509648412	0.04435237712727469	0.17842411367558864	-0.45527773105474395	2.1981569383779114
KAFRUE	0.03060313791785113	0.0820841556052394	0.16176565042433433	-0.6135147392706607	2.858848711645803
KAPVAZ	0.0065879231539080485	-0.008149217782866813	0.24280029206219056	-0.2684614211680674	1.9284714282038782
KAPVED	0.022244786240811082	0.022084855559865613	0.2521057668044968	-0.4014289057322881	2.160323147259379
KAPXEE	-0.007721735893451931	0.38083579865777795	-0.030314393206859247	-0.1537151649396689	2.068819849469012
KAQLIZ	0.000337665962934941	-0.015471378467302621	0.3535380231796461	-0.4301904899074935	2.2712134736541305
KAQWOR	0.10621679745774387	0.027707780666030413	0.06032221899335788	0.10985448398374449	1.5073583809815403
KARPAW	0.24549630286249197	-0.11665487991066437	0.5494932641842363	0.3819445520837035	1.3795657470299783
KARPEA	0.0002020555083447062	-0.07523005861592758	0.10584820224943248	-0.017663346428798007	1.5670797213091547
KARWOR	-0.008036835492898756	0.16250181525644614	0.23540088732590037	-0.19584240527286664	2.015280359113953
KATJAQ	0.22054152276390349	-0.4952700124338598	0.05985174283196981	-0.278909675881897	1.8230819692814195
KAWLOJ	0.09623319077586592	-0.6983883889451632	0.3946931766152133	0.26552345067234023	1.1293964906930893
KAWSUY	0.024711489485987975	-0.03864623067119943	0.31966737796000055	-0.45765302427538	2.250413566254002
KAWTAF	0.06892364735657774	-0.07651194715296183	0.393416614389696	-0.5100820834163416	2.40973601367132
KAWTEJ	0.03834467783555337	-0.16350350819952553	0.3508182417125745	-0.5108133107556064	2.2098379483248896
KAWZIR	0.012717254503774617	0.798362640235871	-0.7335657225160976	-0.014956301786973391	2.524491904728687
KAWZOX	0.005179420463931772	0.8873724782830386	-0.7677451538316797	-0.05400031473392533	2.6436549860756444
KAZMII	0.07005994756435283	-0.4078388973898788	0.2517541528823697	-0.4766320387308379	2.2314122987004965
KEBZIA	0.10860985402490164	-0.12732060716345162	0.5729846399079355	0.20722199937241306	1.1539997269839424
KEDKEJ	0.011856086921320452	0.8295625823337276	-0.7337238560030022	0.08917357237939089	2.377061953599239
KEDKIN	0.02765917606967036	0.8260581561523677	-0.732934671719806	0.20738856026647523	2.1208421756994964
KEGBEF	0.01155486603423675	-0.13470885088756557	0.27539070800869236	0.11305614964204055	1.3188514292080593
KEGBIJ	0.2022538903185993	-0.059759718555364216	0.5289092457299214	0.36423929342026207	1.334190860393687
KEHXAX	-0.041858796846361276	-0.1660921237171631	0.5903750101533403	-0.18192454783738624	1.600244072060314
KEJPAQ	0.07122386743726178	0.1390250154124102	0.03688114141179932	-0.15645924986930718	1.9793243951011004
KEJXIH	0.26421978175609023	-0.6748382706650089	0.7425666839596639	0.48855316171043695	1.5158550403115059
KEJXON	0.051748379197810945	-0.11561641539990175	0.44556034218442075	-0.38528960050867483	2.23549978591035
KEKQOG	0.09780342614159948	0.3019044555330219	0.07828636908691844	-0.09644156755128827	2.133278551285436
KEKQUM	0.13526697774265284	0.17624218795041102	0.28286165072506897	-0.1716503441885057	2.173308355320646
KELLOD	0.048419167549794306	-0.019661142735006187	-0.0350481733045056	-0.14571913290408492	1.8721283476815744
KELLUJ	0.0544083594681643	-0.08467766976292035	-0.053438531424337965	-0.0636207504709456	1.7044125263615713
KELQUN	0.2955259013257944	0.4541388081003901	0.4131724977313902	0.09884461896624783	2.9117786641338914
KEMBEL	0.00103086974028746	-0.4851453077804697	0.40696491625569187	-0.10605806414356463	1.30439466813596
KEMBIP	-0.004609048337995358	-0.7085408866520537	0.4163334587055574	-0.16998370915224245	1.2664342647624316
KEMBOV	-0.007675895937318558	-0.5000673753234901	0.4528126468705893	-0.1480250367327958	1.3381092868823536
KEMCOW	-0.0064486554145548325	-0.588943751774019	0.2840992595065224	0.08504802380062845	1.1154630856048713
KEMVEF	-0.0034713276038190743	0.7757338055702996	-0.6495776679471155	0.10306782104752077	2.2870818860732243
KEMWEF	0.0774888658586011	-0.2540813764374019	0.4301580318367926	-0.1739732749607316	1.611270771335818
KEMZOS	-0.023401564886567847	0.10893089175407944	0.545510820812392	-0.12317314038371557	1.6275473276183086
KENMUM	0.050843248632827465	-0.03638864408019282	0.31720422882047017	0.2767966045429278	1.2881324435319141
KEQQAA	0.024564000510952838	-0.2279563338530628	0.1532122168123331	0.024104615286779464	1.517389234288565
KEQQEE	0.03227009921423396	-0.4687554862612906	0.1582341826461271	0.4645564791981615	1.0616243436231276
KEQQII	0.1248320411730523	-0.034643562749990586	0.0882366109537942	0.41459775214555555	1.2022020010949783
KEQQOO	-0.005585976500923184	0.23666237875361995	-0.0625837460281391	0.2090303098858148	1.557873089514323
KEVVAK	0.02837936875014138	-0.3426188098819285	0.3688527239984334	0.1199115990192579	1.2701651323461745
KEWQOS	0.08760326691900142	0.21251305671496423	-0.060310602236181676	-0.23414529211674212	2.233996655345877
KEXKUU	0.05899593123884819	0.2032552126796907	0.003899812007121195	-0.46272706433607264	2.5338701012382714
KEYHII	0.010131503138325976	-0.2335522317364278	0.49873468099321916	-0.369910349309756	1.9041327887991466
KEYQOY	-0.007353496519680758	0.6437594181016322	-0.34557828942077484	0.4575602727419841	1.5508528308114526
KEYVOZ	0.10654897083451939	-0.6737400179495707	0.5118393601496736	0.3340832311580307	1.2764763834652988
KEYVUF	0.1553964892323475	-0.5532839629554211	0.4311914812320474	0.3527128265173131	1.2092308856757599
KIGBEJ	0.10615949452261994	0.7805145860898235	-0.7807609166230658	0.3126813700704241	1.8506092022453622
KIHPUM	0.33792230386119526	0.40976501648019203	0.5508348433741403	0.3593414944383664	2.555535768433238
KIHPUP	0.10915422892749607	0.5543888237584169	-0.3856323280909788	0.8005701746185307	1.2241928025434659
KIHWEF	0.007251410959272037	0.7901206720555165	-0.6204458981101053	0.07557164092673041	2.315672560992593
KIHWIJ	-0.004205602333287511	0.781644824077397	-0.6103460351577867	0.06799784749442157	2.2983848615236506
KIJLOE	0.001450150018199009	0.40721558348395837	-0.5764585819067624	0.44370470969400944	1.469107158791954
KILHES	0.1057071759472881	-0.2497706918252467	0.5261222399938368	0.11030900455078499	1.5677872094941234
KILKIZ	0.07061764204192941	-0.13956032303364996	0.19648935115395116	0.0714066417807041	1.4556609421525986
KILYIN	0.16083401851233703	-0.39433628139052557	0.35845806188060547	-0.11769718761226511	1.580145910559508
KIMJOJ	0.03555453933207797	-0.27088448235656193	0.31030935114575997	0.11391670491239077	1.3026246124737337
KIMKAW	0.033321763491850065	-0.3203852554371718	0.3261303498525998	0.11763513241177301	1.2792517343170964
KIMKEA	0.0184780179520998	-0.29364098477310696	0.3068150388139739	0.1508729658786876	1.2266705732924248
KIMNEC	0.048196911743447896	0.3696448092435287	-0.26824183243479016	0.659801032522095	1.166513403107941
KIMNOM	0.08046581928415797	0.7389366789887499	-0.6192651659657515	0.2232319891191257	1.8439474775573526
KIMPEE	-0.057267088680741235	0.7498423456411589	-0.617794043112636	0.20142654419109327	1.9445133472162075
KIMWIM	0.01831002367410381	-0.00850688388009102	0.10284605019332793	-0.4948079740468564	2.8289964262993683
KINLEY	0.036444330277943415	-0.06645025001534899	0.23815994944419616	-0.30153745969974177	1.9489907793653005
KIRBIW	0.10252784330352141	0.06956807632791762	0.3556988152797167	-0.17866176834436895	1.8913048437978999
KISHUS	0.012988016838833577	-0.5397536377250094	0.3729296269444171	-0.12935062697881977	1.3485004083605285
KISZOB	0.0761529882681099	-0.015977792556281845	0.3092804148823578	0.011334840209712631	1.6010866802466812
KITSUB	0.00836181968893046	0.1958031741825068	0.26706148654036443	-0.4542719473578048	2.550756346646829
KIVBOG	0.14902332375594934	0.334209991819161	0.3254756728766337	-0.3561409774767394	2.5152938664604183
KIVFUQ	0.08275485024203733	0.3317845268899755	0.25775351226785914	-0.48147601020562886	2.9625661026335437
KIWJEG	-0.04854355018367887	0.8024240128966853	-0.7307747491588842	0.2073244645296061	2.1370706774059176
KIXNOU	0.061090925525132456	-0.021895840207104555	0.2480154849769416	-0.3468127214334199	2.117535052978817
KIYGOP	0.01605270682691154	0.11521345089645818	0.45509830140316376	-0.465496317115467	2.1907977264872733
KIYPAM	0.20135123638187252	-0.6947380265812289	0.7804249870607767	0.23576866245143624	1.4060987443174562
KIZDOM	-0.006016762507274745	-0.009879071922568095	0.196247980689072	-0.3867895761294527	2.2089386061165186
KIZJIM	0.0862721545502935	0.3114524685357476	-0.02579657057032203	-0.11751573640560206	2.054375493235712
KIZTES	0.11093337504978742	0.02860085099565879	0.4115852862751401	0.3598086824234683	1.1141895845640042
KOCDUC	0.046988119275551826	-0.21578772779598543	0.019730693941738098	0.05237770391547502	1.4464232131945
KOCFIS	0.06840529487831976	-0.18009596465142597	-0.07368130062872691	0.007445999107441294	1.5283499180124918
KOCFUE	0.06667304358624848	-0.20292977524503852	-0.039982384071141075	0.056275945636787644	1.4555751319577634
KOCGAL	0.05562796783941054	-0.3060926161946145	0.1382970468568745	0.08008332211941088	1.3576511649248777
KOCGIT	0.05013143888499805	-0.28916081525453263	0.11223469713018885	0.023246701596311772	1.4642200172302733
KOCLOF	0.0652420114436914	0.11972841246230237	0.12434031385084632	0.04738997049335892	1.766457178399023
KOCREA	0.0894472607879365	0.2622645772919161	0.1820191168448162	0.10877237877251784	1.7077078930057277
KOCRIE	0.11781465059227916	0.26176781818982287	0.13760061517461897	0.04087592251825499	1.7629779102370369
KOCROK	0.10916363976810683	0.2410453496752507	0.18970261596900517	0.10934629455516857	1.6870961316789148
KODGAL	0.013215182115265706	0.31235888880121765	0.1998374403299077	-0.9417743093149463	4.196306478502735
KOJXAI	0.03321228000971857	0.7605632139116989	-0.5649238776203784	-0.014632039541400483	2.462959165139284
KOJXIQ	0.013561306685049235	0.6701424740134976	-0.4295091657958443	0.22979547471092943	1.8652629191276497
KOKDOE	0.00626779042336692	0.9052251269377529	-0.6985651382193938	-0.08501371124476681	2.7788370185937836
KOKKUQ	0.0406954234803025	0.7897876981550636	-0.6170330027155361	-0.1113732681614556	2.5563401727070483
KOLROS	0.03872267351784753	0.4459180197471242	-0.4580772398149128	0.22687908351774802	1.7050951261431915
KOLRUY	0.05640375654514285	0.6077514559693777	-0.5433649731072285	0.38403482854794707	1.575498757556975
KOMMOO	0.13901817805241717	-0.6576643938547111	0.5047083152341885	0.42486065999743594	1.2589079008669164
KOPHUS	0.1165615519042851	0.6649238410519049	-0.5805738843488158	0.5586416500401767	1.4551406740596953
KORWUM	0.1444991632104894	-0.38209159187632924	0.638900917620187	0.293714058724031	1.3131274850437018
KOTVIY	0.18414290072045758	-0.06913923955729073	0.37775489131181805	-0.24900092419934405	2.2482590548634245
KOXGIN	0.32014998078621254	-0.8460595739175285	0.6685269847025677	0.4457494620865182	1.2926423000053984
KOXWOJ	0.016985708987597464	0.7934484759954938	-0.6892412861138286	0.101300228148186	2.2909926306588075
KOXWUP	0.005245305346199519	0.8487716161498526	-0.6942177161072746	0.018507560234102348	2.526753784939467
KOXXAW	0.005444847774619843	0.7517333077795523	-0.6572897548550892	0.046217840547907174	2.357985102236906
KOXXEA	-0.012735058161835372	0.8533491728179636	-0.651156062893286	0.09780451806378113	2.380669452046059
KUGPAF	0.017984890156901023	0.07641277515526879	0.1669102419595594	0.21434866961348525	1.3912874725080284
KUGPIN	0.04287270094305598	0.26768761486961123	-0.28639507992287483	0.20521627174084486	1.583387237873715
KUGPOT	0.043040528241404336	0.5592478394120604	-0.512555649624037	0.2916245108107365	1.7163283260914024
KUGPUZ	0.02496784320221418	0.4645593515766513	-0.4465912663365168	0.4653231497327872	1.4322115535421465
KUGQAG	-0.0008318649821642543	0.4926744219213224	-0.4640668527311158	0.46570367842515853	1.4412136878347195
KUGQIO	-0.0039051301031839125	0.8847595542439657	-0.5166999252324411	0.294939631732784	1.9893994098791006
KUGQOU	-0.03360259456805578	0.6519080772117296	-0.49136089158749874	0.4634537204258221	1.5927323664674522
KUGRAH	0.05841263715127781	0.6057768629869451	-0.4663311644198387	0.5157855228836974	1.4629837543439859
KUHFAX	0.04541129375680969	-0.3953334985512402	0.029353584623855955	0.030157238970995693	1.4629556914657873
KUHFUP	-0.06710527701533497	-0.28297955067800595	0.3956293732863152	0.13254089463810487	1.2926388027578672
KUHGAW	0.09944080590420767	-0.19973841601415465	0.5509264667587588	-0.1799684083933494	1.5601334024431892
KUJGEC	0.06311333766770266	0.006564109795889728	0.10937660483180323	0.184418290616858	1.3168353081637103
KUJGIG	0.006260819949959279	0.22522372029958904	-0.31046854822878667	0.28331286519396237	1.4510650367720273
KUJGOM	0.04896208894539472	0.19802641215998618	-0.13794094782799737	0.3207941111410761	1.4149324165488208
KUKYIY	-0.02365315077336358	0.6083635308535764	-0.39391610027783963	0.3263333924023032	1.7677648705161157
KUMBAX	0.221999836095508	-0.14030266608150255	0.28159885094627457	-0.44030545336471505	2.4844298506696205
KUQQAP	0.030776036889299335	0.028204312519747532	0.17378090358201348	-0.6271288143097975	2.743160844938391
KUVBOS	0.06903517084476152	0.0687793342341152	0.20945327531519187	-0.47462631338766104	2.6195449829904573
KUVWII	0.21809807872760872	-0.8094504553744937	0.43833832591439736	0.3991145648825227	1.2066494724229644
KUVWOO	0.16989291875051205	-0.8320357949904849	0.6924614028997795	0.18664977937839583	1.232254274690092
KUYTUW	0.18175858702008263	-0.1742059869773569	0.3029317616517919	-0.16748611209972752	1.9161042104069934
KUYVOS	0.22615920166498743	-0.6653712587565299	0.363620000413319	0.20558910621614196	1.386092883090075
LADFIF	0.2734619276271105	0.32439911682964295	0.17613886609164653	0.33964742601002607	1.7780093414748337
LADFUR	0.2935124424701059	0.3109784733567511	0.18934068002689997	0.33909597720068335	1.8243222299645079
LADKOQ	0.27809446207816896	0.33529369049934443	0.21464928971384878	0.26084332837039337	1.8562976925225305
LAFRIX	0.12164434564488691	-1.0957819262021635	0.42684271638861104	0.056011817723183976	1.5983666613623282
LAFSIU	0.02371759336172119	0.7125220748179015	-0.6847272572891487	-0.03846303848236956	2.452803156761992
LAHMAI	0.04754574844333803	-0.3335484189084825	0.22930782918007453	0.5193124588281568	1.046878778877913
LAKWAW	0.0012196812021747494	-0.09160231863382506	0.3795397295525489	-0.05797173454316293	1.4573565260026076
LAKWEA	0.01136482645425907	-0.06513120159659769	0.5556476782555879	-0.19389200694414768	1.6490453287156193
LAKWIE	0.035462662528392946	-0.4542074337631794	0.27387321405914733	0.05683482827602298	1.2413815589258252
LAKWOK	0.027125225207048048	-0.13890362614078988	0.5289216325061343	-0.125877145940953	1.5391309584820279
LALJAK	0.13684552432784808	-0.1560501289846088	0.4683259264531354	0.1162773916460553	1.8428307537853492
LATCIW	-0.001608643583216135	0.8379376194984975	-0.7139289474836804	0.06026444028525016	2.429288772446001
LAWBOE	0.12899156231254416	0.05009607962937679	0.1133669760307845	-0.17416621548419514	2.128505564739532
LAWNAY	0.23517267581205697	-0.3798843781559955	0.4200021946344026	-0.24653453182979335	2.0747892118026328
LAWNEC	0.08193725338757257	0.08911478477701706	0.06218345358407751	0.0026568640812967507	1.730514517757306
LAXLOL	-0.057598362336742384	0.20533104154213122	0.26691232119908226	0.07277372481366245	1.4931591169680325
LEBXAV	0.07635112730985966	-0.40439582342877944	0.42534668694108735	0.22341476130540108	1.1929954668326208
LEDCIG	0.014886805204364778	0.1343803234354115	-0.48049573110365096	0.14419558642229538	1.7965058739855677
LEDCOM	0.02485680730224704	0.664108357963332	-0.5426903988898042	0.3421304392294692	1.6843081603225387
LEFCUU	0.03970795605496116	0.5874956347367948	-0.18731443325801056	-0.4859536214079493	3.1922121614634285
LEFDAB	0.04832892762981403	0.6095183026117739	-0.1723985788149005	-0.5079153401475162	3.212962042375321
LEFLEO	0.000721226665348268	1.0818281617001708	-0.8154850172752346	-0.17750667817382434	3.2557643150621054
LEGPAO	0.006873065726419603	0.46258856652453995	-0.5268709192024937	0.5559049458266239	1.375312250238807
LEGQOE	0.1649062240520548	-0.07795801425676085	0.31595303675817465	-0.5300491354062625	2.607205135007889
LEHBEF	0.01913732052355549	0.9205726919399635	-0.7540429485304905	0.08799252495705508	2.4631047148689817
LEHWUQ	0.015632851884518184	0.7534081307540395	-0.6034579769220708	-0.02253795372104722	2.451039942003548
LEJFEL	0.0691992422725071	0.2855901980458877	-0.050633230128572126	-0.37051257787104364	2.5144485872755915
LEKMIY	-0.0001929066305410565	0.018848618897568503	0.28774718283134004	-0.4531945742272642	2.1887382205139794
LELQAV	-0.003527899786831462	-0.34502712872603913	0.42912650794168683	-0.0666556738414713	1.4564719308546936
LELQID	0.006052330517949317	-0.3807346471102737	0.3958107429963451	-0.04308786642003832	1.355693675002528
LEMQUS	0.14858559522022635	0.36483511593221474	-0.14506428062877985	0.18931187095491986	1.6759055291564582
LEMSEC	0.01504933327320962	0.72007281341534	-0.37034103145911346	-0.4267678815422927	3.3875270505943202
LEQPUS	0.26975929662794773	0.958730145714656	-0.8742490706526349	-0.4005926970260947	3.564952414303553
LEQQON	0.20966041048177358	0.6328271484764083	-0.5033906955459945	0.9021663314131837	1.1402517026064865
LEQQUT	0.12479006980853552	0.7317495732709998	-0.7149672694320337	0.4020980561134962	1.6719984073850465
LEQRII	0.10460465237555552	0.3492328749103897	-0.18913643002968084	-0.008321236284063071	2.1241540413774187
LESTEM	0.03277121635002159	-0.17306687810569832	0.5506375136373005	-0.2393678589396736	1.5148870833695156
LETWEN	0.04410412602529484	-0.2171949569695033	0.26075953197021673	-0.5335930555917182	2.4123327301289144
LETYIT	0.03169294018458754	-0.08715981583399346	0.4836098424835005	-0.32491150314468986	1.9123469810080582
LETYOZ	0.015145398873882027	-0.06724039646256053	0.6338277330599928	-0.5112931216866388	2.3477014199602997
LEXSAI	0.032567422741857616	-0.1950282107375374	0.4292568674386874	-0.09833924342079287	1.4638379079098263
LEXSEM	0.018728516262029926	-0.16787715837144646	0.3544266678296999	-0.09247118265620573	1.5033776856100038
LIBZOM	0.09418160471201908	0.12197113191099573	0.07563540233176269	-0.1477803689588112	1.9619421716125756
LICPUJ	0.002740273224870804	-0.10917749396321241	0.10304501527133447	-0.14555610152167622	1.6921435712311106
LIFLIX	0.05659838344632867	-0.039236927886973305	0.1490652454366126	-0.29469687808684014	1.9916103974283152
LIHCUB	0.11744688413316973	0.1932376167673726	0.054768201153301055	0.11379011054437772	1.7207203162078204
LILCEP	0.05882669395497325	0.10136444082107321	0.35405697448038187	0.4116235750923511	1.328891698163699
LILCOZ	0.06764179752497329	0.017208595242853786	0.1319459713511124	0.10960386666308361	1.4578689875159125
LILGUJ	0.1437138489954422	0.30343908520262763	0.086940344552213	0.23758953799520519	1.618873294638504
LILHEU	0.024215487040889466	0.3742653647738243	-0.10696173249001628	0.24061316707646016	1.6353813523582301
LIMJOH	0.012712456199817285	-0.0011370166952167082	0.2236088388867612	-0.33919664530119564	2.073332311842257
LIMJUN	0.024189478938618947	0.003012076703721167	0.2043292544677917	-0.33875036745292936	2.0569013624169084
LINYUC	0.12346990838789584	0.16915603834288495	-0.06374839848303826	-0.19552421254653052	2.106965265384336
LINZEN	-0.020139995150227158	0.3032029792051074	0.053887796130311694	-0.4545790877252462	2.5404074727345596
LIQYOA	0.37086717013441595	-0.4206829027055976	0.6694369710797567	0.2828468499770893	1.6971811302350814
LIQYUG	0.02571745979325943	-0.41908641309579453	0.3454173583813276	0.18967942223757478	1.2474727101302285
LIRCEU	0.14618643406569548	-0.31320641495465606	0.854484021099196	0.3164813131227313	1.2802097104176036
LIRCUK	-0.006068320384337883	0.0008153590777379982	0.32217190501115467	-0.3748132664754913	2.054316910789166
LIRDIZ	0.17458572851371174	-0.20030957993207643	0.41528743626374554	-0.2519346100013388	1.833945391238166
LISNOQ	0.0629142854851924	-0.15724461715720572	-0.09788779169663786	-0.014135704492594135	1.657690978415081
LISNUW	0.01361111475356025	-0.225392484240031	0.11350653880646422	0.2493100629652639	1.3238533853929901
LISXEQ	0.09483475144089581	0.26900841377063367	-0.04843417007780082	-0.2140357837852257	2.2118317343819607
LISXIU	0.09502328907292579	0.2777252829106751	-0.0043756933046963375	-0.16322946380356965	2.1330576202299323
LISXOA	0.08486299054227606	0.2377504210210737	-0.03194128834261312	-0.15153985863581862	2.096018027937899
LISXUG	0.1792475121262131	0.29970940679021263	0.06428096141836015	0.20499095551770208	1.883108775378412
LIXMAH	0.2503570532896906	-0.40945378899312246	0.9216410745541079	0.42572056261475494	1.501444413974696
LODKUK	0.020557637738577272	-0.03179899498378358	0.28511662647244673	0.22008658170648387	1.259555543941314
LODLAR	-0.001899818873833642	-0.10833047120809614	0.323406810165209	0.22778184962352738	1.2511392834985637
LODLEV	-0.005552302951071342	-0.024791309893961166	0.2378215156450083	0.24457814983373088	1.2351973240421241
LODLIZ	0.031785917541227865	-0.06641355966080242	0.26414761391576236	0.1369771380094834	1.371728342217041
LOGZUD	0.03784108879022882	-0.08806207030213065	0.3183051232681533	0.2904850653729884	1.2691717016306518
LOJGEW	0.02288133571154699	-0.40132678182220394	0.4765690416234998	-0.30514762537390816	1.9079861261080713
LOKTEK	0.22432625952040924	-0.7403204475894793	0.4846781100450439	-0.12673144822266472	1.6025302728207216
LOLJAZ	0.22162751969388012	-0.10343726582972002	0.4393821801250388	0.3554217347726939	1.7312293128400082
LOLJED	0.2958967277253785	-0.3585622460923332	0.8744603808483769	0.548808119125625	1.5707276968847452
LOMWIV	0.04182230726791902	0.6044949199105036	-0.545111975584161	0.025467872224604105	2.203795217507358
LOMWUH	0.027589767992678482	0.6374169658434332	-0.5795312687789429	0.06844904134157534	2.186881985359012
LOQBUP	0.006834366836695777	-0.054956343193087065	0.2426072466814957	-0.1656357962472491	1.6351869854566248
LOQRAL	0.10505533199037026	-0.46204292690711224	0.23573311278265763	0.19886271345818063	1.2546580982868225
LOQREP	0.1873851123292664	-0.2106539457576564	0.09841555346988984	-0.036837272646599785	1.624509852203649
LOQRUF	-0.021239332953649034	-0.09570746684238651	-0.12390339176436815	-0.08071369262191307	1.7542792363766135
LOSRET	0.10346663493067151	0.1678362845385033	0.21578717693832972	0.14113238543179313	1.5975577969677
LOSTOC	0.03881459676242777	0.09839146250408648	0.21569086414039695	-0.4733120787219366	2.569804732359777
LOWXAW	0.04821641018155157	-0.09425931464491688	-0.0959871945329489	-0.03466294460575864	1.6656578022879251
LOWXEA	0.08373953707919671	0.14720735240128446	0.05090021196798822	-0.2731243493228017	2.2879404387569173
LOWXIE	0.05338212691980823	-0.20346654575116974	-0.021970282471322822	0.17149983165967705	1.3492011081333368
LOXSOG	0.05314174477309355	0.6043307323646601	-0.22319241988040261	-0.1297806376331512	2.422727901359738
LOZPIC	0.06931994704528843	-0.00354403812038262	0.2289933144950156	-0.22540985402041683	2.0765391856199638
LUCCOD	0.017174220881747415	0.8096828027738021	-0.7247754997641443	0.322640815578471	1.9950557681838392
LUHMIM	0.00340837581943898	-0.07277074815900031	0.6593322654543041	-0.5632902013129972	2.268740517251066
LUHWOC	0.015462315719647263	-0.07312970300888244	0.4594821450177897	-0.45816383447020503	2.129933840529053
LUJLIM	0.09471686925320932	-0.3908784457633039	0.259282237050686	-0.22608816606019697	1.77319246466719
LUJMEJ	0.07731616669555993	-0.40669589865320876	0.32445508184019034	-0.4249414690296074	1.9865789721304257
LULBUP	0.08641758994370177	-0.07799574383098173	0.10189520996444812	0.27175424583818286	1.3008835606730305
LULCUQ	0.40704855909913973	0.2200661759745004	0.4023876350641924	0.3741485480960139	1.5600651405912875
LULDAX	0.12324275693609754	0.02333198845917428	0.23370681471149313	-0.27325943024235333	1.9977868185943146
LULDEB	0.05813599728014174	-0.23496710457571623	0.31702958071444876	-0.0019340642972658917	1.5580992758722934
LUQVIF	0.14515930124006765	-0.1386089081854327	0.4375788871912154	0.24552949606138116	1.5216366471248375
LUWBOX	0.09962034535327485	0.1745382483015372	0.15667191486155096	0.037276619978504684	1.7129226856869435
LUWYOR	0.009752020246780096	0.9426358322523485	-0.7199777198611648	0.03936843345290475	2.6120093774158892
LUWZEI	0.02357637935839904	0.21157272000777771	0.09197966446544048	-0.663724732460962	3.160964764139611
LUYFIX	0.2595450859125538	-0.8163818228664685	0.6885917615029558	0.27966035489979196	1.5003537795239652
LUYYOT	0.04403116033188606	-0.15232214483297657	0.6971369228952602	0.4202303356239746	1.7812170306873618
LUZGAP	0.08885958140046213	0.6292478962041055	-0.5109763091333853	0.4175256012505623	1.5490773863431873
LUZKEY	0.09217362013775107	-0.12767024822030226	0.24156414040047447	0.059230472448638424	1.435963321472472
LUZKIC	0.13949203765028434	-0.1415152155687167	0.23345178154129087	0.1512945212128275	1.2813027532785064
LUZKOI	0.04799906073420859	0.02106332552607837	0.24265867252664974	0.10770834711283006	1.4927010279506296
LUZLAV	0.00401716655778539	0.478775992968425	-0.39310146792554657	0.3719412419769208	1.5680746189651178
LUZLEZ	0.05663431303231792	0.4355209594258338	-0.38188080296897053	0.4156710783543427	1.4531529636432239
LUZLID	0.12021759206268773	0.3761983628091312	-0.43559203770664545	0.38416791259477956	1.4398962719976323
LUZLOJ	0.04706048966790888	0.4772207595591733	-0.3892031116029887	0.35452804830684165	1.5770074558042053
MABQUF	-0.0032139639673668674	0.13231418330344002	0.39155552514492387	-0.008830185790706886	1.5650576557391562
MACVET	0.023238455830264293	0.7829364601445126	-0.6185755452319133	0.10798158763020073	2.2669172532980357
MAGGAG	0.20688715434895266	-0.38439949882588564	0.6847308277722821	0.38546542492790087	1.73772728614599
MAHTOE	0.09627991821810519	0.2443191797215234	-0.06185872143892568	-0.27870914747080794	2.3511376789896468
MAJMAM	-0.012163460123304895	0.8643203923496743	-0.7638272567639672	0.04206438818076394	2.4605983140651593
MALKIV	0.020259031614119766	0.441351959544964	-0.5216871493654407	0.033586153196530605	2.1251547210415094
MALKOB	0.01759579503693795	0.4894085737334861	-0.5417177375272085	0.07322978347280301	2.1489946559790356
MALLAO	0.009983045078060776	0.5845302666263295	-0.8668497043763318	0.39558005171785754	1.654390927689834
MALLIW	0.020753703135002022	-0.12460770148584466	0.008917352521530919	0.15233900663903635	1.4109556311606015
MALLOC	0.07682048123556925	0.27874439595748113	0.034161174795798166	0.16147974352143676	1.675365328427902
MALLUI	0.10765067782713114	0.00812515202260844	0.08104595379573931	-0.030598667690511713	1.7848210721856619
MAMQIA	0.037130048043374414	0.30827456337770576	-0.22891172277426008	0.19680236572052884	1.7027439092336738
MANJOC	0.15393259061025355	-0.07935301919419402	0.2671635921351396	-0.2416961571952257	2.0268579121981687
MANJUI	0.16379377020168107	-0.1028469237741021	0.3026303679261506	-0.21769019905148762	2.005482057070889
MANKET	0.16113880925119017	0.13992401029164192	0.17076545722061476	-0.2544000512947121	2.2855055314903976
MANKIX	0.17105498896076587	-0.03434791849456609	0.34415409458370094	-0.2594323379833764	2.23293377977003
MANKUJ	0.18896339704280168	-0.0822529360164519	0.37178090578452516	-0.3396046039393897	2.2797251485060874
MANLAQ	0.15598143082100818	-0.08261724432756257	0.30716848155758947	-0.2918592205636097	2.155472679995756
MANLEU	0.18115727809865156	-0.033297733083265335	0.2525816304898134	-0.33623820933288895	2.218058323218596
MANSOK	0.13944130728005966	-0.0858051454159372	0.39230721225636556	-0.3703192157239377	2.308460123801043
MAPHAN	0.006240825937588568	-0.01562482534013565	-0.20778882150379296	0.5438094111204307	1.1610775698798654
MAQTII	0.06487951984603033	-0.35736582724079424	0.4514446715599063	-0.007743380526789412	1.43325118807732
MAQTUU	0.07165405575574263	-0.41797875676475504	0.4105658411640376	-0.046257173621734024	1.4491566455486775
MARDOY	0.09238688248245008	0.11127821566230445	0.1776764279694769	-0.15737747582280312	2.0225876385466215
MASQUT	0.057229525885236415	-0.09276847178116165	0.2999702718323167	-0.5532468012120239	2.435370566487364
MAVXUD	0.023778776153162012	-0.04758539453481525	0.16864024018560064	-0.4062916458346433	2.4015494026552937
MAWYIU	0.17541684191580098	-0.5189555519292486	0.4711467921047652	-0.16760653253137614	1.5390640064360088
MAYRAH	0.07593749313834636	0.29630185455427016	-0.16630941180267445	-0.08634131457240538	2.0219646742310946
MAZJED	0.19589254470175027	-0.8350780962800264	0.7957680698888578	0.45181542413435355	1.4257471674733009
MAZJON	0.003671662244750351	-0.25681567249477455	0.3175337201389188	-0.3191551926873025	2.199637953187444
MAZKAA	0.1657217606495487	-0.7266794091734954	0.39899280581369045	-0.142377781521717	1.6084129939131258
MAZZUK	0.002324855582647528	-0.03863901782010304	-0.2787347464430452	0.6827522819649425	1.086263735626041
MEBBAY	-0.0007432040661307926	0.17125825039536524	-0.33890407199251504	0.7504396591498557	1.1332642563547808
MEBBIG	0.02143616644242699	-0.04761327565788864	-0.2372510687856043	0.4825426726127954	1.1758707263669104
MECGUW	0.208307089775583	-0.17551944228039673	0.4502053089436471	-0.018485816905719703	1.9999345843803578
MECKAH	0.0435162851528772	-0.3033794619482548	0.23599640218854345	0.21386587907916058	1.2444230511461982
MECKEL	0.01324568003824822	-0.33182334474053343	0.24061253984689457	-0.23098596207258834	1.7267053643802912
MEDTOF	0.04315671085256695	0.5000803378315095	-0.4730177803788066	0.2606647944492353	1.7199864129947349
MEDTUL	0.0696337461868067	0.5827382674850967	-0.5093923575213928	0.0936130782078969	2.065685563850672
MEHGAJ	0.023695798735289653	-0.09247998578993011	0.2990143185586214	-0.5034104057397786	2.2655841065195763
MEJRUS	0.004274249874749753	-0.05731288287515568	0.5222146344003191	-0.42891889473187517	2.222550372379448
MEMMAT	0.009700707737649389	0.34529199082523254	-0.40793833486154707	0.32516483688886466	1.5921768215632257
MENCTI	0.006646724567516582	0.9166826768238034	-0.7438978235323728	-0.004434140460508659	2.646423552772441
MENXAH	-0.0036692384134453526	0.36175686365408	0.18214679237927967	-0.9228616266031728	4.312759822728509
MESCIX	0.07007125078329157	0.3016056952246884	-0.04446563974996631	-0.18625441590494737	2.257426962017399
MESDUK	0.05073402052302639	0.31111971848467546	-0.06173817786418345	-0.08258138884848858	1.9820294683521613
MESMEC	0.1683976873571978	0.162642998899865	0.2377494788421508	-0.2942762686638622	2.3860577218679238
MESMIG	0.15448191929448246	0.15029371137354097	0.19660019045978827	-0.2781271294855056	2.2710067857973852
MEVHOK	0.19634087440199305	0.7753432137966425	-0.8988738436923247	0.843675218443143	1.2311363096109975
MEVSUB	0.07731557542805029	0.5465510421185109	-0.03753017745620402	0.3649402157258389	1.5746921964234193
MIBZOM	0.2003400161559386	-0.24427116321147802	0.338622599070012	0.023843140304458783	1.3056730566155943
MIGHAP	0.06549396798551163	-0.2612232641861296	0.10441768474060531	-0.039488303675047035	1.5897530935188093
MIHMAR	0.040999700781158555	-0.036768383993097675	-0.026944580150698227	-0.23865180898098953	1.976885092049305
MIHMEV	0.23873504114572314	-0.03164891554944127	0.5347385085270162	-0.5011193528651475	2.561890140519676
MIMTUX	-0.006487470334337553	-0.06849930801013437	0.4898022526676915	-0.5367952562104404	2.352269478801843
MIPGEX	0.015528203802121388	0.892143807379155	-0.7491789745809538	0.013186606669101613	2.592547292429424
MIRSEL	0.08684406632719921	0.3770626794559031	0.0068955604280867	-0.12942115926878806	2.197771929407544
MITRIQ	0.06355536143482898	0.09794721829408592	0.046530373738719266	-0.07095951178989383	1.8006561078732424
MITRUC	0.07363914547140277	0.20492770097713953	0.09929235890036514	-0.13719543067542161	1.9827768623070177
MITSEN	0.2365714853481397	-0.21284700833164827	0.3400401877437109	-0.12598876172280432	1.7829812043067783
MITSIR	0.08458214947486087	-0.09287822669766266	0.4121703273794113	-0.23858127418046748	2.0934826571087224
MITZIA	0.0027572040420424104	0.2630819725209288	-0.04465998447952102	0.5986464701132007	1.20434773331305
MIVBAW	0.05603851855362188	0.6080247354567656	-0.18202792943971668	0.27798486947702256	1.707520648370344
MIVMUZ	0.07233279596843237	0.7164251039681715	0.032432566308369326	-0.06504290215368208	2.5753635800981183
MIVPUE	-0.003984677495383865	0.06242192122040935	0.23106045174660106	0.08773801372878977	1.467054275189848
MIVQEP	0.03811150507828881	-0.03656056888646164	0.20257435212056407	0.09967370194694714	1.422566273640582
MIYXUN	0.024720228801495325	0.46045145770971674	-0.4578273640052074	0.23165815084577593	1.7967961140123192
MIZNUF	0.023291954997149866	0.631332929140743	-0.49774278260494	0.5988130868835291	1.502706386295597
MOCGIW	0.05208944645662042	0.7930703387626523	-0.7600555617490652	-0.19150471025648655	2.9094776264321127
MOGGOF	0.14679158206951093	-0.5951801336884568	0.4078392692670625	-0.3604046190656408	1.9313400706489368
MOGHIA	0.12845770314841215	-0.5365113546750249	0.34744426089714486	-0.3430422130744522	1.8465361177968964
MOGHOG	0.20376222780716818	-0.7407349524968772	0.5245668591606136	0.2410471514484754	1.2953445508772845
MOLNUX	-0.008150749074164784	0.8627916186853226	-0.6765789816793355	0.39252094509049207	1.908379647027341
MOLPAF	0.011904629026277785	0.8664132269360629	-0.683644115768329	0.19435257816094667	2.21058605804525
MOLPEJ	0.018075520863466504	0.6775835050930028	-0.5501511877415323	0.0539038484019734	2.1978149340488318
MOLPIN	0.0037850726728246298	0.9109481144692384	-0.7542992753218956	0.012269247142598154	2.580887634248022
MOLPOT	0.01949936349109707	0.9049166988304429	-0.7630595684715489	-0.011423295885966522	2.609376424819183
MOMHUS	-0.009763566599024595	0.3783166178606616	-0.5076065246749354	0.6576270619516781	1.2768318750550163
MOMXOC	-0.015888038436887478	-0.15799528548020447	0.39659946998460516	0.0011220006879364992	1.3356719673733133
MONPIO	0.0338616301430138	0.34275166533744583	0.14827201311873273	-0.9089699275197645	3.9818696390737296
MONPOU	0.06726289463950474	0.17411704710748888	0.17103835436979975	-0.8237629354376766	3.4645325660043715
MONVAN	-0.026684495540985495	0.05464659341790634	0.13645997623423112	-0.5466083421007433	2.511332947602942
MONVIV	0.039549783138120936	0.09787191923764116	0.11073860079897568	-0.19174556052337172	1.939881383505874
MONVOB	0.13255122192953234	-0.026438084471757328	0.40448256687127726	-0.044450234077581675	1.787088792670121
MONVUH	0.06771012751063543	-0.01536043893903205	0.24937731627941528	0.06452956271000415	1.502783780456951
MOPTIW	0.022673994490774174	0.8198888085287259	-0.45328871617995903	0.1576927782926457	2.0651954808623225
MOPVAQ	0.007504104612612167	0.6190729299976847	-0.43880804369376725	-0.062106591890471796	2.2761848094998975
MOQWAS	0.14544590524271056	0.3181829832695908	0.03177839739111388	-0.08142765122177607	2.035959000876576
MOQZEX	0.060954591072493264	0.23779675802276978	-0.22633069963243346	0.04779608939426142	1.7541292069437504
MORMIR	0.04465701999428229	-0.5328552930590416	0.469146540065694	-0.06169669701483284	1.517198515726995
MOSPEP	0.03518430267615166	0.5547925623961993	-0.47156351892771153	0.24480139667237028	1.7976912031879697
MOSPIT	0.01543016283445825	0.4501863476956607	-0.41822478034418065	0.2649127108854873	1.7322844443714964
MOSPOZ	0.13516891491731714	0.19949494714527605	-0.02768759663945941	-0.1054667102214726	1.8929221756777181
MOSPUF	-0.0050242648729119654	0.5228325784035355	-0.3953483500990278	0.29844469799114975	1.7652023213071422
MOSQAM	0.041753461984235074	0.47999584886121527	-0.3963014797660195	0.27856329347071773	1.7206406526362703
MOWGAG	0.36527994963579274	-0.446251799061101	1.0563759609948047	0.46696791584886227	1.7570659338935743
MUCWUD	0.06208725805932422	-0.113256998515888	0.14083834537998308	0.027608361109094724	1.5218366135430115
MUCXAK	0.020893484312705685	-0.49271364916503035	-0.016090567592500493	-0.04185344974505269	1.3561121125765956
MUCXAL	-0.0004047952898646734	0.31067819276586617	0.17566253007541088	-0.2282329161535397	2.4286928434255195
MUCXOZ	0.028456150227763655	-0.09578464165247214	0.3494391820437144	-0.07715202596583186	1.6777006786053623
MUDBOE	0.0062331220487668315	-0.04739412877318383	0.4687451123466466	-0.07099896037048833	1.6620502589790598
MULWOF	0.07044558253825756	0.6045221743033378	-0.4809981843827674	-0.43474962038998977	3.187302155520267
MUNFOR	0.047046474942972094	0.34021982243340476	-0.010382265264750057	-0.03224635419917228	1.8895706221370616
MUPFAE	0.035858616061403725	0.7061636343245525	-0.5953040470410353	0.05877422223644584	2.235889830577376
MUQJIT	0.026911912938845872	0.11660735920684129	0.2021993505430646	-0.2759561036091325	2.066215193797556
MUQKOY	0.006636938231227935	0.7207040907928408	-0.7429060433392596	0.046817872841650246	2.3198057371385796
MUQLAL	0.03648658681188305	0.5001422526211088	-0.4762185023728074	0.3997624570838826	1.5345237588907379
MURNEU	0.19584860582411717	-0.7241302071854516	0.6847663547006564	0.5366080341105308	1.022804164650581
MURTOJ	-0.045666387674863904	-0.2530901444779876	0.12925543866614508	0.2994756219859194	1.1017872333605747
MURTUP	-0.03413637896207751	0.001096121184493093	0.05075336749950732	-0.3688608504742376	2.0223882842795824
MUSYIL	-0.0043320573414103725	-0.5616793625601377	0.2964368310355985	-0.05104176782563857	1.310658446456057
MUSZAE	-0.01822258721321536	-0.5611700999783511	0.415454291055553	-0.11026384148861038	1.2843149308158155
MUTPUN	0.3485503767043501	-0.35816164692073515	0.9162945489075018	0.535577194061267	1.7112942682351548
MUYYUB	0.1540168315015183	-0.051763457866512486	0.1900194229194141	-0.08172446346024644	1.7530377406545639
MUYZAI	0.19145751219961932	-0.5632272040110693	0.5829640792639694	-0.12429385211993807	1.6509141363306927
MUYZIQ	0.23287309645692988	-0.46304045575776653	0.691936506489939	-0.04584738286822428	1.9575990208756526
MUYZOW	0.14248824527334614	-0.4105540948327029	0.46253388300134546	0.18597654829194404	1.480866423214629
MUYZUC	0.039682795631541784	-0.310410326123189	0.4778767859924462	0.10033067878338575	1.583259680235001
MUZWOT	0.2709720723393369	-0.2064258686603675	0.5989763296504129	0.3197901069675271	1.4766267681801053
NABLEH	0.005395250665232387	-0.11973675232999259	0.2786245828871019	-0.4105332952707496	2.1075649325338297
NABLOR	0.06310939537929744	0.005526261828971979	0.43065825108099487	-0.5150312338417311	2.8557319395774714
NABYAS	0.04979560814213638	0.05961881809457781	0.0940352185266291	-0.6466287156166869	2.9984419766334924
NAJCOQ	0.022213996986122475	0.7555308645409009	-0.6278282000814553	0.025941526017555817	2.403262826521581
NALJIX	0.10680249666710387	0.3767274115298114	0.018262733218854077	-0.1484820675805498	2.2135412149607236
NALJOD	0.1142597142674984	0.3882809325585863	0.01963688938493857	-0.1576854551206227	2.241926146885235
NALJOZ	0.06963674922495558	-0.13331716388447745	0.35326641789301894	-0.08232815938423756	1.821509520422004
NAMGEN	0.1765067999794932	-0.5569544308571066	0.49281579456383096	0.1497991017546693	1.1117411341837764
NANXOR	0.029018478280463056	-0.44257454921039807	0.44853103836193586	-0.13397573317322517	1.5894464108524529
NAPCAI	0.08469951636191134	0.7516981279185537	-0.6151686234223067	0.2175819923997748	1.9558593663131099
NAQXOU	0.17240698351783645	-0.20375203865169045	0.2785921929715587	-0.41147608418899406	2.218853053695581
NAQXUA	0.1642820346092752	-0.3009917157172115	0.44255551135725835	-0.2190299000870342	1.8393080631580747
NAQYAH	0.16686784251244613	-0.3211570896932696	0.45610673246992617	-0.22294439505323627	1.8516531611772646
NAQYEL	0.1813736235873114	-0.2297570064504444	0.46599024867770633	-0.19323041649977513	1.9668386768226815
NARMAV	0.13955076332888838	-0.5618924448728251	0.33533362013693435	-0.32641549559854377	1.8499748379670509
NARMID	0.14805770435803278	-0.6252188191797434	0.34545599248893444	-0.35051936937086964	1.909558857783664
NARMOJ	0.2720046421116419	-0.8744283176482286	0.7570552116936295	0.3343059159608901	1.350772746454603
NARRAB	-0.004577494283749234	0.8658163205825615	-0.7497978538959584	0.20816754812812444	2.097490434848579
NARREF	0.04346891942570644	0.6740818498371222	-0.6859036782979824	-0.38882375205528097	3.1663739598570775
NAVCUI	0.28246201885277883	0.9144030477073319	-0.6813361786518102	0.4853098788488029	1.8749755934507446
NAWGUN	0.022636546374208005	0.3746929420578131	0.2600578667093736	-1.2420773012651547	5.803007926681639
NAWMON	0.34100969004330844	0.7087116378054854	-0.6293250069085309	0.9266202265941609	1.2722477820153861
NAWRIM	0.01868929782272341	0.7750359741201991	-0.716597891490545	-0.5180013410336773	3.663670622624064
NAWRUY	0.06501622206512439	0.4899435305797195	-0.24402027435328377	-0.39930538126003257	2.9330039544155544
NAWWOY	0.031127095136861516	-0.2087942378713259	0.44892199445745407	-0.41760020405324444	2.3867064525430197
NAXSAH	0.11360165186901097	0.20854692101745398	0.15772018276045885	0.04319197298622792	1.7692896687200221
NAYGID	0.15367168519621188	-0.19656344339824106	0.6057535638897571	0.014878424394708399	1.4325458584690773
NAZCOG	0.08539198563923175	0.08444890425659102	0.19373491975356893	0.09886844263107313	1.5980693965855108
NEBCON	0.1474147810331643	-0.4032715889432006	0.6495441171300831	0.35838344290321833	1.5378814275779762
NEBDAA	0.18282489111080974	-0.18016977002609824	0.11393978639666513	-0.050311301092963126	1.8184296522895376
NECROC	0.22255862857871267	0.020560155582240114	0.5156573597963297	0.11503857404305498	1.8433000397875623
NEJMIY	0.0946513867817175	-0.3727068685940882	0.3307149859687164	0.24973857127556373	1.20692186026355
NEJMOE	0.09016067979647785	-0.30014369151921727	0.4734669254223347	0.228184483149086	1.3675861113646908
NEJZAE	0.019048787741196282	0.6980644705826955	-0.1824105268280687	0.5622808963757826	1.4613723176768239
NEKGAM	-0.017857007541974515	0.11077433918103319	0.3670902470071413	-0.3357705294266202	2.0619414937268257
NEKQID	-0.014659575585124707	0.43193469983363153	0.19856945824292094	-0.6755258133116293	3.5043698431294996
NEKQOJ	0.024844861257747514	0.13735828477818934	0.271725844939978	-0.6398793202541286	3.198373171259518
NEMDER	0.07977000469807136	0.10681302062433895	0.1373404811398975	-0.09215907715276293	1.8234615016052158
NEMDIV	0.06809569869697413	0.28401814642354806	-0.1645660086536327	-0.010327321191427943	1.936354894407821
NEMDOB	0.07612627167299899	0.20721613242958226	0.0343065836247618	-0.2660942305812219	2.2943346494783894
NEMKUM	0.03744344274004588	0.06023246182870112	0.3744855710740598	-0.3147822345175646	2.1845784899410505
NENBAM	0.233265089066497	0.9616434545970614	-0.7724473657803256	0.5926170839771331	1.6181248252212894
NENSIJ	0.10983350650381896	-0.028433537951600307	0.21676716783374106	0.032499772412576386	1.8318369795517468
NENSUV	0.06987255868547529	0.3429971995584826	-0.2983045982880903	0.01342864911995583	1.965835506904448
NEQSEI	-0.0034612949135866267	0.09794238797393406	0.1909033918134042	-0.41456444413427224	2.341294890969783
NEQYOA	0.03525164788023019	-0.02101150874970692	0.33734424508648986	-0.4179348837456002	2.1408242002475966
NEVDAV	0.05378819959609449	-0.2906027148034793	0.2958263426685246	-0.21594606400135674	1.8011258678695083
NEVKEE	-0.03454876032840094	0.4367479609190341	0.05607964941786503	-0.5605115159932156	3.1259767076786793
NEWQAK	0.12940046815627748	0.8462596234257798	-0.8229908508138524	-0.24114810137927917	3.0064700917497977
NEYPAI	0.0032161204901554052	0.13643770020175516	0.14561262742373082	0.12564525960260392	1.5210564040199355
NEYPIQ	0.027146668393224993	0.15560690081880502	0.15497829068455782	-0.209169172478723	1.952336242002085
NEZZEA	0.021593192355416013	-0.21903832166049408	-0.033071259044437085	0.15577901117545526	1.4107904506820352
NICDUY	0.08681793890895145	0.23214367555781967	-0.01593401930366367	-0.13882602179605077	2.076072740280567
NICKOB	0.05632010435192952	-0.4436798957280268	0.3582496828223729	-0.2509287440295074	1.7484776242375863
NICKUH	0.1618199121901695	-0.5603702892652778	0.5364300476780539	0.23674529131015237	1.1193585664235577
NICLUG	-0.03186976833922389	-0.0604549431170085	0.35554563528741445	-0.06089467429419679	1.5253117945199721
NIFWIK	0.047925747104711175	0.6381788537809636	-0.5055188178216871	0.0991547348753862	2.0981415471521765
NIKROO	0.03319927606731357	0.4238682231263451	-0.3261222943913178	-0.2055473777934594	2.4169118831619962
NILGAS	0.07408021636327652	-0.14646021695139133	0.17264402279996993	-0.23436941704381647	1.7810836604409785
NILRUW	0.01716541011934844	0.08977723134806759	0.010371294872496106	-0.29810646538367724	2.150486851783072
NILSAD	-0.009669522278162729	0.002014823405690702	0.11410314488233353	-0.17259785494568383	1.9156689234872164
NIMYAN	-0.012830338922937251	-0.11377427175528831	0.4859742464236887	-0.42240264606400796	2.046517735593835
NIPPIL	0.3040078859586497	-0.9724788575579004	0.8005263588490288	0.3183760005283862	1.4048358962819472
NIRFEZ	0.07843001921936835	0.11648218504623253	0.043317069668931785	-0.246655239732755	2.178274794364468
NIRHOM	0.06865651464216352	0.04051694891407687	0.18008610996413332	0.31018393014386597	1.2760121297047082
NIRHUS	0.08196741322790507	0.2683800613745295	0.0548339430574436	0.12835539620547445	1.6974179177338904
NIRXER	0.026317730387897614	0.8523182591313678	-0.7260551845624879	-0.23808182313992376	2.941580604588978
NIVKAE	0.05479482652366949	-0.5356625098538506	0.3756755867856454	0.09646187321404666	1.3705408702041617
NIVWUL	0.03152387830463929	-0.2038660922985902	-0.03771121370840147	0.1478372811317317	1.3565649915542286
NIVXAS	0.06224214321680571	0.05496452996068335	-0.1286251733918229	0.03953329589897511	1.5739712786608193
NIVXEW	0.03292285660215746	-0.2076920600047134	-0.007739579013301245	0.12158551828370946	1.352074925435774
NIVXIA	0.04835296732201594	-0.14695674229031352	-0.059205230014256705	0.07769500827728991	1.466917853237758
NIVXOG	0.03370144084279475	-0.1937912119658023	-0.008914434556785533	-0.03755278626546513	1.5826193212048167
NIVXUM	0.046327266504333414	-0.19656789630504967	0.005330686742734514	0.006305551200778591	1.5022218145881387
NIYSOE	0.005308866364857029	-0.3471961440460887	0.4380576049931557	-0.014100219390229214	1.377239116473536
NOBYEM	-0.005204785714018764	0.10427721438463333	0.3114920413537323	-0.6503146456210711	2.7965436702222304
NOBYUC	0.004819448018112987	0.016864261512586687	0.3662612664869216	-0.48176748495520855	2.388727666122884
NOCYOW	-0.003434841425954044	0.5651677430282231	-0.5099245353677871	0.2884195019650363	1.7796924445007478
NOCYUC	0.006818333249199393	0.6429378058393591	-0.5536254148084206	0.25314968258585663	1.888594968256275
NODLEA	0.051461695936061175	0.5125755406476729	-0.4497759042072397	0.35825991021895537	1.6662046514907896
NODVEJ	0.009027255673554169	-0.49117500500913236	0.4944326480122647	-0.08872128779683838	1.4586049618528731
NOGDOD	0.040306526591335795	0.3351006135165524	-0.07646213690137982	0.3142121765430174	1.5605308951171168
NOGDUJ	0.036753673745481164	0.3471837522482919	-0.07545368573691635	0.3111478597498595	1.5746673113848793
NOGFEW	0.16479108100527007	-0.23680350762175983	0.3287809905986825	-0.5591561963678453	2.570114586957567
NOGYEN	0.026823702073198924	0.9453931194388514	-0.7539287235589905	-0.09844541218500115	2.898571529348219
NOHDIX	0.112942783155039	-0.10248963734312122	0.22556137674698595	-0.07711661755253096	1.8494876476787767
NOHDOD	0.06122561248451833	-0.13342064959842626	0.11184660792068857	0.1098242849297787	1.3346329884641759
NOHDUJ	0.03136798004394578	0.23431695867370328	-0.31893076864206693	0.06818655244297388	1.783986446165453
NOJXEQ	0.11480693157041566	-0.05554019332786764	0.3127865730395425	0.2820038871531838	1.3510723189805087
NOJXOA	0.05552360309424795	0.9088343823644762	-0.6997279559859682	0.12088988412672559	2.215817688982285
NOKWUG	0.025442774316742023	-0.13975062034809937	0.19939807444547863	-0.09069192792915994	1.737194550435443
NOMSOX	0.08447808409405705	0.1604209302241002	0.1625202872524243	-0.13020584008277167	2.0161007257227372
NOMSUD	0.0882254469293483	0.09039336999981051	0.17536566423327526	-0.0701492675417495	1.8548776499074207
NONLUZ	0.01684571583625763	0.08021520741569077	0.3415908011506945	-0.18574732899182173	2.018027178147692
NONMAG	0.024691650487238398	0.09666415175674503	0.3166805787629827	-0.11785204428769644	1.8330541725959058
NONMEK	0.01685736010720565	0.04710594629332032	0.356827722749981	-0.20777462742816413	2.0656707060889983
NONMIO	0.016048786171579094	0.08905891503341712	0.41590884296301445	-0.22354341406213188	2.05295349197961
NONSUG	0.3190717519070651	0.9301843380945001	-0.6845997787114384	0.15481635941469737	2.3157921790963103
NONTAL	0.11768075293518121	-0.01369784463347612	0.5407639321966404	-0.2588105941383626	1.873278824282477
NONTAN	0.02208635131512643	0.8946805129650559	-0.6617310387941668	0.15870996219552805	2.3307423183560276
NONTEP	-0.005646626879550462	0.1803465538632527	0.16261254178970797	-0.623198843370434	2.957705354857081
NONZEV	0.045916543055518594	0.8500404519078297	-1.018444953429623	0.8244349907353412	1.294763415078969
NORFIL	0.026873526189694935	-0.4531568127994716	0.38890581624397913	0.03271694800085145	1.3800221351648807
NOSFOQ	0.01468809843567398	0.8561196818866343	-0.7260590118161645	0.030776308556177412	2.4923463341546843
NOSFUW	-0.00862095127555354	0.8749223990113149	-0.7213582022348444	0.11911349250443284	2.397691320481731
NOSGAD	0.04197875056152173	0.8626365420395836	-0.7252996659318157	0.06795194944961408	2.4359122776629922
NOSGEH	0.004913382522527737	0.8819410061144519	-0.7194560892695984	0.17004452232338124	2.2817624085125328
NOVJAJ	-0.015783566147092504	0.16337219159759453	0.37871323997505546	-0.015534432996887983	1.6791212306790049
NOVJEN	-0.013642057394259915	0.05207465489067786	0.4445102240924017	-0.09732880266895733	1.7460027584045255
NOYSIF	0.022353077623765066	0.6221606947798946	-0.7254051340350014	-0.00015446396909659862	2.2553479668467604
NOYSOL	0.04674829897982033	0.3778362328994507	-0.09153330907974766	0.14139658773965288	1.7274073453551453
NOYSUR	0.0866814079566566	0.009279683828142815	0.1615505766518215	0.2422572721644513	1.3529854634395717
NUCQUA	0.015232552181729003	0.7480670637242146	-0.8515550085483232	0.12922164803514818	2.234053909196498
NUCREL	-0.004429531303346557	0.03750062142449684	0.32112966872880433	-0.2982160888305054	1.977342629075337
NUCROV	-0.0005227051059275289	-0.20257298473699237	0.22444938347936727	-0.3647426609044977	1.937534049862463
NUCRUB	0.15227490752146788	-0.3131650034693245	0.5654203959354926	-0.20187774138849895	1.8631194946347647
NUCSAI	0.0396842304614779	0.5002426209249049	-0.5101699748133064	0.18504865145461927	1.7697901741635422
NUDNEF	0.008608540338389342	0.6980801710493645	-0.7370575579946803	0.4023535560307475	1.6766613607604044
NUGJOQ	0.06426354146243257	0.317754448045537	-0.20029573256306787	-0.2125472812530113	2.276345770970157
NUGJUW	0.05026582438788729	0.20449862264364826	-0.014867783354272301	0.015161597085987036	1.7677960545658027
NUGKAD	0.04960348790788047	0.12801004780156466	-0.1145131104263839	0.1256070790127865	1.589615081664927
NUGKEH	0.05817112613574099	0.2007414839599586	0.0005568263529747153	-0.18592635248389613	2.0772203882830578
NUHBUN	0.0071498905478306896	0.20442367406459772	0.09859441518251377	-0.651168293714815	3.0005448645600152
NUHCAU	0.051516047670014276	0.11448863235161166	0.23261636464105795	-0.6894864067747855	3.2579804855155428
NUHCEY	0.03141265217869693	0.2536482121533665	1.1945664418533397e-05	-0.49173262737480283	2.604398204416435
NUHCIC	0.0799236625797192	-0.1515159678753415	0.34135216474650476	-0.6009905243726378	2.9959397146525086
NURLES	0.05922571782027622	1.0711720794620399	-0.7125044112267302	-0.10774810323538692	2.9942449214937037
NURMAP	0.03216688001943191	0.6878413262133027	-0.5068435782144625	0.13461888384559278	2.036637718812387
NUSZUW	0.028919247466186432	0.23842761668652246	-0.0475014959023885	-0.023701043741919607	1.9914363232120862
NUXWUY	-0.0044868818023631185	0.1100469154691539	0.24108207030776274	-0.6491120630792871	2.9649914518118217
NUZTEH	0.02890595438314164	0.13118086098710036	-0.46529112110399684	0.4089700326370173	1.277194093731153
OBAQOX	-0.038667778705863035	-0.07967135810371273	0.2991390796602966	0.21940587880323978	1.2777570535464002
OBARAK	-0.07324824847361856	-0.09538762089764541	0.46794468415459733	0.5379837618153872	1.1515654998607077
OBARIS	0.2594728802310043	0.18094384272168096	0.13585693686389555	0.37413892198003673	1.3117709792418606
OBASAL	0.08927818126172685	-0.3540347576198841	0.3542338817846875	0.34857048614337277	1.0592275393683341
OBIKOZ	0.23376311042001935	-0.2751829020316796	0.6974874111840772	-0.04652589835927573	1.9178687110025514
OBIKUF	0.2217788736657767	-0.2840635050738145	0.7084881981243112	-0.06439905866439204	1.9338071843295774
OBILAM	0.23905142461336737	-0.2998223103147839	0.716762378976479	-0.077860226497847	1.9439715147148307
OBILEQ	0.23457674456506905	-0.2946861089063777	0.7038403604027141	-0.05448397885268551	1.9116700934899828
OBUCAT	0.010872682101247616	-0.22919982568043107	0.2676921622421866	0.1005315444467818	1.3179556056436268
OCIJIT	0.041526683005622594	-0.05240674247297461	0.31620374423497966	0.054592645860715945	1.3879972073116775
OCOLOI	0.07622852395163246	0.8049284707982767	-0.7724982897792095	-0.11176957727453946	2.7139982233940616
OCOWEJ	-0.03720861970991787	0.8263619177943391	-0.32851750688834935	-0.47436541364943297	3.6505640806889126
OCOWUZ	0.04352143894493887	-0.02335356438018099	-0.21564170751517753	-0.12610116893679763	1.7961195950027236
OCOYEM	0.06265277101980149	0.3508777678650348	-0.10335845502064811	-0.16576906957834484	2.1879023206218013
OCUGUQ	-0.025784044774314965	1.2811405765345287	-0.593454632336217	-0.3269775756041467	3.6905106552075893
OCUJUT	0.06358283214229052	0.6558814969404909	-0.40484443048222296	0.15636022377091782	2.0149949871824635
OCUKAA	0.06866917005729231	0.4075393294405303	-0.16581800723762075	0.28435500287377313	1.6223150030486304
OCUKII	0.0397937266683199	0.4740163514651532	-0.2790757667026771	-0.006958302366444916	2.0642584377451025
OCUKOO	0.04733117139518081	0.41715664258879626	-0.2629480306045002	0.053866188339586285	1.9099924718184114
ODAGIL	0.0018120719855309608	-0.02815076920166737	0.2653850636307433	-0.36959954880523077	2.0509529693201634
OFAJUA	0.010137230595871044	0.8043332650048103	-0.7820889304489815	-0.318719005191453	3.137841901406807
OFAPUJ	0.03971957509814278	0.30659689043168603	0.1744394428569378	-0.23413979107399419	2.0402764717179194
OFAQAQ	0.0296140482350897	0.1963243396081764	0.19139845368335928	-0.30144814819394045	2.042374210857786
OFAQOE	0.033322581396786316	0.259850754013478	0.15659921143013666	-0.3468762882369571	2.296362981961456
OFAQUK	0.04827129850061079	0.21018887831379773	0.3164985488119625	0.0024095082742316976	1.6032761117028642
OFILUK	0.30587289405145507	-0.34963842267625367	0.4451826658645268	0.08190062881475291	1.7276760341405464
OGIGOC	0.07783084571406473	0.1788611654270551	-0.16221627324266485	-0.14123295708588282	2.015018517523831
OHEBEI	0.13124576671205812	-0.11121400609006793	0.43848127412972016	-0.05135457810162246	1.7235659103783032
OHEBIM	0.1703197697215157	-0.05292629348069999	0.22627667604364543	-0.08298318384056179	1.7247837057762798
OHEBOS	0.2148290379342796	-0.10717973934730862	0.27653771803277993	-0.15505702126351065	1.7392335871500726
OHECUZ	0.17762763014597077	-0.0814305303520646	0.197159468098709	-0.06653893740633553	1.622350903100576
OHUCAW	-0.004494076875406622	0.25911922064021065	0.15516424391857075	-0.8850283495967476	4.032409730625633
OHUNUC	0.029678126527630355	0.9740054805699834	-0.3082275307481275	-0.10819187101208212	2.595636033819847
OHUPAK	-0.059414030878075896	0.4441676143386135	-0.11035464243840476	-0.06484008060494127	2.0690425137026924
OHUPEO	-0.0022120292885493276	0.9860487841057162	-0.45771853690311215	0.7683512019662816	1.384866338225704
OHUPOY	-0.05155647205694924	0.8778141718627492	-0.3912508378505154	0.7801210156242286	1.3352323618172437
OJEWUW	0.050908626081738434	0.4907683239166194	-0.174552716318767	0.10174108104221052	1.8506909232064093
OJEXAD	0.03632911173288317	0.48544588943760614	-0.18698552221766285	0.09638904464306643	1.8650407299531095
OJOBIZ	-0.012476155075642148	-0.1161434384174167	0.3659886595103594	0.04662114106706195	1.2990715018087409
OJOBOF	0.007955425365100494	-0.06820997463995981	0.2109420767664847	0.0768129854548005	1.3789347589403982
OJOCAS	0.0350239631625161	-0.05155566885696494	0.046522960142114655	0.10962097353347343	1.4700668002618067
OJOHAW	0.16285411994999088	-0.21064094317412074	0.5570454555994377	-0.34253169309624465	2.303601606556328
OJOHOK	0.04143563161479047	-0.06763549625831278	0.3364181541871136	0.09116113743302656	1.4063433257036841
OKEHAN	0.08111249873929452	0.658616294182846	0.018324324711532114	-0.3049196628323051	2.6905783212792724
OKOFOL	0.06589951090197876	0.04194597583716142	0.21461899642518456	-0.38656058273302246	2.2686525046496047
OKOLEF	0.0606618717365123	0.020117019203182096	0.36223436082189786	0.3815331369424066	1.2924512890014843
OKOWIX	0.1371437172059629	-0.11639156162374054	0.3651537277839563	-0.3981083718253611	2.048489502883535
OLEFES	0.0380331374105371	-0.5953644190992273	0.26156709528580246	0.43113443421818454	0.9754662468922627
OLEQAZ	0.02717191956044898	-0.02237434000667582	0.33419016122486944	-0.5198411935389691	2.3187148747583177
OLEQED	0.03547525283158651	-0.48809207999611903	0.20159908518943315	0.26242579121141085	1.0452226713557613
OLUMOY	0.007129780184461421	-0.08992914605991675	0.32092056985495065	-0.5232061494118567	2.2800145520276103
OLUMUE	0.01264262121487697	-0.03240904173953263	0.21360718982695248	-0.5243909800433422	2.3403277134987412
OLUNAL	0.02074334552571433	-0.25478817209811977	0.19815331207192743	-0.49048114891651085	2.118128501187223
ONAGUG	0.09855657826711756	-0.2871665075932901	0.4151488887833694	0.007808765130648959	1.3757791825181132
ONOGAA	-0.046885764182976755	0.24931451627989398	-0.06973326621387432	0.3721364101603422	1.3560694797756452
ONOGEE	-0.0416047501951185	0.257455577711855	-0.058905921588839005	0.33262596671054195	1.3891272893604336
ONOREP	0.2323826198820878	-0.19153568527022902	0.5298942053522122	0.04069612697976198	1.73994037951217
OPUCUZ	0.2947639524489653	-0.548782017290308	0.5313296460488304	0.21773400508817245	1.0308803567327727
OQARII	0.08988129920867821	0.18117053938958794	0.09882715383630436	-0.1545239063461653	2.010851565285586
OQAROO	0.09492111584553542	0.1678482666929657	0.11855008597852379	-0.08268448382834256	1.8538631262486045
OQEWEO	0.015532502345639687	0.7646971041546959	-0.6257395640022637	-0.15788473117445478	2.7574185498103025
OSUHIV	0.17551972488340867	-0.20220292425241126	0.28573362946692127	-0.13963850545936207	1.6796644032727712
OSUTOM	0.01635433489782484	-0.07053799895877466	0.11650380660608484	-0.40448330838452384	2.0480504676444857
OTIDEB	-0.008687210372169171	0.41067355673524775	0.006665445652124458	-0.09140348611713595	1.960521900642902
OTOPOD	0.06949764331162489	0.1829479159160181	0.15638171255454458	0.1489837300117243	1.5634200807946081
OTOSUN	0.21114596027792382	-0.6146605365506712	0.2549716885968796	-0.5297273203288725	2.120844111805638
OVABOE	0.043888402774693774	0.572309506658129	-0.4902294427863354	0.05877151554149994	2.1751468623421224
OVABUK	0.043710628724335926	0.6250008855347144	-0.48088615831097925	0.07851753444161794	2.0811614160618324
OVACAR	0.06407997747529759	0.6276968524529445	-0.4834518362431073	0.049176140707794413	2.1278237298694798
OVEVOB	0.17308161270508782	-0.9913455427968767	0.2510409226837431	0.028122216512351216	1.1519185827764746
OVEVUH	0.19536014756342185	-1.086890458303865	0.3467083913160369	0.027335392442923226	1.1140887325874866
OVEWAO	0.07287953532409888	-0.610024881659502	0.3953837294292981	-0.133392619684671	1.409628086156336
OVEWES	0.18922482128588147	-1.038078412191858	0.27465182609386485	-0.08151587734455981	1.1373676215931736
OVEWIW	0.0775311552955234	0.1493311618285036	0.0959055772301518	-0.1999300100717755	2.1228100228441047
OVEWOC	0.09079000647488303	0.16188635218083558	0.08446120200084306	-0.12379278103151628	1.9745268462122132
OVILAH	0.14583551199815858	0.2919083560462261	0.3206376327536875	-0.14299073484455188	1.9968789988540452
OVIPAL	0.15856653782697255	0.6886330390175499	-0.5302937244283679	-0.3184519945789492	2.985003609963277
OVOJOZ	0.06506497696831931	0.11163161708074076	-0.003694253629091593	-0.11669850790846747	1.8533393002838452
OVOJUF	0.06797073079558125	0.293002921890563	-0.11393578064795462	-0.10002189801899002	2.0854924506849626
OVOKAM	0.061567930179927344	0.34271246477505857	-0.2792258718284697	-0.17618048252088483	2.201284605844869
OVUFAO	0.027481377274235108	0.7368624515171196	-0.4996011355307156	0.069467497144129	2.1924823076315034
OWETEQ	0.07603236874360808	0.2040634045335934	0.14213556395910465	-0.07530317114102605	1.963942243250283
OWEVUJ	0.06356473221011333	0.8306166497973275	-0.4370009445335272	0.18418112008542528	2.0384311411824925
OWEWAQ	0.015014207299077431	0.8893193025314443	-0.48696807623784355	0.01763534809583869	2.413640641714733
OWEWEU	0.019678643417842284	0.7637539943372613	-0.45124703374712494	0.21418957513722853	1.9316259143212609
OWULAU	0.13482189791725602	0.15012892254885246	0.07054573123603958	-0.3243547142996132	2.603290508198309
OWULOI	0.24571281114132643	0.23114001694826447	0.13491744478094403	-0.009100701685607938	1.7748256685583068
OWUNUS	0.1259561975939526	-0.4830236688032299	0.6854779388443093	0.557560458633479	1.1883494303093665
OXACIA	0.18454149294883793	-0.6558752660856721	0.6182153863212709	0.2118281897623338	1.3369411394133857
OXEPUE	0.04038793451859024	0.032001351237858966	0.0701686506376602	-0.6940839329592782	2.970224927703753
OXEWUK	0.17901505520930744	0.9653361003192376	-0.3306762465155332	-0.004199184734323375	2.5539402456843026
OXEXAR	-0.07225084702090465	0.9293683494471767	-0.386576664866074	0.003269104916352303	2.6504328459407382
OXTIPC	0.0353915473739774	0.03315262899868676	0.2215994563772825	-0.15864637535431905	1.8139289750437226
OZEPAN	0.3290886543619732	-0.5979475587739871	0.5444197569205562	0.08475786447533565	1.5623681613358589
OZEPUG	0.24323643986492038	-0.23368167309121457	0.4472784584159728	0.5080299383218772	1.2153591453136017
OZEQOB	0.2235220894128473	-0.32961972672674955	0.5575500195876042	0.48260224292383413	1.2780714064862446
OZIGIP	-0.023229267427676878	-0.12407742451377501	0.03533518827445614	0.23696153931141686	1.2833533410913898
OZIHIQ	0.20215345215240765	-0.3184488348211785	0.6091406064075262	-0.012504251962716172	1.5637371096556973
OZIHOW	0.20918557407055643	-0.3194367172574917	0.5467677620139544	0.06939784198687152	1.5493915579384465
OZIHUC	0.15958339395898397	-0.24693111046473248	0.49143658357587894	-0.007018418240637619	1.6675738176034045
OZINAO	0.012008635926330391	0.14293036762834577	-0.11546762815790501	-0.25747154997526256	2.3848903526847005
OZIREW	0.024867951776476854	-0.3312235215483441	0.4237011020363115	-0.09615691762086225	1.5726486152009223
OZUQIK	0.03559701270119672	-0.43253649610349454	0.48233082428494733	-0.4579593157191967	1.9075295277223205
PACREQ	-0.013540013489824101	0.48449640753235323	0.06857118976291088	-0.25874635856376565	2.305396534296817
PADGEI	0.09212873211182845	0.3595859967955666	0.030757770200244616	0.2551173142639196	1.5501655822763052
PADGIM	0.04942547878683698	0.33632931969320135	0.007376823432575508	0.1736526618254735	1.6958793322552692
PADGOQ	0.27321472962232957	0.3619964463925869	0.2305390931493434	0.4003711764833826	1.6529558968270885
PADNUD	0.04436258410781049	-0.3799619904709792	0.5252424000102565	-0.07504166984206072	1.4746301889675093
PADPAL	0.14644040580134415	-0.8308321866106398	0.5616439262948452	-0.0825407850091618	1.2631882763787468
PADROB	0.02350627636424671	0.8822440056355298	-0.7243611002181904	0.10601210229407135	2.3899027734788856
PAHDOR	0.006060008944186457	0.45453109136947	-0.5123486323169677	0.5643558496368631	1.3830023605720154
PAKHEP	0.15149255439359777	-0.17046850055424745	0.38267508187142196	-0.024806935351921966	1.6203531228234633
PAKHIT	0.1234561323127168	-0.20368287011782416	0.42686995071713474	-0.3794797867548138	2.0079685733453365
PAKQUR	-0.009663029828425679	-0.5779509702203698	0.29629737725787786	0.09238531400271772	1.138644898703888
PALROK	0.08237117248914724	-0.30194173020800497	0.5474691740401838	0.21962699656391743	1.5634779579076086
PALSEB	0.04116257221412814	-0.33447966887492164	0.17479244239259462	0.03451904486341692	1.62825383986558
PALSIF	0.03595358249663316	0.49509318213690046	0.13151598069356774	0.3540827879780938	1.5237878122327122
PALTAY	0.1969821109289831	0.07074935747302558	0.3248538034027968	-0.19051870619613684	1.9489816109389742
PALTIG	0.07470191724873801	0.2808071473617759	-0.22541705036468762	0.09924556516222242	1.9408531410632044
PAMPEB	0.0043931870519500205	-0.3588756974857885	0.23144517318371305	0.20018761235979673	1.2403083093544516
PAQQOO	0.0879227132196779	-0.08079090319666049	0.6287461233696472	0.4982603080315505	1.9198685824577413
PAQQUU	0.1258852922023619	-0.17576409811341565	0.6017564677784646	0.3490460432955666	1.8496977870133484
PARHUA	0.17337216264891753	0.06906867347664258	0.34357561023601546	-0.37120211498928235	2.4698803418489366
PAWWEP	-0.019093811549956013	0.008771458872284477	0.3635707756344959	-0.0810326271525556	1.647610250721038
PAWWOZ	0.0025475377032779523	0.4963012254223025	0.015503544806541036	-0.40941391872560545	2.7991213999815616
PAZFIF	-0.028267077704536847	0.5713925412927376	-0.3629472568829871	0.6348913680644869	1.3388161264680667
PEBQAO	0.09641313613423047	0.3597236215762769	0.053394862240255136	0.26645836423767905	1.4823793312143656
PEBQOC	-0.01348504708804435	0.15351996529910883	0.3977359154545239	-0.15262265798493221	2.0464080099037156
PEBXAV	0.02667494846455898	0.21156478734793938	0.17397500725919257	-0.7248182679047372	3.3036034178153555
PECRIZ	0.26199839025447713	-0.46332078574960134	0.2502310239091634	0.011589620436984584	1.8387964780201955
PEFRIE	-0.00023027147309837015	-0.04798489743119916	0.41714106058717215	-0.32667446431275643	1.8774141338857664
PEFSEB	0.004776013817179653	0.020200215064428484	0.43409510006070384	-0.26323589325657315	1.7830845570805534
PEFSOL	-0.007169856003174352	-0.03706161693411314	0.38626770949006195	-0.2972382247689254	1.8410413759774216
PEGYIJ	-0.0037500306213920365	0.031643217282218306	0.13698884463968408	0.6027300642427991	1.173949705121982
PEGZAC	0.07693035190223207	-0.41296600445389897	0.2722678536578691	0.6231254674845871	0.9615670303278024
PENNEB	0.014494447116983944	0.8898634247410899	-0.7665640101766451	-0.01299321128468273	2.5967728599076185
PENNIF	0.011355529433235673	0.8055066682134613	-0.7039264128245024	-0.29689239094418796	3.0033739361249703
PENNOL	0.0033841102550487	0.8917908049325534	-0.7436876712765828	0.01179654613207859	2.6174471125283008
PEQCIY	0.09387079118206451	0.043705239705682075	0.3576085126030524	0.010890754397822859	1.4875110256054342
PEQCOE	0.03428262786411604	0.0749951338224264	0.22689647569416294	-0.03920805013216874	1.5027805527236595
PEQCUK	-0.015948412765931175	-0.015871087384579763	0.4052411979183608	-0.16980835250397724	1.80471550107626
PEQDAR	0.006533833222492597	0.017439883317873495	0.39379896295117267	-0.0732268672898686	1.710396639821215
PEQDEV	-0.007075937238947547	-0.004374372188838294	0.40790648428544274	-0.16888888959772855	1.758385820902912
PERBOE	-0.02592440019598223	0.28365728851262206	-0.40458085308042846	0.7616119700317797	1.253690242146858
PERRUC	0.13029776010281063	-0.5511537123411858	0.7828959686092438	0.15398141554118805	1.2480146848726368
PETGAY	0.12271241523242393	0.6569332773707539	-0.708037468954083	0.7260996203779986	1.3302381080152186
PEVPAI	0.2341818624608572	-0.7528174693272347	0.39961025486433344	0.2837724674837799	1.289403790308377
PEVSUH	0.004279557716619448	0.3056139830666287	-0.558333328063489	0.6698635103974373	1.2084903166281067
PEVTAO	0.01385763853717567	0.3064835884045052	-0.5382984319030107	0.604490294533625	1.2582553025002947
PEVTES	-0.011822766270327176	0.0723787910219662	-0.32182254924380926	0.712041167307564	1.113660192503323
PEVTIW	0.021476653756594244	0.7241821847535461	-0.7245496188656786	0.1646676174528552	2.060787344447025
PEVTOC	0.0040599095451196165	0.8733635250275165	-0.6736306229879133	0.13274892642493968	2.358617865394047
PEWJAE	-0.00930647700866874	0.5901927131880842	-0.30288222569995715	0.006159036983056445	2.046405563269769
PEWJEI	0.007638940469030131	0.2435011670155549	0.008863893681325008	0.45433189160780374	1.3621970042273746
PEWJOS	0.1072958074123409	0.09164523901106181	0.030926672690896995	0.42313228473537184	1.1573621703699786
PEWJUY	0.10687724282874589	0.24620711399227035	-0.013529736311369556	0.44698613157671235	1.3018326943593292
PEWKAF	0.00610903656036027	0.5694157832643545	-0.19629186300987578	0.3808816082635416	1.554220401308584
PEWKIN	0.04894765739817755	0.21840196298182546	0.02035254319767832	0.3473234339089437	1.318255957699171
PFPBTI	0.0521025874454592	0.5063639001417504	-0.33325808273615254	0.47204146643367517	1.4761194141665674
PICGAK	0.23059841135730325	-0.7697714015714054	0.49027547225071255	0.44565156417008694	1.211370232603337
PICGEO	0.22242430963182624	-0.7653022823508877	0.5471403794032257	0.40627665410511904	1.2021801619636843
PIFSEE	0.09526503380619411	-0.2709993969102378	0.3424823003962696	-0.13890603892845893	1.5767806035835095
PIFSII	0.2459656579858997	-0.3307646613573705	0.6017969808137908	0.20253185856672054	1.3052765137274769
PIFSOO	0.21727304703407835	-0.3572521893182552	0.7137532271663245	0.21634099138397053	1.3719582658113108
PIGZOU	0.011323022457111587	1.0306194740333106	-0.8883557181781414	-0.39129025213343177	3.607110582334645
PIHTIM	0.037277118418120536	-0.26088662146389874	0.6304518070531184	-0.08632552242677459	1.265411826411299
PIJHEV	0.2553686808656835	0.5958807359421008	-0.6851399781728235	0.683063744443348	1.3813655079048233
PIJMIG	0.003946366024883102	0.21597699717863383	-0.4144466293265865	0.5592255919314438	1.2673516819882917
PIJMOM	0.12202192023787284	0.15187078647783148	0.14643148703387032	0.43212429794976576	1.2549570755601895
PIJNED	0.03129322042525487	0.24406594435500528	-0.4147272036848413	0.4554300802141811	1.3407510681075325
PIJNIH	0.049377175766746356	0.920087079042363	-0.7195977503676664	0.06292648643344531	2.4821578934801622
PILHEX	0.04161232768092271	0.4490296051243656	-0.37525445010196556	-0.7836125378518483	3.74881063066654
PILPUX	-0.005581620249427002	0.09197293478956059	0.21080509556464966	-0.6538891126983624	2.9038833354649674
PIQREP	0.08805431160910968	0.7857242889234466	-0.7400531626362198	0.20538949327159184	2.09732674539438
PIVKIO	0.021928863670305332	0.7530329748098024	-0.6123615469112259	-0.14263398521339155	2.6811835574809084
PIVKOU	0.02119339310950366	0.780250924243663	-0.6343532379823235	-0.13168054306469473	2.7219998549291105
PIVKUA	0.06953097472439607	0.33479682085839313	-0.07515799588301109	-0.4438654614762822	2.800076913337188
PIWNAL	0.5409865493287249	0.7630099540390778	-0.07688212409698814	0.19592206183715197	2.2567109642704457
PIWNEP	0.16341871744089687	0.6982542707845218	0.08025222728610881	0.32198541429176103	2.341749333699268
PIWXUR	0.031734199506627314	0.6388726730153631	-0.588146340720802	0.009007911722193378	2.261742721968019
PIXCUY	0.03857732733270708	-0.019982250532240453	0.05243802231303962	0.03486517520029084	1.599786978404346
PIXTEV	0.08403353685087289	-0.11021834176513279	0.3879106973333839	-0.1974742145674076	1.76868333109205
PIXTIZ	0.01172276774540934	-0.1538740449310687	0.12307142725045095	-0.4343010794001567	2.1164249874227554
PIYLEO	0.026185195258012356	0.835604590140862	-0.7040759018836121	-0.06981579481788996	2.7070785502759556
PMCPTI	0.07038598833035595	0.9463895983815207	-0.7817010772849651	-0.07710545259536476	2.8252328426338806
PNOLTI	0.0594001601689878	0.04694072327591847	0.19311090930494546	0.18864031979848656	1.3434756806003416
POBJUL	0.05923175416403084	-0.024374857039657805	0.16454867614486446	-0.0591058452650028	1.6699166110797803
POBKAS	0.09372530307293814	0.08830411377913006	0.22916098113904537	-0.2427177709178011	2.1290158482867785
PODMEA	0.18031882725086107	0.2518084922956674	0.16701446352271887	0.4164406974047518	1.4704535511409862
PODTEJ	0.23288989169031415	-0.13376965163485321	0.6383925098396557	-0.16463474312558085	1.8509050782264236
PODVAH	0.06290820570512234	-0.04052255305774777	0.5199600090918688	0.025764273902403198	1.792948125538778
POFTAF	0.08129452008519986	-0.3177281211209051	0.539497868439508	0.26880561005367554	1.2745404726683298
POGHAY	0.05995077090079465	0.562349246904128	-0.317184324330954	0.33985350480677606	1.5872622754540266
POGHOM	0.07825808360628167	0.7673232358654825	-0.5519851645532244	0.310639183355901	1.8733459368718504
POGHUS	0.04232527581737197	0.36683720982438883	-0.061358988087218735	0.2159626458491848	1.59882614338387
POGJAA	0.15779232404508176	0.4782710201937488	-0.05855215148400972	0.2993711741648841	1.5778014802567237
POGJEE	0.016412724668147582	0.220376298589938	-0.18943547597157218	0.43036562124563926	1.3677959306082839
POGJII	0.059197674845648585	0.14902185730287076	0.3352809161629975	0.12465028863132814	1.5694563367556569
POGJOO	0.09617587227698246	0.4411107737718205	-0.054721977436519964	0.2875304858060381	1.5827270548973613
POJROX	0.08153337393177659	-0.02878713943226563	0.19411552026998424	-0.5648925724476253	2.545961140560947
POKCID	-0.004602259007864595	-0.05181499523443467	0.3883214708684257	-0.3109861720568364	1.8458629272810965
POLBEB	0.1598310007196262	-0.11729602554209473	0.39199772985482606	-0.42212380719250014	2.209995466774798
POMKIL	0.05583088490936583	-0.3855572900319042	0.42069339572894804	0.21673841866228244	1.340444714949105
POMNEK	0.005589153324266322	0.7950279920705934	-0.7232681685704627	0.025829404656011225	2.4510359598810503
PONCOK	0.014095218838697937	0.7884733849318848	-0.6599065735268247	0.1691841890116671	2.2032902074738185
PORWID	0.04690103719513808	-0.06641239473240823	0.44526147301193153	-0.5698248091635106	2.593639643520721
POVPEW	0.12988118380165353	-0.443394505554664	0.6962075673339856	0.2482787695298379	1.2998617351360306
POVPIA	0.24061880777688	-0.19734811319206624	0.6951577809678182	0.43620110487254427	1.3397184975748246
POVQOH	0.01104659082267323	0.1469258419679189	0.18890117138632023	-0.13002539157413848	1.9072700177593305
PSIBTI	0.17181034585199212	0.47691114764868603	-0.022151850385527583	0.4072389219624056	1.4116865425436667
PUDNAE	0.07596791046082038	-0.010122365191445493	0.16457064697259471	-0.5337527121605947	2.994930056288608
PUJFUV	0.07206773233274005	0.2100554195857236	-0.08821578560334142	-0.10241051159943985	1.957206638186205
PUJPUF	0.004428132705282195	-0.05692866546735731	0.5675265168485615	-0.48149260930448246	2.2828657523005482
PUJYEY	0.27431537471107675	0.25024624723409206	0.3428913718798956	0.38339104714444416	1.8307457547620236
PUWLOL	0.03952836015084199	-0.13244177851414962	-0.04903417613009031	0.05084711966851274	1.4980016710717996
PUWLUR	0.05757570351537253	-0.05416284050435172	-0.062217601902271547	0.008070139314406857	1.600253484621841
PUWRAB	0.017659007341419952	0.8099818661291915	-0.7118148049970017	0.11031665523160147	2.2735058672030664
QABMOV	0.07376433829351567	0.4048189801687001	-0.23665342785843557	0.010160710766671816	2.0287042241566478
QAGFOU	0.14074602038086065	-0.30744576479781305	0.6034293408791027	0.2642840997214454	1.3708739097793257
QAGROG	0.03554302069299767	0.4227895627640659	-0.016646085166932556	0.11828705674401438	1.8236844719404361
QAGRUM	0.1898668556063723	-0.16066476904650706	0.500003297088101	-0.20099180443755277	1.7142854651421553
QAJDEM	0.006099542982315825	0.3752827024372398	0.1116724223537382	-0.3405479763990934	2.3441875977921436
QAJHIS	0.02664531744920648	0.5276204775291755	-0.3050328699570586	0.16915296682183392	1.780712184855615
QANCIR	0.012512891187910213	-0.43871068043601813	0.44246021931363066	-0.4542564770800897	2.1431652328241366
QANFER	0.10748836147810778	-0.022050152373104925	0.38380379147416477	-0.011026198551925413	1.6869339755307902
QAQTUX	0.04761562826210014	-0.054152093097799	-0.04130219961604609	-0.14100745992109473	1.822594537979439
QATFOI	0.21274563172134375	-0.5986701986373286	0.6709798288014006	0.06640180295689946	1.1734820959899472
QATFUO	0.06672598439082142	-0.3830854707679485	0.5352908548508606	-0.15093880813888785	1.4541684187330013
QATGID	0.06402616805786504	-0.42396736639106036	0.5391814434884667	-0.1583676701052318	1.439310041886035
QAVGOJ	0.05577859307044156	-0.3148596420108376	0.04425288402038663	-0.23006423864056147	1.6841332607682173
QAVWOB	0.018725759373496187	-0.03500637571257581	0.36678268096815314	-0.5352357678705534	2.3476966259812904
QEGNOF	0.07518912264668176	0.20200616325708198	0.049475069175548336	-0.09978790058298101	1.9463888577734838
QEJFIV	0.08554671260430352	0.2506402264326604	-0.30577173349872677	0.3341517290922678	1.4686323876598335
QEMSOR	0.13564906224276413	-1.0364413326187298	0.7441621725194125	-0.02467183010117384	1.4400677316830397
QEMTOR	0.16620969350857817	-0.15632715042501255	0.42282340428839427	0.21000969122569665	1.2864187833967482
QEMTUX	0.17730449832174272	-0.18408539321311546	0.41726080177513136	0.21640048837087328	1.256889787491592
QENJAV	0.030807265951189267	0.5411228817983935	-0.10334675222535683	0.1245531577397596	1.8823181253140076
QENKAW	0.2714604859722187	-0.577789321574679	0.8385166303074882	0.49669950397046575	1.726995311981714
QENPOS	0.18883580522710303	-0.08311493792454039	0.2721598631877431	-0.34190773325870016	2.0016917604354685
QEVYAS	-0.02736802828636696	0.2438748518338456	0.025571812041757402	0.17796433739864673	1.703618044262631
QEZJAH	0.00788972406108246	0.7178722147329784	-0.5657919768802572	0.6380900977742874	1.4158060310626814
QEZSOE	-0.010116738398675454	-0.22332914476565824	0.46343627516985597	0.24473454795164004	1.2686101396408946
QIBQUR	0.2730756928143582	-0.04548553157609181	0.418419047536029	0.07909169059262679	1.8780079611246976
QIBTUU	0.2797093991936369	-0.10783328514518731	0.4525898764280478	0.24097888452405436	1.562882302182968
QIBVAC	0.19794610934867474	-0.14124743866662337	0.47503850058606734	0.1997742049322203	1.4981862225451066
QIBWUT	0.165077094495017	0.31588430798582534	0.06554857269192294	0.279887383083414	1.5449710468322324
QICZEI	-0.011638353676975452	0.18321191431858397	-0.3617962175405399	0.489784711917171	1.2686618126562548
QICZOT	0.22594687205557495	-0.2742410862982676	0.5373554989978955	0.33373096559478505	1.1167168437543094
QICZUB	0.03188533886551778	-0.4205738623755573	0.32549651039472427	-0.08429446461269222	1.3911348711538118
QIDBAK	0.023705196453929905	-0.4056358261417832	0.30796740317264737	-0.08881283831609398	1.4009623937601967
QIFGOD	0.02192469892291965	0.04354215033757658	0.2842767150836871	0.12357724339050863	1.3911283811859363
QIFHAQ	0.03409817412041036	0.057595941412911245	0.2371802206931375	-0.040867925326390074	1.5882107056346664
QIFWUZ	0.02161496672091312	0.1563545164717568	-0.47513507629301677	0.1912202460685313	1.707942157604579
QIFXAG	0.01665462134944881	0.6099178710450279	-0.7077611269329172	-0.08055348144285876	2.4320645081000523
QIGLID	0.06787530400164288	0.2838939940493179	-0.011750675396625665	-0.2886969647663538	2.414966037236023
QIGLOJ	0.047068908039853835	0.5479446812831932	-0.42913138105608095	-0.3738930046907817	2.912295534409658
QIJFUM	0.043328694754625086	-0.07582007865847107	-0.12840614758137003	-0.03140143054634976	1.6573606407671488
QIJSEH	0.033216926907001065	0.14245931753588303	0.05532685054670927	0.14560539709467185	1.4333429615427409
QIKFUO	0.3537241935785013	-0.5993023047904447	0.8473396637360731	0.4264399629742656	1.6133000109473468
QIKZOZ	-0.00016608037272566878	0.24286624020952674	0.2553919366752102	-0.2713367773385336	2.0920320393649465
QILKON	0.014171365237304945	-0.10365591821456732	0.28547048070167724	-0.336972801866016	2.130937488355567
QIPHAY	0.07828649648002417	-0.26379938335533293	0.5939482586161475	0.15955345215654654	1.1572138043156897
QIPNIO	0.047161287225708115	0.43870509172276284	-0.4218996814971834	0.01532751522972179	1.9174243339389214
QISMEK	0.07372245005950051	0.4870474795576647	0.08074296161882755	0.20860767308963354	1.8551182386989826
QITREQ	0.13916326157180825	0.09564980025096137	0.382586578046179	-0.321959130381188	2.654482204400878
QIVRES	0.034257728736871024	0.8079137375255621	-0.977495081097764	0.735559735773083	1.368584209704031
QIVZEA	0.0158334144807665	0.8458289534895935	-0.6743550167568484	-0.11266234031091571	2.7721542034879145
QIWWOI	-0.014708127349102665	0.04190032580607994	0.08757761096568739	-0.12644526698233852	1.8311911690103027
QIWWUO	-0.013555868011328215	0.17301511077365062	0.07921251161958165	-0.18505912007862751	2.072413723135842
QIXNIU	0.08162626375645896	0.1868938615728939	-0.07537164211201608	0.2554753633158534	1.3917083587590184
QIXNUG	0.05243612859926686	0.2638089151012397	0.05834981980037446	0.5047772367677329	1.3401533635148983
QIZREZ	-0.024617595347000323	0.7690841205155166	-0.6071045704091219	0.0056037848722396005	2.397805077621568
QIZRID	0.07857595050155644	0.6784700908248076	-0.48602652227486554	0.395382246821285	1.520834935567819
QOBVIP	0.18345477535036137	-0.2983346354246801	0.4889896440045669	-0.009360349983637956	1.4428763436972356
QOBWEM	0.13745775500097634	-0.3358986653094207	0.3986135593553142	-0.1885661130752859	1.6128718141951617
QOBWIQ	0.11523003749374436	-0.4319081982369468	0.35599951904396265	0.1457668827232719	1.2653079694979699
QOCTEI	0.06939424827603732	0.6996014875342991	-0.5127932879702303	0.1796421020274752	1.961499403717006
QODFEU	-0.02859124562625981	-0.11221527590735425	0.6177350003548197	0.286259237459408	1.3251138556106559
QOFTAG	0.03200844277177811	0.7650861422384438	-0.6964742857260362	0.06534122067878531	2.411103012171408
QOFTEK	0.019631923626676484	0.4251633449664758	-0.08866615928544697	0.05541345581927587	2.2702514792792456
QOHWAL	-0.04626546516425557	0.06632450480939678	0.3481206871655351	-0.37832872745750257	2.2782420505946246
QOHWEP	-0.06675471620908814	0.4371183856457308	0.1504359276387932	-0.2367491190135676	2.21847605057466
QOJKUW	-0.04699447841601842	0.6634539983799281	-0.6321849868636782	0.30551393273545324	1.9130256609524277
QOLPAI	0.1676466125053548	-0.3535364942906134	0.5792850730359209	0.3356015745628465	1.2648161863353815
QOMROB	0.21199804127032829	-0.6641957492452919	0.6950772019031752	0.331564221625328	1.1478098927592013
QONWAR	-0.002503614908471119	-0.07720749660849746	0.1717174529261396	0.14897153282180775	1.3851132578195904
QOPBIG	0.20980648803110857	-0.09836131220346322	0.257664774969518	-0.027852758263067684	1.8782443043397414
QOPBOM	0.1881248033630813	-0.40870999701392874	0.5134352700148899	0.244787581262401	1.5856557430502467
QOQKOW	0.011030116804221307	0.9272248264017597	-0.7911105757390471	0.04875140007512837	2.560289887645473
QOQNAL	0.06148647153307238	0.47859097440172027	-0.2954244339043399	0.02192087922674428	2.0905562482953033
QOSJOY	0.06849338877884528	0.158584632963235	0.09865059856253655	0.12173223558478903	1.5856155118957507
QOSJUE	0.11174036699283801	0.1603704764620435	0.1105996961540292	0.11145939743766425	1.5935596469000486
QOSKAL	0.156560231968712	0.14692175104151994	0.06144991507108877	0.1993394913398658	1.477593905748775
QOSKEP	0.07284734106036564	-0.0378941187980435	0.21842317146457124	0.5993204687551481	1.1277092441157777
QOSKUF	0.14263605387470069	0.26322287442655723	0.06927210053401534	-0.10389152540183218	2.0219833817056574
QOSLAM	0.10007649655340828	0.22160753985020465	0.07520288309773493	-0.0520366841491708	1.9162059419271353
QOSLEQ	0.10610534491735574	0.19105456206315097	0.04791440277025316	-0.047498463004227845	1.8845632796056644
QOZYEM	0.23462803850688696	-0.3446032113911097	0.3038588632139978	-0.10094707533712505	1.5928193621665594
QUFTAN	0.01647212478678306	-0.3030321861568752	0.19230140802626527	-0.06711079160137579	1.6421465584515407
QUFTER	0.020839131670967875	-0.2991767271643573	0.10204986949280315	-0.37024295938907353	1.8949178684187684
QUGXEV	0.1005108861900372	0.18259219487947753	0.18175614457481148	0.030030282769367554	1.751839358995301
QUJRIX	-0.011764710462721373	0.12175990189851804	0.1455470373893799	-0.24431726464171383	2.20077282779144
QULSAR	0.2311262921360005	0.32562690319724785	0.1529661344181592	0.1835349967605142	1.7624957091793632
QUMWOK	0.03735632276638823	0.16734792959294875	0.05995108340514399	-0.035590511446017686	1.7594033248079977
QUMWUQ	0.030203859073296507	0.2935840077319489	-0.03349799022952715	-0.23152459055352295	2.283107320623984
QUMXAX	0.048950561816152954	0.11880628201026999	0.03914802688276997	-0.01737379869998147	1.726814501554605
QUMXEB	0.12667187439201383	0.1797769485524352	0.022094721474160917	-0.08067009875405314	1.8323446820202927
QUNJAL	-0.003471120788372334	-0.0035046289170206357	0.2805125117240086	-0.3826458788020072	2.0944496473426084
QUNJEP	-0.0041662533987430195	-0.0009303827569908663	0.27997993516236597	-0.3773089485553795	2.0860526251310265
QUNJIT	-0.0022192397979535483	-0.023961966213257302	0.25020081960634366	-0.46947867254211617	2.281328808288743
QUNJOZ	-0.024359194667761305	-0.030468844994389066	0.3301332491426099	-0.43524631025920213	2.225282581688948
QUNJUF	-0.0013757107995006068	0.013132726117893068	0.3213105954044133	-0.4333873987857565	2.0403415409730705
QUNKAM	-0.01740071363876794	-0.048618953694206546	0.46732954877423327	-0.4494268590078352	2.117630894490451
QUPCIN	0.10809914174213531	0.09845479099798782	0.09233425463441436	0.004598345407519258	1.6527675777112443
QURHUG	0.02714439819080483	0.7889568369866296	-0.7360284988167343	-0.18153593223311423	2.8670934458025146
QUTGOE	-0.0428898220405248	0.3893655523635746	-0.0967899556371612	0.5962430790648232	1.3096771978903465
QUVRUV	0.28079587779142645	-0.3892457083828744	0.5797933165030194	0.36337356943534993	1.8184051705059432
QUVSAC	0.029575128076224505	0.3392125107666035	0.292231758317951	0.1882258117782543	1.5424122386360635
QUWWIP	0.11045126381041936	0.09403405217637673	0.32172280480850124	0.023564592863798917	1.7383193397199834
QUXKIE	-0.021378891429694666	0.8523572272677975	-0.8944698498490791	0.25775562717686973	2.1714818013505344
RACCAD	0.11267695488244653	0.294039887704749	0.22393492213022093	0.19413060541372115	1.770752609226809
RACHIQ	0.40617825809839014	0.880176223059753	-0.8576048186611498	-0.3298656009496047	3.311823692446426
RACMOZ	0.20168688809318713	-0.7019083731017282	0.501616272637087	0.008347254940618902	1.493075946503593
RAJXIJ	0.04718127153772775	0.8975893869159397	-0.8710653892918441	0.4751646287185971	1.7132047889812383
RALDOZ	0.06475371321430037	-0.4711308223947106	0.4884839640988665	-0.05490315665351639	1.4513570751755123
RAMTUW	0.02385282684952872	0.3628117049790309	-0.19714369038141377	-0.0839213201971766	2.0973063577014157
RAMVAE	0.03027631830245292	0.36760166217395396	-0.23554896779058898	-0.2437453054162318	2.3941219352316505
RAMVEI	0.04190347690642665	0.46155058300775975	-0.23394730256168494	-0.3090837381427808	2.6411170002857243
RAPGEU	0.2590460946247218	-0.18174653672700947	0.6502879132451513	-0.07034758424155131	2.203968918922726
RAPPUU	0.062245789795320416	0.005282573441636629	0.40177294308588984	-0.026454866855399765	1.4556109791970249
RAQLIF	0.03629489416951076	-0.3113633025416487	0.4532430734360109	-0.020677477571055626	1.4152486112651206
RAQXIQ	0.08930095599423069	0.8408245748678822	-0.656332576848697	0.8430180245121169	1.328788948363463
RARKUQ	0.12376452335678279	0.3182094630128085	0.021361059849299258	-0.10964645108051749	2.0999280738791204
RARSOU	0.06552985832617009	0.19452378041001905	-0.035364167631759535	-0.19541527899551267	2.1724029985506057
RATJEE	0.4154108987798224	0.8005497217082307	-0.33327494419877435	0.12460261318112485	2.1684203837049245
RATKIJ	0.03741440314605299	0.20598631240325949	-0.044287883172209774	0.05570474489412454	1.6883738924032463
RAVVAM	0.04150120037191629	-0.4611039267731196	0.5045934721557273	-0.0580722105142705	1.5712922944968586
RAWWIW	-0.014488048252058253	-0.07423126341827713	0.4361324758044347	0.08652900912006589	1.312376740672343
RAWYIY	0.3945983117939893	0.031142721727825062	0.6487994200865148	0.06476227284313832	2.1317986435485987
RAYFUT	-0.001291492423165369	0.8910299417520586	-0.8636259140067628	-0.02546341543769904	2.596974208654421
RAYJEI	0.010149183863222278	0.1561317297995508	-0.13673926844729967	-0.24174298786292342	2.387254794278057
RECJUG	0.17995648221677696	-0.07150529476633016	0.33187161850971214	-0.36626241381229396	2.039839469735651
RECKAN	0.1839917306677425	-0.08270752216443	0.3053422883975254	-0.3787062474158111	2.0526908958072374
REDCOU	0.15977501219510387	-0.5622986145687947	0.38194400498362957	-0.2241381828920667	1.7352681561064855
REDDAH	0.17853594613645019	-0.5170019994669226	0.5382999976523368	-0.11105637681169428	1.5985310817082117
REDDEL	0.18054077623919673	-0.5126649358645121	0.527089558449837	-0.1303419548699911	1.5609115657044776
REDKET	0.07322502590651206	-0.24054743107391907	0.19726223154906308	0.18921664391538331	1.2670727644353894
REDKOD	0.039511625451471744	0.0857736147242929	0.1917320778647844	0.34960616148238843	1.3625381547419577
REDQAS	0.12436902742018807	-0.2746674950499344	0.6764690759773173	0.15618431775071034	1.462456602404592
REGDIR	0.09560775845078137	0.3283294361767237	-0.04879442570728143	-0.36722973626378924	2.6263335491221107
REGDOX	0.09716604002067697	0.20855297981914722	-0.025807466659292677	-0.24831054714664458	2.2232712105915007
REKXAG	0.04600317774029333	-0.8030742841023613	0.6285900996480194	0.05815739992255944	1.2893969032329793
REPQIP	-0.03710786546698602	0.014576400954041446	0.2817496770454273	-0.3641599560182701	2.15644639873022
REPQUB	-0.0052922052913079165	-0.05026550070683333	0.3366173265319463	-0.3687142607643196	1.9505441996510686
RERHOL	0.08331855932790752	0.1906393834689788	0.15365600164430315	-0.0006082660719330911	1.8044825252798793
RERHUR	0.0911891592642314	0.1256180180891735	0.16614521782188385	0.033771127811475066	1.6791270971961352
RERJAZ	0.18592194533385048	0.4732515081197515	0.05264634405587065	0.3137115989814363	1.7194026217838854
RERNOR	0.01709587338095661	0.2221947157517694	0.3028652400830598	-0.1591107677448206	1.9979663281445643
RERNUX	-0.016262527456931936	0.6092678705975056	-0.0793720052825364	-0.37023156991678086	2.7745477131988663
RETNOT	0.013668481478720546	0.1581382973634562	0.40744990623308874	0.2528378301629939	1.3420392830863697
RETNUZ	0.012541059789994785	-0.012566018346967134	0.5116635100098599	0.034604057039251984	1.60024670297405
RETPAH	0.012523412280120938	0.04908637111184966	0.4450119379244091	0.13288602398505606	1.4700379609526995
REWXEX	0.1139777693571398	0.34656912356686975	0.12604962309283252	-0.1485533004547289	2.2538447108803075
REXBIF	0.050503292878257805	0.7613221823868224	-0.5093015842559049	0.056366152242871434	2.209882550130208
REYDEF	-0.011441104882671138	0.13516889823334566	0.5282796425000371	-0.19633592620185183	1.7983274879455313
REZDAD	0.06937442301896152	-0.039822728869017165	-0.0351251926279077	-0.41046872387155753	2.3616463397542447
REZRET	0.035063874767019665	-0.15819386225001342	0.5333619837522554	-0.26244621820685904	1.8016319383687118
RIBNOH	0.1438147561494188	-0.2460095654841088	0.452410881702616	0.3643136936980753	1.258012810918483
RIFPIF	0.08122769385759171	0.11894565689893621	0.15304122973151157	0.031849028189583906	1.6919172104271527
RIJPIM	0.4613585267371987	-0.6771074997498898	0.5506887120522492	0.43296736455248686	1.3308198591790843
RIJSAH	0.14528100608468258	-0.18350651936655638	0.18993761070755055	0.17623297954212294	1.3475670949846688
RIKLEC	0.1129367771754991	0.8648520822229204	-0.9373017414132508	0.9071887106560511	1.3237157210745356
RIMRAG	0.013744932714855135	0.13973025110709614	0.2218239140285263	-0.6963850363658569	3.1153968064415603
RIMRIO	0.008931750932150373	0.3655454824991984	0.08683417778497415	-0.9446498401884761	4.233102927086361
RINTAK	0.04235553364716657	-0.04020137963809711	0.29750977228244047	-0.3610338016391682	2.030500643306974
RINTEO	0.040107024245147366	0.02566496141979613	0.36552437848552866	-0.5370412867833156	2.5441143236509327
RIQMOW	-0.004568901459993974	-0.3162035456381762	0.4132495874301554	0.11519764628924171	1.3368899364535765
RIQMUC	-0.010460359537205505	-0.04940734949069281	0.2623576929752167	-0.15887927528280837	1.7627517299139162
RIQNEN	0.07884400977225747	-0.5591566273114901	0.3659453681222684	0.10083061028090728	1.3438569913118985
RIQTIV	0.023679818966235527	0.9592477555167771	-0.7325446355380499	-0.05307237364503126	2.7535563103302327
RIQTOB	0.021472968267680137	1.0419228514876067	-0.7253544544816297	-0.18408893396343168	3.1814901246141813
RIRNEL	0.0902441240252202	0.00369040135305454	0.31018597208018317	0.0846579404131784	1.54747018914163
RIRNIP	0.3190428578354606	0.21226466872088023	0.4517991157570902	0.15281364345411358	1.8232773102198643
RIRWUK	0.031303363896651865	0.650345716333026	-0.41046801421761603	0.06142215337875781	2.0227231327310715
RITBIF	-0.0085762189831122	0.34137349854325505	0.2370208448373976	0.229834978864654	1.6763611114945138
RITBOL	-0.03175545462755866	0.1739273536054573	0.18292168797538388	-0.34864245911658504	2.4156964537083314
RITPOA	0.1450253378887908	-0.31309472417939954	0.44912750454323436	-0.31806234806138517	1.8845013531649815
RITRIY	0.028033019942531212	0.5193249770334591	-0.33793479941319415	-0.34534438200243306	2.7709756871150986
RITROE	0.03059201194984909	0.5210582004346445	-0.33662165952344847	-0.40754102859839875	2.9139289652287106
RITRUK	0.00777682218332279	0.9272896622807196	-0.7708396873794959	0.022174948152067667	2.603572610643716
RIVHEM	0.08880838842623132	0.2977909923560822	-0.002540028756340851	-0.1434691365787034	2.0804489692776427
RIXWIG	0.14101029123874131	0.0827077184578151	0.16201377629121838	0.07136100314951616	1.5802880739416052
RIYDIM	0.05255244348004831	-0.336449727176948	0.07832657053600078	0.20302002005474348	1.2197843027545996
RIYDIQ	0.05807561978721404	-0.08416086644987075	0.32064851112649295	-0.5647700183736405	2.5406320142525667
RIYDUY	0.044362554052963965	0.779581111277285	-0.7323204119316775	0.09849232213098366	2.315368503122399
RIZNET	0.15491350961112815	0.15093560409557716	0.20261210498710414	-0.33813002062190395	2.3631750511963245
RIZNIX	0.18374369268782614	-0.07589761857010258	0.29256522058077916	-0.2666104199255209	2.0623569757114493
RIZNOD	0.13568709411754004	0.27764102853848494	0.07152576354786833	-0.135464733217507	2.088648617347154
ROCVUA	0.2154005435043283	0.9399526127656137	-0.8417805605005703	-0.5763946367457566	3.9465505881872764
ROCWEL	0.021585631963258245	0.7662775051682309	-0.6201082759330425	0.05223879460865762	2.25102850534051
RODHAV	0.028119214595196645	-0.2245870466745643	0.3452828650868729	-0.007773073243253877	1.4884745316884167
RODSAH	0.038812528250335016	0.5263259612794084	-0.39574888204351655	0.27854620250727	1.7674766946432203
ROGWIT	0.10329313844045968	0.3623913722205132	-0.08583827872281691	-0.20949705067682908	2.3098975220251132
ROGWOZ	0.09528795333746434	0.2870228582852872	-0.03238521198102773	-0.2239059471795522	2.2658161001597596
ROGZOF	0.08741019253067756	0.1963568342632951	0.009920843653707934	-0.144447314661829	2.0494498963264918
ROHNOR	0.12567906590321615	-0.2515745103523148	0.3177432245409946	0.03296170875732461	1.4915184025798838
ROKJUW	-0.001656870304993785	0.21421725253306745	0.13553056825196075	-0.8610465492914867	3.7476639931544935
ROZTEI	0.023018754242617567	0.2874140655548847	-0.03844498901725246	-0.6759090563051091	3.0431575910696864
ROZTOS	0.20315313149131403	0.0035219853630943376	0.31759041523470755	-0.4505169411566616	2.433798309733844
ROZVEK	0.2014099724520912	-0.024252821410320813	0.26302312318749665	-0.36024639763611666	2.226389455303795
RUBLOQ	0.04076355775378615	0.47643530310878424	-0.4858579107824257	0.36684492974161376	1.5754888880963924
RUBLUW	0.029249566672007482	0.4806586595288658	-0.48406809890468394	0.40225320446989415	1.5723249786352684
RUBVES	0.03170551016829032	-0.04991653971302368	0.39084321897595564	-0.33476613169601516	2.0462758098960703
RUBVIW	0.03821827231225411	-0.0513326231374398	0.3730464353273768	-0.3358902787163998	2.0368477370366596
RUFWAQ	0.11608440770803871	-0.5639740646529456	0.5528651423879902	-0.06764732531562616	1.3356552990586779
RUGCAX	0.002917711797511907	0.8701321146154712	-0.6489189705845251	0.00598546994886625	2.558370458884538
RUGMIP	0.12725679771280374	0.6528009890763449	-0.5629143953714014	0.3735679143245688	1.7232307352960257
RUGMUB	0.022186373974238643	0.9113366350938485	-0.6738428360116359	-0.48748149378665284	3.909945748395569
RUHKIO	0.020775254823029943	0.9297547550406029	-0.8051936359237899	-0.028891364464435285	2.613715717411723
RUHPIT	0.07904011514549164	0.10291158277495516	-0.057394061920923	-0.32271884431342657	2.3717999261833356
RUKSUL	0.1921654605865754	-0.15240192502332883	0.6360744453234497	0.3665682889118756	1.7491674824297045
RUMXON	-0.018253897328416216	0.9174760017690784	-0.8174298800595672	-0.04388471968469097	2.6727118664514804
RUNHIR	0.07461928561767536	0.21355441779452855	-0.0632118327016864	-0.1997272739018866	2.1364536602614788
RUNHUD	0.0807818479901489	0.10218344512701272	0.009215525726522511	-0.14460938962895417	2.009171931724124
RUNJEP	0.07980987613608362	0.19289306189997424	-0.04833300367345905	-0.1846229852338309	2.1353010427907773
RUNJIT	0.07594646965928106	0.16242946795543434	-0.017003900120246662	-0.14975713686257822	2.0447190650515594
RUNPIA	0.16650702848327587	-0.3083068911852931	0.2843921719749729	0.2867669749343134	1.1763561105432045
RUNPUM	0.1057563037150725	-0.1800392213422657	0.1329466248238771	0.32704417601022784	1.2354544412023056
RUQGAL	0.035355637618252195	-0.0008684126757665389	0.29258722920402414	-0.22090958250867815	1.8174827309067476
RURWIK	0.2156271023287089	-0.09203244568416613	0.3206415105361826	0.4943844978913076	1.165911700125732
RUTDIT	0.14439003652107035	-0.3475862072866218	0.5714922150915698	-0.05809380675099515	1.300791939691738
RUYPAC	0.08694737634362784	-0.07324261026148982	0.35855407947930185	0.13275335533178176	1.4760960002448096
RUYREI	0.022049683913533208	0.1784618173085719	0.35324902665523816	-0.1696187415449931	2.110640319911026
RUYRIM	0.1976516065555362	-0.15751631203389405	0.7075617604805422	0.4444389540476314	1.5426161513909917
RUZNOQ	0.05270202272601077	-0.10369439238829825	-0.07627869596546955	0.046557278069468494	1.527052689908045
RUZNUW	0.06046600679696862	-0.09814539985104309	-0.07748809095989184	0.04876300923720016	1.5330152797707564
SADMAO	0.004948933987860615	0.68550137878406	-0.5526375031261582	0.30787316107823426	1.8510193779932063
SADMES	0.02460461189018459	0.4894015223008563	-0.22740221683498507	-0.14166283834480686	2.33856593561232
SADMIW	0.02010426480884489	0.4882702527867626	-0.21932812327982165	-0.11574169075267846	2.310115145860416
SADMOC	0.004322036573872923	0.5779483248327719	-0.24638526921378545	0.0768054475117392	2.0395628480168906
SAGVUS	0.0733651758489777	-0.3024535240652555	0.24997550131784574	-0.3492807275495636	2.292566026668096
SAHWEE	0.035445597297522446	1.0555873380409815	-0.7402791726518831	-0.1757746694527144	3.125856207262783
SAHWII	-0.006707203552347371	0.9047240026239876	-0.7487146712211016	-0.07677768125488936	2.796376626830324
SAKQEC	-0.009819393549269195	0.07903729588431485	0.17624713896831956	0.15768125556389137	1.442096829665706
SALGUH	-0.006563401952500367	0.07516490464943049	0.12232397831251784	0.25752625720753075	1.351227489102476
SAMSAA	0.04843836283129388	0.10299110348394613	0.08396437810624047	-0.30879890295305235	2.341704372188172
SARGAX	0.015952784870958414	-0.3363281226098014	0.21684772995422863	0.22121059311761648	1.2302969057557047
SAWHEG	-0.009985661614104135	-0.005350034677382265	0.3174759131890119	-0.3644737405436269	2.0417053056652414
SAWHIK	0.025192363332286832	0.04552175683157422	0.41012813348829824	-0.3688158430137155	1.9939286595725678
SAWHUW	0.007851330715273303	-0.039281080045097116	0.2688615554566607	-0.7835873931686393	3.005083987595346
SAYCOL	-0.000498934306850024	0.7155615322028042	-0.5474525246002945	0.6115931300108467	1.5349761860017106
SAYDAY	0.04343224083551123	0.7198966920544572	-0.5526488360221907	0.6043330950887976	1.5250721287936981
SEBCEI	0.09969538870254913	-0.344047040891827	0.41988719317014245	-0.25956243186182093	1.6826305697757107
SECJAM	0.00033833964090665414	0.785679477697395	-0.6960564115711465	0.10507937768388736	2.3011128842009207
SEDGIR	0.03933242857587002	0.03822786678962187	0.18186697492779103	-0.3577871776808441	2.2060870999475295
SEDGOX	0.06180557424265676	-0.06115758594874121	0.420487122315248	-0.11511621497857497	1.8280855951766657
SEGWOQ	0.09613666054547704	0.2952900336950832	-0.06148859807320761	-0.18118414453622178	2.2324064378629256
SEGZOX	-0.022475305129167428	-0.4527851174625761	0.4482706491997095	0.008935272196316098	1.3132644984294939
SEJGAQ	0.09798039124666053	0.053557942751604415	0.16619417067528186	0.047738170593782034	1.6332987666297492
SEJGEU	0.08273913523326015	0.04175823340550755	0.1726958301393844	0.05047011472046703	1.6273819773683558
SELKUP	-0.06801584932485397	-0.42976156557311507	0.32435911682449703	0.29672783449513923	1.2379851241152964
SERZUK	0.05450902763368165	0.6438065661393435	-0.3233606772641091	0.1897461078262344	2.07560782886121
SESBOH	0.002751715810692501	0.41721747931621467	-0.1757927453391137	0.006640464586630675	1.9287358887317874
SESFUR	-0.00797131764431179	0.44799803957396156	-0.3311906881858123	0.7611451616696481	1.1930859149758335
SETRUE	0.22091867837024587	-0.4085016806867152	1.081714119877589	0.2806201703392487	1.4067822528824456
SEVYUO	0.08197435758074059	0.28588338065765706	0.07163669406328	-0.34375702500646454	2.485254032981376
SEWCEF	0.02513246159036936	0.2967380703642015	-0.10788632591620417	0.004031947608723984	1.9106177046599595
SEYMAM	0.10828280229682219	0.6353043372864735	-0.47459450567819284	0.7981706168631411	1.2342649819230715
SICRIJ	0.022909625672781653	-0.06799259801859847	0.5128827206938251	-0.4032213199668534	2.1084754919465123
SICSAC	0.17934657566420492	-0.17665251296415097	0.25601775033600194	0.2779621085345215	1.2299260598635549
SIGDIZ	-0.013388017030499896	0.19215525953890422	0.15020476065816468	-0.2788033010803719	2.047465503515509
SIGLUR	0.1759750508215595	-0.252200353118023	0.5695162127197675	0.17845887205654348	1.5692757465251606
SIGMAY	0.2830597133114223	-0.2619007272411955	0.5923303414092962	0.131963924764122	1.5960755450393789
SIGMEC	0.29257376346601677	-0.28360936028744455	0.6181224355946477	0.11287286990276939	1.633405168440416
SIGMIG	0.24896517273231988	-0.29887341500773745	0.5919971845102232	0.15765132580535013	1.34345432810479
SIGNED	-0.002803660485144327	0.2527423030900633	-0.013040991607390806	0.10972014751977788	1.4999764320173001
SIGNON	-0.015077355121174058	0.04273323889228964	-0.10046453080628592	0.12324230647260187	1.4374882221717629
SIGPIJ	0.10747863092925039	0.017778656872574405	0.260136846274557	-0.23840255113122427	1.8297703056969434
SIGPUV	0.005562274959201335	0.21515015587502306	0.18412200243208865	-0.2827466984408114	2.1099003965020566
SIGQEG	-0.017422483464503008	0.13931114853459547	0.06321503392598227	-0.029600869752596223	1.6020273252057482
SIGQOQ	-0.04039846617910402	0.23488377450159836	-0.09692612683563251	-0.3887198550546915	2.3178700258300258
SIGSUX	0.2257066010299646	-0.24892834166917854	0.5119057106378013	0.16251600322324272	1.8044609435797594
SIGTAE	0.12879015013293243	0.03954186670218318	0.1676748855577357	0.05317226856637142	1.7812674055708948
SIJJEC	0.04668288114336369	0.02088620839626998	0.3854338217397888	-0.45467647657837573	2.173332064881995
SIJJOM	0.051689414813051976	0.4407873205790236	-0.0687485271370496	0.08042880326409738	1.8155177898838568
SIKTOX	0.02694950100562793	-0.34716833272292114	0.26588638533830355	-0.5444895682233881	2.095714668409198
SIKVAL	0.27072083128839525	-0.4499403582692283	0.7352000062890185	0.27282305741434937	1.2976115852783494
SILMAD	0.06633719477970049	0.30813079351066763	-0.043574310646249614	0.259858854109526	1.5537674307714586
SINDOL	0.04389104946821401	0.07444418762000415	0.2447592420414888	-0.8755563812081171	4.48850353723762
SINYIY	0.03194453615216092	-0.41140848255082885	0.4189334869771495	-0.10270002942845168	1.539231402062949
SINYOE	0.058960562817577056	-0.2800586384066275	0.39671469197336773	0.11304859066497888	1.3555835352144836
SIYFUB	0.0402428964533188	0.016915145549162514	0.1698327080011759	0.26339241553517434	1.2787637154014473
SIYGAI	0.05101580673248235	-0.07275364980203447	0.17621461688298545	0.1731659596151885	1.3054975528965576
SOBHAS	-0.023736363836832267	1.1465919975454537	-0.9730452225318036	1.2690596813556376	1.2914945562709392
SODSEJ	0.17101889069335463	0.15744252934378977	0.046594075703722426	0.3259805063279598	1.5378530542948696
SOHRAK	0.05020733727237514	-0.08942728026405344	0.4243074968388796	-0.48971066710709243	2.3674422016483088
SOLXAS	0.12179606766437351	0.222920537983891	0.09359045732564275	-0.07656506438374046	1.9335530405726908
SOLXEW	0.11129644786758278	-0.0861018378515026	0.14357835366628247	0.22372345005459135	1.2765017270323176
SOMDAZ	0.01750052542034411	0.773733650774894	-0.706317607967665	0.1784574624621022	2.184774889377173
SOMDED	0.05339081821813485	0.7895707865852386	-0.704485219187125	0.17237790810333958	2.159422677246748
SOMJIN	0.29455999497187263	-1.0008292470176987	0.7857737803865954	0.48023557529305894	1.4287506165672725
SOMJOT	0.2880591494104037	-0.9479876274763908	0.5910171378416684	0.5649029849103617	1.2601790583540728
SOMJUZ	0.23059417271047494	-0.3748222878400944	0.8475973034916295	0.24291284730437387	1.765789266852329
SOMKAG	0.20665476856801884	-0.41713808468915436	0.7829783346299757	0.19025579001765655	1.662590114854991
SONWEA	-0.001988508166935632	-0.032183323033394995	0.3978098609968044	-0.003764703927817758	1.4313775430434879
SOSDIO	0.024343155669151573	-0.3881671652744574	0.4514235407082685	-0.0627957769798065	1.4930207006044374
SOSDOU	0.016382059527016962	-0.45033591477362833	0.4976442219001831	-0.09183448145587299	1.4961743788593689
SOSDUA	0.01527670704828954	-0.3120202297581405	0.2713359334281369	0.0009489932326290397	1.4541967367188946
SOSWON	0.07293711220162394	-0.24026835998686602	0.4017123730388006	0.07469915901789972	1.3067682235156648
SOSWUT	0.06158748050330401	-0.11530097777204107	0.3429897136526774	-0.21474380720370706	1.8447275032063644
SOTLIX	-0.010379489727448454	0.8855913079504796	-0.7779881245489229	0.020752437717414435	2.525112582561629
SOTREY	0.06779470900764267	0.322051791277016	-0.09473576116035365	-0.44966972304029695	2.776646476217622
SOVTIJ	0.3086575046439422	-0.9757420299383859	0.8212201275147588	0.3080521813221001	1.4207491667285859
SOVTUV	0.4195482500071551	-0.9537487630448727	0.9103120959600899	0.3569809941234136	1.5190205332426048
SOVVOR	0.2982493444842306	-0.9901857753772778	0.7400978019800142	0.4810903396481053	1.3892270800830524
SOVVUX	0.38434277620684165	-0.8692416910528156	0.4215358878689657	0.32369486052102714	1.3224983708446116
SOVWAE	0.28528861565593383	-0.9943368152660308	0.7400578014575594	0.5052395654845762	1.4225287936307145
SOWFOA	0.022284559076280935	-0.5174780304626316	0.21697228723396034	0.17128860865895784	1.156974167429619
SOWGAN	0.05714424934682921	-0.02606332534469047	0.4333967799912377	0.39791083471694927	1.3068349910260695
SOWNAU	-0.003897381630880631	-0.0849236439884078	0.4892907457261282	-0.37277210165798325	2.0463432415874974
SOWNEY	0.039654256422795686	-0.4274595946145392	0.30661293899005093	0.10931470716225264	1.3369070242635044
SOWNIC	0.013762706627285265	-0.02230026230076554	0.43897165810528294	-0.38754431935363703	2.43477404046252
SUBYUJ	0.0845360601209833	0.5794956699575402	-0.34345605062742623	-0.16036976412688547	2.532579684360698
SUGQUG	0.029637958620980398	0.8069441022802359	-0.7591861623853884	0.06189172196481282	2.38645851307253
SUJPOC	0.010607708305582136	-0.3271413633593281	0.3616993059819906	-0.07827351900633979	1.5901268301826064
SULPIB	0.04833318439658846	-0.21102564797078793	0.33773185735532585	0.06331707026015398	1.4832510563500503
SULPOH	0.08745977584975151	0.07633713631385008	0.10873410786466375	0.12878497532668268	1.4856742217211663
SUMQAT	0.0014915288230647472	-0.076120078490574	0.29970881490051826	0.09870298121210501	1.4410150176513903
SUMQUM	0.14063847659436085	0.5621481421343009	-0.15985991261766963	-0.09888972401251209	2.323331431292443
SUMQUN	0.07404127579761191	-0.08171601408263829	0.35062977057943767	0.024286154928766155	1.5386758101335403
SUNBIM	0.36184080133837027	0.42977733634605153	-0.0910461693119955	0.33798852793358986	1.62970926356543
SUNTOM	0.0834719373890474	0.4794839926016228	-0.1700506649786775	-0.16768145850534286	2.2965196037012037
SUPHEQ	0.15412770037194723	0.7804286112290062	-0.4838733971464596	0.8033724033874459	1.3501516296198153
SUPVIJ	0.050825943296005205	0.43545310364445955	0.004414389209443481	0.027448524267708857	1.9469401151866483
SUPVOP	0.004476263525407892	0.4513265615181301	-0.028290954445348016	0.013662624250542519	2.043227668324469
SUPVUV	0.01040201483018205	0.5003458001211993	-0.2347711022593052	0.30972710850550217	1.6212685693831395
SUPWAC	0.04178875694511952	0.37857392213877405	-0.04692918836632609	-0.11650822234024474	2.1423618382294474
SUSTIL	0.14677121349251426	-0.2831608919155344	0.6549098119374555	0.2513554982139471	1.3357976789161836
SUSTOR	0.1528617445721251	-0.29076654927053847	0.621908891796134	0.14103949807628718	1.3423297126258693
SUSTUX	0.1037771217166353	-0.670646732851294	0.6409552124942712	0.047514085248554605	1.2193579848017313
SUSVAF	0.3459241123596325	0.6095543741475393	-0.4453154251950431	0.10067146273653994	1.9423230859438243
SUSVEJ	0.0901665654538443	0.20956801951255644	0.028655630060521187	0.48913650068153075	1.1811627450136701
SUWZOZ	0.009625589851102095	0.9200684371219396	-0.7401324948433792	0.02282864610262616	2.5708552675811376
SUYCEU	0.32782889419489764	-0.14781499576983892	0.500743962268394	-0.2513438859484763	2.5761179887084626
SUZBAQ	0.08955871832560272	0.22162917094369972	0.09674557943144646	0.12779625727500127	1.634704154721857
TACZUT	0.1706622684441531	-0.5341008472587401	0.7760635518981764	0.04176634652084918	1.7093262601082526
TADJIR	0.30247599551623805	-0.44026182093514077	0.6719330446693985	0.009063246296895939	1.7959736689605643
TADLIX	0.007939094013778236	-0.03507498381819962	0.4171129088917054	0.04169291087625942	1.4203282889487712
TADLOD	4.2227696951668836e-05	-0.0026748084180883147	0.4099101889970005	-0.08535474251727328	1.6050316685897106
TADZIH	-0.01028611174310809	0.8253891681315273	-0.7314603819497953	0.06616011525437082	2.4414554299646483
TAFRUO	0.0844790508468124	0.5518999663832322	-0.2183565369921685	-0.04825474884191165	2.2202188690031446
TAFSAV	0.02755134902238887	0.5059693277752717	-0.1800391074257608	0.047637322558338746	2.024012231208803
TAFSID	0.07192213117447996	0.4879221531610418	-0.1726195484246048	-0.003581157486030502	2.0530180601840273
TAFSUP	0.023941736066974417	0.9335017363653173	-0.7225591471341697	-0.03780204179299384	2.730134859050562
TAJBAK	0.19461461660131874	-0.3250511981492772	0.6728623765088746	0.4147470120224475	1.4054867775806819
TAJBEO	0.12343864343209632	-0.31694968556411496	0.7837054534256966	0.387992880760905	1.519349887951349
TAJBIS	0.20070132066729668	-0.0217013056675035	0.2656219923385448	0.04076967525147185	1.5577299878140416
TAJBOY	0.22043267012569773	-0.0755915455285665	0.2777472617409311	0.05143243884155045	1.5196760198999075
TAJBUE	0.17655914744822565	-0.020622356330981972	0.31323614476906103	-0.016918225192554356	1.6724668275403665
TAJCAL	0.05288254604233167	0.1618644950045356	0.14600268921180293	9.838855199000018e-05	1.838968478245851
TAJCEP	0.08064925953182447	0.03421386063891951	0.03590348479418215	-0.19051408964714314	2.0427753580871273
TAJCIT	0.07990714733063803	-0.292810614403205	0.5152426144440267	0.17175215057254492	1.212190343606254
TAJXIM	0.12206509879960425	0.048224537944748125	0.30405644665964426	-0.04121769353532274	1.7236909339420652
TAJXOS	-0.0014102796070655788	0.43945034231479374	0.06672757139301733	-0.19539251666537596	2.11760889825036
TALQUS	-0.005081190770133623	0.4570422876346618	-0.06697415947421481	-0.13915786327178734	2.221871942704219
TALRED	0.014991881390001932	1.3092103852365535	-0.7998122189118262	-0.5223134810769822	4.419664336924404
TALRIH	-0.011151213380442657	0.06336466802923768	0.2774716972127196	-0.24472462627005698	1.9238307370680203
TALTAB	0.02214477354414235	0.8702600666346023	-0.7729086877548008	0.050686020743358325	2.5160560861423216
TALTEF	0.006559547214838646	-0.02720139978552183	0.3076052807807095	-0.2350870125657371	1.9135263000396954
TALTUV	0.0008430448263836432	0.1641408912726292	0.2842687531386734	-0.21024029312647927	1.9294546148858482
TARQIN	-0.005060746126191479	-0.037301336923995176	0.24543255857160484	-0.3952909104001323	1.9724364153682026
TARQOT	-0.003414694147330838	-0.03607274001946337	0.24474002379121207	-0.4094554727883075	1.9909744362553656
TARQUY	0.03587159059274367	0.40538333081006206	-0.3097895113047052	-0.12817294284648267	2.261166580062305
TARQUZ	-0.0036238197084909884	0.03622738710007356	0.37447845645762023	-0.4444024737351514	2.1718722906529035
TATBIC	-0.01427353570283614	-0.21599784293288016	0.26147825207944075	0.02309330861423602	1.42110842749046
TATREO	0.05786686382270684	-0.43831159534070485	0.4771265307610377	-0.14080745066042175	1.5998160151163394
TAVCOK	0.018384221227110253	0.888682107090855	-0.7680211129263821	-0.11024950881007692	2.7408006577676005
TAVCUQ	0.03918611761392604	0.8886639584739835	-0.7828230525973641	-0.005872988082894388	2.54333081012366
TAVKAD	0.010588930317372042	0.8391533377178457	-0.6433106149201351	0.38092419494975505	1.8814221096153263
TAVKIL	0.008419060593653244	0.8613350883786777	-0.6750921239740197	0.36075268556069207	1.9414138005864214
TAVKOR	0.02662494396031201	0.862640517594278	-0.5847957300899144	0.3357975339906373	1.9378866124338452
TAVPEO	0.21569389194638333	-0.20486838960431886	0.3421867926458031	-0.1819916175544886	1.9318323310545509
TAVPOY	0.28851878511608336	-0.1991567073192333	0.46051068866003475	-0.24175253818761688	2.099540762461161
TAVPUE	0.20468961762248866	-0.20945241083968735	0.4936352822337038	-0.19980160923504206	1.922277718543536
TAVQAL	0.10385713918807063	-0.16399700817510432	0.27319730602598336	0.14077925749341047	1.5150766824329769
TAZCON	0.0017458637995114434	-0.12315493308503944	0.29982243503984196	-0.5226195674803993	2.267457658497973
TAZNOZ	0.004097718642751436	0.002259615077790933	0.1361171395878933	-0.5345843540899056	2.827497999587805
TEBFEL	0.09678157592573147	0.3899226098357258	-0.0759097004887268	-0.2755126772249561	2.482435835119912
TEBWED	0.020123100468207977	0.8526536320962141	-0.6219364291772056	0.5019875984578583	1.6192012221677348
TECFUE	0.02550353839116118	0.8031234666277469	-0.7574283106563272	-0.08628568311092033	2.6548697629251126
TEDKAP	0.1725459708031662	-0.20199086500482233	0.5326137781090476	0.2481538615634252	1.4915190833678929
TEFXOU	0.012295686135045614	0.9709847305922579	-0.9036001085692673	-0.21937919244377774	2.9943038648878226
TEGNOM	0.011588361992542068	0.30062418398079016	-0.3795189530707159	0.12648116677980095	1.8104062396217842
TEJBUH	0.015910135428934602	-0.3842878965502212	0.34745246387384987	-0.44546324705336504	2.143399757796587
TEJWUA	0.027022026164613633	0.8274498701223201	-0.5388808927440373	0.40012334050273163	1.933654369977408
TELGIA	0.01415958167108794	-0.0704718355790872	0.5645171879181252	-0.45418441495981987	2.249530652152265
TENBOF	0.08196302742080677	0.4108295850505548	-0.09934538191167896	-0.40677153427876234	2.855163893117861
TENSOU	0.09623455676934933	0.22507554602515834	0.45317137371793437	0.7467472334596627	1.0369203490150949
TEQMUA	-0.010770896973652938	0.10540751607031629	0.056129503378501644	0.19734670163838033	1.4835423624106834
TEQNEL	-0.0067712906188633765	0.24101678502642043	-0.2583821651372644	0.16411633397651043	1.6837770246565582
TEQNIM	0.06434830691607368	0.3360417575303196	-0.046674640624930985	0.4738881599286903	1.3492317354848031
TEQNIP	0.0637499959027664	0.04026298239653947	0.19002037723648124	0.08536285037508624	1.5946700514792753
TEQPAG	0.05189522724820833	-0.3105068321470479	0.2923344646516497	0.25581335548155754	1.3504299052022517
TERHAA	0.19951783037750748	-0.29771305856698893	0.4119241236155242	-0.225163694486383	2.0609895201639423
TERHII	0.26145649051361	-0.3633158870538735	0.7792711006930018	0.5410768043363076	1.3745266714479685
TERJAC	0.10887948351911617	-0.49691423794698286	0.34915304414336346	-0.027168977905033073	1.5237179030921624
TERVUI	0.1008633606107266	0.22246557291600988	0.018269411801487223	-0.1007116115817506	1.9629106060879864
TERWAP	0.09871988819414182	0.22289506381082758	0.0034435200659295173	-0.12119740728766354	1.9959209734369647
TERWET	0.045752677866177566	-0.21988865682792902	0.11161459736438295	0.06909228736695672	1.391143118755613
TERWOD	0.08516814927399585	0.22113965286309734	-0.0039837081065663416	-0.11793164707753234	1.9952638690316178
TESBUO	0.003990443469591404	1.4338400940843283	-1.1374637999744264	-0.4646041510975201	4.201307058546007
TESCAV	0.0493228624056222	0.45934167890968025	-0.23889947245045884	-0.514894762367689	3.121981065276937
TESDEA	0.06601850993785796	0.4578830861763099	-0.0873739955537669	0.06987662842058032	1.8472578419590562
TESGAB	0.3169847133363033	-0.39135143558886876	0.8589526045174649	0.4754393561635891	1.6226106961954327
TETQAL	0.1477781873031005	-0.09431573774265267	0.3850126679326926	-0.18846318494046446	1.7593158537160245
TEVQEQ	0.04926022332801308	-0.15162334828640978	0.3260791554240041	-0.3944915433961727	2.0717925806987316
TEVSEV	0.22356816209525637	-0.18771342933859092	0.3324928908286158	0.003902776069719116	1.4544397801565356
TEVSIZ	0.03604601600438739	0.1728763765914505	0.20142484962169083	-0.21093861682937054	1.9660539938492447
TEWGUX	0.028610715244527213	0.19284811665434187	0.04181304518170559	-0.3651354447823722	2.283194114551768
TEXLEN	0.036972046898584354	1.037090899346928	-0.7852462692852206	-0.1476336101311761	2.9712887515894466
TEYSOF	0.05887312938720643	-0.15721722270880667	0.14832989635532257	-0.019678605385193212	1.583265155016028
TEYWAV	0.026204905974867576	0.33464658931605973	-0.6812777618120286	0.5220345283404375	1.356866981736598
TIACPC	0.027536110304024586	-0.08961720802942219	0.41374762498072193	-0.031036865490733194	1.4126216819292463
TIBVOP	0.011182794677300933	0.04927543728241357	0.23236686998249056	-0.6162745203513553	2.6936902093699007
TIBXAD	0.018361409163508646	0.0696823854979316	0.12846135073490883	-0.6105542826365316	2.8037721592822757
TIDQAY	0.010385199367898584	0.14892746260534828	0.25522342134663045	-0.4119084384808381	2.4033814299135936
TIFBUH	0.22676284911655697	-0.6965881129971696	0.291259769520259	-0.1699567537783888	1.6604987041833086
TIFCES	0.001768619205931632	0.023779157118764438	0.2771255938957633	-0.5181191746584745	2.6116895202332664
TIFCIW	0.07940507552536016	-0.4094767170574798	0.056370331119856454	-0.3301323038725027	1.7877131083415239
TIFHAR	0.17699676215407772	0.19624881815569228	0.03163445818894406	0.043518208309432774	1.7891226039817405
TIHRUX	-0.05424861694435462	0.2944358841133421	0.22634415736452063	-1.0552076535028116	4.893033425867097
TIHSOS	-0.03885679308625818	0.2470121104683929	0.21959899780606973	-0.893071272652463	4.0008904982227325
TIKQUA	0.27550334358036227	-0.7825499321339873	0.8970746012813389	0.37777398031684434	1.4231875184041691
TILWUG	0.0030025060754107213	0.061326749279356996	0.11817452624431635	-0.5540908308098798	2.52816397971162
TILXER	-0.027148914990135636	0.10044534035917918	0.003477505261925362	-0.407459782413441	2.268130189708319
TIRGOQ	-0.024139190645782224	0.12225884132097065	0.32638411041437543	-0.30139144813710944	2.1052258165392526
TIRSIX	0.03340960892309744	0.09647749130994798	0.15057959293618173	-0.5618223884058887	2.7083403082293627
TISGUA	0.02582982517776647	0.35438689807180923	-0.24680126948942027	0.17558123630302733	1.7366606163329328
TISHAH	0.01403857420284979	0.46148043174265174	-0.43433383161839856	0.32123303793704094	1.68978862221144
TISHEI	0.09616253266688865	0.37238670285776676	-0.05989762234194296	-0.26014858319775397	2.4256505026258988
TISHEL	0.053374471062314965	0.560169999710348	-0.426942106038092	0.32982952367091456	1.6697660418308515
TIVLUF	2.801519301737221e-06	0.8750778379033233	-0.8309428660476268	-0.10740474190954558	2.851929230253386
TIVQEU	0.09384589475540492	0.42859296884942344	-0.34416272917671675	-0.38607364895947116	2.873466098385439
TIWJEQ	0.020186189811494615	-0.08337138795531507	0.4894946904114099	0.08378527837466375	1.3641651169721178
TIWJUG	0.021020419225909304	0.06684125457207868	0.2598684517615064	-0.5557559282186606	2.5758955573579465
TIYBUZ	0.07168458433601455	0.21762375065431572	0.06937933375679006	-0.24554629272282186	2.321666969158345
TIZLAQ	-2.9322238396467526e-05	-0.12678643459345285	0.2964766645068979	0.07810815773371138	1.4388632517800524
TIZLIY	0.03599409576024509	-0.3229617505543336	0.4613241548142668	-0.2081803661916977	1.6397849583616442
TODXEP	0.07350794890709114	-0.5304030653929601	0.43104567060159193	0.19799690512093276	1.0944330528141197
TOJKAE	0.027974294642936104	0.8365556396399776	-0.6571546585956094	-0.37314479831168285	3.307919454072299
TOKZAU	0.052734913794299454	0.7538045726127094	-0.53040642034879	0.6595668259401732	1.4161060619279022
TOKZEY	0.025886699086570458	0.7959780934274545	-0.7063617894236618	-0.49800623293120927	3.496764424398912
TORGEM	0.012138342437062993	0.7296696267152964	-0.616185633942413	-0.22482097635902606	2.8549068139273706
TOSSEZ	-0.035506981713089095	0.9432305856489189	-0.6466125835563958	-0.40037340379042036	3.7418417105839694
TOSVEC	0.004943727189195862	0.4611205987390048	0.03749530318886385	-0.43529494072476443	2.8019876841393563
TOSYEF	-0.012504147652493663	1.0144338905506163	-0.7244549675312715	-0.030907777683589724	2.815704544741549
TOWFOD	0.006679881748416772	0.5335056799559363	-0.1141740350145326	0.15291412664460713	1.8232477272652439
TOXFIV	-0.027143368287287042	0.9366167360156008	-0.694423865113053	0.06460570627726357	2.541999141877297
TOXLEX	-0.05703985832474562	0.9547155572037238	-0.8254301116729358	-0.6699452145440576	4.207962881167915
TUBSUE	0.0005463842563247223	0.5469526711788739	-0.6294737333569856	0.4197912703515369	1.5367891293548022
TUCDEB	-0.0018919270214791395	-0.026519227965289716	0.5197714961643476	-0.5048819634726283	2.226815900320324
TUCDOL	-0.01086899483507088	0.005858039353366262	0.43547044242622546	-0.4939475067213863	2.3019970835589993
TUFVOH	0.0012461245040197855	-0.13620826954654763	0.3959071605655331	-0.5076021407194167	2.263992837775376
TUFWAU	-0.00039627668489514156	-0.06637438491788172	0.36919149807088125	-0.5308485771915787	2.390170651783017
TULKEQ	0.2601542241336415	0.8518368687685753	-0.5346259469387152	0.8523952823700063	1.2898864054153614
TUPFAN	0.023987475410701342	0.1279520215913399	-0.047484391109791524	-0.4960715452087724	2.7215617060038744
TURYAH	0.03662617360618159	-0.4032738323010032	0.14879591346173382	0.27196291613592194	1.1560410077640455
TURYEL	0.06361982195949964	-0.558992568346727	0.201567970220218	0.42537254817108416	1.0286872027149951
TURYOV	0.01741319551336107	-0.2533865828713884	0.0804178867085572	0.1403822819065385	1.3710205993306817
TUTLIE	0.0378846130394343	-0.3357892338074846	0.4680148840297893	-0.008054273583470054	1.3006258133472897
UBARUN	0.07166592595339208	0.20190460362497076	-0.11712250628542065	-0.13400762522374254	2.047527614383287
UBUHOO	0.08243143257598809	0.20993883575514127	-0.027386566831623327	-0.12685077563473077	2.0057871434753207
UCIYEL	0.15140404418052616	-0.6286890086284673	0.7415199761371589	0.4921036966542906	1.2074758889674206
UCOJON	0.011482556763627999	-0.40993022079435715	0.47359515763470217	-0.06268456208831881	1.5077671652257756
UCUCIE	0.03381294268663981	-0.4154325146208717	0.417018306919104	-0.10717491209954308	1.5471975447040411
UCUCOK	0.021300105090745064	-0.5165388195603247	0.4800723107112248	-0.08437610772266262	1.469294123492975
UDIBER	-0.0008027942157631807	0.3671083163622568	-0.6568512989170744	0.03693567989801411	2.0112252749438726
UDUCIH	0.006201448952592281	-0.09849773332790068	0.10227171240209976	-0.2921580722242847	2.0218397135435127
UFANAT	0.021441967188472882	0.5267572859492078	0.12848258571044946	0.3818449494092214	1.9549741474569713
UFANIB	0.06391290768911262	0.08753329402872412	0.3260106288924407	0.1598864438642079	1.5425943029388005
UFAPEZ	0.07114479031582127	0.5936988857799608	0.07291201229696109	0.278165234378291	1.7638802152636122
UFAPID	0.0974317743831182	0.07567310335188093	0.3281553120325318	0.16046707029140714	1.5391170148489295
UFAPOJ	0.12142712041773146	0.2878930467560079	0.13020940837789574	-0.0807087723333452	2.070236908123916
UFOHUV	0.055466152036938776	0.04184377655774707	0.11666535877613127	-0.6600917462787984	2.9531571048488185
UFONEL	0.08950837726304386	0.02243416188073377	0.2020552882127089	0.015707154009825048	1.696940950339935
UFONIP	0.07986844005588106	0.008481679151241206	0.1933709027228625	0.025063034343496833	1.669956946124569
UFUDEF	0.012875429894872975	-0.0355489076373785	-0.008546164920905541	-0.4019125397337905	2.2870496032799257
UFUDIJ	0.0031833046807243637	0.021942658254970215	0.1576630083292807	0.07639404503488637	1.5601152008277757
UGEDAL	0.04406809850230867	0.8124153880620093	-0.7681706736676474	-0.09874478970966655	2.542651942669511
UGEDOZ	-0.03848684411001467	0.965350302215739	-0.7940195089245777	0.3372438557539183	2.0588153938788714
UGEDUF	0.15638622943517094	0.7155290681816893	-0.23813989013171843	0.020482111710153628	2.2681042239298623
UGEFIV	0.03372195410750892	1.0381415612352876	-0.8077271287612777	-0.3051027941843787	3.494453472962829
UGUMUF	0.049787165504494746	-0.18235067881197997	0.17650113678114088	-0.017739239800419	1.5501424008726454
UGUNAM	0.06757305698803026	0.1634318025661048	0.08256197403595689	-0.007906140580318508	1.7870633962616602
UHALEV	0.279112121212714	-0.665562603633056	0.821078274440874	0.49122881340650576	1.5441366763912832
UJEHUM	0.3871183130622503	-0.45386771127923575	0.6167903067689766	0.18646310605902608	1.4559052364021765
UJIZIW	0.08197112311800134	0.6574144844769596	-0.5069557994554101	0.004101008295737682	2.257817582885541
UJIZOC	-0.015949181789399067	0.6542503603210919	-0.5505103615848492	-0.011038386139469489	2.3280826798009078
UJOBIE	0.05702728494805853	-0.21760760479828134	0.10633796960280728	-0.06333978779381094	1.6332821898357048
UJOBOK	0.03368002055425817	-0.29616459768221803	0.10059556915672929	0.02968881118844665	1.439341042561167
UJOBUQ	0.04156175698988307	-0.14758508001657322	-0.0769072433061373	-0.004894989796053548	1.5164285253658738
UJUVON	0.12667126920274835	-0.20597620244691273	0.42895859840560724	-0.37982002237515416	2.0081691494580864
UKIGAX	-0.038356586882112645	-0.059276692352480786	0.31360832849064546	0.10972406337251625	1.4481187019808128
UKUMEU	0.05275835581329252	0.8231318429698828	-0.6526028894830594	0.10528444887942602	2.2645479546879352
UKUMOE	0.12043645319202789	0.3504515720167034	-0.11640002323660914	0.17738145519980733	1.6361201670507894
ULEBAO	0.027325514575708282	-0.07939518769799125	0.5328499157142927	0.02548581541673369	1.5469642693270935
ULEBES	0.006589878679080535	-0.14434942749032675	0.47640834574041313	0.05838119592737783	1.4273213126713085
ULOCON	0.05896472742859196	-0.13157408763759015	0.1551615280064793	0.18103505793513094	1.5028850070499233
ULOCUT	0.22987295621714848	0.024307338930294353	0.4753488457924342	0.20970794035941326	2.0367685370797686
ULODAA	0.025777841167859555	-0.12621900843682043	0.16302292318084755	0.16624973156350795	1.49725786667335
ULODEE	0.025098821596685972	-0.2499468848915689	0.3493537319315472	-0.1508233459345855	1.5667548163027083
ULONIS	0.0679757103388593	0.5024754179458202	-0.2709289009969219	-0.3130925303268836	2.8126713306520337
ULONIU	0.18396614211430745	-0.46636739412960804	0.14405206784730185	-0.2682202667205774	1.786549923468569
ULONOY	0.04558599891329526	0.43473423425806645	-0.19296475100072263	-0.3209781167713186	2.581699800118655
ULONUG	0.1889609463358956	-0.47873646125218317	0.1292915410499087	-0.25339217470529696	1.761745292631855
ULOPAO	0.232366635054349	-0.612935369307066	0.287882296006837	-0.2966954815233757	1.7212593667452316
ULOTUK	0.015600529316950107	0.2802739959773253	-0.29561303054175825	0.6491811542542221	1.1671055156034733
ULUQIB	0.1304555746795944	0.39967852061890374	-0.02979647390378215	-0.16079055625766522	2.240422096021817
ULUQOH	0.09870249532689263	0.3588763339395915	-0.028516373999188493	-0.14460920169244715	2.1809505944023666
UMAGUM	0.03407415307035144	-0.27064153532293567	0.09970304232882454	-0.026790632545956622	1.607306114476925
UMEHID	0.198592214866892	-0.5177478822401076	0.7093738208755713	-0.18916690901426975	2.215121087350453
UMINEK	-0.006285343590210338	0.17801040297896842	0.35271779016355365	0.21706437999254463	1.3073277698031678
UNIQEN	0.037176614583572326	0.5590542744935525	0.03728195339613927	0.053686720590072616	1.8637720724224387
UPOHOX	0.06856611882773986	-0.023540178144244805	0.2089886596500743	-0.14592859246531656	1.6410355042192057
UQAYUI	0.0036891296831959297	-0.5240091677585665	0.3845250188586946	-0.11241503681729065	1.3146652990240613
UQAZAP	0.0005995346890009245	-0.4991129498109399	0.3796530868607899	-0.0977091160707262	1.3085396047896696
UQUKAT	0.05392450020418946	-0.22218688547429544	0.3602279840654057	0.28340698414678706	1.2353520625187828
UQUPOM	-0.013123092004715078	-0.08257326562212919	0.23078834054400965	-0.1752747321929697	1.8597926109137344
URIMUG	0.16773369824633866	-0.35165364182094105	0.5707420768801748	-0.004786683830282017	1.5540043398985133
UROPOH	0.05830861691730649	-0.2699273307706451	0.12497717079282156	0.3334933684567726	1.294201948926665
UROPUN	0.025957871008157163	-0.38366445577227193	0.1724456187121579	0.4143329265347361	1.1677638161018074
USEFEE	0.09291066099246331	-0.11515829107189912	0.2793152099367062	0.1408755806103591	1.3351739217574439
USEGOP	0.009118163048140143	0.9063847197675003	-0.8063264194633928	-0.13129067042099438	2.902049043290595
USEHEG	0.018617579486641167	0.9095725696607375	-0.7848509295214863	-0.15251744647888266	2.9324092538829616
USEKAF	0.05290961939632913	-0.10513763437180623	-0.04346713429378979	-0.00045813651133851455	1.5788311472239276
USEKEJ	0.10920631616981735	0.21530226953838172	-0.021062258893785435	0.03436126794628556	1.7078546410295892
USEKIN	0.05804840216922455	0.18552420396122882	-0.02666344482254912	-0.16715649937137977	2.060000323556202
UVIWON	0.19242695032580298	-0.5626103682295245	0.7777552735048257	0.2508165304932869	1.2276985534860536
UVOMEY	0.4780730324842041	-0.4756147988041972	0.7378192862306541	0.16086403643481684	1.302644219908473
UWINUK	0.015592408070382813	0.7429896733542312	-0.6409212588255142	0.13571334813228375	2.181660893485202
UXADON	0.02589955856108417	-0.05018852531033158	0.02256974523648836	0.04853939040454556	1.53203852293637
UYABUU	0.017624261546876546	-0.10091054694098212	0.4043495332971099	-0.18137658322017342	1.6833519692105132
UYEJAK	0.08755208650809262	-0.5121659023486482	0.24949795224140847	-0.5659043275561121	2.2790522110152143
UYOKIF	0.09605882773368804	-0.4052808361252205	0.2872202033246445	-0.024879581839498503	1.6852363237559222
UZINAU	0.00902546904867546	-0.06803567689668544	0.6696729261728624	-0.5177965207321649	2.2359859030923177
VACREY	0.004130814163747498	-0.4141570179169176	0.2546934103890375	0.4033615438310528	1.0633852089744975
VACRIC	-0.049597637555621535	-0.6311525757932905	0.19501931066309264	0.5490058456992973	1.0566317119963908
VACROI	0.026313303615789096	-0.5910180435343775	0.19484077531137856	0.41868832551424806	1.009146905758446
VACSEZ	0.03131950813879453	-0.5521538980012735	0.40786430391911477	0.356595536781857	1.0319191758424318
VADREX	-0.004417318514780777	0.2794137902204148	0.2785669500926915	-0.286550263763592	2.259683917578935
VAHNOH	0.02582173749251515	0.5783100617010368	-0.472796195150616	0.6390160911067159	1.299534355102808
VAKHOF	0.044901013415745955	-0.07940693815604272	-0.06943253980937936	0.06984222591638428	1.526970624041975
VAKHUL	0.07093928638350516	-0.15669320561906375	0.043662032579038	0.1877035672722929	1.31027873537187
VANGIC	0.01494765550812105	0.7117572688135589	-0.7181766476903846	0.11816520886932189	2.1505840422911957
VAPNIJ	-0.001889821606162495	0.014056974957293189	0.5206559158833077	-0.41424616545811427	2.1003355782371442
VAQXAN	0.13996543616739426	-0.5565013590753503	0.3329377317681106	-0.3469749437806334	1.8321744856193312
VASJIJ	0.06157611811405189	-0.33236677013880644	0.147642767981236	0.20202465289142346	1.2560927310516719
VASJOP	0.06963273595591982	-0.3132810480186121	0.17193682527921972	0.21297725119642177	1.2645128182371916
VATVUH	0.010816888514185219	0.9286594216819464	-0.6536870573321658	0.03841083967689643	2.5763536779651766
VAWPUE	0.06537705711988048	0.5699497711919972	-0.29327634059748187	-0.164905043631173	2.5239839914079454
VAWRUG	0.0847585947656039	0.3289912086614408	-0.05143914307589004	-0.36137560931624485	2.595977965969796
VAWSAN	0.05156076120725181	0.7370315757691919	-0.4577645553191887	-0.7057263566462643	4.117465131085723
VAWYUO	0.44047033382905076	0.6449367544586715	0.0781805961013704	0.05182368698932293	2.399871053803239
VAXQAN	0.02946784884690065	0.10832501434171338	0.06806887897408687	-0.6049605756312549	2.9215545380485284
VAXQER	0.04969292415145288	0.03110328468021306	0.40519646190259895	0.12066755648782522	1.655855167715237
VAZBEF	0.3971503998650211	-0.6444780322180632	0.506772723798603	0.3389085781879136	1.2488441527830147
VEBYIK	-0.014399220814820507	0.01657418771662522	0.10539789096030416	-0.30199196567639247	2.004129923118663
VECKUL	0.061602180786417354	0.331965675537814	0.03230259612108699	0.23939471803166432	1.4971866898052442
VECQID	0.022483112186681697	-0.3639997366002987	0.3689583660139004	0.20690368768364403	1.1654655169713437
VEDQIG	0.21439472428822115	-0.179191127818211	0.17245833165044688	-0.19064482467339927	2.021646688664419
VEHSUW	0.2615927421347144	0.9625321699184828	-0.7789248531466686	-0.5375547012345253	3.916177190274232
VEHTIL	0.010815123778260605	0.929865564736239	-0.769711710810953	-0.21561512785460088	3.1930068163860152
VEHTOS	0.13509388582342163	-0.029204473814689713	0.40908284710248566	-0.20239163351133196	1.855834777919766
VEHTUY	0.12071932100255095	-0.090043109705916	0.46599220825431775	-0.07883178406345231	1.6515596729806434
VEMVUE	-0.016021419767610803	0.9411240311693425	-0.6979180779554817	0.0065618589822002815	2.6496043724035383
VENWAN	0.017970793830831833	1.270171708097919	-0.8700923856894968	-0.17570590072505995	3.3547380076814366
VENWIV	0.03978845934265629	0.5934255558567822	-0.55109754874097	0.08027094564951703	2.084835472685715
VERGIK	0.019249379714312648	-0.041664626292000406	0.3948315532500588	-0.5749459106798804	2.438726108934002
VESKEN	0.03533238176212783	-0.2698665151390398	0.3665211852499055	-0.07812356020046837	1.5145820093256013
VESKIR	0.049946623049402894	-0.02349846934552069	0.30734204919752095	-0.20736506078290226	1.8615283460143486
VETGAE	0.0216376247903991	0.945938184777424	-0.9575375557925005	-0.002509546501566453	2.6770420693934964
VEWNOA	-0.022478334681603818	0.9931622940235694	-0.9124230897189776	-0.21148229902421464	3.088797136521482
VEXKEQ	0.011535234037966496	0.8743126170597857	-0.76820391494631	-0.08481849879257812	2.7504360718977705
VEYXON	0.02262609790023959	0.17513382105172415	0.08243084265758083	-0.36803961767357724	2.2295081101079424
VEZYOQ	0.1107386851303778	-0.012091672715869972	0.36881651201259924	0.31337638176006577	1.527783666530885
VIFMAZ	0.09432177269953787	0.26626841416860403	0.16023113084078622	0.05392372042167132	1.778504671502248
VIGYEQ	0.1409561680395554	-0.5881995164413141	0.412870009453562	-0.35839727846219577	1.9338370379684566
VIHCIY	0.02973246312892111	0.8290212832339887	-0.7150149845051852	0.02770233243705629	2.4720898995099794
VIJGIF	0.06850983771845845	-0.43248198557982453	0.22955029140146777	0.13804202536616395	1.1926563411820978
VIMROC	0.18762997348030053	-0.6471811701114856	0.6064923695105657	0.48601877949184463	1.3462544378741477
VINGEF	0.0545754138942561	0.1282168222156561	0.13978768530729635	-0.16373191220376096	2.0625267877590376
VINGIJ	0.05236349686210276	0.13006169509629384	0.1402627898984452	-0.16321116781757955	2.0649907564347143
VINGUV	0.06512258370401497	0.008326270883001197	0.20821600222635994	-0.2295649519556548	2.0779931116408235
VIPFAE	0.1441723764238277	-0.6350440395551313	0.3933360140219757	-0.3835986572031858	1.9336179961348066
VIQMUE	-0.022183296543379694	-0.40853892235011857	0.4588977678880697	-0.47821341023817077	1.9733496159394979
VIQPOA	0.010148710125328031	0.9332217617204299	-0.4530778632406903	0.23240373167728867	1.8157658162156673
VIQPUG	0.08090845283848938	0.8473951675815887	-0.27015779390163386	0.06413445141528656	2.1935527157367902
VIQQAN	0.02249176525949087	0.9099607054097683	-0.42764118263391127	0.23653494220057902	1.7103525444615029
VIQQER	0.022593186680914312	0.8410939549120653	-0.3923635360164853	0.06747956075549748	2.0258834604648204
VIQWEY	0.0651815615640263	-0.4333239939461411	0.3089635144827052	0.10968900703403801	1.268276401427877
VIRKOX	0.03501426350266376	-0.07017571962395808	0.23701586092185	-0.5926387694875226	2.734573980772141
VIRTUO	0.5649694170805727	0.8521769889269177	-0.23665614380788091	-0.0307511580226413	2.9188150904620036
VISPAS	0.2937074718325308	-0.3338953631414636	0.8613563785232015	0.37345774070175786	1.6450025395598742
VIVQEW	0.054789609587640925	-0.3829041552687804	0.15312868598205953	0.32409204306533784	1.0862567703184909
VIZHOB	0.2470574223136331	-0.808114923542528	0.7012652401683213	-0.2954768010547894	1.8597602761897365
VOBCOF	-0.04414135545705529	-0.3976192599929904	0.1555274789489116	0.3848045374584536	1.1764737111890506
VOBDAS	-0.04638670327943621	-0.3440432993333813	0.045568583451992994	0.2634833754027178	1.3112266313158125
VOBDEW	-0.017768167767493584	-0.39767074710634764	0.14580987996086558	0.3159661077674477	1.1979518493233154
VOFQAI	-0.0008623819169696623	-0.09883267320984457	0.4331374732784381	-0.5396750366385787	2.3556887612047013
VOGFII	0.1504591470117812	0.09273643951311605	0.3034520751084273	0.05367875524700125	1.7380350522474275
VOGFOO	0.18405500115403794	0.20687751645377217	0.21971745041329482	0.14346595483972852	1.7603262767834915
VOGFUU	0.27732698224370345	0.14556003348987234	0.32390391699812016	0.11629389214137345	1.7486545208145452
VOGGAB	0.4672159775999377	0.32326512234874594	0.30290170263164007	0.15235242412069563	1.8952500331216084
VOHYAU	0.18717238035442396	-0.11499842621690215	0.2958270318998386	-0.24135932083022094	1.8437065639203754
VOHYEY	0.18790746704393835	-0.08509329331923521	0.41552285152558066	-0.2903336709830417	1.9977395422856814
VORVUV	0.04828375672894439	0.10079834517831099	-0.09900359009201143	0.0785328930340903	1.6206123121600882
VOSLOE	0.0391933055246258	0.7138470026086492	-0.45908674943599714	0.629002718866525	1.3514285452609118
VOSLUK	0.25413552642310255	0.7949794308313245	-0.562550414139241	0.7796387534020617	1.3781439396143453
VOZXAJ	0.02077710438759786	0.21552080232722526	-0.20545845532153695	0.13658421064422888	1.726104420493482
VUDMIR	0.011644904856556837	0.6079295825172095	-0.5083964246203921	-0.00661808984880027	2.197592515057709
VUDMOX	0.046025560997374926	0.5190222340673318	-0.5000037094705567	0.2765093241144391	1.7224113909008363
VUDMUD	0.03579852067870587	0.5082420903390488	-0.49763352905579017	0.3369818693470154	1.5637400586407397
VUFDAE	-0.005003622830132226	0.9602952007552275	-0.6608925849828015	0.10306166124643668	2.4065822603696043
VUFDEI	-0.010484974968268307	0.9572910722773096	-0.6830044172168506	0.24251968204781407	2.2173620064190502
VUGZUT	0.025763888321886613	-0.4562908538623973	0.4829757258107643	-0.15994064290500065	1.6093124126322373
VUMKIZ	0.022066983289435904	0.7280918649902088	-0.6312777879739659	-0.04791346432459938	2.4753962283668196
VUMKOF	0.06884745746309909	0.2978899776156916	-0.11991854333622198	-0.1260599094948663	2.1490422950469084
VUMKUL	0.02542727469836234	0.7175377389804081	-0.6274977457463572	-0.05212768477209788	2.469602665602123
VUMLAS	0.005269728808367985	0.5126219512700163	-0.38559939226996687	0.23526818090148918	1.7736653885081384
VUMLIA	0.02703665311306616	0.5754571606276788	-0.4963876837151633	0.22475046505999202	1.8034250478344829
VUMPAU	0.05850210706427511	-0.04643528083900428	0.11728386863229057	0.06992462005896308	1.5090221859111659
VUPVIM	0.012692865495480071	0.7013375188081805	-0.5812634194383359	-0.01681791299560543	2.445683873559444
VURDUH	0.11706150177119576	0.24806991037428583	0.11197729053010419	-0.20169661823843568	2.258434802216894
VURFAP	0.10218649891572848	0.2388848207826917	0.10218297133822318	-0.1343091462045466	2.095276813013825
VUTCIY	0.07199978355600098	-0.03173898793029428	0.2891468423277508	-0.13687831332715522	2.0272884186962608
VUVCOF	0.01890103412854427	0.7772652478895856	-0.6908400698480612	0.05136295506436632	2.3784348832141196
VUVDAS	0.03397966688143117	0.9079947954177432	-0.7715717048930848	0.091041900075183	2.3876601707494727
VUVWIT	0.010519186347946241	0.07442291179256788	0.21033820636687106	-0.08421876224160268	1.7043375661620657
VUVWOZ	0.005992167342000032	0.13197003203701074	0.1943602329501295	-0.06004304727129274	1.7195689261097902
WABQOF	0.13193823952336453	-0.0355327261226237	0.22941497956969115	0.19983870179553145	1.448066029796005
WABQUL	0.04398822062590088	-0.07382049688652259	0.26667729587293265	0.17035905838031576	1.4791382520167802
WABSAU	0.129894511230699	0.08194719749605284	0.1613160145760788	-0.15061099195101366	1.8723820354730636
WABVUQ	0.23918064502019626	0.10805267240966598	0.2175306000513033	0.5422455707056894	1.1839542653590651
WABXAY	0.06884999562163527	-0.06182271248420923	0.10897911233336588	0.10417098396000403	1.6575701625188393
WAFSIG	0.14041298354304976	0.023893015975776866	0.2878684549703203	-0.3804306737947297	2.194440603408397
WAGGOB	0.0020385234271151076	0.08039883272709636	0.2700799338385229	-0.7026498053032051	3.036062662871108
WAHVEJ	0.006666742063834247	-0.4525920173437208	0.359814342805332	-0.05563759802980081	1.37386146243048
WAJFIX	0.023563425575897246	0.8303519287136507	-0.7282262587450556	-0.30362830513099426	3.1982494825499295
WAKFUL	-0.027121319102270003	-0.10273839682648056	0.3765498909796683	-0.46319696833460006	2.1361889774940366
WAKGAS	0.00019886362745372144	-0.029255204041584992	0.24005645883625504	-0.4195692240535295	2.0482762415334808
WAKGEW	-0.004488447650088295	-0.051427803399585414	0.253492179874484	-0.43701644852414623	2.019860389842332
WAKGOG	0.03212292604710554	-0.08639798006149535	0.1961168656819725	-0.455898022642527	2.0999765882687296
WALBUH	0.031672257831531686	0.6231786597500668	-0.6459702476942263	0.041229903079828566	2.1872114241050538
WALCAO	0.049727646723089935	0.7217496272764996	-0.6490949603830317	-0.04478423980053575	2.514808411234031
WALCES	0.01882272908259916	0.7017931529535173	-0.6541834180084733	-0.01598421905117705	2.4428562411929766
WAMTUB	0.05643498222544488	0.30188412727853065	0.039490228871218	0.06218726459872314	1.7266727967402191
WAMVAJ	0.02328720548776192	0.3807426463104675	-0.05434239343096059	-0.02101694695476858	1.93404859524893
WAMVEN	0.045091318690527515	0.21728681002532158	0.029978687291090766	-0.062338507643385374	1.843450305911847
WAMVIR	0.05777621986233275	0.2681981082265641	0.024061092976357612	0.09461369890137253	1.693373609928728
WAMVOX	0.07150501212155316	0.2739212402614979	-0.011285242664885287	0.07975893402824055	1.7263874307177247
WAMVUD	0.020530785359185316	0.5113055442452379	-0.16321374490731078	0.29810506597812453	1.5628198268721938
WANKOM	0.28382326928795903	0.8641129893394797	-0.2259413429777979	0.1844652360128636	2.162107823666236
WANTIP	0.07675598666863442	0.2328213155307055	-0.2102907100519198	-0.10952875449759863	2.290248223094535
WANVIR	0.19275553526189843	-0.4152973529794308	0.2710318183242011	0.16267075290351132	1.548306037301792
WAQMOQ	0.19443369761764956	-0.03891729981819436	0.2798336846766758	-0.22009178449564443	2.1171991360002913
WAQMUW	0.09740747387278892	0.24463933808047278	0.11924961156637837	0.013442721731966041	1.826755405348233
WARGUR	0.008770548941970574	0.8374586253498406	-0.7065982337028924	0.09784924105203752	2.37677661339851
WARHEC	0.01088383072056498	0.15420248239537848	-0.4555965983844025	0.20315996997555916	1.6749625345861399
WARWAN	0.06277718187389178	0.5837773378633071	-0.07793107208048133	-0.22729591592592208	2.500976472861593
WARWIW	0.0013764844371353113	-0.058106267482169294	0.40174083491744095	-0.28988780099969297	1.865932560304309
WAVSEU	0.21900032651879586	-0.2776429578402504	0.4294583545625421	0.03648931824589041	1.3673993170290577
WAVSOE	0.12140142189239495	0.09942800651471906	0.08774604794748075	-0.4476761726780678	2.321662700798
WAVSOF	0.0630153013708318	-0.02315806713156432	0.3263823281614533	0.2364867198949859	1.5447340314874791
WAWMOZ	0.04999857274085856	0.5155811631653013	-0.44498237750919967	-0.12797507837464622	2.394107499397098
WAWNEQ	0.03071341285567905	0.5263953558817485	-0.40029510035773364	-0.21395727319881666	2.648537009109021
WAWTOD	0.042744180333440296	0.0461049526755839	0.11475955656492376	-0.5139337486463383	2.4906100638863613
WAXFEG	0.05897181132187315	0.39252543974147214	0.10405014938844492	0.2515697121559569	1.884449175157393
WAXNEO	0.03197811070488485	-1.063778232560649	0.4299870150968448	0.21969104117280835	1.3010826318607829
WAXNIS	0.056275639401631716	-0.7483769488103076	0.3700638665381635	0.22556708568948478	1.0511827551229747
WAYFOU	0.3776177671747465	-0.43378851551590225	1.012661279279222	0.42960138823923866	1.7896647788532531
WAYFUA	0.19537530940214148	-0.4523011171275675	0.7545329846961641	0.4259040622332843	1.382180778491602
WAYGAH	0.3904990014829145	-0.42771079212271035	1.010137130506365	0.42519949882000047	1.7821113737265262
WAYGEL	0.3069927985114913	-0.6920710652530628	0.7708621623432843	0.554804381846156	1.4747185390838886
WAYHUC	0.2581137381764862	-0.6138330014208582	0.6860061156744499	0.3773891621190329	1.2965884538278032
WAZWEZ	-0.02511443753394091	0.16908710431233454	0.39312433161777816	-0.7193657337419583	3.096967272358005
WEBVOR	0.040731023833820795	0.21867800607724464	-0.03359049192488017	0.10228593949564688	1.7396544816183768
WEBVUX	0.10111896697515224	0.21771508470980594	-0.082001482003637	0.1921137328193891	1.4893366681963434
WEBWEI	0.03712220879346981	0.20332429229007287	-0.13717201067617646	0.26537602993792053	1.4111871998816103
WECWOQ	0.06960015113844795	-0.15972562246972366	0.49194949806039023	0.23295309566925557	1.3485484931470135
WECZOT	0.046617921009269675	-0.02084074011752879	-0.003567127128583092	-0.6675217795506562	2.881339218497662
WEFTOQ	0.18825232447632995	-0.3941470317466562	0.7105788977533203	-0.2640170849869285	2.154958794861482
WEFVAH	0.19101101614686639	0.6182127062282938	-0.49934437272465415	0.4213490933054702	1.5140024893111261
WEGBUG	-0.0773727896235879	0.9453248916695078	-0.6606219676589805	-0.4132739853083586	3.74469406694842
WEGVIO	0.006800338964338654	0.03142700290654332	0.18298007815131845	-0.45779635869385676	2.1882609451349238
WEHGIB	-0.04385146293632082	-0.07655777921352724	0.1669258723311111	0.30064800073546233	1.2867686690420101
WEHWUE	0.0005799667267261666	0.1941061827711552	0.02401602098851563	0.2686537195293559	1.3985820965943239
WEHXOZ	0.12208204529811195	0.06280743468718386	-0.04038391866203872	0.35751793282937444	1.2966772110597686
WEHXUF	0.07224895458787725	0.10148528337901475	0.03583624935758989	0.20991356963236746	1.4534378617727401
WEHYEQ	-0.011353190693998969	-0.04616121787588989	0.12305414550694715	-0.3868668097080146	2.21138969917682
WEKBIX	0.173988779507453	-0.4327716983336458	0.45242790627409524	-0.19308846432986895	1.957209419184265
WEKBOD	0.1644310551340576	-0.5748546394941934	0.2705045491165339	-0.3017405605512699	1.845536279699272
WEKLUU	0.07530932673606153	-0.6611399014744688	0.37544918200155286	0.38952939409537685	1.055538121908992
WEKMAB	0.06971201676173319	-0.6375337967449184	0.3260176453723129	0.40180112761604464	1.084656172320218
WEKMIJ	0.06123845472177644	-0.3698048361957933	0.15755095416225662	0.08916945662110708	1.3218835568600353
WENCIC	0.03024515169086675	0.23370228853893904	0.043394969553496976	-0.5825722082827045	2.8974743148024
WENCOI	0.024890930812137946	0.14752828760687553	0.04780578042295547	-0.6727627631706083	3.0889034525085974
WENCUO	0.04834738607163461	0.22972103821105305	0.058201135722296016	-0.5358023631791206	2.6702750436050864
WENDAV	0.06796213141492899	0.056989548656746436	0.12899747296002073	-0.4964490685362777	2.394749209116056
WENDEZ	0.02794951338959406	0.3178755762615473	-0.15690571846756862	-0.5576606952172435	3.110724629476416
WENDID	0.04419500305869642	0.28828242384695235	-0.1355582786483711	-0.262194931994469	2.3364067091231258
WENDOJ	0.08109147265006708	0.1110992052520472	0.08639233309665606	-0.3667591362568924	2.4217841713050703
WENSUD	-0.029478064870873177	0.10069437577179796	0.38327604364053536	-0.6706848893792545	2.8578343796941708
WEPRAM	0.10182574643326481	0.06149370713432578	0.17538391478368953	-0.1160605124738116	1.8322835268739075
WEPREQ	0.008110788345016634	-0.08652349728825603	0.3254855948200872	0.17736353888766448	1.3566214218668233
WEQQAK	0.06790018515117566	-1.0926245432862478	0.44643493298338655	0.5277416641674988	1.0789784486364475
WERMIP	0.24825948379257223	-0.18219099820933282	0.37259896752900445	0.11300657055704783	1.4394561302041697
WETGUY	0.019822620586059547	0.3041715674324226	0.0007131358737839655	0.12191885812790736	1.6150319514116027
WETHAF	0.04972713002905449	0.29616113119884924	-0.07917723032761814	-0.08165003807888126	2.0382605038064465
WETHEJ	0.07746721975083773	0.11054807703563796	0.09581627855812047	0.207399665486456	1.4554828780596987
WEVFAF	0.06402952296312439	-0.12879051275597453	0.07459557047817467	0.07805138444644424	1.645268647940016
WEVFIN	0.23795984808631465	-0.41459392335243317	0.3882731964712933	0.32719508420142424	1.2044829979776421
WEVVUO	0.10080938094155156	-0.006175474442050355	0.2869521258058054	0.04037180054418982	1.555385185378247
WEVWAV	0.059662880360946385	-0.019147830696986112	0.3004066835666559	0.11578583733192122	1.429731696589567
WEWYIG	0.00035505194547813534	0.36081667998705713	0.10656661822736924	-0.8941023370534665	4.031382694325855
WEYBAE	0.06305883323043074	0.39827890637721675	-0.028480178904832343	-0.11165827750564458	2.191202437584036
WEYQAS	0.14063455422433974	0.16658186174224499	0.5205253260239913	-0.17638771871866707	1.9020393905212305
WEYTAW	0.2751014579736719	-0.628514719246204	0.869520136346233	0.4691574133857123	1.3401980349854514
WEYTEA	0.16179241821111084	-0.5562178710812686	0.8182162370261787	0.2486366880936733	1.2755548422122218
WEYTIE	0.28803949360150805	-0.644887404802855	0.6901577131317445	0.3057487796205727	1.4350412891915882
WEYTOK	0.4264757114203991	-0.2909308563512498	0.7086358354849249	0.651559047000462	1.5850899097092481
WEZDOW	0.006829476071215312	0.30000120240799033	0.27648338483153534	-0.2619165835690839	2.22676506350077
WEZDUC	-0.0064443539821233825	0.3154152264701877	0.2815493370934632	-0.2712208859847366	2.2644437822694723
WEZFAK	-0.008113627220053723	0.308201765503481	0.2818097673705706	-0.265981501922905	2.250644210956504
WEZXAA	0.24574179877548885	-0.6919502338664434	0.97613497749491	0.48777922358225967	1.6722127426833748
WIBHIB	0.025373372985606518	0.9059656018127806	-0.7545497339509398	0.04993635608137158	2.5007994328500356
WIBTAD	0.002909981265057454	0.7148361133381678	-0.6266857947946964	0.13431351552404763	2.260443977973826
WIBTIL	0.0009122717023875015	0.4549278502257592	-0.4746823047796709	0.5917342300267519	1.3711876622344141
WICZIT	0.002306121793426208	0.745582483008397	-0.7318700335377947	0.14939936006754484	2.096390600853583
WIDWOZ	0.042171514430588836	-0.07743020586649729	0.32601981027103455	-0.37035734429946837	1.8976184292494924
WIFFEA	0.0032241074304797945	0.24028710444354084	0.20584886235988176	-0.6023643804291834	2.8092244408260307
WIGWIT	-0.039695283531092196	0.0372155293185199	0.3492480631936996	-0.12137838689767633	1.6232399761214484
WIHMEF	0.018977786145297493	0.7404906492443941	-0.5953050808531218	-0.09736507289435097	2.6610392301442602
WIHVIU	0.014643792690416213	0.16116854079811516	0.16773557292214947	-0.5364240180119264	2.723728065974867
WIHVOA	0.009291538840194707	0.15208779995640986	-0.02261222737863089	-0.5573778589027859	2.8606997743568767
WILDAZ	0.0321936815047324	0.4833119317660146	-0.47852950976349473	0.2788429315270717	1.6976078385120048
WILDED	0.04425471147169749	0.4904244805292115	-0.47982614777181765	0.26530151364352805	1.712890739289211
WILDIH	0.04096271906257326	0.48676118205996355	-0.4820604878823901	0.2749882414171027	1.705256253268944
WILDON	0.038995858352224466	0.4901662579496979	-0.484798356228208	0.2532853300029476	1.733107068489172
WILDUT	0.048435146248585664	0.6794301108377678	-0.6348212692233631	0.020009102473753412	2.242389653623033
WILFAB	0.06307099909590258	0.6327410337286143	-0.4954669308396735	0.1857932474556441	1.8703857962556198
WILXEV	-0.015444401922452361	0.006360028748761515	-0.04532131287596486	-0.019798828345886393	1.7308572070389594
WIMROZ	-0.023327874825670614	0.31991965309860904	0.09449496387329681	0.20955472283483687	1.702432075286133
WINBAY	0.012465049901247388	-0.16577349629355975	0.3825011658949067	0.16038404516399948	1.2658701828889374
WIRFIM	0.06397977753488401	0.8112132900605356	-0.5342158979339675	-0.02520845936282015	2.4053860087367473
WISJER	0.107371378033767	-0.07868554267628936	0.23558258145597377	0.19964434118508434	1.4087588021586186
WISKUG	0.01818031870332182	-0.17755044082185956	0.3662055543734788	0.16397271518991768	1.2814174891747274
WIVGOY	0.03460245343123436	0.22203332066829207	0.21347695004033396	-0.3222439996802478	2.1271202400113167
WIVYAE	0.1370263132778291	-0.2464249492501338	0.2084046887192037	-0.21093456802769203	1.7981819318506624
WIWLAS	-0.0036063147388038785	0.03138879786914517	0.3280556832598065	-0.338775228795169	2.1081599536956555
WIZCIR	0.024961483072810375	0.8848377509723071	-0.7416964903604846	-0.03839516782285828	2.6419085077740734
WOFXOE	0.004455386759754071	0.79552093437588	-0.7347625753784433	-0.08442864019359614	2.7051372015683266
WOFXUK	0.027725286955929573	0.95335774081923	-0.7522453058081439	-0.043935360205787	2.8772663654712334
WOFYEV	0.16001748963636736	0.7760153379713599	-0.7484861283812623	0.20045145019062954	1.9843176961244509
WOFYIZ	-0.013195118558319799	0.7461257156528656	-0.7062895525506434	0.16894213973065333	2.0490675515260843
WOFYOF	0.031922264384809884	0.7552289460453392	-0.5249080304343241	-0.19222604926089681	2.8233133378795126
WOGDIG	0.016175766711789663	0.9720816224478024	-0.6302538948306926	-0.38135285023087995	3.6936096134626144
WOGMOU	0.09078014080877464	0.22941524418253012	0.2543879860286449	-0.8360374718434738	3.9316657140657423
WOGWEU	0.0835409743480704	0.1703530909706168	0.19046883907770806	0.0874569973513432	1.6402092901763583
WOHMUC	0.026101749155262838	0.736831940021863	-0.5504326185378291	-0.19224134507737026	2.8683180722654296
WOJHAF	0.0034268596117898176	-0.10103104922610973	0.44051564206916205	-0.4800524835160698	2.139110326881197
WOKHUA	-0.01786703055307938	0.06690527931074364	0.15132046180790693	-0.045836092806348365	1.7936538258790926
WOKKEN	-0.015113588929486652	0.15149273501839966	0.07674395174126536	-0.0749974507060315	1.898818557408657
WOLVEY	0.2166764470597093	-0.6601677515530766	0.45007758671077047	-0.3345947427555036	1.9008270702514694
WOPLIX	0.055195598826850656	0.20285889687065284	-0.00499619054581979	-0.1292038714219654	1.970402895457449
WOPLOD	0.05300680515638989	0.16658320504835933	0.03169051980289672	-0.09437527687733939	1.895193277003209
WOPMEU	0.19658531684628427	0.030227009282528527	0.3656500855366309	-0.5493637856750487	2.7672735522440073
WOPREA	0.10494024839775692	0.28234525378618747	0.007182634658768228	-0.13855636700026236	2.0310237914174065
WOPYAC	0.26479943478578544	-0.1650217944423269	0.6517721174731288	0.42697136859505974	1.6458271251742507
WOPYIK	0.2544985192457008	-0.20427989883771325	0.67034866113978	0.21123868261175927	1.6268475786088428
WOQNOH	0.06840174877610641	0.41220716287544024	-0.18010836533670904	-0.3267445746553939	2.4991921674724917
WOQNUN	0.04840657189699504	0.39648929408489186	-0.17487399022180128	-0.31327058253148504	2.4547755933247966
WORBEM	0.05410870987841887	-0.017673299965232925	0.19074517028409987	-0.6206333282263062	2.72218243570765
WORBOW	0.08105472320755983	-0.1800535591738912	0.3640563527781795	-0.7253058249859168	2.8796243780034314
WORFUE	0.002589471697694773	0.7992332342294239	-0.4415047157028855	-0.003674736212814899	2.5055136976900476
WORFUG	-0.004264346783113271	0.02917776218085999	0.25663134530271337	-0.0058224616605609646	1.7917957868710117
WORGAL	0.082803830113366	0.3128683740673073	-0.01527469372348822	0.1595353678384047	1.7959072825056484
WORGEP	0.07039666311168305	-0.02078714871939713	0.16883273527458909	0.21488752787084175	1.49571569526084
WORGIV	-0.03617344127835542	-0.31714149038122397	0.10182043797818219	0.19842167282030862	1.2913498051705004
WORGUI	0.2875415980389996	-0.5984442170377409	0.7477527630623357	0.3601213558615471	1.4879797695281782
WOTSUW	0.02848586323743027	0.016436874258864975	0.32207961599075907	0.12539971714429934	1.4132048136957576
WOTTAD	0.2168108063750701	-0.3000251852414677	0.5197252556531178	0.2566724009974518	1.2673555201299278
WUBVEU	0.0579953089710222	0.02810688264308947	0.08067166372119527	0.043365731520514414	1.757195131986537
WUFGOU	-0.005933832079696361	0.38145504663344765	0.2541985809048548	-0.16299361074764845	2.2972149208739268
WUFGUA	-0.0023014100810683225	0.4024816598873442	0.25240960995383355	-0.16714901827148312	2.344689867034334
WUFHAH	-0.003928830226469393	0.40657971791277747	0.23030165830088967	-0.12567311834017497	2.2421659884122147
WUGRIA	0.04330009060834472	-0.1872321729597468	0.31594487310367136	-0.3391773233712387	1.9173627021709438
WUGSUN	0.23177827664288286	-0.7594069304909188	0.5067348612363793	0.4037964467094772	1.1818552256268051
WUGTAU	0.22819118169958252	-0.759729634771765	0.5093937964428796	0.41749652584476543	1.2004750615931337
WUHKOA	0.009279534458119326	-0.5096471260874722	0.3667837422187483	0.051542633788179214	1.327770033152642
WUHNOD	0.052750090189976284	-0.13103681322078886	0.419799990016573	-0.4717489127014931	2.288415109404169
WUHZIJ	-0.007513508811772984	0.03288389606093345	0.09034049090923468	-0.2775144712087734	1.9503142537160878
WULZOV	0.1383016235243803	0.7413631400481564	-0.6301788276978189	-0.06976350449762168	2.4606627430267345
WUPKUP	0.04438048897220451	0.4930369546138391	-0.27843418040345713	-0.5178780594713028	3.274849582088928
WUPLIE	0.023384541690648214	0.6700785309944943	-0.4131545136870777	0.17893645211260223	1.9297202160329072
WUPLOK	0.00692005366429807	0.7252503191056898	-0.49404349570733175	0.1628056935603425	1.9811210862176623
WUPLUQ	0.08119582229305777	0.3282038476056566	0.00030171658877198304	0.00812432862294791	1.8669016511574497
WUQJAT	0.0028061773468499307	0.19647275192139046	-0.5368729833712217	0.2605516274556489	1.51953741608907
WURNOP	0.14510816485173172	-0.39793033548421297	0.17787036571651682	-0.045386313632742606	1.750474972610911
WURRAF	-0.009738136774823825	0.047667879672961266	0.47258472705973964	0.10066475018266065	1.3437565407424015
WUXLUW	0.05500620834625514	0.11951816785728031	0.12510318387553854	-0.30527520062800223	2.1353866344880754
WUXMEI	0.3528490943741734	-0.34941903683143094	0.9151769260516018	0.5530265109333762	1.7539555480710571
WUXMIM	0.14735515398715848	-0.08374505985610936	0.4313663069033833	-0.08971431526714199	1.8217356989244042
WUYTEP	0.026941851032883712	0.5880993611563388	-0.3719118318124752	-0.13282296854574893	2.466521423423734
WUZDIE	0.0013725104342721395	-0.09970130696160817	0.37897905208615934	-0.5355692211149794	2.3964978358662417
WUZDOK	0.01035897547987269	-0.2019276326639785	0.33994689081121043	-0.4403696989577399	2.075422483404253
WUZHOQ	0.021174803204512038	0.046583972754377534	0.3732242804364312	-0.6990155457563265	3.072742720032427
XACFOZ	-0.0013294868158965911	0.05342539805515889	0.34394867740394375	-0.6520123262125972	2.7874140115784822
XACHAN	0.4371527174135247	-0.02904455035517861	0.4835569679874485	-0.11671249165467507	1.9007859102062787
XADCIR	0.14883447339875427	0.5894117959145704	-0.3973684289304047	0.8300220667558897	1.239339113888013
XADCOX	0.1572796728878827	0.5535511703364455	-0.3517835398976389	0.821935519207532	1.2338981488171898
XAFZEJ	0.05494884588644952	-0.05354382162561544	0.4753660636899	0.31137285002031767	1.1534406412860383
XAGFAP	0.09712614059292013	0.37110789952266154	0.014276573375237467	-0.22944032914674892	2.2891048273729933
XAGFET	0.08456548438996425	0.40687021104005217	0.019319179446383394	-0.26472854153197883	2.3908010002454665
XAGFIX	0.04377353607559331	0.21443246487394285	0.06754466339946186	-0.13247305269910667	1.9781576125255846
XAGFOD	0.04620303807605908	0.2129250553310933	0.07780539463866676	-0.12205906554520973	1.9552832331830006
XAGGAQ	0.03953814476123829	0.2085152625578286	-0.02697340993794728	-0.12098015890414923	1.929631122380732
XAKJEY	0.10228432430817508	-0.25312554583733027	0.7612879976188955	0.39337603541400695	1.6132507242789877
XAMCIZ	0.1441537427463448	-0.7309648142958065	0.47559163619959843	0.22363066510380458	1.217379079184497
XAQKEF	0.07110008809653554	-0.2075325390247773	0.4029315448529527	-0.4163724693735609	2.268000015381947
XAQKIJ	0.03891831697248868	-0.3604708204148146	0.10408316316753097	-0.3333075910569526	1.9719983298913235
XATBIH	0.17452176704826516	0.40736187638931964	-0.013764546458267635	-0.11360790953274766	2.2345259164484954
XAWJEL	0.31686837427956877	0.8594947169849738	-0.23228488756509746	-0.39628210883178866	3.6316034776779547
XAWJOV	0.05863403175535445	0.14483297156922825	-0.08146021479581433	-0.03586677053223341	1.88023868658086
XAWSIY	0.13598841603292144	-0.3171340739779174	0.4616947418864772	-0.2198633845637244	1.9267813787304593
XAWWOI	0.08314135569268755	-0.5988840151553636	0.4781513726160578	-0.0017925206426152723	1.4201467661419143
XAXSIZ	0.05778336597405204	-0.01483629995377056	0.32222793255147275	-0.14353663278440484	1.8385331766373634
XAYQIB	0.0559456597142077	-0.25151873370275357	0.08128327664240365	-0.03910538006522803	1.4865236562793769
XAYQOH	0.0578313228296726	-0.21895986110466348	0.08239201759604997	-0.0446907614167978	1.5161040316745753
XAYXUR	-0.010641839453368607	0.07960224060983467	-0.060255597514979886	-0.5138292147900793	2.624739373427753
XEBXUB	0.043807369020425674	-0.047319764663253494	0.41291454366385905	-0.6330532613441102	2.706433454673917
XECCEN	-0.02875239064190556	1.541446391462745	-0.5945105074334023	-0.5515125016329214	4.6371770834319195
XECCIR	-0.008501048600128833	0.0035477000381156643	0.18122515126533978	-0.013794154004926434	1.5875486172174118
XECGIV	0.09184730819235631	0.14680771788185876	0.14532230795161682	-0.06897707828534391	1.9390425222527856
XECSED	0.21925952522151465	0.40686507720672127	0.4630287429309723	0.583739289127477	1.3767566135098672
XECSIH	0.07097880120757957	-0.008911674941964431	0.4171784824239071	0.3731106794297136	1.2177888098642806
XEDHEU	0.004104995943595063	0.14516136598939733	0.15328917641080886	-0.36798679675706536	2.111595369460117
XEDPAZ	0.15444992143841313	-0.35447461456567764	0.4611622000061979	-0.043091592006114225	1.5836764087412973
XEFJUN	0.1717834813701708	-0.024496995837723468	0.39610800832070736	-0.5571910826685945	2.6466083335396804
XEFKAU	0.20035449832423702	-0.0007251236661551808	0.3774398561605192	-0.5360822016228876	2.6156502796866214
XEFKEY	-0.0016484339605027654	0.24632822790345488	0.04051433814603689	-0.7029804030502657	3.2954095671862342
XEGPOO	0.24966771910356034	0.045103416465396506	0.5761234580802166	-0.07653739742837565	2.2368075567638
XEJKIH	0.06707614636485812	-0.12972638433634787	0.427048896287177	-0.5329532675785537	2.4550589041658464
XEJKON	0.07011726384124742	-0.13094429060860202	0.43099334151272717	-0.5251263647137125	2.4390306120378007
XEJKUT	0.0661482225488034	-0.1520321794221564	0.4206838682749263	-0.5297201408399731	2.4270438735736444
XEJLAA	0.07147795907402535	-0.1340632306638816	0.42964947460825154	-0.5261540929314659	2.4463752350541768
XELKEF	0.006283211548239187	0.8480602656355853	-0.7235517532082273	-0.04905435616499386	2.632452571548072
XELKIJ	-0.015677105179032827	0.7878473785936833	-0.6277458386079451	0.09268890431216133	2.3312898221995564
XEMBEY	0.021435951312977097	-0.04495722388788037	0.4532307523196706	-0.3838950939789033	2.215392995511453
XEMDEZ	0.0697259738005539	-0.007908981552709804	0.11803906799786401	0.03924114488627253	1.7601599623120217
XEMLUW	0.09935573574910692	0.1572664460093458	-0.012193252482481043	-0.20928035774416137	2.2915511432075997
XENZAR	0.06825148019442695	0.010413546132745033	0.06017684672355128	0.04841440451536506	1.5633536019299343
XEPBOK	0.10909616627057903	0.09178877255590301	0.14262482350804362	0.14841989658856203	1.5575586701166464
XEPCAX	0.10041911289191574	0.08914051314116778	0.13443029833537046	0.13967450437573542	1.5626383447850274
XEVBIK	0.1058159855087171	0.06750521352534644	0.15871658705282132	0.1540634643888717	1.5211328138255595
XEVNIW	-0.0043587220889459155	-0.010636688399793037	0.3959084545352589	0.11918645517856505	1.267552250924822
XEVSUQ	0.08949114049698842	-0.23297087462421562	0.5025379099780951	0.028873446692071994	1.9535452756239335
XEWMUJ	0.12342959005478898	-0.3710404485540706	0.4660224468255547	0.42382051306179014	1.2402473339574036
XEWNEU	0.075213176960571	-0.262455343559739	0.4888274942473263	0.06013772761743084	1.3268907954797828
XEXKUG	0.047249095063849195	-0.45006185466687887	0.37238251036385317	0.37988400456340526	1.102883100959358
XEYBOS	0.059445767842303016	0.8591243618702067	-0.7295514091507647	0.3600411061797174	1.7059809443606575
XEYBUY	0.05864872837551807	0.7931331098973087	-0.7825777250110706	0.1590750681152049	2.0102432231407255
XIDXOX	0.07793483048826755	-0.1393840299859046	0.483965924102292	0.3325626424525573	1.2555284736213999
XIDXUD	0.11708603941907991	-0.12039959965775981	0.4720328036506105	0.44914802796787356	1.153043643589804
XIFQEI	0.07921359068144729	-0.280398128486798	0.5258925204128697	0.16601115642439454	1.359061490364589
XIJTOA	0.06562842145465927	-0.1782251060672535	0.07430438108198345	0.05461281451972484	1.4874072346620852
XILMAI	0.04941172292740251	-0.4001783121245901	0.5001502561526752	0.10419263443930107	1.2627039184507114
XINROE	0.08866414020434701	0.2337583488335544	0.149261764275872	0.08253578633898162	1.702558855607788
XINRUK	0.09232276347418839	0.23687446881036633	0.1712637889918478	0.11787286127427236	1.6552091889113238
XINVAR	0.1124638619779294	0.26732958279878405	-0.06244578497322917	-0.061525480439127866	1.9844112762872261
XIPPUK	0.04772767365219882	0.4967084634784231	-0.47469042952112317	0.2744143466313641	1.698646501718685
XIPQAR	0.06568143026532675	0.7047257290163489	-0.5779732550086902	0.5635467148471182	1.491957906547752
XIQLAL	0.052369118562526074	0.06806332418013294	0.12546562970845865	0.15946572199950035	1.4164194742451468
XIRWAW	-0.0068178415911990115	-0.05308790641919048	0.3917231849599372	-0.553608555679897	2.410635193785631
XISCAD	0.11916097360455066	0.17660412345567744	0.20910493444711564	0.12628826026496004	1.6862594940326825
XISCEH	0.0852851865228508	0.20630144945709938	0.17720361955271713	0.057436320648626006	1.776624011845033
XISCIL	0.12409986841501625	0.20756005049692616	0.151067353273993	0.07473545198480908	1.759386595249137
XISHIQ	-0.020482875857396943	-0.4125409503482458	0.3988902297348875	-0.1992626959489703	1.4768837761064715
XITSEY	0.0013400161550213563	0.3647633407422757	0.2224121772771661	0.09547770978054576	1.7275951978680264
XITSIC	0.12516892957598907	0.20223309781477994	0.2541307438671434	0.19219148273953948	1.738651187114442
XIWVIJ	0.10367864024732815	0.24087318778465372	0.21512860940103962	0.019334822255236323	1.8952108460944808
XIXVOR	0.009038972948070129	-0.03733501512760551	0.25897154428791214	-0.7842779866299048	3.2457894997446544
XIXVUX	0.21332215460277304	-0.26373867225878556	0.4373720892429085	-0.13374123335478746	1.673686648238807
XIXWEI	0.21158800534269556	-0.25214415561478276	0.4447825483321495	-0.1619142627391605	1.7155344217429125
XIXXEJ	0.22133494276062393	-0.19684846668251144	0.6390904377606255	0.09378274940332977	1.506228076019093
XIXXIN	0.2546351759984552	-0.21219550895803385	0.5903350168308239	0.23671776475450915	1.3856612916558715
XIXXOT	0.23226147049599066	-0.2384647740272694	0.5950971863076782	0.29704223489503295	1.295895629611008
XIXXUZ	0.048013920024039286	0.009609677767571156	0.28630446796983655	0.10435897530475988	1.4436513949891971
XIYGUH	-0.013857736709817117	0.46367631849659796	0.09094068845552239	-0.5216899054019596	3.076530033797901
XOBHUS	0.004369710557201756	0.8693389911064027	-0.7493652819425433	0.019384394016303968	2.5212895693171755
XODFIF	-0.01107414329411796	0.7403592874326601	-0.5416186152521043	0.16050935098010777	2.1174548763782752
XODFOL	0.024142471106318203	0.9016844931119707	-0.7340276711779774	0.12865093578430192	2.3956015074481334
XOGPUF	0.011799348832464251	0.18217514597745765	0.08002256946937081	-0.5976176479964206	2.819569660857205
XOGQAM	0.05585482936403388	0.1658289503369068	-0.08233200243126526	-0.5269840444525479	2.6059295090267747
XOGQIU	0.048236790851145434	0.14597366808905932	0.11103043390344514	-0.6187597812677591	2.8882440998023475
XOJQAO	0.07461211418331182	0.2258389745631706	0.04179756228763987	-0.17871489078023595	2.0849291894155155
XOLCIK	0.0020435527548053056	0.40315494029817645	0.08861867339777518	-0.32225498661970914	2.2969436116083455
XOLCUW	0.1624585957701044	0.15020764094246486	0.03656798326957311	-0.00829965066541715	1.68980040020495
XONFAI	-0.013279217661088152	-0.29389113467938444	0.21804791956516723	-0.3106606209653923	1.8767703653490269
XONFEM	0.01526955555864884	-0.23928673432925018	0.13433681295527466	-0.2953618588169994	1.833662613933277
XOPFEN	0.009133623119059048	-0.35436105061601975	0.1985008678645399	0.08143722193992796	1.366923539302514
XOPYUX	0.04801202485289968	-0.31283868725962405	0.048041743543398185	0.307314095772278	1.2491781877692647
XOSMOH	0.008823622015527638	0.0523602385651194	0.2578646936905895	-0.3378394460976359	2.3858222070383515
XOSSEE	0.2663560224459865	-0.28629268970522936	0.7132860082336958	0.42028362328905156	1.4133814335631296
XOSTOO	0.06039993515603348	-0.4635463113411822	0.1479656274113017	0.2933900310901629	1.1228907290437387
XOTLOJ	0.11378238334451332	-0.19679838728810095	0.2911929512327551	-0.34575830649442596	1.913688801976583
XOWLAW	0.05014651262089406	-0.48718506179903986	0.2038550015078846	0.4562215634784296	1.0402389842415225
XOWLEA	0.06884814972629566	-0.4386965391958366	0.1522759472987789	0.4020469705541858	1.1337381185990574
XOWLIE	0.06735022943782593	-0.4297537747513074	0.17291457592024173	0.3927866637673553	1.1397724040303374
XOWLOK	0.04464152601981919	-0.19959886892868361	-0.010080656094235252	0.52548787195859	1.1528906662240614
XOWLUQ	0.05463618570828718	-0.4823409471015183	0.18385896810378588	0.4726522951658843	1.0376012077607135
XOXPEI	0.0584372087406812	0.08016534509177209	0.1760740936192835	-0.10772598886880401	1.8665581212343019
XOYKIG	0.01241230210861588	0.12132264820677907	0.14911456611310236	0.3042458431516778	1.4127899880626038
XOYKUS	0.05950005928133312	-0.10568707686687207	0.2374530112187172	0.44999115706896	1.1728600099917552
XUBJOU	0.06545840613531476	0.1558054062284553	0.16060758619239124	0.17262780367053446	1.5838897243145884
XUGHEN	-0.02689738029493137	-0.20812420005347176	0.45407924648889986	-0.07517121324379297	1.3885857620389928
XUHKAM	0.032286997827640745	-0.8510778514413233	0.2832769351146156	0.2615763082732021	1.0482680546705656
XUHKEQ	0.05086318492026798	-0.9246535726967999	0.382660048519299	0.23624334952037557	1.2386922337225026
XUHXAA	-0.012621459861715437	0.5295896981194139	0.0754263230790948	-0.34422444274118286	2.80108878565576
XUJHIU	0.03289069519417659	-0.31204706434880203	0.36281572239734894	-0.0598861640624119	1.466189641540779
XULLAU	0.03152038899655321	-0.20120324440167936	0.44048904847545023	0.10759094914575792	1.24848897571809
XUMFOD	0.02913109596431468	-0.14115714398545398	0.44767110034076074	0.07401452903136133	1.3121114706681314
XUMYUZ	0.04635849591545363	0.12146209128477681	-0.30516014708280714	0.13128798111968798	1.6005435657287075
XUMZAG	0.02579392897618299	0.30844553296308375	-0.5560072505721791	0.26856049474516824	1.5731977008266438
XUPLID	0.012991231335110542	-0.31089268190039165	0.412272255390272	-0.018593669913064013	1.3130181194934814
XURRAD	0.2521337409213411	-0.8661657456307172	0.4572735771410428	0.4701129032884445	1.3527863034915462
XURREH	0.23652378699454846	-0.8728260555151972	0.7466746093580598	0.3364061990726692	1.608238296042832
XURRIL	0.20537967328706763	-0.8330697182314606	0.6594972287401302	0.3550966880048372	1.4353136631157872
XUWRUD	0.012841948541764375	0.15094395945422745	-0.14209524012739227	-0.4058914733321603	2.4966247227168736
XUWSAK	-0.0019155283839558113	0.11449226240256483	-0.05962304412944719	-0.15677798116456562	1.9535045053379352
XUWZOF	0.01489644007975871	-0.31244638001533165	0.44655557873700924	0.018871115390897857	1.330414588309953
XUWZUL	0.028026937317848166	-0.3253365984028438	0.4714430719778919	-0.07596781178079863	1.4273284866531446
XUXCOK	0.04783240920568613	0.44565161701463074	-0.08651817005384066	-0.15468335038253794	2.2796539222316414
XUXDEB	0.019423114746353498	0.3439359302759297	0.04647940986170873	-0.017009711299355086	1.9342692181465457
XUXDIF	0.040203609438007964	0.4322501826968588	-0.1317629160900189	-0.15860683354246435	2.2705278709575376
XUYBIC	0.09631448158273742	0.3182801053920703	-0.07753467319818297	-0.2718741210473322	2.422958534284698
XUYBOI	0.11426107724614384	0.34605688600640816	-0.10239652980998049	-0.2909565071040482	2.450846760871132
XUYBUO	0.11032112287727042	0.3381626631677439	-0.12475031946156778	-0.3254957945920374	2.5143726706178553
XUYCAV	0.09171307238873966	0.22938793215983955	-0.1156193161495207	-0.1517854148282222	2.0626296846068524
XUYDAW	-0.0017264781647005345	0.10905655003066927	0.12937640609780066	0.39497163646355743	1.2622149653587686
XUZVEV	0.30146460822017357	0.24446785748834676	0.4082643273936346	0.14318584709212906	1.7055963805305137
YACTAZ	0.013842676574797597	-0.17552036313101116	0.4159535896092095	0.05710287031124618	1.3269921848048947
YACTED	0.018359605531536594	-0.0865699734603802	0.259914040196507	-0.003821138725422963	1.4639684854693513
YACXEF	0.13963441452279413	-0.8163191968685162	0.5757457137123099	0.1662412250204802	1.3805161552695453
YADBEL	0.09540244094329953	0.056925943672846646	0.31475619235918706	0.16521905744824095	1.4735569069060428
YADBIP	0.06960991832476349	0.15239254415654369	0.2191658730483399	0.04502256435193941	1.7836485725173814
YADDUF	0.13688263543048612	-0.028329989375474707	0.3754568248726149	-0.6185859173757412	2.7470002761756223
YADFER	0.17600252113394838	-0.15385649854846495	0.2796439515141744	-0.38039672256099355	2.109355562153144
YADFIV	0.00928149996256189	0.32697296789562147	0.28413133192017503	-0.6772796672295411	3.26892198657256
YADFOB	0.10310253675059508	0.32218132102174524	-0.06515125499792873	-0.08897019972452999	2.001729523178064
YADFUH	0.028535728105047897	0.03177925475174881	0.2527597586724879	-0.5619068624623214	2.5697722380098362
YADGAO	0.08711561402951445	0.10779210935228845	0.0184377630799748	6.179914711637938e-05	1.6744606017619466
YADGOA	0.10554078429153424	0.40488656033561066	0.01355837514696856	-0.2251100756855412	2.3129022827878725
YAHGUM	0.03369016908945066	0.35270954195826265	-0.18683395855997342	-0.24549915082557283	2.445928342724476
YAJCOB	0.012088452049911408	-0.35371488118398275	0.21051365743448502	0.23577303371067487	1.2095768277297412
YAJRUW	0.03877789856509181	0.7853035868110649	-0.6882405007770405	0.13644237606629273	2.272240295498967
YALBUK	0.0435449412975554	-0.32278893077523074	0.43324224431504543	0.027638826472123262	1.319752295747008
YALQUY	0.05153116949188108	0.26970659371560535	-0.1258890233902008	-0.17722709906678935	2.1776755516869817
YANRUB	0.016889952662242413	0.7293933045522949	-0.5777230878854968	-0.022859390841190347	2.475610235696256
YANSAI	0.015429741564257693	0.7444164960888968	-0.5868864846794387	-0.04630914529324062	2.5359053053412133
YANSEM	0.006918251315410601	0.759185611579023	-0.58683567864069	-0.023464873542976668	2.5013519214216533
YAQNUA	-0.022219824832247353	0.2667343058293805	0.3365771550548262	-0.17204517639591532	2.0746044345766035
YAQPEM	0.28826840127029657	0.03492846024547713	0.32038957800598666	-0.02929357744338796	1.757708168473618
YAQPOY	0.009081394871332443	-0.33291376294527764	0.39915395705010126	-0.07530461294306448	1.4302408920482503
YAQPUE	-0.00024068634172408343	-0.30704595633185505	0.48368654511127773	0.06906427708561297	1.253178487297677
YAQQIT	0.07180136554940589	-0.2719653432172695	0.4130135702050193	0.15060634864154493	1.1581964661321869
YAQTOZ	0.023592677696376657	0.8188875574364114	-0.6228715859502532	-0.004365933626561035	2.4920281115949914
YAXTIB	0.4820179266044683	0.6974016830981005	0.1555788904750448	-0.16627289307433116	3.273922424390493
YAXVOJ	0.08341451824687515	-0.004545202540424231	0.22979567249671207	-0.10429975748758051	1.781816965854559
YAXVUP	0.10228191200086403	0.07188264416010304	0.25546301864374055	-0.21315092717722747	2.0793458537403136
YAXWAW	0.06980710877422205	0.22741151735695775	-0.10949932044537047	-0.07042694370016392	2.003638744162052
YAXWEA	0.10419354537999506	-0.0037404763120707507	0.1765804359758012	-0.08998139665537765	1.7584816772897676
YECSOR	-0.014748474550347973	-0.24352731903493874	0.36227088358479187	-0.35415538365985777	1.9699568584195664
YECVEH	0.02346222080745794	0.9421713777704324	-1.032474268873749	0.5252827311807655	1.6984771512384436
YEGFEW	-0.005405667121407512	0.8806026042166706	-0.7625564386436003	0.045602995713299864	2.5753457689581687
YEGLOM	0.23983017931248263	-0.20064170140940973	0.5366249029599925	-0.008127304871878765	1.8758502706505036
YEGLUS	0.20005753856891056	-0.1310610698897019	0.5508471817996305	-0.13451245600597492	1.9309585481152671
YEHNII	0.3312715211758314	0.11345499180288154	0.48185364825379184	0.42193959944445536	1.5795755579036062
YEHWIR	0.21625807949321696	-0.5538225109686925	0.4955240711838824	0.3804919956227057	1.3644605814327193
YEJHIG	-0.020060157410163176	0.0607704374070992	0.28653309239197844	0.06039674901357414	1.4956183047550047
YEKSUC	0.02473143603484787	0.6279506768189145	-0.6082009886960057	0.0639490418585969	2.1608121571522414
YELYUJ	0.059832807936476745	-0.5669645688036078	0.34680518622277856	0.09246710019656502	1.3245350845409365
YEMZOG	0.02551417198186179	-0.24577481513837451	0.155210203615481	-0.5766771667460614	2.6547381382975894
YENBEZ	0.2277427630144805	-0.6179730563811887	0.6599632216668172	0.22868663321774707	1.5173878872560507
YERZED	0.05325713503009066	0.08873805284942193	0.36888326394805215	0.15272655082374775	1.3946020776003925
YETQIX	0.13811768160442378	0.5114061075713541	-0.1688692270891945	0.2738209992013184	1.6465845786871314
YETQOD	0.1978379533437199	0.331103722005023	0.20865069731075692	0.7899752680520661	1.2417957108768796
YEVVIF	0.035022878568428145	-0.4076661648568636	0.4323927397016212	0.0030100075027753737	1.3765682794563423
YEXCEJ	0.17945957318661887	-0.04209019697079874	0.3534891296317959	-0.2994113761439859	2.373783162916399
YEXFAL	0.07364458081967207	0.43594971854473696	-0.35745076058760916	0.12770343414244273	1.7918835121609498
YEYGUE	-0.015402936846241763	0.2740557245791524	0.15300749780091905	-0.43119101279446453	2.5126356077063514
YEYKUJ	0.03396087510059115	0.47386680888186516	-0.39059729200846394	0.4873039589692688	1.4026399260586446
YEYWOQ	0.2150118749685771	-0.19840333092863327	0.18425619625738587	-0.46975538922399734	2.3023571371315947
YEZCUC	0.05697816638948652	0.19016865612467448	-0.23437720472064671	-0.0906926970352471	1.8909978263366476
YEZDAJ	0.04273954124483639	-0.06301292295606808	-0.07042324254225019	0.013698187349076607	1.5874493980255209
YIDCOE	0.0331721729159728	-0.24810098267127056	0.3738649509928966	0.10321442076156594	1.3719331526104543
YIDCUK	0.05083737636129873	-0.2369616848869236	0.2002421551608562	-0.21907491489732706	1.7477838122848177
YIFBOE	0.13063925707948765	0.1741382491669614	-0.06282708448284224	0.24843320004618863	1.4352922761092253
YIFZES	-0.0005709599198012172	0.44114744210223344	-0.15744370594416535	-0.6787159590855133	3.5390659573862657
YIFZUI	0.0851931945582336	0.35272676510497414	-0.17017442691813112	-0.04944410153424629	2.021284609937979
YIHMOU	0.06310721707141043	0.04230188139385627	0.3053674057291864	0.3698713117722546	1.2568043268896931
YIHMUA	0.06675884497515935	-0.07265627747406755	0.38461826670258636	0.38130192562565357	1.2847085734241623
YIHNEL	0.08499018583194157	0.038069843392785074	0.3312131485239369	0.2765090093337348	1.4521078580688127
YIHNIP	0.138962970014875	0.33089035111134324	-0.11953940224045723	-0.3810991098080415	2.754303064565948
YIHPAJ	0.13221848182563384	-0.3792545725470089	0.5908351998269972	0.039653784154505774	1.4692230405877948
YIHPOX	0.06662198863019497	-0.18056761770824936	0.2384855238789252	0.41003464312179033	1.1824684737715538
YIHYAP	0.0005618581285092572	0.8551554104194579	-0.7628124043225828	0.08466449124337455	2.2856403824050084
YIHYET	0.10494022099053915	0.6646796953697112	-0.42456539289588247	0.8668328087702525	1.2536481410461082
YIJWAS	0.04556482877663648	-0.08599293976657263	0.3567451939731021	-0.26145479264261956	1.9293530959572394
YIMJIN	0.02076936817926195	0.7746734469175416	-0.4584767935494337	0.003264145577403267	2.5560423533846546
YIRKAP	0.034060672155157845	0.15595799191104476	0.06509391844562407	-0.6237678950907787	2.8711781556862648
YIZLIC	0.02448572462539747	0.5246986976535912	-0.30298708785849826	-0.4731258386867106	3.2120599920290225
YOGHEI	0.25185725349417787	-0.6780206188734499	0.7556171241083827	0.3149172221352436	1.4474335606066449
YOGWOH	0.1190348483650066	0.049911913732364255	0.2311028100285688	0.10701267256467141	1.555261166142204
YOGWUN	0.11480186712687701	0.04458851312508871	0.25894250736677815	0.12126110930283496	1.5430295701838697
YOHPUG	0.4664587136124453	1.0342807341335294	-0.6315248940759431	0.9080130357192415	1.4804826600260632
YOHRAO	0.507458611239655	0.7611920361972495	-0.5032049340640834	0.532451476620757	1.692962428547271
YOJJAJ	-0.0005026992732035107	0.7524732028413417	-0.6436435167292492	0.07554848134595615	2.2943147164016855
YOJJEN	0.013357413605360996	0.8328152240271547	-0.6707598405623995	0.08295637208980956	2.368819460541866
YOJJIR	0.007048579639667069	0.7599418329560241	-0.6610757389872183	0.06562866444667581	2.334349228706988
YOJXIF	0.1381700944310204	-0.7371076239264376	0.49229361194513266	0.21972904712683217	1.4212361627208872
YOJXOL	0.14518586508451176	-0.7664080374898128	0.4150555786459391	0.26442992368041274	1.2679197523930115
YOJXUR	0.17227298666850605	-0.8516640365463135	0.6595302235937679	0.36011015563539384	1.4106162132959994
YOJYAY	0.20031128245825908	-0.8414928976274108	0.7653995565307019	0.26113037279096263	1.5736314044239648
YOJYEC	0.1437205123653849	-0.8851633243175105	0.6916481004769113	0.2730123725547238	1.353760640152015
YOJYIG	0.211062164023753	-0.40936505802105927	0.2599853851655656	0.07977949162623453	1.1794735335427289
YOJYOM	0.19420274311950164	-0.8697259115083313	0.5449465645288705	0.3189149112223376	1.3473589508156412
YOKXAX	0.02014582027027187	-0.41478583852404594	0.39253459278312586	-0.0613708542903279	1.4134674206483748
YOPVAA	0.025375953843693205	0.8722138841730884	-0.751118954508557	-0.16495571949991358	2.8159954517257804
YORTIJ	0.054229716110725606	0.1925114960328198	-0.1180028685814265	0.15444250503560872	1.6635781695055467
YORTOP	0.012433969479509283	0.7575045385053785	-0.8143140084302004	0.167962691929647	2.17910723384621
YOTCAL	0.11445182766555248	0.08273936622936207	0.22660356521394753	0.015065837238626149	1.6062282583253273
YOZCOF	0.01776328945772329	0.7702824845005556	-0.5989133736102825	-0.09175364746625929	2.676750875735741
YOZVEP	-0.01942793700965595	0.05183209434725633	0.1580371380941452	-0.3544787760370632	2.1158318881056095
YOZVIT	-0.01664462543863207	0.12977850584977668	0.010935487706852154	-0.3904306902155184	2.266684730323593
YOZVOZ	-0.014772516110668071	0.1621726892581643	0.048375796083594214	-0.39503208571109877	2.276402081112297
YOZWAM	-0.025783034400037097	0.2344601264281505	0.004371091678398109	-0.5170496712490223	2.69082335677698
YOZWEQ	-0.027036189143917352	0.1961781568186609	0.025627505327060485	-0.4679278656830506	2.5038794101109927
YUCMAK	0.08050296811033184	-0.586022313098955	0.27961145139617805	0.05253845990775671	1.467371234210748
YUCPOB	0.27255771076571694	-0.24757256027801988	0.2713067324879863	-0.4488624133637816	2.5293048190467182
YUFBIL	0.018076274326508657	0.3378536360926847	-0.06438604676565207	0.40543288863801213	1.5051837211609813
YUFBOR	0.15553251149879949	-0.18496811879015196	0.3773018729523958	0.20410407429104588	1.2900917914981902
YUHKIV	0.007825256517046242	0.8102558308007439	-0.6184239587608598	-0.0008515173231383143	2.543262420937123
YUHKOB	0.011019727109249533	0.8670968606248546	-0.7794507394303554	0.046678905917742944	2.4630490589599208
YUJKUL	0.056539188725019285	0.044635838132040195	0.14482802073458667	-0.6924040534936373	3.131189634612262
YUJLAS	0.026407735227668566	0.22001715579661996	0.161924186323948	-0.6856735846636753	3.291971375007442
YUNBER	0.1439796511847653	0.33002888813941533	-0.1376252998254801	-0.07700161117874242	2.020880030870507
YUPBUG	0.00721450935750656	0.3611414830940656	-0.46502378500577	0.6428251709014724	1.2782789418748577
YUPJEY	-0.04178002186753252	0.31665827242159894	0.4008950728597349	-0.1282555369355419	1.948139005500832
YUQBOD	0.0532566601233887	0.03843666247516664	0.16507517463193544	-0.09773957938665231	1.8920369695548935
YURBIY	0.017684281816129327	0.1342988516923369	0.18960140696473093	-0.30684683303095267	2.0803517380711765
YUSVUD	0.017018674126219296	0.7464889442275049	-0.7610428237368736	0.22427297001067262	1.9499069723051703
YUTGUR	0.22588759878242726	-0.2982740139157305	0.5405915906702365	0.36448352758561464	1.122460266184436
YUTHAY	0.39485805003262586	-0.546219576397708	0.793402702424238	0.48334683974828174	1.2319407006953451
YUTRUA	0.010280700070487203	0.9026143891561502	-0.7691358115612912	-0.8086904018400015	4.666282275338369
YUVHEC	0.36575653401188923	0.7110222240637527	-0.48791996073039234	0.9321798823129916	1.2690573765825275
YUYDUS	-0.007286982610780937	0.348906403138447	0.24662790985343697	0.1824361654736999	1.5009617101583026
YUYNOX	0.07524877095974467	-0.7105703299399311	0.32655199507444577	0.14689601657818047	1.1495122198608163
YUYNUD	0.05010348283766308	-0.5979861230751786	0.2558605414708459	-0.055315729488837534	1.3320012647903012
ZACDUF	-0.0017523972361970785	0.9303345110569459	-0.7161645443168065	0.35347295317586236	1.8232873549882387
ZACFER	0.0509045127711249	-0.00944036343893151	0.16969657854391862	0.4359373919045424	1.1969259567765442
ZACKUJ	-0.01287511054641105	-0.01697630485468471	0.25870004396526647	-0.5583010032833683	2.5625473842361646
ZAFWIM	0.011166267694216192	0.7792149449562573	-0.5789279458465735	-0.10722886094243571	2.7121471245029984
ZAHJEX	-0.03587079739221058	-0.3083576035141289	0.4870257535059568	-0.19726463042711262	1.4902146037439137
ZAHTAD	0.016068299539084258	0.8681577743836786	-0.7407552612299216	-0.3691066169510364	3.2764199516225476
ZAHTEH	0.015801367357997503	0.8732087883413979	-0.7497163102669845	-0.32827854901396053	3.210423394599401
ZAJLAX	-0.004225113749477899	0.5168327805822321	-0.43276062023818573	0.22047881662476676	1.8099516709826724
ZANRIR	-0.008070234487286346	-0.041684161491224	0.18215569441546187	0.08423584176368996	1.5264863173049759
ZAPBUN	0.043158554067035726	0.5142785363755737	-0.6508062903445354	0.07025876388648712	2.079018320690393
ZAVCAA	0.030623654092893776	0.8553340649879915	-0.7208630879355864	-0.2585634443882824	2.940435566024777
ZAXTIF	-0.023576834868712718	0.0624821235062436	0.0721657512294982	-0.5553256476859325	2.5843410689592337
ZAXTOL	-0.026831710144034626	0.047084558860272185	0.0037423254210167123	-0.32849920989622705	2.128302887398852
ZAYDOU	0.17540886009379641	-0.012706924952546217	0.2960243509602476	-0.13137153990251646	2.1251926222180364
ZAYDUA	0.17230232084035146	-0.012647673516097413	0.2887303344086525	-0.1384214585172049	2.110254249785507
ZAYFAI	0.1602352203875259	-0.010204051587703322	0.28123240381735637	-0.1446585590904763	2.1244485456240882
ZAZDIN	0.11263245659538518	-0.0990033921414275	0.6101589860523287	0.3475228365709842	1.1777622809024901
ZEBRAZ	0.04200593357661564	-0.3129936297491094	0.11506057272002579	0.11199883929280639	1.3535186074186079
ZECFUM	0.17717284663960425	0.13774185492710078	0.3848051507034409	-0.02245480851387266	2.170876600679368
ZECGEX	0.18595519936104765	0.029436133635738937	0.2646240259237125	0.2998119841773447	1.49733441728321
ZECTUW	0.07841112791927612	0.20067022144963698	0.07495659090018392	-0.20720147032512315	2.1884033422745803
ZECVAE	0.10806179972474608	0.15717684159779344	0.08861738663740959	-0.12104117137036313	1.952784695752868
ZEFTIN	0.07161522442199839	0.8001539867478269	-0.7257977767505143	0.12112253683880689	2.286636272722407
ZEFTOT	0.04740390711772169	0.8594139836258132	-0.7359897221914539	0.02056275040953593	2.5352809656307427
ZELDOL	0.045024194217062746	-0.09916660020953705	0.03676275074470281	-0.01705163457221797	1.6146186668019271
ZELDUR	0.07847215286100426	-0.15242298737036775	0.08367999262734704	0.04537372338133537	1.4779117913184958
ZELGII	0.09040840605047543	0.8199906959717338	-0.5819104985719388	0.21120991165530634	2.092889836292749
ZELGOO	0.02454703717347856	0.7473158119967276	-0.3780096309328066	0.12579277391411817	2.2193020630506024
ZELHIJ	0.08332633203874379	0.4708604791881954	-0.26638749671008366	-0.2250212456985333	2.476868400315592
ZELHOP	0.07131514080012799	0.2051368736361403	0.16079015776183336	-0.036133747227053085	1.8569949993962258
ZELPUF	0.013854526053832306	0.8770826447620084	-0.7745911448397313	0.07965334221629126	2.4307500174534145
ZEPQAM	0.014479652042637098	0.910335310143314	-0.7089727114138624	-0.12489299801566645	2.8533709387854485
ZEPQEQ	0.02309010311742099	0.8272364833592571	-1.0153739371901354	0.7513376476316002	1.3136921608312089
ZEQMIU	0.21103592942583543	-0.7388595432412974	0.8332639656505685	0.2218149554433423	1.0397733747695994
ZEQMOA	0.07470904790204977	-0.1866419795365708	0.4080003990755552	-0.01675255698214491	1.4708947462246051
ZEQNER	0.07714919915544458	-0.20437895018479768	0.3908995764918355	0.050715522181552994	1.2640299787021645
ZEZYIM	0.06572738819810456	-0.17236964813486155	0.1044892898651768	0.0238282915133594	1.5269325224058892
ZIBHEB	0.25589363537019716	-0.4278115730847154	0.5103266827201345	-0.0020782759372767155	1.7749549095038215
ZIBHIF	0.18778455170265834	-0.15623304739900767	0.3231345339588507	-0.36699442181224035	2.1033126270887146
ZIBQUW	0.004290054219477923	0.7997936634146696	-0.5918036365643202	0.5568676296255819	1.5000770054031392
ZIDTAH	0.2625225805269313	-0.01329798089803802	0.38773140667711936	0.3729396301205854	1.4965686957594926
ZIFVUH	-0.04617700675793816	-0.24902225739650152	0.34870798326903363	0.2521903519881883	1.2688866954702906
ZIGQEN	0.013354827596055802	-0.16639281433854558	0.3389428698567958	-0.35992767558529126	1.903347913220457
ZIGWOE	0.04631737485831333	-0.08538787324984964	0.35965370516644635	0.02461265742986283	1.3918045045467982
ZIHDUR	0.06277627374704298	0.37322831812649726	-0.08540234693747051	-0.16490101251357542	2.2020064263879253
ZIHFAZ	0.002068791283371868	0.014429713243573339	0.32784968378116486	-0.46366821636735733	2.22172735284845
ZIHJIL	0.0015557650123129152	0.288153916322758	0.08112990706388601	-0.3121808455602813	2.22932691506232
ZIHKAE	-0.00045898517106521264	0.4111254772222055	0.06439610675965479	-0.2837530587298632	2.2558615776158275
ZIHKOS	0.1419759403619998	0.44868739718558315	0.07512265499099269	-0.34315720084203233	2.5032387750603338
ZIHLEH	0.0953951781655169	-0.3889153899846223	0.5383455405096331	0.1907661335952113	1.2799804246473643
ZIHPOX	0.07250162130056903	0.05119873315375001	0.1762333098339819	-0.0011211475160193447	1.6863497482445315
ZIHPUD	0.09195234376543704	0.03878717286418709	0.16712515027902985	0.01424733232910983	1.6519608541163764
ZIHQAK	0.08545787852031778	0.036308668089775065	0.1956240203241275	0.04511826851082288	1.5764915245939415
ZIHZOI	0.20518129436161325	-0.6713664259275194	0.5378108724312947	0.45780939975121665	1.2240161526720037
ZIJYOG	0.22476500501927588	-0.49320210694126976	0.053683902068258016	-0.2744342714229601	1.8140903685971985
ZIRRUQ	0.06677003530039277	-0.0008713824463373321	0.19682832637239778	-0.029318921902056087	1.6234440382724609
ZISQAT	0.06705523050097073	0.8328246996476776	-0.5515341231380876	0.35101156193766414	2.0010859617635144
ZISQEX	0.08220215843325615	0.7981882068734225	-0.6235979283474764	0.234922607041241	2.0777049756466734
ZISQIB	0.09325650321636078	0.8423395366495741	-0.6060240961513172	0.33581745267141844	1.9953917932824714
ZISQUN	0.23575330058642696	-0.5018507151905318	0.4613711572369332	0.0910429616593488	1.4395573183036752
ZISRIC	0.11615827490420588	-0.729582424123282	0.32294733765264394	0.13074452273238252	1.2012534793253231
ZISROI	0.06743694889879992	-0.8713606165245604	0.5638374366953642	0.2954930145005943	1.206542076938041
ZIYDAM	0.02372790106034331	0.8109562362431739	-0.5882533562039489	-0.2286216834961843	2.9228912968080083
ZOCBAU	0.06032799382660958	0.7542342341937736	-0.6006945814976415	0.4058566209330751	1.6366227400546063
ZOCRUE	0.025278052766396164	0.7345360918453481	-0.6057393841731087	-0.03659069967219619	2.517799915327383
ZOFVAU	0.210747924552174	-0.11304100118153126	0.6147578579219306	0.34529909209565907	1.5959118515296993
ZOFVIC	-0.007117997648936156	0.3179864493874134	0.22367484977052854	0.026856325022004347	1.9386791163887744
ZOFVUO	0.05737970617601662	0.33537804717219677	0.22852590485672364	-0.07832797685548705	1.9910698879102215
ZOJREV	0.011914427658991034	0.02332958394805562	0.4330493681855849	-0.41718394632025146	2.1770027828850047
ZOLDEJ	0.09197370245390496	0.5254699904111662	-0.5210900831979544	0.5431384395978631	1.3425511995060346
ZOLZAB	0.04792939195462523	0.8423284384222183	-0.729369941189087	-0.14979336778630056	2.7876497522118076
ZOPJAS	0.012952496517563666	0.013955882374630413	0.376636429543447	-0.053106270267157876	1.6490677559048952
ZOPJOG	-0.03215001579327871	-0.36523693260293877	0.28732078513742443	0.11097640664434502	1.3401764323735224
ZOSCER	0.20683592269266687	-0.9332764507630742	0.5656548719078749	0.3042587940801737	1.368932663325855
ZOSCIV	0.20879118746508474	-0.6750595195202935	0.4678883707052759	0.27542777209612196	1.272472173940537
ZOSZAL	0.05198074563244756	-0.32210383570513024	-0.048517313558768205	0.24301390657089234	1.2632089457393543
ZOSZEP	0.0690566554570923	0.22024025698592942	-0.20725037110919386	0.5175607845873281	1.3081094423263875
ZOSZIT	0.4493147103425088	0.08923319166561683	0.24670202609481984	0.3492060777094062	1.4718432172170623
ZOVRAD	-0.015749099088932975	0.16667266015596205	0.0315329737700496	-0.49060730425546417	2.5912900074833605
ZOWKOL	-0.011810401801671325	0.7498328577269961	-0.621781150475527	0.17837437704665707	1.950071162390216
ZOWKUR	0.051338949364576836	0.5458894362899529	-0.3997431279611584	0.25841562834255133	1.7624530041225819
ZOYPAH	0.27009651607953794	-0.28181664521966265	0.03870860014665434	-0.3329165590324035	2.1277327026300568
ZOYPEL	0.0672167971391111	0.2978115688389651	-0.10941635510298453	-0.22636324270170471	2.3005462812518385
ZUFYOO	0.09368384048520415	0.20605203175929399	0.17446221388306715	0.034584949473658616	1.7479974395271167
ZUJGES	0.2325997121342686	-0.4493875922107189	0.74849916556389	0.2620460475538191	1.275737228503103
ZUJSEC	0.29736603581767856	-0.2688701786798422	0.4158857480249616	-0.002155939306998495	1.9239446079892748
ZULVOR	0.06412508833703923	0.41661926490642864	-0.0030956413862033294	0.2914710682157119	1.5848465143825137
ZUMNAW	-0.007529126601697592	0.18033539777084773	0.2103485014145583	-0.6247315169509577	3.0608089419970947
ZUMNEA	0.005228987064199636	0.13461597304742057	0.2916508531430686	-0.6068888667438126	2.849128445054859
ZUNVUZ	0.01595627775342698	0.20305530333885047	0.16836148432117404	-0.8161208004878986	3.6709386800454458
ZUXDIF	0.2628467660177261	-0.4362956006956833	0.8597996809649082	0.415535198512873	1.8352277874180347
ZUXFAZ	0.20036129808460085	0.05617943257427882	0.6167853075647356	0.18191825310573537	1.973299909984509
ZUXHEF	0.24223179984174598	0.8683830844421254	-0.7185463380154903	0.8577092133971743	1.3813371683595996
ZUXHIJ	0.3486663209410801	0.8827035409038522	-0.832242516520181	0.5894830219639217	1.651563440628741
ZUXHOP	0.019086453370156464	0.742034788841234	-0.6743153885717807	0.9272231143825729	1.311125235617448
ZUXTOB	0.350833805892431	-0.06957942672771589	0.6453910475850828	-0.11108114009488768	2.363673730985373
ZUXZEX	0.062187706999774106	0.019687703442133664	0.3611169092239943	0.253160604790704	1.5014687753342812
