name	pc1	pc2	pc3	pc4	std
ABAJET	0.5774317704495289	0.588533430099816	0.02984450790047359	0.016530997901315604	7.787605909970991
ABASAA	0.5380016723972698	-0.357080088207824	-0.13202179716385481	-0.1581511708363585	6.094315472946985
ABEGOG	0.7333871506606036	-0.37879829257692366	0.030362240406288613	-0.2222578113619469	6.889774537222352
ABIDEU	0.557151734320664	0.32525331446715816	-0.5339567907523965	0.10870181220416514	6.13765303779422
ABIFAW	0.5052274170713211	-0.661046196582904	-0.6611942181813479	-0.35027157460578806	4.8236670071971295
ABIFEA	0.5112361591775265	0.001695051921922916	-0.3353394654013431	-0.1342924760912421	5.816367971623307
ABIQUY	0.5854244895114995	0.5303874111875675	-0.3727678920170125	-0.014807360052244298	6.831330479783522
ABIZOC	0.9094309954205162	0.566771098529329	0.3453712101883043	0.19475378260973952	9.670600553517215
ABODUU	0.4941281769571306	0.42682580932333875	-0.5907620499390016	0.05918554000075453	6.0237708861139545
ABOFAC	0.577742408778187	0.4492114349979977	-0.38187450042873894	0.08446031064430594	6.720775656840423
ABOPOY	0.4261069352466915	-0.5534131318178324	-0.6665374660250243	0.1360292300200866	4.78458930633345
ABOWOF	0.9050028209377006	-0.5158485768030586	0.2410736184674838	-0.060171456064417955	8.097414625883285
ABOXOI	0.5706283641698127	-0.5452751858483884	-0.3920286013297291	-0.2853567923302188	5.3820728351319485
ABOXUO	0.5803698047700374	-0.5501371162195692	-0.3575642215554948	-0.28003499899202255	5.46774972828335
ABOZOH	0.6055726873987526	0.14919886172288274	-0.31247834872939756	0.10186104380084543	6.402854617913637
ABUMUH	0.7844524820025454	-0.7984907621652084	0.42085312302413586	0.0030876819795633056	8.151601898376095
ABUXIF	0.6528526135329935	0.6571737309003824	-0.37891895208872856	-0.01418712566955315	7.480914775200334
ACAFUI	0.8323023567698877	1.5621102667178477	0.5199141511786989	-0.5256940291011316	12.770001515517292
ACESOU	0.4877176449178311	-0.34482631546689557	-0.41520281348392923	0.23828442134969957	5.461688821540124
ACETUX	0.29539835960395333	0.8941293820214866	-0.8718615369776128	0.1032027751427409	6.293297241637257
ACIFEA	0.8439102120974864	0.3177128444514154	1.0603004869736785	-0.17767257737901926	11.312220530380909
ACIREN	0.5160104713741083	-0.2241528068497891	-0.4175841891023924	0.21103091471068017	5.5771974342404675
ACIROX	0.5532218348615832	-0.08300628174726994	-0.1955668299937317	0.14455847701102378	6.228523035285461
ACIRUD	0.5090126896737361	-0.22073864885130542	-0.41668655992651044	0.2065417939023506	5.638732670665326
ACIZIW	0.28672811010376087	0.44608543091664055	-0.05779119732549634	0.12316711647054024	6.972754476133178
ACOCIF	0.9271476928966216	-0.047344669251596104	0.16134876112515908	-0.11803556504660917	8.11762120928586
ACOZOJ	0.6016805286364715	0.0005513429390114552	-0.1346888754462686	0.030321984833687254	6.597855543416299
ACPYZN	0.6039912891465056	0.11124175402714628	-0.09521654812998998	-0.07907132050094302	6.74545868958022
ACUDUA	0.6149530426488985	-0.2273787835855044	0.04116764046013076	-0.19167553156315545	6.60162839086622
ADAQIJ	0.42212583148696314	-0.24766791748873704	0.1286097229902896	0.36717866458003445	6.558706496576859
ADEHOH	0.597136203852628	-0.45326886615987577	0.3296227043246314	-0.1987281631346926	7.312150546348691
ADETOV	0.6388428819489063	0.16851037666614013	-0.18501540224703633	0.16225730766118232	6.841387169225772
ADIMUY	0.5718583761206713	0.2414366348724023	-0.40988885844438466	0.16998912897512378	6.494642633803303
ADINOQ	0.6824103871608544	0.7425126469501275	-0.1760743519902227	-0.1561414500944819	7.979366912118677
ADIWIV	0.5809639275420047	-0.42487109820787994	0.13864938290155557	-0.14016133344417991	6.8762745441598465
ADOLOU	0.6275525847111005	0.6099643568739115	-0.08273058604639777	0.03725662608274943	7.691569401090207
ADOVEV	0.8292844234768761	0.4775478604382766	0.09220892173585715	0.27717666200960944	8.334254443481843
ADUFUD	0.3758177540700238	0.23684502114225908	-0.3624326389316338	-0.10923032750604343	5.700830440243318
ADUROH	0.855241106386579	0.8046892169947666	0.015667749719431148	0.023178721108312872	9.049188383674366
ADUVAW	0.5815258023647969	0.03187568297000409	-0.14588111909292972	-0.011336982828001807	6.4259672228784295
AFAHOI	0.5273933219602434	-0.006019159945293605	-0.19103816981465593	-0.08165185112869731	6.209872752666356
AFEDEV	0.529491805824458	-0.11382974841894634	-0.0479200895955568	-0.03596571828881095	6.335102274874862
AFEHID	0.5721606042835328	0.0748370157999432	0.154527895224857	-0.08963355865865777	7.2153330918741405
AFEJAX	0.8091178454913841	-0.681692006822866	0.21188823589952263	0.19480987249167672	7.7186109944652515
AFELUU	0.2525745623692961	0.4355942714130665	-0.6614637709438476	-0.05159020057851961	5.2732739049834745
AFIBID	0.6389856480054705	0.23150766615056753	0.09178110737893802	-0.0720625562795407	7.437657202954418
AFIDID	0.6847646090919381	-0.34213288986881996	-0.034852860727368734	-0.029722754479947218	6.617801108813773
AFIDOJ	0.6054198857054791	-0.32076927687764234	-0.7174248156600018	0.10585448774811888	5.0484476431951615
AFIGAA	0.42940255586691123	0.41250634893983223	-0.5028946378601635	-0.16831516683113526	5.899191634567022
AFOFEH	0.7144135345842795	-0.18662175761443148	-0.43740585473895083	-0.37827761169867324	5.842470012226339
AFOYOL	0.8117542913781328	0.048560238549394175	0.5077112737734104	-0.26870105164749547	8.784341376782947
AFOYUR	0.8150486328512345	-1.06313691008405	0.545915042324812	0.12646504212123097	8.90989739932306
AFUPUO	0.7077328277833601	-1.0236966616469694	-0.11250448067136273	0.15391741111471963	6.460561544357644
AFUSEZ	0.6037271823705881	0.12366496618512121	-0.29241086415969236	0.1479111050420807	6.375228612996935
AGALUQ	0.6670370936779175	-1.0698888517765812	0.48912027061108326	0.44183479007148374	8.488180810932906
AGAMAX	0.7462905692007631	-0.44754127959800577	0.5261895294546469	0.09557194441361147	8.426877272152318
AGAMEB	0.7464489634594216	-0.4474984712174677	0.511269310904441	0.10187726116992853	8.371557690141076
AGEBIA	0.6580107111080791	-0.6032132301990256	0.07883922085745304	-0.05316727676339073	6.706866028213631
AGEJOM	0.6355961836029103	-0.3671154436077275	-0.048267681516416444	0.15243408292859156	6.556272141406315
AGEJUS	0.5654129996505564	-0.7620387254356458	-0.7387567345315202	0.013388977201749391	4.681560327655967
AGETOW	0.8236529435440412	0.40556606770448655	0.5536189538388975	-0.14719982227848794	9.614872844538072
AGEVUD	0.8529661636761361	0.8130719888985782	0.2736064224914086	-0.48089961415356364	9.751937436155593
AGEZAN	0.3362533253458464	0.3791340788745297	-0.6706217138812816	0.05917831967060831	5.495866566300669
AGICIE	0.9148702202578978	0.2658357979807356	0.46743571280553237	0.13617708383867239	9.291542734841071
AGUJOC	0.7921350793622617	-0.2124233276229882	0.20838486089129157	-0.03360239229888709	7.643333933808131
AGUPOJ	0.7409610355835365	-0.12049651883220992	-0.12258816328132963	-0.12960428691816517	6.6787129454226175
AHAPOP	0.8098327181953584	-1.1161385233058374	0.7227855222377386	0.36753745205892374	10.118817655369952
AHETAL	0.512199892597204	0.27407180717823226	-0.43558148439443994	0.05692632970221538	6.055445984178764
AHETIT	0.7846645382755169	-0.07385949033588574	0.4263471269418404	-0.2417895667898671	8.276562791437604
AHEXAM	0.837385012017962	-0.31496517807745794	0.6678152840206781	0.13862146644576173	9.245728982226645
AHIBEB	0.9242290666383317	0.9338495731075722	0.38010567404683643	0.011394143582520045	10.536518566811486
AHITUI	0.8290469716804374	0.8088437122936494	0.05674526671939307	0.48385143243244955	9.321126573735343
AHOQIY	0.5352116668094746	0.461427440831534	-0.2754827885157915	-0.0937155315535879	6.6383783335321995
AHUTED	0.8818855199855635	0.33046032359034966	0.37456353003732434	0.02179639870757182	9.003898520142112
AJICON	0.6546354899813105	0.1598994065564061	0.2381663247130765	-0.05852297324329263	7.71555255995078
AJIDIG	0.9954939274433698	-0.4788524394255245	1.0858244371597094	0.45112975636297226	11.624700579837747
AJIKEJ	0.5560357114151584	-1.0285687715702212	-0.26859625328772957	0.17879300461173175	6.230555972714439
AJIMEM	0.7694047714221126	0.6803672801070553	0.03705165476091457	-0.17433205314197944	8.549915206052127
AJIYUP	0.8044480441925383	-0.08240887903747224	0.47660261632924206	-0.1121737396061536	8.44637242294624
AJODEI	0.8534937484957918	-0.7084975207029922	0.842703167108316	0.12808148543958248	9.92323333367379
AKANEG	0.7104946504836436	-0.15113470687616906	0.09616250716698273	-0.10646548272294315	7.23967357920826
AKANIK	0.7810877281518183	-0.3719529783028356	0.08795406021395126	0.09815953702711672	7.366177166794469
AKANOQ	0.8678746622312534	-0.25854259665864865	1.1739827281054422	-0.07753259571658744	12.104357879693463
AKAPAF	0.6350885030666786	-0.22429022689576292	0.018189576583061237	0.12296197849147164	6.9334810373923155
AKAPIN	0.6203283531884223	-0.2083219675332196	-0.025918805346307	0.13686776442175225	6.746721217438839
AKOVOO	0.6498841493901741	0.09901588237421648	-0.12547257947405896	0.5530364667694597	6.838249439930204
AKOZAE	0.6778034509281659	-0.9259753847155636	0.05665755791192819	-0.035966376980888254	6.86605209470689
AKOZEI	0.6819739876863196	-0.9299921056513654	0.05742347901006497	-0.032155224386454795	6.880817092650387
AKOZIM	0.6860236322182036	-0.940360024562054	0.06386322986657114	-0.02626286286070998	6.90847536274283
AKOZOS	0.6936131285296891	-0.9167693266315369	0.052940833582665284	0.008874695690345102	6.895667097376327
ALABAS	0.8004968616891803	-0.8868826464140327	0.8235534229632588	0.3323382764799736	9.910325858872994
ALACUL	0.5152011114075519	0.4083970183781079	-0.17965415943415525	-0.14097964819262315	6.634481982461087
ALAKIH	0.4153246745165502	-0.6223228837735173	-0.36270614564176873	-0.27706826478662305	5.164881304371114
ALERAM	0.8206909218400673	0.9434671328712083	-0.07591798115921072	0.1068339030411448	9.104102850378789
ALIMUF	0.6988533689066907	-0.4399428905799	-0.2814504271097121	0.16637108196589478	6.063578474497934
ALOGOY	0.3893213399890998	-0.46315941707625885	-0.2362815726999215	-0.07911802316769179	5.371487098765636
ALOJOC	0.4380463307269542	-1.0685732572754545	-0.5190114019305168	-0.3006646826716344	5.244226947519887
ALOJUI	0.4494987800156096	-0.9793209470609694	-0.5317823520322671	-0.3703476936733806	5.030854618930226
ALOKES	0.9651772095810802	-0.2529292803974548	0.7837856691348188	0.11137040159084766	10.074404782718617
ALOKOB	0.7146414328268342	-0.9452696205344542	-0.015590462781032627	0.2256041810018697	6.761394921382647
ALOKUH	0.7260390968839552	-1.058537569190727	0.5527985247427636	0.1776695408891298	8.909982202496739
ALOPAS	0.7715567485278134	0.24706097225988655	0.030404620661846835	0.07729000295828464	7.448244425906633
ALOYUX	0.5695007134530341	-0.020999673799466385	0.17426143820361747	-0.05426608691774201	7.109921249869502
ALUXEM	0.822893660902122	-0.0680973974190901	0.08453972907676854	-0.18685477277993043	7.485279543123779
AMAROX	0.691654836719775	-0.5938691233570215	-0.26747581341297927	-0.21656852853446323	5.9551648990963555
AMEQAL	0.9666325229992081	0.8246830617501815	-0.10913290495607061	0.2144943392399498	9.307865227809092
AMEQEP	0.9705741344015406	0.8086956439521036	-0.09228060726384926	0.21317478107209623	9.297921138469075
AMETZN	0.45893237626144145	0.6139612880880316	-0.32292395585471373	-0.024173340608889055	6.748139636711649
AMEYUO	0.6389280482191433	0.42142724566151957	0.0262924680661909	-0.02348397847731895	7.545105093961815
AMIQIX	0.5440218010542166	0.3327307891141839	-0.41506296496021094	0.5308200164286843	6.76013440604066
AMIQOC	0.6346002636197658	0.6859500676750185	-0.4722978397608147	0.09193118549605685	7.311734968256011
AMOXZN	0.9230845028420065	0.6345456562573626	0.7323475983818726	-0.25441022459678936	10.810484338961938
AMUTEK	0.36830745030207357	-0.8243994877218885	-0.7154966221565202	-0.6760606660292138	4.580470319042671
ANICAC	0.5566769443388813	1.2733775158670217	-0.4715463186606195	-0.06865561629697037	8.47325854700787
ANISUM	1.1413355760260329	-1.5417524749344327	0.502079487616836	0.8571775388250795	11.207082536518245
ANIYAA	0.450815929305997	0.08879508399649069	-0.5283098674747142	0.033542027996187995	5.661237099610204
ANIZEF	0.4874228971241026	-0.2986942968034435	-0.526558866989014	-0.6181066335616644	5.249660295826516
ANOREB	0.43867202072754186	0.678704372332569	-0.2938922572253308	-0.10524794627596666	6.8070239801323495
ANTPZN	0.4230079389406738	0.08900392715171443	-0.5848983480369017	-0.04091445013075641	5.347916444024698
APELUF	0.521079802117697	0.10205024718274718	-0.04308225276869762	-0.09297915554709019	6.586531405717318
APIXAB	0.8851849763018143	0.670764059939533	0.2344179177441051	0.3058864358690473	9.317400481055898
APIYAA	0.45420059075312924	0.39067939803089485	-0.5905213472220074	0.07838820325902597	5.868091237038179
APUDIA	0.5274413937710394	-0.773386908833321	-0.45470170085567846	-0.2854569803628977	5.182665458220747
APUJEC	0.5665721579026499	-0.4141143495261258	-0.28819216639114265	-0.13078788932942378	5.848068814830315
APUJOM	0.3634945734655881	-0.7873649087915258	-0.6921043785481655	-0.5780969963121461	4.5579892715124775
APURZN	0.9153983995252251	0.5524378757624795	0.5492611071399984	-0.15094207010796493	10.068045320060756
APUYIV	0.6295394548988229	-0.5209520176233382	-0.4191279387734214	-0.28175897080402446	5.5579002790219
AQAJIN	0.6038872086788007	-0.07110543653360185	-0.020333957998710822	-0.11963148010498581	6.642025657393335
AQANUC	0.6725973226636501	-0.4546221597729788	-0.32922487719728377	-0.28455473806149756	5.784645965927337
AQAPUE	0.8068186140820535	-1.0130205675686708	0.5208782598292823	0.1883555145147883	8.560998288999933
AQEROD	0.7418722405165434	0.10449589936108954	0.19704328166136004	0.04654465624889941	7.656767475462445
AQERUJ	0.6011103703037488	0.09086211152106734	0.09727579059904341	0.006581136777305638	7.137183401618094
AQESAQ	0.5550351341760678	0.4650384416963528	-0.6687203029254292	-0.1087160378557728	6.0722209461120755
AQESEU	0.6868084653402606	0.3939383804703665	-0.6004828097329584	-0.09847249943668292	6.3704167072303655
AQESIY	0.593640079711057	0.34308577135265644	-0.27373194405821477	-0.0018785268402444592	6.569531715839833
AQEWIC	0.5226691929412146	0.3175846600771595	-0.3549637823368765	-0.10427080921689524	6.3067043773715215
AQOYAI	0.8529117615906756	-0.6101781276117146	0.5642302018912078	0.1709653197657489	8.813709715424078
AQUDUM	0.7293641280833683	0.8287543331278566	-0.12130262191731406	0.019652279843458537	8.424215203527602
AQUXOA	0.5058031363179945	0.15943163385031814	-0.2566788644089452	-0.11410700715013852	6.1503178444112665
ARAFOQ	0.8820333343017586	0.7146771506498542	0.3571977368286531	-0.007268170341567941	9.71246625909987
ARAFUW	0.7481833128394788	0.9338812450678997	-0.19366850125133322	0.16609843327290885	8.639233040092087
ARARER	0.8717715004763944	-0.7203370094473431	0.37249079767212956	0.21327637495207924	8.435643216205287
ARASIW	0.5706346276302403	-0.5524064894464031	-0.012551456000465783	0.05714951848469972	6.289313294621005
AREFIP	0.8268087861331175	-0.11557980131374107	0.029949396252768115	0.29546183990389274	7.405754128596878
AREHOW	0.4660075965407273	0.8962415338850958	-0.6220165219583818	-0.06612378307685896	7.145183587682496
AREJAI	0.4685420654390118	0.8476660358082844	-0.39981559253257665	-0.016444706832303577	7.03178721108867
AREJEM	0.5293775179510813	0.24060670443382315	-0.3706021926166378	0.09712063651231957	6.240635854960232
AREJOW	0.49338025152801546	0.44352775869456257	-0.1747992830461112	0.07519608941536211	6.936481228124191
AREWOJ	0.8266941522984181	0.5932288899398073	0.24149134271295428	-0.13759763280114123	8.950573318873806
ARIGEQ	0.6713982509683181	-0.10458600506577176	0.18391834343020508	0.06637634497454081	7.31884652050198
ARITAZ	0.5810633457187127	-0.6554426224653382	-0.7093853027458119	-0.172085805947922	4.964426791731914
AROBUE	0.8570248241556016	0.5946704632847126	0.3254544860068582	-0.07968462823554585	9.323108234858763
AROCAL	0.8623296736964958	0.5813161990411615	0.3446230471523367	-0.08738245748017984	9.343895360788741
ARODAP	0.33290250100768315	0.5204137420214281	-0.6561077466489251	-0.11535611891789854	5.683824551729619
AROSEI	0.7825700283834713	0.0010363768423665883	0.5604662868335344	-0.02758990677417523	8.752955661258639
AROWIN	0.6373405404696388	0.6290977983745059	-0.051617274170105754	-0.021658976231283798	7.833349243594617
ARUGIE	0.6469644481749199	0.03851317089372279	-0.09405208070340393	-0.007001598151363214	6.61808538400605
ARUREL	0.3777215275906203	0.3642880657855715	-0.49612261926818485	0.09145234415612369	5.784432353195287
ASABIH	0.6368836294416242	-0.0033920364007883202	0.26811271467811637	-0.09123791413823358	7.582492970781464
ASAFOS	0.9299228684314116	0.46966679545831136	0.40721255993324096	0.24208870097390597	9.674617301957738
ASAHIN	1.010629182283929	0.7286067839664703	0.1842828971817955	-0.19371935741340832	9.754154135903683
ASECOQ	0.8996358456326421	0.19337482417687551	-1.1752974961462703	0.5409651109229954	6.748676397129638
ASERIC	0.9428228853379705	0.42654946245975883	0.2367649577247889	0.00904291946014861	9.096791625538904
ASEROI	0.6665999072480417	-0.22473257974513788	0.1519853747358018	0.05750779591420439	7.124598920002345
ASEVUR	0.4022076327211046	0.6744764561966121	-0.6205801364678529	-0.10521776421213393	6.16662931671954
ASEWAY	0.42264352963317275	0.7244919515124362	-0.6136515707835994	-0.08706602988241431	6.339151917349663
ASEWEC	0.47938088152612135	0.44221977348577507	-0.6261147741216986	-0.1048429081172546	5.891526782100192
ASEWIG	0.5020646668322515	0.40949700489316465	-0.616617358458728	-0.10315423971086443	5.8923058459414674
ASOCOC	0.8369737462753237	-0.5617252649061091	-0.21547071391959605	-0.3485996544802539	6.564955348366723
ASOZEP	0.8990493170594709	0.5033870844454889	0.23389304338815037	0.20643800908810317	9.103144003570101
ASULAB	0.36338730654753526	0.6331299799807231	-0.7637068547136967	0.12948161958676133	6.016007207004889
ASUNAG	0.6422812462055205	-0.06054993702839116	-0.1751290851822147	0.2195655701008861	6.435950720008885
ATADOQ	0.9053278515539747	0.40213838684595293	0.3043547869251224	0.1431568626882859	9.059223225820935
ATAFEG	0.5574291287583639	-0.21941130530687067	0.047662823804660526	-0.19346554265465998	6.475659003928111
ATANEQ	0.5563194057414922	-0.048427176916616424	-0.22010855433272442	0.07774960763139174	6.213786538974903
ATANOA	0.6103992853303808	-0.1431825544043313	-0.344756766606424	0.10464058803779056	5.955814420626064
ATAPAO	0.6300490223636386	0.03945637692443792	-0.49309838320762683	-0.09315919795969937	5.852709867053606
ATAXEA	0.7097058308157411	-0.720874089134079	0.5036898591141604	0.04532841600506247	8.359130447477243
ATEFIQ	0.6789768502451894	-0.2715776835901613	0.23320453186219095	-0.026673429284881003	7.310181522454293
ATEVOM	0.7650876287792494	0.049951786800524894	0.39015330721444447	-0.06621528876919852	8.275796261350411
ATEWUT	0.7105395490848085	-0.9868986265586144	-0.05262179932444433	0.21241326759592935	6.65603997048926
ATIFIU	0.917453320528276	0.583146290279569	0.6112800587786806	-0.27641058705571886	10.370406199059172
ATOSAD	0.5172457677656244	-0.25685913956185874	-0.4201630079633771	-0.1582271193538994	5.4713169977288425
ATOSEH	0.5433153642348527	-0.10218481198108595	-0.20370480531650298	0.14905828016510528	6.21835004107757
ATOTOU	0.9563776309266139	0.6812146309387577	0.5866632552857449	-0.33102703329821226	10.746422120680895
ATULUY	0.8474105961941856	0.9923073845804462	0.8469370239382747	-0.5789418937851228	12.128041680466714
ATUMAF	0.8391411150175339	0.9585228577352556	0.3583512301962537	-0.3703370519136123	10.488782430881834
ATUMUZ	0.9077072351375337	0.565649623556681	0.36215887956711135	0.3019546761146823	9.709465832582216
ATUPEM	0.5409555075235604	-0.147507460861352	-0.005134069626783505	-0.19800837310259967	6.567694768567909
ATUREM	0.4501186055877735	-0.44700873102248617	-0.4645440415677536	-0.02928781930292205	5.147913616003314
ATUWOE	0.49622514233409376	-1.340171561580309	-0.302261160826952	-0.15131333986171475	5.847403022093581
ATUZEV	0.6791372798671489	-0.06473336451064177	0.16773490281370612	-0.016365019438691737	7.283293168403483
AVEMIZ	0.7976722080429326	0.7958673736741493	0.051180729503699424	-0.18202847888688461	8.86337702527847
AVOBUI	0.8179850044357675	-0.25941586771948677	0.09463294200271205	0.266146352240636	7.401505879703348
AVOQUX	0.7522645388020637	0.27152446721154067	0.36793515943143956	0.0016442163176512443	8.456654034962636
AVUBEZ	0.7042399443194558	-1.0510241961292595	-0.14089720682348594	0.13997212250405625	6.38397114960568
AVUJIK	0.5166487397327373	0.32527945699732747	-0.29172462853828207	0.030899990135548797	6.342536022766443
AVUJUW	0.6118454117562306	0.5463124437978686	-0.14551283754615763	-0.14485349286569962	7.361113518056887
AVUQUE	0.4520374384174959	-0.6002923454349047	-0.4387181370872944	-0.24942258054201935	4.9278705863443655
AWIJOF	0.8855355236147062	0.24104027686858764	0.33606833911816314	0.013060799762696838	8.823539784370901
AWODOF	0.546742092427337	0.2764283858859258	-0.21033207486635586	-0.12900429174846595	6.534341188489774
AWOFAT	0.7027307602441066	0.36428411976264813	0.2702544846674031	-0.16091712926612398	8.221080785125991
AWOFIB	0.6187932237170495	0.3662320355288046	-0.0668799125212658	-0.08456088481393084	7.276461472138128
AWOGAV	0.7252026089780248	0.10436862741834572	0.30287811458377434	-0.06249083037696558	8.05850520891355
AWOJUS	0.584769877137516	0.11223806128158109	-0.1374622849069505	-0.06210619879239103	6.627863717204885
AWOLEE	0.4381733893105997	0.3327249597809579	-0.34244409284135746	-0.08783932840666422	6.07214982677078
AWONUW	0.49566966972093773	0.010559509100284779	-0.5053267829329808	-0.06289414011559921	5.489428643360566
AWUBAW	0.6642203093791252	0.40060981810351837	0.31240792956164276	-0.19267651914231257	8.232145582153862
AWUCUQ	0.7434324419494329	-0.13089219646517025	0.15278415831956085	-0.026922083025152397	7.486220616937028
AWUMIR	0.9064314452840465	-0.12879993376147966	0.5400117741493888	0.08183874840995045	8.948595874243487
AWUMUD	0.5869994319727194	-0.4602875773578093	0.010382779468187248	-0.02863171028085049	6.378495210547629
AXACAG	0.5568382594891279	0.059580579586957436	-0.11659684403408899	-0.10082631652787301	6.397449283065288
AXAVAZ	0.7307208332223691	-0.45624760558612826	-0.030783493117331473	-0.08150896140811698	6.663387897369431
AXEDAK	0.6100318555516049	0.31109451349404527	-0.0870899504735132	-0.006716899925475739	6.9249954498211235
AXENEZ	0.5927615801237573	-0.4748362729868456	0.317631531491695	-0.17448474349151213	7.234696123944852
AXIJAS	0.8790722058764207	0.3257502673373522	0.8903026628884378	-0.14246631904681642	10.769207816247647
AXILUO	0.7225052452821252	0.21583105997204838	0.21476953612567445	-0.007324436090608291	8.062761279958323
AXOKAZ	0.5617530625226017	-0.12530115058607294	0.22325124579597527	-0.11131694648714492	7.171216481647008
AXOKED	0.5068600794961631	-0.130399729883648	0.1745093841755062	-0.17661285003277843	6.8059292313567
AXOSOY	0.7584222333002311	-0.7995689853442283	0.12709135483074932	0.15944481499200144	7.312570616196018
AXOTEP	0.8215450983230008	-0.41616767543298294	0.19877108089278167	0.10731783924633426	7.743949028786017
AXUFOO	0.4841771742497354	0.1994463412119686	-0.3472582799193547	-0.09278709233521358	5.935449342828095
AXULEN	0.5965393591657033	-0.7624495663796274	-0.304988486376893	-0.08138522377604915	5.768861981584618
AXUQER	0.5638074063784746	-0.1199845749643777	-0.10544665781841567	-0.17623673255458297	6.303368449459363
AXUVEV	0.5947646806883897	0.12996058909444028	-0.19311973816839406	0.27043609680391156	6.467118646173308
AYADAG	0.542987888402652	0.16424754510442438	-0.16586254496241049	-0.06472446214676739	6.388392742045112
AYIFAP	0.42541312235905426	0.6780536581994525	-0.28105629240486996	-0.07140193189525708	6.7676237792991705
AYIFUL	0.8258262152497204	0.5324850770768852	0.3051546675148472	-0.039029904402593685	9.023738043416476
AYIJUN	0.4598916128277333	-0.014965096787871238	-0.3766983001114589	-0.10478924875699794	5.581038756137171
AYIKAU	0.4955294004229893	0.025003245403668224	-0.35310449953616835	-0.10439980231834516	5.743455275815021
AYIKEY	0.48671132252459515	0.029323640000147942	-0.35489615764888016	-0.09423418250574894	5.730604860051566
AYIKIC	0.46372228463844944	0.16339203860076584	-0.2794673332676613	-0.14830386627089678	6.022732103529415
AYIKOI	0.49798884309178426	0.042280376099688	-0.35021212464289037	-0.09257042763679518	5.781857940632127
AYIKUO	0.4760659437440067	0.19920531901262084	-0.2709535937223715	-0.14672370066597923	6.114300529312938
AYINEC	0.5479560203448051	-0.37331279982595017	-0.29084677133245374	-0.22273237109931796	5.67897761454576
AYISEH	0.8361109238210247	-0.13496422446665945	0.37628146702392185	0.1656623231210673	8.531133351709492
AYIYOX	0.922078941705319	0.7725999532554111	0.4598719079710559	-0.05773058378575004	10.268728223698103
AYOCEX	0.5820027525779778	0.1470696214528437	-0.21050568449942314	-0.022494974959575448	6.40455968103863
AYOCUN	0.5560653999578387	0.010939406060645255	-0.1358606026686076	-0.11145777917546563	6.366497531797601
AYOMAE	0.8113321580910737	-0.4300768761859686	0.6870245873678074	-0.13576514425477415	9.371723059055997
AYUGEJ	1.0237897802221045	0.8644049859211111	0.29895317692410817	0.3058195807442273	10.471516671383204
AYUGIN	0.9272793420979015	0.3466445606758479	0.45266464753741326	0.23022838108268864	9.603783276013159
AZAQOJ	0.8461379536712368	-0.2599449811303944	0.1316512847975566	-0.012642141024401522	7.566927141949659
AZEWIO	0.3941759445004198	-0.5010678210019557	-0.32336052730912984	-0.018675577706691524	5.1355878657139025
AZIFAS	0.5484501310636247	0.013311733406682211	-0.06057079929000467	-0.10856222569062088	6.453391585911325
AZIFEW	0.5901759950342544	0.07032176369185605	-0.05377347436271818	-0.07380420565717245	6.6628398752360525
AZIFIA	0.598361844164315	0.06820483879303604	-0.05099908917133819	-0.06767056824293274	6.688472228760288
AZIFOG	0.601571868353985	0.2078382341646852	0.07525953896812573	-0.09891765516364248	7.20973219986464
AZIJIC	0.6450955753996936	-0.18925525405283242	-0.009021554696259523	0.18369978295096467	6.798850508471565
AZIKEZ	0.8523086765747374	-0.2927416926695934	0.0470132922389678	0.4758968259936718	7.461306565538718
AZIKID	0.6560726426681471	-0.5778865582320398	-0.43925864250495267	0.1619737280096819	5.719175904689194
AZIKOJ	0.8271587593330709	-0.4532921388270952	0.015075958139563042	0.1373926097305224	7.138724046228418
AZIKUP	0.7663608999481397	-0.7159070733918298	0.1293178031494143	0.19300491924128	7.294926287369665
AZILAW	0.8276232501844438	-0.4999117163114427	0.011091762469544408	0.14693414499578283	7.086251370439412
AZILOK	0.6827880499304975	-0.4853076881196457	-0.38890739509014655	-0.2577885149113075	5.706062312964139
AZIYEO	0.5694046524604381	0.013882339954017706	-0.14850857562905156	-0.07782270937950826	6.430453312080258
AZIYIU	0.4300849715643915	0.41856328162905787	-0.4937969893705653	0.019567683952225436	5.975202393849194
AZIYOA	0.41474653617333335	0.3932459710621049	-0.46142602187406784	-0.010746556578418519	5.895344411780806
AZIZAN	0.4321966072322496	0.4391342058850061	-0.5035259331912689	0.027104744320791317	6.004766962441742
AZIZER	0.4462842570338097	0.3840731575097167	-0.501772789588784	0.04058055798148277	5.939120543665249
AZOGIF	0.5858607734947014	0.12368438362630937	-0.11931848470501788	0.06684795948724934	6.641128362150761
AZOGUU	0.8965244486447377	0.5981144816824611	0.2571909552633135	0.18323165043515	9.300709831472822
AZOHAB	0.9151027211460434	0.5169777624635385	0.28448972009633783	0.20603919391290212	9.243910741788621
AZOHAY	0.625068293902979	-0.41875041750263386	-0.16243225031704	-0.020230098155685355	6.219587999126048
AZOHIJ	0.896046242236153	0.5177778486835536	0.19263440578563226	0.09226970921371011	8.947238831077334
AZOLAD	0.947060801146101	0.34262590401654824	0.3853362339324916	0.16718726414769278	9.31262488683301
BABGET	0.7124209090123426	0.1146054600548658	-0.1162761343580434	-0.01726369803573619	6.93214156841373
BABQOM	0.6383392324795025	0.9356244246149854	-0.3281461501237868	-0.03135136872092471	7.97039568157693
BABTAD	0.5461363468164411	-0.676491526211151	-0.7735521726974257	-0.11797353549218999	4.772719367234374
BABYEL	0.6292197222239837	1.0265585930052994	-0.58730004255126	0.09852932773806278	8.141700291243573
BACNEZ	0.8828088577057445	-0.8626751850776946	0.5028685486126612	0.0018596856992801718	8.50061437181218
BACPAY	0.8208480503069513	0.07526472495808899	0.7537984100314827	-0.3793935320981432	9.865561610431685
BADPIH	0.7423630725668042	-0.24138211568645834	0.3275861634873798	-0.13544166536311605	7.707047739050984
BADRUU	0.7514951568674721	-1.073061941289403	0.21641563868649558	0.1666743611361589	7.597702792019624
BAFHAV	0.5333063944796033	0.171319010928563	-0.3604632254746439	0.02767950853112844	6.1680826856883115
BAFSUY	0.8503244424899545	-0.5827880947851507	0.25460361142989096	0.16507219413085902	7.933322114299594
BAFTAF	0.9015937731803652	-0.00705152395687994	0.3912243187117197	0.2615230506859313	8.835928119221721
BAGGEZ	0.827491721809583	-0.4384748617410246	0.09129057726239054	0.271858967813874	7.347031054849291
BAGGID	0.8283226288138223	-0.42149092162498353	0.09215139966623437	0.2708329468315369	7.355328534944782
BAGYUG	0.8157679343740538	0.2672497364617625	0.1333585377856382	0.033185596796703486	8.009461280386033
BAJZIZ	0.6801051640846554	-0.22900413406400688	-0.04095714583791549	0.05152183497385016	6.361573390032684
BAJZOF	0.7533682008913081	-0.17492823613759803	0.26006533617921024	0.38825118890337895	7.841394090641881
BAKFEA	0.6436405997380774	-0.6677419307968235	0.01935647793245801	-0.19114429058345467	6.489684060668004
BAKFOM	0.7924829830231426	-0.5807296151095047	0.6113712319485619	0.11396957392669534	8.754264618095299
BALJEH	0.4833975668217576	0.20256103115977808	-0.22180646406461602	-0.09973335987063195	6.19076423984486
BALNEL	0.8907534087349989	-0.05714492133023542	0.8051639398059702	-0.22350330408010557	9.875245596829744
BALQEO	0.5004216879056615	0.22678218299916142	-0.2180263281546434	-0.10043830110985641	6.268386387083861
BAMWET	0.8610283886148009	-0.086115673597453	0.4026978502473224	0.09107368411312464	8.62341889331982
BANROZ	0.713878019985672	-0.018113237919808605	0.4762348256491632	-0.36211041037566793	8.318471607456415
BAPZIC	0.5367540674650746	0.17467811852940118	-0.4333132775400093	0.178285805381841	6.166134315069006
BAQROA	0.42767503361466375	-1.0890624963385978	-0.5171693291298989	0.03214276449073567	5.152194973032272
BARPCZ	0.8067540748123125	0.44982839428712906	0.39499602752503377	-0.13080748320310323	9.048331405122259
BASRUL	0.6612432931439889	-1.0277818593818506	0.014232141018244299	-0.054131111779112714	6.640225712903331
BATDEI	0.6351521759689005	0.41728328694602046	0.34970446950367706	-0.5542020104893357	8.526473749725177
BAVVUS	0.7593570607586368	-0.312541490521018	0.09499797143373252	-0.010051669502306857	7.182734783543399
BAVWIH	0.7890178308945623	0.3421641674628489	-0.12757675022612125	-0.13623768348065174	7.470349686544683
BAVWUT	0.8713275037888479	0.40200382570385684	-0.08771156541201697	0.11320481595534912	8.048607142566832
BAXROH	0.78342688377362	0.7387532387780642	-0.13022302058527493	-0.012225449575978882	8.336022683160172
BAYTUT	0.6026595980217726	0.43518587718689306	-0.04913969184837433	-0.10083994170072813	7.30556676259409
BEBBOA	0.48950789884229007	0.5283723583247844	-0.5464011859136411	0.08533018465400513	6.31246844803393
BEBQEE	0.4794099314486333	0.3086112937711028	-0.21894841883065203	0.49390488282922274	6.648585119689284
BECHUQ	0.9416509094786711	0.35536189803723167	0.45476159129431293	-0.2743320140335258	9.55809566097265
BECXEN	0.669591941622584	-0.43270990711701707	-0.11590541911553337	-0.13984395792707366	6.430366336801935
BEDPOQ	0.7506086953752131	-0.04714537118281893	-0.04121244744372993	0.29323846130826914	7.092676305784049
BEDQAD	0.7785942654663955	-0.17423677127256032	0.07001785805460592	0.2222543075814829	7.24796820818475
BEDQEH	0.8073687264925011	-0.09977335950512826	0.1342617013007081	0.19587498718555385	7.551474613413491
BEFHUS	0.7043379973918427	-0.526183578023862	0.4543699077111194	-0.06774152067736161	8.066780764995139
BEGBUO	0.8713145426151803	-0.3839906298661949	0.7318136669305555	0.04297192246363313	9.572089407965363
BEGTAL	0.3157862234387654	0.4328774718394128	-0.6425547307908492	0.016843134338725203	5.530441462950937
BEGTEP	0.5329403111759996	0.5315845172894829	-0.3584498951738992	-0.11031977900614091	6.716499228113907
BEHNIM	0.3938773692719595	0.49611019309629706	-0.7547221452975663	0.019686065812484287	5.788787852948523
BEHNOS	0.5705581120619891	0.10729427183301854	-0.2094063693410152	-0.0942732633340518	6.354553738661911
BEJBEA	0.9402366335505237	0.703233217608334	0.7648617925385692	0.03216226712128899	11.183455783593438
BEKPUC	0.8651520120472709	0.5515020355684064	0.7272420967351958	-0.11103283637722727	10.541869452036277
BELDUS	0.6370492532574623	-0.14321941352630804	-0.2623824415978855	0.091008174834278	6.031960219844408
BELFAA	0.6592541431816432	-0.21690667992656854	-0.2605964992199234	0.09674214840825254	6.020427457092838
BELFEE	0.5884701566760153	-0.04134411258538161	-0.25677628156839205	-0.060156756378126834	6.014763096078367
BELFII	0.5885548912538461	-0.011355879731617365	-0.307882198368428	-0.07714255238367546	6.013538549572047
BELGOQ	0.7018791791768502	-0.33136701103346283	-0.06706233485118404	0.39739798345232646	6.5010435212823525
BELGUW	0.7192435346837334	-0.33590146824487443	-0.04989089214123102	0.4478988771712499	6.641149851396941
BELHAD	0.4826133255875007	0.8038507024403125	-0.4840115123513217	0.1327990237191353	7.094123318671656
BELVIB	0.5932677134725877	0.08248626836268974	-0.1043146036059395	-0.07616719657840335	6.671225368984921
BELVUN	0.9187840688332463	0.6041206105203563	1.0052340740511685	-0.11002178704574447	11.765370194435052
BEMVIB	0.32364292440651976	0.3956865623364228	-0.6265025258046237	0.06488251732312184	5.529780616717566
BENDAB	0.9530426750868024	0.41722474034226403	0.5031140654028026	0.11703723674552341	9.738150520208283
BENKOU	0.6906947382318771	0.7066547067846671	0.8708011442831751	-0.27704291433240447	10.695039953973183
BENLAH	0.7433414882577107	0.7656675915047377	0.5106230627196144	0.0004360152175688671	9.781901795150862
BENLAJ	0.6691197610491457	0.3002227332550134	0.3253543082163805	-0.1900468375173583	8.084689592535412
BEPJOY	0.7693648122135919	-0.29853659852914766	-0.03564055924114626	-0.05077625528267006	6.877611639880784
BEQSEY	0.5504522664169569	0.4341436975189353	-0.28216748287745613	0.04764043706826036	6.709504978041688
BESPIA	0.5352534843273071	-0.5478443618752045	0.028170676861932975	-0.05638648823333678	6.36054318836971
BESXAB	0.6028788501504518	0.26287175649732464	-0.12887099638464738	-0.08900220228424421	6.84879195527809
BESYEE	0.9012723901264144	0.6422817711127877	0.3904761095390286	-0.20243643669256198	9.6784567052618
BETDAJ	0.8872415684646349	0.2804344032413948	0.7649571052494109	0.15168410037280355	10.378820012651211
BETMIZ	0.6282095116140587	-0.8304403403283642	-0.46543529550118573	0.06911868709791585	5.496816963376254
BETWOO	0.7711753032737043	0.5457693241009569	0.17951124505932042	-0.22148101113072244	8.617069810839796
BETWUU	0.7919852577794595	0.5625342936194644	0.1655375660532209	-0.12809323909209752	8.709977470521478
BETXAB	0.8208198966079321	0.39075263226486506	0.16624429558132442	-0.1844795844414395	8.43958186380308
BEVHAM	0.6393229258454758	0.835577868830305	-0.2576108168580525	0.018538001940339686	7.85299988031566
BEVHAN	0.48804625092688614	0.04322768840590378	-0.1772978426100726	-0.01801183412555952	6.107727539475164
BEVMOF	0.6423464814050961	-0.4437098922139964	-0.17512970792994803	0.08134993950836461	6.145547603358233
BEWMAT	0.9217881696447066	0.6659212602264115	0.3386598364626078	0.33351364999408906	9.925351104930746
BEWYEH	0.633504221580659	0.6767748060545467	-0.32421201261370264	0.06172102149815856	7.50708283402252
BEXGIY	0.571196361187595	-0.0417819787042622	0.013024576683830835	-0.13480170672863645	6.635687135795215
BEXKOG	0.7096088996932011	-0.9659294894150827	-0.04192384239743216	0.19586076070347663	6.614935054035351
BEXKUM	0.708494324826594	-0.964415555198135	-0.03834390291684986	0.20943446021264633	6.630652239690409
BEYKEW	0.6117394620156906	0.05854502096009917	-0.4074210388385771	-0.030746169290917225	6.142146675148224
BEYTOP	0.5030328602499345	0.2263612846113774	-0.38023631274732916	-0.07030919891353381	5.882625334759831
BEZDER	0.7641615487911517	0.499124627090421	-0.06871549612954295	0.09839813918878586	7.890890854586178
BEZHOH	0.546182606072783	-0.8717676383144739	-0.0217482846736074	-0.06397136250316401	6.294512295182699
BEZHUN	0.5610935257305725	-0.31427857019532	-0.2545803156302259	-0.010752875335528331	5.933495908662813
BEZKOH	0.8102685956081599	0.4847671055029446	0.695245758746545	-0.22950895301917476	10.048950444277693
BEZLID	0.9046755013332062	0.7472459591183442	0.32228712446502816	0.23324787722068616	9.908884805800348
BEZZOZ	0.6016324249252101	0.13427619028822954	0.21401983162235777	-0.21394614552901506	7.426705658305299
BIBBAQ	0.7935352636226716	0.8504980505712223	-0.003670821002072819	-0.2170302270626875	8.825851495070735
BIBBEU	0.8645896161591295	0.6886989599121314	0.1789443908809894	0.10499768196287798	9.005476600480515
BIBDAS	0.749361998084499	-0.3862246352213673	-0.1407679199419023	0.25210507583241915	6.594994556720582
BIBDEW	0.8985593627850585	-0.21726904147342094	0.14362540740543087	0.36236499173180936	8.089896806160102
BIBDIA	0.860055542585159	-0.4234489972544955	0.07760433099131911	0.3039970873777139	7.5636570374053935
BIBDID	0.6449532275662353	-0.6166818165357406	-0.41735108551332384	-0.3218679565216407	5.553467062629818
BIBDOH	0.8684254074618902	0.049121917210024776	0.6137940804865789	-0.23110084195875574	9.493263317012259
BIBGOJ	0.893280780799067	0.1866996306467024	0.8774111741629662	0.23119878936743846	10.86798242749136
BIBJED	0.5117774762013365	-0.22377767446107208	-0.18099394327531132	0.3203233384640729	5.974292815651037
BIDLIL	0.5306293194539888	-0.29335354942145	-0.3714712610315643	0.30582574678977514	5.740464905149797
BIDLUX	0.6055986184229942	-0.48946101821314525	-0.3016134753037731	-0.22330199031511763	5.641183408677519
BIFWUI	0.5093295826454698	0.37819880668400013	-0.35633779030553425	-0.11579365015175214	6.322387837873547
BIFXAP	0.5815326175727815	0.050415340832145744	-0.1973987269124604	-0.025561459518710937	6.46506528969424
BIFZIZ	0.5278984065898973	-0.6468406669338862	-0.3995095441583187	-0.20151397148058176	5.2047198606807195
BIGXIB	0.6349754496753937	-0.20730193908732358	0.02485085635425091	0.08992718185058302	6.748538978041193
BIGXOH	0.7032429626042633	-0.5309574124788827	-0.26403537829672624	-0.3742200656704677	6.056653796687634
BIGYIZ	0.5847159820079604	0.1060116397570319	-0.08212680513766502	0.23060830059017304	6.850429754779261
BIHSIX	0.759729892733989	-0.3794221090203354	0.3851719801936222	-0.03668435184742335	7.880565160080236
BIJPER	0.591600908228437	0.0419320736965945	-0.12230109226727684	-0.09432079412042972	6.568811542160525
BIKSUM	0.8154092838038052	0.13767713972507004	0.5118505891635381	-0.11772459780304512	8.907238992559147
BIKTEX	0.8203903762305993	0.15848831475593902	0.5268910892184864	-0.1134589915968883	8.997586360432562
BIKTIB	0.8177736304205698	0.12367492121609872	0.5190058269164208	-0.11625364376141402	8.920268237517302
BILXIF	0.5618107522497473	0.06950470370887012	0.13406528208806504	-0.1256538906826996	7.039699675508839
BIMDAF	0.7174607024127129	-0.983545647223963	-0.08312094781640636	0.15934051861597434	6.534126948776151
BIMDOT	0.718483337373673	-0.655594358104377	0.3831186619258012	0.1734274378323212	7.868664005091366
BINPUN	0.6041331672819634	0.1438002782512713	-0.12195395299782327	-0.029537765695111497	6.583436292117819
BIPFAI	0.6511444191595581	-0.7429847708408053	0.16496689898937086	0.006850989092867072	7.082055714456844
BIPKUK	0.6834580233027072	0.13893247614771284	-0.0859731340412169	-0.022634117588243664	6.995678578127268
BISNUM	0.5216970047667377	-0.03416788778329684	-0.2207070764572321	-0.0002803850463103403	6.105930852728854
BITHOF	0.8216527325537051	0.44512663878941716	0.1589408129575257	-0.06631408006231201	8.387748181969751
BITKEY	0.6719911070229871	-0.7273776658531115	-0.2674119447013106	-0.19741255619851622	5.975877806923446
BITKIC	0.7134933500579992	-0.6438368187172241	-0.2325553188315313	-0.18602882857859857	6.146050802402787
BITKOI	0.7508634520015027	-0.6199765511967597	-0.1823797637988016	-0.1490611879979323	6.369586037248159
BITVUZ	0.948382327091875	0.1965420256482139	0.4915528464745732	-0.36219703548082416	9.411501782695572
BIUZNC	0.7040494840667835	1.1997650231998283	0.1667817838227764	-0.4075604070455505	9.93252642933892
BIVNUP	0.723706639728193	1.0582674015751068	-0.2866167822611202	-0.022633235295987833	8.668817440536753
BIXCIX	0.7007797727894038	-0.5137992576398069	0.45874272509536484	-0.06810586784277103	8.139878119205303
BIXSEK	0.5772290138877221	0.22470015836876567	-0.29489420140959927	0.050910813953761784	6.422023196116355
BIXVIR	0.4810698023749955	0.14216897326416128	-0.2569023739465503	-0.023701124303929767	6.06964380616193
BIYJAU	0.912833699467984	0.8381291752460192	0.4988073794280339	0.2272160142987181	10.57770733516972
BIYVAH	0.6908358363736093	0.3510111406863787	0.2987318154006417	-0.1852771824599999	8.260698195937541
BIYYAK	0.5063873508925845	-0.6572184622108606	-0.4015303413901273	-0.11805284302840478	5.177171513410107
BIYZUF	0.7827540087232521	0.9349876251934628	-0.2326829997730856	0.063070863420625	8.618519677267736
BIZFUL	0.8732785282636195	0.598370936000685	0.013892512950265903	0.09771334296102747	8.555016405293644
BIZKUT	0.5619070811040121	0.12458779566429795	-0.09051796167904969	-0.07653331822485453	6.540191239732827
BIZWAK	0.51067438370091	0.9003775802228642	-0.5607234338000107	0.10173282863554917	7.372747667248137
BOBHEF	0.6231299756977631	0.35818263207425627	0.07899208672762134	-0.027348480577921646	7.478178164675089
BOBVOH	0.5474723455124497	-0.07613346649136728	0.0002800314846534424	-0.1569686152243143	6.533767085496444
BOBYEY	0.43469690428992624	-0.6454998872213316	-0.5274980967995397	-0.17741136220339196	4.859764935786371
BOCCUT	0.8953821426874216	-0.7817223780333813	0.27452890586821954	0.10795475187320479	7.87065789738423
BOCDEE	0.8942916763342499	-0.777135762005785	0.2734269902892651	0.10177821868107104	7.8551515994162
BOCGIN	0.5670970492249667	0.07759007661356102	-0.36172267164979655	-0.12318250380474652	5.9772857691733
BOCGOT	0.6051284544000488	0.056262006104689746	-0.35340421640820857	-0.10287172676243383	6.151253005534135
BOCRUG	0.841342756649885	0.25783903779962786	0.2524544438661521	-0.23122033025483515	8.40453992813081
BOCVUO	0.8345214638919103	0.532800428214594	0.19006969121094952	-0.04040892157963649	8.680183306338993
BODPAM	0.6839476030154721	-0.6702896975108039	-0.2942167559312121	-0.20998265661585247	5.920961896433142
BODPEQ	0.6754108075472285	-0.6733257515261406	-0.30668609035285516	-0.21207510538439772	5.868449921908464
BODPER	0.8743766491714906	-0.8586928449344262	0.12514544136033254	0.2910142137651013	7.53707143471145
BODPIU	0.6674585066079777	-0.6662896851421336	-0.31487197672693945	-0.21490276421665133	5.82523936342077
BODYOL	0.7577337997348037	0.2224975661374347	-0.048192629546485094	-0.025557019657721534	7.279063765025667
BOFROF	0.9512948089726567	0.29870158808699787	0.46735502113343247	0.27100273389731533	9.63419351392529
BOFVAU	0.7729639877352996	0.8972220208972583	-0.07816940960690402	0.016687106336019896	8.837160040695727
BOFWOK	0.941763909418869	0.3508377108670851	0.4558020922542438	0.25686421773460943	9.671105483359172
BOFYAY	0.7919004978616844	0.9560801306296578	0.14540631958502218	0.3610622918705527	9.542245269486223
BOFYEC	0.6518514949344807	-0.12763270598877352	-0.3129572962627318	-0.10236632544743741	5.946461333741059
BOHHEO	0.41067024745169345	-0.5126884270441652	-0.7738840161690865	0.02688125285377413	4.590059183475246
BOHHOY	0.5366516900458453	-0.48906944277624725	-0.35312393364163175	0.1788064270445467	5.7355810553747535
BOHLUI	0.587544377581354	0.5797243000024404	-0.30386898479512264	-0.06039499862377569	7.034294649489306
BOHYED	0.8555078873014548	1.1491357003663314	-0.13026692727848374	0.06721259852060796	9.637325463219259
BOJBEI	0.8362111019028884	0.20696333311627435	0.3159284914137396	-0.16934032001151816	8.483144616108476
BOJBIM	0.8359095743629918	0.20974248736485374	0.31447062603410914	-0.17685131701275802	8.473170312458363
BOJVUR	0.5986385339022036	-0.1024337664477536	0.15159310433636514	-0.03797955386243905	7.114079433161722
BOKRUR	0.8027154598181419	-1.0767343878452869	0.5066400758370014	0.1320123947277659	8.97219303342321
BOLYAE	0.6057941797631266	-0.04511467651102927	0.12210240809742165	-0.010318089085364196	7.1256511837429555
BOMQEZ	0.728260387475582	0.21500334313422514	-0.19552537748812465	0.041937245826975236	6.858064080479407
BONJOE	0.8173118306092109	-0.7012074925632736	0.2233245370134386	0.12773407500178413	7.526197613855208
BONRIF	0.5201763242183883	-0.47162376270615347	-0.4185843975418681	-0.1665295647957439	5.207456288866117
BONXAE	0.8419195569705087	0.5421548091737722	0.1258695358915389	-0.04899213184506464	8.620701459818893
BOPBUE	0.5850868874458817	0.06860394283191835	-0.3354545193835857	-0.13332903759148604	6.0610036281608295
BOPCAL	0.6753170999432481	0.00943286032607897	0.2663996605114738	-0.07628042831293096	7.78989283628637
BOPQAA	0.6302993143630662	-0.3802771521035197	-0.13120759137353546	-0.02371959890724585	5.992474725222945
BOQPIG	0.8539708460357067	-0.3568245818073594	0.1919434186045481	0.1529260418776321	7.692416628495632
BORJEY	0.7872038202199985	-0.8774565200579212	0.261817446586817	0.11608151978026222	7.661011883171919
BORJIC	0.7623734718863551	-1.1313938261839727	0.1173468277120928	0.12154721261869486	7.325710655697883
BORJOI	0.8084170325586673	-0.7720067189432647	0.19971232888741902	0.11877643021443457	7.4897832749388
BOTXUF	0.5822864586147602	-0.23294540504776481	0.2383665648021776	-0.06792046687346118	7.201269888184448
BOVNOQ	0.7848233571521996	0.11816761908750106	0.42989660771749966	-0.18521412445648994	8.47011049990001
BOVPUY	0.9187083806699947	-0.15071533599308753	0.8476274415127478	-0.03819323013281867	10.418349156428997
BOWPEL	0.8204791603388637	-0.34177284627763893	0.5757739093378734	-0.04069034081030465	8.661002744949839
BOWVOA	0.6508143307567451	-0.7013123999495916	0.2992151655974755	0.14429112438083228	7.510080478963916
BOYBEY	0.4862570780512394	0.2213022072136566	-0.3751380250582615	0.09411604280354734	6.006710102237988
BOYXAQ	0.7986685511466414	-0.8274417791478363	0.8127392709151717	0.26799460175676504	9.754840172438906
BOYZOF	0.7100262825691441	-1.0012796533238952	-0.07825468193207161	0.18671474241132402	6.575383467710202
BOZWAR	0.6527055097306702	1.0649527836988846	0.34954840591979397	-0.5176653947638734	10.037174626897157
BPNCUB	0.8955193799158492	-0.7812310401665177	0.631309194827115	0.1371140641525548	9.052363171016065
BPPZNH	0.8123506403507292	0.08686093879137581	0.32828819119109665	-0.09242880318412262	8.338595294353066
BTCBZN	0.5391796759491267	0.4944775298196225	0.09903174020691237	-0.09272921538223988	7.427345303156098
BUBFUB	0.503724295813897	0.5943490496422816	-0.33593715671953134	-0.19310790642366207	6.8129412508836324
BUBYOO	0.7934860824254146	0.710331548052366	-0.13805794642215008	0.3364623982599324	8.377226375650606
BUBZUW	0.5623328947940314	0.08465728586285975	-0.4344478210422939	0.17335652925478698	6.014194008035957
BUCBAF	0.6088481131732211	-0.7040456982407639	-0.019786372670369118	0.03494481354756296	6.405238496008642
BUDBEI	0.9886541532140329	-0.5518609188604753	0.6253518406973797	0.19387728741025992	9.260956289642635
BUDCAF	0.5938911205354342	0.017991168463863505	-0.12506470024103722	-0.10973959573020586	6.447112172105747
BUDLAQ	0.5820328680749123	-0.6613094335032825	-0.4978926811057545	-0.3361172006006823	5.264281601526426
BUFROL	0.7548329794917894	-0.7622843867501774	0.002336988753565264	0.0784017090426365	6.735053629082538
BUGJUK	0.776463340101067	-0.2184814533773192	0.20620931817856258	-0.17083842486400772	7.6649907845619545
BUGNIC	0.6638497060541422	-0.49145945812576536	-0.29601878941517706	0.4248931849495148	5.792111512016965
BUGZUZ	0.6391895033034007	0.8801334524243596	-0.27151579414175825	0.018285727599662065	7.94783640364308
BUHVUY	0.5220004195096521	0.11690576141525436	-0.17788994043361506	-0.06689781586822356	6.364090411285892
BUJLOJ	0.49306158420480806	-0.08249722271863882	-0.1705007345630194	-0.04865835601573296	6.028868173703438
BUJLUN	0.6759868445776203	0.019385979351025998	0.263134480910177	-0.10300024807973089	7.696659609443984
BUJLUP	0.5064178191306894	-0.06813253097629257	-0.15630439385400796	-0.05217935645894311	6.092118639269024
BUJMAW	0.5709298468424526	0.02201980067655908	-0.09090677410488679	-0.016610543513420208	6.513712499668303
BUJMIE	0.49221739102359763	-0.07731638392597157	-0.1673904980794036	-0.050063177734827255	6.038721265662282
BUJNAX	0.5053453182880316	-0.06038738863044147	-0.15406420182112168	-0.06317839262207436	6.102895674582415
BUJNEB	0.5054973796911177	-0.06272122632970449	-0.15844139970602478	-0.0619863908126617	6.0962424847379975
BUJNIF	0.5059613543635093	-0.06005926123281548	-0.15654798349479393	-0.062333345674123394	6.100469671341263
BULGAT	0.5715320416428646	0.23917985203772552	-0.18783248344870007	-0.15646429342433468	6.608061399754177
BULTAE	0.5415159914615382	0.20588103329205884	-0.1321078903925702	-0.08754324644853125	6.515744629602039
BULTIM	0.5651965476145593	0.21305858993672194	-0.06377125194526242	-0.03236193423326564	6.715536726678789
BUNNAB	0.6483480634755194	0.14615531738181864	-0.1536774788727478	0.11462367866068258	6.872429067605927
BUPJUU	0.7698232605980868	-0.2500246155275095	0.2731983547382196	0.019584711372727607	7.785888914684762
BUQMEG	0.8170755027029593	0.052251252126699885	0.46315755089328153	-0.1530779630109905	8.621343622463481
BUQYET	0.9538688182043176	0.28871068274155	0.42674384589287107	0.14018655909178118	9.362709759996307
BUSFON	0.8396224306194	-0.923987022237418	0.24471046259850482	0.20759858248707497	7.71617372188601
BUSMIM	0.6635258289334951	0.11744735108197474	-0.23477223664072644	0.11972252610450154	6.718811923743885
BUTDUQ	0.5602614568801316	-0.7345746211851518	0.013817619490461161	0.04393435974802342	6.496350503213061
BUTQOX	0.6199909613935235	0.45401925306503005	-0.16021662596318065	-0.03863084061963232	7.0794554010850925
BUVHUW	0.7977541922945663	0.010146265178399842	0.8133956971249703	-0.23343177237884577	9.936620320317617
BUVVOG	0.8422612546542769	0.30953177235461254	0.21605596482934947	-0.011927699022591685	8.28708514209122
BUXZUQ	0.8032270843088583	0.6498662311904742	0.429113633245148	-0.19890475498602614	9.458654098027836
BUYBAZ	0.7543033248356732	0.0895512385490182	0.06834090370337201	0.09788080634062553	7.362053603068533
BUYBED	0.7500104533702148	0.16292814215485207	-0.04609464198411975	0.0688976260215436	7.226377851407958
BUYNIT	0.6667747715174146	-0.1727086445922842	0.5477779750190175	-0.16989734384248517	8.340015422954876
BUZQUK	0.8363623499544302	0.4904802086694336	0.22482211857721618	-0.04142004006753193	8.702734782806699
CABHOE	0.9247259947245317	0.3019834627791398	0.2926687039236726	0.31743286674349747	9.098278465596437
CABQEC	0.5247076465946519	0.5240796986935792	-0.43475818437300523	0.010055355368372897	6.667370741046862
CADCIW	0.6680096106805022	0.8180949591960649	-0.058865219130412816	0.036293403104764345	8.309359123876137
CADHIY	0.5928415112282508	-0.4586882345958768	-0.0537061173557665	-0.21881073664126074	6.154233162760724
CAFRIM	0.39875907969442714	0.39812285041615986	-0.6008253786552833	0.002866777097529522	5.784616426109262
CAFROS	0.40753899014900874	0.49426110230588055	-0.573782973030661	-0.028110896829348586	6.017460604868092
CAFRUY	0.41730098872339116	0.5058650046173767	-0.5703979163082884	-0.033913319873351985	6.06904768782392
CAFSUZ	0.5863117704583507	-0.0797642064212725	-0.14747151892427596	0.22767350304353123	6.331281751851433
CAFYUE	0.846999442987812	0.4601445010706879	0.675210640983888	-0.2065924556274973	10.103610215015959
CAGSAH	0.3083576955490317	0.7031986028945993	-0.4704205273157683	-0.19092925836202063	6.240587511247787
CAHCOH	0.8610687462194244	-0.6270017772528196	0.33295368366276645	0.08934278865085982	7.862022922731154
CAHFEA	0.6205982341258638	-0.5883601279421244	-0.5490782420481719	-0.30627443521071396	5.309809930057999
CAHFOK	0.7013400252884319	-0.7183072824663663	0.21523323167414377	-0.26388718622483864	7.449941526802449
CAHGEX	0.6763811256983772	0.8121793428209656	-0.17802506739725293	-0.024934450159481748	8.011465595426577
CAHHAY	0.7646052816488638	0.27780650829363596	0.012690792440064658	-0.3213814069778661	7.684053681354123
CAJGIG	0.8278159851497167	-0.0991032220541955	0.6327930354566831	-0.1548681510255733	9.096037295286997
CAJMIM	0.8941234411463475	-0.1151529148066471	0.3509150085498693	-0.1706468364288763	8.321062059707225
CAKGAZ	0.4517229341926461	-0.6437298340665314	-0.2846451219303796	-0.5166964232521684	5.283832324358155
CAKGIH	0.5611052418669056	-0.5691321793864366	-0.09745152820928196	-0.20194898726048555	5.924494270409531
CAKLUW	0.9998762758890036	0.18580719846566565	0.6530654160167357	-0.3500151482726823	10.196090488297628
CAKSEO	0.8365392389259227	0.7505206631583072	-0.024366806674736563	0.13331594509115705	8.774099316793095
CAKTAL	0.528852986472625	0.01330080576293198	-0.2505999596667538	0.00628963134862817	6.18451217637548
CAMYEW	0.5834530464661078	0.34778871525487576	0.14038175295663285	-0.11107237067454072	7.495003171104669
CANDAY	0.6046330140616698	0.26033482596775537	-0.23266262411485833	-0.08706586620100112	6.6916058248483745
CANLEJ	0.7243942379909223	0.7707407368250612	-0.28011562992976397	0.40527069543978234	8.294677812073031
CAPDEC	0.9263515772036106	0.06986607273345313	0.5856645154206002	0.16719902527423047	9.445013662955962
CAPDIG	0.8916593661704582	0.19486987376545292	0.5035027451504994	0.15347173561180355	9.204751138984012
CAPFOQ	0.773940537166319	-0.2579433345011185	0.42370950706135396	-0.10051034036461598	8.128753941957603
CAPHEK	0.6510833882908722	0.14389163252322754	0.1709839512621013	0.02444441511531721	7.649879735216227
CAPLOV	0.5722198833616954	0.09426548605261977	-0.280758561045421	0.15586918218346058	6.359781488835526
CAPLUB	0.601375752756792	-0.05006122473878485	-0.37235927817284986	0.015407270141080589	5.951515237789144
CAPMAI	0.6021825204641065	-0.049166778952649634	-0.378476478055472	0.023602596399261114	5.940287203804161
CAPMEM	0.6045864709958408	-0.06374094645695855	-0.35402389125385	0.004364702821549419	5.94530294664339
CAPMIQ	0.6376183195626872	-0.1902603764116938	-0.2951029674497524	0.10332258981362746	6.1727628721771834
CAPWAU	0.7827583706223882	-0.10948984576184008	0.012869727643430154	-0.1650296359223315	7.157968623724036
CAPXEY	0.9013697059965153	0.6086057341129081	0.508984234105662	-0.23569197227577962	10.071911950892737
CAQCEC	0.6089480598754147	0.0027457145123822232	-0.2508052476424	-0.017361260413905687	6.258788643210368
CAQPUJ	0.780337270539035	0.16269614497605822	-0.26250317952927127	0.09904086625632519	6.9968146578504244
CASNOC	0.7060164146497296	-0.9870613600469325	-0.04144380402338699	0.24200341102672943	6.73341349995479
CASZOM	0.9041789960517939	-0.7144461929278152	0.7636694489757856	0.25212541834066604	9.736553063209685
CATKOX	0.9376919647308188	0.04653260564760325	0.7483672019492671	0.12939249581865797	10.274818818610783
CATSZN	0.46600285334080027	0.6830926219625142	-0.5006252059568121	0.0031478955022736267	6.552655925416243
CATZAC	0.5185909104250985	0.41011895478804505	-0.3940881639556823	0.022910651254780413	6.315874968359042
CAWCIP	0.9175034946709442	-0.6897812865923594	0.649282247451564	0.3083498572708223	9.173661624986858
CAWKIW	0.5743093263483878	0.10234864012969284	-0.42328840612480406	0.1664071151543458	5.9943482709683025
CAXBEM	0.4707785298054459	-0.10091935569615142	-0.8090544094828775	0.018984753231035163	5.181870308619555
CAXBIQ	0.5915865795506123	-0.07489645148518756	-0.5213699233022533	0.011521187637951024	5.674994241287718
CAXBUC	0.5483905238342572	-0.1539870930826851	-0.6377449828404405	-0.14151510695449881	5.32418170312685
CAXPUM	0.7102436388958147	0.5676937646297371	-0.02009362772187684	-0.05263001385718145	7.894254704656096
CAXTED	0.5241398795483097	-0.841788940002135	-0.10074283571545925	-0.05736342327907135	6.035395903271854
CAXZEJ	0.67366126380319	0.5369500402653409	-0.09833381258929644	-0.013605137702776897	7.590734779291723
CAYQEZ	0.7307109103077218	-0.5060413852285889	0.38969408588911547	0.0008622391571864452	7.814869156565794
CAYWEI	0.8932768723497793	0.31620127044960594	0.3430629257882898	-0.00931411739946974	9.011018899030297
CAZGER	0.8709592852277197	-0.0063218534633049505	0.06351834250982512	0.23895847190332772	7.679880083591079
CAZPAV	0.47810911365044984	0.31499654939131183	-0.6033559043387804	0.07509101868903581	5.6333404856846245
CAZPID	0.4611415068546618	0.38066465135512123	-0.5933851220623236	-0.044297248392121145	5.643508168843705
CAZPIG	0.5609296423786736	-0.1827727024273975	0.024494122127106735	-0.25800665231219344	6.536917103963386
CAZPUP	0.5366794653466895	0.218062539998677	-0.6600587138506546	0.07379590371981044	5.537928772557576
CAZQAW	0.5357297749904841	0.2686145273886108	-0.6755151941518183	0.07400400110974277	5.7097566376368345
CAZQEA	0.4938364403816573	0.40255263324871116	-0.7970026191493951	0.13822889944296182	5.682949718347797
CEAMZN	0.6736232579186812	0.5319658993342533	-0.5402996143590086	-0.1043180040566183	6.676683848682297
CEBMAZ	0.6825767404024221	-1.0947583348630059	-0.19789040352635823	0.13245938460492127	6.209906905700443
CECBES	0.9549308356896296	-0.00954324873867975	0.9903425168397781	-0.19723684332353023	11.243465899250024
CECTOV	0.9310179454621794	-0.12232588269811595	0.7199670365948108	-0.25373239095657096	10.100774250698219
CEDQEI	0.5718949314516131	-0.26017386790425245	0.23220107845881058	-0.06704835589253412	7.155789951118896
CEDZOD	0.6451797024883827	0.34119209647341286	0.2862784818586301	-0.1494221941913817	8.111762954801344
CEFFOI	0.5335679836889611	0.011907339929292441	-0.054381855066694545	-0.11495371375211244	6.430600105867125
CEFLAD	0.7340357434193159	0.15878066697196216	-0.15577621231806238	-0.07306346267235322	6.929879725171845
CEFZUL	0.8443616036954413	0.8090855433522559	0.10335831923364151	0.034343477021765156	9.192558654832496
CEGBOJ	0.584496954696264	0.47771024671402557	-0.05872084143216094	-0.02261930326386093	7.2946705926759305
CEGFIE	0.8023211588670334	-0.6886087588006722	0.20307740251226508	0.08960019897172189	7.579368407037654
CEHCAT	0.9135682592909307	0.7661407336955173	0.31036595044490645	0.05843837111230796	9.875643945273165
CEHNAH	0.49429780875483953	-0.2567273709692914	-0.2656165165303208	-0.34126404525610954	5.6889704754125034
CEHNEL	0.5750516775441064	-0.601015179976393	0.23117052877065913	-0.014547826155396158	7.320289065407155
CEJDUU	0.8601032255832228	-0.1448851633172515	0.4806204952911983	-0.11322505501200182	8.759729270830341
CEJGEF	0.5364746976810268	0.0932887434376166	-0.1999322756029332	-0.05109938255492667	6.261198188715416
CEJGOP	0.6835778485281434	0.4484746394682289	0.4027612519007102	-0.2456754492871782	8.634871395108439
CEJZAW	0.9357438555785418	0.22692515203556674	0.3911682828028747	0.4053542068337086	9.4205598560571
CEKCAW	0.8155034768596776	0.1863099417148324	0.4802868239387541	-0.23317371404977025	8.931125027744036
CEKWAT	0.9458966455337992	-0.5454912915520027	0.6316651113945679	0.03335054045070997	9.255232436191072
CELFEF	0.6923383961429019	0.1706989018743092	-0.2480124282360643	-0.17111097984657342	6.624978225261455
CELJEK	0.6112530365608526	0.09711780885311778	-0.20097073480127897	0.022741402209574775	6.544201724448008
CELKAF	1.0321540419859172	-0.35605130566609555	0.5282597499232269	-0.04631996179981285	9.051015320036452
CELTOG	0.8714475748370214	0.6594532084663607	0.2576098749249959	0.04247332567473011	9.417541089270065
CEMBEF	0.7462919380904438	-0.8592762192167798	0.41188183801479483	-0.07296692262578791	8.221418535564544
CEMBOP	0.7804163901346	-0.8122217903128774	0.4562728660708686	-0.008982116051956007	8.479062543990775
CEMTIA	0.6830434097296942	-0.25295428464544467	0.0036517440582107402	-0.10022215312894334	6.6758154088467325
CEMWEW	0.9490302190867519	-0.1231295672073872	1.0007794097520137	-0.034453079948448206	11.011359614249137
CEPGUZ	0.40633306088843035	0.3143732467444883	-0.4394155622357014	-0.07587292054508399	5.8668831314970555
CEPKAN	0.6194403925143916	0.3680367095120401	0.09686125370126246	-0.13227789263858877	7.5351186183187755
CERBAG	0.5803425362646273	-0.45957335928506055	-0.6578893837945816	-0.21908509380480962	5.052119899045406
CERPAS	0.7606594032225953	-0.17800045325464947	0.15204790151470676	0.10285305508009294	7.485410068997805
CERPEW	0.5832693425079025	-0.6921286510741311	-0.28060682925493136	-0.014145693051376189	5.738660267477999
CERPIA	0.5831871158972026	-0.5745371253802787	-0.32370595461669954	-0.029507875767467086	5.7392971023514265
CERPOG	0.6829328349188994	-0.4638924272507824	-0.16172771095126787	0.12071295480884664	6.368560245867397
CERPUM	0.648056061093162	-0.3512975924412575	-0.2550908862723844	0.01976154313785806	5.959778423825517
CEVBIS	0.5505617543413299	0.4145726990154299	-0.24159602349609388	0.036724622573858785	6.797511009669317
CEVLOH	1.0933479245901987	0.12130329449857777	0.2667379380280819	-0.16494729869326769	9.17012150282226
CEVLUN	0.5602509412599446	0.8355794744627569	-0.43369035395883676	-0.04629097093159581	7.397347313116451
CEVMEY	0.5793586091540774	0.1686035194916588	-0.08557751846478473	-0.06410088137204421	6.673671080590605
CEVMIC	0.6161389333120253	0.32190850506745516	-0.09078148091927343	-0.05030925175930642	6.961900752633321
CEVMOI	0.579633685836817	0.1333033017304581	-0.09801787858256833	-0.002186960559018866	6.61138607485411
CEVMUO	0.5733521194402353	0.31404333567436626	-0.12115816714110611	-0.05503232575215637	6.775138632586036
CEWBUC	0.7629912852702763	0.23742188533092878	-0.12876799612102005	-0.09322660985999699	7.215644987776054
CEXPOM	0.8397253768699375	0.3113836001577116	0.4834769624709117	-0.16644863456763395	9.187585694320454
CEXTAB	0.7993865807513281	-0.2721887211809124	0.1856539991430094	-0.026524496998314485	7.62280421132628
CEYROP	0.622830377713254	0.6149278880021245	-0.1997109018921101	-0.03938319763569662	7.348090504759927
CEZLIF	0.5133241153730514	0.5995588793540139	0.12316945176903325	-0.4178044203045945	7.750295929631117
CEZRIM	0.5574712963073738	0.39347609808580186	-0.029461146194443844	-0.13590507426577988	7.10133551625983
CIBGOK	0.47065898059546374	0.400515504953089	-0.3730949113510834	-0.06680409361359307	6.229735674890769
CIBJUU	0.9489325033550164	-0.2877409543813848	0.5735394860415338	-0.1960684311861406	9.147053110408834
CIBLIK	0.598625889140302	-0.17074754813850962	-0.01777277795228374	-0.11199767332144438	6.621828906468313
CIBLIL	0.6347919386474361	-1.2570603607723794	0.4504121719331093	0.16186122079390422	8.50295136521826
CIBTIS	0.7808533577994048	-1.0832615633301481	0.14189411023393625	0.11847471184003491	7.369246227096225
CIBWOB	0.3073992889211983	-0.3729837983482002	-1.0485420935248888	-0.5927111291606366	4.128809500654261
CIBZIZ	0.4727150870038219	-0.6100211664735848	-0.6961986440710868	-0.48925794901282516	4.815495832005233
CICBAU	0.5695820939328469	-0.6004278042371629	-0.199533520377152	-0.12707924103243207	5.748674481780334
CICBEY	0.5623494834316354	-0.9287401017639447	0.0028298603754676327	0.01419579972527446	6.446453539061381
CICCOK	0.9127357074374878	0.5008401734620906	0.32541995693880554	-0.152706264115243	9.33748203057589
CICDAX	0.9191797507996151	0.3271877411956703	0.3910891503351205	-0.17110051681104813	9.191842605254841
CICHOM	0.9097265525737939	0.47088299255874044	0.24206072094675715	0.42045164600357543	9.28307726471321
CICJOO	0.8364869971869116	0.10737066403224789	0.6290123007178923	-0.37754312148763913	9.544513405559101
CICMIN	0.7990226451141558	0.572313312201344	-0.12280986550248824	0.5168851509289526	8.241020309524723
CICMOT	0.8995963101022113	0.3496091556524552	0.438098946266459	-0.123555994037445	9.391245109528807
CICSUF	0.49882934760101794	-0.028470908624973097	-0.4444930051500828	-0.12198497122406506	5.591456868212993
CIDVIU	0.4251081411946167	0.7366103341421892	-0.575410262735794	0.04100233602768284	6.5949404267266605
CIFHIJ	0.7942577761687195	-0.47734226280196707	0.3439953424118378	0.12786347398632816	7.899267992390537
CIFYUO	0.5043399985438732	0.36863406608781374	-0.3774950629880607	-0.06244834524597755	6.219047580921002
CIGJIN	0.8413825833869693	1.0929093667412952	0.3596043237489055	-0.24696492955829838	10.710438681358124
CIGNEN	0.8201060028338398	-0.004375824956358432	-0.30733706828045665	0.4847301531774306	6.941959464742171
CIJKIR	0.6289321624498765	-0.5450599832444978	-0.4702965250386573	-0.33962618519748	5.437466791565795
CIJKOX	0.6101912215034551	-0.5859442223540057	-0.32168593672656587	-0.3462757798494587	5.687481322060656
CIJKUD	0.595591958103447	-0.5880511170090603	-0.5091211173093806	-0.3281076572762327	5.227481170161878
CIJQOE	0.7775657572106143	-0.1986047898068287	-0.4102081817509448	-0.28092784313903985	6.096952889536481
CIJVUP	0.7534758862361404	0.18638379941381977	0.43858391903289246	-0.0425418435683271	8.508590663572761
CIKGUY	0.6737588916723709	-0.0548966456756816	0.16075357613017044	-0.062341720166946404	7.25149486845996
CIKLIS	0.804104757292925	-0.48818224780496766	0.016036253593119748	-0.07723244886263128	6.953424703801941
CIMVUS	0.592526577835879	0.4685952011608062	-0.5480940006584327	0.019087809859278757	6.599147862507112
CIMWAZ	0.6321457050089512	0.36116695649463526	-0.3360361403913986	-0.12542741228037635	6.841497508876349
CINBUY	0.7584797005986896	-0.34645499856258405	0.4315523871598938	-0.02641985202060623	8.059895889700373
CINLIW	0.7002481639672284	-0.15432574566264004	0.7116951486234051	-0.10678883642581388	9.092292175577716
CINPOG	0.7059153862979013	-0.7187308520224513	0.1058717259613687	0.010113984382707854	6.958309585728513
CINPUM	0.7141762324553085	-0.7037468280118468	0.11530081471920711	0.02137527965239678	7.003701117282377
CINQAT	0.721478941207276	-0.6846785333351253	0.1316776075422852	0.030691826030071902	7.070110938841072
CINVUR	0.6604137877964442	0.1567787280201426	-0.24943646036989015	-0.14156305612435438	6.634201754433519
CIQDEP	0.4740006755659101	-0.2796142416256213	-0.40704306743619584	0.04546194976361602	5.270268761324722
CIRGUI	0.5202114100637427	0.3044687408317561	-0.4362882431567732	-0.01913895577962523	6.079297872005256
CIRHAP	0.5368204572879121	0.29958440654042784	-0.4251851797155944	0.041048689096836434	6.188175294839807
CIRQIH	0.7332549047960226	-0.20994864920142808	-0.2872872528649685	0.3948587521911747	6.573738769274492
CIRSIG	0.41786240562847077	0.5113940644097386	-0.17642139339883584	-0.11626325760976003	6.590083387430354
CIRVOO	0.5944192061428986	0.26545928496063637	-0.2007754262656588	-0.036874674124651424	6.689415505230743
CISKEX	0.5685974133696297	0.246714727868873	-0.14191517806332704	-0.01989134893258205	6.6131553539741645
CISQUU	0.8642211660781429	0.1435787825135548	0.6099969358165045	-0.06984684129278526	9.367454559445026
CISRAB	0.9057880452741873	-0.1302973557767571	0.7100511357525447	-0.02116662524953626	9.618140602445553
CISREF	0.9173895967851466	-0.03403804467444488	0.7145202200426062	-0.002415628521301296	9.666172628707299
CISRIJ	0.9158510079385778	0.011447566900830805	0.6870760762182873	-0.0010591038305310645	9.652038693224515
CISROP	0.8427541357188595	0.20962703504878963	0.5581944319320771	-0.0684104390659959	9.23356741597297
CISWAD	0.857226152718904	-0.5609056169571565	0.09963674089428547	-0.1222902820452217	7.3953033876159555
CISWOR	0.8508881375837198	0.8425491153219657	-0.022295899975232875	0.03305790430555491	9.053530211933111
CITDEQ	0.6171260067079025	-0.6121756001800032	-0.511484054474131	-0.3515280067150419	5.344767872639346
CITTEG	0.38095180340820356	0.39320642256721633	-0.6192081345463383	-0.03232478115930466	5.652479169930198
CIVQEG	0.7798968434295777	0.040179315737037286	0.8379009873360939	0.056543904264706346	9.888788152231836
CIVVOV	0.6310466373626502	0.1337761310028508	-0.17486350570103665	0.11572035176732577	6.753892867344619
CIVVUB	0.6349989883887437	0.11139462891627708	-0.17661726562927066	0.09416021336523296	6.713582845102954
CIVYOZ	0.7677543741899386	-1.0606482754673248	0.16568795774045342	0.12774437494951357	7.433396381952205
CIWBUF	0.6162941952747065	-0.41836164861984476	-0.36920361054119805	0.07594403028605712	6.215082321738498
CIWDIZ	0.9415841595144538	-0.2832119077586428	0.8668680037614771	0.13338323583704195	10.114353472913296
CIWDOC	0.9286142879531303	0.6997445326597207	0.3749690395334142	0.21778767755729386	9.956754790617886
CIWMUU	0.9315637545829514	-0.8094277118032214	0.6197753088510425	0.19984558358351232	9.064513744243106
CIXJOL	0.6179172633539087	-0.7403268373712968	-0.3887657603861197	-0.2948482439028276	5.554975389361312
CIXZIV	0.81393202068928	0.5756255844406699	0.09223005478866697	-0.14471834551793467	8.58229790604339
CIYFEX	0.49274591925653244	1.275513665527078	-0.6374709512987076	0.21241272996098415	8.24217030704995
CIZBET	0.7452838276448821	1.0019757353292882	0.5786414702677711	-0.31294019020207586	10.639452691215952
CIZFUP	0.8101852296329435	-0.09836559289300754	0.47481348213915686	-0.2637484147036059	8.456051146925457
CIZJAZ	0.7778813734824137	-0.10529549079455519	0.41622353845906734	-0.20781528245739964	8.168532135105803
CLPYPZ	0.5129290682594752	0.282695768845285	-0.3787497672637535	-0.10848912169296632	6.151513872942162
CMPYZN	0.6252115328571	0.1385458690919906	-0.09822865861619676	-0.06804871708476135	6.834996449658392
CMTZZN	0.5358520381545961	0.3634752020687888	-0.2746854901867548	0.022958543814242963	6.605507905576963
COBKOW	0.7897912521995307	-0.8176842255206636	0.6982667015048034	0.37919191430731203	9.680920618498039
COBROE	0.4758039907550691	0.4555603151829474	-0.3256937445768267	-0.0849206744831915	6.4243644632983585
CODRET	0.4442500046236182	-0.23042052791417522	-0.10548272611828077	-0.1396265507559297	5.970320314799004
CODRIX	0.461132037052284	-0.2600331444423708	0.07074667715183675	0.21893447276048641	6.384952733866057
CODXEB	0.4772543942261471	-0.5115144922201866	-0.6088583737216944	-0.4865217714101837	4.843734664803124
COFCIL	0.8160526682734606	-0.6227586658767228	0.3035817710312228	0.17554281699563	8.015253107497754
COFDEJ	0.9092560942516368	-0.4999592325037204	0.744984123559	0.1219224929027696	9.5143261166434
COFDIN	0.8788501216383295	0.029837290976541683	0.9043328649704556	-0.050143310108346884	10.409444318646004
COFDOT	0.8369927489070825	0.0808448952271379	0.6749377907844476	-0.14324488016975906	9.436035575254362
COHCIP	0.6042670644252812	0.0679101582812198	-0.13403805666331148	-0.017045238545433362	6.587195941655153
COHDUC	0.6232294237992297	0.11025674361920212	-0.023539968289549185	-0.03625791036196671	6.846014944340248
COHFOY	0.6490709395139502	0.185192961802322	0.08875844953120315	-0.09634664230636075	7.352092869294098
COHZIM	0.493323376833084	-0.23433117144596458	-0.6729567148129965	0.34473460032202285	5.225983060185428
COJNEY	0.38794711770659696	0.24909454079755278	-0.512945989326048	-0.1893265822957198	5.5452599427254
COJPEA	0.35425780916033656	-0.3603761261473563	-0.9693119183993752	0.21093371516828066	4.531440139817946
COJTIH	0.7950133193091711	0.5265145630348658	0.06426596024007053	0.014940714820888708	8.2716956320874
COJXEI	0.2523856692613444	-0.24856660152922058	-0.5663193718990693	-0.19567807116127892	4.581546823997706
COJYOT	0.3809301338007751	-0.3152858595277563	-0.7406470587716645	0.004321736398047454	4.499827557408299
COJYUZ	0.47868890478944426	-0.16447697457490462	-0.45864895154152757	0.13685726795369724	5.446557200352716
COJZAG	0.531751766080351	-0.29008508273641076	-0.45827639064375775	-0.4207877662499213	5.35396215635672
COKXEG	0.36693508100656036	0.33706984205538143	-0.4676237808960489	0.02702086837862113	5.753414315280679
COKXIK	0.6464599526300372	0.3582886284669424	0.1835984735967612	-0.043073390280267326	7.804489790541138
COKXOQ	0.5275736755943354	0.40041325365716235	-0.1832164918291896	-0.11938602811782345	6.6808842595077484
COLCAI	0.7466285701014002	-0.020640312679032966	0.12895750970057684	0.1772636685413208	7.646838112057738
COLCUD	0.8190286229997481	0.8311901042575922	-0.05207834682285148	0.08039517193186552	8.857542295496607
COLGIV	0.39468014526038075	0.9400459562756875	-0.7026898409227502	0.1799682675075352	7.031353377736067
COLTED	0.5800704046455571	-0.0139059391843455	-0.3198660473088266	-0.3260980998452111	5.918514063841009
COLTUT	0.7711136185997303	-0.10659838160322625	0.4783289445809535	-0.26194340874231115	8.482880398699502
COLWIK	0.8370686319243683	-0.4502064812697299	0.6220759099147077	0.07148116040011587	8.901671951719825
COLYIM	0.6188372075483892	0.2389204782425008	-0.06651376120158337	-0.09255077468851594	6.980349747701413
CONWIM	0.8918188915777385	0.8091718166199982	0.4853854250599587	0.02283610163428503	10.30619710292233
COQVEL	0.6344381976839246	0.19831645659637648	-0.38152035737310835	0.06860440931561879	6.397959654762523
COQWEN	0.5438594477906245	0.18812698124145455	-0.21513098857337992	-0.12070429122484364	6.3748662511249385
COQWOW	0.5030322410160295	0.567794232797451	-0.5198544667805227	0.05637203508568943	6.442628150117292
COQWOX	0.465495545595628	0.16208494532269418	-0.18743485031832785	-0.11380035294885045	6.117173568879171
CORCAP	0.9029120611040957	0.8302708145607482	0.29180979954413955	0.06783818674325504	9.918038325855022
CORLOM	0.7841317568788435	0.6442535110483878	0.17642955203292698	0.021714522586404217	8.801492472752342
CORQOQ	0.6354790281169764	0.6057044797087321	-0.23852468280771488	-0.07740073027021414	7.360417563762388
CORQUW	0.5089083149087443	0.6397642341037866	-0.4289778837514054	-0.03086130333416556	6.746945589142959
CORZOZ	0.595905139833711	0.41297624840631775	-0.3848465804645624	0.11066211782344652	6.76393802518673
CORZUF	0.5886492651354427	0.4105324197666443	-0.37523135867291163	0.0854285822339644	6.725225088788473
COVFEA	0.5127143407481762	0.2770508829550453	-0.32386902832371356	0.07307293869645586	6.2338737021258455
COVTEN	0.7657861884615622	-0.3753924213626235	0.10365651144096316	-0.13632732180393253	7.186646927978454
COXROZ	0.718304554958304	0.5423560959746856	1.0245593772494566	-0.14531053498131194	11.22330894490604
COXRUF	0.7051246213187312	1.042639150440611	-0.19069547714726642	-0.037158779910048886	8.77314611776707
COYHUU	0.9436110009199075	0.04231028822062521	0.6473181554598266	-0.24049148225661282	9.708285504057747
COYJUW	0.5877799479079444	0.13909459537158203	-0.17341928196074508	-0.027936420405230446	6.603268256210984
COZFIH	0.6059938128819384	0.06217730313811273	-0.1359684107604126	-0.14142960153556391	6.618107462014749
CTACZN	0.3601869813926557	0.6512251378531078	-0.6650935075661415	0.04585307236975361	6.032591596379487
CUBVIH	0.47564873418473486	-0.014395964387478083	-0.3919288888151153	-0.06808782362152441	5.651310980994193
CUCVII	0.4282752223106172	0.60096395585467	-0.5712177435767729	0.022878510770270165	6.207643834685878
CUDXIJ	0.43475087649466015	-0.3597324173469042	-0.193207748597982	0.21451792384069782	5.709236834513515
CUDXUV	0.4756724626477675	-0.26938195243399476	-0.4471650427184218	0.41469800385454414	5.529211278395819
CUFBUD	0.49217087348356703	0.1715423277693073	-0.20287655726271658	-0.04677467827047523	6.18782298577125
CUJFIZ	0.9095993524773851	-0.14525015430680357	1.0257403830632208	-0.10401261773835052	10.920199953310922
CUKHUO	0.932346682135031	0.8223638774101243	0.44676226078338144	-0.023773924741194337	10.41217460240814
CUMBES	0.8209357208112706	0.6470161033056123	0.19944301638546258	-0.10394849538114546	8.904493545091496
CUNZIX	0.8920697893120462	-0.17327407248648655	0.16945060394946607	0.3436110669925163	7.940698718727662
CUSGEE	0.49963289638760333	-0.4154359068181123	-0.5026359837288443	-0.057681566786727485	5.206452272142545
CUTQIS	0.7656792335299816	-1.0467030589667243	0.4149963960138478	0.10740393460396841	8.124720661292438
CUXWAU	0.40822326985859725	-1.122264861649833	-0.4052770977083015	-0.4106213564224035	5.274161178060833
CUYCUW	0.782109338945725	-1.0178034192667207	0.15813675067281452	0.1327188934417031	7.4534264741826695
CUZJEM	0.6035405988217644	1.197471300588485	-0.15805995385854948	0.31085557817446074	8.98490122265507
CUZQUK	0.9785923237099743	0.7429269290350444	-0.15384540690488474	0.15972242474030285	9.021884888121775
CYPYZN	0.5385106881279151	0.08230172360510489	-0.1483220729567966	-0.07871296018105764	6.427308716140713
DACNIF	0.7909539587676893	-1.1861942517402921	0.006057889843923456	0.07661336040187593	7.021000522941316
DADFOG	0.6947282035917928	-0.35460241670364345	0.2513907845545358	0.008970568992081023	7.248514760646838
DADGUO	0.8465605383810271	-0.6165981380579042	0.4768913660193917	0.26977167246355327	8.634696827600349
DADLON	0.41281455155135216	0.483164168655094	-0.494481003584275	-0.12046238958169402	6.057879199742472
DAFJED	0.7577613823892833	0.8564605483274277	0.1781270599159771	0.007460915758821168	9.329469195740776
DAFJIH	0.6898234147459457	1.0790609364334982	0.2140775636754807	0.16925864748490357	9.667070970341234
DAFJON	0.3013081027115554	0.3852542832447675	-0.50216191606771	0.02443394846042779	5.760193083459601
DAFKOO	0.6893127661310015	1.0794658516341693	0.21488879322867593	0.16772580275787408	9.667906348474535
DAFLIG	0.3811667126306535	-0.5139807169573024	-0.5483858430521995	-0.38657341157535374	4.7500378715480895
DAGBET	0.5442591119144105	0.04488520609216554	-0.16560967834277918	-0.05954138741864017	6.227289774913846
DAGSUC	0.7094766714719007	-1.0324828493773213	-0.08573966223123422	0.14731410154306576	6.559747459256508
DAHHIG	0.9452375636852954	0.3238549349291308	0.4137650879508855	-0.1667523064532849	9.405003266517875
DAHREK	0.5805418535093141	-0.6393932816775776	-0.34532041356971344	-0.3839390298069467	5.483881822081278
DAHYAO	0.6159098065937965	-0.16147769053205924	0.026293217617537765	-0.10846981067890421	6.605227531640209
DAJJUW	0.5348479379091815	-1.2270216926486717	0.2459143464518339	0.2986074076226186	7.866922353800752
DAJKAD	0.8757189976973923	-0.8384952973139266	0.8035910556783841	0.5502482854440179	10.344510755834454
DAJKIL	0.7321170722019534	-0.3333503711644621	0.45888023850186993	-0.09155279493580869	8.173699872187807
DAJKUX	0.5779546153631978	-0.22565157639428027	0.15908709746044788	0.18079010498258366	7.034739958835219
DAJLEI	0.7110589447151403	-0.6415693700331768	0.3541661681066825	0.041789692339817185	7.816421988882961
DAJLIM	0.7065270544300786	-0.6571508897774463	0.35474582863042714	0.03851823727163306	7.823284236690683
DAJLOS	0.7292236477402287	-0.772044868201992	0.3594266755783222	0.12110651912464626	7.939415314955658
DAJLUY	0.7082706842334332	-0.6747210778520689	0.34705428869092875	0.048335678386158515	7.791803708449231
DAJMAF	0.7129735273781783	-0.6545682165000821	0.3492144706434256	0.04670040912667823	7.816575465359465
DAJMEJ	0.7784915374363042	-0.7377695569189684	0.42896995991645004	0.04180658447802448	8.261916806140903
DAKFII	0.7082016739911863	-0.12092040801296387	-0.5795718351965233	-0.038651182452753854	5.821501340060086
DAKFOO	0.7187158158745168	-0.16186131069395163	-0.5653755132061413	0.02861708261447521	5.861728250294779
DALJOQ	0.6478838141874661	0.12764092797412857	0.054332676200583414	0.02884290263157155	7.302682969394592
DAMJIM	0.583532138541746	-0.041997089811330594	-0.14267766864932985	-0.031502092412392685	6.386195739259866
DAMJOS	0.6829693190446653	0.28145607376691945	0.0030910101196730266	0.22733426616023608	7.442371852413389
DAMJUY	0.9320215066640873	0.4204174318504646	0.4780667760992874	0.1603222368842532	9.657164394155586
DAMKAF	0.6398567863488056	0.014205561373179756	-0.08315511952048024	-0.024660112564384336	6.71309983379339
DAMKEJ	0.8897160083536741	0.7589128214674181	0.38504734123931467	0.1728331104104813	9.877581013411667
DAMKIN	0.6040865076174899	-0.08569366800109074	-0.09084681301197806	0.01086288434765973	6.539252180800506
DAMKOT	0.9275500217326256	0.40474288795683416	0.5509541343147317	0.10172016780166566	9.805320669019487
DAMKUZ	0.6021896065739503	-0.011137646188214126	-0.11040792044759148	-0.04386883742908784	6.521580236181475
DAMLAG	0.9226707183764153	0.5602820535764281	0.4766305167493143	0.14889164071761976	9.870614058140987
DAMLEK	0.6780916675032307	0.22392976725160024	-0.00958802093988309	-0.019026019381782954	7.239914449910443
DAMLIO	0.5814900944086387	0.11750822051984444	-0.20452066153197362	0.04221898888693764	6.43436246630969
DAMLOU	0.8926319730763108	0.5253550719971729	0.3969523615434006	0.20681704051204547	9.39233736885228
DAMLUA	0.6574496150344702	0.25807217137985416	-0.1374846826684329	-0.021998607100054964	6.994256323078098
DAPPAM	0.5494209749277497	-0.6196548259383401	0.009273756911348394	-0.17474260510349518	6.248494835156174
DAPQAN	0.7780196021685226	-0.09482959859548813	0.44460582100203294	-0.1623029327649738	8.246451232176597
DAQHUA	0.6834088190616576	-0.22014364005759304	0.08965961647326613	-0.061118172052923116	6.939260004333542
DAQJAI	0.6804367981982704	-0.235485128778587	0.06304545741846992	-0.05540595405484288	6.831945836268082
DAQXOI	0.6589762902343086	0.20690346814059654	-0.23074708794990084	-0.10320523936860825	6.729660781135967
DARQET	0.8814931658869458	-0.147038910452099	0.07625445262197893	0.5218765882701749	7.78781525956989
DARQIX	0.6472266731780323	-0.11901881735922389	-0.39573548530615305	0.12515678848508113	5.9657641605898135
DARQOD	0.6634637658267177	-0.27678140692318703	-0.4147645710884828	0.08009641581445506	5.87316664501086
DARREU	0.8355958559982914	-0.017213211420759118	0.07853989283919714	0.4087931854913932	7.818554411069429
DARYIG	0.5391807876926586	-0.08324339541532577	-0.4414434591966147	0.3815743699159394	5.792009218535794
DASCUX	0.6629606411468822	0.43543361628647814	-0.2596599586889603	0.06559828933033528	7.242236762320761
DASDAE	0.6333323587914235	0.5554625425113839	-0.3745794413522127	0.11295146216480284	7.211199116657989
DASPOC	0.63487688171515	-0.19560493180627592	-0.14383032328692608	-0.13792749006192476	6.2976307877408235
DASQUJ	0.6491524819414902	0.7152809937680487	-0.2005628761133842	-0.011506067505709842	7.73159112420431
DAVCIN	0.5098278517279873	0.27110421528770046	-0.38960645572010005	-0.01690020531248633	6.136238188874774
DAVHOY	0.5386255194096554	1.0166044285815903	-0.268152852410694	0.0631030673411438	8.113006157175647
DAWPIE	0.8614793007345023	0.3978065901381971	0.5131694216667751	-0.16278570279568386	9.512632007085374
DAXGUF	0.7445287744403704	-0.5693866740495657	0.318360684413676	0.11114399774725703	7.7119668199424884
DAXHOA	0.5321471570807832	0.10316231958472818	-0.25518323982234453	-0.016640859392642066	6.230549176705248
DAXKUM	0.5423991293984329	0.3715466635308776	-0.33805153252406855	-0.16421897472834404	6.4805680898800055
DAXXOR	0.8083767223432945	-0.10818984349157816	-0.40041823672704785	0.6516239446739003	6.675982529833843
DAYDAI	0.551159282296033	0.5127071343937923	-0.37809105227581197	0.11035337537886154	6.840958709390137
DAYDEO	0.6228277387209618	-0.5230815115940826	-0.3014197464629438	-0.21704317779034474	5.719161246438715
DAYFIU	0.9241676138357802	0.32775207588933974	0.2952978741596296	0.29346170499828783	9.142540373309608
DAYFOA	0.8172063560602298	-1.0613245519966008	0.758664000174117	0.33166218448901663	10.121377607996656
DAYSAY	0.6865004114753317	-0.30349470707705745	0.254849625756851	-0.08991014538368368	7.412013129978602
DAZFAO	0.49625770039549	0.02712161663110274	-0.27127370462362943	-0.19670207964099054	5.9261332957044415
DAZJUK	0.5508637088351396	0.45343720956441785	-0.3384822333320253	-0.09296354883915343	6.661029540554004
DAZRAY	0.5911233229877704	0.3089759903696495	-0.4346782682043389	-0.12242403272473519	6.365140728578479
DAZRIG	0.5807659320885756	0.3463637191184794	-0.4516410685964967	-0.13450655572314574	6.406026835278652
DEBGAW	0.8706904767286963	-0.15234910701493648	0.6786595311765433	0.03305724714718914	9.454645233629584
DEBXAK	0.3266167425912565	0.5194394195889118	-0.6062180897618872	-0.08677964034254126	5.733004560466183
DEBXEO	0.4148514042176856	0.4371830356610425	-0.5239664131605695	-0.09371446321261898	5.964150868987463
DECKUS	0.8179166067034584	-0.15751359472347637	0.442349264346359	-0.17855648848259534	8.363692941727624
DEDHOK	0.548499435534759	-0.05084266558609765	-0.2542058606996585	0.3938130929211958	6.265708212183318
DEDVEP	0.6452742521247492	-0.1980449110316769	-0.5442193901915506	-0.22871265154510495	5.559724650197711
DEDVIT	0.6455500123527829	-0.20288461201390792	-0.5399644366332257	-0.22702394352334238	5.565208201981143
DEFJOP	0.4228139225155587	0.15750974081850166	-0.4017617296308273	-0.15071927648025943	5.662050228072562
DEFJUV	0.4294976068893872	0.052908847988548516	-0.4336608656304007	-0.0894761763602962	5.522237133039896
DEFVEQ	0.5433025385705239	0.000706416845685634	-0.5284079596456572	-0.040862107727501026	5.529692025280077
DEFVOA	0.5938806949171269	0.2418038905203903	-0.2573636505869109	-0.042386730187241484	6.562339751959799
DEGKAB	0.7890452164509396	1.189994423476543	-0.36908174695153356	-0.008421232721893993	9.413661894359294
DEGPOX	0.665374360218908	0.17353974275262427	0.1823974837347562	-0.055543086104631254	7.662660841882905
DEHKIM	0.9527034992905916	-0.6515992376701871	0.6066886449018672	0.09725631627882261	9.116576693138374
DEHVAP	0.5755293425180223	-0.6152875035525962	-0.46554931315911013	-0.35852354348756665	5.269521016410484
DEKBED	0.8202502145512183	0.6620758016772843	0.11707830570730927	0.19587103593798716	8.941048357295912
DEKGEI	0.913963353744423	0.9113867724919662	0.5352538800683269	-0.31212492679574866	10.937293984343217
DELFIN	0.5874723112484714	-0.6132087213693331	-0.5559384428009817	-0.3660221742187644	5.120157507435726
DELKOY	0.771030510639914	0.14578578709266182	-0.20727518767627268	0.09539524760837527	6.802540695470499
DELNAN	0.6481067431753234	-0.38511627674904503	-0.06319043809815172	0.0739347937924294	6.497603396035295
DELPES	0.6583227060240207	-1.1508564544004933	0.4514448223488342	0.4843210159845277	8.426152633181454
DELTIY	0.602893328272752	-0.42462812934778105	0.24978954511363216	-0.040950260472912635	7.059998323818938
DELWUQ	0.5434633616361886	-1.1612162334961498	0.23635947231506527	0.16421250834977194	7.454727849451537
DEMJIR	0.8234826967460842	-0.15031577772167484	0.11256910649378347	-0.02849599314416579	7.505161479724728
DENHAI	0.5365962389969896	0.5188802309447409	-0.4274413018640116	-0.3660482564101706	6.485471317371657
DENRAS	0.8411739744180062	0.4953401530878367	0.15035761204762563	-0.04561904631372241	8.5531276810415
DENREW	0.8894195127791171	0.5173574679959856	0.2768561542763963	-0.13295895537483687	9.204692926126208
DENRIA	0.9207313525648075	0.46973823825025157	0.38896441077187816	-0.1065754557074948	9.544530372526246
DENRUM	0.8459356135892726	0.6932259420622282	0.1904153892388905	0.02409729386219043	9.13976622328807
DENSAT	0.8823884731380964	0.6572682035771609	0.32561037608632026	-0.10850353032257164	9.57523764928037
DENSIB	0.9024997437080655	0.4730560684193133	0.3892288190526885	-0.2350317231832784	9.480314354940619
DEPHOW	0.8680902035449076	0.32969008400138705	0.5374868593325337	-0.19866388850366992	9.487403209721368
DEPJOB	0.7517405523108005	-0.6690322586014466	0.04823358770061846	0.31894712112077517	6.977855091610245
DEPMIU	0.7831005592449731	0.7059995292869738	0.27696894134005956	-0.005044456649810304	9.123606082441274
DETCEL	0.6018982063977818	-0.04282937891625262	-0.47347430306592025	0.2612550237186293	5.859047032480527
DEVMEX	0.8241876764853675	0.4517395990655131	0.6600359325426965	-0.15812625497745894	9.877355906330756
DEVMIB	0.8076578531729304	0.4689461860540272	0.748092783756066	-0.3055649524432664	10.14526471643912
DEVQUU	0.4785177577172881	0.36806168202186884	-0.4867644386332281	0.06092853145283897	6.081107747201207
DEVTEE	0.671953416669548	0.26444933433497714	0.26977207139400416	-0.17726743216797142	7.893818003747612
DEWWEI	0.6351310788461992	0.10767270246906858	0.15043103295753926	-0.08599582008006892	7.353540822312521
DEXRII	0.8497287612968609	0.5764490198156318	0.13673463987008172	-0.019175953438855173	8.843858723433272
DEXSOR	0.7876560040982348	0.18001620316244507	0.2768243511894153	-0.319734409228697	8.318147652095082
DEXSUX	0.6348157824506258	-0.191917533598898	-0.09184926310925973	0.2676737651469453	6.589926536646528
DEXYEL	0.7124546674267052	-0.33256558724296775	0.168995410885507	-0.01232798082984468	6.836435615071748
DEYDIW	0.49296191162707537	-0.2865005609897282	-0.4264533862843067	-0.0024167776418081884	5.331865637573406
DEYFOE	0.6221326350591978	-0.43620162419351854	-0.1410238708796614	-0.018481528796437337	6.071718250788438
DEYZEM	0.7163955938299553	1.228206139581014	-0.5140803505980107	0.0708371308850711	9.110886131542847
DEZDOE	0.6007669012977086	-0.49682868091330534	-0.08179707668832659	-0.23045552794915686	6.3195049732781605
DEZGOH	0.4997122032829795	-0.043297681178002916	-0.10307259048404566	-0.07865966911295001	6.207201663697279
DEZNOM	0.8183929188996419	-0.27989850484952605	0.796953707845999	-0.06436193063253458	9.744485404686582
DEZSIO	0.8783274642437497	0.5894427303787317	0.5660021542967661	0.07557220738258154	9.971640428480814
DEZWUC	0.5518649824577881	0.31592356508706804	-0.28000501969962605	-0.08297013838450955	6.490119099758001
DIBJUU	0.7516670916786596	1.1341847493584194	-0.3511136119789792	-0.14406573077440163	9.101724421623533
DICMOT	0.5501937986979177	0.9266740908535218	-0.4481517061357901	0.0064681743983246755	7.567188496410552
DICMUZ	0.7473187989566599	0.5756066165990339	0.010011819308359177	-0.18947232287139562	8.142899701484257
DICWAP	0.9462623556753842	-0.003500901545897106	0.6057300781824029	-0.10493720201879743	9.532486741557804
DIFBIE	0.5757204894645929	0.7815612425436502	-0.2809772746679246	-0.09567042258914238	7.427294759181906
DIFBOK	0.5765037226575345	0.6852333058092228	-0.2185556199838013	0.0516080630376106	7.410486818875015
DIFCED	0.502977587339628	0.03372679755453577	-0.3012840306009436	-0.0018043454826882329	5.943778605985047
DIGPIW	0.5694047603667034	-0.05022740149156662	-0.3263810759566462	0.05934923612806137	5.982315760402425
DIGRUH	0.5123084114404168	-0.9243871573551798	-0.3734892781433823	-0.2894465998732372	5.4313467427727256
DIGZIG	0.5722849610864316	0.33574946385899823	-0.15695981203256476	-0.147013550424532	6.823931551135779
DIGZOM	0.5645096522510054	-0.22195519113835097	-0.1873428957584306	-0.05935257996916702	6.056747288098827
DIHNEO	0.8105693103204503	0.20513972027766333	0.1027517960773825	0.1748288375824326	8.010537796170802
DIHQOC	0.6118110609833813	-0.5546952538118066	0.2619162321978522	0.008368650275676685	7.467299272027242
DIHVOI	0.7047295536371667	-1.0131996082957504	-0.09540933967919785	0.17099482720509604	6.511069351783868
DIJRIB	0.41269583682838284	-0.7091770114602045	-0.5809181470481697	-0.10118965626085083	4.812424372371697
DIJRUN	0.45673180489668663	-0.6440313103819817	-0.5728547886092792	0.16342452308082647	5.084887427936479
DIJSAU	0.41579200230270885	-0.6232123089838515	-0.5676978101362664	0.03436449105398086	4.9535447012844624
DIJVIF	0.694367919238621	-0.4608663507079719	-0.25064094754094773	0.1111596825821806	6.15553094397456
DIJWAV	0.5989013942689612	0.7065360732203585	-0.44657857105640314	0.10853869726805558	7.211842430622902
DIKVOI	0.30571248234624004	0.6235989065359946	-0.7028657508868326	0.09585504535957699	5.800325896727733
DIKXUR	0.37596074684479763	-0.8200715951330504	-0.7250078714258514	-0.6527352820432792	4.5815280543392145
DILBIK	0.8506134160694039	0.6628107145259636	0.01002981023829115	0.2179924869915367	8.687521211690363
DILGOU	0.6204097556056611	0.011203703829514248	-0.17131693894119981	0.027905608693914806	6.426716136556186
DILGUA	0.6197750944391514	0.009511896674335194	-0.1740067551323602	0.02551822896025594	6.413621038674852
DILTIE	0.77472792433373	-0.6835752029627689	0.5746566863214475	-0.06395600851188246	8.445700093038692
DILTOL	0.9168495959016347	0.8794650382867641	0.37353685129636044	0.03130740893505849	10.327592861309352
DIQTAC	0.8431200635954426	0.16014502533990047	0.03837568740871537	0.09538944192057877	7.879452645452439
DISWOU	0.8516557847983375	-0.09340464266888	0.014679867391846416	-0.32785295214771526	7.434729305450107
DISWUA	0.5678828575988621	-0.4837843027155068	-0.5447605965591873	-0.40172393058073397	5.131260972299474
DISXEJ	0.8415646749625463	0.9620783126291681	-0.09513031030418762	-0.11809064566566069	9.149232696748127
DISZAK	0.5061242676322326	0.13723027390480713	-0.13909444517614344	-0.13381048047323751	6.294851163084056
DITVOU	0.7936054439942604	0.8228102055612458	0.0011085395670983045	-0.03983101476330073	8.906668299559039
DITVUA	0.8344397454795027	0.7129709946740299	0.17472385973784063	-0.08608791713347398	9.19597419705552
DITWAH	0.823057591099845	0.7886347188271647	0.06040781641030581	-0.04132726582653302	9.048996863076278
DITWEL	0.8087657866122715	0.16418771095425705	-0.022515956092825834	0.029036000563760024	7.303334208665824
DITWIP	0.8119520763459755	0.8191519330995918	0.05685988445421923	-0.06293114941645976	9.08383052126702
DITWOV	0.8527197609411532	0.7173601394912943	-0.29198480558169454	0.19477105172903636	8.113522713012602
DITWUB	0.7908641296642172	0.8073082674656769	-0.03820880623165787	0.009259870076325765	8.830884192193833
DIVKAW	0.6317188362904673	-0.5080827267066645	-0.0837622967330666	0.11088165784267426	6.487624220626687
DIVKEA	0.8822220781702903	0.11957558693925921	0.24866276020175007	0.2726387454185182	8.454536028652617
DIVLUQ	0.250505870875644	0.3060275476998577	-0.5811614530302596	-0.06455805697255393	5.1704731207569585
DIWJAW	0.7670288367933438	-0.7562315464945295	0.42365450610889466	-0.019047754643368005	8.038136744046803
DIWLAW	0.5077922659975806	0.47351036762116083	-0.35494658140873575	-0.09427389540513659	6.380254901291174
DIYDUK	0.6457610124136473	0.1489170978858805	-0.3099357564974951	-0.18546623037188237	6.435177290753638
DIYVEQ	0.5762300816902242	0.1394519282249764	-0.1719245302686041	0.006917776915155861	6.4059051692002535
DIYVIU	0.7598779020843542	0.11817076184437333	0.4935437826414591	-0.1366614535014914	8.63126275262138
DIYXAK	0.5386743635682274	0.6016198583182666	-0.1427747466223122	-0.18064291758812595	7.220997552871531
DIYXUE	0.8215995801781233	0.1682094174495863	0.37990337348386854	-0.10751113137011523	8.541263918646797
DIYYAL	1.0360701742296037	1.0421056769845347	-0.003614106417982099	-0.09949004250153667	10.288481844770557
DIZQUB	0.6279136106865177	-0.3746210350149213	-0.12278705925695474	0.5042082915000206	6.4906218228173085
DOBBIG	0.3719706831926546	0.8526672173090495	-0.6492820456712962	0.08554443701329165	6.58920441860918
DOCXUR	0.579897881121723	-0.1387905021332198	-0.17099096134187347	0.12855325596424286	6.296851605330499
DOCYOK	0.8164140298450553	-0.9353513315306061	0.5405139039347966	0.2552846718968834	9.056283722164046
DODCAC	0.8221844782989951	-0.46173074783739415	0.05974373051366822	0.27077502579875523	7.238595964227752
DODSAR	0.5594160297836481	0.016105302042118685	-0.20172917795474837	0.1942668389976715	6.427493334551376
DODSIZ	0.5492283787200494	-0.06379036199617011	-0.4316422498437767	-0.252445599523316	5.53320875355463
DOGQEX	0.7001431338489654	-1.0750292652950948	-0.16353564977899188	0.1292312729177009	6.322794758173918
DOHPUP	0.7907833781393743	-0.6913687514082856	0.21621142639722207	0.1649115793433764	7.676670016278889
DOJDUF	0.9531343708177564	0.5599092805554442	0.42608367422372334	0.33013832825218536	9.890251391657248
DOJZOT	0.8263144168247072	0.738622510832194	-0.1450845833246413	-0.13765243257694787	8.450947306632283
DOMLEX	0.6280575844413931	0.2875867936658485	-0.08549410251562709	-0.030684521771833652	7.0189296701477435
DOMMOH	0.5223843549156388	0.3475254810541996	-0.2899349264647034	-0.009830033233714293	6.41997971282415
DONWAE	0.45953280290391163	-0.027842893377289908	0.03905529190518374	0.1460328787407425	6.642999980537377
DOPVOU	0.445562476904521	0.14649580762567824	-0.48610604403990304	0.17765405649637128	5.7368301282301895
DOPWAH	0.48465002560661397	0.019335200215034418	-0.4621707288666142	0.23502655624329094	5.671486522067391
DOPWEL	0.41444128299522554	0.07275612400301919	-0.4765223710920598	0.3349618226090286	5.5059645183413135
DOPWIP	0.46215243410114404	0.059251700813888586	-0.40241515705481307	0.2839871961000362	5.816073278469014
DOPXAJ	0.5569641679801718	-0.7145069125380432	0.004311677931136737	-0.09351467713688034	6.280326080888122
DOQGAT	0.8522857055588835	-0.742863766207575	0.6812478207291017	0.1817211573893414	9.670136146491899
DOQGIB	0.8226212784364373	-1.1340878767557645	0.5502896221166863	0.22708253192896116	9.267645342105503
DOQGOH	0.8298652233549131	-0.8595147759438324	0.6106273245675797	0.17268434647469932	9.340427546783236
DOQGUN	0.8306024949231583	-0.9014287211875893	0.5753717334217964	0.11500375659840555	9.126339833737912
DOQHAU	0.8519418691859526	-0.7419336080430432	0.6553187317412272	0.18932477784267793	9.573546773930856
DOQQOS	0.7891523994031147	-0.5402005551455926	0.4201555218215626	0.13162522741352678	8.230736533304066
DOQQUY	0.8001803893591468	-0.8262422818849822	0.2542416712357509	0.19030582964777804	7.605033286739577
DORGUM	0.8019854903005115	0.7691439495876373	0.15724119339619036	-0.2501987750919198	9.007323903943428
DORHUP	0.8130387239488996	0.8673502348437969	0.05271761504179805	0.5114103095139593	9.37696325537004
DORQUW	0.9081160053407169	-0.3584681194973886	-0.5090724229456527	0.4097791094881751	6.707936889347144
DOSDIA	0.49097248735273613	-0.2643965849203001	-0.5331510254066474	0.41992395136985805	5.421193318818936
DOSQUA	0.9389050898285545	0.5522651223669837	0.6369659550687858	-0.1885744819287897	10.478514335686997
DOTQAH	0.9450004017220222	0.5391760122681408	0.46722984172788085	0.05630956083415979	9.926905177832252
DOVDID	0.8692723470526644	0.5930627295341608	0.3010099622167233	-0.14123493640711912	9.256871145175733
DOWHAY	0.38438435418042616	1.2398719621938075	-0.3099435618677145	-0.006057257161625583	8.143481918369757
DPIMZN	0.9855573643795559	-0.5460525660012325	-0.1285416026603017	-0.2765681883018679	7.161237809898297
DUBMAR	0.7719899964290358	0.22981132342860902	-0.03295456391908777	0.033664320114383105	7.342510595486161
DUBMEV	0.7577567592435752	0.41332938232311617	-0.13992670643982363	0.16364649644248644	7.460805092052735
DUBMIZ	0.7894836779704555	0.27793750810514384	0.004952350175759956	0.10298951543892723	7.570492247954132
DUBMOF	0.7560772042079114	0.4188746658998582	-0.15068997762398634	0.16923881180802772	7.455369499250619
DUBMUL	0.7565346767437733	0.41751858092441696	-0.14916907043192823	0.16798088189203023	7.4559079633103424
DUBPAT	0.5650687547724935	0.2319358107674558	-0.21621035369356645	-0.031386643801168984	6.549873316446411
DUCBOT	0.594903620427532	0.06932262053847488	-0.11139195806620367	-0.09452216205206489	6.547663679313041
DUCBUZ	0.5561078551869674	-0.024631920153736792	-0.10337673593322391	-0.10218092737488119	6.377417612808612
DUCCIO	0.776846381080281	-1.0296463714803514	0.43593229020206087	0.11188944470069644	8.266885058154783
DUCNOF	0.9009957351294631	0.17222717138772936	0.16241719227895385	0.15056034695763884	8.298650193284155
DUCPAT	0.8374813276058237	1.1106634253182568	0.3303521153716116	0.19187324731047686	10.620095453280262
DUCPIB	0.9168830038580937	0.773053057294141	0.44405429658949197	0.25621198505904097	10.23414208533687
DUCPUN	0.6817595935131351	-0.6275708817156664	-0.09129454810867507	0.027641437336701727	6.331874705450779
DUCRAW	0.3488555269164282	0.9916494038394179	-0.6074255914923927	0.060991376140888315	6.8603338505846105
DUCRID	0.5992623227680731	0.5488750899351662	-0.4089725271881495	0.4166658537484661	7.12440387846352
DUDLAR	0.43718974574684744	0.21407725387687998	-0.3179972316408439	-0.11787712750161901	5.90730272720581
DUDXEI	0.8466956748150656	0.1719753522496212	0.11429369129484805	0.31728062387837874	7.853520348443303
DUFNEZ	0.8113236880212336	-0.08755580148998773	0.4530832877207333	-0.2029329406366387	8.38986188837846
DUHHEU	0.7465201575608917	-0.33070593559934136	0.37278628453282076	-0.0489754992423363	8.018594697508
DUHHOF	0.8227077345604332	0.38465450384918626	0.25042721314663563	0.06856247524943544	8.571408439914132
DUHJOG	0.6070449451515811	-0.2559541727743485	-0.22000617981024384	-0.045319040734473716	6.063811369086308
DUHJUM	0.48625503763396427	-1.0652211076397085	-0.3893000156935213	0.020091983707201295	5.52005174415437
DUJTEK	0.8011422906827868	0.5482481564496744	-0.11271303300900995	-0.0745015367851472	7.924780087242009
DUJTUA	0.8060171848362669	0.6851946467402896	0.10082402964924234	0.05476081987195215	8.660749665412316
DUJVAI	0.8153891003910863	0.7344470965838152	0.14816477235483	0.041046691694456836	8.926001464669937
DUJVEM	0.80117774327534	0.5561287130470596	-0.10704487136644356	-0.07305353512042581	7.953461087385884
DUJVIQ	0.8022463043479631	0.5539596517935921	-0.09948106876605678	-0.0757413219965142	7.966286068330996
DUJVOW	0.6062869719513113	0.3523324866498299	-0.15051321208082002	0.03693395583764406	6.861518226313756
DUJWIR	0.8001132727218128	0.5478971134137633	-0.11701743477643667	-0.0816482573022481	7.908586944266863
DUJWOX	0.8070890527250425	0.68554340264671	0.10233103793978397	0.056453566276291764	8.672519062422081
DUJWUD	0.791998831202954	0.8546648089750792	0.1028582629264108	-0.011026183644366016	9.172831952916578
DUJXAK	0.7998372136415393	0.5484748739116887	-0.10758052528422454	-0.07614570265872675	7.9287374774605315
DUJYIT	0.8965958163262391	0.775884995572949	0.1575770047131447	0.3088878413862496	9.413557764528738
DULPUW	0.6873325663418584	-0.15147487749080132	-0.15661946281137745	0.05281819027495612	6.3631097872213855
DULRIM	0.8702418322000547	-0.9906503542472276	0.4369631553091936	0.3993277852359385	8.988001416304082
DUMLIH	0.7940636612588792	0.10226696805550331	0.42243202538434277	-0.2125185855494997	8.45128686229748
DUPXES	0.5088337629017108	0.07383758647725087	-0.41330169947428647	0.10645578329446526	5.83761077261877
DUQTIT	0.5677521800261767	0.03246246497719517	-0.15536940608702127	-0.07740834907489978	6.451888046834402
DURFUS	0.8354338811798749	0.9011495810799106	0.42373629338581287	0.14102354275681128	10.217305401737717
DURLOS	0.9190584695133079	0.34738698362959003	0.2287688546010702	0.3892477878742213	8.951111669126522
DUSTAO	0.5938100011950649	0.1396443239881373	0.2197164709557576	-0.25820374304367627	7.462633451633739
DUSTES	0.6044793849537307	0.542236667388059	-0.008456105388627844	-0.13544373654927205	7.648820458858594
DUSTIW	0.6035700644406017	0.5432443690002811	-0.012717819542204634	-0.13616823241609835	7.643476349262623
DUSTOC	0.610639089727961	0.5481181241773327	0.027291624603596687	-0.1388185912892963	7.747286015933434
DUSTUI	0.614801840789255	0.5549903681476029	0.0245946600130532	-0.13609280337129118	7.767664981874526
DUSVAQ	0.6295240557158026	0.5332760575083528	0.0049075490912547926	-0.06072997596590652	7.744590524716456
DUSWAR	0.5889674769919084	0.12226261763847934	0.20274693101764998	-0.2612679518047486	7.386981439213279
DUVHIN	0.716310675859078	-0.2421626745755942	0.3139699604783336	0.010755732311282296	7.6634801075863574
DUVHOT	0.5832791857705493	-0.5405979125017906	0.07329687783625469	-0.11137028973559858	6.627043118688402
DUVKOU	0.7112385827949632	0.04284588302992328	0.28268825818664145	-0.09241984639674922	7.922502076358936
DUVMUD	0.7413836774089555	-0.9739787996473224	-0.04582225586222252	0.06369971813411678	6.823161192684335
DUVSIY	0.7154561321162003	-1.0041762813113706	-0.08579792007928214	0.19484174345439867	6.548342949839829
DUWHEK	0.8524341492572907	0.21524043037919233	0.5099897725456372	-0.01781401498586598	9.4395656601536
DUWJUC	0.6695690694587766	0.6520422729347062	-0.19565629827388314	0.07128816272238866	7.743300031123082
DUXKEO	0.9193241743147533	-0.6026478775228346	0.6829026417623874	0.2541795320363913	9.427435187308065
DUXREU	0.6229691160653479	-0.0034897399167149405	0.18785538731597334	-0.0384967787675053	7.312305335312987
DUXRIY	0.6607007838895917	0.16311294726018813	0.26683089586845954	-0.0933070427712378	7.917062106867883
DUXROE	0.6690222395360008	0.2137026998552588	0.2324470137117593	-0.05805127555783252	7.875909997996964
DUZHIQ	0.5757025894603531	0.10178576965971058	0.15563437494529608	0.21552697986345593	7.3632961238202705
DUZVAY	0.9121987907511482	0.7580584544029154	0.5088611858830079	0.046724178882835185	10.318367937017763
DUZVEC	0.7929167853294041	0.12928340981944245	-0.05283363165154484	0.440827359715394	7.450315323233674
DUZZAA	0.9658498952315568	0.17463763020142503	0.6140435034778982	-0.2246043067145009	9.946014731861768
EACWAG	0.7537822406804455	-1.1565058593027426	0.10154506635437634	0.13005536958724873	7.298312969064217
EBAVOU	0.4917893132102771	0.0826968496021517	-0.2311225528534413	-0.1449503058361693	5.957214068809483
EBAVUA	0.43178565335995867	0.4053930123538619	-0.4929425424132688	0.12354547596685764	6.224486539160609
EBAXIR	0.5518686360512604	0.12592613578238893	-0.14916054827308334	-0.06549709322838285	6.4405320349369335
EBAXUD	0.9230996382071632	-0.6211950561660273	0.5752016420620347	0.09807480808914766	8.810282936497492
EBAYAL	0.8388916370912529	-0.6188944389307354	0.606078402088456	0.046285418103797875	8.889913196961242
EBAYEO	0.876124583140073	0.625719887713803	0.3315093074639115	0.22958063058565745	9.431205127761103
EBEGEA	0.5892858669568222	0.7648164138223417	-0.3202291920614282	0.03782068393615024	7.425347096191484
EBEPOQ	0.8064140004161384	0.03277147553823259	0.03834461475443307	0.47705326418898575	7.573605847264906
EBEZAQ	0.7870281655682554	-0.6584184162289686	0.16060283714967716	0.04433954285310099	7.539660904324937
EBEZEU	0.8148594024619822	-0.6722550886481744	0.27225859197427527	0.14666810885167667	8.003634225028836
EBEZIY	0.8870611517272007	-0.5554184316124575	0.6378394768572542	0.07117088099803878	9.410418422291276
EBEZOE	0.8014704802314592	-0.7197762792027	0.23730687913903525	0.1391434439176905	7.855685204821868
EBEZUK	0.7415164285249078	-1.0788819314603963	0.08331061898527659	0.04936858218377307	7.376088351412128
EBISOZ	0.9017855759316475	0.42229297633345	0.33157838216819524	0.17875989334643094	9.310889739048356
EBOLOY	0.9327930100487256	0.9399606586421232	0.45481458783507295	-0.026889713853538125	10.76875768303834
EBOMAM	0.6816861662982321	0.5188219019959195	-0.08797897822198586	0.0005539468972274447	7.665833048857219
EBOMIU	0.6787299031136644	0.5119993094321389	-0.10757704027132559	0.04798500665858077	7.59142554026395
EBONOB	0.5016884422142063	0.398128074456473	-0.59722824990182	0.06994666562893412	5.999226533128075
EBOPUJ	0.5222417941450397	0.3658042917198444	-0.5875507247444556	0.06449822978833664	5.995362056383813
EBUGOB	0.7046756051603849	0.44681274521954517	0.6330098309782852	-0.3297168702325438	9.413633214429858
EBUGUH	0.8166548314694024	1.7983395048693476	0.4718713797276293	-0.26842367248275634	13.494253998233981
EBUHAN	0.7175540040678623	-1.083958019193016	-0.11853646226690459	0.24707121698252285	6.593072120845795
EBUHAO	0.5614338643704588	-0.11375826278488302	0.12718460506573293	-0.3623017361395504	6.757779903159332
ECAQIL	0.8279511331364962	0.5454129978545967	0.1275319952232925	-0.04377649383211772	8.551835500048227
ECEGAW	0.544371853981362	0.4729528189265642	0.4931470072251304	-0.4094290567816581	8.662323796484381
ECIBOH	0.6828331842590032	0.4992198525925911	0.20630751207003734	-0.221941309412255	8.144457139387882
ECIBUN	0.6158685015885244	0.4320449668366202	-0.014291366084277751	-0.050089843932342865	7.298823107405182
ECIJEF	0.7447748122887861	0.24936071870336712	0.3135444801662811	-0.044437154980910124	8.271042881589814
ECONAO	0.5207271102762494	0.29378482952981194	0.021654132164608042	-0.052975313549539514	6.934412820421078
ECOWOL	0.5609621769514996	0.4734064423340908	-0.36168831739801144	0.0798808453881497	6.7949546587583125
ECOZAA	0.6817059195338162	-0.17295206895641024	-0.2633558444735901	-0.06164615239737846	6.144549272525466
ECOZAX	0.5669320675615257	0.41477574408330803	0.016084096353300603	0.08184162301123533	7.563014176279426
ECOZEB	0.5588129947992595	0.686278442745121	-0.36944888167205436	0.3317716677463828	7.285069833700856
ECOZUU	0.7982882379956191	0.9602864159251914	0.14133033861062785	0.356189466766326	9.555890107627437
ECUBAI	0.7817576849553447	0.9882703213150266	0.1338124044023515	0.3514556647754723	9.551960097599887
ECUBIQ	0.7891498554174792	0.9793423675476145	0.12072779191727179	0.3841597468625896	9.535559684370469
ECUGER	0.4709749455845049	0.5025417979076492	-0.35146199077809626	0.026544808457728525	6.474275354995451
ECULAQ	0.8187130054644829	-0.34967368906847973	0.571582485027706	0.04311456778829788	8.683211263596062
ECUQAV	0.7208445793081761	-0.6157696166847175	0.26133884052200723	0.08010884485199848	7.282232076622845
ECURIF	0.8094691055495362	-0.5490023260633929	0.2734205790797203	0.06208920520139764	7.608200269764118
ECUTUV	0.8097111853608858	-0.6635319890471316	0.3491837130849367	-0.14524508977504133	7.663406682060197
EDAPEE	0.9724486591772346	1.0716146967055968	-0.09145671447177134	0.10918448343900394	9.95995316028338
EDAPII	0.9808144874929727	0.9597813081819146	-0.07425282182873486	0.13562366446055488	9.822842628019895
EDATIQ	0.9248844835291203	-0.5286840564147728	0.6600943222712885	-0.015384815042236651	9.506164944370866
EDAWOX	0.4654974576752675	-0.4556185225107632	0.2102460046924221	0.13832087988756847	6.822087667612686
EDAXAK	0.5968690829449574	-0.43027476116552604	0.12280363022072135	0.24509165316372158	6.985654899700702
EDAXEO	0.4984269124510412	-0.9618045534594692	-0.03803621708796556	0.08252027841915181	6.237673491182113
EDAXIS	0.49006780857278986	-0.5835610476428685	0.16333884634324755	0.08000700906895905	6.742575771115881
EDAXOY	0.7137360277791123	-0.38890591077346687	-0.009407863169103942	-0.13332680135098737	6.846316842401861
EDAYAL	0.7351910464802804	-0.26075152275030034	-0.04109651520945751	-0.11407643560959027	6.9144369554299665
EDAYEP	0.7079740049692518	-0.41414346629384857	-0.007460058703895864	-0.12437638518649766	6.835404952749521
EDAYIT	0.7079368478528476	-0.4066310589221558	-0.02162049152249712	-0.13730297765128632	6.775668635619675
EDITUK	0.8026723637392843	0.14885401435045797	0.41147232874644035	-0.138232795965602	8.458143697518407
EDOHAJ	0.8176076905348699	-0.9444846532404811	0.19932282829645023	0.2268731492193246	7.645316776373751
EDOHIR	0.8552911968391435	-0.4835891846296891	0.30633555982665367	0.08030573158865863	7.9027391925225
EDOLER	0.8949645229912697	0.5873409124007312	0.5009227013182471	0.013407190651282139	9.9896582550476
EDUGER	0.5884637643449979	-0.3333792734285836	-0.3411369285917168	-0.17190199355807462	5.62191835050951
EDUPEZ	0.43119336531184427	0.6340816727590604	-0.42482085302974	0.16281400973603583	6.512645700757368
EFEDOL	0.2724950473879053	0.38816543041230683	-0.606771292817444	-0.08813582438266472	5.379403761597879
EFEWUI	0.5399986196652256	0.2703938344681962	-0.3995151814639973	0.1013485805795975	6.1421002163167
EFODOW	0.5421742576682194	0.08754757313485359	-0.3233232900233166	0.2222642037540229	6.156051261418656
EFODUC	0.48304872109295527	-0.04071464018325293	-0.39815251351251474	0.3038997511926178	5.9842977350257724
EFOFEO	0.4754507217729582	-0.016516649850798336	-0.38872462376491407	0.2782859349689546	6.006427357974082
EFOKIW	0.8838866605372244	0.9080400261572363	0.2491363372631872	-0.14579142798624706	9.936025563756889
EFOSIC	0.650076404682931	0.12424254079341712	-0.017542643179971812	-0.0058712576317623225	6.928969328242199
EFOXAB	0.6817803779551355	-1.0479605051351586	0.01898627304203425	-0.013747481672741382	6.945206742389939
EFOXEF	0.6838906600120094	-1.0615145184516228	0.03368342556930902	-0.023950667602627918	7.029810607825764
EFOXII	0.7412128024959923	-0.2088266207499908	0.6717585058274782	-0.05337314561349072	8.98938862909358
EFOXOO	0.5528209283374563	-0.5942518263648646	-0.12546064438916021	-0.11206354594005914	5.935086438969321
EGAPOR	0.5299212386599459	0.31957811384603874	-0.3893074896168203	-0.1106792517139763	6.134238275406097
EGAPUX	0.6721774940059726	-0.5344220934950212	-0.32714943642019567	-0.30824891252486597	5.797553080054158
EGEDUS	0.5751350409350762	-0.23520980090287794	-0.5946157910295993	-0.0605414803484854	5.35426062779812
EGEFAA	0.5768362516859771	-0.22120831270923183	-0.6022605988283485	-0.04705681764790055	5.357642864337932
EGEHII	0.6840511896689261	-0.1661629720501493	0.16563294200881495	-0.03818853840475612	7.220777779604733
EGEPEN	0.84282649810027	-0.27005199136993524	0.6556045323023605	-0.11360623249937558	9.333127390870802
EGIHOR	0.7730991172365762	-0.191024244107072	0.21887486677432688	0.05491687843377187	7.549680983721855
EGILIR	0.7907876827295928	0.6288055739729566	0.19846585842811915	0.18054584264586498	8.994449034292199
EGIXOH	0.7061857556909796	-0.19733398281650508	-0.010173353210961397	-0.23986284446849385	6.8582642814609684
EGORAT	0.5599479196930872	0.2577423855865929	-0.3589373945507893	0.057998172107723386	6.254159957802018
EGOYEE	0.4485429521951314	-0.5311575437342466	-0.42007520462268105	-0.11921713537651901	5.14246428209135
EGUDAN	0.5237165460350592	0.024071217132124297	-0.25692846647093004	-0.18688650459824008	6.021917110182653
EHEDAZ	0.4871046224212803	0.9900580059485533	-0.1690961929824789	-0.12574061390532426	7.817891609775535
EHEGIJ	0.5660917953130911	-0.24500874101626194	-0.37090696547296736	0.4669450631351849	6.14281054967403
EHEWIY	0.9790310500240249	0.5210460515558979	0.24510526572458863	-0.22486645268763175	9.280908035707167
EHEWUL	0.5978786316712554	0.22026679831753596	-0.14509964608970793	-0.028201770263430393	6.779878751499711
EHIBIG	0.8676880240209259	0.9838784342325508	0.2638118059657412	-0.12959632953291628	10.028099200533926
EHICED	0.9104802070465565	0.0074097593822153585	0.4097299228269839	-0.20349022190942573	8.62524733914104
EHICIH	0.906826316009731	-0.6285635543617616	0.7157331461814425	0.07592428930233186	9.508614667980154
EHICON	0.8388749920624026	-0.12515310022348144	0.6526764072030138	-0.22032284139911348	9.310091954922882
EHICUT	0.8505856926217339	-0.19868200625531024	0.6213662973108016	-0.0723807853310435	9.15115456477176
EHIDAA	0.8291558157282628	-0.11103828221633595	0.6769021010800598	-0.2701938492584849	9.446232270204042
EHINOY	0.908498836305724	0.718004057630645	0.39074755086167645	0.14752947449433465	9.970804848371115
EHIXID	0.8437696116930127	-0.29595069283382497	0.4971305162113103	-0.12781278200457974	8.521497682928306
EHIZAY	0.8455341654712853	-0.892277789004503	0.20604249015187565	0.18356872372188118	7.673846626306503
EHOLUJ	0.6916443058436998	-0.24154093483752528	0.18712779807165505	-0.07746848691124826	7.1547976463804925
EHOMEW	0.941202564258977	0.2970950692289775	0.38652708023746224	0.15088251429795327	9.157204256920489
EHONIB	0.5212664467615733	0.10320902858186928	-0.156812611930501	-0.12128030094835644	6.36197742717448
EHONUN	0.6266567767793507	0.22340061321598323	-0.14590335072606397	-0.07948970153808478	6.794035855856819
EHOYAC	0.873368797973149	0.7776394625434784	0.48211561813866455	0.09453995484792792	10.169127639159639
EHOYIK	0.827055302652334	0.8640218866325573	0.32830404650142797	0.11961314116453153	9.80814086324943
EHUDES	0.5508847012047866	-0.0988894149421628	-0.03942194171125854	0.3076226294462362	6.517934158449524
EJAYOE	0.7897995736598178	-0.5460822388672508	0.4500389658788742	-0.017054235756198185	8.258276634362254
EJEBIF	0.8363051405239981	-0.6118983762853678	0.834129337252465	0.1401380968062977	10.074277370565714
EJIPAP	0.5818460325417831	-0.18862168329277557	-0.07013025597632441	-0.14576106447987777	6.3743151975189845
EJOTIG	0.8950487032000849	-0.7880892568222124	0.6290538309539095	0.13847138121450975	9.048820290492507
EJUDOF	0.5881138945584015	-0.5033882368220476	-0.6618388803972928	-0.25526384580484834	5.0775041876731475
EJUJEY	0.9239353931804422	-0.7818655255213296	0.5301176744506217	0.41261358927249003	8.847855083645365
EKEHAG	0.8230588745439018	-0.2761761760695858	0.6501312549693794	-0.08833472172187093	8.943819829816455
EKERUI	0.6100827254917478	0.1683878875274348	-0.2905349446862455	0.005648952549834383	6.545121587191553
EKESAP	0.6097201942985357	0.1661009594645401	-0.2892957317526588	0.002427106541790911	6.539385691472936
EKIGEM	0.7617316617739274	0.328339817421162	0.4312717870838466	-0.1609739120746346	8.96208110445675
EKIWEB	0.7776016015646485	-0.4138820606250404	0.08871075973861653	0.08692208199194561	7.0758315520827795
EKOBUC	0.800370395020674	0.6101936947202762	0.6299984751563859	0.09982655653191305	10.11051523841663
EKOCAJ	0.8013549526130834	0.6145925561277943	0.5601410934977522	0.006908289931365498	9.90035274945285
ELAXIZ	0.6160948500268173	0.12988781563324775	-0.3612096490844447	-0.17924884971177896	6.179885091643501
ELEBEF	0.5906432679797193	0.4834383460326667	-0.1521982701944784	-0.14907665922669636	7.145805502308515
ELEGAF	0.8180647027687602	0.07502250174001564	0.048386857693984875	0.0032873283854027244	7.553322796939133
ELESAS	0.947341947566362	0.9075599426845706	-0.14995767533727267	0.1652131872061842	9.368950350878043
ELESEW	0.9159145534905155	0.10988786636872286	0.8609535761507934	-0.11853820349523549	10.519710513823076
ELESIY	0.5568925722884801	-0.6124651793640663	-0.0035150396793316996	-0.05855012456608732	6.284336267184437
ELISUO	0.5901265211229711	-0.03480986170127219	-0.24867890167559747	-0.15426127011488847	6.09457382709692
ELUNUV	0.4705445598408833	-0.45808135966188784	0.060977231124692166	-0.9915184444429105	6.7304006981763225
EMAFON	0.6138173619430667	0.017171266935179404	0.040348563438328267	-0.10736698574901751	6.872071418009689
EMAFUV	0.7446727645052906	0.9029888464754026	-0.13852948740359566	0.0034091859978639966	8.45477746135363
EMIFOV	0.7188789047275534	0.7179659186298468	0.25458235231639104	-0.08029740131645077	8.916667383976954
EMOYOX	0.5647494390906243	-0.635176295935328	-0.5647149407786289	-0.32339085618273056	5.052451013516422
EMUBOG	0.4425402953762383	0.08785282397642385	-1.233318874220484	0.7026296917580053	5.821495828829393
EMUKEC	0.42396411320218164	-1.1068798189211775	-0.37646863758071863	-0.394639538375849	5.347916299185791
ENEXUT	0.9453729306870251	0.35593501347729234	0.5062093264062189	-0.27209956783837363	9.759326571578043
ENEYAA	0.8832324646280858	-0.029404112888510116	0.4856065501229281	-0.3454144171247979	9.063864845717324
ENEYEE	0.8463183934887546	0.3356958224393188	-0.14874286019984773	-0.3293946589754897	7.614027236150813
EPAWOI	0.462021629772547	-0.003687932310270505	-0.4560381669460127	0.0292275998822102	5.531715364282541
EPEHOZ	0.8434078751703344	0.7917359700394395	0.02387541460451964	0.04780312504667714	9.000211421796278
EPELAP	0.6439539669334753	0.005633366086490121	0.2080214603680871	-0.029895054914058618	7.440154401911542
EPITEF	0.6396499470280919	-0.8114030526318314	0.024900561755430872	-0.021864460814216502	6.6402165582234804
EPOFUL	0.6980422937656012	0.5191507691905244	-0.2786464863935579	0.14469404170414155	7.362914998792729
EQAXAX	0.9730315276664729	0.16825099102726176	0.6843671927098045	-0.2901805281456472	10.177294072797434
EQAXUR	0.6232559848155095	0.41538915062610776	-0.05034839615895184	-0.09337840686875401	7.286774868902341
EQECOT	0.9405152559978065	-0.3868789404421944	0.9880606044593774	0.14214227319094785	10.620235925388776
EQECOV	0.821031020117541	-0.30099629007070716	0.19284589877563563	0.03326749071766387	7.665409367818983
EQEFIQ	0.649966166449877	0.04507163943314263	0.1814527456983934	-0.12195883112147075	7.398088557682591
EQEFOW	0.740794721705262	-0.37844675371958264	0.6884138566063167	-0.20230705087706558	8.811229943964095
EQEGAK	0.6738591152901661	-0.4348527952616844	-0.28814966341140663	0.17646889595433676	5.905788500428171
EQIGOC	0.5362640118110633	0.42356459894869947	-0.39850314873679743	0.00861282276009705	6.327818878851153
EQIMEY	0.8771295020231547	0.6174546005139465	0.17072361275366935	-0.09617761153010079	8.997524202998454
EQIQEC	0.6737641714708777	-1.0565204462405033	0.43697658825312974	0.09998895115013673	8.301557373114438
EQIQIF	0.7299766335232807	-0.5972801224908668	0.3596941410394793	0.03625285469422914	7.660225875965104
EQIWUW	0.6563864263453736	0.23322561037916073	-0.10384771363791673	-0.0501797106692003	6.982673726376845
EQIZAG	0.5328338481134072	0.126143118765223	-0.2346482766042398	-0.042032950677786035	6.239405808257447
EQOFEW	0.7664915269364867	0.5329412960371593	0.04047999413592428	0.17627547656479467	8.334859425446302
EQOGIB	0.7347347465714122	0.5196453165094044	0.7544735827699298	-0.004795362268912837	10.060636460897005
EQOJEA	0.5047387481535628	0.2094072080273147	-0.20400064820325325	-0.060998012807848244	6.277268936990232
EQOJIE	0.7335954314938444	0.3407662218218417	0.49090273136118756	-0.1795283850568522	9.033875988986356
EQOVOV	0.688382803779338	0.6535148545452318	-0.27469804198313946	0.16258376819016201	7.676925372116586
EQUFON	0.769097934834674	-1.1181126811967532	0.10619741108287493	0.1426191940430466	7.290590234938443
ERECAI	0.6727686169475762	-0.6692333305109783	0.053130476360517306	0.06743036199295073	6.794001688311061
ERECIQ	0.6639285996097426	-0.7171579018416048	0.055657344361559634	0.06593905883718876	6.824170793308838
EREHOZ	0.5504826780283496	0.11151054814337283	-0.15989179080313565	-0.0934894601139631	6.417263999822618
EREJOD	0.8126532970133544	-0.31350741006217503	0.06761486800870381	-0.11581294463384545	7.251668773858753
EREJUH	0.7368716487159759	0.14208252287274653	-0.2662693910371931	0.12792315612532645	6.739911475799757
ERESEA	0.7960905268123275	-0.11966658911006253	0.41937474213718584	0.05911549344612503	8.233178369117956
ERESOK	0.736832671672885	-0.3254361191002144	0.2558674013075765	-0.14122295974593543	7.354384057548146
ERIKIA	0.6345784948994675	0.23489314216305557	-0.1731036764193925	0.15273569269662057	7.066972627265643
ERIKOG	0.6357015788167395	0.35361446604154234	-0.34014507461641563	-0.06183931211707178	6.585251420301905
ERIMIC	0.9114078628886695	-0.4882471026150283	0.24994282186066838	-0.056252929129184844	8.136112342484155
ERIRAZ	0.8033361494520808	0.6042968235459978	1.137682201536183	-0.2554285912643126	11.974555975361671
ERONIL	0.3057484256520677	-0.7146817607035361	-0.6961289382351157	-0.23236745321463503	4.446691789815624
ERONUX	0.39407747869669674	-0.7131333324628224	-0.6683997382706681	-0.013246211581445871	4.666955294767563
ERUQUE	0.4390608241808591	-0.10462345797915862	-0.27432261381945466	0.34101481081211527	6.036196979689048
ERURAL	0.4356592081096444	-0.01429166731233133	-0.4225100238538216	0.479308799584081	5.995816096118286
ERUREP	0.4438716303983492	-0.09926469076635704	-0.2643183721418192	0.34524907920578396	5.972630904615072
ERURIT	0.4233486339562269	0.16107265999808956	-0.43397714597210196	0.46205109825978197	6.129073550096052
ERUSEQ	0.4397124609274847	-0.08954156565304087	-0.26480298206690794	0.33570764412682974	6.057997006819927
ESAVAX	0.895416096513622	0.6626433763302801	0.25184866902967334	-0.3713640980001265	9.478644210802779
ESIREE	0.5806261000608215	0.29419157738013707	-0.06766398386398603	-0.26552804011005726	6.979370906653305
ESIRII	0.9391295000610809	0.00267752781192504	0.6819174047327825	0.09976837526429043	9.735745795188445
ESIYOW	0.58748193038931	-0.23725165496173573	-0.5125482143106221	-0.09235757528619	5.430741010189964
ESOGEA	0.35807824381691233	-0.022168919888688136	-0.2920288556395341	0.18402406299429136	5.53235936987691
ESOGIE	0.4317756990464847	-0.6027293605421877	-0.5518501152316904	0.32417877326331257	4.942827441874705
ESOGOK	0.36276472453345043	-0.4590856679796561	-0.2589635882728829	-0.04156313435792107	5.393577884641774
ESOLEE	0.5196205277804662	0.5209887895717746	-0.47394208245341146	0.03970461694942599	6.561534169873586
ETEHUG	0.43726493249133824	-0.6488965465844616	-0.256379946312679	-0.8061703318835388	5.537338008519856
ETISEI	0.5212575674901041	-1.006819863798653	-0.3550980497975096	0.01493580882897726	5.509853165804716
ETOCUM	0.6735424251395408	0.13032138694136705	0.30972099888736404	-0.1874976754833527	7.897279016401501
ETUBAX	0.8269140347738686	0.861997784640901	0.33706231351756094	-0.23869238824155006	9.79090052727242
ETUCOM	0.8505190079587477	0.2778032744439014	0.18252564128468557	0.14008313473214182	8.205435559606862
ETUDUT	0.6042958348119472	0.2439683848408274	-0.1146695483480181	-0.052264185957320526	6.898592447418686
ETUGEI	0.6187999528832648	0.06778745691834877	-0.21211909399483408	0.05823034058666246	6.510511623018667
ETUJAF	0.5479155136068101	0.10767101311404684	-0.5113859508588103	-0.07700599674081655	5.769356501886397
ETUJEJ	0.8638965917146404	0.5383319052686235	0.18320485011947646	0.39811242679267544	8.884566803064187
ETUMUC	0.5841697278612816	0.8656640889724425	0.19951187872159004	-0.22832247015067883	8.72690448567736
ETUSAO	0.5974068287955143	-0.4743164717063513	-0.06888160087448364	-0.07301356675968641	6.179639705729406
ETUVEU	0.6382784071401595	0.26314912278606256	-0.26329006585061665	0.11121048509081753	6.811112839812922
ETUXAT	0.7519564093633786	0.33516088152402335	-0.2733739890237231	-0.022404076268634242	7.0748308582127315
EVAFEP	0.7759399687552389	0.1900290970919771	0.23810746666724283	0.3453785312228038	8.354910087478002
EVAVAY	0.6113995343785854	0.4455576616896866	-0.2046531962800594	0.1471476706333319	6.994230484480242
EVAXEH	0.9732008651371213	-0.44363173387599997	0.6119339476510035	0.51541942877376	9.54867184262634
EVEYEM	0.5697317793738446	-0.39954341337494226	-0.5410447052766831	0.26350117165418274	5.128423337050031
EVOZUK	0.8924277502299409	0.40447953304111683	0.7240515235421747	-0.4489925813550527	10.436312714296644
EWEDOA	0.8685010406068256	-0.2548558857638127	0.19266148452870444	0.07667766898756513	7.833633819807748
EWISOS	0.9262206906846444	0.3688467057960517	0.2810134310873431	0.3284350465530196	9.18250834372092
EWOCAU	0.6792198541047432	-0.6411354054749574	-0.24248952941321822	-0.18090946695504406	6.063880250859842
EWOZOG	0.5653004689264929	0.820448842937556	-0.44787092183468585	-0.02801489259726046	7.313735880513411
EWOZUM	0.5863281409905712	0.7714070197562573	-0.45142334939342105	0.02398268290746628	7.262826202040411
EWUDAD	0.5289449015372227	0.3545714497566152	-0.05980864870435129	-0.163330604869198	6.899264733285206
EWUNUH	0.6231547938266147	-0.08974940519011324	-0.10890011264098465	0.2264466952078727	6.583642501235718
EWUPUJ	0.6307991855488755	-0.1272096633654909	-0.6322175931654519	-0.29079762365894324	5.3487452918823575
EWUZAY	0.5413095130034362	-0.1760955377796058	-0.28473199382220166	0.06580798077778689	5.938946478686224
EXAPYZ	0.49987554025380376	0.5521366519882029	-0.44530777909191593	0.09743217366690111	6.58445486058627
EXIFUN	0.8391497001905233	0.17683573738734934	0.03421677293226137	0.07516265386146319	7.627745001330926
EXIYAN	0.8998128483690699	0.6457642898151994	0.3239180507383108	0.12793893043285443	9.550799054888783
EXOFAZ	0.6703861009892353	0.5650818283904582	-0.19109688116602302	0.18389487346148786	7.377161431170483
EXOMEJ	0.8556530794641528	0.14766649621651684	0.48710157347708744	-0.3706469570427128	9.114978035942952
EXUJEO	0.8866039094835783	0.6928787587731635	0.2919473012087509	0.09728881702000541	9.5124760790485
EXUKIT	0.593727702949848	-0.7055011831354345	-0.2675629253879777	0.0027686386904218173	5.767061231439443
EXUYOL	0.4037418115950224	-0.5295812737357839	-0.586860918446038	-0.3793042303184426	4.714173777957349
EXUZON	0.8544967546185891	-1.094193670518808	0.5182248007686913	0.11138030511428097	8.941697763894688
EXUZUT	0.945355076801988	0.3803698999567838	0.47469568281470575	-0.25361292091385	9.715624049464212
EYASON	0.5744350221851704	0.05662667392162854	-0.19250592874479944	0.010483490250681408	6.3131787432720206
EYEHEW	0.6957580725450789	0.8771795557928082	0.02109974001383659	-0.16225916057833412	8.661658298196992
EYEHIA	0.57661112290468	0.4090082453633299	-0.15746735385552124	-0.0667187799962205	6.848229737788843
EYEHOG	0.4905915986774385	0.27107463468337023	-0.234270056820517	-0.032350458781549164	6.283861705095629
EYEKUR	0.5371649142497095	-0.6523726335972568	-0.611451699231722	-0.30879618129429554	5.055284584590321
EYESUX	0.6003631954163264	0.18711048752530604	-0.30682531604094276	0.03346299709022101	6.526283254917068
EYEYOZ	0.510706691230995	-1.0260916774217834	-0.28094787894488554	-0.10370181387102921	5.638264258475558
EYEZUE	0.8927744261293116	-0.6714743770107632	0.6303852916636898	0.2325344424437167	9.087405592338586
EYIXEQ	0.6877336230879223	-0.3897877617668962	0.19665370880659128	-0.24733743670848565	6.971625700569591
EYOMAI	0.5511681116718066	0.3059642746604475	-0.29573524731192313	0.07252438930185852	6.4310925208338725
EYOTER	0.9274559785536107	0.7499860469823529	0.3740323571957749	-0.3301963258420467	10.10605485695382
EYOVAQ	0.6122851229046731	0.07452224315617953	-0.17286764847371971	0.11369018043760139	6.5705014798128385
EYOVOD	0.8888569347313586	0.3705354609643858	0.38862259608684324	-0.04667848756614858	9.22914970199227
EYOVUJ	0.9143593680457496	0.22255222767178842	0.42101423514643566	0.029475913065326452	9.087241471035917
EYUMAO	0.5491243465422846	0.5207069233719732	-0.3811082852993409	0.10901507264227973	6.851095447096953
EYUMES	0.543101145642285	0.5399193278174077	-0.42774659314594826	0.1347234466904408	6.778527898803745
EZAHIW	0.7221474727471993	0.19115386193251702	-0.14337985152375465	0.1502275880380005	7.04675552713454
EZAHOC	0.7539835962163774	-0.12781333687437652	0.11970321781458756	-0.0065663900593816455	7.323845565431112
EZECIX	0.8899956640063307	-0.26344637841919605	0.2991280530796858	0.13299635463334347	8.234134169677493
EZECOD	0.8528359320252195	-0.5726600837089264	0.27144233162701614	0.15990982602518275	8.040429996169777
EZECUJ	0.84344500588033	-0.5928957937339987	0.2588037854404217	0.15045172354782665	7.990030531260873
EZEGIC	0.8828711929273627	-0.24866600997048913	0.03058898828660392	-0.14434189383765314	7.344869223469813
EZEGUO	0.9425283027909241	0.4303578674694302	0.5556520820822448	-0.3919138798519627	10.077329674715653
EZEHEZ	0.9253892493619151	-0.020866375307755612	0.1517949490387775	-0.10791911562107369	8.102546695438969
EZEHID	0.9677257140811575	-0.3328441703863224	0.7586753582382499	-0.18551922750321928	10.301643488438087
EZEKIF	0.5816778730932128	-0.45453112735422113	-0.6236581666379002	-0.15321546014170492	4.922158631091637
EZICAS	0.7804876097896418	-1.0182211674656434	0.4445628068675267	0.23015530490197444	8.387046537122238
EZICEW	0.824788543446	-1.0063467991458335	0.42595409396995115	0.2465468846736332	8.455486768584352
EZIKAC	0.863568992262211	-0.4319478152794333	0.3808495354873036	-0.07922211450592703	7.938791571698015
EZIYAO	0.9460105892540529	-0.532978374967698	0.71052116860959	0.16018454722007042	9.953160637066135
EZOVUN	1.0298656151624996	0.06653750950764781	0.8454344670973468	-0.3438329978827248	11.022102906650112
EZUWOL	0.8002674514681267	-0.7044155206312674	0.13351206384750583	-0.009312061353750692	7.119175851755649
FABFIZ	0.4875351888586925	0.40652937574463544	-0.23114524783088802	0.2097492493900824	6.628221260496945
FABZUF	0.45480947676436934	0.05608338744585992	0.17844499486879362	0.02157708125603704	7.092026153727421
FACLEE	0.9684397329482035	0.9393847877144808	0.09068213699672664	-0.04871271899251571	9.975185013727673
FACREH	0.38628397590307895	0.9175324820499957	-0.6472904923727896	-0.006901537791785	6.677438501347258
FADVUE	0.7297267346472278	-0.3271748841529188	0.14583045961486418	-0.29636038613560134	7.319592515203941
FADYOY	0.6102381986344971	0.0670498017712881	-0.3360034099837299	0.04477652650518222	6.124559794614361
FAFBAP	0.722798724600473	1.297807178033199	-0.48656576292281223	0.009740200681007675	9.411005830903225
FAFGIE	0.5754873169619197	-0.7410991913201939	-0.48443924260260657	-0.2673973863257709	5.288209694395178
FAFGUQ	0.8813293634517594	0.48190731404132464	0.09722717245161615	0.4558784241972522	8.703262966550792
FAGGOK	0.7374445836489425	0.033880724602299434	-0.12681560580658785	0.03411561775395815	6.717243174144459
FAGHEB	0.8110139433426173	0.3007116789680878	0.4873452634920673	-0.2621624818311833	9.090459340027824
FAGTIS	0.6600335793786485	-0.16838364125245903	-0.2497074684720762	-0.11340780944129	6.096864242593445
FAHCUO	0.43949140695026934	0.12127269209548297	-0.3896532377117577	0.4947677248861302	6.251654232172646
FAHLIK	0.6301294673650668	-0.49215827754257657	-0.35727655844783524	-0.25812077517652876	5.597993480058409
FAHMAD	0.513506915323072	0.4150061120453406	-0.551578209946971	-0.03786020394691715	6.179616649474397
FAHPEM	0.878987090470635	0.34023388157287654	0.36270811919435353	-0.032566518263020004	9.016607566917788
FAJYOF	0.4863104451448299	0.08627783879493048	-0.6465833355818256	-0.0682313861259692	5.263911072917995
FAJZAS	0.480856320471041	0.33633829691579453	-0.600823645188423	0.048427095490393174	5.701497473471486
FAJZOG	0.3094739118717982	0.5092622505865014	-0.42983861346926816	0.08833638512550941	6.14796780737812
FAKXAT	0.9164251114516828	0.34400162181022215	0.09183273094690586	0.28706805856833895	8.454976518719008
FAKXEX	0.939180931353242	0.42480915207626596	0.2771275616200056	0.15191785366222815	9.12934517824685
FAMSEV	0.8715080515335281	0.27744007820106875	0.5185899875113216	-0.032673768547120716	9.502897205752669
FANXEY	0.584771718626703	0.001471588027338079	-0.14167411838221566	-0.05639022073436786	6.528740419764569
FANYOK	0.4150866044870858	-0.6168737125477306	-0.12055874967237656	0.038054164103997194	5.704163404827988
FANYUQ	0.4242539917234298	-0.6411518960132068	-0.07418028166357318	-0.0008526325413468414	5.7311958205330145
FAPCAC	0.7038779956711227	-1.05452578309195	-0.14003671123015715	0.15334098372358243	6.391380458465391
FAPDOR	0.7129887342769017	0.5678684671487404	-0.11655994322733695	0.038423124960896005	7.901238994501606
FAQSIC	0.8795536948566482	0.3042996113778853	0.26784877879585023	-0.016985081946625527	8.644408718089608
FAQYOO	0.8156693943394311	-0.6206262399320468	0.27739331849409254	0.12117338428693733	7.715397465881981
FAQYUU	0.8171676495472733	-0.7189098403676075	0.21176818338972433	0.1101851666670329	7.510943044835116
FARRAU	0.5752487210111372	0.2840313692139802	-0.35387714516949237	0.13347391151855548	6.5708986829424365
FASBEG	0.7510517279155149	0.7668212832254231	-0.07106447994136311	-0.04170930722963385	8.338614585613815
FASCUA	0.7320934525197416	-0.8624321771321084	0.016305454794217036	0.12022395918197423	6.785745835092696
FASSAW	0.8927458605281178	0.5932622707784629	0.4961484187846155	-0.012484221628402115	9.93578724857123
FASZAC	0.7735914422105807	1.059461487510322	-0.32203392000855524	-0.09306115839648699	8.980780592021109
FATJUG	0.6044331736244954	-0.048826024633348654	-0.3660014869302501	0.004442615477810613	5.924691721960754
FATKAN	0.5649143338984244	-0.14024988458734836	-0.23176915873505427	-0.013553927791974835	6.099117366730594
FATVON	0.7069004704649009	-0.6152918570422603	0.19998113764444253	-0.09448621382291512	7.05085340582936
FATVUT	0.6167475596689691	-0.700655625033699	0.19002975579397985	-0.03427553754915599	6.813435143403281
FAXGOD	0.5064157551926645	0.08895999983866422	-0.19140246927674887	-0.024422045859095756	6.125397723821943
FAXPZN	0.8933217217493956	-0.6080693590842305	0.543738840891969	0.31423715666725494	8.688601328835572
FAXSIJ	0.912180776002459	-0.8473065672286337	0.4703889710905511	0.15380140602962478	8.488231433243543
FAXYIP	0.6150568811670283	-0.04950461573878033	-0.479324561666787	0.11677930704224193	5.7964276197783775
FAXZIR	0.7901551203744157	-1.032032037149814	0.16619210358591185	0.11161195178119987	7.393099925275048
FAYMIC	0.740061068806658	-0.7382394666671566	0.030940811545100144	-0.07779323164589383	6.755767964618885
FAYYOX	0.5051550524881927	-0.4207532372697628	-0.6464423634330683	0.014442314191869858	4.895514652391663
FAYYUD	0.5232546022136368	-0.44451405993819904	-0.6685075259287077	0.08286886805500672	4.927936506427551
FAYZAK	0.5259496394158596	-0.7695339669521701	-0.2854551796554091	-0.3837462853527056	5.696372754695708
FAYZOY	0.46384670890755153	-0.453599616794186	-0.615539676670219	-0.15699847664114297	4.788536801709847
FAZCES	0.6708197123258453	-0.3799492135260522	-0.3932989780675648	-0.3079121402638869	5.734909495055958
FAZCUH	0.5023143217982939	0.406535420630187	-0.1827889649974016	0.1633936584250876	6.780904457750153
FAZSAC	0.8801358634879568	-0.0186406315200336	0.880715318743126	-0.008874906517972054	10.600755556854493
FAZXIP	0.635750911070577	-0.5614031322426996	0.10465531383047873	-0.09246162080805959	6.87923774249951
FEBLOR	0.6022323996581349	0.04102064648007951	-0.1572952474857206	0.025757286117029127	6.445330427510164
FECBOH	0.7074598968711348	0.6095132492367057	0.2486768374268162	-0.14485376082780616	8.72615894645949
FECTEQ	0.7843106424127555	-0.5244378552392845	0.029156016931422543	0.2139752960930318	6.9300656446983835
FECTIU	0.7896407425186629	-0.3738888927451398	0.004159113055615796	0.21992741240017116	7.012934947614498
FECTOA	0.7579663198206337	-0.27593792151858826	-0.10711371175504827	0.15141169788046277	6.678965161777305
FECTUG	0.799939763951862	-0.5043144739132392	0.0629463843942849	0.2560497967636419	7.13285393145318
FECVAO	0.8245879882448195	-0.2503170274431227	0.028556832523827805	0.3324996087364249	7.339992389709027
FECVIW	0.6014919270352417	-0.5987312066268202	-0.46338239219286165	0.06618735761502492	5.4874717125146315
FECVOC	0.8057424239562483	-0.5201583032335138	0.06429939091159236	0.2783497761753112	7.155864749549696
FECWET	0.8198919045371271	-0.18144139153252448	0.08622965303673324	0.28221257377008035	7.321856777444938
FECWOD	0.6494126094227628	0.43462843186598665	-0.0657026297055136	-0.013279779252967687	7.349238033541807
FECWUJ	0.6882255717854333	-0.6925391696810488	-0.016176115441505934	0.1075307793978258	6.471090781011465
FECXAQ	0.8218452825376872	-0.40700234436389315	0.02310010826153465	0.3049681332888282	7.165163553515654
FECXUK	0.718715670895473	-0.8612309512842162	0.11044191995695748	0.2652681178028299	7.245485627492787
FECYAR	0.5740261542497649	-0.909339552661165	0.025872081748584727	0.00638051246267354	6.4083118036952795
FECYOF	0.5512102268290571	-0.950211405683103	0.0022200731619716335	-0.009012161305635681	6.325520498002649
FECYUL	0.5344657912625159	-0.7207493085108199	-0.1376253793429238	-0.1898408851945802	5.855541254729768
FECZEW	0.8023307939655906	-0.11139422665528975	0.08908018609225186	0.21839359585996537	7.3883502096575455
FEGFIH	0.7315263000289587	-1.0004659464732393	-0.14070259333096108	-0.21521135522498802	6.3559362479110515
FEGWOH	0.7799735862303052	-1.0388260113622088	0.1723923393510939	0.11206718869051904	7.464833898418038
FEHBAY	0.6751332052684447	-0.4592440323764123	-0.407535273538657	-0.27137125284617947	5.648066410874283
FEHBEC	0.6864776597129465	-0.49151225602308835	-0.3777602611254175	-0.24543108660586524	5.7502600706965366
FEJDUV	0.6475068357563458	0.7231525260667455	-0.3418148697495374	-0.036913875547921846	7.665385083416176
FEJFOR	0.7067041261693179	0.5583618398391887	-0.17441031418947472	0.006576835312432205	7.686546662499748
FEJJEL	0.8473322465311579	0.5587869494799385	0.1781142412382357	0.08392002459833539	8.831360993828515
FEJNEP	0.7017212985190895	0.18553723031139796	-0.031017101355671928	0.03421095331685299	7.144186747039877
FEJPIV	0.5916788643016364	-0.051555267876180574	-0.3249465525264486	0.6560540718291797	6.219377940961404
FEJZAZ	0.914684383271454	0.9121661753985781	0.4367963622467613	0.03220176751580734	10.523231799166583
FEKGAE	0.7893396542885593	-0.2879768197021682	0.07605254110381497	-0.04310851030478434	7.233479693465166
FEKJIS	0.9084167827328109	0.8467191748219667	0.35997842520511186	0.033202613034467365	10.14878468147896
FEKLAJ	0.7161743092182853	-1.002543813556984	-0.13218536517198745	0.12917213851510276	6.371540169805794
FEKQIV	0.6201032003063753	0.08998061096870505	-0.1752396255492158	0.11364689815207728	6.699639603754863
FEKQOB	0.6110434064319525	0.03359737642357826	-0.1297337944703604	0.07938011148637714	6.573769458786191
FEKQUH	0.6140713268005458	-0.03123251387622352	-0.22907650094463144	0.03928559989079394	6.2844061423941415
FEKRAO	0.6137923769837252	-0.033280589264174515	0.009044562588209612	-0.06370766038656583	6.692481694472363
FEKRAP	0.6706106481608956	-0.185908899919533	0.14711133145863287	-0.08947676673165085	7.071294306709798
FEKRES	0.5646646614550539	0.19146879557021154	-0.3718347038021506	0.19087709147537768	6.247534131074877
FEKTAQ	0.613315714501872	0.00986703364338206	-0.10462492827631498	-0.11871011308038862	6.509274877097462
FEKYUQ	0.42541870488779043	-1.1319097085881498	-0.39156023605699725	-0.04837105017061881	5.32954464594421
FELQEV	0.6453401395541469	0.1712807002205495	-0.13997923350154912	0.009373558332914637	6.8444040112874935
FEMZIJ	0.4553850978054852	-0.8516816464089574	-0.9040132109940404	-0.222733500775814	4.406335387805979
FENVEA	0.9385833564723818	0.33558034078823995	0.3409650455328451	0.16915223822290731	9.165960048299205
FEPSAX	0.7588537808383942	-0.300861565713244	0.4980095688473655	-0.22648593030562514	8.193455176455272
FEQTUS	0.8287178798108679	0.016290121660961956	0.8664192322312838	-0.21543601067120194	10.136127340315873
FEVFAQ	0.919984417049708	-0.46742359186109417	0.6866204981987112	-0.11818506272259227	9.432722468441163
FEVNAY	0.5756250080324916	0.6199799855541417	0.29326234667383533	-0.10355163761452994	8.382047665010859
FEWLEA	0.5804550740623666	0.43497177005417986	-0.050787138710690044	-0.0206391586129581	7.443367046095496
FEWLUQ	0.8076786383043455	0.3895452662551666	0.2671599609360349	0.05499212933725042	8.736218991114614
FEWPON	0.9061895333487602	-0.08727126658570285	1.0681309493068412	-0.12908380562833338	11.128218499709384
FEWYEN	0.6061635785106336	-0.5985558297750118	-0.24670102905176744	0.015259703150560772	5.811467100831787
FEWYUD	0.6189779481081938	-0.6725961139962948	-0.22447747620236058	-0.008095017316536434	5.981409417734509
FEWZAK	0.6567069264921885	-0.23114165815091317	-0.22083600364838463	0.15322837820047538	6.143226828677176
FEWZEO	0.6346154549482002	-0.5166740968987271	-0.3042376472660907	0.1683717656130405	5.779990445050378
FEXDEU	0.7554128167005079	-0.24029957737999658	0.43960802802900756	-0.06421713877860856	8.11316776885086
FEXDIY	0.7682813348819595	-0.33106486029077553	0.4039122777532366	-0.08101329865972948	7.971291292548226
FEXWEM	0.8303406932060531	0.7419688479405	0.08983477082937522	-0.2437547041798688	9.140436572836542
FEYCUI	0.5836318598131065	0.4122382685234737	-0.35705632735093784	0.12351980227896472	6.727441091908014
FEYQAD	0.7191028314955199	-0.16335212808903668	0.15708796688117238	0.08506078578503001	7.301286400549333
FEYVEL	0.6890961285903021	0.4384868699153023	0.18228066166250828	-0.07916535088779134	8.09602723710453
FIBFAY	0.5569590555365487	0.19597868398692403	-0.14480487053223517	-0.029640017689927738	6.710930308085519
FIDNUB	0.7101794762725726	-0.9282170674880021	-0.022328532105138577	0.1948395040564212	6.721141791646778
FIDWOF	0.8881827354755654	0.2596648462301648	0.4404592517080473	-0.00572453993623602	9.116142260601466
FIDWUL	0.8503394510243494	0.7973065149187935	0.2280125375131381	0.08459730241833954	9.642333441546182
FIFGOR	0.8088927900007006	-0.6438206174974239	0.22092994682273825	0.09069594639777159	7.653645961108458
FIFWIB	0.662802942764646	0.18970972882824463	0.30249831894143053	-0.18705102405123372	7.927281899533663
FIHVUQ	0.5883235189741347	0.8028731036372054	-0.39554943102367407	-0.09962811646088472	7.438950550798451
FIHYIF	0.8649078579892411	-0.12053400555648082	0.7333302180179346	-0.14913490447712954	9.772006758812934
FIJDAD	0.33843748310712396	0.5635711725894479	-0.6472509764991976	-0.020513278151155747	5.764816876009391
FIKBIM	0.9165817713136555	0.18233864511619519	0.39443703291503573	0.031989125185824925	8.90443069452392
FIKBUY	0.9137942929059815	0.22151472319250473	0.3708460263248214	0.01611950906345828	8.914203843143579
FIKCAF	0.916751563227991	0.1684028722803595	0.38406389038189803	0.030101789082269396	8.890018170920971
FIKCOT	0.7710922352512597	1.0743923892493203	-0.3625679176934254	-0.0609375469074799	8.942836681613668
FILGIR	0.8526876795930969	-0.7128815508268433	0.4780498839396411	0.028045362354876792	8.478168997236583
FILHOB	0.6142033249257981	0.29676402117237377	-0.12323508128658203	-0.020423809534705108	6.9927645534358085
FILQOK	0.5412800127475137	-0.6842769566015492	-0.6063804022358166	-0.3765275751994005	5.007913077432423
FILWAC	0.8787831718361998	0.6383359830326001	0.20426046024311664	0.4447984841594149	9.332747299782078
FILWEG	0.8226127651470021	0.1573753481669897	0.11830834481645461	0.21964811240522483	8.016243079073487
FIMBAF	0.7785841872316599	-1.1233962929371681	0.4180718009124067	0.24373080825085083	8.364189238911116
FIMDIP	0.5771199806529896	0.28080897823211953	-0.3343150152111685	0.09490602996996662	6.43091419468695
FIMKAP	0.5471957798035172	-0.774276367534003	0.025576224738080702	-0.08077308656073826	6.358968818718223
FIMWAA	0.5409856875510259	0.3970177555173038	-0.1500394261566373	-0.08007393796383208	6.724789189169397
FIMYAE	0.4781126924884669	0.20516414189823912	-0.39412207976854446	-0.02997549370567922	5.954293692891696
FINCUB	0.6988507789614662	-1.0711889038589064	-0.16505959767751316	0.11927397561791386	6.261858094490975
FINSEC	0.9210131301135682	-0.6313186939901987	0.8421249562855533	0.1059350629076402	10.242599389883228
FIPRUR	0.7272696462332418	0.1863444982499478	0.09354128409630158	0.08118270292790754	7.49897178682172
FIPWOQ	0.8217125547302757	0.7844105202697762	-0.04772825988065746	-0.1074933525102184	8.653894441097252
FIQHAP	0.8939986504051785	0.48807065232128716	0.26367451018516685	0.28411652489239037	9.269159746510686
FIQSUT	0.5102230720389267	0.5905164803880258	-0.6326762315214898	0.02247535867002377	6.348546914598147
FIQTAA	0.5954863402961745	0.41910071929672743	-0.8056177422085387	-0.02217665968411864	5.968496016865065
FIQTEE	0.40064271281174335	0.5498529361147517	-0.9636343415830533	-0.062136474792307966	5.57421872366513
FIQTII	0.7311845645319952	0.3229969679709301	-0.4846499442771662	0.052604444614747635	6.627744856391197
FIRJEV	0.8120361649460897	-0.9097843980128162	0.7143932284809262	0.09778625209503614	9.31502953205302
FIRPOO	0.6304826173631746	0.44929396424228035	0.0865692738379201	-0.031218192188263327	7.624068539761381
FIRTEF	0.2640529248323382	0.6985164514333271	-0.6996394539700426	0.2677064434898053	5.836877458012197
FISDAM	0.6561589879136225	0.7891247924668046	-0.4675418042057284	0.28884103718310006	7.563569034486829
FISMOJ	0.479110563866862	0.6939957309817757	-0.5781569443207148	0.0380994876184501	6.591504861884808
FIVXEQ	0.7153446299011579	-0.19522067677893742	0.2662729107904649	0.041049853676580435	7.516717252892384
FIWBES	0.565849955508428	0.2508304985643363	-0.35541353342124427	0.18288053924723652	6.351233706947246
FIXWUH	0.6932059380901183	0.015304648999693332	0.17715442512953639	0.2474940374930332	7.604890682684888
FIXXES	0.6849721332434919	0.016828807314965367	0.17485396020493948	0.2289751614435827	7.514111701598977
FIYQIP	0.5239868521669795	-1.0760417817983325	-0.20530072655001175	0.17490089422825528	6.005910506511402
FIZFIH	0.43096652514776945	-0.8738826780483933	-0.3012301195133168	-0.10432518774317211	5.34572894596429
FIZHUT	0.4631881272293734	0.5275763285222339	-0.37743729543038956	0.024376386040008656	6.495365020515728
FOBKOX	0.5235154187814439	0.5373369998017596	-0.4909098993025806	0.04918883509265576	6.5686770133589825
FOCXOO	0.722815609470441	-0.1740720844356863	0.21049568723570167	-0.27275644813095057	7.679658874751419
FODJAM	0.541092455414784	-0.7502086761426372	-0.7962840658309815	-0.11103124099861449	4.706986455023589
FODMEQ	0.39094172234854785	0.1717124893259703	-0.32124255335225077	0.3982598692787376	6.1726922001850095
FODSUO	0.5021872960016998	0.3986428238413276	-0.5748045372861921	0.0510081490947217	6.021472273721656
FOFLEU	0.9916729067931769	-0.2724262869592074	0.8265127759485345	0.22262468207589006	10.316073373360554
FOFMUM	0.5786161039110036	0.1778091605144234	-0.24864062247531055	0.09962347558924725	6.482313115635739
FOHVOP	0.8440614493355527	0.7461746327168601	0.25999155551873165	0.23772992652423472	9.357837090518561
FOJTAZ	0.8218257180247441	-0.5761472542693433	0.153868188562508	0.21822870365407723	7.329160347566674
FOJTUV	0.877773438155109	-0.23247190963560818	0.7848069865134839	-0.10582276896611262	9.755536454020456
FOJVIL	0.8414859229741873	0.002689043445855681	0.47380477030422374	0.009905787574337726	8.763134488533742
FOKXIO	0.8487017632370577	-0.28209674069430435	0.6717105053150882	0.04137691128767562	9.174032331715784
FOLYEL	0.620801911921891	0.3464238910225227	-0.36333396751268104	0.23272352050991643	6.709555079565634
FOMCUH	0.6581521264928938	-0.9149927077390483	0.04229855019329497	-0.03294713439939202	6.613440470316292
FOMKEX	0.6657485376939372	-0.5313775915152716	-0.33274878499929167	-0.318150390601304	5.745901002764664
FOMKOH	0.6780022400401586	-0.49824509086224444	-0.3798375166584208	-0.2846714225271242	5.704888620062178
FOMKUN	0.6959365918894616	-0.47405788557000567	-0.2986837295917239	-0.30215330092283743	5.909116932748778
FOMLAU	0.6854297635539872	-0.5472769520995326	-0.31940595840174874	-0.29732581353083265	5.8488157233359015
FONPAZ	0.8810741905766637	0.5808480954838269	0.5337014212851368	-0.2582808701857785	10.02313937513154
FOPGAV	0.5272980283949531	0.15402097362820744	-0.14814638216102932	-0.07441147357791181	6.377166101342547
FOPGEZ	0.5187563817312304	0.14883237241756797	-0.16099287050133304	-0.07687233471733619	6.318693657591389
FOPHOI	0.7311504538652827	0.9550637382666021	0.3883781583490846	-0.2609514191536937	9.899319905752364
FOPHUP	0.8385202038339576	0.6028132488939535	0.20623085583908524	-0.20457909158732926	8.999530002258822
FOPSEJ	0.6068631726316349	0.13498356140651982	0.23458542045923672	-0.22160685810225292	7.485561796567688
FOQGOH	0.5911348696746241	0.05317266172777191	-0.2672291167601159	-0.09661739843072933	6.162571565074024
FOQQIM	0.8237170907626634	0.27781409801052015	0.2475817472725197	0.009277621336500029	8.40369336002967
FOQQOR	0.880854859662306	0.40574570157235423	0.3442608340260045	0.021069617553276916	9.130861719654312
FOQSAH	0.6256075681954334	0.5188419257271168	-0.18054575746438373	-0.013616534690403255	7.305772942685053
FOQSEL	0.5646252250072603	0.13752519541660016	0.11870393761490447	-0.24069175048734123	7.108024560652868
FOQVAJ	0.8970197318893458	0.5257193798959992	0.28617161730069846	-0.12328262016213391	9.114153174623496
FORJUS	0.4379894047261885	0.09119449311765904	-0.19136648137587542	0.29866893554564977	6.342110940113695
FORKAZ	0.6403941374855417	-0.04829782203303049	0.013047146175013513	0.13319809950140116	6.939861686371631
FORKED	0.9290876677310811	0.7954944728156736	0.48892596268071925	0.1555102824080951	10.424235508254318
FOSJIJ	0.6524008639724297	-0.1967239069026209	-0.4997921540921015	-0.2966710968416342	5.778732412534335
FOTNOS	0.46824274415847267	-0.7212558050324858	-0.36153340923894306	-0.16041068541287207	5.2617583006782
FOTPAI	0.8256703652796533	0.23122305372639573	0.20231772275595034	-0.013161567847920925	8.047965746853874
FOTQUB	0.7647177566881895	0.9734387418158981	-0.24033700770663496	0.14314099417315695	8.727320325237192
FOVJAC	0.7968508893701332	-0.27909387996530804	-0.025561774750842148	0.12450862985721509	6.937387526174952
FOWGAA	0.674602877190452	-0.3342926413886494	0.09516533953541571	-0.156061524040093	6.927904537676803
FOWHEF	0.897916823472726	0.4707805694161222	0.290767398249441	0.2573590569269125	9.321190078319676
FOWNUD	0.379170216290051	-0.6820515395046884	-0.8362415118717677	0.01620216554651792	4.309345931866632
FOXCIG	0.6752939961763262	0.4145586993000893	0.04136653558821833	-0.21189511319472118	7.57751571578171
FOYFAB	0.6016192671986893	0.5064139238746779	-0.2810769877005525	-0.044265411038450116	7.016370319544068
FOZBAY	0.7070786039053676	0.02998627287691235	-0.3967070825029611	0.07659794442984502	6.1404938042873916
FOZGEH	0.8566066275193895	0.5973607943605441	0.4177308672898306	0.03780615334022422	9.520417179221822
FUBNEY	0.9729246446258282	0.030337557902600537	0.9979798515011751	-0.11449018162175281	10.96359596832913
FUDVIK	0.47253937444119565	0.059459958206946245	-0.39364889118757856	-0.10555237664894457	5.705931656655659
FUFVIM	0.8690447342948397	0.12150373438905454	0.02771555868033186	0.15847172830877096	7.72839287264084
FUGFET	0.9447130888920778	0.3373013552867541	0.3251869734167544	0.3200140524972739	9.280715381486981
FUGLOJ	0.890396381872427	0.5963467800254973	0.23270587166394183	0.37889484986814526	9.244386451501569
FUGNEB	0.9206950194387034	0.8619519786336303	-0.005498038911700698	-0.14432495329182898	9.41130916935152
FUGPIH	0.5992893504138754	0.52950116879359	-0.29683066545658354	0.11879818612935014	7.016993215170151
FUGWOV	0.40889708401827196	0.7221007749682862	-0.4024480629448896	0.13370223329678646	6.721504372363021
FUGYAK	0.30002263222595005	0.4326960632743919	-0.6980698892284252	-0.11656702544966357	5.364911160188838
FUHRAD	0.5950913377708229	-0.7494205445708748	-0.3395808996747493	0.13083228261721028	5.596635167526081
FUHYOX	0.9348785516481319	0.5243975307001507	0.3973119275035744	-0.18137611854496985	9.603890052018672
FULBUK	0.41805504312216346	0.5907690932292875	-0.8185554949570364	0.05157223168049922	5.993187766704188
FULSOV	0.8948705260937437	0.38566367000742074	0.3009426285138499	0.10234065372343412	9.038952253869125
FULSOX	0.3427544635126907	0.5332067106210159	-0.7046636986682064	-0.012633170489218599	5.702312983042261
FULZOD	0.5191163624525066	0.3386052392269874	-0.5469789115770172	-0.3232325631013966	5.903126196203913
FUMZIY	0.8636857744524846	0.5928686798586216	0.1386232925113242	0.26207509718191047	8.816303365140552
FUNKIL	0.9120052762043587	0.6233193320633945	0.2243511360651043	-0.238451651825724	9.320580860818275
FUPPOW	0.6862684925703597	-0.5576923997549019	-0.2553921404092293	-0.21667503372794297	6.013245024803423
FUPQIQ	0.9066252029486259	-0.4498231929581894	0.441288363852262	0.07904070946031086	8.436297571522624
FUPQOW	0.8223877467489116	0.47250420893531947	0.22934561174923032	-0.16971968902249612	8.64123647933408
FUQHUV	0.714647546318135	-1.081451956496361	0.013914001094706155	0.019838719636117764	6.754227861450632
FUQQIS	0.5193398892669636	-0.17264516337795882	0.2673927755419565	-0.12112818480547866	7.149429591189737
FURDIH	0.8432543335678719	0.5696463183397698	0.30456770333250216	-0.11622839741486163	9.168483457818343
FURSOC	0.3668672772764454	0.3817437352305902	-0.5937444908622296	-0.03676865934648507	5.691269260040134
FUSWEY	0.5364359911578331	0.3405716422124388	-0.0446428627463577	-0.1189108913867335	7.032389856901006
FUSWOI	0.8860569489409293	0.3682993081889994	0.8911774889228443	-0.18298207569767994	10.842660289852423
FUTCEE	0.6062353965870848	0.4728217052760695	-0.13256042550240849	-0.08876350490386346	7.125757778624578
FUWGAG	0.7832470075552163	-0.36654763916382904	0.4088502008827871	-0.03403342391809219	8.05568994317158
FUXLAN	0.5278015887914789	-0.5693087711394522	-0.25063908882841934	-0.16262810428466054	5.616408925796915
FUXLER	0.5500343214283117	-0.1628423853729595	-0.00416907697150086	-0.17003882233520465	6.524554528563594
FUXMAM	0.5888580965709718	0.27246679825366704	-0.3039413161779486	0.2106385064510689	6.506274908392717
FUXMEQ	0.6187235215282758	0.13642697581815857	-0.11942766932263013	0.019391012054675087	6.603547385331695
FUZKIW	0.6968442957564838	-0.5112011005126299	-0.3035457368069692	-0.09281812406083541	6.01466766205114
FUZMAQ	0.8298208800363422	0.031807606045662996	0.7737828893518497	-0.06613452795526124	9.963156839992415
FUZXOP	0.5814732672496925	-0.5476163423460385	-0.03530118057682988	-0.20348622372196498	6.231414985179382
FUZYEH	0.8653389186811724	0.8315653075900469	-0.007178086809080636	0.04131894132573373	9.10494899316658
GABWEN	0.7666011139826097	-0.906090866531194	0.15801206411577434	0.15017026667404218	7.355486726678082
GABYEO	0.593082709353487	-0.21472518245379602	-0.0967933329889824	-0.19487716070176478	6.338624714089148
GABYIS	0.5723195382713149	-0.45436958886711115	0.2228449610353875	-0.26206035776186165	6.964064577298442
GACWUG	0.8383973048325961	-0.166865018198121	0.09913013462236824	-0.019639659219878477	7.517716948405913
GADFUO	0.600188352846855	-0.10673354189741202	-0.5313492514163358	0.004124186087464612	5.630735558911572
GADSUZ	0.5765631594448868	0.23898425332887424	-0.25949599586123284	-0.03522294606273245	6.4708913361320395
GAFZIZ	0.8054178683616522	-0.5601485023881827	0.2614378011945786	-0.14557707245187607	7.561625422924774
GAGMEH	0.4423051889999563	1.0400251898194586	-0.6384318553523454	0.11334499169336466	7.38736711763606
GAGVIV	0.8712336863221655	0.5982206153850829	0.42889773333857256	-0.34740558143416567	9.725657617020046
GAGWUJ	0.5700749689975648	-0.020876667782720473	-0.13305892489216395	-0.08935366802788056	6.422939058375986
GAGZEU	0.519133691584357	0.2534543067158652	-0.7074132216495368	0.03094621003766121	5.554275831028848
GAJGUU	0.7970991748868146	0.4423686592843807	0.7569349191217194	-0.24109803322453224	10.213646888028896
GAJQEN	0.4615102581029742	-0.14000703603061	-0.07782488114653272	0.120183702383855	6.135740258129493
GAKQIV	0.8420215043016155	-0.6171049589269304	0.17615556113655093	0.09486302701489183	7.459690115303667
GALGAC	0.532389099479146	0.3400268190316981	-0.25917683139943654	-0.03320294944959968	6.617894426225904
GALGEG	0.5134856156280714	0.3460678626871914	-0.28687801942525615	0.05097012195740919	6.52931316332531
GALGIK	0.5284733076405157	0.4824450420085082	-0.3899655626978566	-0.09817711899452321	6.63821818782798
GALWOJ	0.3280742398768286	0.4073825891280969	-0.3659577464285572	-0.44996848659024946	5.902598304946418
GAMBOL	0.736926724970913	-0.8765907793042642	0.24115400360810876	0.11815541533771204	7.487221338356756
GAMJUD	0.6872681452620348	0.5722020480018744	0.1593475106886518	-0.29018229366526593	8.281932820479772
GAMLIR	0.5628832287285466	-0.23893375019315613	0.10296677866976237	0.2428159036396341	7.020173557570779
GAMLOX	0.5649117726097153	-0.23217527738248578	0.08273617306212577	0.26771488883203287	6.824757104485676
GAMLUD	0.6039517616879637	-1.014799774076951	0.3134531602265287	0.3488762549438533	7.8921274575216955
GAMMAK	0.8499527971683571	-0.55531835875345	0.7316601385831618	0.3972889856269488	9.70438353340934
GAMMEO	0.6324046257997349	-0.4896937316210666	0.2106298202810178	0.04338427862520382	7.110607041143016
GAMMIS	0.8502027634029661	-0.6196061555452657	0.7236632187122112	0.4070645520247267	9.619689733368283
GAMMOY	0.400158471833139	-0.24299046141431518	-0.09561105528220712	-0.0354464038897989	5.872553001241951
GANGIM	0.7148335384449291	0.10227088591140361	-0.07826764600376909	-0.19165092232039913	6.953812383948608
GANHEJ	0.6563765349797777	-0.38632418597100315	0.01662357481178306	-0.18644619111664765	6.54644236029512
GANTIA	0.9163659761782021	0.3761466823317008	0.2359013418650338	0.40774792474311794	8.8660071298608
GANXUQ	1.0586677060587846	0.3291628301457342	0.6367890004417238	0.15393297488031316	10.603338816479686
GANZEC	0.5295903850834947	-0.9062101214710025	-0.06435763968582758	-0.10799296938708657	6.005444595896531
GANZIG	0.7077501515693774	-0.06649383109037663	0.5082607444054603	-0.20673457764115538	8.38351349825824
GAPJAI	0.6909423043253238	-0.979528435063141	-0.04088630388903816	0.22743709730502773	6.678472859524103
GAQYOM	0.9638200018713547	0.2802330073479105	0.4603786704419241	0.2962541449842786	9.553198533344407
GARBIN	0.522832660412786	0.15763192731474063	-0.2248551397060256	-0.061162894917236414	6.31308138775382
GARPEV	0.2856698954299075	0.36554297121571616	-0.7432481700900813	0.06565582796135933	5.279320095092754
GARQUM	0.7462483214374727	-0.6023598873745288	0.4425631741956069	0.25488009440284687	8.184841607977912
GASYEI	0.8939498163084876	0.7472129479896716	0.20594480981596655	0.17025595406203195	9.529328693397447
GATDOW	0.8035642708004964	-0.8542462778030067	0.25652327143891096	0.1356863994401996	7.70063535202708
GATLOD	0.6018512269356453	0.09997063307614074	-0.07652245041402847	-0.0548922026890763	6.67208195891962
GAVPAV	0.7467928345256531	-0.006595048887037812	-0.021887604876411115	0.10320531414462485	7.230708857275984
GAVSIG	0.4754094329793874	0.05609309285745147	-0.5405943913034739	0.0005130400387865861	5.501022096777962
GAVSII	0.5445760865012454	0.08168610882311321	-0.14910412715276566	-0.05985952321167139	6.360447386809126
GAWBAL	0.6220512106934128	0.5981440607252835	-0.2608352171901043	0.07208322044831977	7.315990634256614
GAWRIJ	0.5625693527856468	-0.5878112282101924	-0.5680233081645378	-0.40285200943871	5.065506231167858
GAWTEF	0.9645525064539253	-0.11675271034489498	0.7273173847931795	-0.05383333108561807	10.031575375088629
GAXLID	0.5979103975508995	-0.2637469641313029	0.2566514004421991	-0.055069564445992376	7.291108979277141
GAYZIP	0.6557880439290207	0.5509113671334827	-0.21750536519727998	-0.03104047897308832	7.267697072179241
GAYZOV	0.6287108314804124	0.7167207814778545	-0.07693995922866914	0.013889612629373056	7.950940811898813
GECLOT	0.6427294183747128	0.5508695822804288	-0.05961831483491556	0.02501376673229294	7.652448553878595
GECVAO	0.8722365545279676	-0.06838782962854381	0.43381588455842723	0.14043797951924475	8.669817086579249
GECVUI	0.435911310345376	0.5414742275756139	-0.15378187403133758	-0.1120225093265025	6.7133433472329695
GECWAP	0.6324539672231353	0.19678273289883436	0.22982319202206108	-0.07093842690061114	7.672400302129274
GECWIX	0.493739973127191	0.1951371546888219	-0.12992513878111714	-0.14887613683107248	6.3675972815506485
GEDBEY	0.4967191496348482	0.6346016337532974	-0.2379851082636426	-0.06792861893139715	6.982185571522627
GEDFEA	0.588887476904767	0.8038321414594913	-0.3950390574164298	-0.09999831293803614	7.442291460933514
GEGQUE	0.4862245024096232	-0.8956531372032801	-0.14808573668104003	0.07542449414432487	5.819356197710802
GEHYEB	0.875402029551454	0.4956171674365459	0.5936589987913837	-0.04756078373242582	9.90758278937307
GEJTEW	0.6501846865969902	-0.09220351595933501	0.2896880809069705	-0.057640796909340576	7.59774846608398
GEKDIL	0.6285129402772744	0.27641658006861886	-0.2707756770638627	0.054786655392127265	6.696978407420791
GEKNUJ	0.6453701584481202	-0.6666018379051601	-0.35856212633294243	-0.2183102542755129	5.756545243642538
GEKPEV	0.6509540682245598	-0.6998312321201265	-0.32365705469650613	-0.1925813497427054	5.893110134888758
GEKVUQ	0.7867969843669975	0.07771150783837538	0.16811573805439783	-0.0018306274511493293	7.694815844156486
GELJOX	0.7590892659938122	-0.11526557167652542	0.1757902610453858	0.12002482175979942	7.515146261754703
GELLUH	0.9722419493795202	-0.08034114018106214	0.6648172673384491	-0.17611338992812214	9.7834380179582
GELZAA	0.6233085998488193	-0.5624619933386117	-0.45613144188191707	-0.3080001487967172	5.399836343957107
GELZEE	0.6330695661513239	-0.5227901435540598	-0.4116933546842369	-0.3085492313666325	5.511088954142337
GEMQUL	0.6031723085373137	-0.6041697512993949	-0.3381123820182129	-0.31597049826315426	5.5197308512348755
GENRIE	0.4802358335001067	-0.17127022271660838	-0.09308408824424647	-0.12099660777101835	6.203709906904987
GENWAY	1.0311667526580326	0.12014103551579833	0.7965465906499485	0.15528244001762767	10.767657686769326
GENXON	0.740653604305356	-0.9606803914655542	0.34816261149124517	0.10095367307549333	8.023542105067902
GEPDAH	0.5606789964155894	-0.7480060424261223	-0.361780876035306	-0.37575490488777663	5.4734781168527675
GEPLOD	0.8074355621109222	0.5471051169466588	0.14818990525268583	-0.1796535433140699	8.579893372482935
GEPLOG	0.6684906690771699	0.4881769401224308	-0.13003357782299957	-0.01614341153691174	7.420005047181322
GEPMET	0.9078605730105798	0.6962726489191988	0.16854012936903723	0.02816004131455932	9.395702037912043
GEPPIB	0.6726971469869927	-0.5820771815534107	-0.012800001323982457	-0.02938846080866819	6.598414906631426
GEQBEN	0.9488372883703606	-0.7528701596399345	0.4498788321101903	0.14360615536302193	8.70194922583056
GEQCUE	0.6554586843926984	-0.061057555823530944	-0.14990761905316746	-0.04397909369153179	6.485661469244124
GEQNAR	0.6184169898888392	0.22054899865087924	-0.23393234790741946	0.1268704372227985	6.711891542890787
GEQXEG	0.532964674549512	0.030100158629196225	-0.17722518567330353	-0.18343738819962155	6.218406176827864
GEQXOQ	0.6102441051512617	0.20649609824464457	0.06538152210659724	-0.2244227775605142	7.195727720754189
GEQZAG	0.8354008912891322	0.4620061997573016	0.2988387298386057	-0.13917365676404095	9.062161563283707
GERLEX	0.494239616863414	0.6160483027869257	-0.19951354684577882	0.08239427873052371	6.994262815251082
GERTEE	0.6879293029197218	-0.9232867190159499	0.3328590230130688	0.1551117355919088	7.556663001598245
GETGER	0.7482146567103882	-0.9624497034836208	0.4160983996918823	0.23474076682726208	8.47063064607338
GETNAX	0.8576635333340752	-0.33100836514102655	0.7252270598226722	-0.07767498251955564	9.61317923371785
GETZAH	0.8087924385978909	-0.022800321587482936	0.04415831513370996	-0.15388009325370441	7.4174814883709335
GEVCIV	0.4876270126959108	0.08362854951326334	-0.45615069251313684	0.5360280362256833	6.256968719772287
GEVFIX	0.9558005053361978	0.43476989612223216	0.25000443144848006	-0.021293275744044778	9.222654638705656
GEVKAX	0.5799941351858484	-0.49456409257438927	-0.40919680642331907	-0.12541737598041214	5.406157335476232
GEVXEK	0.5511013148264468	-0.6248396282786017	-0.5665113504759887	-0.36259638167795794	5.103089996318519
GEWZAL	0.7696233727928234	-0.6941699775955659	0.3093006437295094	0.12124702889833819	7.8053737082804275
GEZKUT	0.5891541574639261	-0.5094623790278285	0.33903615861724706	-0.23956057664417962	7.371475573826812
GEZLAA	0.6483700632732177	-0.3471138014177222	0.2470884875815206	-0.1559061774346402	7.262251531358677
GEZLEE	0.569012663520521	-0.44813978223545375	0.28666324905713414	-0.41067973508966427	7.233490344779794
GICFUW	0.7761726458143539	0.04479059250205787	0.5564686968234579	-0.05046535656399873	8.769158347878045
GIFDEH	0.8468898642411	-0.39397857692249477	0.8006582919010146	0.08065609627963588	9.756986286043478
GIFTEY	0.5393799270673663	-0.35869967414298404	-0.3191581889818962	0.3521259981815562	5.891242978453604
GIGPIZ	0.7373766755384965	-0.639202241885376	0.3669413862151122	0.11246943312159369	7.657413916773608
GIGXIE	0.5151459178202265	-0.5879755351668381	-0.6781029951426876	-0.378003587791089	4.77020027348548
GIGYII	0.9646533200416032	0.3907409215637189	0.8100293109515588	0.056423770536905504	10.946965931137889
GIHBOP	0.5083244374047631	0.7696855153375235	-0.2596802971205167	-0.037124728566677284	7.334945808480077
GIHSIA	0.4600691837071409	-0.8279529169636219	-0.3918948917908371	-0.33751212663070285	5.03416853775102
GIHTAT	0.45901756511703606	-0.30013874130578744	-0.36949166116052395	-0.6524499968277373	5.382076108796106
GIHTEX	0.48562319740839577	-0.5877323868463955	-0.4770870306700235	-0.3478262600350438	5.123066614363038
GIJMAO	0.9113910586368448	0.3197724615339089	0.13861588020161797	0.29651113503236226	8.512034185814171
GIKTIH	0.6588921777224028	-0.7701820810568965	-0.581865646507117	0.26573799804396747	5.619594772905138
GILGEO	0.9475380320086817	0.16793656365177603	1.350807233953201	-0.16445311173798965	12.756170328250507
GILSIF	0.7668284346185326	-0.39676497379371334	0.4448774416172619	0.07866061337352331	8.138504825361299
GILSOL	0.7880235484326379	-0.2778740266396114	0.43679953917010683	0.0403810276579987	8.235683975946756
GILVII	0.6732085328217918	0.4773165949974235	0.22740680278821349	0.17463592125362717	8.313739345177051
GILWOP	0.9101533847259446	-0.47041153076353054	0.47459254322769756	-0.24251663246092542	8.554602830782281
GILWUV	0.9564607244654315	-0.40044863826416555	0.6301588685904105	-0.15206879055551903	9.389332696391298
GIMWAC	0.7588703441913518	1.171182097871558	0.6250786952048994	-0.02225310111109946	11.14792446032936
GIPFAO	0.8857306203853854	-0.4648067733401321	0.42384605819991744	0.18210385759230283	8.536322732092087
GIPFES	0.9458552538130851	0.42366222970075246	0.36625812355493154	0.1428536370253376	9.338569799362077
GIQKAU	0.6105445358437374	0.036371938822902544	-0.05609273654151864	-0.19896857556803854	6.706583543872332
GIQNUT	0.6182821764172628	-0.9742359583594138	-0.11462428856587928	-0.08350751988473158	6.252091886045952
GIQPAB	0.6361125079454242	-0.9682576736983046	-0.10412188683124679	0.040030177000469735	6.447460290190456
GIQPII	0.618848932513214	-0.6722108742164736	0.03175224063768743	-0.06068433262698906	6.4922597913723825
GIQTOQ	0.6570822699819869	0.6193313299767662	0.10430148743659433	-0.10145954235425646	8.120428528858369
GIQZIP	0.8793618286390981	-0.3702936472560694	0.3608355274922242	0.06780967398259642	8.15242488037957
GIRMAW	0.6456682233841029	0.1893815329906903	-0.3189934938965454	0.010430986582158422	6.649381868471263
GIRMEA	0.811521096379237	0.8246500570386537	0.2877577200382154	0.20860129736040128	9.448081266614986
GIRMEB	0.9498349569206486	0.652395846779565	0.5786594518981739	0.12146662561148969	10.434460551128046
GISJOI	0.992068761419354	0.705252656912583	0.2848085144456769	0.5277366959432581	10.074294700546211
GISQAA	0.6983966754301889	-0.20393716759176475	0.5714996700297907	-0.1840931793474758	8.400187155388789
GISQAE	0.5064974664508846	0.33662105049795343	-0.27916691710364333	0.026128953332883065	6.3639378896170555
GISQEE	0.797021926415205	-0.8965766843913783	0.7954918536825983	0.4784132981984647	10.229464118867607
GITCEV	0.7356828342504595	-0.1511249688551065	0.3929372006872741	-0.12065086375128199	7.940448727550964
GITCIZ	0.7567204195683424	-0.30618352620231754	0.3700564836275242	-0.0918151711362744	7.83374993793583
GITCOF	0.726023920034117	-0.02302169370500641	0.23557488752119587	-0.016631663587507235	7.570011930845078
GITQOT	1.005496637462655	0.8240516773117785	0.47684245961662663	0.04889115791120714	10.697168430862153
GIVQOS	0.8546711417016057	-0.48800642110441167	0.07062840288314581	-0.015126164801057499	7.2782154478284005
GIVQUY	0.779922420958866	0.1624119718761833	-0.2642853838649321	0.10659229574906427	6.996865074469693
GIVTEO	0.7152763289488719	-1.0110635922812818	-0.11477217452462887	0.14374842043454245	6.430752939370841
GIWHEA	0.6444736554103621	0.38554407422056536	0.17511330544103	-0.14942707194097574	7.775162448652997
GIWLOO	0.8939980868590531	0.6590103796136781	0.21851371155004456	0.27324031098265134	9.362340196304176
GIWLUV	0.5662874860747644	0.011139381352959221	-0.21795245629599602	0.1500966748815179	6.340955328611102
GIWMOQ	0.539690328446107	0.13586261884986453	-0.22994664376274254	-0.02938994560286289	6.287485685767609
GIXDOH	0.8473386893430579	0.8903555082097263	0.0421547337270444	0.3752488812139806	9.36240146707128
GIXHIH	0.567404076527593	-0.7668228249260505	0.015620639268040082	-0.07288211453040853	6.383065250318467
GIXJOM	0.7934076587796977	-0.8153091208609429	0.3317692667740445	0.16757687995391105	7.894761631385497
GIXNOU	0.5482649970156404	0.6085924864358281	-0.1348773062216717	-0.01417703259621965	7.232605257713726
GIYLIM	0.46326046669980325	-0.25140254676452717	0.08800084333251604	0.16881915393319952	6.472533944888013
GIYMAC	0.5861715098556228	-0.4436786512529673	-0.5353567747460741	-0.07463855452345412	5.260069061520451
GIYPEM	0.5450466809302652	0.23307577055874154	-0.2188203125480152	-0.1479168430912584	6.460115226999731
GIYZIZ	0.4410651629906299	-0.39087032948892764	-0.20055947071052843	0.2145204353762094	5.736316979788006
GIYZOF	0.43134686963713964	-0.5086830271178021	-0.20333896362322895	0.15486318799035342	5.592978457039772
GOBSUL	0.7101091015491114	-0.9307361635451872	0.005606999006911431	0.2244603778124588	6.836911528298264
GOCBIN	0.6710892570743248	0.08679647769545927	0.1955875724568235	0.0075762998075556975	7.5393847197548585
GOCBOT	0.5661008756526025	-0.2616731541449184	-0.0895989240667441	0.0586850101635851	6.256559533372412
GOCQUL	0.5913316993819393	0.32162324735260045	-0.10447617692984143	-0.0650425109293952	6.842074493537428
GOCXEF	0.426227564525143	-0.019322334960227287	-0.3961757088941658	-0.23347864358345652	5.43395849589323
GODFEK	0.9584579942286293	0.7564608798210508	0.2783700333389183	0.3739613142807243	9.956058667948884
GOHDUD	0.7902687789714289	-0.8870839157856085	0.18947789514319696	0.12459853324517547	7.3669969387483265
GOKTAE	0.8160719903085214	0.2728156823235337	0.1339979897493423	-0.3334368600623496	8.170821294463709
GOKXOT	0.945735121952116	0.2008950460563496	0.18124232948715868	0.14266739638798293	8.613551040766355
GOLQUU	0.9179233559045326	0.7565214057215597	0.4029902463878669	-0.039990542550747125	10.05901982768132
GOMCOB	0.6689137781637191	0.360311094646429	0.32128427994332204	-0.1692830091177414	8.190407233765429
GOMMUR	0.7673815344670976	-0.22781715327274799	0.3501896780626943	-0.15819905209822824	8.02424394247861
GOMNUT	0.7970304034253273	0.21144732014297615	0.3853031660263261	-0.025942134583440364	8.770671639721167
GOPBUL	0.5844026637873263	-0.28340518367586426	0.24577843269825217	-0.055719719487134646	7.214395425270953
GOQQAG	0.7539727205010083	0.05436353963050489	0.3484488262433265	-0.09882228850860962	8.286379216983224
GOQZUJ	0.624720324594576	0.7565964458279946	-0.27941510879270776	0.04836791009375087	7.640426794498738
GORMAE	0.6349664679777813	0.7154741879652429	-0.45818942528556666	0.21033208671635756	7.358552463204916
GOSJIH	0.639081585203308	0.764365302420023	-0.49134859274900206	0.20292810361537217	7.552171520765887
GOSMEI	0.6837196928072453	-0.5583876342378224	0.7045456707607685	0.04631531501651072	9.024490218994272
GOSMIM	0.44605562718684943	-0.8632034197133016	-0.04079912786822942	-0.11850602329050465	6.343881425893945
GOSMOS	0.9555576999836761	-0.07914395164967794	0.5277083224081907	0.19812388060909064	9.175818592677272
GOSXET	0.46442985780536183	0.06830577220346944	-0.4691434807404707	0.2845956626423759	5.646237736103448
GOTYEW	0.49359838572381687	-0.24057290677214802	-0.6739098128688359	0.3097009436083473	5.04157349258338
GOTYIA	0.5031214875606214	-0.18184899923968964	-0.4380089582909162	0.21126998844202535	5.396269910967229
GOVLAE	0.610839079420125	-0.6323885334972275	0.22000694514988003	0.015999427379137447	7.115841930193303
GOVLEI	0.6230310006189983	-0.590597881566032	0.20198140906179096	0.01970895544601645	7.04561951907564
GOVLIM	0.6290200811161384	-0.5749166243388908	0.17776818268490122	0.029616774420170078	6.964984855865271
GOVLOU	0.868650386984565	-0.917401947578822	0.5835064319443474	0.45336986549827707	9.16119496712755
GOVLUY	0.6308629154740952	-0.5364947886232285	0.1334838000411558	0.01897751892067232	6.813762238870362
GOVMEL	0.91065793557798	-0.7609004244073281	0.6575927278752145	0.35942941107621784	9.550919658760161
GOVNIQ	1.0361309541206163	-0.05184306691005328	0.6721008136582627	-0.27986020113609245	10.199145069226716
GOWQOY	0.9211117414903569	0.3617594065096537	0.26989640515146407	0.23465371092760698	8.89837702582996
GOWQUE	0.5111074960806254	0.11538174162934806	-0.31620978254911464	-0.1082991441867843	5.946062589141145
GOWRAL	0.5660057345240599	0.10569967993422846	-0.5291776023606545	0.08046617520859745	5.699682394884049
GOWRIT	0.7427368592259755	0.7333791740908682	-0.2562705853991957	0.13523523719474317	8.245858014207315
GOWROZ	0.6103967083708381	0.16791778325140402	-0.12816473503429227	-0.10022142617786228	6.743403073459598
GOXFII	0.9643258424622525	0.29027958296062434	0.9263567439341447	-0.2940045648082604	11.175616384096125
GOYKOX	0.8091162033482133	-0.2459018646379908	0.33865271350451365	0.10767259287251951	8.044334018575945
GOYLIP	0.6032280765861495	0.032052003498468415	-0.08056714631363451	-0.053084041679416966	6.683349330907929
GOZGOT	0.6768432067672165	-0.547212335776682	-0.002951781325255462	0.010865980807658635	6.641011363490096
GOZMEP	0.7712611079384315	0.022092238870702163	0.487849278455809	-0.31798618637163734	8.520965582602154
GUCHAN	0.6317467143307702	-0.6633323760590362	0.43241456125893585	0.26489707186952793	8.186431955658655
GUCQAY	0.5356375828118312	0.23547259184319225	-0.3918651456311762	-0.0029157177540913553	6.199907133097848
GUCRAY	0.5995921113088576	0.23787907178020884	-0.2945482817994446	-0.07607370233409531	6.483183431591362
GUCSAZ	0.5881041811019916	-0.5057736971791262	-0.23294412430706052	0.27473318001513336	5.871593980316694
GUFGUJ	0.6409157282791034	0.07196345879992849	-0.255021144781268	0.24391579894505352	6.620224790241015
GUFPUU	0.6534405132648233	0.4968476365725674	0.04220168089814322	-0.16158278254207245	7.782993552972652
GUGTEK	0.710215994898741	-1.0009674191564284	-0.07050240779797437	0.20101002663267992	6.5952228113242235
GUHLEB	0.38422918637815506	0.2861957521671297	-0.4282522256303452	-0.08292807033339923	5.763680285993927
GUHXEP	0.7047291722443694	-1.035524211369881	-0.1206402535294964	0.15347529414827057	6.437203373355296
GUJNAD	0.5341440693474437	0.5252790160438576	-0.41331806314970804	0.11529368839826194	6.69475219839347
GUJTAI	0.8708267638623735	-0.28641182803059523	0.7002831346318674	-0.04285261617909986	9.424367942182961
GUJWOA	0.6131694926621547	0.23645051171575454	-0.11060282300854657	-0.054448248687975646	6.912890708485971
GUKGIC	0.49675336789534974	-0.9415535732673415	-0.7427157906153161	-0.017565981339193692	4.571534877495944
GUKZOD	1.0175209401649052	-0.8767505617487481	0.9429862365026143	0.5097330756306663	10.93364488164026
GUMSOW	0.8296630783484691	-0.38951005843592124	0.024267898899111406	0.14828598200233375	7.17831537763203
GUPMIQ	0.528997629922471	0.13772863226371163	-0.07082079543693554	-0.09238236842195274	6.642086691217523
GURGUW	0.6086082790042466	0.19336802636599518	-0.11086431565045127	-0.019687215937613026	6.6960683391834355
GURHEJ	0.49484376024568544	-0.261525761862771	-0.427515570918135	0.2039862138593079	5.4659818127738244
GURJIP	0.5044870755476163	-0.3884370269622873	-0.41757599571694765	0.2704550210978408	5.361648891290116
GURJUB	0.28454027367108115	-0.47270764676301263	-0.5732598639769486	-0.10447619758999299	4.465409408707942
GURKIQ	0.13717164542192695	-0.441728997462139	-0.7916458546498346	-0.396441003468725	3.91506302402097
GURKUC	0.4468599442133989	-0.22518353116477627	-0.525162371452299	-0.017197713923146424	5.076180145766587
GURLAJ	0.49592619587264863	-0.31374567052207386	-0.15236772119830566	0.28247199490276287	5.930995917758891
GURLEN	0.35489661330739697	-0.4140384925642284	-0.36489975919242496	-0.11896135898160595	4.990007047217159
GURLIR	0.21755692529679216	-0.7255469610087688	-0.614797708244351	-0.3116443968264345	4.398260087196931
GURZOJ	0.5253319046238838	0.07345287940079952	-0.22594066159842296	-0.06018083421818221	6.1750156431381775
GUTDUV	0.6812999273293263	-0.03368443276463222	0.2629505854006491	-0.05871745381050824	7.690136717754691
GUTNIT	0.48263629732514435	-0.01911078370956612	-0.2600779144696563	-0.11994450339245084	5.893400869151002
GUTNOZ	0.48936259377960845	-0.09924330121380784	-0.332005810182774	-0.07625017630209661	5.712538618802926
GUTNUF	0.5352120413461456	-0.008588722710303956	-0.1627087414200979	-0.08904264146065882	6.273721844653128
GUWGIP	0.9358102776314103	0.3548357773626054	0.7503288024794812	0.14696183351981895	10.725702942232234
GUWNIX	0.4859071433134572	-0.9588206649810287	-0.4450042492082407	-0.39999312902306805	5.237008177403388
GUWNOD	0.522506714025015	-0.8811647089266195	-0.38500123044493534	-0.38551350102403004	5.4101503811693465
GUWNUJ	0.7351219911208275	-0.49664758799042663	-0.2971458000015508	-0.16866442705364368	6.120759296025677
GUWWEB	0.7078907516246522	0.3313681706135656	-0.08537506828822305	0.11447996364843954	7.2897294981665235
GUWXUR	0.4402254983593288	0.4369358734125227	-0.833334852082904	0.25697832522087394	5.775093565112818
GUWYED	0.5629538881341061	0.2270027955652316	-0.11951716281061278	-0.08623481262711448	6.6335908967330885
GUXVAW	0.506613766197261	-0.10494993637727316	0.030575025592075006	-0.18551104961446105	6.827640543543623
GUYFAK	0.8063831663978958	0.6157053400607613	-0.02230875181391248	-0.04763303629957641	8.272301301591945
GUYGUC	0.7570531060004759	0.3386223782631697	0.39861055300352216	-0.18442562748412228	8.666776319475453
GUYHAJ	0.7682204244606154	0.3145343357859087	0.4078037733645408	-0.19919659455371588	8.697207030039781
GUYHEN	0.7908801913952797	0.23069080730237626	0.41476572705502557	-0.10792160227039167	8.692889549058552
GUYRIB	0.6577081197714625	1.307670567090019	0.5029210262599393	-0.5322550802793453	11.16264291405804
HABBUH	0.8137580288587198	-0.07656525872830633	0.3953595454203148	-0.19277361744996366	8.268193774132538
HABHEX	0.42113535795337764	0.3850377914811396	-0.4475214868895872	-0.06128914315509684	6.002782604430919
HABXUH	0.9136536511463893	0.7587714772441472	0.5531462992522191	-0.18120346866727496	10.484917214605005
HACDAS	0.7160286922189991	-0.9305844639166534	-0.009692505183191577	0.22899537745884987	6.777812054439326
HACDIA	0.7282511981855135	-0.8929479562359404	0.00937189116365221	0.21774165650096175	6.827084210657196
HACDOG	0.7278653927946985	-0.8738382210059543	0.021145062853260496	0.21044274085515188	6.871038988653332
HACDUM	0.7230255444055578	-0.8942516360951518	0.017709350011335848	0.23094783782848274	6.853117795076254
HACFEY	0.7176920996174916	-0.9224004414726232	-0.0022280418602109026	0.22769999508004823	6.802978110486367
HACYEQ	0.8093193306400375	-0.3552996104458308	0.2591296290401649	0.10320312826356295	7.5840278308899824
HACZIU	0.901740796165158	0.8734488730805927	0.3136534089139401	0.06806823333358422	10.109185914054756
HADVEN	0.33218481225887597	0.04766831560300262	-0.09469421007923504	0.14149097985075917	6.005305466258024
HADVIR	0.39233721891433415	0.23568096657687637	-0.4295727921509355	0.2404846948607673	5.968280426477455
HAFYIA	0.5478061310421669	-0.03559186546145145	-0.1838497370654681	-0.020489696078616854	6.240071551435241
HAGBIA	0.7333319363763238	-0.8321456905225619	0.3171385983624109	0.023240446818505192	7.40307930721481
HAGJIK	0.7737416036723124	-0.4688425428297332	0.19439284799818848	0.039478949530232746	7.4343936871321095
HAGJUX	0.7363235753116468	-0.5173465436703175	0.07672516459370618	-0.12238057381638524	6.957699060487215
HAGKAE	0.730039952307802	-0.5337538659794301	0.054212709740325854	-0.13816302940270903	6.8712545386504615
HAGMAG	0.8401669938523462	-0.36323562881004007	0.24775934797461102	0.10463332675385399	7.994041703493765
HAJZUP	0.6401365831599914	-0.16410682833969772	-0.2314111999925959	0.13202403920333491	6.291453429326193
HAKBIF	0.5930658104715274	0.07894825417666403	-0.03208851295963458	-0.24984046083160116	6.7251340389516825
HAKXUM	0.6188065617041669	-0.40237770240982157	-0.49846822859884515	0.05303477545547912	5.517561678335214
HALTIX	0.7005026019897524	-1.0740956710852423	-0.1638013605001128	0.12924352262778319	6.321843081756516
HALTOD	0.7623373230986665	-1.1100846219591538	0.11211329898719206	0.1283736489775856	7.257626859582672
HALVAR	0.7003577096347158	-1.0745888137276791	-0.1639771901577849	0.12937046337775893	6.320932654716289
HALVEV	0.6996990796107161	-1.075544143456083	-0.1638200434856359	0.12889980509588622	6.320955974579437
HALVIZ	0.6995533797900357	-1.075731552807592	-0.1649992231250373	0.12921437251866175	6.315844069346568
HALVUL	0.7007337174765009	-1.0735015388144578	-0.16364150325726629	0.13023292881285087	6.323045813825318
HALWAS	0.7732546575910808	-0.5463263897313337	0.25348718340685134	0.006864364152340666	7.571140516667485
HALWEW	0.8150828378342556	-0.2722746701652874	0.18384563477467386	-0.024533436974306815	7.6039817698688035
HALWIA	0.7004056545388302	-1.0745927260778456	-0.1641499049027137	0.1296854450828906	6.3204533588824985
HALWOG	0.7998142748463444	-0.7971802248783466	0.2962792079848501	0.11229910098617168	7.692593802369297
HALXAT	0.8211150683246675	-0.9146617844202305	0.1581780097746525	0.08514405563864573	7.468897637943651
HALXEX	0.8646168998310735	-0.19693631490196703	0.0014891857731655217	0.12604298967057068	7.264258398752369
HAMBOM	0.6983157616626894	-1.0843158881536707	-0.17160588897827445	0.12741077153135927	6.290650123250704
HAMBUS	0.6999741132165527	-1.0751896292107694	-0.16387301210473215	0.129287081378973	6.322181861270844
HAMCAZ	0.7004715399278476	-1.0741947451705431	-0.16312369772497154	0.1294476486752227	6.324636476681278
HAMCED	0.7002895488652925	-1.075204910985281	-0.1635104540309616	0.12939344717114784	6.321216775262224
HAMCIH	0.8057281819204247	-0.6875194536004652	0.48164914922081964	0.010971726033715556	8.511865007331641
HAMCON	0.7003378130261986	-1.0746522921010837	-0.16340501541349162	0.12913203615165553	6.322618712240679
HAMCUT	0.7003668076425074	-1.0748904223134073	-0.1643554238831284	0.12949781841389366	6.319731131859873
HAMDAA	0.775328333243837	-0.5667777798591584	0.25935270718227077	0.005841807521633111	7.5848099375841835
HAMDEE	0.7002201324424719	-1.0751700961223565	-0.16311226734625323	0.12888672908623394	6.3227939995988285
HAMDII	0.7941712868421638	-1.0576527083901068	0.08194571003010456	0.22518128408335775	7.282014673956352
HAMDOO	0.5763648376239123	-1.1015009594107876	-0.21289821325039876	-0.055614606117191545	5.925825822333795
HAMDUU	0.7000132672217081	-1.0747612523644094	-0.16336920093595952	0.129101986933116	6.322441968677126
HAMFEG	0.7003039031302336	-1.074846791083491	-0.16373872257517463	0.1292281337861848	6.3226130898573025
HAMFIK	0.7001504383728134	-1.0750683697001602	-0.16457956206005764	0.1298120446466175	6.320651619084674
HAMFUW	0.807760902444655	-0.6130909823793531	0.1649878402732329	0.09916628184532525	7.361832798374174
HAMGAD	0.700082973913938	-1.0749363886208754	-0.16508567554381393	0.13001225586797927	6.317634482861389
HAMGEH	0.6999888520421704	-1.0759211936497413	-0.1642975802539388	0.1289024597801857	6.3203157892900395
HAMGIL	0.7004307592891195	-1.075299575832748	-0.16370320574684444	0.12933841656763695	6.320873088418282
HAMGOR	0.8190260576909125	-0.22777482762886492	0.2547405948845581	-0.045725031700097146	7.845527086615245
HAMGUX	0.8101024526628855	-0.8857896240678438	0.2698786972063636	0.14416181793898847	7.761471467575442
HAMHIM	0.8085459355518516	-0.9396363522906488	0.22113537902332836	0.21643457273553404	7.658007208110234
HAMHUY	0.7003685097694561	-1.0745118429048643	-0.16430245694149026	0.12952917178302908	6.320618028174885
HAMJAG	0.7883701306762596	-0.9425991357549224	0.20823389719783217	0.21829793798471364	7.544033045902023
HAMJEK	0.7005561798584612	-1.0752996739449714	-0.16346461547516178	0.129166511351682	6.321930429873067
HAMJEN	0.42364965515409025	0.16581805860508694	-0.35628818559366465	-0.007913424792325739	5.730105182074476
HAMJOU	0.7015421188071738	-1.0817792686782155	-0.17635101058314462	0.11930832429928492	6.285312123392504
HAMJUA	0.6734910198425883	-1.0476420495468495	0.43788274294734414	0.10609357269457627	8.31306853253406
HAMKAH	0.7000008366817179	-1.0752009981402983	-0.16361340935516033	0.1289487776058617	6.321980953516161
HAMKEL	0.7007069690440888	-1.0740604165120147	-0.16305721481951985	0.12929718979417287	6.323781189031693
HAMKOV	0.6993386233315118	-1.0750340512269618	-0.16846733923936458	0.12896132926818155	6.307309782536741
HAMKUB	0.7009935752751613	-1.0737704075748826	-0.16386445409414013	0.12964855362998548	6.323472801756654
HAMLAI	0.7910741340681104	-0.8019973574198738	0.1481767608543847	0.12896655417672603	7.304625253172918
HAMLEM	0.7006867800467216	-1.0739630455339486	-0.16391857083043337	0.1291772980641641	6.321137496590155
HAMLUC	0.9225189737996944	-0.575347695901439	0.6656804903163918	0.13036527084929594	9.717316392365163
HAMMEN	0.7909587974485079	-0.6309209735724985	0.46084405425840563	-0.01052574024108925	8.350987647765963
HAMMOX	0.7006154391097432	-1.0744574232652444	-0.16349797988531894	0.12923023972197908	6.324280972338766
HAMPAN	0.579412939912821	-0.18071799356266205	-0.378757530277943	-0.1535989439640603	5.725044031356852
HANWIE	0.5726769152393629	-0.13517144204572829	-0.5567141323908631	0.21746710068167424	5.528275423515959
HARTAZ	0.6239722398737371	0.30764358776340767	-0.11495133050410475	-0.013270782847790836	6.977478515216416
HARTED	0.6152589471933485	0.31579093435573025	-0.11883099924302462	-0.01430145251593906	6.950139822937446
HARTIH	0.6357661945254183	0.3706309797511764	-0.058807447797919576	-0.05817144156225096	7.206086957486002
HARTON	0.6471228514108542	0.5328654279080081	-0.13006956095115962	-0.028934381905921125	7.373889785174692
HASKEU	0.5294824554121798	0.35396537999060057	-0.5839579908700858	0.05420209293106855	5.983514758407653
HATCAJ	0.7989898833915836	-0.6979104956826936	0.2854208350963824	0.08538225561890633	7.8038308390914715
HATCEN	0.8385003792844037	-0.1497393000197584	0.11724832365621896	-0.037528892078679765	7.561474092033327
HATHET	0.7056937289246417	-0.21841312524542664	-0.2120630651661921	-0.4029185115881495	6.377459653066001
HATHIU	0.8392676203295126	0.9113983166393593	0.00703437309161227	0.5491664057280912	9.363177340748082
HATMOI	0.8836244699328484	0.41698458267253	0.2542006466608674	0.20560250664362434	8.966055266467215
HATVOQ	0.5146605551899661	0.48117309998853236	-0.18077987948501295	-0.10247327599435714	6.836605138261221
HAVBOW	0.5605957459842044	-0.7440681103195577	-0.3530960172404044	-0.38527689661549025	5.480880911555504
HAVBUC	0.5625024842378341	-0.7557048805366955	-0.3457423947061163	-0.38586915261979027	5.507398369914359
HAWBEN	0.6537507472430075	-0.9365306636984323	0.010920399026512373	-0.0855885060491485	6.674197266270529
HAWCOY	0.6952202099355738	0.9874576411300684	0.11658673374156253	-0.02370322424384068	9.269970929263735
HAWDOZ	0.6579766590760459	0.22148174622673172	0.18059826354070996	-0.18748733220011532	7.6209538272414985
HAXQUT	0.7035741462276928	-1.0281899024534336	-0.11189203849938573	0.16146871955269185	6.46744424869215
HAXXIP	0.6988575203222416	0.21348145369937901	0.2007183125909408	0.026648755526825565	7.6932941609926955
HAXZAJ	0.5558037588464515	0.14224258556258965	-0.14051363445559079	-0.057944513707923924	6.579100145322591
HAYDIW	0.5141361570010341	0.19387033489253547	-0.20680240294419883	-0.050734406896404946	6.2774538089719005
HAYNOM	0.7880467234514077	0.10325883091652178	0.09505728909097225	-0.012237417954825951	7.792814856060451
HAZQIJ	0.6493819382916044	0.49638396863047235	0.07203824955926774	-0.08478978869285901	7.812774333134986
HAZTEL	0.630889402994188	-0.6202401552997614	-0.49160923527882555	-0.20216544756560284	5.289455954702148
HAZTIP	0.611532839509163	-0.5497659363640715	-0.4987572422207443	-0.37326628908292747	5.306799228098369
HAZTOV	0.6301707425952916	-0.621390651986641	-0.4918864332110044	-0.20456728960841516	5.287486782461949
HEBBIA	0.811388792108743	0.2527857361878604	0.2895269299333584	-0.13803889382359566	8.490148813177788
HEBNIO	0.6531692678083765	-0.34897629210344966	-0.36354904975585733	0.04398950951386922	5.74205217321701
HEBPAI	0.36110081739314115	-0.8146834236958951	-0.07529678834658607	-0.06277927126757227	5.886113478014342
HEBZIZ	0.5216302100434049	0.15374643304520666	-0.4383124373614455	0.30962109852544595	6.066610307626006
HECDAX	0.6960508994118886	-0.07501487721507602	0.5936903513364256	0.16709727406867925	8.802533959715786
HECMEI	0.741093100129782	0.5297576734281273	-0.08625656990986724	-0.005275479258625464	7.694687749520211
HECQOW	0.5428821513664479	0.6856597856996247	-0.31306045907941893	-0.09758154661370536	7.107181256402692
HEDDUS	0.44132212073456767	0.27650293928922176	-0.5777074182848219	-0.1552182888725383	5.583084869136117
HEFHOR	0.4424981624541662	0.2565540148607295	-0.9170516167100098	0.15126096852307402	5.425305471769695
HEFJAF	0.5470682719621802	-0.154466293744056	-0.38551862580198387	0.2073869225586319	5.726862086039015
HEFJEJ	0.7355918240891066	0.14054353087109192	-0.0887576933877049	0.3423300524617091	7.272725950619211
HEFJIN	0.5611242280879445	0.07271007153335257	-0.23108895493065212	0.33946945414742213	6.454394513479279
HEFQIS	0.5783418368200115	0.04697212606371068	0.14185949811421497	-0.10812822200200302	7.1416512877815785
HEGCEC	0.5998606210751092	0.5377519645414011	-0.2547519669240585	-0.034935888355433695	7.071601070809012
HEJMUI	0.7166549966759659	0.2384851023070197	0.1285610676910291	0.029364027984850993	7.622270514708857
HEJNAP	0.7570082771761815	-0.002673740569075895	0.2359896744201162	6.978049018007554e-05	7.71037883056192
HELKES	0.5652270749097541	-0.2059631554172929	-0.3934779970711367	-0.031084677202061265	5.712798106170469
HELWOO	0.7250500097203174	-0.28231222678989687	-0.3467131269533416	-0.32343928332552463	6.106872383031534
HELYEG	0.5225300501277292	-0.6620307262315461	-0.8015240399374983	-0.24717763806339418	4.663106144534226
HELYIK	0.49403595416555657	-0.6746175581457359	-0.8671553915149353	-0.2912706852290129	4.492946402591352
HEPBOT	0.5747459274399489	0.49112440151411313	-0.319569596957441	0.09567988181354599	6.937423204885578
HEQQAZ	0.8045386521884517	1.2105223997434709	-0.3671489459326013	0.010849562616590425	9.556407861836611
HEQQUR	0.5759259794819664	-0.3432081931347733	0.33616913775118823	-0.12361500833668186	7.552386342364393
HERGIU	0.8164012390298643	0.7958173741540986	0.08637780671482403	-0.35503728976824933	9.036082731190277
HERSON	0.8668668958137502	-0.21905708821360997	0.047783715257446555	0.5350502338798951	7.6398301082750795
HERTEE	0.8045147771938623	0.09348612952313079	-0.16168289206075276	0.031031046997008843	7.329560290129029
HERTIL	0.7653851007054513	-0.14300691442728786	0.39637757571343246	-0.010468353753807749	8.06530656002733
HESPOK	0.754711058876377	-0.2806492198251807	0.03470131262782007	-0.191494200524468	6.9832883704657185
HESSAA	0.6583921347233028	-0.03508699666397934	-0.1658493235426582	-0.1355679402627352	6.437743736635483
HETCUE	0.6897806043381394	-1.0373699810369486	-0.10051847218584903	0.24445472755292416	6.564266707526901
HEWCEV	0.7705475860167024	-1.1221505039725546	0.4792385381203099	0.17366174115460947	8.77828348501688
HEXSAI	0.9487026162641312	-0.07567590369762654	0.9903982483157916	0.03415642910604238	10.810750509739162
HEYHUS	0.9284001734653504	0.4071961261194315	0.3173552930136221	0.32987097714926317	9.314236123223033
HEYXAO	0.7129153458875646	-0.5280960949169566	-0.228744234266893	-0.06520720801374237	6.168747060144902
HIBFEH	0.4836992308650405	0.4229616198864751	-0.4222440741641363	-0.04850125432361413	6.337614272084341
HIBFOR	0.5132800168441491	0.10404981079143466	-0.12950022854383086	-0.06553779776331264	6.326161235317358
HIBHIN	0.4485936878889447	0.18113227583865854	-0.4808650268495798	-0.08263534241347104	5.68246898338641
HIBRIT	0.5040863915396088	0.10675893317086944	-0.4714485175154883	0.10872590739292658	5.760002898898372
HIBRUJ	0.6632534600403304	-0.5784927216790308	-0.3361279042788134	-0.12685952219113905	5.762842706541719
HIBSOB	0.57209989454139	0.29853175971142587	-0.19464778950134615	-0.13542662950649995	6.672782284066394
HIBVIY	0.7182695254408422	0.8917329319600398	0.18838351713484472	-0.032170824714331525	9.094626394880573
HIBVOE	0.8090718963009911	0.27400045648344434	0.3457770031594176	-0.0022081997993512624	8.572136336045284
HIBWAU	0.6757999342330763	-0.6313894883495033	-0.31940835254413286	-0.10208031410063573	5.866427783878001
HIBYAW	0.6763346053767867	-0.6301999946129131	-0.3192133698637658	-0.10241300621344446	5.869281861593286
HICCUV	0.8355883199718193	-0.447077476387126	0.49455691529427204	0.1115211950769941	8.469460064871813
HICFUY	0.7795612101611153	-0.09059968877004668	0.5054964098330472	-0.1034953850553954	8.446467593994466
HICGEJ	0.7897429928328572	0.21671926892316426	0.41010816801951017	-0.23235726033884088	8.576106849061118
HICGIN	0.4992815978203442	-0.16121132054447593	-0.09048384937934206	0.16306347524840942	6.315120161168659
HICGUZ	0.5584161576579607	0.6929838419470895	-0.5078012706794617	0.10143361945946694	7.040766323372363
HIDMIT	0.44059655598646774	0.5558611333016283	-0.15845049003386258	-0.12117359604632272	6.761138549193926
HIDNUH	0.892042532828027	0.7606042621058293	0.31862755359911893	-0.22969733422782396	9.83208099366454
HIDPAP	0.8640026560841099	0.9546634285677285	0.26032564315551565	-0.3483804233390022	10.032162665955706
HIFJAJ	0.6261601575104736	-0.9745330583230043	0.33745239894113377	-0.0038163473185771433	7.632692106028388
HIGPOD	0.8148931505153305	-0.10108125952562427	0.49026008139159016	-0.25374399949828025	8.520155848526432
HIHGIP	0.6935994987886556	0.7089237210342174	-0.18932919890390632	0.13491854420309207	7.817298147874219
HIHNUI	1.1144464356582207	0.030368267694774936	0.7931638467330826	-0.15879160619143817	10.84682571867622
HIHSUQ	0.8989163227255741	-0.02162875692657848	0.5540511201342888	0.1657667973924778	8.94547237835193
HIHTEB	0.901110785625324	-0.047534785216787695	0.5266664596133535	0.13331629211949875	8.88565338267811
HIJRUN	0.6850335715640448	0.505488314214833	0.31463225078430757	-0.09144998682020361	8.473787363170805
HIJSOI	0.45928752110688986	0.4167431920767865	-0.05952429488515523	-0.2650485688360883	6.7872907924774415
HIJXAZ	1.1159943335364755	-0.03879495742468618	0.6162650510936869	-0.10076895857177562	9.768619563894609
HIJXED	1.092359970240202	0.00021874536293528535	0.46227862628209015	-0.025015558429646912	9.289964573050263
HIJXIH	1.1055807111721396	0.07800968591107887	0.5265260278582502	-0.04433478776795982	9.817211926302342
HIJXON	1.0255694033980074	0.7109986198962011	0.39425373931111735	0.21839657065826432	10.480277371166235
HIJZUV	1.0538100034104625	0.5553876653960421	0.3126936837109626	-0.05104788667065541	9.804899387350504
HIKBEI	1.0045380299455893	0.3524146629868585	1.049890503037324	-0.25202733405012234	11.843031438153291
HIKBIM	0.4780360615159811	0.3846398031427344	-0.33431919645149827	-0.04467203227475438	6.286911933242993
HIKTOK	0.6316425743636893	0.5878312617797266	-0.08890620896564641	0.051132758549086776	7.678898821365252
HIKTUQ	0.639170818362305	0.611343962900327	-0.06539633004424658	-0.0055127997398948855	7.814275159105872
HILFIT	0.5909602549787101	0.45676057251519586	-0.13127337293532532	-0.06025980566949811	7.035448512211269
HILMOG	0.8158430710265883	0.24204733042967047	0.5134982916340363	-0.015642899582632767	9.132306712312255
HILNUP	0.7029202826741239	1.1594965564648252	-0.20565563484140909	-0.3319439093492307	9.24298967017505
HIMCOZ	0.9896985393186339	0.402490489232803	0.08932573953554751	0.3096275531667484	8.976242691711517
HIMDOA	0.8326813993293456	-0.2527136056078765	0.5508965943739697	-0.07727268175504315	8.750768524219787
HINFES	0.5631364026718302	-0.2866818954076407	-0.08796099390529954	-0.1854878636011215	6.29662337510807
HINGER	0.6787526862901476	-0.14491528690822064	-0.15251103821488354	0.02941393848204899	6.380252784717308
HINLIC	0.5672771898298468	-0.39752414915108275	-0.07965239512383743	-0.14065923256223692	6.23961432332714
HINQOL	0.8034657443996638	-0.4767876329276766	0.04000010781654707	0.12306543056330546	7.0545771868534
HIPDUH	0.8437125283647022	-0.42117363486267084	0.6042739482570543	-0.06804170042639873	8.936133975558233
HIPJEV	0.44795528857025424	0.4394276113739367	-0.613605532654736	0.09425030397701845	6.004110200244922
HIQBEO	0.5150101775938394	-0.6473728203896152	-0.6459392623276023	-0.36238888762052157	4.8716971538959895
HIQBIS	0.5709124055774097	-0.6311666507260787	-0.5324529359785146	-0.3572025360414246	5.1873704631611055
HIQLEZ	0.5774395376065611	0.13578998868714987	-0.12436571471301516	-0.07541056581778892	6.661644721089354
HIQSEG	0.5394990078260058	-0.15067066978830373	-0.29755916843670227	0.27258379083021056	5.614403676262791
HIQSIK	0.9544667686553856	0.28735950154139295	0.44652067372478166	0.2641675079585747	9.52024580255355
HISLIG	0.5765423397221463	0.29009949150782327	-0.46142155430110116	-0.0276520265681475	6.198577324523167
HITFUN	0.5763870991544557	0.2893966456086826	-0.4610136602973089	-0.02943876012523508	6.196596165874029
HITKAZ	0.5727232177400587	-0.7386909930108887	-0.03139142717808466	-0.06231810754033378	6.246251081666493
HITKIH	0.7745864781318383	-0.2537991790094003	0.6494003375604886	0.039666661749026916	8.807831423156204
HIVHIG	0.8890477220948974	0.8855713627133173	0.4521509468720061	0.2015050569998118	10.440279350990966
HIVJAB	0.4687707414101574	0.1514326437150425	-0.3801733280394132	0.05563183201986821	5.763720267204276
HIVPAH	0.6597939369251771	-0.23845649960144757	-0.0890944444242773	0.005239773821307414	6.4042121543516615
HIVPOS	0.6110306908390282	-0.08505393170812861	0.30469502499726464	-0.12539018919715939	7.526224665279443
HIYXEV	0.8723207171676624	0.6898832393316259	0.21505547878033168	0.12440446399480018	9.358959493719581
HIYZOI	0.595472402932649	-0.9236432614149264	-0.08651832339619084	0.04768788171719143	6.151138827479112
HOBBUY	0.3301378700987865	-0.3485948986421384	-0.0900144559236041	-0.18058128492902165	5.473272046728646
HOBGEK	0.7612174736751331	-1.035134026062149	0.21090311119581717	0.140814175168855	7.567740398511595
HOBGIO	0.709368473856216	-0.9953193947967711	-0.08798317702920799	0.171107297995516	6.515299501810993
HOBHAH	0.5545274712374466	0.07184780686740476	-0.37468970417958214	-0.7949340952433271	6.057245118389634
HOBHEL	0.572511187460921	0.05792754438664448	-0.2047954597079915	-0.7795741337868534	6.406458219748323
HOBHIP	0.6574987252969322	-0.13498510027041288	-0.6634202017374586	-0.0019425693162830361	5.488985154847355
HOBHIT	0.6015704293557524	-0.04254733996153505	-0.4221248545451341	0.022509533894065306	5.836331044830673
HOBHOV	0.6180825270398556	-0.05782931046839225	-0.5415352003796936	0.48977708503484907	6.002523409363715
HOBHUB	0.5268622339685072	0.12324270319759364	-0.41790838482484577	0.14956078668005948	5.638972551445064
HOBJAJ	0.6139871946576729	-0.2784499859209006	-0.6443921781314619	0.0441986593772829	5.38593965296041
HOCKIT	0.2845309182075484	0.8991994288104954	-0.8730618316959975	0.11706534107638081	6.278042665539372
HOCZAA	0.6355971686425734	0.6046019248414221	-0.06651773552768656	-0.014862582445047689	7.768871106355977
HOCZEE	0.6551553702556987	0.560273595120748	-0.05789239804619109	-0.022185994138139896	7.723278251884322
HODTEZ	0.7379180041657909	0.030389584707898577	0.5648041189740337	-0.3029442303925557	8.776658333663534
HOGNAU	0.537483352464502	0.11576273384239955	-0.2946912731374552	-0.0951310074867669	6.014700886424368
HOHHAP	0.9946354286334786	-0.20177883450751008	0.9782627170026954	0.13423116934352475	10.79129463182553
HOHHIX	0.8588237238830567	-0.15923422984913718	0.9192888362156433	0.004618721214746069	10.108960697422186
HOHVAB	0.5508870377701163	0.5147575774519024	-0.3782221343019292	0.1092857913576655	6.841472607347079
HOKFOC	0.5579297669706964	0.018210198984419917	-0.4891938472641629	0.22443255076819527	5.995843873692648
HOKGAP	0.7354839376694651	-0.09982566761428516	0.11269803795287148	-0.0172488146332693	7.27540362944707
HOLNUU	0.5519974231788716	0.43014777966100803	-0.2563283070894987	0.004580069992925559	6.724811025273531
HOLTUX	1.004397195506403	0.11654913295180758	1.0211481800755744	-0.2522265078798262	11.55333728084403
HOMFIZ	0.782095365742717	0.3351078788556033	-0.09254550229497827	0.13233378117516723	7.518559740151227
HONCAP	0.2676061656826505	0.40719998909545885	-0.6243399920471322	-0.10554509391538312	5.3134892146696675
HONCIZ	0.9422363986792694	0.9613469612088308	0.5459139324811342	-0.2537236713433857	11.13842530032541
HONJUS	0.41813361701215523	-0.11728442049945627	-0.48025924057301356	-0.11014893649122727	5.166917374362484
HONRUA	0.4654600411043859	0.3961068629788965	-0.37180586712530656	-0.1728770275754073	6.160493779190424
HOPBUJ	0.5280950903303125	0.3837249862457706	-0.32559686970912116	0.05051361917091125	6.478942248155216
HOPHOK	0.6909809830832865	0.3996333985839307	0.3227646773334941	-0.1527176911705566	8.346544666916127
HOPMAD	0.6979450860414955	-0.006820791871172002	0.18576311402200313	-0.0706675504144231	7.434381552573462
HOPMIL	0.6336908972196609	0.1421535991787517	0.23207021845234826	-0.14264725033667253	7.528941040819
HOPTIS	0.8134791397590746	-0.0916495388583242	0.2413742821303689	0.09851280378917027	7.887543095089256
HOQBUK	0.565323320983012	0.19857818086677337	-0.15027028242206153	0.09340226296401433	6.61654300191271
HOSBAU	0.6290426186378868	-0.5183551158906741	0.15990796798570628	-0.1036621061744385	6.8193856680713285
HOSXAR	0.5710378311261266	0.16613077993081657	-0.3477949820942128	0.02854723004957592	6.205458080464955
HOSXUJ	0.7362544115490666	0.17103895666768842	0.5967473121123434	-0.4003741160691101	9.109712951767616
HOSZAR	0.5816381761320004	0.14531370980077543	-0.2104674387552462	-0.023164753415957626	6.4009805558877435
HOTFAZ	0.8267292045984034	-0.6468755412016629	0.8230378342489839	0.0953187236889318	10.00249939720167
HOTKUW	0.7061047390363804	0.28717489185666667	0.3205238467399415	-0.1282583116106128	8.28169250346956
HOWHOQ	0.54960680589513	0.5112249701888141	-0.3767630865877145	0.10742379568647603	6.835036069243021
HOXYUQ	0.7459282151157884	0.4375405628431528	-0.21683691511916214	0.07371203114845275	7.412367813985545
HOXZAW	0.49865211993116	-0.14677375622943575	-0.22952880944280013	-0.10793478919158908	5.803160046918462
HOZGOT	0.7753993078587689	-0.7082743776108367	0.31900939989281807	0.0827008046609395	7.751605727821959
HOZGUZ	0.8028923931102652	-0.46406171284786407	0.401578607022517	0.1826992709296281	8.113647424991346
HOZHAG	0.8148403905398762	-0.252452627403027	0.31119497984659106	0.13566208793778448	8.003121451743466
HOZZUT	0.4308985086208459	-0.39447936422685453	-0.025325098916151284	0.15106035908325005	6.219024007866475
HUBBAI	0.6078820584885856	-0.46401567581447783	-0.0577329078540752	-0.04800015768227106	6.35121634740786
HUBBEM	0.7048633161464908	-0.6374288298144968	-0.17224172015475225	0.24641824767983886	6.339937045830274
HUBBIQ	0.7063943682625391	-0.4627881454467898	-0.1775853721004726	0.2254974978724372	6.394570832938085
HUBBOW	0.6424117536345033	-0.21847904990592593	0.0276945157481652	0.0024716944659942276	6.78910241012427
HUBGIW	0.694656508975303	-0.7332638322992142	0.33919677421444916	0.0668235012373904	7.769523573104244
HUBMUM	0.8976229196552543	-0.08551911299577208	0.7466738730364821	-0.058414799212866665	9.871599435744947
HUBZAG	0.7747705332424495	-1.037646723916845	0.15560128471418977	0.1294654872566648	7.344280088358714
HUCCIU	0.603402631163581	-0.4057535892443913	0.06534760472962318	0.005596778553519834	6.328976917240155
HUCFAN	0.7068141354951027	-0.5168607419714764	-0.013230178065345849	0.04373698119208752	6.587248176967454
HUCHOD	0.7907228449928194	0.19453903536482908	0.040319465986676226	-0.05039426692345052	7.44594997448463
HUCJAR	0.5106197382854942	0.22437274892716094	-0.37990628797562764	0.12829906128481122	6.099788197597382
HUCJOF	0.6683232942311088	-0.5258451051641286	-0.34878079369305215	-0.2838875102334858	5.811296397919424
HUCKAS	0.7977231481564617	1.1484548527558844	-0.3066507154689896	0.0800838332466786	9.261764471935885
HUCNAU	0.7752563511851625	-1.156305700867439	-0.013439063497131698	0.07129969800225822	6.861713950022881
HUCYIP	0.4252592229568908	0.28245276420582216	-0.3653906436546212	0.031969131890237604	5.929095960512271
HUDNIE	0.502639843256353	-0.14055312117788749	-0.23794124861546512	-0.09990507259338414	5.7781973612811335
HUDNOK	0.4986597718070662	-0.1524546172021614	-0.2281522530609001	-0.11182156863134052	5.798121485674754
HUDZOV	0.359182814810886	0.3380577198485895	-0.5658614528423247	0.1515899726147193	5.695921711145453
HUDZUB	0.5686237101722877	0.2439535321582375	-0.47244712104319936	0.17808596020524217	6.099671538066362
HUFBAL	0.5002850778199619	0.4237173632567054	-0.5751968230756057	0.15231010885575152	6.157641221747815
HUJMAD	0.6822733650853756	0.5805951277562096	-0.24579145966006027	0.11608107605518829	7.482454345721099
HUKXIX	0.5609372845136367	-0.17499189669049184	-0.03572507464187047	-0.0554762457018739	6.401069018703839
HUKXOC	0.6036694894789214	0.3817916525173116	-0.3747039210375403	0.10288098681896769	6.708044440908306
HUKXOD	0.5263217143718499	-0.19089244093816152	-0.06525707919039725	-0.06279915520631577	6.242123401130717
HUKXUI	0.5492490030135269	0.4947653572074517	-0.38973008510608104	0.11116489071507056	6.771045113446648
HULBIZ	0.5955225898753218	0.6706578912473418	-0.17496461642200012	-0.03188045642939885	7.447714567081055
HULDOJ	0.7672869274124547	-0.06641627605764258	0.9146999853858488	-0.1098524477277104	10.166704172765327
HULDUP	0.7927603387275699	-0.023646266124063908	0.8866213130940988	-0.13567755297864734	10.110718305521072
HUMCOJ	0.5121984855629833	0.4576403522617146	-0.3926187143253454	-0.0743638235193752	6.476028274241024
HUMFAW	0.9463218958339201	0.2860103431283873	0.29854351009195035	0.3609632182440212	9.194433042629111
HUNGOP	0.6951810812853685	0.38227207314129014	0.11397747869761182	-0.05014920848774175	7.8329890470859365
HUPDUR	0.7171716122413025	-0.6234226181489988	0.09385318861468471	0.09964273980961764	6.824599827630245
HUPXOG	0.7985964891810857	-0.38854168875158335	0.07182710950540597	-0.06249901644477094	7.154723035461094
HUPYAT	0.7155411248360242	-0.9889159948986952	0.07801908055046924	-0.011279266411152747	6.895747655910122
HUPYEX	0.7110017887458522	-1.0046455228914621	-0.09497111467160613	0.15815009082638923	6.504213847625121
HUSCIH	0.6708368919924101	-0.41245149967247735	0.35992851105536927	-0.06430891372572928	7.604653614930474
HUSCON	0.7091320395825882	-0.034948979194085794	0.24661294359392888	-0.11192787869618752	7.506291076102645
HUSCUT	0.6033967475255002	0.11136070088964678	-0.017377455566956468	-0.1509463040520678	6.7738319177093755
HUSDAA	0.6273510305302956	0.29842899671746753	0.02700768176855156	0.09003907534767583	7.148736552218721
HUTCUX	0.5625292772749386	-0.5686716742286091	-0.1744953083629004	0.06418978675806662	5.951240349830635
HUTMEO	0.6850891768916139	-1.1560808821452784	-0.3223093580772365	0.3068598400445821	5.8980396297912145
HUTYAZ	0.6170269291910593	-0.16802189893400368	-0.014963089879278857	-0.15476531913335054	6.457265231051462
HUTYED	0.7564033356563229	0.23253175309628205	0.361872071134986	-0.21061767546422328	8.393444127298826
HUTYON	0.5252343873410492	0.09806284200748829	-0.28523561724065394	-0.1268512721617101	6.125941657247172
HUVKOZ	0.603144284232175	-0.5068897642416174	-0.0496380019056126	-0.07325293565575916	6.310185828525302
HUVTAT	0.8802199128215715	-0.13596507512190653	0.9969776281530256	-0.16008383437708718	10.700359267059028
HUWWAZ	0.5097077631611144	0.5478563195556201	-0.43596151012219503	-0.06667160120202666	6.640112132047726
HUXTID	0.6268664959454044	0.29405610671918886	-0.23365155886420874	-0.08478164381378533	6.72029591330993
HUXVAX	0.693808046017927	-0.038868168683279955	0.2210490901068639	0.2512901764292217	7.925159516342982
HUYVAZ	0.8142301093214943	-0.33496349109793194	0.46237593111957326	-0.0519650767357653	8.169761756067645
IBEQUB	0.6058781095582413	0.14690917422352076	-0.4132445367427316	0.25457650307904567	6.402722216342659
IBETUG	0.6076238485825183	-0.6188129099411535	-0.5308408941904714	-0.15427303575203244	5.146616807447201
IBEWIX	0.8658044732228696	0.31173382801436006	0.4695806171414111	-0.026538676637281627	9.267019686887236
IBICIG	0.862618795637089	0.5055995817150003	0.3824176901514956	-0.010716201643831063	9.344651547907572
IBIXAW	0.9197532366723138	-0.41589435457612356	0.8258122577987363	-0.026423408313234528	9.836853510800712
IBIZAV	0.8093943299198871	-0.5326837349894911	0.32010285570491576	0.13948477603094048	7.8372853516388075
IBOCAE	0.7599879722874183	0.5784625365369331	0.029361932753389525	0.09214125719407087	8.157062887234204
IBOCEI	0.6849633256153647	0.08787557264464932	0.11819942568775069	-0.05604814985225669	7.367439285320433
IBOCIM	0.6781596860881898	0.4132537660297006	0.12457906513167023	-0.01329359068872396	7.836111277068776
IBOCOS	0.7107133928591436	0.7482031390973909	-0.04017723470689005	0.11351402482960941	8.252087875333677
IBOFAI	0.7516798092185457	-0.38251323659140196	0.6160877114384218	-0.04787297266768862	8.511084039319977
IBOFEL	0.8087898600134418	0.8504604902943829	0.49467061163631093	-0.1792419917071654	10.170763812724543
IBUCIS	0.5121079604708108	0.07883917725800954	-0.5234482779356695	0.5941762688967391	6.164725074026185
IBUREC	0.6600039924477894	-0.3008744912024	-0.23033947384504377	-0.13672568762669496	6.096293876460068
IBUWIN	0.46641142782651546	0.5006056771246685	-0.08413159860609576	-0.12189304401174832	6.8810550257571546
IBUZUC	0.4518117304438336	-1.0638564537634125	-0.35357565560556353	-0.3745618982628186	5.399566693816112
ICAKOO	0.5602018512617359	-0.39253869665140606	0.04851929747649014	-0.16730165884268552	6.522882302146439
ICATEM	0.7154958838874146	-0.1981489135112359	-0.2439871581157413	0.11560441574831291	6.387738801506981
ICATIQ	0.7641172148240294	-0.0278252294740751	-0.3093648055701074	0.4354919908078575	6.723630086848821
ICATOW	0.6983368354333486	0.08258739186021011	-0.15614119006963267	0.17680467585570075	6.855033508991016
ICATUC	0.6280676595041106	0.022565911401658346	-0.1806215024947666	0.21165310304913443	6.575936582294547
ICAVAK	0.6541839719472815	-0.07127844830448496	-0.007746919903752106	0.20356887919326866	6.922409866241619
ICAVEO	0.6339377641226216	-0.41547053778925547	-0.1430776231958975	0.2022173311425764	6.340814093298361
ICECAV	0.8689624924229093	-0.4906593937826685	0.09413717990795625	0.23702789247345737	7.523610781133155
ICECID	0.7147157802028428	-0.4763703965933924	-0.15291537694758262	0.30378737143655277	6.443672033089511
ICECOJ	0.6184765377363171	-0.13610158072195067	-0.24125597180235958	0.042816654922173014	6.104475165706616
ICECUP	0.7344070638325082	-0.2439257663089198	-0.21355058855468134	0.3067991351361714	6.414880205761761
ICEDAW	0.5125550623443695	-0.4994821837399908	-0.21457314717237702	0.05520958051501827	5.585251430335416
ICEHOP	0.622086033135151	-0.030685041547325778	-0.18369661920977703	-0.1252206747286761	6.298908026764155
ICEWOD	0.5712384860193982	-0.09780260322926985	-0.12937775076044733	0.14856509943480728	6.350218161292217
ICEWUJ	0.6471072166197658	-0.10867616143469218	-0.14270749012806533	0.26695278821953783	6.699811454285309
ICEXAQ	0.5846668910912856	-0.09431357305620107	-0.20615646552194594	0.4429801082780481	6.611286909086137
ICEXIY	0.6099943566165829	-0.30135077600315	-0.6520771757839703	0.05431935493380122	5.350482495864669
ICEXOE	0.6790675385966836	-0.39514751137870724	-0.548199173924476	0.07239357064055751	5.706045858672225
ICEXUK	0.6420796428615718	-0.3591874871650517	-0.6083647371260177	0.057088101216313566	5.485427141652578
ICEYAR	0.6175005572214465	-0.2750675758338503	-0.49693241271227834	-0.09920182012653106	5.564456172384192
ICEYEV	0.66001927188774	-0.3664103129881174	-0.48557024796350096	-0.0447378115616742	5.673098203753125
ICILOX	0.897486222306024	0.33959331314182367	0.3755338327858588	-0.04528549916472805	9.149744660824014
ICIMAJ	0.9269260749987165	0.4232047605593728	0.3588907888434155	0.10182096944229166	9.359636857769514
ICITUM	0.46575985446447987	-0.2623309624850849	-0.021272992887938408	0.014081494640765743	6.345322335336637
ICIVAU	0.5424775516098794	0.03598915722809641	-0.04244591002373427	0.08146837992220894	6.594892811419072
ICIZUQ	0.4304261422300808	-0.686797066438197	-0.14173306195308139	0.06398042079615554	5.7520167097541535
ICOBAE	0.4644556197704315	-0.7639839514339319	-0.18741626870270117	0.023155783037240245	5.507178164643626
ICOBEI	0.35769994486817325	-0.10304769588632326	-0.3384399176082208	0.09306780016655569	5.546303235692917
ICONOE	0.44574737088516425	0.44173341522223836	-0.6387926910185424	0.03888634430053349	5.761012488359792
ICOWED	0.8217573626605565	0.0680668713838416	-0.1499947536720122	0.16661110553126435	7.031535811066135
ICUCOZ	0.486574553873786	0.5801814475352005	-0.33861286461775864	0.09532669310593903	6.736872331161439
ICUCUF	0.4898076927538195	0.5144692085984595	-0.3489397736806	0.14350942092258606	6.660339536080682
ICUDAM	0.5417515651352343	0.34853243438800247	-0.3670367476574478	0.016412105718660176	6.420475447035921
ICUDIU	0.5593596609511566	0.6816433733767173	0.1859971309098823	0.04811061588707461	8.35697145190261
ICUDOA	0.6185001396996403	0.49263121609206145	0.1456793256725621	0.09878220016993675	8.080519265750706
ICUFAO	0.5481382779211028	0.6737571888117107	0.09478187639770767	0.06922668991550045	8.047911268711747
ICUFIW	0.549210436536554	0.668048001428662	0.027025170517617672	-0.0017767968191432677	7.807499363478394
ICUFOC	0.555815135938758	0.6992052484930313	-0.04600955218319075	0.03173811181727364	7.665753583137665
ICUFUI	0.5266723663026154	0.7814347583285828	0.029589002238611772	0.052201738395618626	7.9113480503905285
ICUGAP	0.5397927287385951	0.6730477767681982	-0.1020591561534461	0.05916022383147165	7.557880869637604
ICUGIX	0.5205508972920949	0.8429843214487622	0.029353590885432462	0.08068858690035606	8.033077131614737
ICUGOD	0.5267431853368851	1.2183468353869424	0.13401219303046796	-0.23107990096383196	9.253329294440372
ICUGUJ	0.5422294005885266	1.0895242896426536	0.2582598654147437	-0.1480564851040602	9.32049497711097
IDANOS	0.8272244916197389	-0.7907414370266357	0.6814495108636853	0.29782358003713605	9.53633891179339
IDARIQ	0.8967636720337069	0.4245486040436066	0.22435316188851662	-0.17927147482318814	8.851286672202896
IDATOZ	0.8339836920025139	0.41124788899925385	0.16427487778597746	-0.062165241098354425	8.393094064683487
IDATUF	0.9095678161825651	0.3878574095851719	0.36605821474267325	-0.11814581958146883	9.298008966519992
IDAVAN	0.8329867264755304	-0.06724435219427899	0.02083195708723573	-0.0032850284856874015	7.364246933771099
IDAVER	0.8911364925484744	0.4481326290394619	0.2924751786394486	-0.1257350104670173	9.141145080624598
IDAWAN	0.75260277007549	-0.1098372245496812	-0.47003955300309924	-0.25048813643835044	6.20790037341135
IDAYUJ	0.5972406870380578	0.07835871580140037	-0.2132076110077588	0.05902750680719336	6.449478171389176
IDIFIN	0.8757527364629878	0.7943893684170489	0.21227919777004303	0.14212947805844456	9.633017112883225
IDIGUA	0.42825425329377165	-0.5032648189967831	-0.7610373931684264	0.037137254516586414	4.4724910274337
IDIHAH	0.39235359630987077	-0.4430810268815154	-0.9293447261659422	-0.042087894069039185	4.242009710040907
IDIHEL	0.3662511246956317	-0.5082181622850838	-0.8426607147628673	-0.024805311284457617	4.214251317404386
IDIHIP	0.3938246023391443	-0.391117372029558	-0.8449175186319755	-0.3014835733473945	4.419164504989521
IDINIT	0.9308131972053593	0.21018320910075347	0.35830829780972284	0.2607156502029202	9.152400020147324
IDOCIQ	0.975356819245282	-0.11864344709201287	0.7351801166853835	0.11956172738532903	10.008834037209333
IDOCOW	1.0037950002931373	-0.0003154354004869485	0.7594285111470493	0.11930526232982372	10.299957338322523
IDORUQ	0.5246207747579597	0.0879811917020643	-0.27722371448917643	0.02590148379613457	6.128695581859981
IDOXUU	0.5532737499531128	0.49689071658942857	-0.3230179922569231	0.07268372133174988	6.9821045884135255
IDUNIG	0.5785484655770414	0.8355732806053706	-0.5181944106095306	0.0805503050724914	7.324460302526162
IDUTAD	0.5130848993429789	0.13461376449221835	-0.4637139501065349	0.005719779025147859	5.72151652554918
IFAXAO	0.7661134007630075	-0.050525968539648164	0.3109753845183858	-0.04668434949504385	7.932592598118497
IFEBOM	0.43050716402417244	-0.6598016333036159	-0.3853796754587936	-0.13963765374673986	4.97607645642342
IFEXAV	0.7361635146059182	-0.3856346212264933	0.33947595256381113	0.13673515268172837	7.981380695802681
IFEYOH	0.8081647375816372	-0.6526357694225087	0.24856402752406445	0.1188075864339033	7.5831611999345885
IFEZUR	0.8271346084998967	-0.05172286673139415	0.08477303990536814	0.2293583815246896	7.678886788266094
IFIBAA	0.6813467072008184	0.5052641494979189	0.018285933565133916	-0.1020487481415273	7.8614167124313425
IFIBAD	0.6815663050748348	-0.8053771963880525	-0.031528808832137156	0.2521986444872528	6.672230584334396
IFIBEH	0.6804241901803012	-0.8147433110168094	-0.04172620918068992	0.25198813168716383	6.65902698475246
IFICEG	0.8188576251237967	0.6197515309243453	0.1201802626853068	0.022759466032223327	8.749760035174864
IFIRIZ	0.7357660560543833	-0.8149328052726523	0.2140299093424144	0.18187477331614463	7.4382590710083525
IFISAS	0.7336052300538292	-0.823077422233246	0.1969942494752958	0.19053397461132773	7.406336199809137
IFIWOK	0.6089693192798746	0.5675990804909463	-0.1564396768023903	-0.02909277573716725	7.351425494034314
IFOBIO	0.7761307536960151	-0.03555330732308504	0.3022840968092438	-0.1986667713787202	7.90897178369386
IGATUF	0.8091189865014403	0.7633194972960826	0.375473101980561	-0.06860442888543204	9.60122969466819
IGAVER	0.8347216533187911	-0.06734989782465146	0.02130807017564118	0.4923537781373686	7.563439797456493
IGAVIV	0.8049451979805688	0.07850587846834543	0.11457352723634348	0.1791896704445357	7.936374753290059
IGAVUH	0.6263489006795959	-0.5782501103823059	-0.4014945584066884	0.037894938734106584	5.5946759912589785
IGAZEY	0.7594680702800565	0.003050905133088099	0.7057503608375717	-0.22502890474267123	9.303755955409807
IGEFAB	0.5765611748399992	0.3449021674827155	-0.2875798431227418	0.06149941456302305	6.713097496163353
IGETUK	0.7780447136013837	0.24792328993715118	0.34745915664541016	0.036800606088086205	8.505753460887403
IGEVIA	0.769795463719471	-0.22594548240796744	0.589499332214069	0.029915799444400898	8.63893758820032
IGIRIA	0.567541435622994	-0.5240569737236835	-0.18565947682568146	-0.12740243539606694	5.853329487627997
IGOBAJ	0.5722755343080461	0.30343107433989963	-0.18429978061304836	-0.23527091862844288	6.6224557553847445
IGOHUJ	0.7613617330684557	1.0041628337814035	-0.3642859512820793	-0.08293419326897515	8.655157385100114
IGOLOH	0.5855282242991002	0.24669678519429367	-0.15832180554119335	-0.21433963698347164	6.676648496570307
IGOPAW	0.7552487159904224	0.1643338537682966	-0.025764287764309363	0.09788318838938588	7.217931177346747
IGOSOP	0.6360000291826582	-1.2587645003600074	0.4473276862365016	0.16501436411938378	8.498901867448103
IGUGUO	0.5528243642608786	0.7153324116165467	-0.3630071543881062	0.040510119649847846	7.120431377355811
IGUHAV	0.5606733614118715	0.8120360796740163	-0.29759696096813915	-0.11256152817495362	7.426804707490434
IGUHEZ	0.5594574668379719	0.7684055910992702	-0.2633747281119922	-0.2775604882699564	7.4016162368542755
IGUHID	0.5747570120131646	0.7475589467726549	-0.22096364735623275	-0.32971912752540766	7.463752668640623
IGUQAF	0.5168181585532841	-0.7091250242412865	-0.276175089761254	-0.25867070142291737	5.3905400514720805
IGUQOQ	0.8492789061852646	-0.18966591125324145	0.059715506149217425	0.37241631827861876	7.609108339969472
IGUROR	0.7933183828013695	0.07548480987158737	0.03395024032819488	0.2776196259310997	7.585492520885575
IGURUZ	0.7357041913699467	0.5341195781359178	0.7688081603230454	-0.32424060261582066	10.207338410010824
IHALUB	0.8816412132281224	0.82310675078237	0.5263180990509675	0.08043031856657931	10.473411219172931
IHAMAI	1.014890002428098	-0.2403251360417808	0.3298647276566185	-0.07986834291902253	8.692797087878262
IHEWUO	0.37745562084597317	0.6436121410757665	-0.6455651028394402	0.14165100801979427	6.069352333783333
IHEXEZ	0.5116643456387084	0.7582150288870935	-0.25872124090961746	0.008150703593166223	7.305999551938989
IHEXOJ	0.5136884233661974	0.7501539319929764	-0.24226043828220134	0.002006113663953304	7.325195601449581
IHEXUP	0.5116071920911267	0.7515890903447893	-0.2459730605796785	0.002348906222154246	7.291887584567868
IHEYEA	0.45625245421139127	0.8685111829003456	-0.4022628114539583	0.005003252864602585	7.076162905363582
IHITOJ	0.698108831640484	-1.0118842953229599	0.010384714024913352	-0.020224833809568687	6.611417836256437
IHITUP	0.8377009705168428	-0.4357231136462011	0.2787436723062308	0.1345334155109825	7.8860891713247305
IHUYUG	0.49174620980149886	-0.3965201026969051	-0.5348362707948919	-0.04831217495229016	5.094787722770898
IHUZER	0.5750003249310423	-0.738136767169673	-0.24263489778638098	-0.1665064936373603	5.743040775086485
IJALEN	0.5931561658203917	-0.02237510756579025	-0.3234350295852532	-0.03371064224668459	6.046335007752247
IJEDOR	0.7015262399047373	-0.5709640040376944	0.0971289426941742	0.03345519684897567	6.922010164995686
IJEDUX	0.83132962426986	0.8412524429728878	0.027625064887359094	-0.03368629949480982	9.08087718436317
IJEQEU	0.5628657469550218	0.04299296159707293	-0.16519769980114607	-0.048210120962460475	6.412740488045605
IJETEX	0.49250606864784263	-0.7373594081799526	-0.5041014726453334	-0.48870091333716126	5.074821582102784
IJETIB	0.4589188326336373	-0.4671326893211168	-0.7580904003806177	-0.07547530745391039	4.660463262455371
IJIPIC	0.6375923549968956	-0.6114376421307866	0.1451684018403406	-0.016242883375144325	6.810353298148059
IJIVAZ	0.6521593772956207	-0.3276126050514941	0.17262530422442973	-0.06506425604379636	6.99712234687055
IJIVON	0.5321528774937505	-0.32159251236848535	-0.5454679546052468	-0.10637583783638667	5.0367355016904005
IJIZUZ	0.7849269278116502	0.7025870782592356	0.04700128938873864	0.04564688030019554	8.552089278158803
IJOFIY	0.613587226972319	-0.060750200781755956	-0.34478170146694265	-0.004077187048679468	5.992535870711919
IJOQAA	0.914575915030448	-0.3015266766448876	0.8506378836451081	0.16935116533436287	10.008476067564578
IJUGOJ	0.35847542200637417	0.87585107897729	-0.5730295087148787	-0.11167684499782943	6.714474298987784
IJURAI	0.8021920447210817	-1.031248346289956	0.11064478052863003	0.20673006042995018	7.358796010581287
IKACAA	0.8056568439593939	-1.042658740228237	0.13572457929140194	0.20597077054470883	7.464849713242344
IKACEE	0.8083250898344225	-1.0682164660897853	0.13254272487327667	0.22392777441682224	7.472134242641396
IKADIJ	0.9405161281668839	0.40575727440846043	0.3874720172244667	0.05695231831712842	9.421137970734621
IKEGOX	0.755720472416634	-0.29165315600719605	-0.10927222017220733	0.03305605538193258	6.577069439643458
IKEYOM	0.9883119791293717	0.40188039617919763	0.7620147602252372	-0.27976141509507446	10.91018486006451
IKOROP	0.6292454049511376	-1.217299960495634	0.07701647222185734	0.11206847236334973	7.011167203955703
IKOYUE	0.8566450148113285	-0.1092483015099544	0.03751135351321433	-0.007421504629227194	7.369549530107157
IKUWIW	0.36808185588707154	0.9673267352463506	-0.5759238684556767	0.18392199806018916	7.167623911847361
ILAJUA	0.38607501652367926	-0.18160689293272533	-0.5780497595014753	0.3992438513148159	5.43736282517925
ILAZIG	0.6682996388331075	-0.19642686432994264	0.05839752916561018	-0.5136601200898643	6.990279219962478
ILELIW	0.5189048183531249	0.2607210839324513	-0.1812870894984791	-0.168307933826723	6.4575484545424775
ILEXUV	0.9197009571420427	0.6446481377019877	0.7023265707489668	-0.3109858723264137	10.747885736166493
ILEZIL	0.46132114986956374	-1.092613544966252	-0.2890445713476931	-0.341979957591126	5.62408852474065
ILIHUG	0.5307771799485117	0.3945309217636419	-0.29523626750507265	0.043161223857073	6.51710333379032
ILIJAO	0.646880105525665	0.3414579689598139	-0.0937048377373956	-0.062989309825069	7.111535315812431
ILIJES	0.5198857048757963	0.4051795597012252	-0.292112754657576	0.05723426711206979	6.510044878269096
ILIJIW	0.540864423825492	0.3958647122057275	-0.2651751960380422	0.021003859125145005	6.550778476275042
ILIVAB	0.6832193208223734	-0.27165211046554544	0.15908577409805666	-0.19448232402253257	7.155950644532496
ILONIG	0.8300251848297764	0.7782226583789176	0.13399042985474466	0.38929593980004984	9.348557483219153
IMENEV	0.6381843101274098	-0.6522198597769486	-0.47422694118984304	-0.13836531796143742	5.456139178732377
IMIKUM	0.7517404504564871	-0.38954460237014904	0.35164232575788257	-0.01616316977727056	7.601677515694007
IMIMEY	0.7533914166418434	1.2106345374451117	-0.37034487409221784	-0.10442965455302382	9.319465588544066
IMINOK	0.7628551803948405	-0.8714258139672284	0.5595516494297641	0.13784975986949655	8.682627916208236
IMULOS	0.5944512142581209	0.3027067187756622	-0.3652501216062032	0.1404870262188522	6.529459571339954
INABUX	0.7273471638055948	0.19121684641449693	0.5799595188723261	-0.2067893091102095	8.913649811744792
INAREV	0.6195853051972815	-0.4333540751654922	-0.3991223696550343	-0.38142621583351477	5.5698436434692695
INEMAQ	0.586300984840344	-0.6528366908788574	0.15523067755298936	-0.01243805570487189	6.801294103135216
INENOH	0.8646880356636606	-0.4373588491703014	0.38340571522822803	-0.07703551794080594	7.958809557127892
INENUN	0.6812679135249065	0.5322550580910419	-0.15242629699416838	0.21760284505743735	7.4772293328577355
INEZUX	0.8946156327687032	0.4977718924475782	0.22579178517433912	0.41425236590824577	9.229654478116371
INICZN	0.8668083948771299	0.5697186622484429	0.6768262973504684	-0.10530576828284266	10.43124283511838
INIJOG	0.5619161540281885	0.17687521081838675	-0.11652523740154899	-0.10496485448035738	6.577801316525227
INIKAT	0.5882302018031558	0.0014210716752146822	0.1567134081463606	-0.08519915896664003	7.155038790330094
INILUP	0.5942927845191095	-1.0692043991103315	0.4071434343204042	-0.0357621365039727	7.702074683657368
INIYUZ	1.0759765189792772	0.42818639569214295	0.8392426965865389	-0.18133974066708414	11.825972810956003
INOCEU	0.8816364503626897	0.4302864632987833	0.3342096790318516	-0.033957567758782004	9.143308164220263
INOCIY	0.8844151297973868	0.4327645682788642	0.3354124328200165	-0.03726515455864608	9.158629095738702
INOGUO	0.508926033926052	-0.05965551913773005	-0.4880485955080239	0.21345174003892742	5.6748497162787
INUGEE	0.621616348560802	-0.4047426034624681	-0.11330945285236863	-0.0791874024008181	6.142468165961817
IPAHOZ	0.9127295992164006	-0.20084393412514343	0.594594991549396	-0.008442574702402115	9.1346710598795
IPEHIU	0.6002436521871806	0.4058099931830241	-0.3919529194610352	0.09293490357589652	6.7030361782168075
IPEHOA	0.533010780169878	0.34051136631673795	-0.5857791031311372	0.057720999053587047	5.973478366382725
IPETOO	0.6450990859325918	0.7418547418775838	-0.5111497614276064	0.6111470136821496	7.725081914241566
IPOFOL	0.5271482953149214	-0.9855911505444395	-0.032350537572837595	0.021756168452135956	6.419079643813496
IPOGUR	0.5642299521327416	-0.5155825720078415	-0.02826133352191984	-0.09358845074921518	6.189985296714258
IPOSEO	0.5316662456843231	0.428088301279289	-0.06102076738537979	-0.12186886728636218	7.0028894284313505
IQEDAM	0.43739523487170384	0.3346400998922968	-0.34763538625168605	-0.08745462503703491	6.064355216260965
IQEMOJ	0.37471761338468745	-0.6386775457161937	-0.4464443514529886	0.28282250101170514	5.1737593947558995
IQEMUP	0.3409787602655019	-0.7125357995804449	-0.3840615315561878	0.23851199033069723	5.385723119329681
IQENAW	0.5424427976564692	-0.4928877061740897	-0.10819512775892523	0.2216373860462805	6.140590395183385
IQETOP	0.6277285478588963	-0.4312185401859641	-0.250400238966457	-0.010987958110252114	5.913221608808872
IQEYUB	0.7924221521950443	-0.07976742881879814	0.2053980000142368	-0.039885542378207545	7.685167996126977
IQODEX	0.42660387864755034	-0.8798339705654783	-0.5720001661012422	-0.19761398529019517	4.7644626122181055
IQODUN	0.5537526450455701	-0.6170432323269879	-0.1876946968317027	-0.1513496967851295	5.960607083358052
IQUCIH	0.7978883759965196	0.10442718941357176	0.724279623371124	0.033885343482839884	9.87960660044801
IQUDEE	0.5983319671939258	-0.4970239648404698	0.040343287504040634	-0.10042830855121845	6.628525027847035
IQUDII	0.9643929104628102	-0.308978780674583	0.6592177370514616	0.1838207009092215	9.461870488746081
IQUDUT	0.5396622097439607	-0.16308204068418497	-0.09227570848428321	-0.09711286373975511	6.288136786984143
IQUJEL	0.5043639549174053	-0.11977276954319796	-0.13314964274208854	-0.10790169431509439	6.0836929176907555
IRASUQ	0.9275753112798224	0.4565085330268074	0.30749627899277565	0.33032963192439757	9.504808893853799
IRATEB	0.9311388461784604	0.42831701759748886	0.3015161434422638	0.36475509464191	9.453233128647518
IRATOL	0.8820018849271287	0.626552026593473	0.6556696192809592	0.03088223307976784	10.605667311590343
IRENIE	0.47118850311225646	0.12405624971404897	-0.28881384326341003	-0.144618865003718	5.9237973387420615
IRENOK	0.47239907135983206	0.053911543888547755	-0.1824919085929817	-0.09982599114134501	6.069508311959007
IRERIH	0.35054010741439434	0.43545545659547225	-0.5240043987764846	-0.015076310260379793	5.749851969282855
IRERUT	0.7153875140506782	0.550393658817214	-0.22356147899057904	-0.08652596225133426	7.536795561453969
IRETIJ	0.6235942610724798	-0.05315862634789109	-0.29204637644172604	-0.11828922825565934	6.070940670297961
IRINED	0.7087810865773854	-1.0345851789755618	-0.1442397201906675	0.11994059692549594	6.341902560029002
IRINIH	0.7713407517139608	-1.0852404659915393	0.13374136338095274	0.10905592322977947	7.332805532465085
IRIQEI	0.9019171062195035	-0.2969241003469426	0.6415959279834766	0.2278500425945701	9.544392737682402
IRISAF	0.6898209176083254	0.39346715676435856	0.23498266626318215	-0.13710943917394305	8.238727908920291
IROJAD	0.6730439972984712	-0.1329439043446794	-0.2466620371772139	-0.13965652332003461	6.098307483413219
IROJOP	0.6791678231229561	-0.2749013289797488	-0.1300150911541351	-0.04546688674026384	6.4325581327554415
IROJUV	0.549876396782838	0.6375783891145412	-0.3551600398262712	0.025740168243729898	6.880124399286735
IROLAC	0.7625355135772853	0.8986543715857533	-0.13329415976710537	0.056299975660138335	8.661147772083014
IROVOB	0.8763762910935169	-0.03746327559461578	0.610592438313645	-0.15852955928704487	9.35109562504498
IRUPOD	0.4637983472156657	0.9248243572924746	-0.3044467844150881	-0.40504143706290086	7.557167667924575
IRURAR	0.36305138259697767	0.02203207546941794	-0.7585771906837491	0.29409747147280474	5.06862126575982
ISAHOB	0.593849581787012	0.16853483902682512	-0.17279886783220944	-0.06604127056658916	6.588944217659007
ISAKAR	0.6704434568615749	0.15062727353381325	-0.21438339153964509	0.12767054692194832	6.617062277546627
ISATIF	0.6586912769717808	-0.3487145632840526	-0.17129817068481756	-0.28285289718664086	6.13674001906158
ISAVAZ	0.7029105044191102	-0.09592487303635198	0.22860695651056184	-0.277278047188838	7.469601808339723
ISEBUE	0.7264440074130398	0.4268708964316463	0.303215623091166	-0.1508082221065514	8.513490672249876
ISEJEW	0.6091843743367091	0.12381907940864875	-0.06413649017771639	-0.09044183451857608	6.744332940486977
ISENAV	0.4778118793492254	0.09049074302861464	-0.1970409649384171	-0.04769127216516643	6.087864784417624
ISEQEE	0.6400023432145554	-0.32076224362248307	-0.2209632383051171	-0.09911412914647945	6.09400817738697
ISERUV	0.7584042118093217	0.0008760401735286062	0.7054216249972705	-0.2263048597806399	9.293645718132613
ISEXOU	0.7280038670603695	-0.29085649390901347	-0.3349162697743281	-0.3080755603041442	6.137690047901539
ISEYEL	0.715056099549189	-0.4494457955114536	-0.18964247947110902	-0.25795619255513647	6.233091301398497
ISIKAY	0.4252851657595995	0.0564976868524726	-0.3128073719820236	0.38923440620618	5.7802139746380465
ISIROR	0.5157928862252463	0.22103693375946326	-0.6802155133983425	0.06534440333716089	5.514838607687264
ISIRUX	0.5363004073652169	0.2009633849120012	-0.7077593417357895	0.04935670997932169	5.513380353889417
ISUBUV	0.5162784981815927	-0.6133563915655154	-0.34385884249240567	-0.15737978248571857	5.309044312802399
ISUYAW	0.562770488623098	-0.6911916297502267	-0.34696743389012796	-0.4070592610246071	5.561235469518779
ISUYAX	0.5739427979759357	0.21015359081051752	-0.2897862340551586	0.017718791433700188	6.473379639532768
ITELIE	0.646742170330719	0.6069426109571927	-0.2861979458937488	0.10076270733250739	7.458947666608241
ITIBAO	0.8884101853645312	-0.0964382111939085	0.6731373939598349	0.11500229458651534	9.375860853244465
ITIHAV	0.6375197344960348	-0.008025910122933574	-0.10483132331291539	0.00667771484477973	6.668101250860542
ITIYER	0.6733109827179398	0.16545038618167593	-0.09757590893881107	0.529932239389464	7.213537493390957
ITIYOB	0.6365441456828984	-0.08026443529955124	-0.08711523515108993	0.4219745365847948	6.764397182828596
ITIYUH	0.5964050264196912	-0.1606145431772091	-0.07554179924544119	0.36444280787706596	6.639816419880912
ITIZAO	0.5351781082374787	-0.19171489192884486	-0.44574314375112617	0.3194977924535203	5.613145629712941
ITODIF	0.771172161606728	1.1514336779003722	-0.18645762337674143	-0.08058150280681638	9.294298270814311
ITPTZN	0.5476647414395233	-0.5285726357940783	-0.09009343096311556	-0.00937874631478475	6.105271864210468
ITUGIP	0.6851718280575172	0.3560861427099241	-0.18651788657509166	0.039916091770100214	7.175400908041223
ITUGOV	0.6655581084616049	0.3141355935675093	-0.1427231567681534	0.012532864660464379	7.163033334856323
ITUGUB	0.6564832118490971	0.3495637085014904	-0.21131257293393163	-0.002910337355330639	7.093850828520629
ITUHAI	0.6082026729065086	0.3551760333018989	-0.4452505450236504	-0.015522267052333661	6.532012295567874
ITUHEM	0.5966549460946391	0.30390448448330826	-0.430802871837946	0.0170117295240004	6.411974189478829
ITUHIQ	0.6575782609649305	0.48350516429898455	-0.3228139070898272	-0.09212233043468356	7.166575139625052
ITUHOW	0.6534613829197538	0.47329452126731003	-0.3156246418867348	0.005207853871460182	7.089152465991475
ITUHUC	0.6255879948112915	0.059060066470164804	-0.20626495436385256	0.026640575503554254	6.537266629592456
ITUJAK	0.5604049816986754	0.1856426259770978	-0.35112852544102685	0.10634362331586127	6.279716024983463
ITUJEO	0.6020329869652423	0.26276648536524433	-0.25631681594378786	-0.09585492947805174	6.654309314284829
ITUJIS	0.5957844313710465	0.19501654884417524	-0.27952205722923634	-0.033850500224618885	6.53085716601539
IVANEB	0.42914482849476343	0.9565850535429514	-0.6220661628426192	-0.035921458094576614	7.020571029377826
IVEKAX	0.704581307898736	0.10580862199492308	0.05617791646781556	-0.13147103070439825	7.294157326154072
IVEKEB	0.6412052727276656	0.036042886224869564	0.2290350969149219	0.014239098232411727	7.449793153317577
IVEKIF	0.6368490230841086	0.051214410289085036	0.23472094453596765	0.056878720972647484	7.477180195426417
IVILEF	0.8693090953761891	0.6136772721472881	0.255580447730949	-0.14487913657050386	9.12573516157515
IVUZUU	0.5411820988347618	0.23788392524792829	-0.36900076263565795	0.06717601965781164	6.296268816433264
IWADOZ	0.5960949252893313	-0.6965824791920956	-0.1868565619218518	-0.1267304222132597	5.913912680152875
IWAHIA	0.5501907661671046	0.14087744141369513	-0.10613268111378435	-0.08130632686979135	6.48647957507669
IWAYOV	0.6373581921486462	0.09406534115308116	0.22286617889909502	-0.04735148310844079	7.560761791354538
IWEWAJ	0.8164796123919764	-0.2808195917527213	0.8048982913826908	-0.177303242150306	9.613206936737914
IWIHAX	0.5965732826144787	0.540670337978181	-0.0728427312898264	-0.1478413848015001	7.409616641840655
IWITUD	0.8663131756007569	0.4364994107789096	0.025455227624211416	0.1520389579872865	8.399412201406776
IWIVEP	0.6726460149890521	0.46902577472034906	-0.12961339970555266	0.002793890972497331	7.413569016724909
IWIXER	0.4387380537832293	0.3049154458389825	-0.2629736473101611	0.3109677394360303	6.385274640913815
IWIYES	0.5584417335996426	-0.14239689607150854	-0.2527660496436751	0.36017681806441515	6.076901309551218
IWOJIN	0.7515295235858179	0.047484670218673725	0.6921205859805091	-0.24346441856595047	9.275453885992789
IWOLEN	0.7100917320118691	0.4015988630385753	0.20737116123718313	-0.01324088178991117	8.226508685161114
IWOPOZ	0.8526159058304232	0.5766489837174364	0.13401095268061738	0.02305751930298125	8.739666576216297
IWOPUF	0.7680648576916811	0.2015247308515065	-0.17629860034343092	0.08107764796021391	7.017102412790796
IWOQEQ	0.7494351594349773	0.8925006765394212	-0.010234852225782937	0.05773963241447007	8.803155756051545
IWUBOR	0.9021876362977368	0.8144739277837183	0.1171062500745101	0.020912398724585987	9.349237410898727
IWUFIS	0.5583487602388821	0.32662094229703137	0.07557992884823539	-0.16738442206136256	7.200385153949105
IWUYIJ	0.4753288416971344	-0.46624606281755687	-0.6897992352215092	-0.09405098185898708	4.718482745576865
IXACUF	0.7937672548369479	0.17697721502076924	0.3272405927383021	0.07925358727022774	8.348974126976138
IXEBOC	0.8839174798177787	0.9192925106551191	-0.0671786145834786	-0.006129611965364164	9.269514007895939
IXIGIG	0.5505943036824599	0.0799824036164251	-0.40989142826356967	-0.38310098215187216	5.901237268840652
IXIGOM	0.5944593849279967	-0.1452604817523305	-0.30001323687538534	0.048597038865325404	6.065615214871249
IXIPAH	0.675530254936648	0.31738654396191096	-0.23906652777678178	0.02880056911511207	7.111886304548249
IXOCIH	0.7725678187618161	0.1998992868945597	0.4940978171807733	-0.15035758479732317	8.984333389901836
IXOFIM	0.9432723058940642	1.0027346547747624	-0.17662504750492347	0.16952133587727508	9.432977403779436
IXOFUY	0.9190132673858198	0.4707811484963519	0.34014917409466006	0.22707815752535526	9.271638675355263
IXOQIY	0.5998636319290052	0.15136743390939786	0.2378211887065077	-0.1714515348523229	7.468552681836417
IXOQUK	0.9563198664871058	0.1693464245563005	1.0085691035998394	0.14790494696412407	11.161724695135478
IXOSUK	0.8714663058340983	0.6177087767654872	0.2446168448542901	0.29617578043987847	9.240551670148767
IXOWUO	0.48652020206614743	0.4429230485668573	-0.5854009178986535	0.1115053907875	6.099201151561771
IXUFIS	0.5099558293137081	0.3211837758832319	-0.30325928326324825	-0.1007360511594102	6.341748801916998
IXUFOY	0.5168815385584695	0.34137390638097553	-0.3110197178036576	-0.09115180662374353	6.384923278125272
IYATEJ	0.5115375386640579	0.13499425476362828	-0.3857672682142146	0.1059703825262119	5.978603448096573
IYATIN	0.4835200759338818	0.12990385530659357	-0.3612284038413942	0.07610267375845482	5.9292344234467445
IYOZII	0.6330653884593875	-0.17533042890632491	-0.15686299751769034	0.12167512622672541	6.474289071687979
IYUGAK	0.8267622657033398	-0.28807023667744436	0.3670209047440066	-0.007054619203482472	8.018002070990043
IYUGEO	0.8123877174247713	-0.08587636568629485	0.3445919954966734	0.04030466089260639	8.044161055320444
IYUSOM	0.5848536589612241	-0.1314947438701781	0.2148396597073232	-0.11464335434009595	7.192218264869802
IYUVAB	0.8455944392133388	-0.49645201602977646	0.18152655744369467	0.07923630737773349	7.532149302043894
IYUWAA	0.5661516760706302	0.2880874858358355	-0.2327129570154503	0.015508446863672854	6.643957153370018
IZABOA	0.681723781047225	-0.9868452474412286	0.06350860251645007	0.1514715283916997	6.791553506943282
IZAFIY	0.5242186105654998	0.03400240302459416	-0.29106000619560835	0.024346116708024557	6.067806046019049
IZAFIZ	0.7033489497405121	-0.9714234538984723	-0.05170532424328553	0.23344094265553225	6.634282507970785
IZASIL	0.9366099558276986	0.32531125197410143	0.35957401892533014	0.2783062606450649	9.331369888000953
IZAVEK	0.8408686616067227	0.8098927650177399	0.03606325209140247	-0.012761512283601274	9.020529241545454
IZEVIT	0.4674812232745129	-1.0073283475547992	-0.3438462061790347	-0.3983742808165207	5.397786408914219
IZICOK	0.30764257246908144	0.4986617312474095	-0.6113177269206467	-0.06700149779152952	5.578358827789309
IZICUP	0.4811245634985628	-0.05437507559636016	0.1230490514299277	0.21637907460410266	6.880605964585935
IZICUQ	0.4133365388636303	0.6872292768443979	-0.6522339110677453	0.01181346162334438	6.3074570716452
IZIFON	0.5307221985758552	-0.640113680299053	-0.0306593242886172	0.0626121921951449	6.1978690536515035
IZIPAL	0.5195245686509322	-0.3825988147247587	-0.35477483899339785	-0.14806585599132413	5.61058270007011
IZIPEP	0.9507061525591487	-0.47951369454560555	0.7365176346638569	0.07297689627974271	9.533954542551633
IZIPIT	0.9129717539775406	0.7542521834970395	0.425261630883583	0.17752193001907243	10.109761463026922
IZOTID	0.5059094011762308	-0.37053121802371364	-0.5191194870618487	0.41634361560563593	5.26803952748921
IZUNUM	0.5587502004024048	0.29202603121601645	-0.43351092767782645	-0.20187478224705807	6.120761707280491
IZUPAU	0.4588281685155069	0.5257652977636067	-0.7668622466109389	0.011420695661731494	5.943082367981354
JABDID	0.6851439313067704	0.057255003988412906	0.5633082994954169	0.07934350955327187	8.94330354942925
JABZIZ	0.5476813878825437	-0.705956011060797	-0.7630915073480999	-0.1574504058923268	4.759811003566962
JACKIL	0.664136186294261	-0.3505588742027145	0.039576222322644516	0.0007276052363525062	6.774193958499934
JACQAI	0.7096798857011386	0.24134001038468855	0.045276694461212116	-0.08135055864411245	7.4768983090230146
JADBUO	0.5992507422682216	0.5696861225132424	-0.4149807195818495	0.07419547836844141	7.006841721386179
JADDIB	0.6376846176416535	0.6232956891360453	-0.04796743543645593	-0.011578577145977976	7.86284261327415
JADMAG	0.4982745668731381	0.09039228128725314	-0.5763517592371894	0.2447941845541267	5.708004742806377
JADMEK	0.46899770893518156	0.16182043696880397	-0.46500759161300437	0.019806082701660014	5.8208649547478775
JADVIW	0.8313299452387346	0.9070504826890458	0.14320464416545634	0.014181782396342688	9.510096692077106
JADWET	0.560636967455709	-0.11083276714736125	-0.2167891668259611	0.3669686537387771	6.184659471183146
JAFBIF	0.7194138311490086	-0.26260773170785173	-0.22830828395087055	0.3177300466584514	6.3743131557177675
JAFBOL	0.4360865694212297	-0.1861832970303669	-0.7548459082360135	-0.17194361118411167	4.700746129887465
JAFBUR	0.6522305374532547	-0.3472460549590005	-0.24650440142475644	0.15921613281797561	5.98544318017825
JAFCAX	0.5618390343062565	-0.6046330320631279	-0.2358746832541932	-0.17992253224055849	5.702517007089943
JAFCEB	0.7105081260428614	-0.43358902004451694	-0.14575861675712665	0.02055353590038785	6.165461525186157
JAFCIF	0.6677448090862548	-0.52546091302542	-0.22797337560119263	0.09947347473142593	6.016300837420264
JAGNAH	0.8106420751498158	-0.6221660560807138	0.48987414766575305	0.307807059768722	8.634352834482446
JAGNEL	0.6607844248763008	0.69304223515564	-0.019954850530531504	-0.12838750642481206	8.074584649741029
JAHMIR	0.5814968971256684	0.020793871322623086	-0.13566032437864134	-0.05069082563779609	6.516826694481407
JAHNUE	0.5922660975925176	0.5292631939684473	0.04575968338621639	-0.06156038073328058	7.514528891114763
JAHQES	0.9286104140863696	-0.8291198629216217	0.5652159971603781	0.27244900758658275	9.114144908070443
JAHZOI	0.8055410329384429	0.9111362396312441	-0.07273522307853877	0.3415500867780713	9.081727823019918
JAJBOO	0.8101379731568503	-0.23990431241434468	0.2750429345151236	0.10144041658400563	8.04286279682054
JALJIS	0.5645800503741452	0.2525748886221477	-0.19726224557744576	-0.10843197108379497	6.582773548774283
JAMCOT	0.5622141775041074	0.2886446639477751	-0.2971602804945177	-0.13910613241825306	6.398307448609761
JAMHEO	0.5837046284881815	0.031618547352370276	-0.12346461099478334	-0.08201913839476428	6.540305695961957
JAMJAJ	0.3915939095385985	0.9830603317279016	-0.5696055943207343	0.23851038825011064	7.322853931212071
JAMNIX	0.7724925014762603	1.2546167083557054	0.12615832509153538	0.2598825686265026	10.159864831959855
JAMNOD	0.8866077275879016	0.8629105704100075	0.32498303977775067	0.5304857477125967	10.091845380771298
JAMNUJ	0.7662205229675632	0.607444534916086	0.13485408665402207	0.15544570138606303	8.470939341704481
JAMPIZ	0.8699481424347111	1.0793786978010862	0.09367115007588635	0.4507397147746053	10.046270446962502
JAQFOZ	0.6287167865141132	0.5639744895036087	-0.16844975130466866	-0.16142584396678775	7.284270805752868
JARKOD	0.48870234773747345	0.42599591254124797	-0.5398446526757414	-0.10369611380562933	5.966698614109291
JARLUM	0.7359835776358548	0.7504735253538188	0.0065899957098544265	-0.14396390948107343	8.541489082005562
JARMAT	0.7333838203054324	0.7581251837463447	0.0111098955244186	-0.12947211830072064	8.55588484247781
JASQOK	0.44332578395104605	1.2458217293642426	-0.5049953821991737	-0.16676842677708065	8.112702557412826
JAWCUI	0.24372913524689643	-1.2766967594989742	-0.7156308374186875	-0.22333400284503319	4.556161727856139
JAWQAD	0.562786814475122	-0.08985958414718195	-0.6386842177815868	-0.26023131731728477	5.253545560840267
JAXFEW	0.6023512394371382	0.005125145170458201	-0.41272716487143296	0.04104374099690739	5.961452397956503
JAYXIR	0.7735812888265325	0.5563825248091239	0.6584549668613642	0.11330043854674085	9.976327265909607
JAZWAJ	0.7803727267556511	-0.19264935636123695	0.29426060652920555	0.28952271509945504	7.723421172519926
JEBSAL	0.7544181390803866	-0.6638367474673716	-0.2999367980183361	-0.33226378460631867	5.954577902296039
JEBXIB	0.43770497226512894	-0.20313696349559104	-0.02900118063655832	0.04566374255319962	6.1382980849792785
JEBXOH	0.6344999468950423	-0.5046328297860909	-0.1004784150128385	-0.09264618481848767	6.158718331314835
JEBXUN	0.6814213663042157	-0.17159023335709467	0.12006674675926626	0.10642870186678259	7.262216524541414
JECLIQ	0.5970458366480917	-0.1970288908954704	0.09874818796672948	0.3229755063488864	6.964690466878013
JECLOW	0.5212907933003965	-0.9754008856641612	-0.050994776746117854	0.12436345258233086	6.3837591759465475
JECLUC	0.635470447740289	-0.26205649938413433	0.42516421275734967	0.22684877661148048	7.822758790224011
JECMAJ	0.6225927094056392	-0.1790212142179457	-0.06721640923179911	0.17358090404375212	6.629229669017522
JEDMAH	0.9317102719410695	0.47783482297737084	0.40556133361233676	0.1343339933269155	9.556796023113824
JEDMEL	0.9557344980362998	0.37951424710006587	0.41337837316128406	0.14473529803501967	9.482306767682541
JEDNAK	0.6643050763081968	0.3287845606187525	0.08555145709770012	-0.05538358462469334	7.60805241551999
JEDNAL	0.8080111516202839	0.3011197257433353	0.4651421985984052	-0.16980186575389314	8.93791472579061
JEDSAQ	0.7835728445790107	0.24488384787736167	0.3180749040323255	-0.019479546162785497	8.353800473402934
JEDSEU	0.7560777362377005	0.334357507992674	0.02789267837800448	-0.18509492003034483	7.7991507172750865
JEDSIY	0.8710199620577086	0.6779201051630457	0.24006856180647793	-0.07495845439804384	9.34864230438755
JEFGIL	0.46428495433014394	-0.9894676743776407	-0.02460211436055479	0.19762550155882772	6.535624849969142
JEHGIN	0.6991053886700582	0.41146626664378533	-0.10170565788056235	0.20175245101627723	7.668589923310467
JEHJEM	0.47540717972242064	0.22724004956873753	-0.38668732932673283	-0.0634223023581365	5.856540224885018
JEKCEK	0.8413932919494487	-0.5908120378320754	0.291116835249951	0.1956554932124793	7.88323473261886
JEKGEO	0.4591103193204802	-0.7030819086160072	-0.5940791698801549	-0.45785643247696406	4.712176647415653
JEKMUH	0.5827783602549266	-0.5602238530806045	-0.11740322836920797	-0.15975124986850667	5.964598158323724
JEKTOJ	0.449028034782355	0.21420440947476407	-0.35924655520563875	-0.02946246840247409	5.853512705207969
JEMCAG	0.9818064998955016	-0.33798619732543267	0.6884842265258198	-0.07770852127483475	9.659038731630787
JEMJEU	0.8256640536388806	0.7958658008872646	0.34646799068125556	-0.21424748675261868	9.625296044518102
JENTOM	0.5619723941227805	-0.15336332193389382	-0.3208485539907994	-0.12425493112988932	5.642687545355297
JEPVEI	0.6709404238715244	-0.5389328431353213	-0.10537606038886432	-0.1435072502488373	6.2370478129160105
JEPVIM	0.567910356877146	-0.48938854856570607	-0.6266872957599012	-0.21779683047337936	4.989497708035315
JEPVOS	0.8022952348740828	0.0946946946478139	0.1925535524301778	-0.09165199722378313	7.980247213014885
JEQSIL	0.5309877618662409	0.23764743156770174	-0.009312419124874016	-0.1271278501168817	6.851548660541749
JERXOU	0.27376028193260726	-0.6158658188353792	-0.4427440890766055	-0.23196859905222342	4.724977152816087
JERXUA	0.31084923219701466	-1.0985940590092227	-0.6148181143174745	-0.21594687040044436	4.730682923154762
JESREF	0.7439005194884958	-0.7761173219190518	0.2600051206456369	0.13912016684051295	7.508602458186891
JETFUN	0.7806578151816295	0.1689429007507498	-0.03222990232174097	0.11447050868225377	7.255634139753478
JETGEY	0.7836264675784284	0.20638017052935215	-0.030654464075749954	0.06464632499222113	7.340813841276507
JETGIC	0.7982922750355295	0.642605497958854	0.08958164743701634	0.050936383927273766	8.534344097443748
JETRUZ	0.7740381052387058	0.3154260845339484	-0.0805064459491647	0.09918797574599744	7.381059835542939
JETSEK	0.8183730828448228	0.8779944893275535	0.14863724194977412	0.02874956571705707	9.486430898511248
JETSIO	0.7967594963523679	0.6428196051712944	0.08437653230298496	0.05050310229421116	8.516151791239876
JETSOU	0.8021173370285153	0.6812067811107965	0.09619229893759002	0.055202829270687065	8.631758098151963
JETWIP	0.7790456822530158	-0.7684407910178128	0.19838274568206976	0.015082936506712403	7.543090019405111
JEVKUR	0.6200372551774906	0.43989104460664674	0.06464368960514408	-0.09771069063763291	7.574039518471528
JEVMIH	0.618835826392969	-0.7383978825742574	-0.38813770103033957	-0.292570415585932	5.5607403348567
JEVXIS	0.9998247412609294	0.22448570871440848	0.6267231786766094	-0.09468861810154278	10.22384665647272
JEWBUL	0.7220479791351178	-0.35752778050222445	0.35111281086248936	0.26766419420577214	7.8421948728512385
JEXKUT	0.6638144519542886	-0.23691216060497444	-0.20587291690468162	-0.00629259795106799	6.253324703588868
JEXTUB	0.6130615009977491	-0.015177119544267837	0.19614151558072757	-0.028307837884664178	7.348409756166786
JEYBEV	0.8532952970254977	-0.15327290929350387	0.44940588808948256	0.04911578385473705	8.486994555145523
JEYFUP	0.744477682833498	-0.10364969998326193	0.516731006660228	-0.1525430234678052	8.632253542151233
JEYTAI	0.43840760564757364	0.6534318651763353	-0.3149035229902289	0.036895229678113324	6.700645283127594
JEZBID	0.6714807065610229	-0.5937636291235562	0.16703172401949856	-0.04139652426152758	6.965545979711582
JIBREV	0.840876513338638	0.4184946511404272	0.2194290485532743	-0.06032032148672921	8.465007795398597
JIDSAT	0.7413949210201549	-0.5547431222804506	0.24585680509043095	0.31284968432955884	7.595950291237443
JIDSOH	0.719197177969793	-0.5933520931823548	0.10559658754606294	0.1223293711033468	7.024495553209617
JIDSUN	0.702299568373908	-0.35328904147237866	-0.22821217086203022	0.20161102870467856	6.266095611172607
JIDTAU	0.7574659203424643	-0.4387445327777107	-0.012597464313627016	0.2162753333216696	6.788800619689797
JIDTIC	0.8065155149432899	-0.7495995529825996	0.20776021108413417	0.3579750600732228	7.657581574865055
JIDTOI	0.8124123078316883	-0.4217844834934377	0.04416974060832264	0.2527109381565952	7.143618401014074
JIDTUO	0.8269309005696517	-0.4304437953711263	0.23289760250233504	0.24843400229513588	7.795546243802278
JIDVAW	0.7694046079866368	-0.6151895234577061	0.10142032816498502	0.21195076110599045	7.15135059775803
JIDVEA	0.7915412481210291	-0.24806328845196637	-0.10871913817650602	0.2429037679354222	6.8196741583827
JIDVOK	0.6829238707393737	-0.8216889219079235	0.04178008381430198	0.11601507396465782	6.705851259037761
JIDVUQ	0.7598383068498817	-0.37440500696041457	0.05187229524016618	0.20885392273441053	7.1714855935772075
JIDWAX	0.6930320004872419	-0.4240678378241011	-0.24313140390205074	0.10075655751677216	6.055832302548577
JIFKAN	0.7929743710366175	0.9847549382127221	-0.06795637236958951	-0.1663363017974059	9.231777422405827
JIFZEG	0.3874097152917759	-0.7232354641693437	-0.6148337441443694	-0.6882699365531114	4.7315793108923545
JILGUJ	0.7786532599782277	-0.2732286318562144	0.40597857561609385	-0.29863065268755495	8.09449182391047
JILQII	0.7600170365134788	-0.09263123257669247	0.4072949188419242	-0.088663742120807	8.090824365035555
JILQUU	0.535923521616148	0.5033061145573052	-0.08172405081502906	-0.12161944407630992	7.1027317035566915
JILRAB	0.5246446276414751	0.4177477608291212	-0.06613040046421062	-0.122718281122447	6.954495532521614
JILREF	0.588313766350538	0.5751739531782512	-0.08338210891326336	0.028841684061743353	7.387246148556207
JIMBAJ	0.7034672381196021	-1.0388041132273746	-0.15489162549442198	0.11197309677253497	6.29410335644026
JIPBEP	0.8614959622563525	0.97262866815034	0.4124589685491228	0.18815623981109114	10.453332234279348
JIQQUZ	0.9721909181962474	-0.9615806664352962	0.5628310860144483	0.5179463574517986	9.599596835465844
JIQWIP	0.5269431591532401	-0.9425712100106041	-0.4342136708970841	-0.015020628932497943	5.273402719358498
JIRFEV	0.5084650043549601	-0.5895490109425539	-0.33630960732250553	-0.1502640571965868	5.447351483945153
JIRKAX	0.4907820513190053	0.4284462496765383	-0.5093329628784993	0.05420223190057365	6.235021947447324
JISGAU	0.5347165111912187	0.2707457109681667	-0.6858026991664559	0.15610438911779553	5.699306067109684
JISHEB	0.8703185047568063	0.6486166077948232	-0.00972649425504743	0.11919843259881996	8.620778268592602
JISJAZ	0.8525338187801523	0.8342663614099572	0.3341926638981496	-0.20669972718659615	9.795225940286082
JITBOH	0.6683677066233518	0.5438720139633211	0.1194014793517846	-0.09750307372585153	8.095876156076722
JITCIZ	0.8584046295709831	-0.15007871564037642	0.17116172883840491	0.1456309947732447	7.718582400814578
JITHAY	0.792692996979425	0.9552380990642391	-0.022219415588391384	-0.23847464377872932	9.330677615587534
JIVMUW	0.7003697766299251	-1.0751258885663941	-0.1636040136687284	0.12912552211720243	6.322899357894643
JIVNAD	0.700168750159988	-1.0752620508014668	-0.1647705462499675	0.1302112287452547	6.318490881980608
JIVNIL	0.7004915392337123	-1.0748948038598012	-0.16348409544798193	0.1293309574616062	6.322576856050728
JIVNOR	0.7004673237086267	-1.0747199917876409	-0.16373958102358743	0.12918522188107198	6.322782464670074
JIVNUB	0.9220188626740233	-0.25872222243982856	0.8231550795309848	-0.16842046954716125	10.319970264552424
JIVNUX	0.7003742452894768	-1.0746684270944247	-0.1630775013154016	0.12939038743719183	6.3231541466507455
JIVPIN	0.7004217310608114	-1.0748481818986346	-0.16367952772766176	0.12896303974360518	6.321490490726951
JIVPUZ	0.7005163890765509	-1.0748388549120533	-0.16378897750867072	0.1294939741033162	6.322199192990343
JIVREL	0.7034958646663529	-1.0677204992381366	-0.15712183347247166	0.13305141414828758	6.342473939253868
JIVRIP	0.7002415372435955	-1.074959356972726	-0.1642304806851027	0.12935260546500854	6.320362500488281
JIVTAJ	0.7004122463853149	-1.0750877824920055	-0.16378132862268574	0.1291358664191958	6.322756026354201
JIVTEN	0.7006726446498979	-1.0737237848362655	-0.16365243116142303	0.12998412160666412	6.323165987916104
JIVTIR	0.7001925919735204	-1.075262819285804	-0.1637914839457303	0.12900655240330244	6.321417435443221
JIVTUD	0.7003676410271176	-1.0744683089199127	-0.1638885074735385	0.12965403083251578	6.320707886613793
JIVVAL	0.700184990484356	-1.0752480155322661	-0.1640140444899863	0.12885140073503554	6.32030342918494
JIVVEP	0.7003973854230914	-1.0742947935321159	-0.16348778141878106	0.12892335701497806	6.323142417224873
JIVVIT	0.7066759798347135	-1.025840796071831	-0.11422430632868205	0.15395371102264346	6.455086000259735
JIXLAE	0.7738567440813808	-0.5999095310586648	0.20591389819595474	0.01733691369267287	7.481625320115181
JIZCAW	0.5019733925448744	0.33862911099227994	-0.4159892755257594	0.4380114856195597	6.521495969358297
JIZCUS	0.8234483595379629	-0.9348218452176928	0.6530705725464911	0.14496687437572758	9.174592999060259
JOBZEG	0.5023083699460109	0.21363709828995384	-0.08507612781357202	-0.18793947153824328	6.492425303264362
JOCJOB	0.6707005775400532	-0.25239108302266255	-0.31022184849097656	0.38108356637942364	5.970347064826093
JOCZEG	0.7405272994048504	-0.010744735309032472	0.01275693948100834	-0.04389020390674028	7.167611571846189
JODJOE	0.6670820145338272	0.20262032696705304	0.2806780455754352	-0.09767330310417346	7.979094817512571
JODNOI	0.6718324767461992	-0.2553378513151755	-0.17693486382612378	-0.23577842804645804	6.224366211523064
JODRUP	0.5041622462566666	-0.28177341663600664	-0.4470593915384588	0.20717079807024577	5.4082326045649305
JODTIG	0.9130104867805047	0.30933263890555535	0.13313051807468168	-0.3457892389658044	8.504467221061736
JOFCOA	0.8690627523889631	0.7971966389262819	0.22332700903018135	0.3302726330671716	9.587391286076436
JOFCOZ	0.49969501609012035	0.05448928238299951	-0.23384407307909288	-0.17725361533589862	6.054588398184362
JOFLUM	0.6252930593633188	0.6380202383561515	-0.30519439644444485	0.032587820142759294	7.3132905067110325
JOFMAT	0.6726967352782749	0.27157131551363795	-0.22540770059466342	0.00020612966092605454	6.906250296251853
JOFMEX	0.630177856439337	0.655189576712051	-0.2738896049355556	0.020292321438357755	7.377304492560906
JOFPOK	0.9708538313955062	-0.6020245539136977	0.806617494593477	0.09943475842442623	10.646514435885233
JOHPIG	0.6986657923576862	-0.6044547539381362	-0.21865220965716714	-0.21345771611994527	6.269393823943057
JOHYEN	0.9129716694604166	0.6766063271711344	0.3794037220557654	0.17547042529343848	9.809725663329928
JOJHOH	0.6704754988118875	0.8453990236214255	0.05903857974033421	-0.2107789622142064	8.594249697033797
JOJHUN	0.6246315115029644	0.46218344935168937	-0.06299658811409864	-0.12072583670484081	7.291234042580651
JOJVEL	0.614463808317824	0.18924434306814816	-0.12915903284364194	0.006026717500568157	6.717513506132094
JOLKEC	0.7943853349654209	-0.8117037296946839	0.2311294620726554	0.11428974566163776	7.599346654059385
JOLKII	0.8497731361405512	0.5037527549702432	0.24116396311355837	0.4487885235829516	8.926705476256881
JOLKOO	0.8699430102223253	0.8429018860671784	0.32272736860809403	0.25379429215040894	9.938836608160445
JOMYER	0.5098236574803741	-0.5987862530360064	-0.4076325982360313	-0.19056984954370534	5.156701121166096
JOMYIV	0.5569764011535501	0.11260210875238996	-0.21027681052662783	-0.054315989606809514	6.338761384496643
JONNUY	0.7166116059757028	0.051006042130574705	0.34093945560915406	0.01213632240679096	8.048145515811964
JONQIM	0.4127482444908628	-0.7354767184971427	-0.014092016922788081	0.06100473056943817	6.110114102436621
JONXIV	0.7523820740956904	-0.1984544183477281	0.21917609428892357	-0.08481247154073648	7.513033789185879
JOVGAF	0.4930509877449003	0.03964842353039026	-0.40396232731890785	0.18293075034472442	5.821756009296265
JOWPOA	0.5953945714069206	0.33574291816743623	-0.4027885760884509	-0.06054297318094464	6.587598495298907
JOXGIP	0.6766869266153615	-0.2209301048442575	0.06342197205641698	0.0003763918059681518	6.905832993608159
JOYQAS	0.7946902721647131	0.18359425120653036	0.32776818452521606	-0.058299269924743116	8.361463403127539
JOYQEW	0.7183471506594756	-0.5318286598218822	-0.30154158323757546	-0.26400810421761745	5.998920935956941
JUCBIV	0.6081761931005554	-0.24723878184588163	0.28071535851539875	-0.41139458640227944	7.356899561333016
JUCKIE	0.46002401215651645	0.5452795911356656	-0.12805080505285535	-0.10559646224776464	6.837978224004379
JUCKOK	0.43091614296590475	0.5187026397784935	-0.16549638859279525	-0.10040262736411995	6.631036131074495
JUDCEQ	0.6131806462604574	0.30421654817449306	-0.4063094667137401	-0.06146322931552718	6.446593193858025
JUFBEU	0.7312054634606859	-0.6990244060440569	0.12734390249540606	-0.01834211707810958	7.059840799160638
JUFSAG	0.7812294460593829	-0.8479177268313791	0.1745816184340845	0.19273086216816443	7.378041425679784
JUFZAN	0.8029520797645047	0.6871279859616297	0.1546915364274227	0.07784490430030866	8.994601745884829
JUGRIO	0.6693119149961424	-0.937333760390261	0.024019491318721234	-0.07314213679140544	6.73552127347047
JUGRUA	0.6640561133028404	-0.9443950818219562	0.02697528295686813	-0.07649030498884726	6.737926815469632
JUHQAE	0.7114679909167645	0.0576047942728843	0.17628279313800133	-0.05216944185701181	7.477583835415586
JUKXAQ	0.5634013969517593	0.6023180265639738	-0.13516033168978944	-0.08876931373855479	7.254964656526403
JUKXEU	0.48870411349360143	0.6092472675064657	-0.27921202024326547	-0.15394392403269924	6.816872627660682
JULCAX	0.9676673171091501	-0.10638916743477937	0.6127119469605004	-0.005659507272045439	9.42014943032069
JULKIN	0.6775059589775383	-1.170474675115628	-0.029440498270287413	0.00852651138090971	6.799027303859994
JUPHIL	0.8469402865801259	0.5484591364710858	0.3162856938852929	-0.13475926263133856	9.215300326730443
JUQTUN	0.5981464791772702	0.6045985051363616	-0.27224267113317147	-0.09696497873767042	7.167182545773254
JUQVAV	0.5678778256118262	0.5061675161919315	-0.3765492738047525	-0.07080407208966287	6.731818169183803
JUQXUO	0.6312831283934317	-0.08598873136733183	-0.15874494004373052	-0.028160712394310578	6.304387186110177
JUQZOM	0.6545770261913972	0.13762214664602687	0.1645797911085102	-0.04554524076374878	7.483495062366089
JUSLEO	0.5083335056945355	0.07136463270830715	-0.7303911446921265	0.6344375198220751	6.480545337296613
JUTHUD	0.7332047311318339	0.09785987779923301	0.0392641468264686	-0.11925140337118915	7.500061625689677
JUTJAL	0.5303554904648742	-0.2376366900836765	0.05928126189256896	-0.13426660197229354	6.633415812557754
JUVCEK	0.814127174436984	1.0555742462083768	-0.11211395317691775	-0.28087116860710337	9.446275488991999
JUVXAB	0.7948374404046419	-0.8102935740380823	0.23035691128889974	0.11534828141624888	7.598808185504866
JUXLUL	0.8648709929029259	0.4681318965666811	0.364492693552366	-0.1080183963127899	9.094524351884079
KABWUH	0.8765982779209223	0.6152904488998989	0.12369042582849558	-0.310912285541979	8.925434436275234
KADSEP	0.7116297177745254	-0.384904486206114	0.3333413349012704	-0.10709716339777092	7.58072601184251
KAFTOB	0.7584470324211248	-0.6412869338721605	0.4575857764725355	0.1801635280018275	8.231837780938887
KAFTUH	0.923687564153072	-0.5015048374618751	0.2910584603398376	0.07353883109024789	8.146415538872695
KAFVAP	0.783914713425629	-0.714041351295879	0.3166640528744124	0.13854013006212829	7.833221377098252
KAFWIY	0.6078750188702804	-0.09143418328938377	0.25166795902518524	-0.08454935742748583	7.379185250210011
KAGBOM	0.636270528043589	0.5790172795512232	-0.09931707281819999	0.058138329033564334	7.661520890701241
KAGBUS	0.6332512813471425	0.5543165174164728	-0.06916335397693252	0.03209485848445579	7.647446538444238
KAGLOU	0.8314480438644836	0.6266317151299734	0.2329227855051067	-0.10772162277960753	9.015740365586634
KAGMAH	0.7578453935780303	0.6779312980557834	-0.11512884700971687	-0.027903620700623487	8.082069344773302
KAGRET	0.42153619986196844	0.5446277328049458	-0.17040747016138502	-0.11752137337581665	6.649636361171044
KAHBOO	0.693510216590278	0.36343518093715493	-0.4825070858363813	0.17109130876959097	6.719800297638541
KAHCIH	0.6014809024089907	-0.9945655375363256	0.015179782503535452	0.11434777293257627	6.690976847694137
KAHDON	0.580793387325448	0.10507969553774509	-0.22242491225506372	-0.025372150493856254	6.363083781730198
KAHQEQ	0.6921257891225858	-0.6278681693131729	-0.2203565502707895	-0.12938798894259612	6.232992716128065
KAKCOS	0.8640767975138193	0.5230954200599207	0.5398242099325135	0.04861176221990851	9.853981883424126
KAKDAF	0.8492029081679808	0.5853137662317414	0.28464314767173415	0.2941490800010156	9.28604244302368
KAKDEJ	0.9544129117594657	0.8427080940701668	-0.19330449309152242	0.24013069129195638	9.07258984431328
KAKDIN	0.8084513673483338	0.6679962249364357	0.23952892830442649	0.1883005114263254	8.994635042354064
KAKDUZ	0.887599174935354	1.0549812608390408	-0.28105294688412513	0.2244721172941421	9.260795599867572
KAKFAH	0.9093579761882493	0.4345015135387543	0.3170817550064484	0.2541825539391771	9.215833710754557
KAKFEL	0.8717950163851764	0.8755644286255766	0.21627244186418426	0.18517867745752678	9.771885787541233
KAKVAT	0.6526365845710238	-0.08325413351270554	-0.14612108481904523	0.002307096865734831	6.432881277445305
KAKVEX	0.48178122933047085	0.5101125869667062	-0.5281863357941814	0.18393340282644208	6.324337598097583
KAKVIB	0.6338901357731208	-0.05926213632470414	-0.23814618571752083	-0.01071546999313983	6.138723269062701
KAKYAW	0.6410834259978433	-0.047791542097510575	-0.22976671950285849	-0.05103150562476732	6.194905372032784
KAKYEA	0.4764100910576232	0.5119403775377989	-0.5399120269547009	0.1709910280800653	6.27941769268541
KAKYUQ	0.6380511446008699	-0.05551253300268857	-0.23269317922858734	-0.0066457144301906145	6.1764196081484535
KAKZEF	0.46457833764950873	-0.06824090435024466	-0.2735443721470278	-0.10451513324616035	5.826641590537851
KALBOO	0.9586755548730244	0.8487880997316273	0.6250486950208372	-0.10112113649751095	11.066097756975651
KALDIK	0.6418787007298734	-0.03617306708266407	-0.2393648162537343	-0.046353503312441424	6.186432707295293
KALLEP	0.6711700988179263	0.20090277322589906	0.28705327909352335	-0.09132445951141493	8.0103420703896
KALLIT	0.658335332001541	0.20951810903579804	0.23128457491806764	-0.0714068259399567	7.838919621219184
KAMPEV	0.8163026053688167	-0.4561986732106944	0.4425778014716812	-0.023728567986023387	8.27752284267196
KANNUK	0.8059168493749729	-0.33529524283826845	-0.03731942621252962	0.09116516565232002	6.879103985851308
KANSUN	0.6192930625793256	0.24389282567867682	-0.08069423312614638	-0.1180051755812686	6.882943909080589
KAPDIQ	0.928301229563659	0.34196436276983433	0.4356101347415166	0.21586428823742437	9.43442894228906
KAPGUH	0.4867452966912946	-0.21554112244641535	-0.2897045673057892	-0.2457293033254759	5.543925999616027
KAPJOC	0.5337854226739944	-0.010104553255402653	-0.17337334041348268	-0.08546075497815042	6.252744438749775
KAQCIR	0.6049523072319429	0.6241413918932055	-0.3441282635089535	-0.024477661968838722	7.180010010864639
KAQGUH	0.5097097616522044	-0.6135899188400151	-0.6801765716531323	-0.4098810979040175	4.762713301298465
KAQJIY	0.7168842639710711	-0.4210633764891113	0.3833477868496563	-0.14476624589250559	7.737090617167582
KAQXIJ	0.6480346994038912	0.052031836825011626	0.22019082163003176	-0.12112906511591891	7.5307806616118835
KASKEV	0.6644055707265926	-0.4319804807010577	-0.4512997107805597	-0.22982692115342546	5.629852104845771
KATJAU	0.721067475889221	0.2577330020070722	0.21198280912044326	-0.4645586357310254	8.020834336199867
KATWEK	0.567575668470214	-0.6089503947969828	-0.3087471140688939	0.0756664281029403	5.672142969770863
KAWSAD	0.5115203872634391	-0.24125922319385928	-0.2952416134747832	0.2798189868872265	5.678976725092804
KAWTUY	0.5485822632170176	-0.9472952151539593	-0.0352142372492768	-0.023397687419622108	6.263776146210832
KAXSUB	0.5296483328295922	0.12546106883873917	-0.29387923762590534	-0.1154950643194505	6.0921025563852425
KAXTAI	0.5295966335721278	0.10371995938356209	-0.28194167863324854	-0.12834907645154137	6.0888792842648005
KAXVEN	0.7966187082061325	-0.8912375253615361	0.2950912698834207	0.11699265597446815	7.827334253057643
KAXVOX	0.7852985363179856	-1.0417968609108228	0.18847162110179266	0.17225094214366238	7.484205435736223
KAYPUW	0.6609779765582067	-0.26824522179804544	-0.4362797121110598	-0.13699246903864765	5.546341046308015
KAYPUX	0.9150113818871324	0.6884924332701323	0.316934009935465	0.2770332689770205	9.654384462328458
KAYYUG	0.6273560079332006	0.7353895054228752	0.08281227118830256	0.06268471176216979	8.4121351727619
KAYZAN	0.6826737583681322	0.7894835135661271	-0.0038976164566607713	0.11847393240665993	8.548477713196958
KAZFAU	0.8471650054179367	0.24073680183573448	0.4728523900881745	-0.1422876052696196	9.043992880858584
KAZFIC	0.8680570759116053	0.21162187863914456	0.6016102593029808	-0.14865614601778224	9.496549259894474
KAZKIH	0.5965092608551474	0.10021362972597053	-0.20876845247698506	0.11768135938421187	6.5548757702092715
KAZKON	0.6246974017200504	0.12402871119485831	-0.16925008447398554	0.13700674430801862	6.76395398943596
KAZKUT	0.592816184873052	0.10710571680048078	-0.21244715810197046	0.1184812395117471	6.545316127210052
KAZLAA	0.5975695912392389	0.07070750914284173	-0.2392483540543056	0.07375475286014713	6.400476429557566
KAZPEK	0.5078413273257647	-0.6620037285183256	-0.18516554728646445	0.0845474369783189	5.701309161436857
KAZQEJ	0.5381365887811258	0.03896364005762943	-0.26680889762259724	-0.065718113082749	6.110002676404839
KEBNIP	0.7464277200971638	-0.39838669481668226	0.0716519716299439	0.25431737027499446	7.26220941558327
KECGEI	0.759415631925326	0.11549952598329494	0.11175801963850292	0.015410167333633745	7.702603561660695
KECGIM	0.7629281738897795	0.09614998186065198	0.1275072684595037	0.01413370988903315	7.740223159617516
KEFMUE	0.5780337312845791	-0.2084787474369728	-0.23879749057679994	-0.013890583822785053	6.109191884555166
KEFNUF	0.7665564943677428	-0.21554233023303254	0.07890303368152687	0.1998843055271426	7.2105326576158575
KEFPEQ	0.6619196545185497	-0.3508874264557044	-0.07004464169508262	0.2315188862849406	6.593358329439325
KEGDAC	0.6783547802173517	-0.10912006758058605	0.3040733165099044	-0.08204805776804151	7.5232002110208605
KEGJUC	0.9672090558231314	0.3314912218803822	0.527141133124365	0.2588192900359705	9.839778338564274
KEGKEN	0.8490160763510186	0.611152045110197	0.2905661254125296	0.008767500806638625	9.181537083483887
KEGMUH	0.313497543023014	-0.06175287123853349	-0.8468803173921025	-0.01386822381448595	4.705012799675415
KEGQOD	0.6264341630684589	0.3774673538123532	-0.2188429799416733	-0.09149109739746482	6.975574128348419
KEHTEY	0.9391548648597965	0.43571201165024176	0.3378346779006482	0.15093623891824387	9.265335037897637
KEHTIC	0.9315859686022456	0.47647577688238724	0.3642340536413895	0.05228854639120411	9.411963146322218
KEHTOI	0.6150688046114503	0.2566335239847278	-0.06174852148812479	0.19473855328742445	7.045757222320564
KEHVAW	0.7092595715122272	-0.9738173138915851	0.12354587370114584	0.15874891641689887	7.127288942588991
KEJWEF	0.7379643506640825	0.4604246780574398	0.6595595331307649	-0.3557226469406166	9.854531607945166
KEKHEP	0.7769968092326653	-0.6405897111852641	0.3418965110921586	0.08731664913019735	7.859875297916978
KENPOJ	0.549219179980267	-0.40761725215716454	-0.40354516995268436	0.35459411077561476	5.55686698874747
KENQAW	0.5606504229915297	-0.4343949314658902	-0.42281548055164614	0.393379636011959	5.588255089626499
KENWUX	0.5123553375364551	0.08467929595295981	-0.26770099585190826	0.002048863266477274	6.016420811402835
KEPKAV	0.8010461296276965	-0.033534981850325864	0.3931414518800012	-0.21047048092877793	8.233695477074228
KEPWOR	0.7707054105420097	0.6833330676489779	0.059065748939303504	0.10903680464827992	8.500572946505239
KEQRUU	0.8799377591278068	0.3770811978173484	0.252263416707426	-0.1755034483530472	8.669678735537644
KERGOE	0.8818602068077155	0.2568178516489256	0.35338102451301273	-0.01832005238557746	8.856940916157267
KERJOI	0.737048122269873	0.536715182375195	0.2928976029498529	-0.2948713141588448	8.656476801767782
KERLOJ	0.8238532185173737	-0.6500564453689102	0.8189272680688262	0.09855142355636723	9.987191771741408
KERPIJ	0.5057262355457857	-0.04083383585201534	-0.31749622402767264	0.013269873228131425	5.850905736028094
KERRIJ	0.806284770009615	0.47773612251351544	0.1385287161489202	-0.19499932127688846	8.510425775924134
KESGEW	0.8531827580594626	-0.40415221913012417	0.5269745616553776	-0.17378439089120967	8.796954792209467
KESPOP	0.9342218234371833	-0.5119860099947867	0.6771588648419278	0.03260199442058425	9.61157533121832
KESTAF	0.8147242996987405	-0.11227613205365795	0.5287309484349667	-0.0887990533830419	8.681649998063527
KESTOU	0.5341913464711139	-0.15300423274993	-0.3749188928590935	-0.047254964073486616	5.533178006891416
KETNED	0.7098177253936422	-0.8438892530126596	0.05309999457165248	0.26024732969989306	6.943968699773338
KETTIN	0.8168007691951544	0.7336792454683734	0.019990224997114753	0.2108708215811363	8.764932692964493
KEVBIZ	0.5028881846454478	0.03228877748471379	-0.3332356751386927	0.18100795715145238	6.000284621193753
KEVDOH	0.7944415940352387	0.3467931993892015	-0.1789629982387903	0.18731132333395567	7.275601248601875
KEVKUR	0.5296542125830648	-0.15215989349913056	-0.2866382570159576	0.36819164529485116	6.086404697257855
KEVMEH	0.8087871027821674	0.32546521530398687	0.11175754897806468	-0.2551780306769159	8.165426257088159
KEWBOG	0.5677572992291235	0.1628960346869999	-0.2651421976416451	0.03669112836036361	6.596191666872658
KEWHAV	0.6719717518776145	0.8751032867520996	0.02471594255447314	0.04502340875523609	8.621333493676742
KEWKED	0.5964984604478323	-0.85582652093307	-0.23897183247855935	-0.11268103261824439	5.5896882358047355
KEXNAG	0.7592658154481686	0.15752677716308558	0.48850359949683503	-0.0501723487763856	8.658286736581532
KEXNOR	0.8436193808398231	-0.11005582716307852	0.03861894238376626	0.5367839669214997	7.650175046738438
KEXPAF	0.649780699741215	-0.16347963869278473	-0.03462525743142242	0.20105947441676272	6.784997198913551
KEXPEJ	0.5903901368769153	-0.6153393653411152	-0.1935433008042936	0.21517178231347858	6.189180924381203
KEXPIN	0.6065405127260144	-0.5454014723250593	-0.1341039309560548	0.20958705260338611	6.281277995981712
KEXPUZ	0.7223771129115031	-0.5183531776627053	0.011391155693767252	0.1682558886988348	6.902275155129515
KEXQAG	0.7554800960302037	-0.4080122176280099	0.05253736225567064	0.16961140616780682	7.117820266621395
KEXQEK	0.5800937942507733	-0.6366097480647235	-0.2503719580198109	0.20804880141580367	5.9095743234046045
KEXVUG	0.5895548652827038	-0.23172632941956056	-0.0954537838640934	-0.26504844107951575	6.241736910238478
KEYKAB	0.6212805432341337	-0.737312975284806	-0.525151116149404	-0.08151766838104116	5.180242534074298
KEYKIJ	0.7458866678450145	-0.33263157618471206	-0.35066276087734355	0.4408679680191593	6.183750518621676
KEYKOP	0.6824933449140689	0.503870620369812	0.008887129777441355	0.005420809904212006	7.785519787264351
KEYVES	0.8007586429120837	-0.2963472248813642	0.22573911755793108	-0.061059753176490164	7.921146782239066
KIBTIZ	0.5829211036214046	0.028276163811474173	-0.14471523223573474	-0.06716721112822296	6.46861418397442
KICFEI	0.2997174495635546	0.47814282241107414	-0.6108775294749222	-0.05047150982967179	5.5155355131020585
KICFIM	0.28878396595443423	0.47456637569495985	-0.6305189844176597	-0.02996792270288225	5.481787943879065
KICLEQ	0.5694711890486177	-0.2831854868456822	0.22871928185017415	-0.06206668368074401	7.127598234595855
KIDGIO	0.4829513363470106	-0.6775267708644377	-0.5630899057197476	-0.402779344845959	4.837268134359108
KIFKER	0.6968502818121705	-0.5261190878249364	-0.38382457605496567	-0.17001311184821755	5.745250677885169
KIFNEV	0.5933376430315258	0.399533320336885	-0.042191659160587425	-0.04366671915737123	7.197666886870084
KIFZEI	0.9036643663128165	0.3948979820200553	0.24670589124807532	-0.17592879733534744	8.890204893774966
KIFZIM	0.5273998071924453	0.5394526832592614	-0.4207071492638435	-0.12589386111990916	6.61345813667666
KIGJAP	0.8168400898281556	-1.000731025723503	0.16435344050327033	0.23744980212276023	7.58184678382171
KIGNAT	0.8731027935621398	0.3457142807640308	0.3603856799005445	0.058804364688285635	9.00923614384675
KIGSAV	0.8084366526436302	0.6353911642050316	0.052369258627979455	-0.008801694800211252	8.523929104482814
KIGZAF	0.9417032486741306	-0.088152833015036	0.851514573148803	0.018742291124132195	10.23187675665476
KIHFEN	0.525160088753144	0.19357214072818196	-0.4077586940815134	0.20290369608753672	6.150054860256944
KIHGAJ	0.7261079265551054	0.08437612249027171	0.5970935080475195	-0.06441835584837002	9.056336508557871
KIHTAZ	0.8382811080865737	-0.9971062502548045	0.5444704062849257	0.24320484382916566	8.831169971399937
KIHVUV	0.8598454665594346	0.7923045485801858	0.3972434596809973	0.1056332638318105	9.899069837644076
KIHXIK	0.5407639827830835	0.28875619045552525	-0.11554060687327172	-0.18835973119197874	6.69806288079075
KIJSEE	0.6376526919378129	0.35584756877545665	-0.43040260383189227	0.07099343264962842	6.537914451195238
KIJXEH	0.913422464814837	0.6250503658218498	0.2886788124995869	-0.2896643523223108	9.5783270375035
KIJYOS	0.5443139088700297	0.2819042871605208	-0.3391670924615266	0.12622948195575504	6.382252948302831
KIKNAT	0.7210553899163843	0.735689330022139	-0.06607057374165573	-0.17351216843573516	8.245965548805067
KIKNEX	0.8215614756726843	0.7687346564647981	-0.030632711792889622	-0.06848299505333491	8.862750449217238
KIKYEJ	0.9045402091112997	0.631101680001511	0.17722998459669892	0.1046652311866974	9.152215588344745
KIKYIN	1.1541387410437354	-0.03560771107035347	0.6231758614606919	0.248423873610067	10.001670180331768
KILCAN	0.8451682040554624	-0.052243167682599886	0.1826392924102605	-0.002132752875105395	7.882011017334982
KILCER	0.8537556586445554	-0.1057460175312555	0.2138573959544064	0.0014312000038098904	7.937988997814514
KILLOI	0.727330711696907	0.07262640136228447	0.07829309493072836	0.07334862172772885	7.3463401097707255
KIMKOJ	0.7117267574324417	-0.6937938140071516	0.29500818037747367	-0.14612085991352106	7.76538649485314
KIMWOV	0.6408189058193532	-0.10331514099877011	0.20722887243874175	0.11418252317401408	7.440860413750124
KIMWUA	0.9143509013453848	0.8249830175491346	0.4908957798511714	0.08642168526128528	10.524038298397489
KIMYEK	0.6022046539327661	0.39505054734454076	-0.20527341715633496	-0.10446201593968986	6.883947509593006
KIPTAG	0.4910068449484797	-0.6222175571929036	-0.6621034248599691	-0.04536545863930166	4.775135260216448
KIQCUM	0.6228621043784965	-0.5243889232626626	-0.42821266065094027	0.17793812127425895	5.502584423722622
KIQDAT	0.6102124177142585	-0.38164210622602274	-0.37241051393318825	0.10058630459367737	5.61006810957033
KIQDEX	0.6281597820778719	-0.6427019060766224	-0.542530527824737	0.30071852785780917	5.442283293400049
KIQDOH	0.6458071402746182	-0.45791556316387727	-0.391428192178163	0.13456118671153627	5.5911643229641
KIQPOP	0.30532023924221807	-0.2343766327943451	-1.061365913625458	0.024381575885666626	4.193452147400661
KIQPUV	0.3160399295982588	-0.34292889744260346	-1.0180332279921773	0.2706970252225619	4.356268269236985
KIQQEG	0.6338806457945925	0.11751742066554755	-0.02580284746454145	0.332921998169845	6.739147923965859
KIQQUA	0.4803821628546139	-0.12148833264291295	-0.24808076999801582	-0.21494099986608747	5.842784342429816
KISMOO	0.5808804808347947	0.2719705715608763	-0.24147114618643933	-0.06230144522651191	6.591777663271363
KITGAW	0.504978079134796	-0.5597104284048646	-0.41565051495638644	-0.2017726440541559	5.137678974640712
KITGIE	0.6127279310532057	0.7103652221715613	-0.3022409177750444	-0.05259258282701019	7.41960289957306
KITHUT	0.40162106488357985	-0.8316293640143133	-0.4525684136566122	-0.3052893622455032	4.8661724625969205
KITMUY	0.5128430165484463	0.06267862973836971	-0.28178455878158515	-0.028190604655139964	6.076659128284513
KITNAF	0.5229863748574077	0.09179185495999387	-0.2769657457533828	-0.04493185986163139	6.142021600701393
KITSOZ	0.8386067153120234	0.883299933548263	0.2508854008441306	-0.2295807079678398	9.60994200990914
KIWNIO	0.6107102079144786	0.48112688203582754	-0.12006991682872864	-0.0807226079623301	7.174974138369466
KIWNUA	0.9321177936403728	0.35580654375904075	0.3230133466830189	0.29361282288848467	9.30173608797695
KIWSEP	0.6293813132868111	-0.18657834100209847	0.4547015412683275	-0.1408475654797737	7.962238182968536
KIWTIU	0.9866536281428697	-0.44764633852528757	0.7745731424435258	-0.16446252927386232	10.14278621679592
KIWTOA	0.9909134627992389	-0.4791292292933237	0.760682667904935	-0.12597271643734212	10.029829896980596
KIXPEQ	0.6799998797151456	0.543493650514564	0.4388391154488089	-0.37488510398473196	8.956958541457956
KIXTOE	0.8267546855153176	-0.01824149689771162	0.3691314668022853	-0.11862950534841515	8.382068588346486
KIXXUO	0.9059605252412508	0.5749283753962129	0.6354453521618588	-0.3631105600081762	10.462101215052186
KIXYAV	0.9492798608608748	-0.16000860333684297	0.5718059015367856	-0.3453517991483088	9.246579107711494
KIXYEZ	1.029283949504146	0.2279712021841996	0.41603485131330226	-0.17539214166531983	9.51818746043773
KIYBOK	0.6133490470463068	0.22242683114116776	-0.009444717348591758	-0.08072132201918497	6.9522020479623
KIYRAN	0.8974303011490035	0.4086631241316712	0.3489634722056706	-0.1654678577302365	9.030812065733953
KIYSEQ	0.897833054676056	0.9112039641164413	0.3020115138360734	0.05935284800262704	10.13494100477675
KIZCAY	0.6091528770202483	0.947128405032656	-0.36974295561921466	0.09956915991730546	7.915252591099198
KIZJUB	0.7179771583236789	-0.9873556274649853	0.23231502888053637	0.0843225228889049	7.388783536695846
KIZNAK	0.6396254244637261	-0.2732335014747167	-0.47364518611293077	0.37205192840675194	5.807035024677923
KOBJIY	0.5143198030190881	0.19349900778115603	-0.20019097200119218	-0.09840688006887999	6.3025882365366925
KOBWIH	0.6137266299052877	0.560481763376822	-0.3748263969407788	0.1254497760696242	6.97810880434247
KOCXIM	0.534339651812834	0.19079060385594485	-0.41153670730635045	-0.02540429357393106	5.999910689657941
KODJIY	0.49098723685705536	0.7014085371690051	-0.19973628177303965	-0.08466905664957265	7.124413245885765
KOFGET	0.758265544203784	-0.3007117984874699	0.12553430924860845	0.01582590773419686	7.249933429418607
KOFPEC	0.7025289554974856	0.11972578152211802	0.49159403629818094	-0.28244353844092296	8.583511167929524
KOGHOE	0.7888686239042721	-1.067672976649147	0.5936196090612782	0.1385065889782928	9.134098005629367
KOKBAO	0.8717644126076776	0.007495496724605127	0.6314578768305972	-0.0474103279588174	9.270289115658777
KOKVIQ	0.7474299784486282	0.7125471790234359	0.20953566046261135	-0.0005304139869554509	8.817628432721966
KOKZAN	0.5165392750258953	0.13220421676908284	0.09385720165908046	0.12107839278793378	6.992460406379427
KOMKAY	0.7211299717254427	0.09453228873982415	0.3651890070439612	-0.22125164148972712	8.107010962499219
KONXUI	0.9481397825402951	0.3043775987075428	0.4997460672947926	-0.28997090988525287	9.75339849836308
KOPYOD	0.4905826194548535	0.5003657477818402	-0.15607574262846263	-0.11051548686291024	6.885759217591621
KOPYUJ	0.5086212399320216	0.44855233479343776	-0.16551616786522583	-0.08498014108611653	6.857336655944774
KOQNAH	0.7969372208199594	0.5746246093673453	0.32092321990120415	-0.17748467291407802	9.059268651379192
KORDIH	0.5568312879127353	0.37113214514161086	0.1674975633995806	-0.10011006658534026	7.475965784458811
KOVQOD	0.8194970139543916	-0.017751766775508573	0.5360210529555367	-0.10632387478909297	8.801601571728703
KOVRAQ	0.7466633923769841	-0.14025752777297007	0.10624713331841752	-0.38246981909302624	7.407404639744325
KOXQIZ	0.2842035552129154	0.4543686907758226	-0.5913468101695107	-0.07211146345529508	5.569324601804015
KOXYAA	0.604907717292992	0.4906952179059931	-0.23722012234268525	0.010836560555444325	7.014697463739435
KOYGEK	0.5632510755863418	0.34542026766775424	-0.22246240508424764	0.063441680983357	6.679753695230571
KOYXAZ	0.5820707416281481	-0.06960873204097137	-0.23042623172872062	0.09108866803659549	6.334598812752201
KOYXED	0.5360628930576956	-0.22330781801634908	-0.642655208295648	0.06987932457317314	5.30214043702566
KOYXIH	0.5978144151648568	-0.24851573110734776	-0.20607341391894624	0.19467393123098886	6.3085940724246905
KOYXON	0.6464048298646645	-0.31167293146480984	-0.25008812251388296	0.04536056525531408	5.892064818110617
KOZYEF	0.6702680140406008	0.48893316766786493	-0.07546023227330237	0.014666897948900949	7.589092406709752
KOZYIJ	0.5906619179398964	0.4224436320088448	-0.37929542830490987	0.1011154841195775	6.740024059606838
KOZYOP	0.5648611818623666	0.47110289546163614	-0.3699116023105785	0.09804791073768696	6.794540904516844
KUBQOP	0.9475250369368986	0.5535738131527874	0.4789910593615678	-0.004000599582104827	9.86890633215857
KUBVEJ	0.7688860722465911	0.5075257755727587	0.3043933980362964	-0.13100411962933867	8.748006390787342
KUBVIN	0.7775168285315015	0.5212216456719978	0.2708270769253179	-0.20350171916690604	8.73083095671861
KUBVOT	0.5421559868335599	0.777245618261682	-0.16323433191585868	-0.005423793782677156	7.525580312126234
KUBVOU	0.8045584189834019	0.27670830706853006	0.06960163118859318	0.029775217376128843	7.802092298907495
KUDWAK	0.888654575082529	-0.4624716330288801	0.1495641282337673	0.050119663269200164	7.473481274424294
KUFBAP	0.7109626249328311	-1.1416132435400301	0.4129112366554516	0.31981096575535395	8.336481213710357
KUGLOQ	0.7987269438517242	-0.17034845992226635	0.5538623188835028	-0.2271568739527642	8.615909714650629
KUHGOL	0.5598806409761092	0.2832860367972028	-0.18242084912841589	-0.14538591324071115	6.6733500116826185
KUHPUZ	0.5449653335446873	0.0918422819733184	-0.07986446332865313	-0.0812453950421611	6.524538191381002
KUHQAG	0.5226595302381254	-0.003403235452391436	-0.0938570154140134	-0.07434944001056726	6.2972427576809515
KUJNUB	0.7723970517217058	-0.5630842147084814	0.31283871731691415	0.12093242356470807	7.725117137239211
KUJRAI	0.47269287748365496	-0.22981533321149902	-0.5221333980259302	0.19250242845017115	5.226946487620116
KUJREM	0.44596969396505326	-0.03226787631856686	-0.5167988331200262	0.04233408431653099	5.393384688139592
KUJWAO	0.5512136280488233	0.6742862045283544	-0.140571617598434	-0.08876688138232285	7.389795053964653
KUKXAS	0.724578067379051	-0.7637942189055262	0.21014485858103382	0.1541449137863744	7.332984535018234
KULRIU	0.6153652752399745	1.3487000295273106	0.06989396413801105	-0.23361618890550565	10.025404138673952
KULROA	0.7747850453021936	0.8708127547776217	0.05943431893923522	-0.11738512953949762	9.10392559416834
KUMCON	0.44323097650329846	-0.1986250301849746	-0.10710841996202713	0.3017599729324829	6.019533351210917
KUMDEE	0.4513115915093051	-0.29839214603218506	-0.012527264799833931	0.2096225717321176	6.12924025345444
KUMFAC	0.43853615303653637	-0.22198334315216722	0.10473382867257187	0.2012223813797587	6.640915172669826
KUMPEP	0.7607355107108127	0.0894039896942684	0.36345509686759314	-0.19632495717788026	8.20322394397008
KUMVEU	0.4469902143283804	-0.7073403353582779	-0.6008411159001446	-0.49346530282794354	4.8201595843874205
KUMVIY	0.4997933028153394	-0.42839508240167135	-0.6766351532867023	-0.021755292921296257	4.817341665070184
KUNCEE	0.8954172121035278	0.7584744167456803	0.28067894284234873	0.11979628129872683	9.698149973597282
KUNDIH	0.571722087219511	-0.017406626952330112	-0.5047442117665255	0.05131668656694902	5.605350026554838
KUNNOX	0.6443224966881216	-0.40464318266881266	-0.044820522596208084	-0.1721808417456847	6.530489010805349
KUNQIU	0.8279537481092687	0.668015540723969	0.25077745853458566	-0.18988972703454088	9.190302618467996
KUNQOA	0.9319754811045122	0.783418623798807	0.42234845075635974	-0.29733214166079225	10.245658475599548
KUNVAT	0.9156666221581258	0.0668738277476326	0.19727742422974126	-0.06431910844345755	8.313639954797432
KUNXAT	0.7563275105805172	-0.27463287942994113	-0.020042347704104235	-0.3406731449946929	6.922195601065532
KUPBUV	0.9209123596895656	0.6422998374728004	0.3248889010437138	0.22107156670572964	9.702235983604437
KURJIR	0.6324750087673303	-0.4792136170520322	0.12288543091418735	0.015622481761730235	6.797131187782645
KURNER	0.9423610400055349	-0.8731152568509428	0.5310661450723031	0.20843564846133075	9.336988424656152
KUSDOS	0.6316552899055177	0.4528737809249801	-0.036093810250891145	0.09347531442453319	7.401603596728953
KUSFAG	0.45934654533730157	0.017389382881175204	-0.5280757925220969	-0.06906542512951917	5.392813101345122
KUTKOC	0.5339429056728511	0.5463488578368227	-0.4804805404354225	0.04408427985825561	6.632116485649438
KUWTEC	0.28731930217415425	0.43557396810945437	-0.6010363600039923	-0.08327372599076607	5.433619113272373
KUWVON	0.791313309961363	-0.08690928016475181	0.5345714980276739	0.0327616314340402	8.667823714020054
KUYGIV	0.9318317119506689	0.4487009495675234	0.40450086001553276	0.04367083980358765	9.620772192196414
KUYMAU	0.44509449765204145	-0.4993748056352983	-0.33431485417321277	-0.4107470585458556	5.409294182636129
KUYNID	0.7597416174285678	-0.6482259517699347	0.46885181542994536	-0.08518942083440373	8.101226096219358
KUYTUU	0.9743151545748603	0.1062375574028018	0.4183354861815532	-0.1377538340094024	9.130692277726851
KUZLIC	0.48073368014056506	-0.5868659946386958	-0.7281612053762336	0.05493967405404322	4.711632815498082
LACBOI	0.7544241489921992	-0.3507023942753068	0.422139219418059	-0.05226030150004615	8.000665397288296
LACCAW	0.43874141111585985	-0.3140381967420776	-0.35591410744073504	0.4889906158081344	5.95705198443056
LACFOK	0.732962649668564	-0.587016724029314	-0.18442636784132166	-0.2059336093654249	6.249068365108779
LACGAA	0.7159974596870162	-0.33637703641938843	0.22255915730497222	0.055058597281364516	7.445183005847662
LACGAX	0.6898979675303227	-0.6504094981704545	-0.23611582903950218	-0.2450743525356415	6.007678045271922
LACGEB	0.7102046300788185	-0.6490138190131376	-0.23926981226168065	-0.16050264494959737	6.107125668475179
LACPEM	0.6480983381611649	-0.0912520242659835	-0.3396431222601678	0.12071939417607216	6.164489254106334
LACPIQ	0.6045348729880917	-0.19970840424362915	-0.3006358479265615	0.0652945909323657	6.018653676644258
LACPOW	0.5840842619505988	0.028234299030789015	-0.17728486548252298	0.11704289714628838	6.453598960256
LACPUC	0.5705751818186551	0.004036900995685631	-0.15825699713575558	0.09313843874968102	6.455098514146653
LADSOB	0.779593621677555	0.16447317343624307	-0.2639899835153314	0.0981863738456015	6.993529215326033
LAFGEH	0.797969952546441	-0.34813050071450335	0.12829923417912123	-0.020391922208588053	7.356686453448122
LAGBEC	0.9669418381062771	-0.38536109595706314	0.5101941480121871	-0.29661199103052904	8.989041970403502
LAHGEK	0.6127177377539663	0.6257651171488496	-0.26103262060118165	-0.06326876333441189	7.256916086849879
LAHGIO	0.5885062098703946	0.7035402135241415	-0.3619440065866184	-0.03869800270212659	7.21223156080994
LAHQUI	0.8326222010613229	-0.029976817995141725	-0.06076848444982913	0.45800565336241283	7.200226676217838
LAHRIX	0.7934518008028197	0.22431565292101932	0.07168710562279965	0.2886213655473354	7.718075028124654
LAJMUE	0.37460004148279946	0.18275964640151815	-0.3649993219423019	0.41969012422145024	6.106915007332602
LAJRIZ	0.9765759222004791	0.8283636105585073	0.7429525144785294	-0.307909238429836	11.731154789333196
LAKREV	0.6023915510607729	-0.12453193378285617	-0.11562814078722783	-0.1423575004391361	6.410577921295243
LAKRUO	0.9124676262705735	0.5638087811281802	0.4003793778407238	-0.20748368743548756	9.56657388709473
LALHUD	0.5926844854546989	-0.5306073489247145	-0.34824010421865814	-0.2524167977491806	5.567498836391449
LALTAV	0.8270455443168014	-0.7995174346401455	0.5790285013772764	0.07947963611190034	8.688988602639117
LALTID	0.7431282934270698	0.7683001430492411	0.06378030268291686	-0.1557419713457387	8.72746954968107
LAMFEO	0.9030635094197867	0.5351707283590308	0.27770634390517535	0.3531173691519419	9.383025374141384
LAMTOK	0.5766796723597105	-0.22376737633420887	0.23500600093495333	-0.06939646803319979	7.187657340809929
LAMWON	0.5670301621345955	0.2923938307566856	-0.13326115551510292	-0.04230222768323684	6.69450418851327
LAMXUU	0.6965921248280491	0.11216406955859415	0.12158548265135438	-0.07954519848407976	7.389762032343665
LAMYAB	0.9358346902901626	0.4056283110587074	0.3325119112468915	0.1705963066152074	9.262484629230077
LAMYEF	0.5740324632749285	0.07446901926335898	-0.16813294288325642	-0.05816004103212966	6.452321448297515
LANBIN	0.41277712519385723	-0.7391867689695422	-0.6016848225858322	-0.639097964330631	4.780309618181786
LANYIL	0.7827439685307285	-1.0240106670225313	0.13428791304411852	0.20837916556983033	7.483428560125304
LAPHES	0.7147993961329329	0.31286507384881324	-0.1389370260865162	0.06285245001464397	7.130649833465875
LAPTIJ	0.9493485686756715	0.24442703254077647	0.9890416116247942	-0.16717409503613107	11.182094916921562
LAPWUV	0.6538458383137247	-0.42693570963854277	-0.4997955843011482	-0.21484116470102277	5.56383416719267
LAPYAD	0.5922685833436194	-0.28712540728130453	-0.4497078779137949	-0.19912025105541742	5.574853874888325
LAPYOR	0.5720011722260185	0.049908636235715856	-0.5504498173334409	-0.013470454669688044	5.881829855593843
LAQBIP	0.5237206125504192	0.009444595200509009	-0.2892232201524382	-0.06339689717398679	6.041712257229574
LARSOP	0.5980897935957383	-0.4691838817561225	-0.6006204191721913	-0.060689614247390125	5.019999642404315
LARXOV	0.8925081685419656	0.5084421920765141	0.27789442456247204	0.16417328706175263	9.157640054997664
LARXUB	0.8617234697680569	0.5906943177070836	0.14388228483715307	0.34747747524402617	9.001230434804405
LARYAI	0.8771481675446458	0.5717501747758651	0.14018996084037605	0.3166222826627222	8.944877138623077
LARYOS	0.9553669308671715	0.36394813449230845	0.5323929224738595	0.1692312631651065	9.725032881048694
LASJIB	0.8776469036625212	1.0211380648576476	0.37310263307448244	-0.31813291426961554	10.540697101736862
LASNUP	0.4827710311687303	0.02433297068193404	-0.312036475385595	-0.14154269889378218	5.809548376233183
LATKEX	0.8230967448358602	0.9209019694562779	-0.02671585222983852	0.5179335571531279	9.297982279974727
LATKIB	0.8193018309385609	0.9180183467948984	-0.03266012691171069	0.5371323753377942	9.284529196202252
LAVFEV	0.45026902567531835	0.7590976283648547	-0.5848150449733565	-0.08776942241232001	6.6461957195142585
LAYLAB	0.7535256632639964	0.24759167089391992	-0.041568608665993906	0.08472950759431776	7.256036271131584
LAYMEE	0.6040713104098785	-0.056573887158908334	-0.0389047860437601	-0.018346034848702807	6.603584156992418
LAZGAU	0.6940455191149892	-0.6887094622884844	-0.0843985232601987	0.1667286198676155	6.334348036174481
LAZGEY	0.6319883600286182	-1.0977518039300587	0.15018726426952908	0.14200311894947604	7.1117484244064855
LAZQAH	0.8485507255250031	-0.5179479676836003	0.24312263472158782	0.05730985440887992	7.738691320581634
LEBGOQ	0.6440725817250446	0.04670590423773589	0.6145948518821633	-0.27073308781138195	8.715871554032365
LEBNIR	0.7167141399174461	0.029371500899385422	0.042494931986259005	0.08692853752526933	7.1905659275569445
LEBTOC	0.55425219918809	0.6253923331546363	-0.40520703696550814	-0.15277933413504172	6.860523077520777
LECRIW	0.6704570906321523	0.6555812204307718	-0.2973903950151894	0.0455871147361076	7.648013630148078
LECSOD	0.6633867444890598	0.622516781600436	-0.25293072663555743	0.0038747139139809865	7.575454234054691
LECTOE	0.4507892329691696	0.18558809200281964	-0.36506263380993303	-0.10477140343774947	5.850842426535323
LECVOF	1.0117343351040056	-0.42257895899572145	0.6662910464898324	0.16541472235032545	9.437729608348816
LECWIA	1.0257042816566893	-0.0347767770058348	0.7178876706406747	0.21414735639148197	10.411022560205929
LECXAT	0.5827178152217947	0.4015786354717416	-0.2758979329986083	-0.016987193376428115	6.738974076500359
LEFKAL	0.8954243927167171	0.17843051352472747	0.1503631124709509	0.2278086603426297	8.287190303993462
LEFMUE	0.49979295832569814	0.11556062040274587	-0.14187203636949886	-0.16038491888474304	6.297751916049888
LEHCUY	0.8608667101867304	0.786344932771057	0.4336543796175976	0.13664098808852912	9.950086623146207
LEHHEN	0.966877005564589	1.0048601677134887	-0.12772151049481287	0.15702931488908706	9.763706233149236
LEHQEW	0.7998550059455258	0.7356613351879866	-0.13489997840763254	0.1293110248787567	8.413545648927846
LEJKAO	0.8554670611973068	-0.01279667120504261	0.47878816829471005	-0.2884977522386909	8.803417521601954
LEJQUP	0.3995130383445904	0.29750632716964254	-0.4095052729199398	-0.08129023436336645	5.825341458591262
LEKBEI	0.5735149857180462	0.30078668701589334	-0.1861599428067472	0.038355628007773444	6.729142074422356
LEKCEJ	0.49345011023178476	0.1518661005331283	-0.4856908723774977	-0.0019160005771972355	5.774442351212652
LEKKIY	0.5559812802611512	0.13438638580607248	-0.1323267166353141	-0.029090292707964156	6.487514490358629
LEKZOR	0.5795794645575159	0.16487907580982847	-0.1922166796255494	-0.16521065288242184	6.499164443585528
LELFAL	0.6812836561919022	-0.12254634353206252	-0.17416566665555155	0.3023831191025399	6.685506257552362
LELFEP	0.5867688481554438	-0.5174627127850164	-0.5707596457510933	-0.38480068849319893	5.209266505585581
LELFOZ	0.46336002724839176	-0.36476084083183363	-0.47128110504722104	0.058549280404531986	5.20570396352261
LELFUF	0.49710458482437314	-0.33566926678333836	-0.5705099799277693	0.32771509532931176	5.244546454102988
LELGAM	0.5045782633905622	-0.32459611019308954	-0.5739901384923307	0.3482814203889272	5.296907527207301
LELSOO	0.8397764698171519	0.4971132191498537	0.0374911385935385	-0.03187693812121259	8.362541523428042
LELXUY	0.9486827502677473	-0.04078969743773027	0.3294619304636446	-0.15519035392876335	8.65019307132813
LEMDIU	0.9017093157775342	0.38693821866302525	0.2700590577968882	0.04471939432910975	8.91425591553654
LEMPOI	0.6047685586597309	-0.4539532770375554	0.08175383498660291	0.06728861499122431	6.768665643978127
LEMVAB	0.43420371770669863	0.6269126064947754	-0.5636375786021341	-0.021325181191154355	6.334229036200768
LEMVEF	0.4374214398544991	0.6310117193889353	-0.5395801832559877	-0.034037905563791056	6.395752264287918
LENFOB	0.583137461778974	0.015520548975899669	-0.26813137388305136	0.2520474638231073	6.293082897182664
LENMOH	0.8512931419929366	-0.26741394535839846	-0.04246964307376366	0.5373816957461977	7.297756007951277
LEPSAB	0.6116641853687481	0.5214121259505924	-0.23629353613926568	-0.07994504622777486	7.068766388129253
LEPVUA	0.7452427923837854	1.0443858394299126	-0.2247156232727034	0.09158400090427067	8.741417330056247
LEQJOH	0.7630014277123651	-0.5261971406998911	-0.07478276288690008	0.21514836863499462	6.650625897776445
LEQLAY	0.6125820558916955	0.2765225859710565	-0.22120062233183596	-0.046704002151384774	6.728109869862605
LERSOS	0.396026577261515	0.5070161092285554	-0.20018963255153588	-0.10875349981132033	6.45300100614824
LERXEO	0.594925053019824	0.26667260849683133	-0.1866927500759138	0.05802461996431213	6.714264038097682
LERZOY	0.7987304054625266	0.3572240362876924	0.4931590616514827	-0.03554984475125126	9.217262967288612
LESFAT	0.8001983189625044	-0.1981530381148115	0.10072914616257547	0.018784802352057605	7.485488906100214
LESGEY	0.7185520678681323	-0.06213835981918321	0.1154521471842784	-0.07584661502696778	7.346352359689942
LESGOI	0.6571939484306251	-0.010661034443970041	0.1091292563045371	-0.22107473288258137	7.186579033120098
LESSEI	0.7284418507664681	0.3640213495831182	0.31251551841779907	-0.05312010561713471	8.459203679720414
LETGIE	0.8389801576131921	0.47529505507237446	0.3949183168748901	0.18092264989826654	9.199726765923556
LETMOO	0.5852282909963415	-0.1542670598141672	0.02910233589918733	0.06728539121331419	6.687656888981676
LEVCAU	0.5887931601565004	-1.0694714993523904	-0.1870817943907669	-0.03288387100411449	5.979461455167785
LEVPAE	0.9246988346829461	0.288783132541897	0.615483929738333	0.17068571823135623	9.990028029851912
LEVPEI	0.9237334422926287	0.34684353650478544	0.249491091480031	0.3751597227915088	8.919062768073164
LEVTAL	0.7331677316182681	-0.48017448665104556	0.5542015098654347	-0.0621979598507955	8.390918167865145
LEVVAK	0.6889647666003187	-0.4364829169051113	-0.013166971862443755	-0.0010325666176964352	6.671124606170943
LEWBAS	0.898086244222819	0.7639719975523318	0.5112445735790812	-0.2905581588580297	10.42010514492545
LEWFAV	0.7525234119550479	0.10047841596065646	0.13542769344563665	-0.003162908489105597	7.506191465630268
LEWPEM	0.4629331848524183	-0.9553014212176245	-0.4587492125444445	-0.410844446425944	5.160916904700123
LEWQIR	0.5991307445403002	-0.038294448026374564	-0.08411383015982629	-0.15654259590690092	6.566403303653534
LEXGUT	0.8922641587556743	-0.7843462927392111	0.621283437320894	0.1400761634097888	9.007893636546353
LEXTOA	0.4624181860740819	0.3193661111085753	-0.7958513077008702	0.00822605423291578	5.518075993258646
LEXVUH	0.8306762596881185	0.049564502410937045	0.3164017591532354	-0.21816505219555063	8.23135371108284
LEXWAO	0.904256235920295	-0.6990977993574647	0.8720739629866301	0.3710999023775423	10.448176177053321
LEXWES	0.7702715661479358	0.5913762185111711	0.1705949522151742	-0.15883158397700503	8.677375331280533
LEXZEV	0.5206436315485146	0.195590398651978	-0.27969881201389335	-0.002828818180591868	6.2748063903485605
LEYQUB	0.3037629572528271	0.37981606221809006	-0.6586901608652733	-0.03806311496888287	5.242396759951183
LEYRIQ	0.6017563164039794	0.31700220021898395	-0.41404217021985784	0.18626372036805472	6.333773971521268
LEZCUR	0.7848863068911003	-0.5557973310359994	0.5994342835136346	0.06254892756775858	8.825013278381022
LEZNEL	0.6445595696023316	-0.7476438215369154	0.32003810031721336	0.03236836725220348	7.4641829327642775
LEZYEY	0.658956952487717	0.5575150605342707	-0.14528007387264902	-0.04891866485701395	7.498676193241046
LIBFEH	0.582641499603584	-0.8396940737948071	-0.42468206025058525	0.044727368686780664	5.389508041839221
LIBJAH	0.524274562154023	-0.9717259721868263	-0.46172026617712353	-0.01670734992692936	5.224806274758857
LICMEQ	0.7014905670620477	-1.123277747022546	0.013684132164012666	0.020827460107965906	6.9411878097080955
LICPAP	0.6395234634727682	0.9348714977751025	-0.4459554718296885	0.11087767808774505	7.8910655696326515
LIFCAG	0.5406376309759349	0.23589343619505687	-0.3011588910137185	-0.07210649026029121	6.294268385387142
LIFHAJ	0.6700125405168906	0.6370744399282506	0.1747651157270319	0.03709032102610041	8.457164669448114
LIGBAE	0.4586953024946929	0.518154343246747	-0.578531734374069	-0.18127533387951208	6.086084514707494
LIKBIS	0.7088677673840147	-0.8957278383261664	0.014842919478445515	0.22008563467444395	6.800537017402958
LIKROM	0.9950445047044836	-0.28510544368393465	0.699630460901083	0.2306471827800895	9.632966273807371
LIKXAF	0.5625758452018461	0.631558640191874	-0.29470288191497157	0.4667618437279365	7.313834236115262
LIKXIN	0.7788555308499747	-0.034434719396501244	0.5037273865052683	-0.1920163433262603	8.655989746907053
LILBUE	0.7648339922360652	-0.19023337670269996	0.4131636311017924	-0.10465691562882554	8.040744289458534
LILMOI	0.5651333650475747	0.1945185899976351	-0.34885248853429823	0.061235150395462665	6.354804496258645
LIMGOF	0.8751919434573061	-0.5912764304394391	0.24299427666897155	0.057935541455463396	7.836496203150366
LIMGUL	0.8754464965206994	-0.5953034577329073	0.25370985313370653	0.04830961916680213	7.881196942214631
LINVUA	0.47368424504448114	-0.36677030360506596	-0.6647241849444085	-0.14338649520129768	4.962804493121816
LIQFAW	0.5236168878859715	0.36595883912724203	-0.5697074846741597	0.031113477500252604	5.973960160859696
LIQFOK	0.6783153732974085	0.4943083161983685	-0.10678353421259548	0.03885443180892525	7.578453094003085
LIQHUQ	0.8208391472267946	-0.8752734716390982	0.25385075876928564	0.166676281978862	7.681185592178839
LIRDAS	0.5872303374066075	0.23788091098041692	0.13640547561644592	-0.07134793312104172	7.340170672252657
LIRHAZ	0.432832043847867	-0.5276261658248445	-0.48658854433280235	-0.19646661648715052	5.071142833352277
LIRHED	0.504111321942819	-0.49912799673796326	-0.3922615845109572	0.11972814387814651	5.572794808569704
LIRHIH	0.559933707409054	-0.6629450677459579	-0.27642747194359596	-0.2416749279799075	5.587346365205756
LIRTOZ	0.6260487733203579	0.012529147111569262	0.271959447698824	-0.07047410893474712	7.578537211228442
LISZAP	0.4012621774804206	-0.36288263691562966	-0.529069744860696	0.08980498653692556	4.944996212477634
LITBIC	0.4111006054637425	-0.751295729066233	-0.5110644203270778	-0.5783619700083812	4.824198769780533
LITKEG	0.4934132178089108	-0.7545215682900295	-0.5864093490517426	-0.391102744581298	4.915307162206448
LITNIL	0.3402695768704689	0.5874740497197575	-0.6757348894206159	-0.03744758944424535	5.86612592102813
LITZAS	0.5119877290946251	0.03891932708592978	-0.1705821055695575	-0.08949558569767538	6.173315396639069
LITZEW	0.5274489160336095	0.11483426741850666	-0.15742961501935582	-0.06292875897552105	6.3369267685280075
LITZIA	0.5370160833634579	-0.03000327262866454	0.1546650941866591	-0.12845412031949405	6.971458171984808
LIVNAG	0.6917021977168973	0.5483066842846485	-0.25306433595351446	0.11915658483607341	7.433471999369118
LIVRUD	0.86226841711456	0.7341710312693164	-0.004959591717290879	0.19620782315693722	8.849489884593076
LIVYAU	0.6388336528689518	-0.8122407004986776	0.024424502672218337	-0.02283280430369994	6.636136147762074
LIVYEY	0.6389649519232785	-0.8127648196385528	0.026428855242406513	-0.025535061784703113	6.63859175234809
LIVYOE	0.6025505624937617	0.34703882223609267	-0.152925011809314	0.37212731228592066	7.171925627564719
LIVYUK	0.8344150453999841	1.0175020747685584	0.2392443886206197	0.24477002333884654	10.051587169113732
LIXBON	0.812693254604528	-0.18750461919747852	0.3416510374911814	0.10467630355823952	8.267437769771162
LIYDEC	0.7023839196718198	-0.9704599779727641	0.10533066629597526	0.029043767055076615	6.77819779649706
LIYDIG	0.6944867213605557	-0.9843605607745263	0.05125865010221557	0.023846300322575224	6.615175073556137
LIYDOM	0.6840244388828358	-0.9699827483258052	0.05158423595833605	0.001898948327332119	6.629161012975283
LIYDUS	0.6737383928904128	-0.9996774345128063	0.043734333283858895	0.013696102364540289	6.558462365976171
LIYFAA	0.6631921935933738	-0.9834927011242023	0.010996719233220612	-0.04157825835147118	6.356176264465784
LIYFEG	0.6489855707233403	-0.17664840676667573	-0.3178406695643852	0.07543980337999591	6.246308444465095
LIYXIA	0.7131577600712022	-0.2975251461392303	0.2097754528603873	-0.08859076857601396	7.212611563855475
LIZNOA	0.7513640648523845	-0.022809073902115444	0.7257819665752236	0.0869713089282565	9.408772255678828
LIZNUG	0.48940904781286765	-0.7346183672982787	-0.011742903744758865	-0.1374766301855111	6.100566967084456
LIZPES	0.596264558231498	-0.249116296007933	0.08897012823782892	-0.14074798289137813	6.5841378834438515
LOBDIS	0.604704056544108	-0.6603994233726669	-0.489307852388632	-0.21965220419368683	5.3387465603659425
LOBKEW	0.7017475776241966	-1.0534263819687693	-0.1520740749007159	0.11122762139392123	6.3420152137524575
LOBQID	0.8170785430355556	-0.6567571622976658	0.16524466864336437	0.05374105903256026	7.47262892255155
LOBYOR	0.5639467584960363	0.07694221829212577	-0.3610082119981637	-0.11886684561118079	5.973317151750139
LOCLUO	0.9436451407589637	0.060459187749860185	0.7545008036804071	0.20215943139671616	10.353758812812828
LOCVIL	0.6613839194650728	-0.18814942979451546	-0.21793844911068327	-0.336339780527114	6.1744527628955765
LOCVOR	0.5021349038095613	-0.711883747425287	-0.5295547509029326	-0.4834557963138696	4.991353625115314
LODRAX	0.7052808029095976	-1.0381324080603958	-0.13198845484914076	0.1537713443887961	6.416568605341535
LODSAY	0.7652626600827404	-1.0887927131233373	0.14699289122511303	0.12706561025269836	7.397025395478867
LODSEC	0.6925506212502297	-1.0682315953390764	-0.1379143533207362	0.14890975914136875	6.397389008201939
LODSIG	0.7652463280966462	-1.0829543480659753	0.13140861533304232	0.12248009730496015	7.299352923526473
LODZOV	0.7054859761490073	-0.059401429644543736	0.4967963607450142	-0.2070734092812478	8.344863238670273
LOFCEP	0.660991855859999	-0.4433909709203035	-0.27152020519307163	-0.32232404323058894	5.952081914115322
LOFGOG	0.6356619154274288	0.09478924689659629	-0.12866735973180712	0.015797940915421096	6.776050281959168
LOFGUM	0.9186164379732364	0.5544317064468414	0.39227657381996167	0.29505412303726386	9.673847557997277
LOFHAT	0.5838150846900749	0.15124863092976507	-0.18342645458825846	-0.037222610517296265	6.511138200852299
LOFHEX	0.8854223722026138	0.9188932038046564	0.29578390207337246	0.34567902397243566	10.18114283826569
LOFYIP	0.7693092746389993	-0.00016227668380239604	0.3290488735990678	-0.16855977336704692	7.992136252179187
LOGBIS	0.3658360112263894	0.28658989473026536	-0.4104829152761967	0.15545251061509657	5.885810735003813
LOGSIL	0.5636564712154835	-0.0659454407898542	-0.3515714236797382	0.11028266373262663	6.047547410808802
LOHBUF	0.6771780996674419	0.128753087195935	0.22374046737416498	0.2054089025732772	7.913575198843419
LOHWIR	0.6404815717490093	-0.44331546067795197	0.1601116253331552	-0.09518097652341516	6.874983497943873
LOJDAS	0.689881900412403	-0.2998282148265934	0.00505981012418856	0.1662978029847338	6.84951022808323
LOKPEJ	0.5728875185455733	-0.4078936301225448	-0.2802907966982935	0.4014335180408879	5.972549417345744
LOKPUZ	0.7204891628198267	-0.37745712997475894	-0.32516370311119663	0.23348855897045834	6.160865751205546
LOKSOV	0.5712911219330232	-0.29488582762235704	0.23079583008656704	-0.06565349672050025	7.128430630061719
LOLNEF	0.653398538728406	0.08425881884665931	-0.23288163429136705	-0.157889512425408	6.545367834686007
LOMDAU	0.5134365417484128	-0.20590596084181403	-0.04467777922089758	-0.1388665857068588	6.272422665994708
LOMDEY	0.5276177620019782	-0.2066748326946464	-0.05849330354312943	-0.06284913867240574	6.2456740917541165
LOPFUT	0.6952182307895338	-1.0109161903309538	-0.07662249585691985	0.1982103686327849	6.573237041547721
LOPJEI	0.5629495559673421	-0.5769542124055416	-0.22163051020999675	-0.34447691602429364	5.874952867977058
LOPJOQ	0.7642138508085221	-0.16848372336934314	-0.22338570643042355	-0.11669754810057943	6.467999191705089
LOPVET	0.8351002308946214	-0.2577321409597748	0.4413118967482567	-0.10081112380385862	8.47623428640596
LOPYOE	0.7722609536260032	1.326378465121748	0.25420050394488847	0.22722749182647992	10.881604413285725
LOQGUU	0.7731867826012415	-0.3484180152490077	0.010157110110007181	-0.023525014915209343	7.035177715904589
LORKUZ	0.5739183533121688	0.2844626093630283	0.0449961626073687	-0.08033635769772625	7.147997814669152
LOSCEC	0.808146822060352	-0.1263804328055675	0.21579022310718843	-0.19473303924207466	7.85591889504594
LOSLEK	0.7819932669277607	-0.47314445979575975	0.6325401330104374	0.06708436293456142	8.838603068695743
LOSLIO	0.7788179868247269	-0.787460856472703	0.6271301139984948	0.10607061020320198	8.8004659870449
LOSLUB	0.7972423414410104	-0.02597953448620246	0.37777779206611234	-0.20367388264754924	8.198804491725367
LOTXUP	0.5332025090436909	-0.1533267627561333	0.29085423501147295	-0.1438570019150784	7.20871217815803
LOVJAH	0.6271695280218603	0.5900435847934562	-0.36407107813261474	0.15856540657896567	7.402206154586231
LOVJEL	0.7979057826232836	0.43037638667509404	0.41131332905291224	0.028630573378043464	9.158839033142232
LOVZUU	0.4982793243810226	0.08490669685473416	-0.29262172884862653	-0.10079865254018137	5.940976205291992
LOWKAM	0.6839968670267638	-0.32475431802755234	0.07214863220730158	0.03275155371294844	6.928138252906174
LOXSUM	0.9766603851122184	-0.12265425492705608	0.6325947574855004	-0.04567215204684174	9.765529137234779
LOYHAL	0.5463382044028942	0.49318444663410105	-0.3380801984593616	-0.036073179181743194	6.771646895586047
LOZBIL	0.5986577896677394	0.7265764285521163	-0.5190921588404604	0.14519580007859392	7.299739367243673
LOZKES	0.8184695421408739	0.8530640683920312	-0.0685364227834046	0.1330554541489186	8.899293105518572
LOZMOE	0.6171023041565968	-0.2900706115219188	-0.26111034916290105	-0.008572702944566407	5.987147134447666
LOZWUV	0.23593168681205245	0.43278811571811415	-0.6942312858100228	0.008525129698935693	5.284134561214358
LUCBOA	0.5407480866284002	-0.10238161437124907	-0.08897913361066037	-0.18880987720311448	6.254527644800791
LUCBUG	0.5595913461559947	0.3247672144184554	-0.037794443805381744	-0.22754527756529228	7.064944687959539
LUFHOL	0.8651322437531661	0.912266294150559	0.32091186277232475	-0.5113497681383277	10.240995483184857
LUFKOM	1.0175792767232057	-0.17684452968455852	0.7209631105382444	0.12756733931515582	9.820975435454987
LUFKUS	0.5234458508299253	0.5206125146183187	-0.37999854276714357	0.06905402829589286	6.603218409709213
LUFXUI	0.6925182393685105	0.1065356418231973	-0.15914901887538208	-0.15283208995895053	6.805831135467993
LUFZUK	0.8755995494992028	0.4811426199162942	0.41840351703218426	-0.2480270291348699	9.374705422701847
LUGREK	0.6974836944651681	-0.03526289258608086	-0.12278599733959983	-0.26388695383079575	6.656447180497382
LUGTAJ	0.5717258253716615	-0.4119286777715884	0.03505960478795139	0.15486427134699293	6.4623440023531
LUHJUV	0.5081643953395334	-0.01816550082279365	-0.3583537957942385	0.19224333243384215	5.913268143007056
LUHXIW	0.3604576907909145	-0.7366958153404923	-0.5254445283551206	-0.2202338345041457	4.706116942709141
LUJFAY	0.3736377943331197	1.04161159912677	-0.729925311643814	0.14913258325688405	7.119646392193146
LUJGUU	0.914259039460438	0.26236873061143734	0.5054524370539222	-0.16958785979010632	9.43201118928659
LUJJUX	0.34288000524294304	-0.8477676178155051	-0.139505382424292	-0.441997378965174	5.585141398153109
LUJKIM	0.8127452068483461	-0.07701569501649042	0.4214955021424623	-0.23178198310664352	8.343778052262152
LUKFUU	0.6258059058863168	0.2824931559714159	0.18842451991078998	-0.08381282483935613	7.695351546558672
LUKREP	0.5759271229950507	0.07282786054817737	-0.29465553153270496	0.0077244675225253585	6.1534093040956215
LUKRIT	0.7221646162731172	0.41113203876087084	0.20043055276753802	-0.0557452633871423	8.160506101194803
LUKTIU	0.6107875245944294	0.2947801949807659	-0.144007985216621	-0.011205603316694642	6.9394542530981855
LULROA	0.5188508422966995	0.19296298749015375	-0.30725170532690205	-0.11624301458824013	6.076602241127992
LUNKAH	0.5858175848115863	-0.49288719614131565	-0.453560157349799	-0.5180814112610164	5.354941127001204
LUNKAI	0.489359408288208	-0.42244960636395823	-0.8009903139393555	-0.1255156375322307	4.54274268025799
LUNKUD	0.7810116774999312	0.530799518659864	0.030508019063594544	0.18614705930713035	8.103854456575073
LUNXEY	0.4395167741862025	0.5497182320013092	-0.14742468498702627	-0.11672713166078663	6.749805903133574
LUNXIC	0.6572706979078466	0.44206201766055153	-0.04538690564505782	0.012193999009078669	7.414721645482988
LUPRUJ	0.5532240430613831	0.2501528368282384	-0.20842935364337511	-0.04875120805629196	6.487363805190408
LUPTEV	0.14590816786860206	1.101340325520978	-0.8194037316781235	-0.06725553573207534	6.366661883506041
LUQQIZ	0.56467383015179	-0.6728326512961731	-0.5450090532132941	-0.27930020478914463	5.096643396359006
LURKAL	0.7723794219302214	-0.5732841868779217	0.38121329411710514	0.1447063513294697	8.038407580746872
LURVUP	0.318821857626463	-0.15792945324552604	-1.0277863041945596	-0.13429951434324858	4.2696722201230015
LUSPEV	0.4185779410599837	-0.5214386319319733	-0.7402495394294948	-0.010623467345962798	4.613040040245012
LUSPIZ	0.55252016263701	-0.28089901138036477	-0.3971508521380355	0.3951385391536295	5.960373334674928
LUSQUM	0.2972648382694807	-0.706258639356762	-0.745707973327276	-0.21031431322425345	4.415783500006526
LUTPOG	0.829513637799459	0.8535932782279845	-0.23464864015381448	-0.030116417866072914	8.659986167879072
LUTXIH	0.5840348817116396	-0.8642473199193303	-0.012541004817028106	-0.11070202246621674	6.3528788449537075
LUVFOX	0.5821197743579578	-0.2386012103808207	-0.36553859120642773	-0.05559337565974453	5.7039344175065745
LUVFUD	0.5709626379478863	0.28627261806024307	-0.21376935934762592	0.01405191044526519	6.669600507289753
LUVXOS	0.9667185366911415	1.1652846016625709	0.505737463046072	0.02799132826189743	11.649320434942876
LUWQEB	0.46817696952966337	0.13052863656144623	-0.20170870065253294	-0.12183353680140824	6.0913561157387335
LUYBAI	0.7719966842651234	0.00848235091220425	0.3606995082558432	-0.205971569874765	8.095740250174796
LUZTAB	0.7157109501180017	-0.19202130464500256	-0.24298911159843922	0.10423631481123431	6.392437874459894
LUZTEF	0.6422030404440573	-0.14993343367832593	-0.006920286707409684	0.17887218178478867	6.8135373588018675
LUZTEG	0.5223004523118817	0.12159649679904419	-0.40939655317175966	0.4325247544088119	6.141898799496614
LUZTIJ	0.5903229628420936	-0.6578231669771955	-0.26555127211757173	0.26156418179841934	6.036869346707435
LUZTIK	0.3398741640906655	-0.0980661790677075	-0.46810563680124967	0.19560727206567258	5.399922579410775
LUZTUV	0.7152770119329199	-0.6869490353941603	-0.2483335246428024	0.30006883987196	6.372529083742976
LUZVAD	0.5872713534221212	-0.7037039542181653	-0.27458840801409784	0.2593023449243641	6.022236779013373
LUZVEH	0.7908865537739675	-0.2763536075842978	0.16481799865660102	0.20227257343226562	7.525806200143874
MABPOY	0.7627036724244958	0.7098950028103317	0.0600389537764235	-0.052203971365181075	8.749483744587973
MABTOZ	0.4406769625391105	0.537576094866371	-0.8349043612231255	0.2870024497983392	6.114290825714008
MACDUQ	0.8712384095388082	1.1066816011445653	-0.15044882662720466	-0.047015751142048805	9.539613483406852
MADGUX	0.6855503360596629	-0.14872517907464478	-0.1495713866965775	-0.24145156594988101	6.402591671229999
MADQUG	0.7992927990442391	-0.23497634387451277	0.06839711115101998	0.01830797990709377	7.21751284544985
MADRAN	0.6412779263213313	-0.8068238860728765	0.026933565588532285	0.0794558711252647	6.698000563249678
MADRER	0.6800982158789441	-0.5930484579204551	0.14038673546940347	-0.02289438830555355	6.983209606926028
MADRIV	0.6483682547942315	-0.27548912973660955	0.02016705334408049	-0.035035327214564496	6.682304640452724
MADRUH	0.6583720279602936	-0.243266067936876	0.012259062080386601	-0.01812607600266604	6.701249937808103
MAHMIS	0.4638633005945021	0.4602865595676603	-0.6013612617888417	0.11858495566153221	5.967324898816789
MAHQAO	0.9573105664154271	0.5229173458894749	0.5747585453148213	-0.2645758965899948	10.377526679113593
MAHRAP	0.827566111450138	0.595623245805601	0.220097408383735	-0.0664244528958561	8.922182526213744
MAHSOG	0.5438082812027307	0.40288738067988	-0.07074483373931162	-0.06739403579834254	6.992029870832052
MAHWAW	0.5445049550571461	0.4058777092694358	-0.06997561989245987	-0.06806946238409642	7.001520686310493
MAHWIC	0.5619613593044788	0.347716961367301	0.0877512187480901	-0.18326314314179706	7.24328345174763
MAHWUQ	0.5777627020978962	-0.629955026168497	-0.04778488124040248	-0.19785082342198665	6.180454232919839
MAHXAX	0.6129543166398399	-0.4152319647062821	-0.061218260089290155	-0.24080444852315255	6.4606855030111525
MAHYUQ	0.5240753048510562	-0.589261853067667	-0.25439284061239775	-0.12027090908995314	5.569672627863067
MAHZAX	0.904991560127665	0.7609279660140345	0.3258209288652978	-0.020417146719272274	9.813364314931224
MAHZUR	0.5922777644632076	-0.727722722868299	-0.4684925994890365	-0.2811489135865026	5.30463370143493
MAJVEC	0.5869533935244942	0.17604676570879518	0.1800028369263643	-0.2263148189983266	7.361254881483547
MAKHAH	0.7145172950488936	-0.8476783246526858	0.04978171623484813	-0.12717341606214405	6.831054210251388
MAKLES	0.8170779486382198	-0.10839912441703002	0.48983554780867167	-0.25015544170079085	8.509379725168644
MALFIO	0.8614842650786869	0.48357863970402554	0.672250220249849	-0.20635582636245536	10.171288863513805
MALFOU	0.8010434469301391	0.2424774348168277	0.08483010676049935	0.025230928178510817	7.7722892430816355
MALZAE	0.8172192816776738	-0.15207590503981006	0.43393778185287224	-0.16789216334907875	8.342955743264195
MAMWIH	0.9797601657461685	-0.01633113467663133	1.0248643856486253	-0.1485550216721	11.497883536101538
MANWIL	0.9103975407775993	0.31563083391433355	0.35528174758044667	-0.3519056348984162	9.020152125694322
MAQYOW	0.7943096593718391	0.006964370617061438	0.5989750545785242	-0.14091890625147876	9.031604159094886
MARDAN	0.8786642912817069	0.23484736572057957	0.9249622407286988	0.09961386735600955	10.857271661417549
MASRED	0.8480503803266739	0.6573839144355913	0.03991055048234689	0.49544178253583737	8.998326494711598
MASTEJ	0.6561091839354853	-0.5557498229222364	-0.4169542662481553	-0.1714414402836043	5.53772484520314
MASVOR	0.694626008956293	0.031959935164363074	0.25496599319832347	-0.22121745096694212	7.753749597462921
MASWAH	0.4740378530414082	-0.2044364581693853	-0.2848909753604362	-0.2803322788273067	5.685911123273627
MASXUC	0.4224942646826326	0.6334010394760339	-0.6084027066853701	-0.009107204813287072	6.3171812749019125
MASYAH	0.6198127116492085	-0.03844203919327775	-0.19312138687198344	-0.07138886540923033	6.291352132743485
MASYIR	0.6921399037428948	0.3211618444635954	0.27869485128232213	-0.1658751500912058	8.143097093209414
MATCAO	0.544472439726297	0.01186145879833702	-0.21080186957793318	0.30599243373276597	6.456392855659202
MATFAR	0.5714465882738518	0.25565248391751266	0.06741492632614912	-0.1317360042719341	7.205342256667637
MATFIZ	0.6778220789482381	-0.43875744617072787	0.3689464375437654	0.012487128627800832	7.692898508115112
MATHEX	0.8725731075554188	0.4463977698054685	0.15448419373017186	-0.06378822238551027	8.648957353412623
MATLEB	0.8759439130781566	-0.8324438966058496	0.5114281349504193	0.058622849956913595	8.465766321514158
MATLIF	0.8733430352499809	-0.7474276976883485	0.5369895797863722	0.11740639837020836	8.48570745545711
MATLOL	0.9195562016159737	-0.4393222082688524	0.7893578815043101	0.08063585134581011	9.819931293295673
MAVFAS	0.531965540099411	0.17954291093587446	-0.4819333609787306	0.2407578757065922	5.860204496925964
MAVLEB	0.8195053064669384	0.6496811294124227	0.029994694931773605	0.029008721416770765	8.520946791047031
MAVZEP	0.7364284607028102	0.2944077565539909	0.12716875034192965	-0.022639561190496132	7.725065174945716
MAWDAS	0.46517422015670284	-0.2522705326970396	-0.12103361808258542	0.2813843711945697	6.151698575867269
MAWLOM	0.5298746053612113	-0.150327397040133	-0.5163274372616	0.3127037164250607	5.552787385575506
MAXWAK	0.697455210921774	-0.7910779589619537	0.1498158063913479	0.3486371971078617	7.393382247279871
MAYMEF	0.9851978738332745	0.07591472922217458	0.7912257240138438	-0.2608493602675357	10.71395846233711
MAYNIM	0.6915797037598015	-0.41495751531685643	0.24180803589617542	-0.00676616805091705	7.382512467000141
MAZSUC	0.5937732049858502	-0.6145787872526272	-0.5040304212095745	-0.32624364149279106	5.26291352261727
MAZTAK	0.6114139546603905	-0.3241139897821657	-0.3065239219572868	0.08550932266522587	6.145439464852593
MAZTEO	0.6366923969109113	-0.2863615835145863	-0.4860339356203061	0.36816108620450216	5.834121161726158
MAZTUD	0.8384936303380757	0.6277067672208076	0.3177821008836462	-0.30179053890811425	9.301120438548724
MEBSIW	0.6936923914958202	0.5821194799212508	0.22590089596957713	-0.13668592473275903	8.469622412995378
MEDSOG	0.7037856045475959	-0.5164685849327982	-0.38222871804959063	-0.15107220473447533	5.774452735449862
MEFXII	0.6625677707698365	0.7428547035426052	0.14842054761697487	-0.12286259099834057	8.59930391261694
MEFZAC	0.7616495657687095	0.6830808942043529	0.25533611825016256	-0.059454689976127996	9.103051451530206
MEGDAH	0.5233571429645574	0.028382794606441795	-0.08414253206706843	-0.11692193248690565	6.339354246911394
MEGKAL	0.5159213879090894	0.5901078190806297	-0.3499725532686888	0.11202367236836916	6.953525414107374
MEGKEP	0.5517098759587231	0.4853591114752401	-0.4557161000776126	0.23663349543653658	6.702835480915699
MEGKOZ	0.5506079689322174	0.4116911702349259	-0.38321317215027	0.1921629364976185	6.647179950620917
MEGKUF	0.5063748828333754	0.6314922884925949	-0.386977445766225	0.1397682532247974	6.935841875000706
MEGTUO	0.7310855705863339	-0.27720232344002604	-0.3138110675424563	-0.24100278190363822	6.231259551704102
MEHBIL	0.799519216145482	-0.14399604381249098	0.0654946447746867	-0.017992404648080298	7.331557719015626
MEHHIS	0.9141761726724447	-0.04487515974405889	0.8852421716919163	-0.2619202032214958	10.495235830109774
MEHZUU	0.4931919732033956	1.0210664416755426	-0.199513374028143	-0.1691637837654439	7.853027930596424
MEJKIY	0.46029283393748077	0.12554483427278773	-0.23566022502275424	-0.12532437541378344	6.004072417213387
MEJSEC	0.6041491252341693	0.240000905703185	-0.052286708379323255	0.20665643392392896	7.022399312020946
MEJSIG	0.8994930128341831	0.3882148625426019	0.22710812844494552	0.18892634748999174	8.722749194556549
MEJWEE	0.6720356394202263	-0.6837523316305767	-0.2994238970193951	-0.11625991490324816	5.883861508396007
MEJZUA	0.5771520943347239	-0.5899643318235708	-0.291124983006584	-0.14467620583043594	5.7021755319467236
MEKBOX	0.8926535937596478	1.0126921659412802	0.0884823090285837	-0.12941493796039671	9.974717083493253
MEKYOT	0.7847088515518079	0.11035904901491964	0.1477469939537086	-0.42376474569806044	7.688025331563634
MELGIX	0.795485658125278	-0.8672964987620488	0.20598446260886893	0.13172788312747888	7.505875028354277
MELYAE	0.7658233496870581	0.4111001870698779	-0.05435997016513086	-0.16221185246886274	7.6113613458472456
MELYEL	0.598266240446609	0.3049096710408674	-0.1742634565501588	-0.06864263287113857	6.7862736902341005
MELYIP	0.5665490999638942	0.4102478691195824	-0.3115896538266006	-0.13710804597352466	6.640582604093919
MEMLUP	0.7355510737995496	-0.1879091780083237	-0.27000364774217234	-0.2347835177003446	6.3006002422623135
MEMPAW	0.36336239938988246	-0.4685215217512996	-0.18298405929597994	-0.28166553759292834	5.4689199825976385
MEMPEA	0.3971737433885263	-0.7155414790426511	-0.302330787480891	-0.2413576355729258	5.226420651943986
MEMPIE	0.38462838751641204	-0.488534846354248	-0.3296919850964302	-0.1920072914041551	5.194823054954479
MEMPOK	0.35673603135104504	-0.5759462713710317	-0.38642273355218065	-0.28566061256925535	5.0242203649888655
MEMPUQ	0.4059134846749908	-0.6768439427169239	-0.541550142783263	0.02298066107678376	4.839280386480215
MEMQAX	0.3324453413277215	-0.6014762086788774	-0.3319609845857459	-0.31565376825533586	5.003584667413218
MEMQEB	0.3951673224904262	-0.6304539223886936	-0.33336577611697116	-0.16408423663795454	5.168535101857299
MEMQIF	0.4216134797375357	-0.38918106479293385	-0.3429570247463625	-0.12831258781685598	5.361615135667927
MEMVEG	0.9514583872917175	0.0991945916742539	0.9196892346232683	0.12584930443988332	11.034667015163244
MEMVUV	0.584527341362433	-0.2900320616925958	-0.0805528690828061	-0.3140350505241035	6.279752792366291
MEMXAD	0.5275944547973115	0.5359084980902731	-0.14785451913729047	-0.15756396102876546	7.015498936194387
MEMZUD	0.6303770221030112	-0.42990546927227574	-0.5240308860104832	-0.19155373410500948	5.477839717054673
MENLAS	0.7439585780264659	0.18621037327383788	0.41137567345895065	-0.11478985597991441	8.47427754121324
MENLEA	0.46556193163908954	0.1834281133019521	-0.3360110719738783	-0.016981482587526676	5.904832072103731
MEPHUL	0.9138977157952386	0.18319001544047603	1.0230418754672959	-0.27192090008390746	11.389716635361557
MEPLUP	0.5955236392148864	0.11559531118425287	-0.17998591053730828	0.09160788449539836	6.6689109707120515
MEPWOT	0.5125823661252165	0.037936141584454706	-0.43302771510764776	0.011021024277601519	5.810340260005917
MEQQOP	0.6432032621376775	-1.1003160106460117	-0.03039180201369593	0.022452498120976702	6.490443261483333
MEQQUV	0.6395784223024235	-1.1060373737977656	-0.035409873299228845	0.02096184645129031	6.4717120440514275
MERTEL	0.9540978178404487	-0.6430081847180902	0.5790726381789627	-0.09609553366600017	9.12198372241127
MESSIN	0.7497262329600964	-0.2049879012527374	0.14948557876611335	-0.041680914484985496	7.4184125181529375
MESZAM	0.7951535119350721	0.6884346924724283	0.13196420237646797	-0.06292057459319475	8.750891774015411
METLAY	0.8743129529347984	0.5640349483364921	0.8639948713826031	0.0026115360578944317	11.003976082354997
METSUZ	0.5633417507754954	-0.6093844084917741	-0.577237814294159	-0.36384102093249737	5.002974406566207
METTAG	0.6560823620871981	-0.5561112924379037	-0.41827958274251337	-0.16612331994134133	5.534994586532273
METTEK	0.682932759613716	-0.6185219324031117	-0.3895509186537827	-0.17309153728206295	5.682033913404761
METVIR	0.4263491964803441	0.15096205484690414	-0.3658854688113856	0.44039797077268794	6.14667077214367
METWEO	0.8868023389153912	-0.05224738543678142	0.4211137186309618	0.07213253487128139	8.83844385480855
METXUF	0.6326305617013377	-0.4811892294675097	0.14408733166580265	-0.011332371375865243	6.898457569275256
MEVYUJ	0.7061211622393282	-0.03680726650572865	0.49141460338905646	-0.21237327192882388	8.353168347260088
MEWDAX	0.7016412325294539	-1.0399378494872038	-0.12031448208241557	0.15816908436090338	6.445979445359232
MEWKUU	0.9777144030226754	-0.2900925116588739	0.9095377804974814	-0.0027177610423667602	10.509303899022587
MEWSAL	0.9932374559755122	-0.5131343931941935	0.6876098807031661	0.24668972655735114	9.5402422960286
MEXFOM	0.4648848950135589	-0.5224277580553327	-0.4745654352800424	-0.3331408841744127	5.039812779595494
MEXNUB	0.5434760996292614	-0.6542219455918097	-0.5777888760316829	-0.3562794956334202	5.071682824789443
MEXREM	0.7651377163280006	0.39015224772546425	0.5988335817432737	-0.3640668948382785	9.569516749722464
MEYGOM	0.9016616349974891	0.667418581682999	0.2631005419895809	-0.007810951712327182	9.437501416433488
MEYPIT	0.8298809605756228	-0.20623458788783772	0.45380404659420703	-0.3299756368167689	8.732613063595222
MICWEE	0.5873361184974026	0.49702896350956643	-0.13448294577205255	-0.10395170353260416	7.1724445386049185
MIDKOZ	0.8293823759712753	-0.36529117379226705	0.615851173220624	-0.08371535691942207	8.804931523446475
MIDKUF	0.8605181566141704	-0.5083576283717464	0.6556668121961537	0.010913702496856817	9.02885718969063
MIDQEY	0.5947892307587175	0.4113106529360072	-0.39572925319117996	0.09162981323885461	6.689899800815357
MIDQOI	0.6868712936141259	0.46322863282115817	-0.10095909339930764	0.045626534233066285	7.517418063155242
MIDRUO	0.6645483713400431	-0.6077552805566795	0.16919899684485673	-0.018526821958147734	7.046804559797784
MIDWAX	0.6082755343898807	0.2830440971455904	-0.2172280861133024	0.0913695099572275	6.727935914825435
MIDWEB	0.6328910029595889	0.16811576727607805	-0.22952193372014557	0.09494667839213608	6.660902162442321
MIFCEK	0.6856680775200887	0.3026754815836956	0.24824434683345764	-0.1919452442617279	8.060408167345836
MIFQOL	0.7072918494454408	0.15903051644075925	0.14859293896197612	-0.04941832613392476	7.703342804981232
MIFRAV	0.7613524452309051	0.026557144275771286	0.34013499178944717	-0.21801161872710256	8.005641496769195
MIGCEL	0.9344772957855447	0.40020758692912733	0.3499219037691473	-0.3685298883170687	9.33999441896967
MIHNUO	0.9821285541741105	0.032370087325618774	0.7196467190677809	-0.27491145495341185	10.207509855918483
MIJLUP	1.009052102645085	-0.1501297770968462	0.5295042961635354	0.3248465936020437	9.259713676897563
MIJMIE	0.527337062526823	0.23876120393342393	-0.2747414431722937	0.05942271061282367	6.310235180495263
MIJQIG	0.7572016247204525	-0.05388891620708322	-0.258988436306425	0.5330777497005288	6.778738200987091
MIJVAF	0.8903125604502788	0.4757279802756014	0.2605691476941169	0.26977404228552604	9.182684805409755
MIKFOD	0.5588816525831328	-0.6754728480552565	-0.26195114657553525	-0.23678955960055934	5.630196818834195
MIKFUJ	0.6010825056669828	-0.672337807028651	-0.2624060399441805	-0.15771917164214402	5.722352260910963
MIKGEU	0.9534626621832869	0.22202814944828922	0.36742692906263347	-0.12276366329808963	9.084131438904354
MIKJID	0.5044010201286433	0.04884762327845185	-0.19608719339648695	0.0945424105982493	6.20666579927769
MIKJOG	0.7926804373554992	0.16530789486135233	0.6923670514848335	-0.21042809650886968	9.567612733834316
MIKNIE	0.49798347531176734	-0.12031215106400839	-0.0947366627087142	-0.1188435572849746	6.148513877600357
MILHAT	0.8335428948881294	0.34462225604507873	0.21061940017700348	0.021438460618088424	8.52986969572583
MILKEX	0.5805090296881152	-0.42731454499595367	-0.11926155723447832	0.023626940218854475	6.141939506778133
MIMFUN	0.6085559844531439	-0.5249871604622014	-0.09028094273792789	0.023000642294476542	6.149013907688309
MIMGEY	0.5972181731061674	-0.3296417142530426	-0.44682056705080125	-0.28154712758582723	5.631468040334932
MIMHUL	0.6031283905113023	0.05412204133588261	0.01276201696803067	-0.15453704553140196	6.931849293931185
MIMLAX	0.7936689665009151	-0.8938924108281181	0.48584347741670103	0.18977240890309927	8.414892732517924
MIMPUV	0.4636512060174649	0.391627600279958	-0.32074927520492524	-0.1901312472681299	6.304692683069216
MINNOM	0.6219422120255116	0.09405836212367968	-0.09213764513647293	-0.07025102223591048	6.799670037947268
MIPLOM	0.7794587434703262	0.16234760755884084	-0.26442867093562544	0.1015609833445745	6.991993970795569
MIPYAO	0.8242088620712362	-0.20027947338974866	0.079050008654546	-0.01434013693507065	7.398980877953658
MIPZIY	0.49454935220843677	-0.029236790119226468	-0.31960785012412457	-0.5551430684091058	5.711159826562778
MIQCIZ	0.626137766346023	1.0991432870838687	0.12705801427542782	-0.46429085940764403	9.444457534988821
MIQVAL	0.7122187650511522	0.3101575563020233	-0.16483869623370606	0.13733824184331966	7.198655870971498
MIQVEP	0.7137776902706117	0.3108396660935422	-0.16155388262411552	0.1373581410816746	7.212149048765616
MIQWEP	0.8828387084019296	-0.26094870461820063	0.7010530579075955	0.053159585807487884	9.483782764661612
MIRHUS	0.763062978246106	0.15282138593263392	0.4190102859920812	-0.38798284144946293	8.7050073036558
MIRKEH	0.4523516934096863	-0.31567229417138953	-0.4638050945811604	-0.2402142440753798	5.146897282200181
MIRNIL	0.7626235170050348	1.1129408815033868	-0.4666073003313725	0.07970850457976054	8.925641329274782
MIRPEJ	0.5501515412639577	0.1585105899308059	-0.23981808158168283	-0.0594852521156528	6.334114981568373
MIRQOT	0.9016918381217014	-0.5237335715346212	0.7254520685041748	0.12540032689023453	9.496827328819048
MIRRAH	0.7470653593917405	-0.23913804018601278	0.02254286717452382	0.13086624686703033	7.097566710593725
MIRSEM	0.906136984318465	0.9275498856337532	0.3294535832419314	0.05105037008265397	10.306644110239544
MIRXUI	0.3627365083298164	-0.4296322682856813	-0.6755303715812098	-0.3961901296351349	4.595551878638619
MISDOL	0.7307659152090968	-0.47639520573221616	0.5899916637649535	-0.004640287071162218	8.33545064349776
MISFAY	0.5607873080983374	0.17092059058616857	-0.03750450761120097	-0.14371342921594968	6.7082996622370175
MISKAA	0.5113433379376735	0.22525301585129667	-0.26686759211994504	0.019322556625124953	6.273943047059338
MISVIW	0.5171476653247229	0.07397446946456994	-0.25083698913977104	-0.04842374309098114	6.100653289039374
MITZUO	0.6041880298056901	0.11832440577262412	-0.803508520901048	-0.14038873864674833	5.477757716861774
MIWSOC	0.9304981826708936	0.3135273739059734	0.5945996437768946	0.13663364595072505	10.008358306566269
MIXZEY	0.6612107910121221	0.5249188059400451	-0.031414304232512597	-0.021090361117148782	7.66485723873295
MIYKOV	0.7076946974841221	0.22464506654223113	0.15546162590879992	-0.09758344219460581	7.763265044103982
MIYMUE	0.4408693363477285	-0.11942997441314095	-0.10278541993409682	0.15243321554344763	6.0196194222827755
MIYVEW	0.5731413699361925	-0.02846285153643611	-0.44370628628947534	0.16152143351647552	5.83680702096749
MIYVOG	0.5942850251131668	-0.07776147153795265	-0.5282239857552344	-0.00032093425953551476	5.664611876557052
MIYVUM	0.5876259771762911	-0.07644871116783578	-0.5228184952947768	-0.04496250510454609	5.657868762735159
MIZXID	0.6106318715416492	-0.5260610123709861	-0.043085999045672396	-0.061053492731580714	6.253804536297906
MOBHIU	0.8389744777186028	0.5279721426236448	0.9367577402621421	-0.17559066950852195	11.107382363598783
MOBRAY	0.7830166087649024	-0.3605480792713261	0.3215400964119291	-0.19136904826939538	7.894738447200192
MOBROM	0.5382627721240114	-0.5718388176833529	-0.4722450738370653	-0.5106353868194871	5.244878116208326
MOCGER	0.6019166235612827	-0.6026372451039714	-0.4463469449935395	-0.3192862139245508	5.4397963226317945
MOCYEM	0.8063425479822675	0.9103414596473212	-0.1964538548061482	0.0930223026900613	8.797999618689543
MODMUQ	0.7452875260327207	-0.24878492954902984	-0.4870555745040623	-0.030370807818853925	5.924706782617555
MODNAX	0.6973132853483293	-0.19897939482686	-0.3936040162971038	-0.18962049542134163	5.873268927865533
MODROO	1.0018894277993002	-0.615937116330509	0.6942759935922449	0.2769121250130866	9.928283636720057
MOGKAU	0.5945121929005257	-0.559387378674175	-0.29849031531619236	-0.12119738517876003	5.557764206701254
MOHRAC	0.9148226122374785	0.4187331480306078	0.4299304110167964	0.20842755520476666	9.59885322033955
MOHSEH	1.0121587247803516	0.3327778129179826	0.596440954485965	0.04865933196919337	10.366412881275723
MOHZAL	0.8679811030427595	0.6269703892789047	0.2423912569223071	-0.16871922875206885	9.179800544610945
MOJQUY	0.8139053073533429	1.071115447073759	-0.11157357742635027	-0.2577845295782231	9.521890901090352
MOKZUJ	0.7458994617742345	-0.5487553353499597	0.13677647380891342	0.04087638849472839	7.157540153788405
MOLMEH	0.7837457784785711	-1.055780865244867	0.5460781464411915	0.37925957010988176	9.488815494843639
MOLQAF	0.4539107293705671	-1.0315400845127165	-0.283762150526072	-0.156869942596225	5.457257205264782
MOLTEM	0.8940809353190655	0.6503644726025601	0.7828451982481404	-0.34394616255252963	11.028269392327495
MOMKEF	0.6391693003992795	-0.17963663145406955	-0.6027792952493607	-0.05027040806839815	5.503827378458297
MOMLUX	0.748922285135162	-0.9298174806052932	-0.08740287823217444	0.08198079045940211	6.484065374556763
MOPLEJ	0.5980259307548019	0.5099871340296136	-0.21476512063270164	-0.118185503910282	7.033242576512037
MORTOD	0.7119977871359451	-0.6468049311212514	0.17055290710546675	0.1231193571753412	7.235160156777577
MOSLIS	0.7845644206552507	-0.0966051089482839	0.2405194092045471	-0.09030796784247826	7.756609483265848
MOTBUV	0.8247032938169587	0.2861883464312739	0.3189998481514065	0.03827821997914036	8.66837922554709
MOVBUV	0.8880394864324499	0.3537321226220769	0.18096882301539313	0.1974942434190436	8.492526396961921
MOVYAZ	0.7699735966688435	0.7446207712336324	-0.23260279705458037	0.24111032647670044	8.204292115000506
MOYBAD	0.6486514315373135	0.10180898596141988	-0.07011768206095126	0.020664090878830508	7.045597109259177
MOZGIU	0.5805397131234535	-0.16263923261315763	-0.3851583011650406	-0.15148513187049445	5.696771959872066
MOZGUG	0.5804501623980203	-0.17378512446324101	-0.3889795248037566	-0.13874638268078113	5.687231593002212
MOZHAN	0.5800179295103449	-0.16735698503679036	-0.3874078678122553	-0.14901379249503396	5.689848410347302
MOZHIT	0.7293253805490858	-0.792558463681373	0.3552322749438915	0.15098973302133759	7.615433512623146
MOZMIA	0.580891353246554	-0.14782690414916577	-0.3789185488169272	-0.16562201616244793	5.710284718854434
MOZROJ	0.6021906499981888	0.14937536662631942	-0.33699807033890766	-0.13340051641548106	6.260287279166111
MOZSIE	0.570347258763447	0.15459916545933172	-0.35210726997460207	0.018618068469597574	6.14956957786357
MPEZNC	0.39472784569433017	-1.0071432798048885	-0.0936663325700377	0.16485145120344444	5.950871640252208
MPLZNC	0.39550591339093355	-1.0042098999296112	-0.0917648322463818	0.164841354936756	5.951509338770315
MTCPZB	0.6229959187684795	0.3467169177486658	-0.35674032796192745	0.013234711932706547	6.601849599957066
MUCBOC	0.5279576866514066	-0.5626093214462842	-0.5791186182926533	-0.03427354060555951	4.922418186415384
MUCZIT	0.5380455468648808	-0.4650628312122428	-0.423495767840214	-0.27659753183958335	5.284948274972943
MUDMAA	0.4739269139391258	-0.8177779629563298	-0.1345023294581416	-0.27761976919778664	5.783066918031802
MUDWAM	0.701122214716313	0.5164790305617057	0.13106747873926605	-0.025189718277323844	8.2755452440834
MUHHIG	0.9476534625309005	0.5166306773590703	0.5281102342862785	0.06093329101876456	10.081923770200294
MUHWUH	0.649788265032794	-0.9918098938408535	0.12047852129173742	0.14451102634513005	6.898822944593794
MUHZIY	0.6722326713952285	-0.3139027311993272	-0.42130831081152403	-0.009768092856781702	5.751211941022407
MUJHOP	0.7872201925461644	0.22817028113242924	0.7328571210425254	0.22628411944212398	9.772132498590024
MUJJOQ	0.5587020008137866	0.8107552763433126	-0.3361029886228063	-0.003588681837530712	7.397663181587605
MUJJUW	0.5787229799102738	0.6719875448137302	-0.20762110997182592	0.03467419372372525	7.36356172197633
MUJXUK	0.7956588935275493	-0.6508994131844643	0.1261050192421466	-0.08202142118927126	7.229223287741491
MUKXUL	0.6083093073096126	-0.2767720222465784	0.011465808038498532	0.19269205552870686	6.543325322009537
MUKZIC	0.696020489852403	0.9843890724065218	-0.0985350044305634	-0.11560797234946972	8.798022034392346
MULBAX	0.7311806586810148	0.4487165745112304	0.18901812409522822	-0.027031161217272934	8.302747555605194
MULQIU	0.5201882676898641	-0.8086663553607187	0.0018730291027065915	-0.1039846900532939	6.262324816550866
MULRER	0.8414769436932836	0.04837682782224541	0.18265952647297448	0.018032232332311018	7.9058263422319985
MULYIC	0.6814695886457507	-0.8101654849869679	0.07927336100245051	-0.014020543472600504	6.914604364588092
MUMTAS	0.5799456743555629	0.027560707902707544	-0.11584138478042905	-0.07264040525895897	6.555018831841242
MUMTET	0.8304223427097241	0.07892268902088184	0.8514982044416077	-0.08134251747475968	10.196842937348073
MUMTIX	0.8254375758385191	0.14425034593294941	0.8182514055040018	-0.09583154786891145	10.108129518121649
MUMVOH	0.5119284511463542	0.7583919772204082	-0.22737049550700172	-0.03385427006890779	7.3512143288561385
MUNKOX	0.9021969254048994	0.731373892128182	0.3274073637966486	0.013431444157864354	9.737890640632713
MUNLEO	0.6633907848828322	-0.3263304466157511	0.20478940279666696	-0.098333909442003	7.123503513756322
MUPTUN	0.623220169379219	0.008654759691554315	-0.09350227470325093	-0.08095064599784199	6.687609293811838
MUQFAG	0.45458642263667937	0.03143774918674348	-0.5313708736297214	-0.05889416470235627	5.395988288014773
MUQKEP	0.4715941745318446	0.9303678362673904	-0.44769740859737533	0.18034182982245314	7.6978094841327405
MURJIV	0.40740789305999403	0.5572509207399536	-0.16642539274014545	-0.12812583206281242	6.65417333385592
MURROH	0.7450536349963857	0.2055117777125642	-0.056841861896323315	-0.10039287459818291	7.367653507804371
MUSPUL	0.9296520674286768	0.6749752077714497	0.4956469717909874	0.3939279771676305	10.26835408710944
MUTYEG	0.6508165067717471	0.7649809363745452	-0.41007608799345935	0.05986612927646846	7.572085985184616
MUTYIK	0.8395429088564512	0.8951751175374663	0.03675213040432447	0.600019584969821	9.46118303466063
MUVBUD	0.33910316809469077	0.7880424211983346	-0.7340136203024901	0.030310413083544825	6.197506783182712
MUVCIS	0.3268267274241854	0.6536993693535136	-0.6495490443064111	0.06891445793477591	5.941971657188255
MUVJUI	0.6233055248359953	0.21242755932437762	-0.15457632225594004	-0.027129894382809546	6.766965708544084
MUVPIE	0.8352105454713046	-0.5766951144002337	-0.09178924373724079	-0.13867706757821616	6.784331455155527
MUXTUV	0.5501134987734453	-0.0506544496603822	-0.3629425954239626	-0.23355229010617767	5.7417378061866895
MUXVAD	0.6670599031127127	-0.0193459454924327	-0.010785111677735035	0.02549449665981615	7.052811029973784
MUXVEH	0.5971065104627566	-0.4119018046661371	-0.47647343290062233	0.19189724874673605	5.588961880844984
MUYFEU	0.8637862254992097	0.4184791961469233	0.6016189830071406	-0.12168804833814964	9.692364055886559
MUYKAV	0.9213610758243957	0.5286876238960381	0.3919457689739205	0.13102837438242754	9.598646510552605
MUZNIG	0.9378877780574308	0.27712097575524697	0.3679639120716861	0.14569372555496016	9.125024555048535
NABCAU	0.6401384415608105	-0.3022780333077242	0.27196773340368297	-0.11936846831105538	7.247442286880758
NABDOJ	0.8931686201407922	0.1930865192083594	0.349206528290931	0.1072525670587289	8.805782934649926
NABLUY	0.5789052841382567	0.05752071720188749	-0.13728816667745397	-0.06794819891972653	6.539199416886197
NABNAI	0.4200840524323244	0.5428474626540727	-0.1704524514007576	-0.12016539814526667	6.640817579134941
NABVIY	0.42820133437445573	-0.03032296798839875	-0.13817546134551256	0.3067986964558128	6.2044059171770884
NABZUO	0.9525563438520415	0.9347551957559477	-0.05383268829358076	0.1390200376445159	9.623667419716183
NADKEJ	0.7547863623647286	0.06754460878466387	-0.1080792084759632	0.19320460503929882	6.87209691906882
NADKIN	0.7483374747579106	0.01570520604204008	-0.1454779925901139	0.19403249722618796	6.741539271182096
NADKUZ	0.5462216273160436	0.013882429858346569	-0.4596713517993192	0.45964322168045324	5.966625404211503
NAFGOT	0.4248350363709381	-1.063199472196473	-0.47640221940985555	-0.014667547030650312	5.209932693843342
NAFVOI	0.9252812383615385	-0.38955443549218866	0.9796600049836566	0.20628376716200145	10.865490634406655
NAGBEG	0.2714125966899532	0.347556362794964	-0.7274191996392605	0.12823097197036548	5.246486071156174
NAGBIK	0.2558810522517909	0.32158393774165894	-0.7248409575834402	0.12417977060723814	5.167742207245361
NAGCOR	0.4522307032511774	0.7546664019035396	-0.6341140902022564	0.16293781517965883	6.562017532804973
NAGFEK	0.5070098566515737	0.7680658922404497	-0.5644629856545935	0.15102223180288418	6.8736284449565535
NAGMUE	0.4451162020661892	0.49634242902355824	-0.6222655576956562	0.09958375078863149	6.053348413974745
NAGSIY	0.7637864818153837	-0.05620833478645744	0.36596038983045986	-0.2168766761463468	7.996323059673405
NAHLUH	0.6559126461759188	-0.2607719873548292	0.019880783654518994	-0.020699366707437487	6.718146283102595
NAHPUI	0.64384583533095	-0.5947453506025029	-0.5092186670477057	0.10126005323310006	5.295127718518315
NAHQAP	0.6709624021027212	-0.6344737231761997	-0.23499648007692364	-0.19706598591997723	6.1164521144748925
NAJDIO	0.808419581725083	-0.9522206901635157	0.18633619047915706	0.19767867785006513	7.545297302113896
NAJROJ	0.7965063185786434	-0.4292815860679915	0.27464130370518763	0.017449079217633653	7.637027685684555
NAKLET	0.8195204973564421	-0.69899039512478	0.233151620994773	0.11950095128688498	7.5768528889246465
NALDAH	0.5816780290839185	0.3576052773824884	-0.4837158019042271	-0.0759961556176326	6.303338547633446
NALKUI	0.7262613930813622	0.9731619889065151	-0.30370823035661776	0.03705902760434383	8.468227091807805
NALMUK	0.9208772869767632	0.7314230020025878	1.1896239918878961	-0.2397728681121184	12.701717479753938
NALNIZ	0.6584069129923913	0.053998664995569615	0.31166344674931357	0.07243910490718819	7.749702222039747
NALQIE	0.9089070205448548	0.3703299933290693	0.2295345880653067	0.3834454548377201	9.017479604737646
NALZOT	0.537982383855188	0.3978276757988712	-0.30567955296461025	0.08933441176373674	6.566004690309274
NAMGAM	0.5278997509765864	0.3578033278320726	-0.5923311540205483	0.06714662844552174	5.992556804838483
NAMGUE	0.6684700417712266	-0.9355853102036935	0.020071340626508352	-0.05575270613999102	6.712715411684884
NAMROI	0.6168962294256053	-0.39107694987558883	-0.13272461051203113	0.18387457820473432	6.237538648247136
NAMRUO	0.6208169647355763	-0.35839729549420796	-0.07289846642639572	0.09128969052400815	6.399104569077896
NAMSID	0.7087669081199994	0.18655687936895915	-0.34623647171541144	0.24456406171806508	6.718095851949522
NAMYUZ	0.5207927865018869	-0.1421929206532235	-0.1745949973899617	-0.4160490699658673	6.0329887112766265
NANZOU	0.6842048698427909	-0.9634316224963264	0.012338283395861196	-0.041217559456962524	6.557693845847829
NAPMUM	0.3705271168658344	0.007305006932164727	-1.0611343429486133	0.2170652849932155	4.804614494350947
NAQGIZ	0.9876438336067936	0.22280138318446208	0.3780113484187044	-0.42492105258817203	9.218459778919602
NAQGOE	0.6289155558406643	0.15308051103620055	-0.11088131181704983	-0.06516188363103834	6.8498236738257905
NAQGUK	0.5853804302243457	0.11307285103084375	-0.12136814887938346	-0.07915358688254107	6.649818488902673
NAQWEK	0.7606295283283311	-0.40266462518649077	-0.02431827841751974	-0.30038967383481696	6.871543885120403
NARKEA	0.769038329766218	-0.34581684492406395	0.4083272715215064	0.08210470618529883	7.995608813442626
NARQON	0.9285126773956494	-0.019237225628929114	0.1623102113664934	0.50572631019901	8.239142477925542
NARRUU	0.43994937572463133	0.0815294435610371	-0.22450999030283975	-0.08586648006416545	5.902781644164083
NASFIW	0.9795793568808113	0.7580879874926207	0.3808377221807591	-0.1689241334139151	10.227020698893325
NASHIC	0.8695832994560453	0.123475135078749	1.2160010559541181	-0.14346574285070912	11.684651932526505
NASJEA	0.7650829235006968	-0.06958864942872503	0.018672438296856428	0.22833229277137537	7.359620385325258
NASJIE	0.6527493188703488	-0.8274774550369683	-0.04116364739076031	0.05526120575542354	6.4241136336117455
NASJUQ	0.7487492023032125	-0.609407471167444	0.42156707438841207	0.16903513972250872	8.174025712624797
NASKAX	0.5409303658181699	-0.9490283475270294	-0.42042468409524586	0.025675358592871476	5.33631684062408
NASKEB	0.6992959908530789	-0.28149446077784235	-0.23823325853656335	0.149998867204741	6.312379209712006
NASKIF	0.7923994786393536	-0.4481858736623544	-0.0003785284410677964	0.12229249003503181	6.967036262181843
NASLEC	0.5045923549710176	-0.9636550546736733	-0.4572204462474339	-0.07344874360457415	5.143400018668397
NATRUZ	0.5924557057500754	-1.1964729943581565	0.030854262119943035	0.05044178638972842	6.785918064385464
NAVRAD	0.3009828546490052	0.30231859823924495	-0.27792367380542743	0.07675500240924045	5.965459123124381
NAWLOP	0.6180950322651837	0.2650573149265483	0.14243697087600837	-0.0766872397145116	7.464815471221563
NAXHED	0.6233005202794768	0.43694593548266686	-0.19059024551303233	-0.01654103433836697	7.073343340516626
NAXHIH	0.6185950648947438	0.32109393295738975	-0.2680250542674812	0.013475324930905419	6.729744186182909
NAXVEO	0.7409661737158899	0.004101274068507143	-0.2808447571963389	0.3550420560130063	6.747068629108549
NAXVIT	0.6405803501380145	0.05267095556490392	-0.09635820806423026	-0.0783982580132848	6.772189544805887
NAXWAM	0.4922965183730623	-0.00867624461842226	-0.4048529337364139	-0.026851978533934673	5.595051307102955
NAXXUH	0.8705289936634308	-0.3884419944298824	0.6433624567322938	-0.005295921236226949	9.095638257448513
NAYFOM	0.649562672430199	-0.775694110291193	-0.3013327442751104	-0.022073185013238482	5.976217824633769
NAZKOQ	0.6962373366826533	-0.19793262479038046	0.2312072263420618	-0.13092059385159224	7.350379493600098
NAZSOY	0.5938626543445391	-0.8176347332586853	0.004470706806756916	0.07590645257559583	6.440020634575315
NAZZOG	0.8451855880719412	-0.1508958863043181	0.11742079318277433	-0.024161779714989694	7.590041119556327
NEBLEL	0.9839110608560437	-0.014007790611264816	0.7346051998361991	0.07132820389881267	10.507537551466172
NEBNOX	0.3393258318545884	0.49108624918433536	-0.6235476109853111	-0.02482089472348649	5.628863453847404
NEBNUD	0.4198818083242015	0.20641347828181444	-0.6727075960545732	-0.13625452011679395	5.239468410678933
NEBWAV	0.6040139279493841	-1.1477797965940688	0.14247834447666563	0.09073227789581313	6.790929442486804
NECCIH	0.5227792630045043	0.9908057886597348	-0.5376513381020742	0.23610698230846014	7.622472740365912
NECRIY	0.685311843194377	0.39262085168158245	0.2225541559190395	-0.13344899351962006	8.192444695529375
NECTOG	0.5356683481078068	-0.3313496038658974	-0.19798184097211308	-0.24198739163226735	5.758400141191345
NECVAT	0.735771967044264	0.4649445024122446	0.15933751209976177	-0.08668908529591571	8.42685552614119
NECYID	0.7916090683808061	-0.5760607707330092	0.34911896589494906	0.039339647429155196	7.823237663502752
NEDBOR	0.43557377511701834	1.4971660678702061	-0.9941650005543146	0.07238783374597799	9.088698765179075
NEDCOO	0.792413544845429	-0.854815374837232	0.35293362811483264	0.12282706670009674	7.880771054601384
NEDFOT	0.854911421751507	0.2418898178418079	0.4896316865436214	-0.14227002326649452	9.129108400782922
NEDPAR	0.6418465167561607	0.5092033966733469	-0.40447083920912924	0.3023389641804527	7.041477080538888
NEDVUQ	0.5948515498812821	0.046923228571836104	-0.31300036979846746	0.2092381904817053	6.095508981149618
NEDWAX	0.44934428321781716	-0.050109460314783465	0.06326557912795522	0.23496077613311303	6.507056069149923
NEDXOM	0.5994946333210676	0.02994946627663421	-0.30150782210762117	0.21526801311329652	6.087925558956511
NEFMIY	0.6958114777453241	0.8191659547879924	-0.3626699995668073	0.26610427178390894	7.866506600079791
NEFVAW	0.6606429803065303	0.09813780616039977	-0.04421078908962006	-0.06159233344684358	6.986027178059688
NEFZAD	0.7249443388094647	0.6974309853162839	-0.11065104408923354	0.17756142403667316	7.9909210737144205
NEGSID	0.7124041381987984	-0.9340075164932777	0.0024363565740074256	0.23635985684594274	6.815532699674142
NEHHOZ	0.6994001902881202	-0.9826822477643129	-0.049214519101906135	0.22349813485123582	6.645478971164159
NEHKIU	0.526443086904905	0.4190437245103668	-0.445888439608403	0.08583089885366614	6.412920350996353
NEJGER	0.6983171923130325	-0.8602334790710497	-0.03746508300902179	-0.09095293256711785	6.433867120501528
NEKDEQ	0.8997238727763719	-0.6421464740950487	0.7478154573632654	0.12922147107157345	9.657154264698152
NEKSAX	0.4859115588715426	-0.1229578060850768	-0.7804711696637538	0.07627714621419063	5.038378495899573
NEKWEF	0.5739390185606146	-0.03199312162068847	-0.24226454515245943	0.053818166470417074	6.260040495945318
NELBIR	0.9381289510336837	0.31327021480931155	0.4363392881805052	0.13836496737402662	9.361050729695325
NELBOX	0.9520136708716418	0.29725258427569906	0.43558358091920085	0.14961819341830554	9.378448173032846
NELROM	0.5893878627674995	-0.10205079853550664	-0.04285429420574721	-0.051970596836018304	6.625954275741037
NELTII	0.8328129151424717	0.6813467249660115	-0.034569305629797015	0.3228045983966683	8.627821597358386
NELTOO	0.9544498893504478	0.37096720640752257	0.442087298485023	0.16603804796115107	9.533023475065818
NEMTUV	0.495956370960946	1.095924936160675	-0.16989168062690907	0.1355506421187631	8.370489427687758
NEMVAD	0.5339801293351334	0.9483561023254052	0.0960903471867036	-0.06192913068494572	8.5988353359845
NENCOZ	0.8136272556330075	0.11912682994709645	-0.01691296261936459	0.025479838188665775	7.363794318824088
NENJOG	0.47334010992342	0.019109092892281652	-0.5181893306689185	-0.027765886089855557	5.468334689383008
NENMAU	0.5346691326224295	-0.19136008336023894	-0.17014085753419783	0.30650758373630926	6.11909920526835
NENPOL	0.6146115548937559	0.19471799217844638	-0.22968252489379937	0.0022855622423021277	6.624202610634792
NENWAI	0.8339823463856737	-0.11670816302595215	0.4225084346742289	0.013932344187785384	8.3583703508659
NENYUB	0.8736233956188117	-0.3599354961116305	0.7925311939032604	-0.07488009216878148	9.504550277165738
NEPBET	0.6989348279119572	-1.0028100206487416	-0.07418242364391611	0.19050848648075255	6.573299908432907
NEPNEF	0.9327322318429552	-0.7354188518170552	0.3866412550191458	0.05870710793331779	8.329058332724331
NEPNON	0.4635120501219072	0.5799122745212781	-0.14119416132220575	-0.09461768604902619	6.886746017926354
NEPPIH	0.9340261770561407	0.5388016626012413	0.35905427642406446	0.11470628125482338	9.602822608327548
NEPRAF	0.9958163358239283	-0.7406821837802424	0.627537389083678	0.46833626362135616	9.82115483856798
NEQLIF	0.863420574712702	0.5954375539348029	0.23290332832451527	0.2896899304156937	9.111697725531721
NEQSEH	0.4386660418878767	-0.4471684154543515	-0.6393412588673066	-0.05238628857233241	4.703397098278757
NEQSIL	0.5555200855172773	-0.30197371879880475	-0.36422454219273487	0.4074384105498742	5.940178822109893
NEQTOS	0.5566626278492501	-0.6633621758291557	-0.42759430953323735	-0.264343458544808	5.232434800868603
NEQTUY	0.6440260468997074	-0.5037062343628123	-0.23976597243186243	-0.07187514685512039	6.085604752502628
NEQWOW	0.8594784595294698	0.23089524631423916	0.6586647422889889	-0.3765278169069113	9.907591203449714
NEQXUC	0.616090709736139	-0.4253067381029964	-0.14750995455112348	0.1849733225777493	6.280469039343242
NEQYAJ	0.5912728408743702	-0.664980784953729	-0.2653323692758706	0.2656756681855571	6.048715471937142
NEQYIR	0.8346951909439877	0.12314570833084235	0.06506821382099562	0.28363259796091334	7.9156919243060875
NEQYIS	0.5070728944331817	0.5755212264424503	-0.43064534711604024	0.1787005963354966	6.746984568429486
NERVIT	0.5769650697688347	0.02704473640411583	-0.12005085514317945	0.004790835592780044	6.515328495550483
NESCAR	0.602455870328388	-0.04442234148503904	-0.3055838800713992	-0.09572028189099038	6.0067500830239515
NESDAR	0.3466159826525823	0.2573436645869296	-0.4383375750174772	0.04029499759657694	5.551182549351289
NESTOV	0.46813543189811835	0.1346701381676866	-0.4409543394848277	-0.0025533702885782135	5.665821476356093
NESWEQ	0.4975225072134535	-0.4514780671063431	-0.6407076956829627	-0.08501154883745032	4.861009542002076
NESZUK	0.5328619118098485	-0.15501124174521233	-0.06252605407008627	-0.06328536824761763	6.3525727821279725
NETFUQ	0.6698098397899885	0.5908808600027007	0.15234055753500525	0.1925906207342984	8.344108985075227
NETHON	0.8396465581752564	0.42004345293984324	0.3996630992344964	0.006308221268168067	9.061507612181666
NETJIJ	0.9454781716555152	0.30317624211993005	0.3292587126421147	0.31899070356665116	9.260653204690781
NETKAC	0.9348879622461306	0.33574188959627144	0.34195959363692807	0.31775601890905136	9.323309478500402
NETKUW	0.8504566687390547	0.40298122610654147	0.1510332400644493	0.18938015208965064	8.431781755486654
NETLAD	0.4872854156076567	0.29823424434017937	-0.24337259885280677	-0.12659693512977513	6.291242902709854
NETSEN	0.45981273559047064	-0.4671174290546361	-0.640087170269753	-0.1822865786688308	4.769403652794011
NETSIR	0.4574280287032302	-0.4373081756413982	-0.6591234723850048	-0.18438251587710397	4.737345320913647
NETYES	0.88615347252356	0.40413498207247445	0.3438019848599183	0.005447081341766786	9.076006179858151
NEVBAT	0.919178818628148	0.37067262545897534	0.27382347544185004	0.2072317932998227	8.883826422157574
NEVHAZ	0.9043490986179368	-0.13244962537752503	0.9128332751262889	0.028937330717558045	10.338605820726173
NEVRUC	0.6742008460629982	0.700087559322238	0.28627731412234914	-0.14038904539534322	8.823534371489327
NEXBUO	0.7933947920773763	-0.10728084852452081	-0.13228989718879103	0.3174281309345127	7.03226460719217
NEXCAV	0.8472193917577959	-0.5393006920420824	0.07880132550114724	0.20259229384169608	7.39699736897642
NEXCEZ	0.8865075803542988	-0.5489471555853855	0.08858573647140996	0.27344401512062155	7.554615176520008
NEXCID	0.7593996646938068	-0.4514094675071835	-0.04571414883771899	0.16632077836467524	6.75235396778877
NEXCUP	0.8357283666381612	-0.12505552040493323	0.053954801402554486	0.31041654008944963	7.477948668625354
NEXKUX	0.9044555370526481	-0.47469854229509895	0.29143193981472293	-0.0896212949604996	8.256677420850059
NEXMUZ	0.5789480087398493	0.048428281559453	-0.1423135867473348	0.028165279634484112	6.493894082912509
NEXVUJ	0.5673224526339533	0.30922605428615324	0.0984273022098067	-0.19446413493173276	7.228945688561574
NEYCOL	0.5328585461981188	0.19251929640507204	-0.40461676575789624	-0.012799972035832035	6.075705297222842
NEYDOM	0.5867411189115863	-0.35401086397477194	-0.6569115368224931	-0.466247035895039	5.112846662544715
NEYFAA	0.6058116963255324	-0.6017635906537526	-0.3547943158829587	-0.39489386810077576	5.560520490956044
NEYFEE	0.5458861163888535	-0.7031888936946378	-0.5067410421726799	-0.35846668345727994	5.079056401608652
NEYFII	0.5289335139302791	-0.4730154723938246	-0.6844493290072355	-0.5543102847276257	4.815224713411051
NEYHUV	0.5604689787699959	-0.5831865066981754	-0.25957420395357605	-0.15854196454557873	5.573922649765696
NEYTES	0.7997768041809739	-0.3176368746102537	0.24781344433400707	0.020947195224084957	7.598511495248038
NEZFOO	0.4951049266531351	-0.6052057422915933	-0.5584463034699485	0.08318725880628047	5.004847581521972
NICAZN	0.8387371532131276	0.5827351838848818	-0.07040558952134202	-0.10409756031960041	8.418210262979466
NIDFEM	0.7289019570078219	-0.9176466041409543	-0.0497464402261551	0.1314255921853295	6.578093976169066
NIDLEU	0.8401904563446232	0.23792050998668934	0.38647059855939847	-0.14623024890870687	8.7128519523133
NIDVUR	0.6958877743357856	0.380206554629557	-0.2724371284003196	0.0334333322368426	7.148199716277675
NIFTAY	0.7379818648322836	-0.9027966847193649	0.11804301830370949	0.12167661686622908	7.080174808467106
NIHJIY	0.4092817320394291	-1.1501938860014822	-0.7841125669088411	-0.17596187445489553	4.458305898100211
NIHMIC	0.7664191445023167	0.6382788280863401	0.5680530779294538	-0.1957695494129972	9.928899454959275
NIJCOA	0.5727336863723034	0.14209154914234182	-0.04805148214432392	-0.36063181378674625	6.776564829091804
NIJCUG	0.5694427319485564	0.11452942594006166	-0.016340514485974983	-0.38332468972543376	6.787757634247614
NIJTIJ	0.8808198258559568	0.8214590184760697	0.08411952557359231	0.0709855380800422	9.348811262884013
NIJVUY	0.5688013574427666	0.17537860776992129	-0.584430231392143	-0.012674670889737782	5.791800346853489
NIJWAE	0.6313151195672253	-0.47694004669460993	0.30049878032620597	0.12287033643568462	7.46409203399069
NIKHEY	0.6344148572114268	0.11785593243462794	-0.061505526163995156	-0.07535987280549215	6.928837607582281
NIKMAZ	0.6848481344758603	-0.01901363589180589	0.05643816527056781	-0.053000819774358804	7.152849895545205
NIKMOJ	0.7062520624096766	-1.0944578003285421	-0.20184636911820864	0.09020160782542645	6.213634857284596
NIKNAW	0.705727924016931	-1.0949594268978946	-0.2017703541422765	0.09018389430447714	6.213580911632064
NIKNIE	0.8162217372779468	-1.0122717930538463	0.12575937092420295	0.18774159121784229	7.4534034962000995
NILGIZ	0.7738948564415553	-0.6741718306780262	0.3318078883811666	0.11591557309940036	7.8988774410830604
NILWEM	0.8871966712804227	0.15614855608380368	0.05167913985144334	-0.34837464776974303	7.9424996864438135
NIMYAL	0.6463713270922282	0.9429100902840888	-0.4188315507544646	0.1889943724813432	8.006133362840473
NIPXUF	0.699898645306055	-0.8082381920552488	0.3736737091028986	0.13076643152155062	8.097993793993284
NIQXER	0.9194476623879737	0.13829042828492086	0.4166273007315975	0.11989602288966744	8.843321425388273
NIQXIV	0.6831246044829893	0.7039739560408169	0.17960390927950814	-0.1913606360531582	8.594806364980926
NIRFAV	0.9552522985119447	0.7715407821181177	0.14700924408472366	-0.03609193454622517	9.426922132822812
NIRLUZ	0.6267345309788892	-0.9572918925106535	0.4767515088222004	0.028397913322237893	8.12897300284104
NIRTOB	0.8970599772024626	-1.0081049602438197	0.6131778611990508	0.1289338782380963	9.595819430304184
NIRXIX	0.508739914183411	0.37097051078855564	0.1548734164115767	0.17962105018787916	7.4665165073214315
NISTUG	0.4874085925527938	0.1262800949622829	-0.5639813774591107	0.269764745602585	5.650597358218828
NISVAO	0.3881927177752482	0.39995827275776463	-0.23420162934334582	0.3333471375394029	6.4715191644825
NISVES	0.47843311957411405	0.18818087419098412	-0.588789024782165	0.27325119402826636	5.672555188506575
NISVIW	0.6029236536107936	0.2359543177148002	-0.15489781885612314	0.04119507888412724	6.83163637335733
NISVOC	0.47190182738967135	0.3063877246564422	-0.46493891888321354	0.15690856342363077	6.111720138941104
NITROB	0.7398232209166364	0.4476173123527622	0.20186628837562898	-0.15141301332905144	8.258331467762101
NITTIT	0.6266094561902795	0.4916040401687048	-0.2630944525955513	-0.0837806869981928	7.069143407835047
NITZEW	0.5768284060473698	0.15234808324365437	-0.1365216040467721	-0.03058519817391196	6.5404885879978085
NIVHIJ	0.8747802056397713	0.15107215658745834	0.4818128003442707	-0.4368264233431457	9.166078065679182
NIWNIR	0.6243319269023342	-0.5857003945461947	-0.41599829444115116	-0.3095779013197907	5.509229812069608
NIWNOX	0.8347901892524607	0.7756903838147278	0.0010293258894917834	0.05078302689674422	8.878074827817054
NIYJUA	0.7254280820753731	-0.9191517898634181	-0.015172078922975896	0.2128928959023311	6.761637997546742
NIZCIM	0.49550997068237645	0.34131079875861187	-0.35072978552486905	-0.06877899208127057	6.28199232664197
NOBHAQ	0.8759099989323573	0.6626052395484303	0.1926815273034144	-0.003314583375618246	9.165474806289003
NOBHIX	0.8681512393602064	0.7182612717374335	0.09454045002208475	0.0184851643838257	9.038725602899346
NOBYUY	0.7313903922997049	-0.985053121535822	0.5865465939744793	0.1339124568619845	8.954328283503637
NOCDEQ	0.6808107945771171	0.5719235220105168	-0.20901741138401736	-0.07921274273397096	7.479324729439839
NOCNEY	0.7608142913587166	0.1594957147353051	-0.12073365428094443	0.04395730508221931	7.119878458230566
NOGWIR	0.8042113277141762	-0.8835381435422185	0.21992861561147378	0.16533612907463172	7.517021467152659
NOGWOX	0.7619056370596082	-1.1388539044948156	0.1022767582874556	0.1268359250232507	7.307998044413992
NOHJIF	0.5332115771241863	0.4037357396624139	-0.3984793414266194	-0.08045449791750371	6.288232981543341
NOHLON	0.4900718722663697	0.21677050653471786	-0.495839784853151	-0.10090635579421024	5.637539452663367
NOHZOC	0.9392399118782837	0.32245289034536384	0.3055857852112722	0.2873297317441844	9.132259985369629
NOHZUI	0.9339358767381203	0.3266171984181666	0.3009216628979672	0.2782643137253681	9.108697529764655
NOJBAQ	0.5901524238878313	0.056325750177648654	-0.08240930705772445	-0.09199479846423668	6.560542042294501
NOJBAS	0.8815370009769881	0.4739214976305634	0.23770925801476164	0.24809812663643424	8.976922657748363
NOJBIA	0.9297934036759994	0.2978607693639645	0.27518159673916087	0.29263824364502156	8.992767058250351
NOJDIA	0.7412616430549681	-0.2749896963530889	-0.12219017811369834	0.048701238726804125	6.503013449537511
NOJPUA	0.6066980394722234	-0.6498422042183785	-0.4424552744522298	-0.35569868296099294	5.455990150571877
NOKHUS	0.6111477416219833	-0.2207925924849672	-0.1417096724180384	0.08963209685865786	6.306493708508379
NOLJEE	0.6509954085730181	0.04622595281876522	-0.5044860347157811	-0.346732230521567	5.74207785557916
NOLNUZ	0.943796929491227	0.2022690320818137	0.5691202176102446	-0.11034783794160524	9.732010590254868
NOMMUX	0.9303311490458412	0.9795477241772463	0.1684163882610448	-0.19198707485967886	10.018907999339909
NOMXUJ	0.6715849666376368	-0.15525279735369363	-0.026967065886632974	0.12267301503851985	6.679479506914707
NOPMAJ	0.6651531236431545	-0.8805942115342233	0.3452916503698511	0.055241934562119885	7.6404125503521545
NOPMEN	0.7536807829007817	-1.1736002266347274	0.07554552633536778	0.1018074442100738	7.189746159334848
NOPNEO	0.7306151414961279	-0.9486427350156577	-0.07145243904512258	0.15548287260344335	6.578641408915182
NOPNIS	0.7601862535774178	-1.071332236790584	0.07859147610002179	0.14938026936740234	7.084928927426172
NOPNUC	0.43438500831236215	0.0720001617015135	-0.2801677986516428	-0.1835037445208337	5.816818000702475
NOPSEQ	0.5928288344724084	0.0726048025032372	-0.17142904329876862	-0.08301323721194583	6.474242350952426
NOPSUJ	0.6438930486616314	0.476173809632413	-0.1409784328959673	0.004224689932580218	7.261241182877981
NOQNIT	0.607129532721129	-0.17145733342049377	-0.35842698410380813	0.23935750933243197	5.847732969864976
NOQNOX	0.8699670996143549	0.3996532340670251	0.33815410698537995	-0.03868747240481556	8.966871128343366
NOQRER	0.7797455424838864	0.1624124592648698	-0.26652532384139943	0.10682593245862944	6.990789036264855
NOQYAV	0.6688121675760295	0.45338333938235714	-0.08544284972986968	-0.006214748245906539	7.343673433218142
NOQYEZ	0.6311949961938703	0.16573649581188113	-0.16045696843790225	-0.03921026387548444	6.682920407177583
NORBED	0.9009126333459667	0.7251292564654517	0.2995006528334607	0.2944798511889236	9.651444547619416
NORBIH	0.5958939843237498	0.4132591847016876	-0.3975906789144465	0.12438545662630629	6.742740676843925
NORCEE	0.5510331622767533	0.07288644522011563	-0.005311412159293746	-0.08093225403150957	6.694199604552861
NORDUT	0.44952751990494644	0.02695118832121498	-0.42915126304365453	0.03510673646390542	5.620278193790892
NORTAQ	0.6704355148494203	-0.4259248348146433	-0.12889600569462342	-0.17929079213430152	6.229420757114342
NOTPIV	0.23375282396167396	-0.30763655064518025	-0.5790019468576033	0.007702660619287777	4.671236453452861
NOVKUH	0.5864411296463761	0.12732010095255528	-0.15219396729981377	-0.06046093803545801	6.56799376549759
NOVRIC	0.7793438006001541	0.7091156510275178	-0.1661355199578784	0.08826354456133155	8.307250133869692
NOVYEF	0.7105418241277874	-1.0273162109329002	-0.11850078354888607	0.15627478120059304	6.4346187393401
NOWHEO	0.7794980335337343	-0.13494399243017963	0.22781534464799497	-0.2576224239989293	7.600295685161019
NOWXAB	0.7003931278806599	-0.9811113050685492	-0.05183774442132347	0.2160366497253731	6.6402107336291545
NOZGOY	0.6731418346562323	0.32665446605183956	0.23919619012591511	-0.14208601334766774	8.084162860039013
NOZLIX	0.738117955507815	0.8239752258880486	0.14723553035555192	-0.004525048024330536	9.052681635783582
NOZSIE	0.9942767214770596	0.10343495563643225	0.28947104517156497	-0.0822000441602279	8.861792007955595
NOZSIH	0.5690742661675126	-0.5322522633192468	-0.5928602618882488	-0.36480468663918486	5.090980065124662
NOZSON	0.5931900650861914	-0.6144583618649866	-0.5092900452108344	-0.30035781991988364	5.2516687038098935
NOZSUT	0.5417510477323484	-0.608358726453345	-0.5963116118148124	-0.3844179898575213	4.977851215715392
NOZTAA	0.5777576456016726	-0.6095807402796534	-0.5886484558881135	-0.2836329614217704	5.115261551980854
NUBKIE	0.7615177089733001	1.4211824611420292	0.45251765403444755	-0.17544944219760938	11.437622276974908
NUCYIU	0.5132896381709617	0.05013204313321297	-0.4621489241929933	-0.0487503676423922	5.657835407413112
NUDXOC	0.773634473544476	0.9274548563201102	-0.12080414516844953	-0.06067372027479105	8.824778216972723
NUFDEZ	0.87103852299777	0.45550189866974117	0.03582715503816766	0.3070143067751129	8.470206574050508
NUFJAB	0.921149787882884	0.30310257980175304	0.589053528448372	-0.23055495255355102	9.811326171398209
NUFLOP	0.592412885385114	-0.709856896507087	-0.1290835918884082	-0.20545355684022043	5.993573551853689
NUGFEA	0.8116826477571939	-0.4680122047902627	0.35449204352914887	-0.014420051626219805	7.8867656624736036
NUGRAK	0.8128119378652512	0.6443791257275153	0.29818889376597696	-0.25523155550647814	9.155228166175636
NUGSIR	0.4335912986945569	-0.22744611658148617	-0.7361284205764895	-0.0368924989305454	4.711328987281973
NUGSOX	0.47412337006336625	-0.2768472089938015	-0.5814709103810938	-0.0031827825151662546	5.10359002373408
NUHDUS	0.7451891994919846	0.33575489938024666	0.7443106651016835	0.05530165696304279	9.852997665074527
NUJDED	0.7307123941465354	-0.5144216088137107	0.5179760443404549	0.20395814668229026	8.598029122669283
NUJSAN	0.8991327774555051	0.2969805041103665	0.613962726121619	-0.05388619776999785	9.834068649527547
NUJVAS	0.7450849986870169	-0.7511293768430243	0.15337624835442032	0.0636680412575001	7.417319263949091
NUKPUH	0.626288270540762	0.4004614314137619	-0.24697042061540803	0.07310486448898273	7.018822438812472
NUKXAU	0.7037212347238935	-1.0262852607579858	-0.11245135454695229	0.17139039806349446	6.48281886085903
NUKXEY	0.7653266106025134	-1.0810199238397231	0.17237774570873649	0.14573043153994805	7.478777986594178
NUMJAJ	0.7776980285718045	0.764803626686853	-0.10215140958686661	0.12467424825942366	8.558294477100938
NUMJEN	0.8819096173485157	0.5479148674562044	0.3542495032785956	-0.017376276385442355	9.441751750983043
NUMJIR	0.9662187893721628	0.8266086340285963	0.08906752454033492	0.1374924279413549	9.624272147148627
NUMJOX	0.934696769070908	0.25233876584435616	0.36827238093680265	0.2510989927982741	9.25242522982674
NUMKOX	0.6213806233727475	-1.5520424539208875	-0.09326739078928381	0.4033094558922822	7.189534843514878
NUMLAK	0.7091782606886712	-0.7202375642747436	0.1765199888534376	0.10736294592271019	7.122322736129362
NUMNAL	0.954170036692239	1.1651357947988226	-0.01973879047895427	0.00851123031743595	10.230863655257536
NUMSUL	0.6991625357981173	-1.0668563894785243	-0.1532690336924994	0.14427620551825224	6.354398178878728
NUMTIA	0.7637074740120147	-1.1089017358936741	0.13343268588120216	0.12245816404170284	7.350946864558625
NUNKIR	0.564679944130372	0.442725064681018	-0.26609443750697437	0.047950206321009985	6.820584961088259
NUNWEZ	0.8041237553604219	-0.8411563264119428	0.5275971276907929	0.1967981892091346	8.557628756311168
NUNYAX	0.6401418031639841	-0.5009466017572004	-0.42993253278811155	-0.30642467343788815	5.498833251840416
NURXAC	0.8642924901379194	-0.07236079589221867	0.9052110852574249	-0.05317203503184486	10.288503016355591
NUTHER	0.6306539590756088	-0.894301972323962	-0.21170254044025472	0.11057112960822447	6.161731130214719
NUTXIK	0.8349385639586364	0.2621584826173495	0.46438742335856886	-0.30059659599984256	9.031191238790075
NUVCAK	0.9127382350754392	0.3139159294979386	0.3744652976098268	-0.18549288091394403	9.05716397699022
NUVRAY	0.5555881791363717	-0.637124702012897	-0.06479557698592775	-0.21303799885124694	6.0956490985370655
NUXJAR	0.9171778406492335	-0.3277438083757891	0.8082415957569926	-0.05658313058405291	9.84164954407121
NUXWOU	0.7018702204361142	-0.9309155396539286	-0.07422988431654012	0.3278891253985755	6.459311795820104
NUXWUA	0.7960212507453184	-0.19890079384274706	0.5002395971731222	0.05339050523620241	8.52519832062543
NUYGUJ	0.5534699280457396	0.23415896411119835	-0.4755307055256736	0.014087411128431749	6.045248796883932
NUYPOP	0.8074864176680929	-0.4911112451596926	0.01657823244864641	-0.08335473399622807	6.939468535068903
NUYQEG	0.5405722572172822	-0.6506116004245708	-0.6525463187773195	-0.38486709579037315	4.860080654926063
NUYQOQ	0.565874760501182	-0.6246713865895801	-0.5981989512720487	-0.296396335093002	4.993668032155542
NUYWOV	0.5937386358934607	-0.05406699976854918	-0.35470376428710154	0.00043444548571852475	5.884202362121882
NUZJUO	0.5757239684374236	0.39114264270545485	-0.2546117159509956	-0.05855457400513587	6.717031080627319
NUZXOX	0.9073848415229095	0.47866239409436045	0.3199398892792357	-0.284929060875889	9.247028225171409
OBAFAB	0.8739065286684689	-0.5925357418250727	0.15410955997245138	0.022028287089041608	7.484464290054327
OBAPOZ	0.6481957978738278	0.18128154385526518	-0.1645705030449569	0.1306131792944249	6.907783505212756
OBAVEV	0.5048547886649661	-0.4060911150614168	-0.7141178362927254	0.051119814211030366	4.985702063871896
OBEFOS	0.5680814206769309	0.41928103517791493	-0.31555629795308476	-0.20737100790964036	6.728963527389126
OBEFUY	0.6981092349709677	0.14610521287136474	0.2980525397437094	0.021071177438331323	7.88092080474145
OBEGEJ	0.5726364396899042	0.3279219551674945	-0.2939691774703385	-0.08384369177836838	6.613353075662332
OBEGIN	0.6764368121478705	0.11880786551897007	0.22093801786025385	-0.031144262792235356	7.6684754128978705
OBEPIY	0.7424633663514726	-0.05242665754759228	0.27013309766322063	-0.01810080960174128	7.6911218946403626
OBICOV	0.5459493221788705	-0.15792722189764147	-0.3218232633333143	-0.11851642733611946	5.750772107559242
OBICUB	0.5734818747971877	-0.09949863292698019	-0.29282033038623534	-0.09084960756896193	5.937026244304795
OBIHEN	0.9588199417278984	0.2903189407109305	0.7580287817681461	0.06759191473105272	10.508626179600151
OBIHOX	0.9323031469626919	0.4867620256185952	0.38770721828934734	0.3125677829697149	9.564367892074214
OBIRUM	0.7709524243395931	-0.5271378180770228	0.5163534255812001	0.05029516599814217	8.387340019438307
OBOCUE	0.6393369721229023	0.08431104938159564	0.11769793558901223	-0.12438290020299798	7.210172600207238
OBOHAP	0.7376897938527804	-0.8413114464396192	-0.010894365545777426	0.14021489552179192	6.812044618651666
OBOJUM	0.9199848601072489	0.18094627645246997	0.9877001867096649	-0.10045669118246332	10.933306642224391
OBOKAV	0.8655367356502062	-0.1970972229144866	0.4584169792832242	0.002980915362399715	8.629568091767453
OBUGAX	0.5744925224089759	0.14131018323770192	-0.13102496659113597	-0.06128564438844858	6.645094415825781
OBUGEX	1.0035038606032556	-0.25876394405629316	0.5249084522428439	-0.02465221081381272	9.145134448463795
OBUNIL	0.5360396950376609	0.09821993025376684	-0.15397311013844456	-0.07930877954493763	6.361521026999741
OCADAY	0.5767967930475875	-0.2148742548357058	0.23527464435415318	-0.0707681218689725	7.191901941622289
OCECUV	0.553831482605621	-0.1903110896851034	-0.4245611072054229	-0.08961573426907958	5.569085640343784
OCIFUE	0.46376998211044373	0.5977600308547151	-0.14902518009754567	-0.10047715217280598	6.919326299394592
OCINUL	0.6936853292976677	-0.9442522768438759	-0.0074026479219701236	0.24072019317815974	6.77352166251189
OCOBUE	0.8367158683533269	-0.12424744437235605	0.05425699403756566	0.31142145594474646	7.48012663053267
OCOFIV	0.816399735959199	-0.12785246198488737	0.44744779643823623	-0.009168836838111974	8.344434664642838
OCOHIZ	0.5505955719879196	-1.1580500758269243	0.06673036269814656	0.03398342444884442	6.820335650156091
OCOLAT	0.4287314194180656	0.7478208169481371	-0.49577056561567684	0.16622881134879636	6.84179989705451
OCOYUC	0.5505537937489882	-0.16097045452335706	-0.31308463392429453	0.3116125110141793	6.012672255661174
OCOZAJ	0.5669813439197915	-0.36678548828270724	-0.3905850860109488	0.14054570474492573	5.572091775316933
OCUMUW	0.7434207879561692	0.021381047029702102	0.11821692942618965	-0.3861633205202367	7.601196898802344
ODAMOW	0.4564664522629549	0.027838597113792968	-0.5330385110487417	-0.05947236269455581	5.393413695423078
ODEREU	0.631685960960878	0.13883416893338368	-0.1123912112755438	-0.06521252900856159	6.838167934019824
ODIGEO	0.5366453470496193	-0.7828654210051536	-0.38142790996687304	-0.12536575239097336	5.362755297309089
ODIRID	0.8319792766933176	0.8759330054638419	-0.07955796299865811	0.10584428807810058	8.97682246146934
ODIROJ	0.8343544695052731	0.8755280738005935	-0.07508374612355048	0.09949837602351225	8.988986836194876
ODIRUP	0.9419978390039692	0.4438650174452488	0.4051746599838031	0.08453660759011226	9.574790276181059
ODISAW	0.8323744760194192	0.8751555263026343	-0.07620568168291336	0.10523714028749077	8.981881885066068
ODIZUX	0.5943285672975653	-0.5487507919112244	-0.4450944028955495	-0.37371892260631023	5.413410841311222
ODOCIU	0.3919479820895422	-1.1246836082646385	-0.4299987820551699	-0.4362419526228599	5.197929560750677
ODUDIE	0.566939935252015	-0.14999565107446036	-0.31595577165376054	-0.08332951011491914	5.852581023934585
ODUGON	0.9361514306476542	-0.05535487924352769	0.29817450762861786	-0.08515061653585351	8.479749989980036
OFUFEA	0.7475147746949435	0.7057693491736539	-0.09899313730675088	-0.03987674983800207	8.070301344410344
OFUSUF	0.5441306787155185	0.2974819863975112	-0.24636582904195897	0.37286554579780684	6.783020834155742
OFUTEQ	0.5943012960260035	0.165237318653728	-0.31782356545105794	0.3071717435062786	6.390188832239494
OFUTIU	0.5320430228671258	0.2557326241362883	-0.2488227718042501	0.3515909537085885	6.6636750428468225
OGAFEJ	0.6570753662816315	0.7502609983974142	-0.11298553553378152	0.03476613354354805	8.148461889697883
OGANAM	0.9098851526429348	0.4485238949245273	0.29407863934733247	0.18494052328159755	9.112638234521151
OGANOA	0.86305316725789	-0.6463979106903508	0.7098113623534965	0.004610679477710589	9.745551975278637
OGEBEJ	0.8626366862294468	-0.5515210966821369	0.5239551387311303	-0.16352111451441056	8.522847546069489
OGEVON	0.5266984302055802	0.007900563298428115	-0.331698654687172	-0.1262154774837998	5.882041016008146
OGIHIY	0.8175434378387418	0.5001693126927549	0.21862251128771226	0.09379312056318119	8.717515619414964
OGIMOG	0.3539127161999387	0.7596229974765512	-0.48214067642933894	-0.036487702319021334	6.409490778369271
OGOLIH	0.8513340542846155	1.0257994619576503	-0.09130922788069079	-0.13276911976000044	9.45401592947249
OGUNIP	0.8288552236674418	-0.8642419262089105	0.21469837140400516	0.022064024006385	7.6173214076100475
OGUWOD	0.6395622725746462	-0.5684694967937001	-0.409696566717978	0.10736961134281521	5.721609868758893
OGUWUJ	0.7278770570406543	-0.6800954168758575	-0.2512766125284982	0.3069696963914863	6.409619971216861
OHEFIQ	0.7012199158021968	0.3758180840623284	0.3054085373732499	-0.1833512329834495	8.352460689465138
OHEHEP	0.5598496536366042	0.07607308914090745	-0.6280904347211163	-0.0021431303166607714	5.720963521170809
OHEHIT	0.43396114143354314	0.03440101522112225	-0.23689661402123774	0.2949863833906682	5.927319957385045
OHEHOZ	0.4156782386862865	-0.03582981990433605	-0.20909734554859716	0.2063609107659773	6.011667604278291
OHOCIY	0.5955450627171377	-0.5084606309361417	-0.3193039821020597	-0.12932293098242287	5.480558088270868
OHORIM	0.7169253655840864	0.09463043875001602	0.5552917204115622	-0.29891771189637795	8.804715173067988
OHUTUG	0.5561393884428014	0.14888493445133064	-0.15942987295008	-0.0807550802853949	6.47603569921501
OJALIX	0.9395742939979854	-0.4108429919723668	0.9661283240582552	0.14153398024628602	10.522466567057116
OJAQIA	0.5839935834444185	0.06749339377316062	0.1335320488034925	0.1265639148061579	7.206318056622058
OJAQOG	0.6652018798881905	0.06552860328756066	0.26348849061785257	0.0879496627354974	7.736629990645153
OJAQUM	0.5877257970020722	-0.3240770409373273	-0.06673974650700615	0.29281610610105424	6.436142960894079
OJAQUN	0.6733171129057132	0.39173959637331685	0.15856037759966202	-0.09520076596065563	7.887618222380337
OJEDOY	0.578919327415937	0.8338178539899792	-0.4825167341485677	-0.04582656446089148	7.379259577325703
OJEHIV	0.5670808295329843	0.7525709875528475	-0.2235816531858298	-0.023341000845959817	7.4580345737739675
OJEJUI	0.4620344761602677	0.08613905999599862	-0.5856317534097868	0.020729261892779297	5.4963550310260985
OJEKAP	0.4652325942219244	0.0913300054777234	-0.5544724025255527	-0.010632233296721185	5.5361476267119745
OJEKET	0.6904922577616546	-0.06268857097353692	-0.2913975326875639	-0.07061402054624236	6.195354657018858
OJEKOD	0.5192512987997713	0.2555119697726161	-0.6724623906789313	0.06611202657740342	5.64269745605832
OJEKUJ	0.42609332974867975	0.5890819666248854	-0.537226000956537	0.4924555495608067	6.3137425117244685
OJELAQ	0.5083640429218397	0.2932253843434985	-0.6688678106290378	0.04623554035245598	5.688230263990914
OJELEU	0.47969378021253295	0.44580928528361086	-0.7016809050230273	0.14247953676914785	6.065916905393473
OJELOE	0.5274733810519567	-2.9385799368369936e-05	-0.7649585256300626	-0.14060243299328246	5.254118832392856
OJEPEA	0.3877809183749674	0.22844300573341786	-0.4958339142490202	-0.11922473450881296	5.537625532626452
OJEQOL	0.5845042476789972	0.4892611396676833	-0.3198090553374153	0.09976235664552582	6.9440499318636135
OJIDET	0.7913554494196724	0.12551834106421464	0.3402272918297882	-0.20158415855353695	8.276250995040789
OJIGAR	0.6487137999574122	-0.07188069648130516	0.21883234139013602	-0.07601558221344472	7.277757209573857
OJITAC	0.5592827328415035	-0.6358057786190485	-0.24638015307602013	-0.1892369037438808	5.681395375707664
OJIYEN	0.8054998767591872	-0.9364690215468294	0.19871691690718823	0.17265372100223006	7.565426375203318
OJOTUE	0.8588891068848934	0.7338790398425314	0.45517566794842923	0.22962075620139996	9.855661272224792
OJOXUH	0.7883395796598895	-0.8344156164113898	0.18571151849056414	0.1507144490417287	7.43685911749941
OJUHOQ	0.5563786705835145	0.39541809555644486	-0.03145642306949806	-0.1360679440376813	7.097842575969014
OJUHUW	0.8498428167298604	0.16266719515141012	0.5230397822327272	-0.008990718626141264	9.079382109927147
OJUJAE	0.9126062585342325	0.31663543195929583	0.478627191903942	-0.13092157794985498	9.27672036337395
OJUJIM	0.5043941156489842	0.6054647199029182	-0.09384171084321288	-0.10064331107783338	7.149186630670772
OJUNOX	0.5382839877281738	-0.08932296700034123	-0.41716418883695966	0.4442460062056196	5.664353296194238
OKAMIY	0.677816955544098	0.6409326818059158	-0.391369735648842	0.05985786857220646	7.387856530040139
OKARID	0.5694508118262425	0.14507899127111998	-0.23882979027671586	-0.015034358208553495	6.279365989313192
OKAROJ	0.5646177071308625	0.15741128908665913	-0.2444933221010389	-0.01748610473355977	6.271477892715521
OKEXUZ	0.5031231059622501	0.1029038984709384	-0.13906850331070197	-0.07338553939156871	6.33787534741741
OKEZOT	0.5568151096788991	-0.10575953385064545	-0.3842764746127489	-0.06871379886822532	5.748526166576745
OKEZOU	0.8279349704065746	-0.11359195206666652	0.030483838951143552	-0.02078189431979824	7.470297670269725
OKIBAM	0.5094482289594024	-0.29573602416437106	0.022611222993344088	-0.10668519090070548	6.41625377238796
OKIBEQ	0.7164248619452858	-0.4183169019125742	-0.01263814449822434	-0.13043242738876049	6.7595628689500895
OKIBOA	0.6686763515136764	-0.23154124661366038	-0.18567344683874004	0.018173021913286506	6.4321907723780845
OKIJEA	0.7430663065647432	0.28989293380900655	-0.2025661027735609	0.03399751912750598	7.0868179572936025
OKIWIQ	0.5421110000251934	0.12664803294494928	-0.4803877023332806	0.0358824597246109	5.801787137597415
OKIYOY	0.5936091728679864	-0.30062934785406215	0.26168290231709523	-0.046902240707261775	7.301451898421083
OKOKEG	0.7252288313426725	-0.6874052506257995	0.1285610775519933	0.13742801549288866	7.00555048994143
OKOREL	0.714397545753851	-0.9459484743495727	-0.016097950721911752	0.22426874597752	6.759154543179195
OKOZET	0.6279710854192349	-0.30853077145702584	-0.253884774286255	-0.44725637268715646	5.976896608055336
OKUCUV	0.6503448218199965	-0.502066669651094	-0.012133905298306269	0.0043597211627803886	6.590912156780875
OKUSUJ	0.6699578040979253	0.5266574564339663	-0.10390684881783002	0.04083589952729106	7.580687736462711
OKUTAQ	0.6782836533099612	0.5099244188294287	-0.10963053612419077	0.05322481366903059	7.589140069716543
OLADOV	0.38138841994076333	-0.40610121079576667	-0.03060673519659915	0.09342464215661885	6.059811005852144
OLIPEG	0.6382068027103429	-0.16911000950442215	-0.26115615076805276	-0.09883299765314846	6.043117059365527
OLOLEG	0.6170039389726494	0.7180470420112375	-0.01263535738494384	-0.2115476298471325	7.920448443296672
OLOWIV	0.8593021612884986	0.6446301777178975	0.4271275477592914	-0.1570980580320892	9.643307659903348
OLOZEV	0.5256855005473433	-0.7176928042595645	-0.2764181336800619	-0.50849202654111	5.562819982632587
OLUHAE	0.796648648731968	-0.48995143905124694	0.509441834911177	-0.08074956060870246	8.378168483516355
OLUKAI	0.48915149714541073	0.31965007782892757	-0.26312449898723933	-0.09412837813021417	6.323034222867501
OMAZUZ	0.5757226827338622	0.29959315708893514	-0.13037515390438506	-0.036157972870426755	6.738360335175784
OMERAC	0.6603047005066829	-0.5671983177517907	-0.3686574681703209	-0.2645436934184099	5.673842751373938
OMEWOU	0.7334892768374859	1.0193539148480115	-0.09879845012010721	0.0567654588644643	9.027500258797287
OMOCOK	0.6805733445361373	-0.29235669406014436	0.2639513163428143	-0.03848864316660077	7.434101638872354
OMOHUT	0.701659292380028	0.42387897254100104	-0.2266656021250008	0.18302116984742736	7.26630453739207
OMOYOH	0.5497947293109959	0.4019901450142491	-0.28950124497698293	-0.11138117992747612	6.592534918945841
OMUDEH	0.5447597621975229	-0.8569077416331032	-0.27580622643130653	-0.2698388419963752	5.698475926368759
OMUVIC	0.9150572165743389	0.2813440882477601	0.7976966358832609	0.03317721370255103	10.258712061252034
OMUVUO	0.9632175051410838	1.1567282543611321	0.5909109034518951	-0.01342237957731343	11.869680045031071
ONAFIT	0.4749624487148889	-0.4056871203260797	-0.45004947045082416	0.17678863719404303	5.264326962527708
ONATED	0.9256452273139999	1.1357560358084893	0.48419495555874353	-0.001354454304716167	11.372818137658808
ONEGUK	0.5908030096600223	-0.7740111783637926	-0.22187733709087665	-0.08322885309285764	5.966456241050292
ONISUA	0.8782079896630615	-0.5007669622274339	0.9445148504954854	0.09219853394484726	10.308459415201742
ONOGUU	0.8582950434316539	0.5876983104465805	0.3065111229749348	-0.12357032315693647	9.117430329199097
ONOHAB	0.8584608722720946	0.08839313206750647	0.7876083394484654	-0.16751130500505737	9.978208542130615
ONOHUV	0.7909118276879825	0.16745874228571894	-0.09959479983330924	0.10799133419368688	7.162488371657396
ONOJEH	0.5938176178933832	0.3974293021935416	-0.1915713023536853	-0.023768470310003863	6.861050917954409
ONOKUY	0.8210722114545419	-1.198149439075979	0.5445396349636841	0.22932581465734425	9.079071730154403
ONUMIU	0.5523876892650179	0.43509153157401953	-0.4212641718862297	0.0006989723029081265	6.444865623505779
ONUMUG	0.4664734960057393	-0.12712027684931776	-0.2318920458974872	0.36388710410844793	5.960614375772034
ONUNAN	0.3941733640920573	0.54009269391997	-0.5738009492857519	0.06757084270273879	6.012287675957495
ONUNER	0.3904103527675682	0.15395642827945016	-0.32981340141641124	0.32954910603728027	5.9649421157515965
ONUNIV	0.3385757273180623	0.5433711817454323	-0.6401866128644291	-0.014742551896579068	5.774083357485801
OPACOY	0.48896039035257477	-0.7099826726313114	-0.5632385743846977	-0.4714490122937748	4.948308814717163
OPARAZ	0.7750776153798995	0.12434454859607402	0.452371828706099	-0.18165125630132883	8.612170840949602
OPEVIP	0.7297612037902068	-0.5731389016594639	0.09590411074688125	-0.04894765267096993	7.005313995666073
OPIHAX	0.517953268070638	0.16987305234853084	-0.20277061215562608	-0.062039040066648315	6.251419381423559
OPIVOZ	0.6110430667748368	0.6913161053340022	-0.19229409058872027	-0.12497983247995964	7.5445753935032345
OPOLUC	0.7660971244365253	-0.5438956018612866	0.24855450969937795	0.02302417656938128	7.4491326684357455
OPUJOZ	0.6897498403303715	-0.3024425324370893	0.15045584113066876	-0.0665294601636821	7.079992789783687
OPUKIU	0.6528759450580246	0.6288943882972222	-0.15202515092345886	-0.04138240501072463	7.582554249693494
OQECOD	0.5259197875152157	0.18506180381707432	-0.252830007559226	0.02444924925212079	6.297662425913863
OQECUJ	0.39071098216200184	0.6891225993664782	-0.7129724760546348	0.0733258115755276	6.113255282751475
OQISOX	0.5827847459080235	-0.7673875078956898	0.24124262057904253	-0.18697453172712952	7.079222071815492
OQITAK	0.65627421656166	0.1993265370042109	-0.13507394840695372	0.16940501960992183	6.881472427208006
OQOCAZ	0.9509482695310512	0.33840394854127187	0.354035570099412	0.197758686926997	9.202953011438483
OQUXUW	0.654991251543974	-0.495496404226786	-0.22810424038995913	-0.23689899414097398	6.034211864114943
OREHAV	0.805456810291016	-1.0086531333242417	0.5270054581300376	0.17249994515567518	8.57611660867516
ORESOU	1.0338520337695858	0.9131417545529266	0.6484990362581535	0.03770385529130031	11.635457169102702
ORESUA	0.8055091890826533	1.2007823156209718	-0.31179514056500635	-0.035696902900852485	9.596469387748263
ORETAH	0.8621617496347556	0.7111800344064385	0.10524738678716655	0.16902818112176798	9.063209280843344
ORUCAG	0.7817676028069895	0.9242883818470791	-0.16980031627349867	0.14511456681086896	8.662322711700925
OSEWAN	0.9138016631353878	0.4257861018404832	0.26615408699261467	0.33543186500406497	9.227236896951696
OTOWOL	0.777712056325222	0.8881686094277101	0.006007849660941769	-0.004150606565287787	9.04634900540106
OTOWUR	0.7349419911905279	0.8189823953649522	0.1364997739232408	-0.18468086676785372	8.995930532148714
OTOYAZ	0.6339852885377617	-0.6850253211136033	-0.4691082296154941	-0.20120846226621455	5.374192322882114
OTOYED	0.6323446400462256	-0.644260666115356	-0.5392927146527278	-0.1598352092274907	5.189921203300628
OTOYIH	0.6322439978151309	-0.6448419923501141	-0.5383279859277181	-0.15969382879847988	5.190962178754457
OTOYON	0.6378735384775327	-0.6818097581193003	-0.4658262809032852	-0.1965564131371662	5.394044344167321
OVADIZ	0.701554637768214	-1.026810072973799	0.3744583456183725	0.1561578260669265	7.8544885278171455
OVANIJ	0.8186004488732266	0.20403976578189328	-0.017648134257891412	0.12555224669338996	7.682204715524108
OVANIK	0.8886562069992001	0.3915428976248708	0.3692210562809264	-0.06928660995595518	9.185780641638107
OVANOP	0.6421108222533567	-0.3853002034748471	-0.3218011130669097	-0.14859341242577298	5.888331727950318
OVAPEH	0.6338097757559975	-0.3828331904403174	-0.34644414461007034	-0.1303297827726002	5.83679121032241
OVAPIL	0.7634424606761288	-0.21005028818482135	-0.09046918613109456	0.16269123376056976	7.080204350651209
OVAPOR	0.8894679705841977	-0.4691106842946185	0.1577655184016083	0.17997745293360043	7.80436016696589
OVAPUX	0.7680647557001565	-0.04292145836904987	-0.11459647548188326	-0.22054739826059053	6.900618892712402
OVAQIM	0.669684927214405	-0.062123050813154584	-0.0332550899305776	0.000931029421508453	6.986732204772695
OVESAL	0.922316701777933	-0.30395294769446535	0.6221715703990129	0.08181290176170028	9.16761728843983
OVESIU	0.5203689539964937	0.2776854520937295	-0.40818305575327124	-0.12263335040685298	6.09430410534469
OVIXUN	0.8618909655864782	-0.34436118216362505	0.9627128629204746	0.3021895900882944	11.006410541431244
OVOZOP	0.7791076545654496	0.3960489219130364	0.0809044213994458	0.11409884679678976	8.13072941453863
OVUYAG	0.7737080261496052	-0.35485244795369675	0.6623432001706584	-0.018182496413754363	8.99166462840139
OWETES	0.43676986632953607	0.37389458170171413	-0.91025888673844	0.17636166128779376	5.677362859990707
OWITAS	0.5094765192176052	-0.34016909179530114	-0.4144771747667883	-0.19648080792601275	5.370760363135043
OWOFOX	0.6750315610140385	-1.1211578214826825	0.26326742170381934	0.27690547760835527	7.648271977327065
OXIWUP	0.67002352259252	-0.40270243820465196	-0.42045923339829167	-0.22978888885720503	5.648197954321573
OXIXEA	0.42981256804365753	0.7499750288628422	-0.49697586379035547	0.16716728000918757	6.840626412832181
OXOXEG	0.8291924281173442	-0.4524611034308107	0.1331642522385676	-0.06516092154101549	7.442863865613048
OXUGAR	0.773612829463044	-0.9228709458362041	0.32505616086440947	0.049825860075762854	7.771443405120857
OXUVAF	0.9164968821965482	0.7915195565250872	0.43524671478712373	-0.050858432838825955	10.227033488830255
OYAKAB	0.7337491906204097	-0.8764410129157536	0.566976748221495	0.08679242238777155	8.608036340122993
OYASOZ	0.6302687945330891	0.013789037469982408	-0.25106856907376035	0.08334209341541161	6.31097579418025
OYATEQ	0.631300669625718	-0.08276764758418328	-0.09504116788535233	-0.060968091512957706	6.483324642484034
OYOBUB	0.7123618407746957	-1.028441304767264	-0.14002819598072647	0.10643817575492295	6.361920063808418
OYOCEM	0.7186643178084022	-1.0240738795878754	-0.1445838649021966	0.11680372135022082	6.360889573322922
OYUROR	0.5134416928390646	0.6059468737240252	-0.4624022202269749	-0.0773025836031949	6.610042635496391
OYUYUF	0.5168568884476947	0.6544487394046703	-0.41486121970024287	0.026246479149867767	6.751229487770987
OZAVIV	0.49650385230428107	-0.5656015957527638	-0.3327512427951994	-0.3052267200625167	5.379606131231142
OZIMOB	0.7673593357165185	-0.3356401775606226	0.14354888661752194	-0.02377804981348615	7.341037808629049
OZOQEB	0.7280482697495829	-0.3073875215961105	-0.3392947392113161	-0.3102214693916844	6.121705490184171
OZOQIF	0.7070163830800587	-0.5352185376164347	-0.23619387558824778	-0.3342615056213567	6.166235107072862
OZOQOL	0.6902303020135419	-0.3277146993484377	-0.455769281577528	-0.34652132390602963	5.7417376203554955
OZOQUR	0.7493728602818832	-0.434334514107924	-0.27075459889617204	-0.2660238477225991	6.21107849572984
PABZIE	0.5656027067188116	0.12315192102839306	-0.26529836617833474	0.013007895688725846	6.4993018351595335
PACFEF	0.7021969427228534	-1.0187330591956383	-0.09336550987870168	0.19003195919191215	6.512547214503382
PADBUV	0.8415225706453775	-0.698413224889731	0.8864781838298978	0.24247454170556684	10.043419443337044
PADJIR	0.43627307346133115	-0.2925912967866313	-0.37903975614759167	-0.14869473497981303	5.428770386633095
PADKEO	0.6109355283002023	-0.3125107126080629	-0.12352658680089545	-0.10314156415004604	6.330237990430069
PADTAR	0.7029088885737469	0.2439546201098669	-0.15547834070572708	0.019891250921125318	7.121436974645537
PADTEV	0.6860123018712372	0.08907008451163663	-0.18467435753220746	-0.018040341743334184	6.7359120137026185
PADTIZ	0.7183556197704775	-0.19716667375776267	0.024092945480005956	-0.055045849301446334	6.907608983184877
PADTOF	0.7098009381907211	-0.18367791449793372	0.02786172919054601	-0.05782985355704352	6.92362294859453
PADYOL	0.6178568072394626	0.17019450499986474	-0.168954626488155	-0.0051371576552658605	6.720920139055131
PAFREV	0.8143779316422082	-0.3517227740442822	0.9610297105293664	-0.03800275942567077	10.34634476156419
PAGBAD	0.5534374690001282	0.8977265738736047	-0.40636903914244354	-0.008448510300757463	7.410372399742237
PAGFUA	0.47624852565714093	-0.45956394828790054	-0.08528269157299861	0.2361531025463606	6.0630111947817795
PAGJUG	0.48709893255535697	0.5906042214567353	-0.46133225278385276	0.09808877701794154	6.601420263116489
PAGLUE	0.7513950119915069	-1.046188141145293	0.25502148204904757	0.17196592299835872	7.6858075463571645
PAGLUG	0.49429604482039924	-0.18013209208654787	-0.46013248218441877	0.21115215067844317	5.371210417684608
PAHPOE	0.7369594959378434	0.6180490914401231	0.32924166667106547	0.03502341169520024	8.908801637572344
PAHSOH	0.9572290996650734	0.4402452832442093	0.3247170068285362	0.13265449548710198	9.334754191307413
PAHTEY	0.9183939812815307	-0.05193591285559682	0.28717506374401836	0.2886692591282156	8.369059893895573
PAJCUY	0.8632402375981139	-0.6550838232970029	0.5369149441847838	-0.16956385242244512	8.530195273510088
PAKPEZ	0.6459993249945937	-0.6377973219080553	0.2600345860722633	-0.046304041479512024	7.339349127709602
PAKVOM	0.7275386469912721	0.8298174545620476	0.5291123946063041	-0.04183643514276562	10.100581298894253
PAKXEG	0.9744376450410464	-0.06806357698466778	1.0376241261173385	0.14758513765209746	11.052930941384831
PAKYUX	0.7903583402347287	0.2608683750251415	0.20287747114626908	-0.34644697550822956	8.246292610142998
PAMBEM	0.9913944558473959	-0.5812052317924212	0.7021005869978789	0.2377980243546783	9.706783550786728
PAMJOF	0.8721238314368973	-0.08441056761635521	0.4303039856869355	0.03712796450260719	8.68651574983458
PANDUF	0.6093329925863831	0.4558124619623517	-0.12506892211890525	-0.03614924524388743	7.119488420809115
PANLIC	0.563051915029745	-0.05720094926129338	-0.035855816834412885	-0.12721679178836537	6.471247067605825
PANLOI	0.5639690911196977	-0.0599381603019231	-0.03366148922534726	-0.12550728967713864	6.474721060257013
PANPEB	0.8545090343926569	0.15748661234575642	0.1665968566651072	-0.12253701301188784	7.976594923625342
PAPKAT	0.7488106712761562	-0.0339301587982047	0.27507883477410866	-0.05676435657269152	7.801534707164845
PAQDOB	0.4128477026142825	0.1268923822919336	-0.7008567923530689	0.046674942505535305	5.2758969658384345
PARSIL	0.672965459108231	0.7826829558008417	-0.2747965317036309	0.04377971440603017	7.929586579761535
PASLUU	0.7797725864204494	0.16124450411601482	-0.26588867695137114	0.10313398661732338	6.989057798038738
PATSOT	0.5148344788879573	-0.7111402619583733	-0.5907081634532727	-0.21288346818272166	4.970287154434476
PATWEQ	0.5354865208353621	-0.6069653747524735	-0.1582204110544646	0.03028653544624539	5.918995041613286
PATXAK	0.7905710781683339	-0.07076882113588281	0.4382821873126735	-0.23120757096842112	8.322504803026765
PAVMAA	0.6996541747382947	-0.37328715701201554	0.013419817213384436	0.029744292274155308	6.868031835358717
PAWCUP	0.8243269168392731	0.4409226791327468	0.13489686003504925	-0.14552054234891704	8.471805473939765
PAWDAW	0.80456715463104	0.4681401855464452	0.14907061583997835	-0.19610211621418902	8.486470534085282
PAWDEA	0.7949469174153672	0.5040669692313646	0.14749868122069143	-0.18478108231340795	8.525343538434024
PAXPIO	0.34526627233541074	0.22399650382903458	-0.3602377321608869	0.3603072677623794	6.122991399468518
PAXPOU	0.37239944091472044	0.22879683708371895	-0.3399018359063406	0.3854727162946523	6.184800212010807
PAXPUA	0.3779576936181517	0.27231531924613755	-0.3632205936266916	0.354305075519315	6.227416103443386
PAXROZ	0.5694568331547973	0.4232611428670735	-0.40195292211124173	0.12403316904479564	6.653225603624538
PAXTAN	0.5713926655195811	0.45937978044958455	-0.44306093058776613	0.13516089766052047	6.715238051226924
PAXVAL	0.5314168736942095	-0.19078739439386133	-0.32202724617564477	0.23846509233871652	6.002545523079038
PAXZOG	0.5574948128629682	0.49762177280998915	-0.4103485142666257	0.5109461725437463	7.079903376608741
PAYPAH	0.6578845869088923	-0.5358075288419721	-0.22086846057071846	0.1611541540507499	6.037928663938595
PAYXOE	0.7471100395179988	-0.4643035604944102	0.31521218132907347	-0.4329193296589806	7.879260936945446
PAYXUK	0.6088102637935249	0.1118624155606747	-0.28930777378657135	0.5055673564848262	6.600613396811976
PAZCUQ	0.5067137496367033	0.14598418035940045	-0.3475841811651266	-0.024376001026688125	5.955959726600741
PAZRAN	0.7640379049448072	-1.092845480525496	0.12319055089957684	0.11883351690976665	7.3091783304226245
PEBTOH	0.42399864435801593	0.056225458222734434	-0.34830297520284054	0.09790018803873313	6.036026787658644
PEBVEZ	0.5357463949382852	0.21130197658054717	-0.16847431108774025	-0.034976407758427135	6.550969325147687
PEBVUP	0.8692166227769258	0.7417654093465182	0.1816796081581815	0.19699090279302173	9.384640047879895
PEDPIY	0.676586829902238	0.05533278837207577	0.19191582715175287	0.03068242047311604	7.462021358487999
PEDYUU	0.578171604834143	-0.5229895749436726	-0.3535663168815378	-0.21477154019329664	5.55249281540638
PEFSEZ	0.6931284743358379	0.8198959693635635	-0.21823725112868642	-0.14836395729625448	7.9731500653317715
PEGNAQ	0.7204126550947683	0.8845614579548005	-0.043111229518527	0.31672421699100406	8.67126996608893
PEGQAT	0.7944784752706431	0.8833470275094473	-0.2278291001205739	0.05445000967022558	8.5315343716419
PEGQEX	0.8544161470608893	0.8733967736750679	0.03145087324058722	0.11693158442406651	9.180004030811439
PEGQIB	0.7489010205070166	0.9943540039211052	-0.3629554502752039	-0.026119029807788526	8.610377014657926
PEHDAK	0.7688915871900255	-0.2067862709758894	0.15555489086660274	0.12562800947209515	7.5198508849648915
PEHDEO	0.6345231476848561	-0.23394288644228917	0.005681139680099367	0.11883602931652651	6.74582319098287
PEJNEY	0.5751148174865612	0.0448745852475409	-0.10069121753801855	-0.035880042849350716	6.518671668543313
PEKZEM	0.5305815409916592	-0.0722890536417184	-0.03035709059117203	-0.12183860070928162	6.396523172960574
PELQUT	0.6412231296574058	-0.32394576846877465	0.09621509438562902	-0.05800184636392284	6.8479996098180065
PEMDIY	0.503529904614398	-0.023247450346552886	-0.042001970170288644	0.13426075075742055	6.564139740776263
PENQOQ	0.8974912993239963	-0.3930192661594358	0.8034464502757026	0.16628793332675285	9.756858304753512
PEPSEL	0.8103878222485257	0.394653720874039	-0.09999661615332142	0.13441247282222918	7.676624956855249
PEQSEK	0.4627977280682245	0.5888408916667147	-0.1026854841264972	-0.010568214977528302	7.030887480377811
PEQWUE	0.9625368400974619	0.33901497744883835	0.5713861427127797	0.28984661695858316	10.37318012376625
PEQYIU	0.5171371779690048	0.3522818241723004	-0.2838940807496574	-0.10533275116050271	6.378318930753827
PEQYOA	0.5301291777646338	0.3344778365322435	-0.28886773391234966	-0.11172722118618822	6.375015472916538
PERBOF	0.5636186553223466	0.05470975007618076	0.11422113995367668	-0.03802357360994306	6.949056672262124
PERHUQ	0.8950627929954083	-0.732555520420821	0.6248720993337482	-0.19473743920107872	9.053782670437865
PESHEB	0.5659982084900701	-0.7427343265099302	-0.3671730385482729	-0.35562982794311593	5.4998464792241935
PESHIH	0.7149618886624296	-0.13723406848936148	0.79329055381905	-0.14871990774960134	9.450900825042748
PESHON	0.692917097941562	-0.16834863058995309	0.3125777658000982	-0.04572392266354396	7.363657776668583
PESJEF	0.5254211058269451	-0.7714352201043113	-0.0020194959099569115	-0.11408013433042499	6.222508540629827
PESJIJ	0.5482870429167148	-0.765618560423915	-0.029631626097539554	-0.08826157452288792	6.19803359016723
PESKEE	0.938386557208057	0.3944121858160306	0.3469452726034722	0.14013467493217363	9.293179761931949
PETHON	0.49962069910866536	-0.46481587409627906	-0.474243240436043	-0.20800456791958533	5.163323822325726
PETHOO	0.5399525568022243	-0.07988014892855141	-0.4304303417227691	-0.03639526067771464	5.680349135474111
PETHUU	0.5697541785625875	-0.1085333968780857	-0.34896147141951817	-0.09325768260287809	5.892332335975968
PETJAC	0.5293031463567672	-0.09626126557023089	-0.3646121947074943	-0.14450631592065669	5.608403380912765
PETJEG	0.5693453483932327	-0.10762405608098415	-0.35151981242706026	-0.09596389414176269	5.898272609072869
PETJIK	0.5593629451086617	0.04706300760181156	-0.4479814254707731	0.041327442715347676	5.75839215900227
PETJOQ	0.6004050685938056	-0.04193381643790792	-0.342110810161537	0.03172142450605257	5.9350600212358255
PEVDIG	0.4185360597037695	-0.545003215418367	-0.18616541937284609	0.12314770050319954	5.620931724216152
PEWKIO	0.7456411669029164	-0.3033879516311902	0.3090061327357262	-0.09118522398067971	7.612359774309316
PEWVAR	0.47423409492324353	-0.8596434689243877	-0.5072039367313463	-0.15298369810618137	4.952409146261038
PIBKOB	0.5940922511417499	0.03116276141138405	-0.14025499806283942	-0.06055311285885351	6.571651421638629
PICKOF	0.5988110924796493	0.41734392029941	-0.38540056543277923	0.10578281077221886	6.7193001608181575
PICKUL	0.6692745375687439	0.4826015936823047	-0.11830397518653207	0.0448266566649865	7.470081856013937
PICQOJ	0.8829552745478777	0.4146478799454341	0.8786443900369847	-0.3589904112590555	10.921174143326896
PIFFEQ	0.8082748110149112	-0.680340964911107	0.23107794051056402	0.19223409074977593	7.781571979575508
PIFJIX	0.7169697477183217	-0.15226475444538254	-0.35313545323944123	0.36671004381162275	6.5047494285460115
PIGQIH	0.5051892418690693	-0.100324629586507	-0.1333971877657311	-0.08281524336167986	6.10604414213373
PIGXAG	0.5360459231492225	-0.0506187564531074	-0.5700238546692313	0.36984305250140537	5.840508019101155
PIHKUP	0.9618910708266766	0.48839616154014537	0.49862436819532485	0.10666110073530839	9.939743705374381
PIHLEA	0.8402752598364609	0.9457847214033646	0.14402389453539932	0.41377953489120356	9.744533954301962
PIHLOK	0.8584384118391286	0.838353511554788	0.16238425425901465	0.43802235085652097	9.573193512934195
PIHMAX	0.9081291023929863	0.7060178324191653	0.3352947412114612	0.124417044007165	9.766026797044196
PIHMIF	0.8351431535837186	0.6297666515712177	0.17992017843959301	-0.17339212967354578	9.011665524399618
PIHMOK	0.6773354101186664	0.5217238822176495	-0.08854826869865354	-0.008234275334109592	7.667522186574594
PIHZUC	0.8373336747784039	0.8569530645573211	0.2676643366257019	0.05264296031600872	9.696956341007828
PIJGUM	0.751886096890173	-0.3897904856045812	0.4597470088316656	0.1626765492246496	8.388291516835665
PIJQAE	0.5418086042682351	-0.7047247047487224	-0.31214724967275836	-0.23382324991346434	5.666319680817219
PIJQIM	0.5077296213625653	-0.04081644543531589	-0.021640277292558463	0.3934550762394575	6.587759690116421
PIJWEK	0.7541949860815551	-0.8850673257337041	0.25402236927025695	0.17772593747381576	7.641160766856098
PIKFOF	0.8138749019833353	0.19473037522915984	0.3427280322790215	-0.12200740176331572	8.443097981039102
PIKGAS	0.8383832726959852	0.24574499502110475	0.3791297856864175	-0.14263653023388898	8.70021073238387
PIKRAD	0.838129813252384	-0.5843923893545397	0.46508314966650405	0.0917006553100257	8.275894739370742
PIKTUB	0.5088533215179885	0.5168161814050587	-0.10724679677616075	-0.07633092404322003	6.983899603511717
PIKVAJ	0.8314497779378698	0.5591453348626818	0.11524582737625483	-0.06601532287205089	8.530692738774166
PIKVIR	0.49579956929405977	0.5311709029142389	-0.11224119928392795	-0.10380738631013187	6.957461642932901
PILVUE	0.9227741991920873	0.42374799995503626	0.4148634811784625	0.24930158195913452	9.33878816797661
PIMBOF	0.8893387787643521	0.6338975317304687	0.3980028889002129	-0.06850430182650286	9.683317448516284
PIMDOH	0.5801942572144698	-0.6439258395026644	-0.5102296287669652	-0.3382855005832355	5.211727261320514
PIMMAB	0.6735690483467192	-0.008484690825175738	-0.40769281100755467	-0.22941587969516528	5.977961809594566
PIMTAI	0.847376052533817	-0.1388010675355152	0.6836666601596744	-0.12062951542562747	9.21229923501567
PIQTOY	0.6087801453465467	-0.285620939194378	-0.5148493103227529	-0.11725493904905836	5.495701397480689
PITDEC	1.0073084089792808	0.19039528668771097	0.646666178696	-0.08584746951992869	10.235821558913136
PITDON	0.6213954121511218	0.8738408094177801	0.13204431858871993	-0.3229079931460248	8.720761109526906
PITXUP	0.8215512677013477	1.1904364083257137	0.2885416295126607	0.358838929011537	10.683069590401749
PIVRUL	0.8494337891005062	0.5512737122243876	0.27142096615555955	-0.07826923671033006	8.96031451373447
PIWNUH	0.5455856529744194	-0.1736664809144266	-0.24624655600330103	0.18620483212179312	6.202723145806624
PIWPAP	0.5573111939886255	-0.15309062408926918	-0.2653422968714464	0.17368623929687477	6.133000957326975
PIWPET	0.5021577262106103	-0.3461234923341241	-0.594906265671836	-0.3356144772622818	4.934540893227068
PIWPIX	0.5440751612640371	-0.32374382429119203	-0.4517485599913918	-0.28158372282467725	5.336705932637245
PIWPOD	0.3851907399699499	-0.3085171376840726	-0.41119451981440375	-0.1680870623466848	5.190987330918151
PIWPUJ	0.37532347230441054	-0.34941990903691433	-0.39119575947381774	-0.19207893606540863	5.176554817345423
PIXRUJ	0.5810766114142565	-0.21218758368849822	-0.27772491401393606	-0.06377861806346194	5.803686992502788
PIYDAD	0.704767313978051	-1.134030826440469	0.019144559359360144	0.036460107862407935	6.790043324667315
PIYFEM	0.7966969578541914	-0.1593011915834851	0.1889650663322835	-0.016325975312093906	7.7057582364756145
PIZLAN	0.627555222541381	-0.11733974023791949	0.2328750974958862	-0.17827331116419887	7.141310536290941
PIZTOK	0.7059638122223824	-1.0041810893782284	0.4396976722963809	0.12299729635547654	8.087707660109832
PIZVUT	0.8323546315629695	0.6484746004481412	0.20460277434740104	0.17501392243845568	8.984686123783849
POCFOC	0.7007623130034739	0.3989344109186165	0.3220023871184416	0.26680165813844525	8.653138096340491
POCVAG	0.4817532320167439	-0.680097973213156	-0.19136588768295348	-0.2575727329633143	5.705829107957703
POCXOW	0.6460566720500633	0.17824763902814997	-0.03762181627186076	0.24615518904673564	7.096878153784616
POFCUJ	0.6361313586715145	-0.6362821757425814	0.05813597707572736	0.05247042616746665	6.5091946854672225
POFHOI	0.8091381132253561	0.02718447216307853	0.724918185962359	-0.0961426974317201	9.60662588656927
POFKOL	0.5714588153034486	-0.03676538961215017	0.0017809859332832134	-0.1312311259443889	6.61753749459087
POFSIO	0.4563688645559507	-0.06078593865710013	-0.6362797316919462	0.24347011368646113	5.453833735519124
POFSOU	0.4486030318656997	-0.20038558773581072	-0.31307762698633385	0.11309878323422513	5.543641796186478
POFSUA	0.38796168380774176	0.2637820388998727	-0.5425982392465534	0.13754993812278837	5.728778682411419
POFTEL	0.44650126471113794	-0.461797100775743	-0.6959753271530791	-0.39943700598550913	4.428161760583683
POGPOR	0.587994428663098	0.5281538891969586	-0.33713230585756426	-0.021302667474016476	6.8696709210510365
POHPEI	0.9570808688593422	0.5217924380720831	0.511091528241616	0.2639884645854339	10.03720596066567
POHTOV	0.48913981822536545	0.5752869892361852	-0.22195606885123859	-0.060444397929430765	6.880106497817398
POJHED	0.6678087054312423	1.2310217512372097	0.025662908947413743	-0.4229710488355163	9.706642669951485
POJHIH	0.5804416097729437	0.7602967144907498	-0.36725508283472613	-0.08295020456786162	7.293048190453239
POKBAU	0.55232278928312	-0.013055263675219139	-0.07892365222352662	-0.1144324430444349	6.4393665138272285
POKPAJ	0.793906020399052	-0.06977521112629731	0.4658187805605731	-0.2339484763414623	8.41843714720171
POKPUD	0.8985160156373384	0.849642906377577	0.47880012159958324	0.00743392501559504	10.444572782254674
POKQOY	0.5793160245894695	0.036001547801848756	-0.11985305284874417	-0.0881611976503349	6.523869166045331
POLGUU	0.8316748970226593	0.1594608763579251	0.3852139633670579	-0.08243300629679524	8.761432797071466
POLKEK	0.7425917367700015	-0.22558288724743839	0.562286851317054	-0.1815433266104191	8.680079797817793
POLKIN	0.6045159497684258	-0.4521089582778888	-0.7534797984453221	0.048263092707499115	5.063278458543759
POMJEJ	0.7216842618250032	0.28204179772142474	-0.0024733425980655727	0.1301956406736679	7.559458096308473
POMLEJ	1.0231411797139858	0.35555230355044165	0.6516482161591095	-0.22746021806985078	10.52594040607241
POMMEL	0.7882725336348537	-0.2203629380984578	0.8389554245080375	-0.050478677933170214	9.756620943401147
POMMOV	0.8037446859977324	-0.594070281232695	0.7500147107681987	0.148483158132701	9.641639281431472
POMXAU	0.6199754459358866	-0.5827197767455201	0.21004635281823877	-0.38826796826161447	7.132090604784341
POMXEY	0.7042844469306218	-0.5806712959181481	0.3297563068007555	-0.10614583508467558	7.596975414533538
PONLUB	0.9003396183892036	0.18434390197681774	0.7702108755499042	0.167509275052095	10.07237962992558
POQSIX	0.6717090420513037	0.1009459618381257	-0.01757788392466486	-0.20544529052799046	7.005760419936582
POQSOD	0.6868216411413703	-0.2050433946740345	-0.0926573157022185	-0.27045966672098953	6.501093848772972
PORJEL	0.4470049525361528	0.4065484491538938	-0.3504483386491107	-0.04098684842751791	6.2233100954947
PORNUI	0.8503095915045087	0.506294586726699	0.2960009431344446	0.25937501095214754	9.089652777728348
POSWOK	0.5133265289485465	0.055088477909941536	-0.1299474985260224	0.17345218481494468	6.454291799278372
POTVOL	0.8016766213379407	-0.3376272321327769	0.12344826280122774	-0.004254216545068408	7.3652315901433605
POTWAY	0.7898520763125676	-0.32466811246509425	0.11968197709390753	-0.035865648526629906	7.328530216625994
POWDOV	0.750506758522393	0.1038703657799075	-0.08801543833004508	0.07998246068993034	7.1018513697482115
POWFEN	0.5237646977143884	0.1552598321567803	-0.34947566408505126	0.07690616840812195	6.30732351778793
POWVON	0.8458510308615157	0.6961555692984354	-0.010240602314314368	0.209015051671433	8.713809124804921
POXRIE	0.4912166558223392	-0.9308101191916169	-0.4229226163356478	-0.34048641208565367	5.2397350977824875
POYNOJ	0.5896796216035698	-0.21401850600732866	0.24615594440249863	-0.06603989235862825	7.254616339423217
POYPAX	0.5876998115050434	-0.22240988904437972	0.24739250887488748	-0.06578363242364407	7.253575853679642
POYPEB	0.5875096809264466	-0.23303216546940775	0.2866684457813846	-0.10753390680858348	7.3217883272744295
POZDIR	0.7300144532491961	0.281123450562768	0.07546052206288784	0.13014824103503306	7.709652207778627
PRPHZN	0.7685438826163677	-1.0116970398691023	0.20308612826505384	0.08363164634403113	7.545132315603578
PTOLZN	0.6445393589890838	-0.044331814693546745	-0.210444520947338	-0.02770745058796029	6.276536413649987
PUBXUG	0.659907300175016	0.46306130561754505	-0.005201307145956222	-0.12969690701497855	7.509630431104443
PUDNAG	0.8647524961084114	0.1723167651234832	0.133076546374722	-0.2715535611107508	8.127525053524284
PUDYET	0.8215962307602336	-0.47755131442553683	0.5624500265020064	-0.0424261514240956	8.680096336978195
PUFJEI	0.5081112263133267	-0.14626409196435355	-0.5015230986900976	0.323490380180946	5.464543639681627
PUFWOD	0.6540696702584317	-0.24873975427329084	-0.2163338470886792	0.10651022204064643	6.347736791698434
PUFXUK	1.0803629465841453	0.02843641793633816	0.9166041251935777	-0.21940892102975096	11.427735196157709
PUFYAR	0.937838982296439	-0.2765084178685013	-0.18157531822913014	-0.23227626394472714	6.986104504788967
PUGXOE	0.8074103157205634	-0.40055179710433103	0.36305470688720354	0.13775863405593444	8.057186183812938
PUHMEL	0.8770733280534353	0.4969915952402549	0.2940367066249737	-0.28263339309071045	9.118616360998926
PUJVEY	0.9571065314909362	-0.4210948800554383	0.27366218489799043	0.10648385697335633	8.258336045278979
PUKLUE	0.918863617558932	0.2117316331875776	0.39194714525084867	-0.333310036683501	8.971452091323016
PULHOU	0.8092619183269196	0.7312295738802803	0.05024469801854653	0.09313987553967341	8.602430490332281
PULPAN	0.5423238689440151	0.1284571850842686	0.03562924868348251	-0.02360296427082395	6.876818106356589
PULWID	0.8463375544016252	0.012648712084023149	0.4327210415700683	-0.13985353741024245	8.690073012103825
PULWOJ	0.892565760744847	-0.7328661746617902	0.6450766759690703	0.26865876889644147	9.278882107810508
PULWUP	0.837688161058761	-0.09998350138683336	0.5381827460497496	-0.20807020739599857	9.035594219400346
PULZEC	0.7618168592983219	-0.5488347259831998	0.556204707155226	0.013743128128169885	8.559206117137647
PUMRAQ	0.5550870385633022	1.1084912579408346	-0.23534615834568978	0.17764671422491776	8.506246795069167
PUMTEZ	0.6149914825136156	0.2794641035029889	-0.48360542489498476	-0.05318608222367953	6.2069135929000465
PUNTAV	0.5241079730071272	-0.25724659274812445	0.045844115597449026	-0.09797298815131039	6.524338548330743
PUNTEZ	0.6331635586696356	0.15639322147078244	0.16906741753926535	-0.08747726438328562	7.475147070612299
PUNTIB	0.3046378286862659	0.47411924546290324	-0.5432079202096283	-0.022618346408998305	5.671475254483216
PURSON	0.8291267614872071	-0.0423760762086378	0.40374083212068107	0.027685985433119217	8.507433760534814
PUSJAO	1.035154414929596	-0.45134952051604144	0.6810903079897697	-0.10697885284476626	10.024175043188084
PUSPEZ	0.5212741731348833	-0.5657709911441591	-0.6860623426976868	-0.8927783436898065	4.968517018894398
PUSWEH	0.5542933422032048	0.15765547022080317	-0.18427866637841844	-0.0337558114276382	6.369534678167724
PUSWOR	0.5749623618505062	0.2668377274037819	-0.23107927046840487	0.006439924200274992	6.51715445505798
PUTDEQ	0.41498028160409817	0.3505855351242998	-0.368506779371783	-0.05135860798790169	5.977836342151103
PUTGOD	0.555847150857768	0.2108784942669889	-0.3404820531657585	-0.2638271335908028	6.363675849091563
PUTKIA	0.5389203676146757	0.03392794116236469	-0.15100809003112436	-0.09047863454595804	6.287393949207372
PUTPUP	0.4030034697902849	-0.19848549379100502	-1.0517536930633054	0.21034290621100374	4.536611431034254
PUVDUF	0.9571124044063719	0.849907635111631	0.617464858542722	-0.09634275878753647	11.041800015712147
PUVJIZ	0.5420250659888541	0.2296584014798956	-0.3275154536104184	0.08243653081011093	6.4648956945822755
PUVLEZ	0.5969708662710014	0.11342188538254935	0.005347763488258064	0.023633595429239616	7.002212437342417
PUVPAY	0.9090706006258928	-0.48543084793980157	0.5509135005221485	0.09527725407975558	8.90008893202471
PUVWEK	0.658513320774837	0.11927445627898392	-0.09553588953696521	0.0672701656973033	6.78410967350334
PUVZEM	0.5497324602232005	0.21928351662773318	-0.24094832827621093	-0.06841056918594526	6.399076627554865
PUVZIQ	0.585048798810007	0.37104073242781027	-0.2639111568612827	-0.02375700648876656	6.7065949884958185
PUVZUC	0.6316347487671994	-0.17286098592787855	-0.13869268397210643	0.13953172272731124	6.3877570861763155
PUWBIT	0.7057959192423828	-0.0011027326848974464	-0.08575956097473592	-0.002063219483717851	6.9212784681901605
PUZKUQ	0.5656475566837322	0.2398899685381592	-0.3209742683473277	0.055621760841864085	6.348122490182329
PYACZN	0.7742591596280164	0.8574512792033029	-0.15976037923731662	0.006270637631497157	8.544920345088594
QABYAV	0.5546235236384831	-0.6807367623316811	-0.2412751648540009	-0.4381624658115285	5.757690141308616
QABYAX	0.6165811498435678	-0.5740796798519918	-0.4289352671382774	-0.3107717975376202	5.477800807684353
QABYEB	0.6151219954331015	-0.5938635628016917	-0.43296320572584507	-0.317747500443207	5.454543883530064
QACCUW	0.5438591156019843	-0.6126521033700891	-0.5893621987696869	-0.3951278817299826	4.981768804923752
QADTEX	0.6614536997554463	-0.9853388639112797	0.05118926099626045	-0.08304310391860803	6.821475277126708
QADTIB	0.6736444899455201	-0.9897607465728127	0.05832958961439673	-0.06298967827189599	6.879575123116463
QADTOH	0.6564637247193019	-0.9889473941008144	0.02812873625092223	-0.078997370508313	6.731881139612375
QAFHAH	0.8442056581724833	0.5677134915139461	0.28773508202873643	-0.08991475245594915	9.063050272550596
QAGFAF	0.5224244330648364	0.37916907097824937	-0.16478622048022534	-0.06767476890637232	6.61987056719559
QAGGIS	0.9432531021093737	0.3718895292771393	0.3050777772357579	0.2047007117975428	9.036318314567758
QAGVEA	0.6160754810671696	-0.4942735067830715	0.3545530789030932	-0.13774615118228672	7.397731066830868
QAGVIE	0.6165713701342623	-0.5146305830585851	0.2911552205747907	-0.07720851583107277	7.1034281915201225
QAGVOK	0.5947243969942901	-0.5576840738357136	0.2639779534275824	-0.08901651912751546	6.988390410735643
QAGVOL	0.8409856979414512	0.6419650805978909	0.29613970714012866	-0.16385319796276687	9.267851981981668
QAGWII	0.580343354374266	0.1831836938410529	-0.3388978852396691	0.02636203157775658	6.270751878359815
QAHNUK	0.8293846062488033	0.7893156664754994	-0.027521862507585287	0.08171777945684333	8.819578980037234
QAHRUO	0.6697484509521736	0.12907451784009516	0.2642781311911283	-0.051317848211674386	7.865179215407312
QAHTOK	0.8649709720283445	0.28421419142865967	0.19049550820958838	-0.18970196195016326	8.319236927489191
QAHVAY	0.8444882367060869	0.6628345696008962	0.03721541619689718	-0.21988231786632767	8.809151466106474
QAHXUU	0.7558462012406295	-0.3834359830711928	0.036678822473176984	-0.22320143675946755	6.897138949061592
QAHZOQ	0.8649056638826362	-0.43424033699849374	0.5870476013508179	0.08196909328876177	8.9773562369867
QAJHUI	0.9139410923175308	0.7524604663491852	0.3666175235668373	0.036488770276955	9.973870975518496
QAKBOT	0.5450828064881694	-0.09333041288691087	-0.08683478459090302	-0.05430053755623376	6.281000577154368
QAKLAQ	0.8838975947773733	-0.5391153555379333	0.7151171249780417	0.03696399841402598	9.319140442314627
QAKVEE	0.881562908398065	-0.488831455406253	0.4835893540653068	0.16656531506220268	8.621170733944076
QALMUM	0.8185756244532252	-0.9278516534146564	0.0823575802674115	0.017333025975454566	7.205380707410507
QALVAC	0.66819118742165	0.11635440729109739	-0.23970727234137057	0.21190160369739142	6.793020161550552
QALXIL	0.451225528338167	0.26633855404375606	-0.3278324570087173	-0.043280806860816506	5.981792490041272
QAMKOE	0.8125012741912112	-0.18833499075595056	0.2880176965376603	-0.21234167406553284	8.059957631161488
QAMKUK	0.8353056117130171	-0.24103746828226563	0.38389885680725205	-0.12669082967528345	8.469864405294146
QAMLAR	0.7645636340288764	-0.2192735514630834	-0.07735932568273785	-0.10163752030223906	6.875565519849255
QAMLEV	0.9429532990294982	-0.13037669129801197	0.4209753086124232	0.02709821127130406	8.99664068014741
QAMLID	0.5003050640024798	-0.009972399980021092	-0.046290669467157625	-0.3290061754626945	6.443045505330291
QAMMEW	0.810620337656176	-0.8762599183371202	0.49894402742746563	0.18085750589178987	8.677364401944226
QAMMIA	0.7886098497492435	-0.8505225788883795	0.47681774646096764	0.12996641715158613	8.499394096275235
QAMSAA	0.553212352658071	0.19176504442047798	-0.3651814686427918	-0.09126550468285533	6.233672644133572
QAMTAD	0.9631038689675178	0.311298230715743	0.5152793474146273	-0.23657153630485367	9.735222288347034
QAMTEH	0.8044998916978319	-0.42350470745929014	-0.04300799659159871	-0.06930289502346082	6.7863075809221
QAMTIL	0.9009095779978873	-0.2620587157077623	0.4268931967094448	-0.276481713515779	8.431661419206534
QAMTOR	0.8929583804696666	-0.9779270490062868	0.5566640528699947	0.12853701080988175	9.14719295969961
QANFOA	0.8092711922416278	-0.4073035721911873	0.37671242465940186	0.16279555907893903	8.112211007408696
QANLEW	0.8199678652829165	-0.4883833065319935	0.05160190015716515	0.2638230752785461	7.167782384850306
QANSAB	0.8992038489433831	0.6029675384509185	0.23242176965572273	0.06256233716122395	9.1882261397149
QANTOP	0.3659972049903759	-0.47088825343340335	-0.8081042378627019	-0.2692516327122726	4.399824634805487
QAPWIP	0.5246960764805255	-0.2701213861117293	-0.3974733116261984	0.2942093349890238	5.6656941460707
QASFIB	0.6541775188517267	0.3615138791835891	-0.16972363151198683	0.02304911194975085	7.088649584898059
QASLAB	0.8660148782662214	0.6527166362268075	0.6297236883196162	-0.359848810115981	10.540352639538774
QASMUW	0.5344847431431097	-0.6611961117556595	0.005609870324651489	-0.18706510244694022	6.302793174680797
QASNIL	0.8114509402132395	-0.13863007474501843	0.5039897922318368	-0.15563305206690975	8.544334856110488
QASRAD	0.5862321159890636	0.44172067229550344	-0.19248608888797175	-0.07439567036406951	6.918423380518025
QASREH	0.7573112546534411	0.4843790421304541	0.047799035406366874	0.24330475983373154	8.091724680433941
QASRIL	0.5602885722922828	0.47543746873597914	-0.28951697681981253	-0.10855457413501915	6.715358635136625
QASROR	0.55512866054878	0.31446888323473043	-0.17690019843836213	0.0446850375091505	6.706862240018982
QASVEO	0.8029839364837716	0.930021189288545	-0.13218991928717777	0.15563904327030587	8.842460806130928
QASVIS	0.8600783980748794	0.07857677418466275	0.6889111711118414	-0.17917439972994645	9.756332225573713
QASVOY	0.8521042328695838	0.6800471182529197	0.14437641524328101	0.29265178933940206	9.10528838931069
QAVZUJ	0.5184394259145026	0.22970355818276572	-0.6285907829195887	0.13549727696410344	5.709999764665055
QAWFIF	0.5740199599390658	0.20954992670681988	-0.11669389767903254	-0.09815376543899852	6.660801632443555
QAWGUR	0.500443685777447	-0.31884929684544283	-0.47329871860508094	-0.16108151269951096	5.263453943830921
QAWHUT	0.7331114093851063	-0.3904487743099213	-0.02645777774179181	-0.16568144544571292	6.780824176279943
QAWJUX	0.9821410414057041	1.2524343381592884	-0.024479238218942878	0.03262503143339735	10.690728226214977
QAWKAC	0.8200852806562544	-0.6363042604763922	0.08506061661586058	-0.050496493799644875	7.374109577154492
QAWLOT	0.6263840558140856	0.189759018166317	0.186369111901	-0.20153207727699327	7.5120500802460395
QAXFIF	0.5244516615440089	0.3309391263645562	-0.30058849124739984	-0.10501181323242793	6.344867394786919
QAYGOM	0.9071618566169493	-0.6214208143113664	0.6614389225097037	0.03269418355119409	9.28488795430873
QAYKIN	0.911713965730371	-0.03491615047288982	0.8220810403044689	-0.11412193531776754	10.234943829208579
QAYRIS	0.9630245717868338	-0.12943703542287305	0.23869720034153497	0.06496145905075554	8.199538719479095
QAZQIT	0.613148102690614	-0.0297093406369597	-0.16113851120144485	-0.02468563495123672	6.412398050583042
QEBFOV	0.7996907004534473	0.7442417347902179	0.01221614098960648	-0.13008093310561752	8.6597607027608
QEBSAT	0.5517033673202079	0.42130221042753635	-0.25629666522190225	0.04494321328667084	6.779678167939452
QEBSOH	0.9174389765289046	0.1965174133120951	0.3818563835996349	0.03410457822797113	8.933269426793021
QEBWIF	0.5341112242620092	-0.11251338607362238	-0.16888963581309857	0.07992620305951735	6.325119599967135
QEBXAY	0.7086160172123135	-0.035506584006095035	0.4953188609147467	-0.2106471978909348	8.373503392180215
QECJOB	0.6544831633327179	-0.39797805360378635	-0.4352179337503506	-0.35627719124372603	5.750440017559658
QEGZOV	0.7757503004363446	-1.0754495143417797	0.5089659165743223	0.11726235013286243	8.845735018963122
QEJLEX	0.7741032977946745	0.2398470005979047	-0.12892316736256831	0.10190059520018441	7.22849073367052
QEJVAE	0.8040326437770506	-0.6381393689248309	0.4108614277098181	0.046154067187059805	8.096150570682271
QEJVUW	0.7306125183669945	0.06932597706430596	-0.09495383100883922	-0.04441212615538573	6.932971082828633
QELKUQ	0.6077100453749162	0.44243805525737956	0.07036080034304487	-0.07212898180154947	7.517204992925111
QELPAB	0.8555822759207281	0.6565041389534845	0.17192845330630013	0.4020122061008423	9.166990396354397
QELPED	0.6067175760713708	-0.008243705775074026	-0.31821162791830987	0.006157553772080833	6.10583427550136
QEMDOB	0.758777226640472	0.19660993087447048	-0.03451294066624827	0.0831144982625142	7.297429088349507
QEMXOY	0.5459314783900053	-0.76287800698204	0.006806415718309783	-0.08853196298116102	6.298262441644735
QEMXUE	0.6005130748287737	-0.001107242547586814	-0.4397418457749705	0.09569840286014392	5.895967824637751
QENDUI	0.6823210715283246	-0.5425277141855909	0.1748125302185311	0.0133321451108683	7.052686242989707
QENJIG	0.4915979650762381	0.25544633972744984	-0.6038872303026912	0.16907470138320307	5.833603902139275
QENJUS	0.7633895714056713	0.6475302859078933	0.050232407421077235	-0.14315401968550623	8.301789852437995
QEPBAO	0.8556012965759701	0.9585297569686908	-0.04648604005512991	-0.0665376474553645	9.362723717108121
QEQHUQ	0.9416260013902233	-0.6441836730440091	0.633935830539293	0.1604343408693532	9.825117814475227
QERHEB	0.8286049195980922	-0.9944326124094629	0.5258774546786062	0.36328349836618257	9.109637906583048
QERMIK	0.8279691676549303	0.0028407607751269777	0.869715088547778	-0.20977142854204883	10.136333313678326
QERPAE	0.6752546329264586	-0.6906091166879014	-0.3021085397586353	-0.2128249796308799	5.89306316992498
QERPOT	0.5597658799082303	0.16543374232402241	-0.40725796933064745	-0.14218006875042472	6.100133912826065
QERTAJ	0.5982466242558235	0.22287417080437716	-0.19122404941615068	-0.06167193595990187	6.631815171960861
QERZET	0.58386456978283	0.12095547354913308	-0.2594346617716121	0.13253823841220583	6.417976564324403
QESLEJ	0.4867570014189848	0.5930434815450949	-0.4591529317319066	0.11168141066078495	6.620411850855513
QESLIN	0.4905554166854271	0.5691054848219046	-0.45108853441595703	0.10884638198450244	6.594506506622452
QESSUC	0.5507619617755797	-0.5267543389098217	-0.08436469471775407	-0.3295542659015386	6.051415157770323
QETGIG	0.9154573973383604	0.4171670776452685	0.2932270861157602	0.31690324618517773	9.308853188826818
QETGIJ	0.617265970000668	0.3951475774035837	-0.3985814053962094	0.12804745438586865	6.713764077702058
QETGOP	0.6735128287426448	0.4962211115888466	-0.0939616247693878	0.048245174450548746	7.5684185319249995
QETSUE	0.6172069679370038	0.6911922521760672	-0.02093923523087357	-0.1811636887496336	7.847743105756932
QEVXEV	0.9227244845873166	-0.342816520888067	-0.19392662570302321	0.32394330159696694	7.356516828379989
QEXQAO	0.7400767938482016	0.12169824609591098	0.10833439239148827	-0.09981862984460567	7.571117333267815
QEXVOH	0.7073670396985676	0.49558331342885836	-0.24981090469301387	-0.10516230648200943	7.248390438376736
QEYJIO	0.812059093908891	0.7817237843481841	0.1999384126873775	-0.14132869435316442	9.240004624213679
QEZFAF	0.5779412986202583	-0.0953330903279513	0.06765727230815291	-0.3211858559626686	6.7761119171588655
QEZLUD	0.42226254309160804	-0.04267406596781523	-0.6322022698119383	0.5531375053947292	5.5335123478709205
QEZWAW	0.4151635622345502	-0.32632097270628324	0.017992170462653	-0.03816649800271612	6.100454849447495
QEZWOK	0.5453491061823037	-0.7708289213743333	0.018213803937179904	0.06968569968935436	6.459943936037911
QIBFOW	0.6029599946923909	0.8256795248707303	-0.28579627526802737	-0.21512786150502755	7.720251676677515
QIBTUR	0.4661302123664983	0.5844579549600759	-0.4522923777697427	0.13012364645857846	6.499919089247037
QIBXOP	0.6748601960275664	-0.06442829144553311	0.2430514610117585	-0.2125128263386035	7.459981620950191
QIBYUZ	0.7962168009639221	0.6283697544222215	0.6385315409107513	-0.1568784297564851	10.153698066186635
QIBZAG	0.8023070771233325	0.4938354918516788	0.6541176625570215	-0.13384796165881718	9.9928702792173
QIDROM	0.9764152725825124	1.2507497098802787	0.48703103969333195	-0.3198934299123113	12.020182070645285
QIDWUY	0.4418124897253861	0.03154530339057019	-0.5421265917098228	0.04059170722519269	5.572473913265286
QIFFES	0.4230105551903689	-0.4617734328440577	-0.8145046803572251	-0.10411504771706953	4.479816987264315
QIFFIW	0.46183357844477513	-0.48489549128602677	-0.8003051806650698	-0.04321688498259648	4.6548328785940685
QIGGAQ	0.4248008791789104	0.29139877941798653	-0.18775707448564177	0.13408109366740995	6.483928610389519
QIGGEU	0.4928981652690707	-0.013287393639405242	-0.32578774815829836	0.03713944940739012	5.9211936045163345
QIGPIF	0.6575440557215337	-0.5332398428519995	-0.34152251915973303	-0.2617053677428456	5.691426425497298
QIGPOL	0.6686314016066994	-0.5354978015243956	-0.33690193550253333	-0.28555534239659774	5.693725239553964
QIGQOM	0.6928817526983613	-0.5448597488563982	-0.31760502025685394	-0.2423223240230538	5.791262632286681
QIGQUS	0.6714310741350538	-0.545775926080692	-0.32888400723308475	-0.27438516174657623	5.755903276871374
QIGSAD	0.4018191862611751	-0.7409908691255547	-0.46231868734567666	-0.3072551159887128	4.7297342956119515
QIJLUT	0.8027494407891753	0.004375466709230037	0.5110389395959946	-0.03574969986598705	8.757456400685252
QIJQAB	0.7577464695782075	0.5243197467323026	0.09360187136146779	0.03958495535479812	8.102249759893214
QIJRIM	0.6239364052593492	-0.4749289142251521	-0.44470593543728837	-0.296295926034401	5.422858437887103
QIJWIS	0.7127508454025948	-0.11737390714368567	0.17501573351876898	-0.14970983182023265	7.418407729646548
QIJYUG	0.8966471536191865	-0.07363341952945948	0.5510185799957441	-0.05927179993158715	9.328203381157799
QIJZAN	0.6745232509200374	1.2308422937803258	-0.3280965144483143	0.262063743948861	9.154588028425113
QIKDEV	0.8917600146769198	0.18124060440996093	0.506566569034089	-0.18452781440798385	9.363068979503584
QIKFEX	0.8783768331027844	-0.6947360496002828	0.23380551205314937	0.07565151468864274	7.782152755761227
QILGOL	0.9145824966351483	0.3880869556054135	0.2747039598737281	0.33334401612347353	9.177747308435247
QIMPOT	0.6157778888968668	0.07904629854363406	-0.12551211789167382	-0.06940460672937601	6.671897457307736
QIMRIQ	0.8364619754572553	0.5572799596104925	0.2047011053226664	-0.045148292824447336	8.768635034075864
QINJUV	0.5643279921189333	0.08654679622116596	-0.3063180800465347	-0.031848226716678626	6.099543227762763
QIPRUF	0.6946137063287292	0.11257994759988751	-0.031782744579151395	0.012464356694107	7.03652815040359
QIPSAM	0.35481716552143183	-0.04708241274661035	-0.35597437194748205	-0.3244499958127267	5.37687465883324
QIPXES	0.6185407391561064	-0.6699264958092361	0.020060679293450484	-0.05917299785764815	6.463256267101697
QIPXUI	0.5613854326160821	-0.7976221212160377	0.08321157396371809	-0.03845812772621944	6.915182964129857
QIQDEC	0.5652627014560334	-0.5766445497894981	-0.2515708023286115	-0.1175849441731501	5.647710047618827
QIQDIF	0.7997372524885833	-0.8292201604465255	0.45499088435722557	0.1754771450047214	8.3426648787898
QIQLAD	0.924041771695248	-0.04596502800633602	0.4672365408362345	0.1879207177717816	8.965940268307824
QIRFUV	0.8643846344158916	0.697939717198536	0.5436113274895912	-0.3220239647162946	10.165547132312351
QIRJUY	0.5686300968299376	0.27958144872022644	-0.13473015000766633	-0.03693468127705664	6.675933996977573
QIRKAF	0.5546492234290437	0.21592058567277983	-0.11884549605337286	-0.09198041718905402	6.600319559939566
QIRKOT	0.6298513645272017	0.4291163101641331	0.08445746810667933	-0.1268003747908324	7.634173442704989
QIRWEW	0.5681615392396733	-0.2342283466173063	-0.41677128496898047	0.20831443787954856	5.712383589177424
QIRWIA	0.47327666410308566	-0.7038116383775823	-0.8582893325491401	-0.28693043035820665	4.471391121827509
QIRYAR	0.6835957634503433	-0.3699304722676996	-0.462200693242623	-0.18637209959735404	5.691226372684459
QISJUA	0.6077879987300232	-0.06416881155888929	-0.42526299327300626	0.021822026442363265	5.81748091605029
QISMUD	0.9101555164424333	-0.2290474733364246	0.5313753031112076	0.13816320133477028	9.076271742426858
QISZAU	0.6726512145046559	-0.4537496459361064	-0.2520990042646273	-0.29015302365214435	6.037866355727916
QITKEL	0.6276551662321506	-0.6084863634092037	-0.2911213248048449	-0.16797926853585277	5.746632470975077
QITMEN	0.4453171273193144	0.0131853886455339	-0.5765104992498076	-0.012349556953483037	5.309557047801231
QITROB	0.8470319580353323	-0.36236127222385484	0.9203303647133767	-0.03998084052672786	10.11758711700142
QITRUH	0.7921483197179082	-0.8430915749158461	0.8026147896089717	0.15957780725408377	9.687705312740437
QITTOE	0.5835553452727256	-0.5439787773394322	0.07327932912906784	-0.10683941717424841	6.631811833842664
QITYEY	0.9213600110302957	0.34603296670347555	0.33947276980251473	0.2403925641607133	9.26464067271081
QIVZUR	0.7343962409126652	-0.24151935174854786	0.3424840908338505	-0.10329136386833772	7.70411281939302
QIWBUU	0.8195252328539695	-0.12698060817019974	0.8243216800432276	-0.32787569195871746	9.86554341368623
QIWJUD	0.9367321771205503	0.0004642646785462286	0.6013305926662944	0.04584289708347544	9.521851958628229
QIXJIQ	0.3993426311289747	0.4594706274014129	-0.4154356152841084	0.3029908000977083	6.333419100078721
QIXYIH	0.9397501300378241	-0.3715021529903183	0.7128563502194158	-0.21462519419290085	10.001696330979737
QIYBEG	0.6946451059389132	-0.4662319333278947	-0.1509779874216866	0.17592830793223005	6.569242292974196
QIYBIK	0.6825056855779765	-0.29556240142630863	0.05466811142187084	0.3812649958203742	7.09022837822111
QIYCAD	0.5913625787541479	0.24315430310838043	-0.1620098703712733	-0.05641548451022492	6.607737956057986
QIYGUC	0.8278564203897316	0.09366638446449427	0.045501406428393815	0.021140712974663356	7.577991503795599
QIYKOB	0.742303342534151	0.17423278107866433	0.4089780002986475	-0.13898744529777254	8.35805667077539
QIYLUI	0.8769703893527314	1.0983688995491425	-0.21448075385847704	0.05772672324558352	9.647961075585735
QIYYED	0.516969269448758	-0.7682090969578463	-0.8693435776680394	-0.09416812016024395	4.568811328035721
QIYYIH	0.5269532006272648	-0.7286986527738291	-0.8572694468347151	-0.09274301410636093	4.606275730393702
QIZQOF	0.4954667703903759	0.03688395679453443	-0.3260401895145217	-0.08559276490245285	5.8515221759787135
QIZVUU	0.8003605221028476	-0.3925972838499201	0.09380898847690403	0.2207499529469964	7.266946516271227
QOBSOR	0.6134062954140287	-0.13987893336617524	-0.09489979173222737	0.17904089008329271	6.645052536493249
QOBSUX	0.7606723747539892	-0.09905522259998645	-0.26488933467052644	-0.1089825845296556	6.527873325648193
QOBTAE	0.7748327871759981	-0.16243753634233904	0.10096900426381747	0.1740780014275648	7.541154474025256
QOBTOS	0.6569882898129906	-0.1274114944615855	-0.009404766858602101	0.13106102523754934	6.960639008801152
QOCFOH	0.5679496972294142	0.09634745552225187	-0.2459468532773132	0.04941951038961655	6.349092332723309
QOCFUN	0.6095628668641995	-0.14484067209445625	-0.18703042006760606	0.10222847073068672	6.346901283706122
QOCJIC	0.6936474292613504	-0.4393119171469126	-0.275966603072512	0.08291358528429167	5.895026727055598
QOCLAY	0.3826432211190305	-1.0828833598292225	-0.5593117658912365	-0.38994701532868636	5.003153131280044
QODDAP	0.6777670607614574	-0.3603580088106136	0.044265393861915844	-0.09674712108316989	6.752394704411945
QODLAZ	0.5618151281961481	0.21586275482505193	-0.12355720373458823	-0.09628047972985743	6.609155182733611
QODLED	0.6886028161906408	0.7819819710251117	0.5142615800835639	-0.3416760958329629	9.734099752570044
QODLIH	0.6024038007312278	0.39797361159486017	-0.14210667843993818	-0.11462003871143304	6.960390351018809
QOFFEA	0.660171577659523	-0.1896531540505031	-0.25950497182565074	-0.26999705658699447	5.992526424617365
QOFJIE	0.7684917554684549	0.03921269257604639	0.6900817925819698	-0.1672591084504263	9.318080142566128
QOFYAM	1.0212876421037222	0.10646378345490873	0.667656827382753	-0.20317041516668857	10.255165141456537
QOFYEQ	1.0305912992994735	0.193313079747925	0.6982362023941633	-0.21217178402860645	10.51382895012992
QOHDOH	0.8060004227376032	0.39467015641112413	-0.06675009720959338	0.006670317116630423	7.836259515546398
QOHHIF	0.8658480585709132	0.26740757867842396	0.5670605958523609	0.06280050424211465	9.409657274916105
QOKWUK	0.8286459697208484	-0.04112325245497604	0.028652342139911538	-0.07305450040340623	7.410827616327073
QOKXEV	0.5878567509783341	0.22676284371955585	-0.14570527839023928	-0.17237124154196848	6.690227344302027
QOLDEB	0.8207746995195775	0.6454868990107372	0.2093555382680554	-0.10190320789961822	8.918312289311192
QOLDIF	0.7589468172546674	-0.2999251529758681	0.12068118301719741	0.1282130239764948	7.208169934687307
QOLGAA	0.887570611746261	0.4428494182210692	0.22426069690499129	0.22397608882332984	8.907611403358274
QOLMEK	0.8949654235261253	-0.3212214028588331	0.10722972787042895	-0.11647125969487766	7.591718649488017
QOLMIO	0.837008240154737	0.6223281006976891	0.19240129238662582	-0.020878217039541243	8.895749397438989
QOLWUJ	0.9135136322796571	-0.46476129153624873	0.272285057864591	-0.07144010947757172	8.181589725072289
QOMJOT	0.561985288413057	-0.480713858369239	-0.5275357227967026	-0.2835061796317493	5.288512406867979
QOMTIV	0.6078590368130508	0.378003242776218	-0.051590697576263805	-0.04261625724349203	7.165251007253917
QOMWEW	0.46584053335523556	0.07745150258061057	-0.39246912321971456	0.05127125837531753	5.741850834278118
QOMWOG	0.35472555170390585	0.3579285494329629	-0.38732341718269553	-0.21522063747033807	5.870358897281135
QONHAD	0.620035784193484	0.903514119637348	-0.007502141631904075	-0.2821977860650483	8.464147712371402
QONJIN	0.5499011026399652	-0.22937088151356574	-0.368670696413775	0.3706869344428102	5.74930570166665
QOPNIU	0.7140163083261895	-0.8875248428919045	0.02551730497731841	0.21880528984229	6.766177263623738
QOPVEY	0.6746935434037749	-0.28701968766277847	-0.05717932757109495	0.035308290753600154	6.7716434271741965
QOQGIO	0.6409108616379848	-0.37140451937946706	0.09153320299145687	-0.11283417878781629	6.913271975827692
QOQGUA	0.5206093738805855	-0.1973703705351454	0.13866428178396695	0.08391991457506709	6.949115000332126
QOQYAW	0.5856914903777142	-0.0401982991377946	-0.1811187075902982	-0.03493044947960466	6.2246896424014455
QORLEO	0.7087598905067054	-0.22907683798012357	0.020022949956252895	-0.22428866187843188	6.877159435850448
QORLIS	0.7153064790700299	-0.22907281131771223	-0.0034328944570199	-0.20443308485604472	6.813379219916147
QORLOY	0.6738295559352272	0.05479362479870761	-0.2862121605317026	-0.039273165970922425	6.382237014108653
QOSPEU	0.5899628091513955	0.9841475079339317	-0.49246176301777306	0.008358010101458545	7.813532650389039
QOSQUL	0.7168170004303978	-0.9384404607802304	-0.03401705158214219	0.20008848854216907	6.66674690420814
QOTBIL	0.42234663666777195	-1.1045213878895703	-0.38475433219061894	-0.4006822369752765	5.324664206672604
QOTBOR	0.46681394681435506	-1.066437851519506	-0.32917837097605973	-0.33929348930618963	5.480817604045603
QOTBUX	0.5066708264623747	-0.9328825102728626	-0.3563063134474949	-0.31299738970151114	5.435634214265856
QOTDAF	0.8470074221858441	0.4518704037998525	0.42485611655490046	0.04705597144766269	9.186570564545976
QOVLAR	0.608566361098708	0.43448329759857235	-0.32774035402770363	-0.08813551137705637	6.749160513262331
QOWGAM	0.5747094608414907	0.0660769224690561	-0.27361784536802575	-0.15135496125316628	6.149315257576605
QOWTUU	0.39167746369099543	0.9778056703179643	-0.5693121708666384	0.24411645202810797	7.315837890310272
QOWVII	0.735106473948222	0.46742467211180844	0.32472395440153073	-0.2362837552412958	8.864391713386812
QOXREB	0.8384873873376932	-0.5059466676803374	0.13677906968287848	0.09309520894244011	7.3855420920594455
QOXROL	0.8426099470969763	-0.5277087861227401	0.1763329664451707	0.09005752698734243	7.512836794674431
QOXVAA	0.5228141156068	-1.1880581634107545	-0.07552173936593637	-0.05379719011410638	6.315369368289889
QOYKAT	0.7029145288687362	-0.4091253253018219	-0.03053264747340606	-0.2549014090228895	6.633005359419985
QOYWEI	0.5115000663143494	-0.8161774716537766	-0.628684814133849	-0.1881313014213487	4.975033258711974
QOYWIM	0.5714158933964608	-0.6290081798993608	-0.47858769827539	-0.009396392156252126	5.396336432313378
QOYWOS	0.5687972034581144	-0.23506087986675314	-0.45063869892195757	-0.023069355109011685	5.525091581961393
QOYWUY	0.5927366455910565	-0.5917052334230588	-0.4615636101197496	0.17186706241730212	5.38684054032524
QOYXAF	0.333236137656864	-0.83374771847799	-0.5666073570879606	-0.3545032448993237	4.527180176633927
QOYZUC	0.5309171241203003	1.0326648727969863	-0.021275773085620425	-0.0858509212788569	8.522278086555287
QOZHIW	0.5715290982108128	0.051365817184431395	-0.7041715777553375	0.22481340037484246	5.636184738377278
QUBKUU	0.8436103002431583	0.24556876478598277	0.1617512399137933	0.18736390449613613	8.276075263332187
QUBNOQ	0.6961155924344782	-0.30565654621737215	-0.16338757536186932	-0.014929450516028137	6.26372313353138
QUGDIG	0.5477232290091161	0.2279244777415972	-0.22143986801289062	0.08596168532114182	6.504690943010405
QUGDOM	0.6173179787737029	0.3001416361070671	-0.2560899605481079	0.10907593432436377	6.716627329225386
QUGLAH	0.5861101072904589	-0.5234644982166428	-0.47966022946677606	-0.43645456676031313	5.464816350878526
QUGREQ	0.5126481154847724	0.2550113758661539	-0.410063739074677	0.0009158096807267008	6.001449370963012
QUHKIQ	0.5236148547945705	-0.7655406143998251	-0.22103355446946477	0.20765027171757022	5.484589324784213
QUHNIS	0.8421312531481586	-0.5991500599812476	0.833377837135217	0.14166746936174432	10.087130000055128
QUHXOH	0.5532410782719772	-0.5438305106785892	-0.521959940461111	-0.08399252810230531	4.987504829775764
QUHYAW	0.9038279804892744	0.7376083476180246	0.3371026508520096	0.07086228240407823	9.777678218133346
QULQAR	0.5814776905363432	0.07778430780752056	-0.12301302432575034	-0.07991254518362122	6.57377663774129
QUMDUA	0.9563218227918266	-0.16393969322538113	0.5858479080517422	-0.3228782280334421	9.325210501352663
QUMFEM	0.9602428184952974	-0.12752213033250656	0.5937398694539522	-0.28814122858512925	9.663586628965572
QUMFOT	0.736048368776407	-0.7668302557227322	0.09650619372441971	0.28013074346307465	7.216350926875755
QUNBUZ	0.5993026823433389	0.69483912989321	-0.3223436324234769	-0.047755990319248834	7.324238285815242
QUNDEL	0.8687200622364379	-0.006534696037526716	0.4971822199675691	-0.017084272902318176	8.891894745456707
QUNDIP	0.8210027874385153	0.36341677690639623	0.44786843222603695	-0.18319637587406357	9.027459049464282
QUNDUA	0.7552523946978926	-1.1385729699926657	0.13676079871340954	0.13703325745852965	7.395834081884099
QUNHOX	0.5373344014101002	-0.2123196094366955	-0.3844818005653097	0.5164542120626912	6.0541304502152995
QUNHUD	0.6130850415130009	-0.36221060606907896	-0.4583623258493606	0.07551852281979576	5.594433728689163
QUNHUE	0.6370427350844254	-0.5726371979646356	0.11660099490049773	-0.073414652594238	6.7452368315089934
QUPVEC	0.5150658272519264	0.5771392333990033	-0.09706802005007789	-0.2545082804386455	7.216862479867683
QUPVIG	0.7243398073392644	-0.7455288948340957	-0.2004689042956742	0.17615796838038106	6.470540860435416
QUPVUS	0.7350010596720242	-0.09893850864842989	0.3580792823799721	-0.1281707986992003	7.824197374692999
QUQGEO	0.6212816022545331	0.00042794607199812124	-0.2595853685304931	0.047105386571289154	6.371414495842188
QUQKAQ	0.5690537868147683	-0.6652206819299633	-0.5569846835180687	-0.24625554745028846	5.027697545390895
QUQMEU	0.4936669994621301	-0.5432486152390485	-0.841471666208023	-0.004108342008042735	4.519922036736448
QUQMIY	0.4676929126396985	-0.39543459280736903	-0.7026606530090196	-0.006191353363531087	4.671406469787996
QUQMOE	0.6557144604332832	-0.556574597228179	-0.28740168794412213	-0.34327132764722446	5.771791811957198
QUQTUT	0.6733888088224189	0.22020473297618226	-0.09119689257878616	-0.02018085805889982	7.115083783243098
QUQVAB	0.6168857689596354	-0.10570853898425751	0.03100497879020049	-0.25415785401612356	6.760984757309355
QURFUG	0.939269959466766	-0.24425297874674554	0.7695934755088716	0.02137772181432424	9.893760257372541
QURGAN	0.8643693860523411	-0.4380590490758085	0.3587701996149999	0.1257265471485221	8.203529711044151
QURGIV	0.943885172919793	-0.422040343652489	0.8879476181902821	0.0431208481996992	10.384833223072436
QURSOM	0.7855817711237831	0.6172461925739394	0.07944266448211335	-0.021836112330868504	8.440940386934347
QURTED	0.7851968650378449	0.6188305045617315	0.07812331333051353	-0.02243768626356501	8.440428157408501
QURTUV	0.7548297293696216	1.0106190542171474	0.12641986932916535	-0.04564803780004688	9.547403672951722
QURXEI	0.6397136037619706	0.1135817705190858	-0.2956173114351163	-0.10183119761550491	6.409519210599387
QUSSUS	0.5962422849334317	-0.45720986881712006	-0.1584445714667314	0.16174556814669136	6.108486712562973
QUSTAZ	0.6035191334924104	-0.504325524840616	-0.12632055654795213	0.22647634517455834	6.216193085461454
QUSTED	0.607960850652951	-0.4579220232522155	-0.10152230690441275	0.19312787437434284	6.274007758411721
QUSTIH	0.6084531394722594	-0.4942391444898492	-0.10881317912204866	0.2281564757634093	6.269827448427103
QUTKEX	0.746419749795983	-0.40107744783708243	0.6630510453443774	-0.3655065858043095	8.786675629130736
QUTMEA	0.528130845213366	0.050083155839489885	-0.18394595289736704	0.20412460120856735	6.461421719551817
QUTMIE	0.5417885341443078	0.3021048460591678	-0.18077903429800035	0.25325987001316874	6.915144018465746
QUTMOK	0.3723482188348246	0.08809407074377781	-0.2854399460311557	0.21861210628290156	5.908872595165922
QUTMUQ	0.561289290611767	0.432666918241622	-0.3172477477882274	-0.07138637603853841	6.657463078425131
QUTNAX	0.4152223218483293	-0.17993817742793447	-0.6169531357007185	0.01495596166140141	5.005998267144002
QUWRUY	0.8352435064518078	-0.01565635840457196	0.7524375076317329	-0.24632133711222373	9.582576065007016
QUXJUP	0.8436319356343089	0.3922598499123787	0.7619793693103003	-0.2931970359086534	10.354329042159751
QUYDIZ	0.8983874033145858	0.41615700510068254	0.2866000151051867	0.2600883569738318	9.209795759336037
QUYPIL	0.9447835455581766	0.11424232667485643	0.8587809960319894	0.045251077511089505	10.581081942884536
QUYXEQ	0.7263390548504187	-0.4543149740343415	-0.2846924155142112	-0.22026775424981507	6.092258060998189
RACXEZ	0.41024817625580656	0.38074082972094675	-0.6435983281220459	0.07469653220276239	5.6871608957382955
RACYAW	0.7454647710426574	0.21923197126494812	-0.07839083847772615	0.0876551620651291	7.136513414143809
RACYEA	0.8085365911986822	0.4970902919661208	0.013559920888455992	0.06300791027536311	8.208152156174316
RADDEI	0.5298130613680527	0.3956997335415372	-0.41984692590718536	-0.021816986598062534	6.373713905940572
RAFPOE	0.9270716252366924	0.2851609252181774	0.33423875600639846	0.2782914174271581	9.230015187443811
RAFQUN	0.7811543628541164	0.8722330208878106	0.9664480290886144	-0.30662229821742004	11.74645895568494
RAGCOR	0.7831850765459203	-0.04554796035570959	-0.04571550346572892	0.3112422204154526	7.162365652849002
RAGCUX	0.7834599832155167	-0.01649585524332332	0.15873401819628113	0.16956336408743433	7.730898060244311
RAGDUY	0.7212514989133396	0.6456560955205071	0.20019199960635087	0.028491775377227815	8.695236302778953
RAGKIV	0.518864699805901	0.18841638270841893	-0.16061911080710212	-0.12235952575293575	6.3565212090994665
RAGKOB	0.4888132338095046	0.17104255937749938	-0.18651597479531745	-0.11791371332549927	6.216584216180327
RAGKUH	0.46842056249525843	0.13831170338849783	-0.20344841031224226	-0.1251902915153908	6.097686678667332
RAGLUJ	0.6236923420912692	-0.41053554059110875	-0.056618864178401535	-0.09083503163571761	6.290659741319578
RAHBAF	0.5343761932296855	0.0733584020874283	-0.22484101930398553	-0.020080660156689082	6.1489382586797126
RAHDAJ	0.5364262833736833	-0.7578546046191348	-0.10444495069342571	-0.0903676348415059	6.008143116105619
RAHPIC	0.8679937406526026	0.21062336532635303	0.6006938556809567	-0.14825439973314156	9.492282393991385
RAHVIF	0.7210661974824504	-0.5232458334559111	-0.47437399554693044	-0.2745968026205957	5.527852670248547
RAJHIU	0.8568845169060593	0.6156028356876093	1.1032343392337756	-0.2128572345469104	12.092705852826434
RAJHOA	0.6344069649579671	0.06566417206343277	-0.17151640365333537	0.07946216934535569	6.722342739222958
RAJLIY	0.825796435659564	-0.6333903542930008	0.8168295822650824	0.09739031956653067	9.973833741240464
RAJPAU	0.520672787953556	-1.1888089095650034	0.1925629042862005	0.16071072110856519	7.298702470883022
RAJSOL	0.5536269084770673	-0.3160501413297799	-0.3569909906456585	0.4204582327965304	5.9173356575023845
RAKROL	0.6214982763613159	-0.31509663720997483	-0.2451074328059693	0.008702142334535999	6.064593043767379
RAKRUR	0.5637053801692851	-0.09782841973798435	-0.32034963615832585	-0.01741482936186542	5.896199899479302
RAKZOW	0.38785288161102915	0.22494111495316083	-0.35174666453313874	-0.16186820356390516	5.748409545510544
RAKZUC	0.8892949828208971	0.4123859676129264	0.2791525043195755	0.2777666817282214	9.000524063997876
RALKOG	0.6800495068284444	-0.4655929862334281	-0.3708133112172949	-0.24228834420826634	5.745679230748464
RALQEC	0.5723745976435	0.45141722644654625	-0.3758657621099359	0.09682748529404271	6.760221742186585
RALSAZ	0.6019711784409356	-0.5546783854751831	-0.11122007830525765	-0.07884897537158253	6.07056778554874
RAMFIW	0.6400332213719588	-0.5477640025144512	-0.39547244226369765	-0.205478269086565	5.591504722360428
RAMFOC	0.6461499088134586	-0.5528513841191403	-0.4075029927742783	-0.20485607311467657	5.607386793713527
RAMFUI	0.5424596807618673	-0.16868901988181084	-0.2649162073977035	0.1780946794741436	6.045860004189274
RAMGAO	0.4896856049260192	0.3106209920830137	-0.347804038556383	-0.1584866731592224	6.0471459136934955
RAMSAD	0.4924985639365316	-0.11165175264010213	-0.22877420488179412	-0.2246588568554146	5.90193360102737
RANCIU	0.37772767242563443	0.4686987904781334	-0.8059957668441995	0.3070055310465838	5.700158397863635
RANHEV	0.6569390063091349	-0.5113566151480496	-0.4634885972563025	-0.25532747191101884	5.4725295198787025
RANHIZ	0.6542874561611605	-0.518740468945639	-0.4541257110728841	-0.26464382643179096	5.510648598438614
RANHOF	0.6103903298645319	-0.5879579063569598	-0.522430077867093	-0.15058516283797002	5.170247479756383
RANHUL	0.6093429385015243	-0.5904760302376204	-0.5196821251748507	-0.1536631304388468	5.171412730056586
RANMEY	0.43672241953646296	-0.7053999679383138	-0.602160666933184	0.13450157490841097	4.9369655008164095
RANMUR	0.8162438636511826	-0.32160983370790525	0.35991584099810503	0.1104141635757356	8.0747838282771
RANRUU	0.4786428419349713	-0.24127470577935428	-0.008841163420769585	0.3598605537171321	6.458146468099259
RANTEF	0.5552864228525252	0.6194271335605992	-0.19734368562881222	0.0030694928338674404	7.200438671749445
RAPRIN	0.6304898526583287	-0.002501811162946059	0.16605283183128444	-0.045650888958663254	7.262758152584183
RAQXIS	0.801090905511229	-0.3455964922293777	0.13259495349822462	-0.017499020847690377	7.381394875458541
RARTUB	0.5982601258915423	-0.021351438806706483	-0.1459740184882402	-0.0832451440184461	6.465132262953001
RASCEW	0.5888446561585772	0.03706584247696463	-0.10452268304840684	-0.08834362793990981	6.587634290798959
RASPUZ	0.6027056256893895	1.0251671709369847	-0.5352201871874671	-0.08442529660647574	7.847249343282149
RATBEU	0.5804037250829088	-0.05366195023535847	-0.3487711369323492	-0.04777439201855956	5.918173416041398
RATCOF	0.5697531956421793	-0.10697983848514678	-0.397149305615671	-0.06747760001193842	5.7427871005105855
RATJUT	0.614743282250692	-0.7135389835946231	0.08956477120218798	-0.03888384931893375	6.519562118487616
RATXER	0.8112696889827937	0.013177053005186876	0.01441755510334354	0.11586008464744715	7.317868156871781
RAVFID	0.634032181626651	1.0978162433266772	-0.5437513954162563	0.0856994903514106	8.313037421029945
RAXDAV	0.616737307200248	0.003668526736038971	-0.2411149701243065	0.04205477889047545	6.396439190187562
RAXJEH	0.888521284713117	-0.44892332024921383	0.255668354273928	0.03865032571767562	7.76579986134946
RAXSIS	0.8271276289134262	-0.07318136662339086	0.0822264793205308	0.5250701991447435	7.805423903072023
RAXSOY	0.862512155775466	-0.03455689819179162	0.06452708284256595	0.5148175945666958	7.844267400922417
RAYPUE	0.965389727205511	0.4548536661714451	0.2660317823645873	0.11030198539130098	9.126245082862463
RAYTIU	0.8168131640577565	-0.7223014199787074	0.44516946904544397	0.09299627737975533	8.236098734620189
RAZTOE	0.49012842243626764	-0.3489928219067851	-0.4423176452545812	0.29350364334533907	5.506107705108808
RECCAE	1.0297950705220362	0.37058038858829057	0.7590284806883876	-0.21456837660414302	10.97253405824591
RECKOD	0.5754155501617637	0.4610216417155376	0.09173072523487076	-0.024456906297819273	7.46461005123286
RECXUU	0.6588145758922934	-0.5403441066542887	0.20213769550167882	-0.08372743364209285	7.027312375305591
REDRUQ	0.6635709302887092	0.4800050732386265	-0.06002284395908236	-0.10464515247435822	7.48464393635951
REFQEC	0.9953697676459052	-0.16963431872822224	0.5532158646178067	0.17371970647436763	9.338153707058552
REHDIS	0.9187791303545536	0.45466772230293234	0.3207318329272716	0.11589347807953276	9.28770121971371
REHFEP	0.511486379568006	-0.18741424324070233	-0.10309700210761771	0.004813372008443303	6.063004856953632
REJCAK	0.7131927751307581	-0.3800927738740612	-0.2314246465169642	0.031277875314934984	6.222425254410079
REJCEO	0.6882691800798115	-0.2048685223155146	-0.4042873260602034	0.04201647460488618	5.938877536930029
REJCOA	0.7810112178255837	-0.6812079275141889	0.40284428586980725	0.08099865770404897	8.054682454272111
REJWAH	0.7238028797757945	-0.12398010981110179	-0.03608644418707199	0.2166034576938041	6.685783456874972
REJWEL	0.6863387978180358	-0.29259832489675175	-0.26308117281143967	0.5105109601687656	6.123593130337815
REJWIP	0.7305292124858429	-0.13373898697957526	-0.082968506630276	0.2991746038996367	6.686071983186366
REKBES	0.6256239599289124	-0.7806696360547298	-0.392784421530963	-0.2514821863705169	5.601056840072586
REKBOC	0.4133194779889253	-0.10594669266981854	-0.05207568872007107	0.1513699512791218	6.141925024878086
REKBUI	0.5282508404603163	-0.2366963240027505	-0.4397901675160721	0.3175874788090509	5.464068713284665
REKDAN	0.94060471765295	0.28500690964296194	0.3741489465722597	0.1412679713731632	9.164513183556226
REKHAU	0.894014134262771	0.4831631057068992	0.47142044605049604	0.07556592609874035	9.613632482720048
REKMEA	0.36410854697525963	-0.9425776517599833	-0.48815860139114836	-0.2031192195237383	4.857482017914875
RENKEA	1.0002546521231945	0.08319595517917193	0.7718027295380911	-0.02391216325429109	10.679894813758875
RENLOM	0.9410731224725737	0.28223647769315385	0.37108033476768715	0.15611892486526283	9.152021403131334
RENTAG	0.8028922003689765	-0.49010825668452945	0.3269448766046986	0.1362128513809702	7.850525375884854
REPHIH	0.595471736196612	0.2500325171979409	-0.32612562554031616	0.04598990980583687	6.582475395739832
REPQEM	0.8658521210550258	0.043350890916506776	0.05775671781900933	-0.2725898997590427	7.728040656872356
REPQIQ	0.8908297312626567	0.4950624679856788	-0.04030898901387009	0.010111306884839907	8.40969998402144
REQTEM	0.7551992352619203	-0.22318855785684752	0.12420036777930898	-0.12211669483807541	7.311849899492272
REVNAL	0.8609922259947966	0.6821880446762898	0.18503936518357414	0.38649295380555726	9.272020791445252
REVZIC	0.613682179248281	0.6507928174012012	-0.2528845833780403	-0.05013472189667612	7.275153883906418
REWCUT	0.675627502957374	-1.1532944593714256	-0.031070637850844574	-0.011742653387437183	6.712871296676261
REWFAB	0.8748037919020915	0.7234269357527163	0.0686996130794621	0.0407576600881924	9.02418793313226
REWHIN	0.45222172440995223	-0.4571224591453479	-0.4759444844318717	-0.31986664944635146	5.042616442543596
REXDIH	0.6619005838476344	-0.9302804762942345	-0.09020570825599955	0.015120168069628778	6.113703803630672
REXGIL	0.46078862902556317	-0.044419288218362496	-0.37789527376009474	-0.01971236913694709	5.602823574197964
REXKIO	0.6368898088880783	0.5658648610601478	-0.11231699985680768	-0.02973287300766953	7.546027559947098
REXLIR	0.7771081865753535	0.7531946875262785	0.2162251005458961	-0.20533786644631555	9.13074747756316
REXMEP	0.6101380775624605	0.22373567207027129	0.0649617654366456	-0.17598568166541664	7.129637127287414
REXMIT	0.6100358903978957	0.2215686066299519	0.06702116735625807	-0.17805500330684934	7.138043804793211
REXNUG	0.5835907608220978	-0.22029691227984005	0.23985468756724435	-0.06760742992778362	7.217307330518556
REXPAO	0.5830118715357839	-0.2261188227935447	0.23984559482988488	-0.06247816332030153	7.2121475177930705
REXPES	0.5836070454296651	-0.24006194170040496	0.2407067948773604	-0.05931056547939403	7.208981575639635
REXYIF	0.9399691320446184	0.04697738124824666	0.8931635186805136	-0.31522024109967783	10.76167685722153
REZDEI	0.9388226366087782	0.643166944897352	0.493620619235195	0.002383058496593272	10.146322318487371
REZFIM	0.654103821116891	-0.5102454325694691	-0.3933798055196242	0.14389974402156533	5.77125553321538
REZMUI	0.625795500411539	0.5929941755085395	-0.2405595021467013	-0.05130339482483871	7.276193374698542
REZNAP	0.6310096294675756	0.6206814729893844	-0.24472991662871707	-0.03889144594000628	7.331560188356384
REZZII	0.7664847142752382	-0.927686258553224	0.7338085788025588	0.2770803633466996	9.450524159768012
RIBMEV	0.48669442473275737	0.8967944265677659	-0.3857230937628253	0.13626389504815228	7.748368461158794
RIBMIZ	0.49183210093628826	0.8763442579924816	-0.3804292485912035	0.14080976645523757	7.710177191665513
RIBMOF	0.573694947186441	0.4451575379304189	-0.33637551038458674	0.07033598905628177	6.881796834288556
RIBMUN	0.9545343986358592	0.457235027214809	0.4042560145406796	0.19800389424198897	9.558168712498386
RIBWAD	0.6957075310419745	-0.25635548068109926	0.15992694827770276	0.11992437923744617	7.244913012451395
RIBWEH	0.6477004903470567	-0.3246211253972135	0.08267192081562152	0.19646608787395717	6.960070078202072
RIBXEI	0.7941599696604493	-0.05682607636197183	0.005950504017656663	-0.18801310569396856	7.304470578759239
RIDDEP	0.5067142908504652	-0.3603757603499608	-0.36240375881727693	0.16823109252948446	5.491188134333299
RIDDIT	0.5254868561309438	-0.1019043969684515	-0.4061508930791204	0.19737493635007725	6.013386133025406
RIFQOO	0.8637531010477577	0.28707478740304276	0.009705108798862341	0.2477086187487216	7.9572175368306155
RIGPUW	0.9154231141397151	0.45873023270460683	0.30106755122601403	0.37795529673495143	9.218989873627947
RIGSEG	0.9417067430120154	0.3601196523122513	0.3582773428088448	0.27547773453022595	9.362482362312818
RIHDUJ	0.8907438716324414	0.7613400259625032	0.4400655362974226	0.0024190482795445074	10.079821504548164
RIHFAR	0.786953278584666	1.02161611042623	-0.086522242324867	0.11229220410776952	9.192163259144841
RIHMUS	0.7544433690418728	0.14998114913394808	-0.22736928955429242	0.14302848005864055	6.905839816906023
RIHXOX	0.872084505561399	-0.058369097632568714	0.18629221324599038	0.2329590126807566	8.028096715573906
RIJHAV	0.3747839664867847	0.3916133934506444	-0.29586366490958765	0.28931115819575715	6.298269656904274
RIJHEZ	0.5340925213932186	0.21717954253248498	-0.4197563990768474	0.34256187000041194	6.4597805466884655
RIKGEA	0.6038939205266214	-0.6382946961999238	-0.3514758655433045	-0.413885698057774	5.626798210362855
RIKGIE	0.5664369014986557	-0.6709988172549721	-0.40144600677528325	-0.4308990128477149	5.447511499063903
RIKXUH	0.44969329503297395	-0.21456238278458517	0.1114473396203581	0.16809448130595236	6.504458203868595
RIKYAO	0.46844166553588806	-0.37266365185398104	-0.3064704212635309	-0.18412593600482566	5.424395952859267
RIKYIW	0.5269403264129506	-0.3887113756845293	-0.2982927389696383	-0.14130843214580913	5.586113959211245
RIKYUI	0.499064940488255	-0.2476379747293823	-0.35276267508747716	-0.0012060014615470445	5.454411742182364
RIKZIX	0.40707305021041673	-0.786539928006305	-0.3459976712753517	-0.3187511269201224	5.07107831287481
RILBIA	0.541665424007058	-0.06535354298882115	-0.3201416626474633	-0.31060848980986266	5.836856982411618
RIPKUW	0.5415811408909432	0.5145757382821798	-0.37916695634221603	0.09967655883569147	6.8249935609836045
RIPLOV	0.8225010959564871	-0.35085255774839647	0.3130620023741243	0.1544132379544223	7.832362544036573
RIPLUB	0.8000709306337139	-0.3290648792244652	0.32993612813963924	0.091363307774898	7.857075371529859
RIPMUA	0.5928228495644694	0.8153888642119442	-0.02862276831491173	-0.10720340881260991	8.072060295727532
RIRKUZ	0.576166967151658	0.4304593952964876	-0.38382129779019414	0.11780639141876761	6.721127930114599
RIRVIY	0.8448430725671185	-0.12289618001031705	0.6989439134319875	-0.13298375485841346	9.41229247226436
RIRXOI	0.6814515216986763	-0.09807543543495764	-0.31936584810280066	-0.024895064492085034	6.076733455542641
RIRYAV	0.9041040736396777	0.7320525841833068	0.2865491975463583	0.2549531109150841	9.747282298883787
RITHIM	0.6170938692113168	0.6319205135333841	-0.33160822700328546	0.05241447382093065	7.145465180951882
RITLEO	0.6482367667846898	0.6039724135669453	-0.25442553387455324	0.06051365067447981	7.4256532791433525
RITRAQ	0.5304105463167756	0.1233758172048971	-0.5849654022393691	0.3472242451565437	6.183638500261019
RITSAS	0.9681345255851213	0.33622155529128983	0.4098992933870221	0.27736498514587016	9.379574626625951
RIVPUL	0.4679216700101767	0.13063864399677236	-0.4572063073889942	-0.058903043159000155	5.6472069074014595
RIXDUX	0.5236872440948179	-0.946198215147531	-0.3117946376179667	-0.36221190135524095	5.547994196157506
RIXQIA	0.8717215458793222	-0.3940286620130371	0.08087183641848264	0.31249695956680723	7.625333015062218
RIXWED	0.6729644741048837	-0.13410578404226053	0.23511310878074426	0.03541806231251481	7.351508582173956
RIZRIC	0.8370346854775415	-0.1152133507288101	0.5454477277357639	-0.13637712560757712	8.762049768525847
ROBCEU	1.118704156796917	-1.5740671955330074	0.5728036164340152	0.9564486569602711	12.056884041944333
RODWEP	0.5299178339123953	0.12348873021168344	-0.13774924616935497	-0.07077084905660172	6.4912685857779815
ROGGEC	0.6579170685727149	0.5460600034182026	-0.19950636053518928	-0.0070564244390617465	7.4092736891946975
ROGGIG	0.6728520990767075	0.47057193767971417	-0.18151157988004424	0.06383782064192359	7.341272046870468
ROGWAM	0.8077528316876554	-0.864774941621631	0.6328080702302337	0.16432826613007037	9.031750935104332
ROGXAM	1.0278236252011483	0.09428224334160273	0.9183143951217654	-0.30413227809833776	11.268618871954256
ROHSIU	0.6131966913960127	0.05518684515441588	-0.1362428262472286	-0.07373558565349612	6.6218624161936255
ROJGAA	0.984342741972978	0.19983581737593464	0.6140796369078869	-0.23188639856519835	10.070156285935441
ROKDIF	0.40301355348143275	-0.7299224634934807	-0.13506284000570629	0.11548209530468771	5.966658877202276
ROLNAI	0.6328759169666593	-0.2528091664205375	0.07845577565461187	-0.06620954599738102	6.798108171304257
ROLNEM	0.6946695923299302	-0.3749751050930488	0.10476393466728062	-0.11013616839657434	6.977609778693693
ROLVAQ	0.7931690681121806	0.07127798029814175	0.5448792343748667	-0.1837864445220863	8.94953617424621
ROLWEV	0.9265733421547377	0.7068757648087411	0.30755920164226136	-0.12436982639313335	9.783832585068488
RONVOH	0.737691453639985	-0.13885693749923714	-0.20740779932065329	0.07240736264671983	6.62253277783813
ROPZIF	0.4324746912612687	0.15357297042829213	-0.35697304119999657	0.05060900103147827	5.863386353311604
ROPZOL	0.4354665215792144	0.18246816947047734	-0.34468422141784943	0.30692293843008567	6.0949310516264035
ROQQIZ	0.45237706991295923	-0.20231652086043486	0.08747734209934083	0.21541507335674198	6.488103113204028
RORSEY	0.6747679012137571	-0.45043208110694294	-0.0025909675242176133	-0.21989731071373647	6.672633804978051
ROSGUD	0.5551053995792312	-0.011254548397660238	-0.265561384369148	0.19903845169337483	6.252332175666623
ROVCIQ	0.7822228304743888	-0.914554549998521	0.2706583550529854	0.1389187200471732	7.674330827056558
ROWZIP	0.5837520275805135	-0.6310964445426406	-0.5228980702690211	-0.3306333109599743	5.208473726926044
RUCKEI	0.9564548590086268	0.2999753372860675	0.7446424262008433	-0.3704752885288528	10.539001221767816
RUCMAE	0.5800986463248803	0.782728500770117	-0.235838454527659	-0.1835965510399755	7.5392390435394425
RUCPAH	0.6073108279550441	0.642005479601147	-0.01319706805066273	-0.14516925817730159	7.763811825396853
RUCPOX	0.5954934322275811	0.2038961928344134	-0.17468648377998885	-0.03666650379753736	6.639815669824898
RUDMOT	0.6133174149038343	1.049743147022208	0.17737820325399936	-0.36517429213973873	9.303651115189778
RUDTAM	0.9394980928989645	0.458686447491921	0.5747396103089266	-0.19284448260224638	10.021523957732683
RUDWIX	0.6644733463257895	-0.08187746713734653	0.5789265098065859	0.129072573493496	8.488646590960208
RUFBAY	0.5492509614898848	0.1409178053691631	-0.23103095786733635	0.06823068026043537	6.446777827029251
RUFFUW	0.8473357580290859	0.8067632574483021	0.2592542908980188	0.026220948007334342	9.752053361559756
RUGXAV	0.9140932276398814	0.6400768345945764	0.3519294168912224	0.1525519189574718	9.743162443429819
RUGXUN	0.4625032207254236	0.29517243514508895	-0.4217280222698277	-0.16240311191013831	5.821926595128006
RUGYIE	0.8907990565483681	0.5540269001737659	0.1290886781087426	0.12736364418799925	8.811887465398625
RUJCUW	0.4294383649826967	-0.687281624264805	-0.6034528537233932	-0.5695735459874154	4.778334137564439
RUJXEA	0.4187910403461519	0.5881897398339155	-0.5367850232298144	-0.005520275695960465	6.198124251250895
RULDUX	1.0051398989564788	0.8654372969096717	0.07747211393343825	0.37726979117560977	10.049943540901173
RULXAY	0.4994042091957507	0.5492837078915027	-0.5057674616058649	0.056680573803341	6.3742518854987384
RUMDEJ	0.8032259305181855	0.6431856269393956	1.0126907875724633	-0.527331733598356	11.702350616357098
RUMFAG	0.6932521047632099	0.422880097372345	-0.07345990183081316	0.05131114817677715	7.455428683322448
RUMHAL	0.547160076830866	0.06489463830067162	-0.15252643252019416	-0.0858978857961264	6.454279571252582
RUMHIT	0.5210553557307929	0.09586754444746175	-0.29074821534174294	0.03994835641707766	6.3505061074771625
RUMKAO	0.6880293675765197	-0.3137992940627068	0.34258395756351095	0.13567333510951615	7.636140536360668
RUMKES	0.6039628027257953	-0.17922968760129074	0.01626269965782408	0.014468584299276898	6.721057582899232
RUNTUQ	0.7986722329260028	-0.08021297983808963	0.3586485098712357	-0.1356076199588091	8.12613534695446
RUNVAY	0.4132476289695397	0.5179357529582662	-0.18268643636857507	-0.1054120368272614	6.54965710384089
RUNVEC	0.6446651733683755	0.22629995047869816	0.03569898393094044	-0.07489518164777804	7.204852618933191
RUNWON	0.6467433464747128	-0.47966002333644703	-0.544764709862894	-0.1635995799316281	5.3967765293663765
RUQDAK	0.9463126764698213	0.4038118940009409	0.4430968568450404	0.13322722599942735	9.54724063136787
RUQHIV	0.955902492475663	-0.2547567010763932	0.7241113948710982	-0.10271998458707658	9.853053007787425
RUQLIA	0.882301384376631	-0.8823444401516249	0.5133226986836519	0.10028145936777977	8.72857188155125
RUQNOI	0.6218121328814323	-0.47475371663502913	-0.6005734276214434	-0.12870988258836774	5.357932563218879
RUQSOL	0.7745448824828527	0.6094489727746959	0.3449191308351608	-0.11320641096277884	9.214221308155913
RUQYOT	0.6882140370403897	0.05331958561908472	0.28326723536848025	-0.05130067415787565	7.867651575999663
RURHUK	1.090858049437652	-0.011720266077715574	0.6443851872089916	0.015855216568813356	9.985636723163395
RURJAR	0.6969535021766378	-0.03170110248098712	0.30089253706358604	-0.06702636091345551	7.82981574321806
RURVIL	0.8570093723413708	-0.14337359727469443	0.45329424908824234	0.03410590436106587	8.451174613597392
RUSBIR	0.7656739121889142	-1.1042177456179276	0.0988674132374872	0.13574937084791486	7.209002798421928
RUSDAK	0.4817673015257391	-0.6953851489431471	-0.4367117939276161	-0.3004876943314564	4.9749811444755005
RUSDEO	0.5252098319260368	-0.7076769193604802	-0.38710245069814925	-0.13138238296698868	5.11526947156835
RUSDIS	0.4556393876540099	-0.6936284673998938	-0.48644686340025484	-0.3206721489335804	4.833261005517725
RUSDOY	0.4556019570240526	-0.6276884624268493	-0.4749732403332136	-0.3845590616743637	4.929899682806135
RUSDUE	0.45559442064295563	-0.8597690685356822	-0.5035959764056159	-0.1929957560452948	4.85572541546283
RUSFOC	0.6861945041885331	-0.7464975086115972	0.06927899666491025	-0.053005369646101995	6.814554508290045
RUSKOH	0.6226531036044003	-0.5753117918253767	-0.4720275380106041	-0.319035404263027	5.418939693548454
RUSLAT	0.6364806404493359	0.3866440859526594	0.46013197136074563	-0.29199322423164187	8.528024095503765
RUSLOI	0.8112788095682522	-0.6937606664260745	0.21678857193801826	0.12497421830139377	7.483824726891583
RUTJEW	0.4552452787192953	-0.23784494408640489	-0.2495967713210474	-0.14012212151609146	5.631422211919052
RUTNEZ	0.7546372418318406	-1.0630825017482182	0.09638420366537498	0.08866345718780473	7.101221465758441
RUTPEB	0.6194667659842459	-1.0388655790931112	-0.01380115361218573	-0.0007335340514298787	6.324922120311471
RUTQUS	0.6085940234416842	-1.0266132269695145	-0.050530477135177304	-0.06069041727143397	6.233145046602849
RUTRAZ	0.5104534233227866	-0.9664249448015205	-0.4076369631433507	-0.0321661918661964	5.183812231614343
RUVDAP	0.9234436864553786	-0.3093963433631532	0.9835359861405397	0.0885518608546064	10.556296538850965
RUVDET	0.9071091053272013	0.017034772620791894	0.9355370651558537	-0.11149762045585193	10.584301385274532
RUVDIX	0.9543590182155262	-0.31733333945149444	1.0078976674430564	0.059248626726319226	10.725374439236607
RUVDOD	0.7947478860150277	-0.5816704873137242	0.465486263272445	0.037392304667790414	8.230754363863241
RUVHOF	0.7803144809543516	0.6235161597871579	0.23253563333727542	-0.04076430323627591	8.986034500041553
RUVQIL	0.8002258999704219	-0.6931814921914115	0.12205973380828367	0.030280206586051413	7.143806132352739
RUVREI	0.779904147978816	-0.733444405182164	0.0777954988639154	-0.01851992531150292	7.011425296512414
RUVROS	0.8142343270350194	-0.5689088055459028	0.047194133965863555	-0.007768503003856991	6.956839555136172
RUWSEJ	0.7199787727882683	-0.04616325177814802	-0.0215373491420027	-0.07449837739504273	7.035194558679701
RUXGOG	0.6842220469037477	-0.08316873017194802	0.5334858972964798	-0.3004546488521864	8.313870777522244
RUXGUM	0.8553963304228658	0.5652827473434026	0.2311046713914391	0.044646316159521464	9.043012988208028
RUXJAX	0.7245104589940432	-0.21936431128874778	0.030344741822845134	-0.05935984670290826	6.947508142280515
RUZLAB	0.5197952368676662	0.5772883362701544	-0.4861471907848765	0.06356394106954662	6.704922075300031
RUZQAE	0.4471673376207681	0.7944848330388576	-0.5242734262010571	-0.006081568154933533	6.8164778632248675
RUZQEI	0.6374192770795268	0.9378721851997935	-0.13792281076973456	0.021208286629999903	8.371055968345669
RUZQIM	0.6099118624910185	0.8945609468664582	-0.29592493127540137	0.13379226610014455	7.91218676096548
RUZVOX	0.674415873486133	0.9546209720275356	-0.083789149892817	-0.07419582398803214	8.521051231043627
RUZXUH	0.7821129035366807	0.6173378844945125	0.75519441452202	-0.25269525416572164	10.517177468866764
SACNZN	0.49012410208770696	-0.06591742112937314	-0.09511436365973228	-0.06290815062764352	6.213269724365948
SACPIX	0.5024152755785849	0.23781957302229906	-0.2608186015191201	-0.09634221243440519	6.27781575702091
SADTUQ	1.0115118849116342	-0.18536814465145204	0.8607155468856349	-0.21615478977064206	10.817485345316816
SAFDAI	0.7903177118286608	0.632428883572443	0.1969709330171861	0.179825177663922	8.996742577309766
SAFLES	0.7721132529956583	0.13955734372713502	-0.25693815419234123	0.1094886016195553	6.929934289508242
SAFROK	0.8325158930315126	0.6498861126491116	0.12320804879454413	-0.07653055379723454	8.897738571741582
SAGYEH	0.9510392340144289	0.4128694104172305	0.4366836594227384	0.10884810105068177	9.557218521420857
SAHZOR	0.6233933704902874	-0.6562630498340831	-0.29347191555909696	0.043662329087644766	5.9657285756155956
SAJDAK	0.34521204821660323	0.051603642072088104	-0.6105404817232061	0.491055730090897	5.399738953522503
SAJDEO	0.5121468350571332	0.223321328213385	-0.6314377008549992	0.7019495605221251	6.326225450441817
SAJVAB	0.5037247835201342	-0.1318274274627549	-0.21724678301248107	-0.2407107176896413	5.917048839102944
SAKBUF	0.5262577506886945	-0.6374679212275545	-0.6060553742094417	-0.2662470052956818	4.931041988636478
SALTUV	0.6931159786548369	-0.5682153737369353	-0.05826895235433727	0.008640941578827988	6.375287800068658
SALVAD	0.6004978348517387	0.11737079730884387	-0.4778599769322998	0.14626327425940533	6.056630489210384
SANVOT	0.6579152640203034	-0.11352411056230682	0.19835060952231293	-0.14760269945035234	7.240360713083342
SAPNOO	0.7542985827866016	0.031721179876877115	0.21085690702886578	0.05240669803002201	7.660855281438596
SAQHUP	0.8051408049614679	0.873777364906108	0.2493718878457182	-0.1837832792684835	9.445814585415864
SAQJAY	0.6737887442022501	0.5288153042481913	-0.20182405383616497	0.0657738661566726	7.392571857363138
SAQJAZ	0.6385070171399585	-0.4965077722503823	-0.361494123405711	0.14471717867949954	5.781492516461728
SAQJEC	0.66680995610787	0.5637066429868478	-0.31045637616849225	0.010510171026816291	7.337345747679817
SARWAJ	0.41522233830835553	-0.44391062578630025	-0.4976052322147532	-0.17720403208045327	4.941447433736654
SASBIB	0.4944019386383456	-0.23831362560024502	-0.33694487331728057	0.07120775572316808	5.666884556147641
SASVUE	0.46254012263780186	0.014666709278404452	-0.5364138950160955	-0.015646761861474054	5.419899686096546
SASWAL	0.4649766466105749	0.015079062911895848	-0.5350394669551732	-0.01624225270105415	5.426906628914143
SATKOO	0.9336713450699552	0.666010010986164	0.564695724714002	-0.5059581957511647	10.608125341423404
SATLAC	0.5793449435742382	0.9575131754421768	-0.07072445290925702	-0.13014928526848193	8.462330724201902
SAWBUQ	0.6139871986738665	-0.19832214118049146	0.273679968767935	-0.0669008033464648	7.408445820152646
SAWPAK	0.6606931809404095	-0.2914909692918228	-0.4641186118238097	-0.13958304361187046	5.6738620428669355
SAWZIC	0.7904320513072669	-0.888867044988761	0.466432594410505	0.32748584827385274	8.53927136091908
SAXSIV	0.9060955164358839	1.027578201820763	-0.2612010321449757	0.2131095245578921	9.34214232500271
SAYYIB	0.9636170912611126	0.6199849830090891	0.5270237803744204	-0.020259595332991258	10.191088063993632
SAZCIH	0.3414571793409227	0.23663163358248535	-0.49562450911700145	0.39633466141875984	5.7743059735395965
SAZCON	0.5403591353614088	0.019420355997680654	-0.41411367787688597	0.43237419065963	6.087553789542193
SAZCUT	0.3932607638568735	0.09637317251702009	-0.29866520470361896	0.4677422984778219	5.986133402830093
SEBKOA	0.5199320962889518	-0.28825568149331776	-0.4433366649434523	-0.09812072979311368	5.477650782242742
SEBWEF	0.5398482645468654	-0.07496994521894523	-0.12474650563660458	-0.22599177111797256	6.23145654669792
SECXUU	0.7676392134699679	0.2103390798446714	0.17065293016330235	-0.04654310491886311	8.031442368490076
SEFSIJ	0.6731625892279212	-0.8714842027312404	0.4655133045638833	-0.11097020463597371	7.957728548402813
SEFTON	0.9365036252334145	0.8979409660352666	-0.13725173833764331	0.1710808790223928	9.32871616841229
SEJZEM	0.5357413172035077	0.2602073534735569	-0.5966764570105507	0.18820181266247804	5.864712040197889
SEJZOW	0.5895319370258321	0.34497639687536413	-0.35074265202765226	0.18384943384677893	6.551575140301493
SEKVOU	0.6244243121070756	-0.39249380323600647	0.3187124947017913	-0.4731166710649308	7.335816379642574
SEKWEK	0.6746906331938511	0.20893858262793033	0.2782181499595354	0.10709996789610299	8.049724957265518
SEKWIQ	0.6652747800827665	-0.12626024258640903	-0.2993825814646678	-0.0852912095365405	6.0251514047327115
SEKWOW	0.8702717503639921	0.8611934235179022	0.22988659263663275	0.1894678344551432	9.862872648831436
SEKXOY	0.7973843264987073	0.280628378205179	0.2906280456073458	-0.12184971628318281	8.305433376504716
SEKYIT	0.5407521819688315	0.22700484262923473	-0.25043989407019	0.031242226072620678	6.482127838172557
SELSIL	0.66165036785375	0.7596964854898238	-0.2780944611742349	-0.04617108738829399	7.766588281911469
SELSOU	0.9853030441064528	1.0105917854552564	0.3260304583765084	-0.28858226241091367	10.845864048580372
SELXEM	0.6044192406281592	0.041769548424289975	-0.09868949748786601	0.25411890549498484	6.797144458972294
SEMDOF	0.5038035543779475	-0.7144246010798079	-0.901520270189327	-0.17859313957214804	4.477866814365716
SEMDUL	0.4430765013964777	-0.8827044325775053	-0.5503031148887896	-0.4332623988533414	4.827063390748318
SEMLUR	0.7004471986454135	-1.0741430284870466	-0.16385055907261992	0.12954796762965495	6.3225318156174275
SEMMAY	0.7004224853318339	-1.0744726785043872	-0.1636968353944948	0.1295622763304431	6.32170419163184
SEMMEC	0.7007059842742347	-1.0742552812070867	-0.1627338151366713	0.12897126196995856	6.326750440171989
SEMMIG	0.700525859196139	-1.074941157009851	-0.163305582655367	0.12935633596167978	6.3229057470838175
SEMMOM	0.7002508338789948	-1.0759780820265779	-0.1650577467254884	0.12937020441707017	6.320372022928241
SEMNAZ	0.7007159027256158	-1.0741166498261607	-0.16371814930218037	0.12932347460632482	6.322891242825859
SEMNON	0.7006211644117837	-1.074454799016351	-0.1637610479564402	0.1293156928016744	6.32116474665861
SEMPAB	0.7002585468164693	-1.0773039589312077	-0.16386955901905614	0.1293800447404557	6.32107775241134
SEMPEF	0.7007486714969051	-1.0735289678157705	-0.1635009804804743	0.13010232632498764	6.323834860192325
SEMPIJ	0.7006405408064396	-1.0739612318753458	-0.16463860571134653	0.12992575934901604	6.319809119297506
SEMPOP	0.7004968906712588	-1.0752541296261966	-0.16364111377470286	0.1294300339936244	6.321940467903751
SEMPUV	0.7009391871831809	-1.0738900807366816	-0.16380243153262597	0.12932485730859497	6.324341157114079
SEMRAD	0.7002481011704971	-1.07503537114402	-0.164574698515359	0.12973692149098406	6.320003551729064
SEMREH	0.7004756995657093	-1.0751474762334667	-0.16400350919597456	0.12950382962270052	6.321516579998552
SEMRIL	0.7000939701815607	-1.0752386981932796	-0.16362527543743732	0.1291199405787583	6.323057190943883
SEMVAL	0.8988165222886764	0.5622796827280967	0.2073382545969294	-0.285381823409262	9.037874796655723
SENFOG	0.5521634720116912	-0.3008617102078116	-0.02565763264476753	-0.13508637362818338	5.970233853045809
SENLAB	0.6016544458098645	-0.011271058744641824	-0.0841942940278679	0.07342047819855124	6.671523664733791
SEQJII	0.5895879259141328	-0.6976573867117377	0.14667037711315076	-0.0006972091253931801	6.80098897596406
SEQRIS	0.6536049388262883	0.37010430970381913	0.12663939434432708	-0.05711559436974709	7.715950340268229
SEQTEN	0.5347515045984732	0.019685421313752158	-0.22540312581659644	0.36475255218427627	6.270429230171644
SEQTIR	0.5241575704394767	0.12212877543845449	-0.35311304630043094	0.391992070707622	6.166118787596461
SERCOI	0.6409602956940574	-0.982022578009365	0.10447267340334894	0.07833689390086171	6.974051681590557
SESPIQ	0.8488242500618908	0.8005994117729476	-0.018861759089129376	0.045366191986644884	8.9411547912884
SESWET	0.9156108192185508	0.7913447242914742	0.3412291650329594	0.042788364388802645	10.02054768205481
SETCIE	0.6856571938344276	-0.12729685044904043	0.44704502409003705	-0.10421619937341563	8.200084727660643
SETMIQ	0.6100087154303946	0.11206047649151402	-0.20319610285637707	0.11987803094076874	6.62013054894431
SETMOW	0.6257964758115548	0.13287429370037965	-0.1789128725012128	0.12966783376835442	6.745659372472456
SETNIR	0.5921123782296815	0.04871938098923545	-0.24154908327828223	0.09373034525378503	6.38178171579801
SETVOE	0.755585930833794	-0.6058263273133391	0.10536429987030518	0.10254721198378801	6.982310697599561
SEWZUS	0.5848104491992636	0.10665322438723301	-0.3552780847933885	0.025279042072769202	6.134993515022692
SEYCIL	0.5664797910203534	0.16346568223142346	-0.34464430183265055	0.0188503881548947	6.1706593404332954
SEYTOG	0.8612311431787312	-0.43124530382622184	0.39323384663773897	0.16745788566780279	8.093425315321227
SEYYAA	0.6329708736886008	-0.3125038148852955	-0.5500167530997635	0.017009130646510724	5.309578601321499
SEYYOO	0.5648679014546527	-0.43847731119161126	-0.42482528912056855	-0.22568621797882468	5.424987751300122
SEYZAB	0.45717223129227147	-0.3556984903933884	-0.1614293405883262	-0.12933845848401682	5.844539203294341
SEZQAR	0.7421725817021398	-0.5022336558478181	-0.26645000834503607	-0.22479111881890562	6.207801651312199
SEZVID	0.8426942397324604	0.4801664598296132	0.29141196493094423	-0.08250933988401855	8.843278837386615
SEZXAX	0.9478351086106596	0.34375311764337885	0.3781799685663444	0.35365137554428483	9.37858067909943
SEZXEB	0.4755551941751621	0.021271874265279316	-0.5123245628945519	-0.030718255463822966	5.484475619444847
SIBMEW	0.6527114514538175	0.7523509301024187	0.29615421573999545	-0.19329468175549008	8.857940899169298
SIBMOI	0.724350456199037	-0.28886543477881166	0.709453882482119	-0.15694251307878532	9.056111497731116
SIDHET	0.7519042483556158	0.28337569282199737	0.24521679455461856	0.0009154176831492559	8.250858900285602
SIDNAW	0.7288573706676269	0.5267845738087207	0.18787651398536828	-0.28282577996586733	8.490933373897736
SIDNEA	0.6878101548587487	0.6231693566134651	-0.07261915447237269	-0.0696323399228268	7.897329659578449
SIDNIE	0.5061467380792557	0.2136264663533927	-0.400485898874459	0.18507426869387397	6.132212418284922
SIDPEC	0.552764297333133	0.14030867783590867	-0.17356243666995158	-0.10608313962120595	6.401483863830546
SIDPIG	0.5311395247750994	-0.3537766426829649	-0.3197317931459412	0.1103215627540282	5.62023668732108
SIFJEX	0.7106382804718319	0.6832236047930944	-0.06955765357871735	0.10220744448180136	8.132780944597819
SIGLUP	0.7429053022857666	-0.1971694269124752	0.03828313863482233	0.07088112239756382	7.03514923033356
SIGXIR	0.6190395353199154	-0.35971861042854864	-0.07840740349489028	0.13563073153523644	6.449041476756538
SIGXOX	0.6403907636683428	-0.29598670157964574	0.012065191993046898	0.14235264906351355	6.839643226437912
SIHDOF	0.887602362718364	0.14575330133619296	0.6410372339020134	-0.17989773804667933	9.716466665152353
SIHFAT	0.5687296326386848	-0.63927682555924	0.06889019660244952	-0.11252604500089841	6.425835378091499
SIHFEX	0.6369023454817153	-0.18643798301847367	0.36431273673984377	-0.14463873819317533	7.835887767726456
SIJBIW	0.6697876052323499	0.8991585161110065	0.37900065762755053	-0.25267383875749494	9.603910613061927
SIJHAV	0.8004545628028348	0.3619274198717319	0.09815773357794523	0.0994228732056386	7.998631497019767
SIJKUR	0.6470831340520036	-0.14017036077867892	-0.4110119748862138	0.2026297490654008	5.9660064135486115
SIKVEP	0.46276101280358173	0.11865294626827991	0.05931008262828718	0.15700483942658772	6.866301078467166
SILJOO	0.7480790371115278	-0.14756634308227448	-0.0843529535269415	0.35948858656468274	6.763964441512036
SILXIV	0.7038456423298252	0.0871469446148583	0.32257037771891633	-0.09644666629659958	7.9396854225303395
SIMXIY	0.5989557362280857	0.3216460249258939	0.24565814086093157	-0.15641893236425822	7.672026613862824
SINREP	0.9557265575697791	0.9102491115472608	0.535173279614976	-0.4533483671411258	11.080211569849958
SINVIX	0.8416008631137464	0.9135055701245978	0.0965956883090927	0.3345915357948246	9.450434402951325
SINWES	0.6778631183846118	-0.9681624084525653	0.4372613376880737	0.29693947056061243	8.23912387124279
SIQQES	0.41148216511747737	-0.21483217727010698	-0.25948666071867443	0.5092803576275694	5.745100003644459
SIQQOC	0.43900863241583377	0.09800503850082252	-0.3822439916370487	-0.09830041040718518	5.573937639032684
SIQTUJ	0.8457386495875276	-0.7481980225979488	0.3333596188151291	0.0347387772641468	8.095784023577906
SIRHEK	0.533885522741822	-0.058624839912394394	-0.06756985621166411	-0.10570424261603772	6.3411075732979985
SIRMOX	0.7353059923302423	0.3660606071773971	-0.13977936932110102	-0.2744056960962141	7.325686004729271
SIRMUD	0.9345398422266991	0.37072652713497234	0.22662956879769316	-0.14391740699804398	8.70222646111606
SIRVIC	0.612132862457206	0.14026406688380388	-0.11399716316056349	0.08393449988156215	6.574790485586926
SISLAH	0.6087317028765913	-0.10936089289099608	-0.051468764386036064	-0.09734539664977081	6.538645347986817
SISROE	0.9405310197919086	0.33570798924682527	0.3634585811240507	0.16119397356184795	9.22440746507977
SISRUK	0.833814961337457	0.8358638735840203	-0.13915759783096437	0.06603539144568436	8.750128875975902
SITVUN	0.8659875910962018	0.4802009867157161	0.2463933313599432	0.08205967104057134	8.880757748945411
SIWPAR	0.7573458911532125	-0.3068779878205579	0.08077848831921859	-0.01748448593386357	7.047250402941186
SIYKUI	1.1638562848669158	-0.09629399445454845	0.904479585462757	-0.13320485143151617	11.552576534098348
SIYWOQ	0.4228435564077859	0.17164708139846663	-0.40366386802405624	0.016375249787956157	5.671996389501778
SIZCUA	0.8177671583190858	0.9340933425162798	0.021772549412129555	0.554660463222578	9.379713140473024
SIZPOJ	0.8193183072181549	0.6533017264975947	0.21826263790220657	-0.21116765055878475	9.028970396691136
SOBNIJ	0.852422564314046	0.46687260611016934	0.5352118794865616	-0.11451838509365077	9.742572677291736
SOBRAD	0.8184651067851885	0.2825215311829273	0.44448167096147645	-0.131273752749808	8.90529958315627
SOCFOI	0.8316186954970588	-0.007363141007876059	0.4349506043442524	-0.2854862538858265	8.621686252619043
SOCRIL	0.8056164184776469	0.6526911057786553	0.07457260803629151	0.043124778072813626	8.715572737079803
SODTAJ	0.7746128101488576	0.9897123947326674	-0.2017168060623103	0.18205416071480657	8.82110146022481
SODXEO	0.8010719902984693	0.6057103648623834	0.8021344751230923	-0.09916803097112659	10.57829965127552
SODYUH	0.49424090575602175	0.21573395728485115	-0.2818339123509096	-0.13394431245590158	6.097782203190347
SODZOC	0.505199066851695	0.19031261178065992	-0.26160703032790966	-0.09079497551266748	6.166787071891207
SOFFUQ	0.8941607377555769	-0.11317459107186775	0.5639045998134642	0.05967921330999691	9.159542568327822
SOGLOS	0.8147673870410594	0.6472999559104136	0.357544911837941	-0.17016765319235788	9.270475937467682
SOGLUY	0.797700284564657	0.5015119670159371	0.44527022075309125	-0.25862541318766474	9.166908173945954
SOHLIM	0.5146890686298091	-0.5238760876862256	-0.32838030865003104	-0.2473036406618466	5.344112441764533
SOJXUK	0.8458462654168093	0.7545249112098722	0.49884341069115645	-0.16864402300936607	10.024372031535634
SOKQUG	0.7819083039011527	0.628035930965186	0.06601092779591747	-0.17014673588255305	8.53331746111028
SOLYOJ	0.9315770656356719	-0.4229084537476856	0.9500726157774826	0.13984868467313508	10.409586798873015
SOMHIM	0.5462251645251577	0.13769728216570595	-0.5216528656452779	-0.014528154797737933	5.812662038130996
SONROE	0.6057469813684637	-0.4898743153932311	0.023502358777693647	-0.043191722282598884	6.6258439424426845
SOPNOB	0.8122056667256352	0.0023239370770112983	0.9810978484141624	-0.13962200513922324	10.618304893966677
SOPXUR	0.8366201008880161	0.5882857822633272	0.05834455548414224	0.003139870545708431	8.547961104118988
SOPYAY	0.7488792873348142	0.6312470165723987	0.016027058166054556	-0.014273977376330871	8.148630325074505
SORBOQ	0.7902621656066176	1.0019784623909318	0.21469948019561003	-0.40217265557082826	9.846414878041513
SORDIM	0.7862052431864157	1.3010496056081648	0.15345043286972027	-0.33508916013272183	10.627130212666875
SOSGIR	0.5947182709387349	-0.03407330773864571	-0.13079994801519915	-0.018329201246662027	6.4474575032248245
SOSGOX	0.6222693811598932	0.016175961936281007	-0.10860635345330888	-0.0359689880138926	6.594521724262163
SOSGUD	0.6096603621222956	0.17880016108147778	-0.22398884978482958	-0.05733891053714866	6.569833732332714
SOSHAK	0.9278780809609142	0.5593966064516613	0.49679622732146944	0.14543776717968654	9.934386050102713
SOSHEO	0.9138196769893989	0.5511767768366655	0.4642656958213661	0.15038577714873222	9.763055166555471
SOSHIS	0.8705934412019483	0.7665727518289251	0.3528264105661475	0.17578204810168876	9.736405373519517
SOSHOY	0.8755905331063811	0.6958259309787751	0.3159917220974726	0.2664345165359846	9.53919887283575
SOSHUE	0.5955432410555552	0.22017722101815285	-0.2528292036505068	0.0016177405125587588	6.485905598008986
SOSJAM	0.885419134324767	-0.6472108759959212	0.6413074483478722	0.29260707307467737	9.360289126174042
SOSJEQ	0.8443243760346739	-0.7552934083095209	0.5916129170412665	0.3594433968584112	8.984343407567573
SOSSIE	0.7363052546844413	-0.5098133746184887	-0.2932792748007108	-0.18199895241913172	6.043454031737333
SOTBUZ	0.834764259368618	-0.13790223167142285	0.13815110201274425	-0.029306282007325598	7.689870244019055
SOTCAG	0.5635073236874293	-0.611249726824598	-0.5656487630285598	-0.3745481679206345	5.0850258848854715
SOTJIX	0.5248446639606472	-0.9559801089661384	-0.23898817186795224	-0.13002536151750704	5.695948410159282
SOTNIZ	0.4494581151240906	0.5400584660824315	-0.6151108244880064	0.11648561823736327	6.158856689076927
SOTTIH	0.9986165460776961	0.24488971867178072	0.23074991430130837	-0.056747859311162344	8.958245088672317
SOTTUT	0.9662125237051251	-0.49218338573392695	0.6805634324272933	-0.13537463195398253	9.753554718785256
SOWHAO	0.4944820228469444	-0.044439299646897835	-0.22777197605640814	-0.015692877143650894	5.997597158012801
SOWMAV	0.4264485537311522	0.040534811367207164	-0.7115912225506396	0.6756206563064255	5.843548117060047
SOXMUN	0.6396879070416901	0.2887736508024364	-0.21995881032821274	0.09526918224470296	6.849568357067543
SOYWUA	0.5269446381510559	-0.14099334062897423	-0.40645637304472554	0.1744925799335661	5.738022879943208
SOZKAT	0.3013696845971392	0.15118141149025935	-1.1846006279971086	-0.23277860673699846	4.707064795614618
SOZXAJ	0.6860158398890412	-0.1232819320028969	0.12399703694795532	-0.12057812850540969	7.192507610345122
SUGPIW	0.7372062256935745	-0.1854650098171859	0.10288523259678319	0.11142354390589296	7.248730179218421
SUGQOA	0.6301743181350723	-1.1944105941275391	0.049969041533436634	0.05530030259827885	6.827391906107582
SUGSOF	0.7912300239024868	1.2524753785675817	-0.19572939281888768	-0.18112208897827048	9.910347738417856
SUJMOC	0.6046479797643984	0.1757400212098928	-0.12342344745621017	-0.2573285261507046	7.022219859746069
SUKHEO	0.6054520268601404	0.7294118027427576	-0.070674485811207	-0.07592373679357636	7.769897842919893
SUNNAR	0.746226978872186	-0.8548602726314918	0.5212958505303973	0.19610988175919566	8.60045325732867
SUNQOH	0.5934066755782057	-0.7502034072954313	-0.10940767535738047	-0.049089667383998656	6.010713739676939
SUNQUN	0.7225232684673326	-0.3089530636691947	-0.08726314412977629	0.04742874805950995	6.70123707798807
SUPDIQ	0.39409040301322396	0.16016465234716062	-0.3664415197208193	0.44105306799798816	6.139730838856056
SUPJIX	0.8027282596809275	-0.08561331504581597	0.40599428396440274	-0.010639256188503296	8.145311605464258
SUPRUQ	0.7891989286609915	-0.2637854004280081	0.02159384999880369	0.023966119987826183	7.14406231479561
SUPXEI	0.835501731992542	-0.0511588275953849	0.5422567987075624	-0.33938665415407165	9.170123586955587
SUPXUY	0.8183125777442761	-0.14314105400990434	0.5277641082825015	-0.2495456507632427	9.022993621689855
SUPYAF	0.8470282386540644	-0.17846601870946377	0.5552483478062576	-0.18535485885668906	9.199327923148568
SUPYEJ	0.8820836392499558	-0.22866436861429623	0.65184733301958	-0.16765501381818845	9.544044365258202
SUQBOY	0.5920357181404796	-0.5423558449993373	-0.17501247744123388	-0.5091475876726707	6.067760951931394
SUQCIR	0.8032654716318035	0.6111723012155301	0.8807135950055267	-0.714910368904322	11.342186937212208
SUQKUN	0.8309145672038829	-0.10842399043493524	-0.025667783305063696	0.32460439674838315	7.280266028442231
SUQLAU	0.8583375751721434	-0.34596121924160117	0.0747716704946118	0.44996549965095667	7.553827190186635
SUQLEY	0.6967526629028908	-0.2655638136070314	-0.22035919866171738	0.13689211084263447	6.339466651033964
SUQLIC	0.7613950030451111	-0.3157731030980704	0.013315457474911419	0.2093947732349738	7.09138347800808
SUQLOI	0.7239585575462373	-0.5615479957504002	0.07494441999159093	0.10683771026918634	6.944338627768733
SUQLUO	0.777510348049681	-0.4332192379190792	0.1873921743171778	0.09374532250171581	7.425980023682878
SUQMID	0.8350126969002236	-0.1154774176761058	0.10919067595601253	0.2803489123557289	7.594482945987886
SUQMOJ	0.705488862636301	-0.5450130255420169	-0.008654014035311464	0.12360230001060507	6.681721374268467
SUQMUP	0.7379194317909246	-0.37221364489670883	-0.058918553088144976	0.21909402505185885	6.822296122825339
SUQNAW	0.8158653728548204	-0.31350480278811005	-0.07203447583919634	0.3180598613435418	7.029632614520501
SUQNIE	0.8291965427240093	-0.15667072096847562	-0.01146785961704408	0.3457492935549942	7.3830332013126565
SUQNOK	0.8156829053997301	-0.25946598984429425	0.023097703022763386	0.2434550058346848	7.1280812467324886
SUQNUQ	0.7593464369576797	-0.34422662705482726	0.04413286139026151	0.17955992214469305	7.107320951770802
SUQPAY	0.7199105243446313	-0.5441048483682032	0.07982001906379926	0.08278042176608154	6.900389741994064
SUQPEC	0.8083623826853046	-0.39463632990284664	0.06327132703234167	0.21604965429616635	7.117694599785996
SUQPIG	0.8376042271825561	-0.08849144581259193	0.059871324812349414	0.26286845068780484	7.414666007010928
SUQPOM	0.7696747299532669	-0.43978335882444863	0.13333181996416688	0.1759194650880195	7.371716557177811
SUQPUS	0.7381450887888805	-0.3651238181699241	-0.09381589117350803	0.24982117137410528	6.7814021329286645
SUQQED	0.8311930765939763	-0.4012384100127217	0.090183480403601	0.2611555054552116	7.317891233887834
SUQWOQ	0.6791337971306266	-0.44212926101793326	-0.08576093966900769	-0.24802311657853182	6.385584172062716
SUSLID	0.5925050061929733	-0.3438015377671712	-0.49290365821979415	-0.15396090376954324	5.468481589964153
SUSLOJ	0.6003377960080982	-0.5864595946879494	-0.5955497650754582	-0.05942884575055827	5.383610387796915
SUSPED	0.5132205101235776	-0.12619386603276705	-0.02597717556417986	-0.16522335724703507	6.335855431726102
SUVDUI	0.7660395884523403	0.4338624740604434	-0.15308247015941745	-0.031452617404813546	7.5917548888366335
SUVLEB	0.7337512054046664	0.7033516615677773	-0.06852907741358538	0.4364212152859467	8.34460662740628
SUVNOP	0.5012539001886118	0.2047486604924722	-0.49662751563894875	0.22425522337735965	6.096287155873186
SUVYUF	0.6197463368731579	0.15302684249781223	-0.11725992242699851	-0.06097967848009561	6.813505298269826
SUWTAH	0.6694314406268447	-0.10825390755639591	-0.3751217530020437	0.12159240909607422	5.936018064947562
SUWTIP	0.5870280443200837	0.14117326800509433	-0.15089232034753952	-0.059189456619421425	6.625460073400626
SUXPIL	0.6052040763417095	0.02056304367991376	-0.08909282801658922	-0.024858287980042124	6.566087114635735
SUXREJ	0.8736661262721093	0.596575273979846	1.3047805341446654	-0.31463020952210985	13.005694086865029
SUYCOF	0.9485922495021653	0.2990888039148374	0.29103786991685876	0.3685999447961381	9.165443854127803
SUYKAZ	0.7958919863986473	0.6672402772510204	0.24936673105826543	-0.3955215478123477	9.077955410021504
SUYTOX	0.5530372465771647	0.1885576952689014	-0.38293785422964155	0.030228719897862223	6.069974561444569
SUZBEU	0.9950872785233011	0.22344672042099187	0.5133951843678575	-0.3141089936099247	9.714559051304759
TACCIM	0.9083211317939526	0.9269227467462628	0.23705275416772062	0.20034437031447822	10.140737395189694
TACCOS	0.7659040528476595	0.2790355328406987	-0.218657302476632	0.47754183922107774	7.4376723933987865
TACCUY	0.8088279920596237	0.8145732205852951	0.24060913512833276	0.21079504603561738	9.412565192328923
TADXAY	0.872985860518205	-0.46040826413221986	0.01496455907403059	0.4358422722318104	7.391325657908229
TADXIG	0.8751523272138391	-0.37786127111548784	0.10478364783802367	0.4363289310253424	7.685310009713104
TADXOM	0.8274600527617633	-0.5192691169587744	0.04512851541408343	0.3475656954901728	7.172515787922655
TADXUS	0.7854172699993631	-0.8134734176184137	-0.0024487713034929137	0.2884334996885495	7.001035861423084
TADYAZ	0.7962515790486577	-0.5519239681948309	-0.010968484025171893	0.29765974017034813	6.911579033914407
TAHFUE	0.8190257426330936	-0.47591389920835225	0.35040815812983117	0.15660414629012304	7.970972899295376
TAHRUP	0.9196182380826841	0.11007838863500202	0.8142049179884372	0.308878107946607	10.493359302445638
TAHYIM	0.9020258976329343	0.6381360855315685	0.6521168962428177	0.04628520748778159	10.677196549015202
TAHYOS	0.9186968857198297	1.0663433191595137	0.5058232789394257	0.01970195119507534	11.157185989814689
TAHZAG	0.6181391684886952	0.4668024593921592	-0.16560375968728663	0.02062926498680284	7.145382201747534
TAJKAU	0.5396456587767142	-0.6133810750244129	-0.5686442249634434	-0.32407517629927296	5.0656045748422365
TALRUV	0.6719536440492941	0.9233171261199642	-0.11161703688623734	-0.10601927373570064	8.528607411904755
TALSAC	0.6662487932119765	0.8613863152467047	-0.147052169243784	0.0011253301106447997	8.326510870496943
TALXEM	0.5848323887425151	0.1518429656556367	-0.17476656986363925	-0.052425021772085814	6.546299335825292
TALZEM	0.6029843437904816	-0.42274673092869186	0.253834746657732	-0.04294664993366527	7.076725081223625
TANGOG	0.8969028887929236	0.5742256449929959	0.7258777534541365	-0.4952084843366442	10.744372454651511
TAPCAP	0.6167218879716794	-0.26995111598348664	-0.49838809859731054	-0.1759137935219638	5.490200303391779
TAPHAT	0.7419440111185995	0.6519458377374174	-0.3244230381916767	0.1396404361616605	7.69934706726437
TAPSEL	0.8420252545497267	-0.49068738165667064	0.5688476952836962	0.005014318037980003	8.784314270944396
TAPVOY	0.6894827714722869	0.20359053760991505	-0.16910471667275306	0.37688056507592993	6.884307851169097
TAPWAJ	0.6127368585995239	-0.786098555136385	0.11683063711161368	-0.24555140755966262	6.991498425092311
TAQTOV	0.6918467848723244	-0.6997816765380911	0.2158380040387778	0.04037044303067274	7.351187666198611
TAQWUG	0.7218953398727175	-0.9253140686476446	-0.004002907075213433	0.2174842629300364	6.784772312530246
TARMIK	0.5618836090469301	0.47889874736346943	-0.3711010395493393	0.0996364814265221	6.798325673097206
TARNIJ	0.6638954222809454	0.4815512523531326	-0.20333924293265387	-0.05286582153045759	7.129200116988606
TARWIT	0.9559398318098049	0.3339730862645614	0.4044279990830779	0.09942139549280715	9.34622069042624
TASDEY	0.879776204053905	-0.3874189192472636	0.6157155595837238	0.039978841757272766	9.267484848285104
TASZAP	0.8337103806130362	0.5002047708051001	0.288184630365756	-0.1693861487410125	8.85778031183075
TATZIB	0.9204909242292825	0.3960953240390727	0.3060551324162226	0.3201423157038078	9.285587140896775
TAVQAI	0.7399167780917315	0.7399669931627897	-0.12765293948681566	0.158378259339687	8.27837760716347
TAVREQ	0.5885779729557692	-0.15067101796329987	-0.5010077471419088	-0.0682235311325651	5.526435741588165
TAVRIU	0.6939695946966129	-0.1269399853296452	-0.4679417771365941	-0.14431477716466015	5.798408635724744
TAWHUW	0.7308756072455171	0.6283434297967738	0.3331524989043332	-0.30713009540632785	9.07387571828647
TAWJAE	0.6270189764524066	0.2532928359937724	0.18964746294884016	-0.2258202463952622	7.606372045768246
TAWJIM	0.8077969351556415	0.22146176321584307	0.7722693544153716	-0.13129938893523246	9.888965535442075
TAWVEU	0.3164557505611798	1.4213660114315565	-0.7620949068403751	0.4918015093677607	8.230584715049186
TAXGAC	0.58486551062086	0.26590800936023723	0.03854508109497254	-0.040140299816167346	7.194435366782538
TAXQIW	0.6497147416754565	-0.4097139157271546	-0.37882238708768423	0.20404546300487467	5.722464197343865
TAYQIU	0.6394892186789551	0.3833998973555412	-0.09696354380805292	0.1981201813461662	7.392491134885201
TAYQOA	0.6354934633179639	-0.2976396411707704	-0.4257545339550108	0.2529966597049409	5.796652589031766
TAYQUG	0.6134154003340573	0.014892201827713183	-0.24630360188968303	-0.013886342832645795	6.289389931865864
TAYRAN	0.6247392019297076	-0.00752866596922268	-0.21904232157881814	0.00849087569821377	6.377273875530012
TAYSER	0.8003760172474257	1.5151168701678266	-0.16881090578176006	-0.11196657961714057	10.688752065332737
TAYXEA	0.35278673557468565	0.278264198668247	-0.3505517292321671	-0.018270466746343424	5.7327908360510325
TAYXIE	0.34759165554791327	0.28782990691854654	-0.4261676155612996	0.03988501471862626	5.654898381630626
TAYXOK	0.3538371002106011	0.27497663019865143	-0.38533446460129217	0.026480120854366872	5.7117396394848985
TAZFEH	0.4899924630969652	-0.9217908859188593	-0.4339466079494913	-0.3835366584329464	5.277813557705006
TEBCOT	0.7125321730170935	-0.5378593219646544	-0.2711438488848941	0.10700449421229183	6.137771747937837
TEBDIP	0.6565705311381356	-0.4134063567912368	-0.45850607174799124	-0.31163239286016453	5.689609845665349
TEBDOT	0.7581666528149853	-0.08877575237527	0.24018918010441695	0.11251483446421502	7.865867256690811
TECBOU	0.7166866138299044	-0.27364211682979417	0.6302519248353706	-0.14816408388013325	8.602039950879343
TECREA	0.5466476038246499	-0.6449858869499079	-0.4273035582782854	-0.4500517065231191	5.337478104828679
TECRUQ	0.5444679143755353	-0.6464797495599337	-0.43219385782601843	-0.45607446221012526	5.320240631568989
TECTUR	0.8287170679850027	1.010702274665514	-0.18825942933942003	0.00541658643834861	9.214373605891987
TEDCOX	0.5704947420184192	0.17883718028543377	-0.12166463801758734	-0.03556693475420252	6.596471279478614
TEDGUF	0.6767780468538156	-0.40572695634308714	-0.19483696234676456	-0.27009642273228973	6.220612853918608
TEFDIS	0.8568860085511174	0.8442356207757722	0.0893132238018974	-0.09936877841384097	9.369314420101109
TEFDOY	0.8600259623100097	0.7391572706835285	0.07848918343951977	-0.1210118307586019	9.079113654412357
TEFKIZ	0.735132012992266	-0.9866750432852569	0.08997266372511614	0.0136709296749133	7.183670170448889
TEFLIA	0.7920263342093978	-0.8729349524106347	0.07888410311639729	0.15321186693199904	7.108741070554353
TEFROP	0.6166958160692397	0.281680759370942	0.20735079634752737	-0.25154611182924774	7.659764162956266
TEGNUQ	0.4704474726069465	-0.44648548486348016	-0.16188572589290617	-0.10663247854807513	5.810123072376364
TEGPAY	0.5505564957640754	-0.5955493621509098	-0.21949438396367138	-0.14179568969703898	5.91665332743916
TEGRUS	0.6638403619591537	0.9843454546861483	-0.0606050704577861	0.020770045850305653	8.717324523437561
TEGVIK	0.69727795159812	-1.0568971774324236	-0.13581166862268823	0.15369116540047814	6.402399355595835
TEGYIP	0.5009946341995279	-0.59589536027409	-0.4410231660552499	-0.17663181818900986	5.07756524559819
TEHBOZ	0.5636824026883422	0.30542013702988935	-0.21322367920445762	0.008089897535005813	6.6430197372416915
TEHBUF	0.5746407931551447	0.2873461027086761	-0.27166668467402477	0.04329081598215299	6.566038876015588
TEHXOU	0.5685977157899806	0.018926591094938293	-0.11630796452661116	-0.09126254462671185	6.4962556583311075
TEJHUM	0.6537977235614418	0.5406849733264376	0.3907221280941039	-0.23763572985463674	8.730681359704322
TEJXEP	0.7751862695674827	-1.0824017272057682	0.1582114567162764	0.12738556248778352	7.4082169430799745
TEKCOB	0.8442579532533863	0.6118954681014241	0.21908515640553025	-0.04254423291075972	9.067752440990091
TEKHUP	0.6710343033933732	-0.5497854310331047	-0.365292550948145	-0.2823488302456445	5.71064657438892
TEKJEA	0.7614672376164027	0.1341566344859468	0.20675877513653768	-0.38508738866098224	8.031857852957252
TEKPAD	0.8626433672535221	0.7003853041026333	0.11505816767955138	0.322156973961945	9.216878995211932
TEKPIL	0.8615781490233401	0.7867358997552449	0.33542029681166824	0.05638350549328912	9.78032252876648
TELFUL	0.5277543033520242	0.5521500221073992	-0.3824756805384257	-0.09738429836214811	6.659524778933625
TEMZOC	0.4612462051644721	-0.7124313208028574	0.08316475170121489	0.2126273303802532	6.720779878992423
TENFUQ	0.6674944182440852	-0.486677349103917	-0.3362380884099621	-0.36471889951627745	5.858114225689752
TENGAX	0.6895193763721972	-0.4745097256372831	-0.32065814604908	-0.20327513965536542	6.0326702085140855
TENGEB	0.674305217511793	-0.17131254279150082	-0.11712550888812998	0.03683679455544689	6.404092172756931
TEQJAB	0.614815606908147	0.7627678820628576	-0.2617963601952194	0.025935907981824352	7.499828402045055
TERQEM	0.8267502507168398	-0.14484454180389603	0.0362989615931958	-0.00896055045583719	7.278344915093868
TETHEG	0.6113588858082855	0.4077440405265151	0.11285685923152179	-0.13566428556272572	7.658179663071029
TETQUE	0.605535673147731	0.1339441775355278	-0.32378890403876565	0.015678993018381326	6.375505542442454
TEVHAG	0.8679212195554546	-0.4646647617228196	0.6423029421084812	0.1466816851468531	8.986339838491281
TEVHUA	0.561127404037169	0.1787889111838805	-0.12960693674199963	-0.049859692019016404	6.553874622817643
TEVJAI	0.5486544031276006	0.13441997865400238	-0.14262116327579288	-0.023912632758462338	6.442041754187692
TEVJEM	0.5051772675937904	0.11897079165398794	-0.1515497380004649	-0.062212151675062485	6.272907579792076
TEVJIQ	0.5752800766285358	0.2563028251618846	-0.15977304921235252	-0.010618214080691033	6.64615626470495
TEVKEN	0.5613506701516879	0.1432343763525243	-0.18343172429548404	-0.06719431580083637	6.437997815230143
TEVMEP	0.6531887964057832	-0.8456331025571839	-0.4453627319904852	0.08786803131639223	5.637412161816724
TEVPET	0.5015432293114221	0.7349553021555213	-0.5561436443834304	0.038324788326596484	6.712117706695388
TEWNEO	0.8430384410661009	0.40029656595969304	0.2966834567298163	-0.09533493083206661	8.697229506108204
TEWSEV	0.669581247185044	0.4895910022747581	-0.06421738670841043	0.005779606991640394	7.456878322984881
TEWSIZ	0.6586960170216782	0.4313054182436327	-0.11400196635295595	-0.027402527490030634	7.254365254100366
TEWSOF	0.6134105187473136	0.186099104163609	-0.06428621648577806	-0.06094558111377232	6.855154874701775
TEXDAF	0.6762415193889488	0.0037901357783887597	0.17389039698453648	0.019697104682235258	7.355562428961881
TEXDEJ	0.687495459683924	-0.002614581456520831	0.18311443008504086	0.025041860318917572	7.407174317703375
TEXJAK	0.5288688345310559	0.10350017580045286	0.08889971666997812	-0.13614311876616755	6.8655150982516835
TEYDUZ	0.5447222962457277	-0.6441535146742252	-0.5845311223401344	-0.4086746272356345	5.007687160653282
TEYQAS	0.915673286581038	0.19422215511162388	0.3696179706848829	0.03900859688077067	8.908052456568862
TEYSIA	0.6499715921881402	-0.07940170013317399	-0.18646951640753517	-0.06399951141692897	6.3240253344423785
TEYSOG	0.6423604079768408	-0.07041763404014195	-0.17308810686237985	-0.059834814238130626	6.361945213383766
TEZKUF	0.8635132046023664	-0.2817013689449343	0.05758390948309712	0.42325331671172994	7.587559939447492
TEZLAM	0.5575743907065709	-0.7788936845141623	-0.1553025515232505	-0.3339475303235174	5.848778883486217
TEZWEC	0.5346233084852106	0.289319632896827	-0.30340316605562184	-0.06926847274406167	6.290283222756067
TEZWOM	0.533161551996792	0.18153907173372752	-0.3924954158645784	0.007934595889756983	5.996110986516076
TEZWUS	0.541315267636933	0.1692947812520815	-0.3930810049097965	0.0387229001083304	6.033136496298074
TFBZNP	0.954503280577975	-0.18345510878158908	0.5799886096357836	-0.1676300364341787	9.311004773624925
THFAZN	1.0169676865259527	0.06768035696076688	0.731189807663424	-0.24822762911936294	10.397716703075883
TIBPAX	0.8029451480070984	0.8940382553857356	-0.07757475366184041	0.11205469149263761	8.915074450767607
TIBPEB	0.7935150597221741	0.5519825106936518	0.054701625114572765	0.02844926086304768	8.273104485012174
TIBPIH	0.6483333493955312	-0.40794410759889566	-0.4620471207498689	-0.39490638638578746	5.672514049532715
TIBPON	0.653052298961275	-0.3175498080506579	-0.49214298189754185	-0.24441786501388196	5.656359425753558
TIBPUT	0.6540964937973461	-0.40358346732111894	-0.4452548255594044	-0.34943311091605866	5.702432629282615
TIBQIG	0.7682547341606698	0.6990344198534739	0.10473564765686438	-0.21673518300976785	8.638434653892142
TIBZEK	0.862880119503525	-0.2689198214619165	0.6175426355465534	-0.055314617473411806	9.148623707307662
TICMOJ	0.7855284252610462	-0.9366986135202986	0.3754033635578024	-0.006627332228797865	7.921733015957774
TICNUP	0.7182405713823234	-0.3869807993844416	0.1867775753998529	0.23630779078381045	7.558361328049278
TICXEK	0.8648377606009818	-0.38810092212038555	0.5773499581013979	-0.040212629168109866	8.804871624481585
TIDJEV	0.886964470091093	-0.4699496976212683	0.15314552118877298	0.23025221841452176	7.75917001348318
TIDJIZ	0.6950211158095332	0.0841249324580196	-0.034785143266253093	0.33747897175777497	7.207484906966445
TIFJIF	0.737850333489483	-0.3576257867402868	0.33403884025171426	-0.03373657613842272	7.608926959887475
TIFLED	0.779863866646485	-0.1366591195436458	0.1919882172685013	0.10650661321921599	7.638018859323327
TIFLIH	0.7900884674271991	0.04852635311090825	0.09680881486000113	0.10453740309690618	7.596344806871211
TIFLON	0.7328544881692594	-0.19103309168562946	0.14686769742480493	-0.0021352264377766704	7.205001810632113
TIFLUT	0.8114646408257977	-0.06619005717249225	0.12428287000279119	0.14010603692260473	7.564656234916619
TIFMAA	0.7689547049167658	-0.021679325111859736	0.16527308445377287	0.04325252955151038	7.652870089304026
TIFNOO	0.7104085001479579	-0.1644989540757448	0.05122089049962163	0.19246147414635012	7.175030119233815
TIFVOX	0.7185570132858299	-0.07335574577941079	-0.11602752148885864	0.20306743020853293	6.831651867776264
TIFVUD	0.6174436500326843	-0.45476957692657044	-0.2082363259405522	0.2669762148687752	6.332963315411881
TIGCES	0.9553074501212473	1.035478202313462	-0.11753791079771853	0.1489236866061871	9.855901954993369
TIGJEZ	0.916042117224352	0.7553200261120465	0.6779314410431982	-0.008149519245293184	10.8490275031504
TIGKAW	0.5452790884720757	0.08330442075682427	-0.4390007361475588	0.10826016274160598	6.052224584599211
TIGKUP	0.8723437866647208	0.5091523654989869	0.3130182373626298	-0.20290925721828199	9.114944133602707
TIGXOY	0.5632206673749671	-0.632536022045239	0.06177549589660208	-0.0985961567494376	6.446473484835316
TIHDAR	0.7633244908452932	0.6770093499418857	0.08452419836070818	-0.16739688269776334	8.55343722152448
TIHMUV	0.4592052241016864	-0.3720426954982211	-0.35483014529077134	0.18738052957559914	5.436347360063905
TIHPUZ	0.5693866510046535	0.11029614646777353	-0.19044098579598506	-0.053739692580558045	6.418519246901095
TIHQAG	0.6169518137288152	0.015489014852768046	-0.14558404265582137	0.02797587329409918	6.616968733537794
TIHQEK	0.6286362905294105	0.05045398965592297	-0.14575512329637258	0.02031952974190116	6.697361552588742
TIHQIO	0.5635940687574506	0.19447215908185422	-0.37806844959453345	0.14858252378051698	6.267432873853608
TIHQOU	0.5606346396255413	-0.08803381362518378	-0.30092800589425955	0.031717891446551925	6.022429499803685
TIHZET	0.7247840744640346	-0.2712190360987333	-0.0969571960721323	-0.08300614563371095	6.591891682550649
TIJPEH	0.5722552089756059	0.32489098829440505	-0.10274847460761288	-0.06011905234330905	6.955244962821569
TIJWES	0.6195628219166895	0.19977152675622115	-0.14609639600581747	-0.033650582714336075	6.78313907613293
TIKPIN	0.656591372187731	0.5469324869869805	-0.04764352328868404	-0.02708204206212985	7.7197407226838965
TILFAY	0.9394442354522488	0.19885899868865095	0.46793608545406046	-0.23445844263016888	9.424847712291905
TILSUG	0.900361722358376	-0.735846015205174	0.6278845766777326	0.3077929544747926	9.377642507186806
TIMKIJ	0.7039044511622619	0.043134676799980363	0.2839005940089434	0.31948283548409195	8.052989108243745
TIMQEM	0.821453277820047	-0.5546888264622074	0.33975161836823364	0.16051081003415021	7.9434275513054535
TINBIC	0.504834280914471	0.048359667402386355	-0.4149719469185607	0.23052027883351262	5.785296537352785
TIPCEB	0.6082575647023223	0.6504459879989801	-0.34667595422621367	0.007616633689577754	7.159294902236264
TIPXIZ	0.8487888326463437	0.9850014270373333	-0.10826590985720017	-0.0893128930129158	9.229796825361001
TIQJEM	0.5605097237463079	0.06344061580620663	-0.17877554535302992	-0.05842943724921482	6.360009857360485
TIQLEK	0.5814520501355798	-0.008121897010396457	-0.479758556959424	-0.008309021701264303	5.763341766694676
TIQLIO	0.5809863272254976	-0.016727062971936452	-0.4826341382411043	-0.009632503176824157	5.766515900496157
TIQLOU	0.5883342878107483	-0.044054656068859936	-0.4671893317795312	0.10376933416929297	5.975756858311982
TIQVAQ	0.7083449569775988	0.4261784523118727	0.4679447403623776	0.0922730941907376	9.053987515212896
TIQWOJ	0.6183257071784638	0.021028609552525876	0.07030359561544676	0.05075060478928718	7.006400891695467
TIRMUF	0.7256972657701128	-0.168461057677486	0.23077918765989403	-0.5049245063494275	7.509328685123096
TIRVIA	0.6121060903851436	0.2834176243827446	-0.3434175646178952	0.016809673772843873	6.489557855646891
TISBOM	0.8962118233905016	0.5588129158359529	0.18544432354971518	-0.07042191791026767	9.013158094376331
TISBUS	0.8669319087729122	0.647617292524264	0.10381666610966907	-0.08511610803791714	8.93330676326541
TISJEK	0.8402954013546582	0.2805863626560335	0.2642693843055781	-0.1610601304703892	8.690698327152974
TITJOW	0.7400625154669633	0.8100567617053833	-0.06763548117760815	-0.24636995178862375	8.502400923658334
TITRIY	0.8741326601970671	-0.03795449677714251	0.26354024259324255	-0.36780093663779667	8.198502017403701
TITXUR	0.661003142436976	0.6635143326507191	-0.033335999277884054	-0.0774811349663377	7.973600069837481
TIXLES	0.922567373805868	0.6990642408779089	0.39315293682539937	-0.04135897670605143	10.000099564828153
TIXRAU	0.5345740682678795	0.013353520408452047	-0.12303923753123117	-0.0984192756474065	6.323416992478487
TIXREY	0.4869052682542545	0.48918160478845735	-0.3295851918337858	0.14079663917596832	6.644969441890431
TIXXEG	0.5268635036378368	-0.016766059223824965	-0.2973324706669094	-0.006751068729583161	5.968919485515554
TIZFEO	0.6217346476763606	0.822223958467138	-0.2532052422001808	0.549082001990529	8.021242963610183
TOBBEU	0.5538543471901356	0.2919648016676283	-0.43606757858980255	0.05462496468624772	6.214322343621836
TOBBIY	0.5365408230081545	0.3138560845135709	-0.41293067151883894	0.03666158557303616	6.220846327088205
TOBBOE	0.5394657987368925	0.303296325964677	-0.4298211494285861	0.04537342408660763	6.196907283439681
TOBBUK	0.5511315239921704	0.296021033206331	-0.4278625162664758	0.04941803577840215	6.222619424660354
TOBDUK	0.532905495179107	-0.052205035313460414	-0.15578830556057732	-0.05246781088303661	6.239720752387083
TOBGIB	0.4003943400215908	-0.9400154674928003	-0.17717485869564986	-0.09530128440311197	5.656633027686558
TOBGOH	0.49961186223766685	-0.056025407039307376	-0.1123792387319617	-0.15558877753899109	6.179741371235923
TOBHOK	0.5015401196015112	-0.3846602865997767	-0.5367680760641873	0.5225189500773036	5.33251698634851
TOBHUQ	0.48536295741209656	-0.41572244129536495	-0.5968734370613509	0.37324353309673153	5.001199359185001
TOCFUP	0.55108855951765	-0.25671086537946947	-0.2445090136105983	0.3450773019110134	6.033948031205882
TOCKII	0.9062999343552303	0.18208406270469016	0.38907477874851293	-0.23340926827680983	8.915165980316152
TOCXEQ	0.6001789353328313	-0.24450710767465894	0.2604063034274901	-0.05934422058696906	7.309179654926545
TODNOS	0.6003070498242007	0.3496821690943172	-0.2512298460607833	-0.1324600621986876	6.636557159663987
TOFDAX	0.9562084688446166	-0.17206596213250755	0.5883445022620613	0.007294794240316227	9.167913051971231
TOGPUC	0.8810339399215916	0.8504215715495305	0.3406941181718124	0.19429318439333193	10.030804050632149
TOGQIR	0.8016070060138052	0.3756239578002123	0.042222405324850276	0.27113304152194917	8.02659524471121
TOGSUF	0.9442250408541621	0.35497776696253003	0.45177196321808727	0.1495144588801776	9.522586436850611
TOGWER	0.8746937629180547	0.441584771146983	0.5574072698273181	-0.27800539986917383	9.71603530324173
TOJHUX	0.6803503423430213	0.4762926015113575	-0.08454425054852485	0.04174137695927664	7.567591245458933
TOKBOL	0.9392519439195848	0.40589396928868143	0.41680000428035224	0.1687771083270501	9.427987627288918
TOKVOH	0.8216506230530909	-0.558835755492664	-0.3428351818978135	-0.31394108199596193	6.105627437248924
TOKZAX	0.635252456013208	0.21173320893976086	-0.1610008256660745	-0.030555962504991603	6.777981118107995
TOLDEF	0.8527498689681403	0.8913712573058221	0.046491079093045645	0.5240994546260802	9.63402394601507
TOLDIJ	0.8853238449754608	0.8849586409458459	0.2947078003691219	0.30418159686960045	10.016107455404164
TOLMUF	0.8446017263488192	-0.4870415866823523	0.14976959332759404	-0.2023724892173533	7.521655778602231
TOMTAR	0.9108644161136086	-0.27727947994112967	0.2615544337573438	-0.2620315393160083	8.202973318754623
TONGOU	0.5591239795417371	0.23649658146292213	-0.5768002043401701	-0.020811542621171582	5.836102605018188
TOPKUG	0.8190430052106956	-0.06253565273096087	0.4306590804296406	-0.17959768671389167	8.37075108437819
TOPYEE	0.6851318215695841	-0.46432552480324085	-0.0005380754957000772	-0.2024242505237795	6.522394355169435
TOQBUZ	0.754793704793598	-0.21485686116450475	0.353527753096768	-0.11798307953800712	7.829578460189516
TOQQEX	0.33405411242524075	0.475976700905702	-0.3167049850840353	-0.24342289651192564	6.118128615790415
TOQQOH	0.3244620512807188	0.4069129748995351	-0.37350325974803567	-0.046168234626077456	5.905380238015375
TOQRAU	0.5853485796796676	0.32618774868385947	-0.10165328849803759	-0.22063752685485474	6.778054273812749
TORPIC	0.6043212813210364	-0.3854858648393219	-0.5240808641661006	-0.20051528564622764	5.336472353872368
TORQUM	0.8199078420490009	1.080227585011455	0.1154552357207072	0.2273685927848585	9.97533771525986
TOSJOC	0.8946814872779507	-0.9540894147460945	0.6014497900539457	0.10140231886612577	9.498406538571766
TOSROK	0.8487092825055562	0.6379548163408926	0.7399610024834211	-0.22336243149869778	10.568584344973923
TOTXAE	0.6854708464218433	0.31244484761967267	0.2282005927876896	-0.095001222498785	7.923289128381626
TOVZEM	0.7634065556768963	0.5653114505455892	0.19517552577658925	0.17645107421696254	9.00412355859151
TOXDIV	0.9439224993256765	0.1150433963377556	0.3604865019467868	-0.033729297790318094	8.841348119430355
TOXMIE	0.8414730115035782	0.9662534296681524	0.41003215273354576	-0.3648243739846102	10.464432173773925
TOZZAL	0.8655177630312467	-0.4822794333370912	0.6493518834741914	0.16281379301767718	8.932016603978825
TTAZNP	0.9496927564392461	-0.18093850438720732	0.5538402674130039	-0.17922449536977275	9.226027831106444
TUBPIR	0.7900502385321042	-0.14390241704962725	0.08867883655500385	-0.08150627587246323	7.489255207103258
TUBTUI	0.7824943346256523	-0.6353884399232574	0.3619541993691597	0.13553012574252576	8.031722005490028
TUCYOG	0.9002418256457636	0.7552716132080302	0.0756888796666752	0.16348191136617918	9.226964793070492
TUCYOI	0.25478967989876544	0.293951700233092	-0.6252096951562744	0.033983246021630775	5.160739360491489
TUDGUU	0.3561099119052571	0.5444229643437033	-0.699925703840663	-0.023089402407810773	5.758140570029552
TUDNIQ	0.6086165011256721	-0.5465282225911292	-0.034721826949337176	0.05868052907915536	6.2874417962855595
TUDQAN	0.8024296631650332	0.6107041843032859	0.8774484927057171	-0.7140328876651831	11.3228106546157
TUDQIV	0.805000323130578	0.6158653378078505	0.8793819620272569	-0.7148128185846496	11.351860687967436
TUDZAW	1.006232916395656	0.40132761645900666	-0.030275406353708845	-0.09310206332056843	8.40258618097777
TUFGAD	0.9849306028518852	-0.4705639661221056	0.5855834763666479	0.3076494483158456	9.387713430059959
TUFTOF	0.8419561126438717	0.7559251054695175	0.29939231535647476	0.22438864983775586	9.58040397752179
TUHJEM	0.6662170684159969	-0.5693216712788298	-0.09892948744585858	0.2311135055741622	6.5507802922634815
TUHJOW	0.8776672901593319	0.0922945213348229	0.24829913963307948	0.1849348314515508	8.436990060261246
TUJJOY	0.6998020549462813	-0.7543476332250578	-0.06000465472860095	-0.3014770618418354	6.388158294273155
TUJPIX	0.7021838502501332	0.24563760502847393	0.3259365181257779	-0.19427509980377852	8.15694077886658
TUJQIY	0.5896113744528035	-0.7068114349813421	-0.3976281216725222	-0.08983948770677697	5.366070788970669
TUJWAZ	0.7882948064919635	-0.6792967337716092	0.08450127999660008	0.07203544573694388	7.076354533815151
TUJWIH	0.7883821109111109	-0.6361697258057855	0.06048516940734203	0.10672295409820731	7.024966196609828
TUJXIG	0.5574071025024381	0.19574618207889646	-0.12886357049248842	-0.09479529455579076	6.572182176014289
TUKKER	0.7529472100286352	0.11688048112906058	0.26064544198872697	-0.011170287424641583	7.955235595846572
TUKKIV	0.7245015544658528	0.17985017939233147	0.14700829925907213	-0.05732992472842665	7.654434673701605
TULDEJ	0.8680784955520391	-0.21612881292319544	-0.01878173601830782	0.5076037937276997	7.390121100592596
TULDIN	0.8703591609353767	-0.4753067181539859	0.10450503008753889	0.21738767366317266	7.524804810800081
TULLUJ	0.6996242983962828	-0.171413984720461	0.15445416653488273	-0.085585591341684	7.196586353785008
TUMGAM	0.6988845254804161	-0.61760965986474	0.16037561765585143	0.03215542511459308	7.0612939659205125
TUMQAT	0.5616977955346112	0.2503109120048231	-0.14330954360779574	-0.01376023229786786	6.814019719683778
TUMQEX	0.5402859753107059	0.449349473711801	-0.19800877334784606	0.2764914494054057	7.031044510320713
TUMQIB	0.5375349203005957	0.038684029363532546	-0.7928269960640604	0.6532791169511568	6.342110573806309
TUMQOI	0.6210803927190787	-0.7184132634488103	0.14537615333932952	-0.05725845428584173	6.935172137913097
TUNSAY	0.8905432083349201	0.5173402718011815	0.594977345971496	-0.2135818788905323	10.12872774593913
TURHET	0.9212675230679874	0.10721741966473516	0.5179208991786436	0.08538816673660203	9.484656167437725
TURHUJ	0.6333981991267645	-0.7491431499289036	-0.2190454675807048	0.13418007776857835	5.904019248669781
TURMID	0.6733515402706995	0.02352638439717116	0.22036423690912255	-0.12378652125946801	7.62658996109429
TURMUP	0.6993656916691569	-0.36996774086453665	0.30977521794367996	-0.11965325948652089	7.547875721546661
TURZOW	0.4968288556406639	-0.6870260798147423	-0.3495553184201578	-0.3448250424192735	5.47501087482289
TUSCES	0.7574348283427659	-0.31961832848988597	-0.39046714581279934	-0.13695013190574507	6.08482251622014
TUSCIW	0.7501963559783285	-0.3594948333060131	-0.3489599500214161	-0.23202962776928926	6.147272953026906
TUSTIL	0.633757381896185	0.5776944590873974	-0.08615316820820246	0.03365635858787406	7.647544232291662
TUTCOD	0.5237229774202259	-0.7773508456122127	-0.08202247482290514	-0.09653217055081767	6.011743437107232
TUTNEC	0.8784562039244195	0.11413430672937339	0.3560351336356442	-0.10199963756059599	8.67680791350648
TUWLIJ	0.9413787171710588	0.35597928772597226	0.33086081116794264	-0.10120477796522456	9.15521949958987
TUWQAE	0.6749086098271926	0.509461722428745	-0.11637874600733594	-0.04962211555217769	7.526610900705151
TUWQEI	0.5283147422683747	0.8042911021947203	-0.4300115596444151	0.15824895895549174	7.463009219101372
TUXQOV	0.5602474779614521	0.028883405392994457	-0.11250654967704604	-0.09484287718956644	6.4896604554584325
TUXQUB	0.5697812116239245	-0.02628294207120992	-0.12505209414694285	-0.09305010382916987	6.426793285393114
TUYBAR	0.5707318750000638	-0.8335709344768347	0.008544390505650673	-0.0543830257858845	6.400395713768717
TUYGAX	0.8576245492430061	-0.40133746269939474	0.2521926623667289	0.14294705751154704	8.017838161579382
TUYXIV	0.8414710913840588	0.27110536977443306	0.38431732367479154	-0.2765653850249955	8.812585721246105
TUZMIM	0.8594549963263542	-0.13730526424076514	0.099102625671255	0.37072263572244013	7.793452767471385
TUZMOS	0.7956039748060677	-0.5386387497929528	0.06315996663533431	0.2506095803567523	7.089941340281406
UBAFIO	0.5384703598158787	0.16832635808921215	-0.3019389836633605	0.05499455864318842	6.212513841726283
UBAKIU	0.5667744628156353	0.5354107611685794	-0.36475674939691205	-0.05903684580990118	6.86658612468515
UBEDEO	0.5744874886808988	0.3390821983771127	-0.07987557191773895	-0.13382809387516892	6.920347423581253
UBEFIU	0.685943692545707	0.2980552255909342	0.04136641201194581	-0.10550157558959312	7.498340775530394
UBEWIJ	0.6004773702206991	0.022491009550685247	0.066021219456635	-0.14531240102172757	7.164124379191008
UBOBOC	0.6135251605368532	0.3562838994698815	-0.08332424810504124	-0.0590653113625255	7.1616393009966615
UBOMUW	0.4524164639139112	0.4713155537200335	-0.5997010005809162	0.13191108364581128	6.193556063661004
UCARUO	0.5267574499094065	0.34019291789654094	-0.279740443517444	-0.08192582115801628	6.409543596114089
UCASOG	0.7277398241049733	0.79484290188345	-0.14605882889875926	0.2890703799534753	8.18663841836985
UCATEX	0.5906443834169197	0.7065399528351168	-0.2100478876138273	-0.016914372087121356	7.463474310235294
UCATIB	0.5912561377432093	0.7122946788319202	-0.20466668854954373	-0.02263786857306156	7.494973101341123
UCEDEL	0.8391153082079992	0.7193086622606626	0.26051676592680206	0.2322084579788932	9.3821286553489
UCELEU	0.9260090582987521	-0.22766473639989812	0.919293522975061	0.023263653370907883	10.54317298678677
UCEQOL	0.5528068368638044	-0.5585530692891361	-0.6043978867312227	-0.4158545791973186	4.995720022681458
UCIFOC	0.33420148689013285	-0.47122962849539174	0.1711670407425548	-0.5166254890442709	6.264434944184613
UCIGAP	0.4441721815490114	-0.4928030900272893	0.16444579902983322	-0.454380129107243	6.449529903339072
UCIVOR	0.715595001888893	-0.851549438638133	0.37288010000815514	0.14763291391912037	7.4753177737187055
UCOLIH	0.5437889534311333	0.4474593605432692	-0.4637493478928731	0.08018640342760273	6.398025501726008
UCOLON	0.6021238442091139	0.07970121977489456	-0.5396225457225683	-0.007539549255419604	5.740374354100899
UCUZIB	0.6192238837714497	0.21511533743294245	-0.31514181554453063	-0.04349315836754289	6.376615569256932
UDAGOY	0.5393358002683906	-0.7675178900584183	-0.05644828646434791	-0.09291725878636782	6.11761675932341
UDIJIA	0.5897691089696355	0.12792340705417848	-0.5238709900801115	-0.05775689313017471	5.8517791062719375
UDIRIL	0.5280549372678998	0.2761510065311749	0.04925649143179929	-0.18684890424487222	6.981796465659416
UDIVAH	0.7432378051242852	-0.4928576290790813	0.22250293248831163	0.2072224116563567	7.522463797268266
UDOCUL	0.6395790830127428	-0.020380160600111046	-0.04486734243070198	0.19919493724674983	6.770172742879733
UDODAS	0.8393485888078871	-0.01106205579232486	0.09761004349262038	0.4653110555029857	7.895484345774821
UDODIA	0.7575845001975337	-0.1782872699731968	0.1812709450854451	0.2335970325132521	7.629329851145148
UDODOG	0.6204836349999301	-0.023298496723487452	-0.207399967043993	0.16859918075806085	6.4470233954229
UDODUM	0.7692994312296024	0.14161320115631684	-0.0033594723730057396	0.2623531350175762	7.579643668530824
UDOFAU	0.7017768899615993	0.08702332182083088	-0.13780466893767357	0.18514785797161837	6.89139232280427
UDOMEG	0.7465827843080834	-0.3734200088786028	0.33609319729655673	-0.05116697496106902	7.63038214247128
UDOMIK	0.7660180559984822	-0.5115439674435833	0.10128102340517335	-0.10794577823511349	6.999373971537947
UDUXUQ	0.7193788494069224	-0.8618239211412344	0.5725076091427073	0.3574286622738534	8.830828390955823
UFAPOG	0.937854670904434	0.7462503059761623	0.0647433834985015	0.1553481660824124	9.353276996489097
UFAQAT	0.9247634240668896	0.7993306677299552	0.062178139025256145	0.14158009699590607	9.443928493316173
UFAVOP	0.6370454110376551	-0.5611689646847773	-0.4402885834627787	-0.27495716712424023	5.592099722239282
UFISUA	0.8084901635200366	-0.8051021726754437	0.2166415296726677	0.1312428031818446	7.486731549306315
UFIZEO	0.6693007727206446	-0.43988205574787315	0.047077656099297524	0.050152167139458304	6.741851176665601
UFONEJ	0.5496296380843848	-0.7474691382704868	0.010076177552881649	-0.08842367945777116	6.305517906910799
UFUHAE	0.5106645311946734	0.6121160770684506	-0.1323060715181881	0.05514565895974037	7.202742454890797
UGAFIS	0.5653557987457205	0.3354646010556937	0.14269609836038175	-0.14844846863394615	7.38557221569495
UGANOG	0.6216059638612617	0.2959265375650052	0.07738218733291274	-0.17833363212194298	7.422639155410412
UGAVIJ	0.6814432333274336	0.1514931752724048	-0.18165129609911485	0.052153770671383895	6.888727603087043
UGEDAO	0.9474115051187848	0.4081932229934177	0.40513631865529653	-0.4287288160958983	9.380304986494192
UGEDES	0.868445691407536	0.55482518376145	0.0834282666153462	-0.3091847892034929	8.665749166535372
UGEJIA	0.5453013748629854	0.11650928372842048	-0.4136328074514369	-0.06328966514902776	5.94192686795636
UGEQAB	0.5301283429152379	0.2187596791418669	-0.08338534674392972	-0.18354879678317731	6.700353474506516
UGESUW	0.7620849089749422	-1.1405571919726276	0.3611527066179414	0.16095954001461607	8.23335203274627
UGIBAP	0.8957356985073854	0.3538858993594744	0.3369208730263943	-0.09224826794798882	9.035771227338923
UGINEE	0.7807571440607832	-1.052774067299929	0.16518448871710242	0.09643584728369596	7.442387801819321
UGINII	0.7162845731096361	-1.0270921167554221	-0.12160561962351449	0.1497330601308216	6.411264677442845
UGINOO	0.7839350310078199	-1.0611886391477177	0.15364096477903377	0.10472836500524055	7.401291048783344
UGISIO	0.7861626777423192	-0.8728971904238061	0.15384837777530205	0.18863708035392757	7.329257645167318
UGIXOA	0.6977306495244893	-0.9748785892155014	-0.04366530306812924	0.21178320086798683	6.656151493908212
UGIXUG	0.7046255410176236	-0.9848136514177352	-0.059844049677901856	0.20881338306621774	6.609216948252463
UGIYAN	0.7085403686985039	-0.9910399874295339	-0.07770871257912335	0.1738897507771982	6.560906716609031
UGODUQ	0.5799388060901007	0.47979608842655286	-0.33124556792488635	0.10238033006069153	6.908480839469212
UGOFEC	0.5794913007644293	0.4781821062497143	-0.32369036024418113	0.09545884439505353	6.9147320234091305
UGOKAC	0.7317986872503219	0.4286145423657588	-0.09065543561324854	0.19156973230902719	7.572210214101134
UGOKUW	0.9453657699754867	0.5037712642645769	0.5158923874118759	0.07846518603504528	10.000338333206066
UHAQAW	0.6002194386295301	-0.10506487882031364	-0.27884483617078865	0.11140994605327172	6.184096001527857
UHAZAE	0.6472287996248438	0.303423098264947	-0.28915909731016187	-0.04662990244622871	6.710941671147421
UHEKAU	0.49582989251269627	0.27443308684181883	-0.3596670654751233	0.07281403429645586	6.202642902543193
UHERAC	0.5772446912234717	-0.021853347176599924	-0.11439250968215134	-0.09171991960836266	6.461243096659406
UHETUY	0.5860933284553802	0.9801166479150205	-0.5184004796419861	-0.09395873101101646	7.7177281560390885
UHINUU	0.6621928707312055	1.1721654034753395	0.28331150567003505	-0.4576684056296725	10.210740453295442
UHOMAG	0.9379326548360618	0.7621406164462408	0.39909755888900283	-0.3270844774935645	10.247575573099406
UHOWAQ	0.4210334579648496	-1.1151051156688334	-0.39183095202945845	-0.39654266420701845	5.315622067037477
UHOXAS	0.836107764968423	0.10354340995536918	0.6294729978710232	-0.10132914546383812	9.410342730388557
UJAQIF	0.6879395535987483	0.28872870329130224	0.16348885780140848	-0.03341964602884595	7.785306856527352
UJIRUB	0.72755630158243	0.26627119962828044	0.3376660100962594	-0.07316485996315057	8.296150891013047
UJOHOT	0.5767829017155606	-0.5999747513699256	-0.2774976641463946	-0.14852374235496363	5.720678659034767
UJOHUZ	0.8192563899361955	-0.35485109119903674	0.19025406836704178	0.05533449083008407	7.631647930985528
UJUCIM	0.7420664435744477	1.0519831847722045	0.12492857818856487	-0.022637402858908574	9.548609246945011
UJUDIN	0.6326846659484753	-0.24603033112060563	-0.26122560934021805	-0.07871731968686961	5.943091529701559
UJUDOT	0.8647646819002075	0.5126284314421825	0.43948819598116795	-0.058806862774610766	9.545885796546072
UJUNAO	0.7575054692491081	0.6356307959549912	0.27205943299743407	0.030299279067667682	8.995552022149386
UJUPAT	0.5837117167581285	-0.014356081638054687	-0.426158692640698	0.4653625290332656	5.931552603565634
UJUPIB	0.5342434616596838	-0.11845783432450878	-0.45829329137040203	0.3500793223107571	5.652483575408486
UJUPOH	0.5675623471815667	-0.11300539950607114	-0.3269433675488177	0.35702508206418904	6.10606398634709
UJUPUN	0.566833763550763	-0.07257581171463728	-0.2678510982322492	0.31953480041796845	6.376657070962597
UJUQAU	0.6510172422734417	-0.2782147674880168	-0.5644757628935779	0.010828684865315949	5.574633643212209
UJUQEY	0.49885809911446266	-0.8456126043784093	-0.49733048007832065	-0.2730632000625961	5.026380418918318
UKAWOV	0.9438194142873151	-0.24843604322943777	0.24254019172356214	-0.047044295675939964	8.345837884153832
UKEZIV	0.6418291373982079	0.0435586146079827	-0.06913159942012531	-0.015074795461501929	6.671321302886153
UKIMEI	0.7986469144484563	0.06537797749533443	0.27671817650898656	0.23883954818016265	8.236399829754617
UKIWES	0.7481406584903789	0.9858131774562156	0.44165019476060974	-0.17520288853034857	10.320715592304968
UKOHIO	0.5506957082384627	0.09133527291789989	-0.22936766610551884	-0.026176252863497985	6.331373776504876
UKUMOC	0.7235674174510534	-0.4817974166387476	-0.00018614378676420906	0.17075148759267847	6.875780462032625
UKUWON	0.8603478791809955	0.7247752446223941	0.41931526607284497	0.17064152594056806	9.774712467921802
ULAKOI	0.9140490701180157	-0.7118078880492222	0.28615917765312127	0.05565487950831259	8.20771061916681
ULAPAZ	0.638569609138945	0.34131305079197316	0.17621498918900988	-0.07526300561381129	7.784636327865592
ULAQII	0.40697579868042943	-0.6688003045966766	-0.4176467570637284	-0.27408004085455673	5.00079810686435
ULASUW	0.5881653029899221	-0.13131712061979012	-0.17098294453302115	0.2531982773922715	6.3570791922581495
ULAVUY	0.9140239014422686	-0.4593026182227194	0.2656563904140842	-0.07992952783467772	8.155306981940223
ULAWEK	0.8842841609812488	0.4813344434850147	0.22703228824637178	0.22519894095698395	8.998840759073197
ULEQEJ	0.7816882162333867	0.17776610879255983	0.036881933146598433	-0.05410151550028292	7.43682317097387
ULICOH	0.508690758806936	-0.9833742814970343	0.03657460159309049	0.0808431802022374	6.509994387671193
ULIXEU	0.8200689242461143	-0.12413853313902068	0.6022969014757591	-0.26196388066060183	8.983747943655827
ULOWOH	0.8837209824110941	-0.49693268871785284	0.47848175333833315	0.17697216548758685	8.610912898379308
ULUJOC	0.5787412639234173	-0.5235381586192598	-0.5400800836175075	-0.43746724800803494	5.240743492724558
ULULAP	0.4877233441425135	0.7522962907081583	-0.517436177183128	-0.04402801945779447	6.80828439759757
UMACUJ	0.4315485128444667	-0.08733402895552626	-0.7254300919772765	-0.32801378663724734	4.878181914200079
UMAWIO	0.7321134379778531	0.4635666354792578	0.15394315861829788	0.07655499114429215	8.116247585562597
UMEQAH	0.826543429159944	0.20663205187054948	0.4810251547518518	0.017254384169254535	9.023659406899375
UMEQEL	0.6710674173437958	-0.5275489623165932	-0.1360204729909648	-0.013454425251418213	6.153121451763308
UMEQIP	0.5708564225017918	-0.6578196687610405	-0.19699617165190203	-0.15607736045158152	5.914810078995834
UMERAI	0.6536947178192589	-0.5729186330581426	-0.10422769113229777	-0.029670810449667642	6.186274741782892
UMIJOS	0.7135118441388704	-1.0077463206354476	-0.10358494238421681	0.1502754381080971	6.481141047000997
UMOBAZ	0.6281265922017134	-0.5199136225943786	-0.4445102803012771	-0.29946222234067277	5.407104114326768
UMOVIC	0.8416596314703453	0.12440234972111647	0.16538201258937435	0.02544280837932003	8.001455244487108
UMOXAX	0.8094377468850151	0.10329976254614674	-0.08185603057741828	-0.10525062007388455	7.290981192092607
UMUCEL	0.6164457201959026	0.1480060027057336	-0.1854869757048489	0.23315637815702406	6.984632075135248
UMUCIP	0.5997032525243009	0.13280920146888295	-0.20821736309523098	0.16740107221169565	6.6449633994380175
UMUCOV	0.6019091565965446	0.08264405309623478	-0.454506673266636	0.1778669925293004	6.032076660662326
UMUDEM	0.5579081328314874	-0.08182273357423718	-0.45524230244189695	-0.054851764226476994	5.674016802669035
UMUGIS	0.9183183745157768	-0.8563612897652517	0.6055570350260644	0.29088575030547714	9.451056355040418
UNADEU	0.7977720149781575	0.07093233830755963	0.7668818288607442	0.21150127013975223	9.808470774364473
UNEDAU	0.6597517123884025	-0.2870466967489838	-0.15566210081899068	-0.327573053961944	6.204998368437681
UNELEF	0.5567235811039417	-0.16168383108367085	-0.20733183113644266	0.29157261525337075	6.004883622146003
UNEQUB	0.7832116077857663	1.1507566379072556	-0.29729374009517956	-0.13857651608666466	9.34586069175964
UNIKIN	0.6773112030045301	0.01763106054521702	0.2946804646668703	-0.1517186141255216	7.74247664997948
UNODOR	0.8460152040063464	1.0128356622686923	-0.15887475655742056	-0.013053465941065025	9.256415363398354
UNOKIS	0.7700330314366957	0.8214121526078242	-0.009657328849995733	0.34178195247755727	8.795810721647209
UNOPUJ	0.6148077406074801	-0.6418470934714662	-0.4326154517329502	-0.3271906029445951	5.48882019282032
UNUHAO	0.5226324069370207	-0.034918972288592004	-0.22153612665864797	-0.008850138889654979	6.091650493434145
UNUKAR	0.8022567340911015	0.38633954314148156	0.2706166914303697	-0.060460166917143836	8.525987831890601
UPIGAC	0.6570752873512271	-0.3524341920278084	0.20939850088104348	-0.05010817490415423	7.175255669468066
UPUDUF	0.8634499321109059	1.0542694267801787	-0.1193002452106576	-0.08582309811609613	9.618893999960909
UPUDUG	0.5658352375097468	-0.2756865418358338	0.22781302587997665	-0.0646363353495519	7.121866914305421
UPURII	0.5707993756679981	-0.2636737461372576	0.22859240449802337	-0.06544958074223756	7.136809265601217
UPUTEF	0.5763982006406589	-0.7118595484315728	-0.34689564533398487	-0.3601965419625539	5.511828754934495
UQAFOI	0.86196392872671	0.4105316760877239	0.4755625287959487	-0.1516557599447286	9.397791822467763
UQALII	0.9224812043819774	0.5222690206999199	0.4475810461335015	-0.022241718767272753	9.686176944016719
UQAMEF	0.5930862202760192	0.2838755269932423	-0.2760532090052762	-0.01194726390263464	6.568788082818847
UQAZOD	0.8464812286512942	0.7975897375650305	0.18122471949884936	0.42377025996152007	9.436354198982501
UQEBAV	0.8115151412547519	0.7385778098750779	0.06105481692575515	0.5053576828832953	9.082855308610444
UQEBEZ	0.9187920205993132	0.37292094540350096	0.250861866051277	-0.06534585022675224	8.902556341551627
UQEBID	0.8601638907244205	0.6795217515539791	0.352795547830156	0.12033604662190428	9.522153303507283
UQENAG	0.609223434148503	0.5985566363741199	-0.017173079597753854	-0.14344632913827857	7.616004865413894
UQEPAK	0.5979628761587668	0.17576543835700956	-0.30349587697107383	0.08135572195833204	6.45824316440049
UQEQAL	0.611329573587919	0.09637961923560494	-0.21050705430823424	0.09790645545649165	6.582181309604744
UQOVII	0.6385883525159652	1.4810330549216133	0.4108876419262486	-0.5338507761184261	11.445433603644842
UQOWIH	0.5808744681081484	0.1124976770743299	-0.35612365681735475	-0.004330310770933588	6.103586329396919
UQOXIJ	0.6446691902291013	0.5863170566623233	-0.2640236974680065	0.10914424242946325	7.420269489294665
UQUKIB	0.6419472427745321	0.5886968698687756	-0.052383405833583724	-0.02687659140995737	7.750766349118532
UQUMEZ	0.9214234416213731	0.45516089310265484	0.3147461461355219	0.08273741103235216	9.26351238744937
UQUNUQ	0.8576032987801332	-0.5044797621082211	0.8889134905827785	0.10337915834252588	10.341074727992183
UQUSAB	0.9318573347684227	0.412032554421111	0.3737299180330617	0.12308542766015407	9.248453152878133
UQUZEM	0.7368987501296651	1.114708916297715	-0.5306448487637401	0.1537736712735889	8.85483495034108
UREPAL	0.8436194743885297	0.6086005500631966	0.2667894534304399	0.09504540264624857	9.044949288016396
UREPOZ	0.44528210820288905	0.10361212233586665	-0.1950580054361269	-0.12538355406855314	5.997599464619492
URIWAU	0.5936173367094977	0.02111563265991756	-0.10172143046163962	-0.08242099754059239	6.6040689897862785
URONUL	0.6976914002601724	-0.24895081508397	-0.20723509811980256	0.3134683688518012	6.47605169112836
UROVOP	0.6352213857576512	0.2046488518319465	-0.16135300454063783	-0.025543014313508482	6.772045994011599
URUWUB	0.5011776805287367	0.17140041966709274	-0.8731491876707302	0.664559736409993	6.231253915970311
USAYEU	0.6530129581917619	-0.6423779037326078	-0.38284424535971767	-0.2657176632202093	5.726264790263731
USEDED	0.4111994168856645	-1.0559845001628407	-0.5138543308709278	-0.4060021847749046	5.051482241115258
USEDIH	0.4903051704726291	-0.9522201581323082	-0.4500297029361234	-0.4067913932601066	5.208331384428216
USEDUT	0.4628533320402868	-0.9186729137482361	-0.4414023445963055	-0.4338453401085285	5.193127516263763
USEFIJ	0.45272204898111656	-1.0420439224433504	-0.43775014907284954	-0.31869166161801077	5.221918625809146
USITOG	0.8531822830313578	-0.1332205832159442	0.3375952549865694	0.025995911352744643	8.204127017584344
USIVAU	0.7865366349777307	-0.19108091883692319	0.24810417176854158	0.09268442324652283	7.709872375476476
USIVEZ	0.7258588653581564	-1.0397270996608494	-0.1407783250203064	0.1321137171437727	6.375667941091907
UTAPIQ	0.6748190761934243	-0.27878530490051084	-0.18389522129199593	0.23933665869681778	6.206429080664663
UTAVIW	0.7496168144204676	0.2917866746554059	0.3827399800299836	-0.12078403651257175	8.63165800275483
UTAWET	0.5275614376279529	-0.5387748641594847	-0.34974896792694304	-0.021799080713837828	5.447048308741106
UTAXAQ	0.5672994811744916	0.07946755449974408	-0.22268459316733524	-0.14123830779309765	6.22281715911433
UTEQOC	0.5442777247868653	-0.007105758538780059	-0.11331937480570078	-0.06797769806174012	6.306880675863579
UTERUJ	0.6164871408262753	0.17029708962940784	-0.07658625589100329	-0.03643878615732419	6.830733657320725
UTEXID	0.7916234467281607	-1.0593543592713792	0.15775769900662262	0.12523346735019375	7.4454840816231656
UTUGEW	0.9869632515899687	0.27374482944362344	0.7491536970759329	-0.35546582581967	10.61157325019715
UVAKAE	0.5527849009559249	0.3724169280855644	-0.6554379088526823	-0.09012955620198974	5.988534874414603
UVEVEY	0.9605984970339421	0.8940532830404804	-0.1574151457741324	0.21811682707914948	9.394669639585825
UVOPOM	0.48243190692454796	0.15908619655014838	-0.34284417086395863	0.019598431031660143	5.997643583794898
UVOVEH	0.5959393226925194	0.5233495838189821	-0.22760363937285283	0.033197541675018725	7.04179969312132
UVULON	0.49312569543055584	0.18770136309521612	-0.7897152180172602	0.596669549626537	6.1207912491227425
UVUMAB	0.6021745711115667	-0.7181492774839451	0.1806435099080668	0.021538743325887167	6.980541709141447
UVUMUU	0.7432958001656091	0.11336345966791267	0.028828608629179048	0.2346626617889724	7.437839977357674
UVUREK	0.5577928130052934	-0.03136149229650765	-0.2586019680835872	0.07787123789564249	6.202470533160529
UWANEO	0.49862927842137417	0.4401770453070417	-0.5232005997261444	0.08308607735461505	6.297057734898269
UWARIV	0.6210922411717741	0.22281485985632488	0.16361670412958668	-0.10758474235981877	7.48951266579634
UWAVOF	0.5559884581660128	0.07068985990853036	-0.4627294233764762	0.033827588269187504	5.779674504368819
UWEMER	0.5400863762997439	0.21331737795456207	-0.2971343317982908	-0.09125838354647095	6.326161194434681
UWIBUY	0.3197330363803621	0.046248025137473156	-0.7489096074664541	-0.06633986690008215	4.9572080341371745
UWIGEN	0.6912691150313872	0.3862055792109708	0.21444811033939437	-0.033492751042468266	8.038688885880376
UWIJAO	0.9086403925723028	-0.10827159576991498	0.636949226232461	0.006482305500986597	9.293497003854455
UWIKET	0.9524422039335372	0.17337936307909396	0.410998675795485	0.3166594144535486	9.093272840634043
UWIQEX	0.7552506672062043	0.3241459237854709	-0.15805789344367432	0.12746545751256813	7.241068497010763
UWIQOJ	0.9347338444970275	0.40403080559168236	0.32833518205109835	0.18160641866084873	9.242791457544397
UWIQUP	0.9348892152033974	0.44704792913928215	0.39818417859201044	0.14104184141187492	9.444217651820994
UWUKOP	0.6692812300498501	0.761956660070781	-0.2843558221611538	0.0328260667974648	7.9010430255321555
UWULAC	0.6892924083548246	0.8241025408064329	-0.3523614755557104	0.06350683418499695	7.934821236414941
UXAVAR	0.5400835476826531	-0.15294288849226612	-0.39893051999922485	0.28773996207825814	5.97280619028762
UXELEP	0.8920904484296592	-0.522102091045328	0.7730672439515562	0.29867103405453277	9.825007560690308
UXIFAJ	0.8643519389926135	0.47538751111872385	-0.0985874035108184	0.2332121522298196	8.000520623816827
UXOCOA	0.9273902578421049	-0.03012667068230765	0.9512454283593361	-0.24846731498266486	10.913532929791472
UXOMOL	0.9122520064203696	0.3694120260873501	0.22927098458386203	0.19777995885809957	8.765571295777953
UXOYEO	0.5008943999627959	-0.7679229574388668	-0.5284191791942763	-0.3969592472993868	4.988059472732678
UYAGIL	0.5501018700185796	0.24201087476599137	-0.3790853199306936	-0.10269819685713767	6.225867819654205
UYAHUY	0.773164056604366	-0.41135806922830304	0.375442771911802	-0.062868562653391	7.893446715407213
UYAJIO	0.809838400785118	0.6507684740689159	0.25126015049872913	0.09012923362334818	9.049200312647597
UYAQAO	0.5052995683298986	-0.2075743821770471	-0.37482171305865913	-0.28962700719337986	5.493812609632637
UYORAE	0.6081166209403639	-0.0400186777326654	-0.4379159957683764	0.06157990984115505	5.85169604607788
UZELIV	0.5364419162398093	-0.21855220156012284	-0.4269367494762531	0.25780200350783755	5.708621359450993
UZELOB	0.6183632215498793	-0.22756624066953413	-0.028007633355580264	0.21868413026351025	6.664320445114866
UZELUH	0.590186752581654	-0.6693096498899591	-0.3861368863343884	-0.05659146224618975	5.524657297636713
UZICIQ	0.911153089036091	0.20421400557217226	0.4648459659718734	0.10317107446075516	9.381945127001147
UZIDAJ	0.9635372506073496	-0.09902297626093069	0.6860159317635581	0.10729217637942401	9.730472868218722
UZIFAL	0.9222246785441541	0.6374090964289161	0.40691175327493306	0.005400851286913932	9.810854731315667
UZIKUM	0.6560813973730619	-0.26467979728973834	-0.44704059041855565	0.2816921850329135	5.7309999392198625
UZIWIM	0.8391781183444387	0.5557301872935054	0.42428458158738797	-0.03788217353892703	9.626469774262883
VACMAQ	0.7847971574432542	-0.6931903464052103	0.4310579081460781	-0.07584502040228605	8.11269375958768
VACMEU	0.7867798079490349	-0.6833656866895785	0.4550695652358215	-0.14896616936260804	7.982760117800908
VACMIY	0.9642076833208479	-0.44131491089446195	0.8276401858130775	0.32571905333623186	10.663228781445133
VADFEP	0.8261080130235641	0.23441120758760275	0.20202155733452143	-0.012909642303660526	8.053600015669549
VADTAW	0.8542242815199375	0.6270045495989545	0.19007766424516945	0.4509582508997785	9.077485677076112
VAFMAQ	0.396825757585213	1.0710809280039328	-0.3664632558885446	0.063557844382316	7.674282080981305
VAFMOE	0.5670998295448753	0.6387867717675704	-0.13263995861153152	0.00417643184840673	7.536472740387321
VAFQIC	0.6473200684935394	-1.0933035609312978	0.1238776960573993	0.10536473085335352	7.045026744929282
VAFTUR	0.7714304563588428	-1.0591391370412637	0.21555939480206954	0.14346688962179324	7.545040350902427
VAGJUL	0.6459118841071296	0.14450549416782135	-0.1499301632141526	0.11302298931474154	6.865947890362107
VAGVUV	0.4695967134829031	0.034600853028274994	-0.5517098852430151	-0.029465688442760644	5.417342941241338
VAHGAM	0.5723732844727198	0.20753487951915778	-0.44573488900287733	0.27347082211789164	6.186825558103077
VAHLAS	0.4099938648171806	0.029710860440951545	-0.7313209992432228	0.26717351383894017	5.35011612979154
VAJFIX	0.4928429313098581	-0.6122892833260913	-0.34965566431867484	0.16786948834609167	5.34277208606601
VAJFOD	0.4608663223087408	-0.8341344107440447	-0.09196324514627213	-0.108628798558944	5.966173986192443
VAJFUJ	0.5427913103028423	-0.8507846802555985	-0.1400633147148274	-0.0006243808403003457	5.981137816142333
VAJGET	0.6743032872349772	-0.6097579475617303	-0.3054645829297428	-0.32159121212034514	5.8593369411005245
VAJHUK	0.5529286018016277	0.5205401932670253	-0.32191726150261857	0.10184126597610897	6.996852092283133
VAJLID	0.8986294557159873	-0.38342923895900616	0.5721529449327198	0.1269871696060249	9.046294714574563
VAJZAK	0.5817789439025978	0.1460552722633037	-0.21047891703451566	-0.022878721221105597	6.4028771663412005
VAKJUN	0.8016226411793461	-0.6283443895456371	0.25004872024876895	0.10443135042406246	7.554280561315775
VAKKEY	0.7722348229595335	-0.05137933948451364	0.2724349463591431	0.030239799259242937	7.848656650477023
VALFIZ	0.4912051666342272	0.2379420274437964	0.021562839562852057	-0.09019693549696008	6.836485710415137
VALTUZ	0.4974473757855593	0.14044267546871522	-0.3376141341722305	-0.09337622819429492	5.961778279104522
VALVEL	0.3970336387956248	-0.5460731537926387	-0.4846124294970648	-0.0848914292750159	4.96970456481775
VALVIP	0.3975725494479807	-0.5465440732951516	-0.531303069022041	-0.08097107977692806	4.943542763548631
VAMFOG	0.5246948251351613	0.26167699034073433	-0.2807340407321282	-0.014356582493868682	6.371637451878254
VAQDOK	0.8610381492098078	0.5854322419641613	0.22742865992240152	0.38615609174722354	9.088098048150353
VAQZUK	0.761424334331001	-0.5225300307436223	0.17238123938199734	0.07700328576916335	7.272801686450318
VASQIS	0.7741603882319046	0.22934120453715176	-0.01048037116406754	0.5741890049292625	7.653596254920472
VATHAB	0.5423706709149565	-0.6395078949593138	-0.42886730253942634	-0.4615260539183268	5.316364522045868
VATSAM	0.5682708833189105	-0.013349707711941043	-0.49922819854618644	0.06990368707593365	5.612884887928655
VATWIY	0.9616134249667283	0.6505433910381562	0.1273556483411997	-0.10319181896326575	9.283801119751685
VAVBEA	0.8918151348079784	0.5131264917027087	0.21075941788665153	0.31186074691568333	8.936368318575965
VAWHIN	0.6039870884523868	-0.6275369115071492	-0.3889638015593411	-0.4438444930519466	5.5449689822523105
VAWHOT	0.5881678906412979	-0.5619909415155784	-0.484381019744423	-0.4268458331783863	5.333366019069467
VAWVIZ	0.6849860747255594	0.6778022258426546	-0.19096488008068263	-0.03103458529186792	7.72030634328123
VAWVOF	0.5940756961746274	1.0422483417379564	-0.6255714216672312	0.07605283014370381	7.875188929234706
VAYQER	0.624074322970988	0.42267968153859137	0.1481803154407716	-0.0408408994351465	7.8323760022026025
VAZDIK	0.6567133775710241	0.36044730506247213	0.285651998978777	-0.18378632420868096	8.059742741935604
VAZKUG	0.9649933280833869	0.4735116745799623	-0.16300137363299588	-0.02971680369542583	8.222648549520379
VAZVUO	0.690376455244138	0.19198839071496218	-0.1411204981013487	-0.06981888261626629	6.972482885754948
VAZZAA	0.7878771034809704	0.23480357572878002	0.09426012553486261	-0.34995142668006296	7.884282585076915
VAZZUT	0.5024430261429611	0.5342275161298096	-0.3050408178553777	-0.17059766808658072	6.945796960250295
VEBVUX	0.6019079361016129	-0.6504862311129023	-0.15687510143231292	-0.18207808928243804	6.053756496066605
VEDCIR	0.5886226587123451	0.574972846092229	-0.2862192730331389	0.0770340231806064	7.111801358020074
VEFRAB	0.6809460062727961	-0.2778043290579134	0.20027652907605842	-0.0636449924306533	7.200297496954828
VEGQUV	0.5187817918278412	0.12940908244760085	-0.20046608165922802	-0.08526178796833547	6.333346477599802
VEHFIA	0.7973889332343775	-0.702592204897359	0.5085965071908443	0.21530167302032094	8.267942243276643
VEHMAY	0.5133712384793085	-1.2288110318987402	0.15609259695931016	0.17943185657433527	7.227217147496462
VEJJOK	0.6218025581139006	-0.21140276328996288	-0.14831205384156643	-0.01891232884865386	6.470763929101842
VEJNUW	0.6069082249019226	0.07222051717321322	-0.10967489894323376	0.10579255808616017	6.618789397813464
VEJWAJ	0.9258325075107914	0.5411768579828715	0.3915935126295844	0.07815566502630766	9.579919768212438
VEKDEV	0.560413164478839	-0.5159259455368929	-0.2784209933456277	-0.15278783540322977	5.599385455594394
VEKDIZ	0.7942191122937885	0.022493622058172187	-0.16751742176100354	0.31455594389273	7.000322838011755
VEKDUL	0.6404384409252435	0.2138752880916819	-0.3171083298465095	0.09857170402862131	6.606966293115998
VEKFAT	0.7019498836556615	-0.3726105758651161	-0.09688739294166926	0.044756335235315886	6.495901479259384
VEKFUQ	0.5320206456261225	0.570810320622033	-0.06125185100193234	-0.04646376270303376	7.242257590323932
VEKGUR	0.5285356831081929	0.2370513972462851	0.0025906450390242863	-0.09735009010342903	6.861472473598558
VELPUB	0.5584262299158684	-0.23024093875738497	0.013436944122989694	-0.2958312339681607	6.551201703582781
VELZIY	0.6090796401902896	-0.8237605158907111	0.17712066803317592	-0.2924721667404506	7.186756533751625
VEMDIE	0.5525117476686745	0.26467733490543094	-0.3385075918845688	0.04610387196973394	6.261518820654792
VENGUR	0.8072408663695612	0.588443092321655	0.46709126723264555	-0.2152051575228245	9.548835157251672
VENZAQ	0.7256806541866858	-0.7759560650742361	0.17409180592479456	0.23020050821531668	7.435016128157087
VEPXOD	0.6105108737230678	-0.042798955018354456	-0.3101854751845283	0.04255983323982746	6.184912179798202
VERSOB	0.804457470210739	0.029426203424240474	0.08849504945595872	0.09268947712703406	7.582272420370261
VESTIY	0.5282635331648642	-0.9978666918642682	-0.2533422609215538	-0.0897235466295379	5.708166458736821
VETTET	0.7173761361561244	-0.975525697776848	-0.041067727923976366	0.2236868145846309	6.728551369854416
VEVJOX	0.6195315721073946	0.24189054049544262	-0.36874412158906705	0.0777911986956534	6.377809346062155
VEVKIR	0.6537274894247895	0.5325152506842521	-0.09016777159761183	0.03897938985993413	7.584919712978321
VEVQUK	0.5387638887749766	-0.48485697953002554	-0.29274276331044685	-0.1235952362077649	5.5066783972101545
VEVVID	0.8119981911421021	-0.0891214608099141	-0.03820496754415881	0.21672317883235345	7.091250833977364
VEVXOK	0.9302439197014829	0.701457395812803	0.3863023963161973	0.1764852427019725	9.94376265929638
VEWSAU	0.6300023955427614	0.35605962950001663	-0.04051806956985454	-0.12166305316766883	7.27011707380036
VEXLOD	0.6661527110387677	-0.20126323730588117	-0.3968940255552514	-0.2520498334572152	5.890083644321805
VEXLUJ	0.5774392076262496	-0.28155170631482873	-0.45045656799875927	-0.20225258759301004	5.5647606452878495
VEYNUK	0.8885131540680957	0.359591904679486	0.38155168695395547	-0.024965507998118645	9.170990581467061
VEYPUK	0.5869895568309751	-1.0513566019806846	-0.07384237560778306	-0.10712290910178708	6.458877599733611
VEZCOW	0.8585386033597571	-0.25068299520996457	0.7006154460367309	-0.12955408650116557	9.38154099066053
VEZCUC	0.9111384308079957	-0.08330288575936107	0.7012946150565569	-0.02424508785573119	9.643942158966533
VEZMEW	0.9090903542441637	-0.3728328381852252	0.7577527689852965	-0.03977227431092323	9.680508905833634
VEZMIA	0.89130739247521	-0.3990760405936723	0.7396285616277181	-0.08062998434356619	9.55646538463313
VIBLAT	0.5406493533505179	0.17006898214306568	-0.6424802439217248	0.07802759689826072	5.601248242673577
VICKEA	0.7718164445609519	0.1885931541867933	0.21811802960420434	-0.33624411760221184	8.109461893116636
VICROO	0.7522255709280969	-0.4810317888352337	-0.08091485724049777	0.17837416592483918	6.684154887187786
VICXUD	0.598316162674192	-0.4950301279062845	-0.6152066296233489	-0.31644596074093145	5.2013327334567565
VICZOX	0.6320752083034815	0.21996559691878537	-0.14926183453434216	-0.026121815571644825	6.819744659161538
VIDSEK	0.6451968788882665	0.5492945798924953	-0.2001335041559787	0.04910490003266957	7.353693776494805
VIFNIJ	0.505477252976652	0.027180502615316987	-0.2649479710855819	-0.02936029209678984	6.062566592037136
VIFNIL	0.5557001559749235	-0.6847930709320091	-0.23215668579439697	-0.0764162302431617	5.73824072015963
VIFTAI	0.8730594942050569	0.8977568438401053	0.277237307132706	0.12811147561839217	9.895650999768062
VIGFIA	0.7729109850753924	0.7074282701726324	0.2939220291179559	-0.04596557419566592	9.221040589908192
VIGHIE	0.9524134697871318	0.5677365156167979	0.39774892094876035	-0.14427950626582547	9.718230711833787
VIJTUE	0.8085399072396084	0.6371723766543345	0.15860000431709	-0.09404567492532938	8.881698692019441
VIKDUP	0.7266252422147019	0.59938290693956	0.18573575493196376	-0.28808162620597444	8.464868158325318
VIKMEK	0.8656920263969523	0.04917215128552309	0.9297198934896227	-0.160246698134881	10.41556898902409
VIKQIR	0.6451531748668753	0.40403849298987776	-0.22005278271320838	0.014979993498855777	6.976626809572073
VILBOK	0.76217115084805	0.5064697166102006	-0.07310974787816726	0.09580163398872761	7.890104513253678
VIMCIF	0.7498100412133724	0.5176412098808842	0.2904467843268181	-0.24002410072156163	8.650226208939829
VIMPIR	0.5642916361312933	-0.6181870441395669	-0.5564036337992619	-0.32655317700354536	5.251599833221207
VIMZUN	0.7583813735594562	-1.1331904113950075	0.11131595228502876	0.12095399919608404	7.299088859471918
VINPZN	0.6075633326015346	0.0962916541716685	-0.10262171612434584	-0.07133749714118627	6.731745874906811
VINRIW	0.6058333496377886	0.695273704720716	-0.29957753294441813	0.02018643638644456	7.348477437960438
VIPJOU	0.726804803084736	1.429794735166923	-0.009892294068545512	-0.07819720708743369	10.7971880118438
VIQFAE	0.9165499866039744	0.3770965563278256	0.29779730080655403	0.17259095658611873	9.022533518729016
VIQLOX	0.5432770402081761	-0.17170742414916704	-0.11100358796013571	-0.11486053912227828	6.192542788526937
VIQMAK	0.7944655068469215	-0.13484535766591732	0.41917738232607193	-0.2407228427854911	8.259753244682791
VIQMEO	0.7909497957950267	-0.7309832474539086	0.19251005453448944	0.1779861901215099	7.602070191358067
VIQYOK	0.5573334863048052	0.09080743514934911	-0.23303083840665872	-0.08685722957484097	6.237778122736116
VIQYUQ	0.5677312759812221	0.3493995402761109	-0.27361016227924784	-0.09478362157076657	6.614957954568586
VIRHIP	0.7306480521508272	-0.48774917726424455	-0.018476229427631052	0.06069469762969801	6.746325170254275
VIRTIC	0.6064865731241298	-0.1304850038896743	-0.10867253865394277	0.15962249093575903	6.5857298706411855
VIRTOI	0.7243070290991867	-0.09886375712437487	-0.16586023716783466	0.08827213047320273	6.668820887420812
VISBUV	0.7447470242126375	0.4475179059896792	0.009728262136470142	0.006401980158308231	7.90950863843627
VISGAI	0.5928986405749042	0.8154632938033808	-0.4040286405618117	0.06358912816238821	7.439548216139185
VISLAO	1.0291258408988524	-0.12421656901008518	0.8177796723938062	-0.14456749593970256	10.617820899418891
VISXOL	0.5372703021061378	-0.25467869280648453	-0.5520419245836861	0.5547243265818717	5.620749991136077
VISXUR	0.5365332109999263	-0.25713004355223934	-0.552906736969693	0.5580543820813414	5.605833128303644
VITLER	0.7425222686521771	-0.8287754997385968	0.3766574470445581	0.27118927734256326	8.093575580284439
VITMIY	0.636228471499872	0.26096269219695745	-0.09349309909685385	-0.18167781299765293	6.9443813090075395
VITXAZ	0.5523885673631455	0.09135547865616148	-0.17989682529856477	0.0020327390771308924	6.40213866774207
VIVNOF	0.7291265259747455	0.34381059965885963	0.31805362756393096	-0.050737749246483374	8.451194705834572
VIVWEG	0.5187663365760491	-0.42793200638190554	-0.6456801604877567	0.011770807270194802	4.956181146179945
VIWJUH	0.5036880686841751	0.5603779428740752	-0.07625673646630016	-0.12119663082489567	7.103220319450904
VIZDEO	0.5279724154237222	0.2157323944590869	-0.1819227245436572	-0.03988809626025237	6.39197814410424
VOBRIO	0.8724002729947182	-0.9015929330299695	0.7422280404591834	0.30919651784031565	9.707816095296495
VOBRUA	0.7954842716659547	-1.1097363782440197	0.4053565083320195	0.2656778872650738	8.433862215837834
VOBSAH	0.8210239897222218	-1.05870799858074	0.4964750429896991	0.18904949581288857	8.9141012682224
VOBVIT	0.6516789641294363	0.360586848118164	-0.21486434251964692	0.1893099660414106	7.019132994108032
VOBXER	0.8186840909609137	-0.29097250055792706	0.5529442952170331	-0.12928603611001316	8.741139662104208
VOFLUB	0.656873665667618	0.3837961796140022	-0.018268560053801258	0.10732922542780444	7.369793278018126
VOGFIG	0.6040424324078746	0.015457187554153921	0.17954146814531602	0.26701318671470087	7.408606231912742
VOGLAG	0.478956280727278	0.13915245727673295	-0.5012083883870568	0.08896461150043268	5.648637241635066
VOGLIO	0.40716526820519405	0.6817821381577063	-0.43347538379752387	0.04146688715633893	6.505102868149547
VOGLUA	0.11822188222075614	0.32469004305090515	-0.5713955388786205	0.10782161536084517	4.990630540839926
VOGPOZ	0.6341339378758217	-0.5046310631650397	-0.4044684940731355	-0.31005619826993713	5.580027017583996
VOHHEI	0.6130737298689413	1.144336936842626	-0.7062188644719394	0.09908529111995307	7.974305818481731
VOHHIM	0.49748011011684135	1.443664120816489	-0.9941535613168391	0.10275293393584456	8.582419040427427
VOHHOS	0.4966891791757462	1.442413341743723	-0.9993507001470838	0.1116190980118351	8.57408820275556
VOHHUY	0.6220308705080857	0.25728490147989874	-0.17705272969236313	-0.023051473766775174	6.759777432665669
VOHJAG	0.6229746342423548	0.27925842943114243	-0.16356609424186036	-0.04709415402168605	6.827169167643039
VOHXEY	0.76945146749887	0.03207611255615427	0.3168341584074477	-0.17467114374894818	8.014761344323473
VOJHIO	0.6295252038275576	-0.1402380869092148	-0.27708369083347856	-0.07932829265105948	6.026336283485998
VOJMEP	0.6556481343503773	0.9054400343585787	-0.3041825318059139	0.14784918374189474	8.07404695718628
VOJWEW	0.7451760721090634	-0.006621013101327603	0.03173425156695596	-0.03871775964088202	7.2837447716185375
VOLWAV	0.8204655827996241	0.3534091717193686	0.09725998736515716	0.0072757537877657305	8.141025320634819
VOMCAC	0.9310256477639847	0.5572086238912572	-0.3018626162015593	0.5018903227532221	8.476936085308854
VONMIU	0.8857137902040568	0.8778491828337058	0.2096160532450935	0.18233835535531098	9.770327710821196
VONTEA	0.6812405136916633	-0.38730476434155564	0.19487855314448033	0.1272057390921439	7.164897421728003
VOPVAY	0.4462851393679399	0.22835987579575348	-0.2366097722921474	0.36284346813506096	6.347978960449164
VOQFUE	0.8797621676720491	-0.10665001128457866	0.5277790819304063	-0.07223502583966541	8.977551783818868
VOQGEO	0.9455440732829752	1.2433830622769344	0.1308482873908873	-0.22065437048252998	10.982090455247526
VOQTIG	0.7879408010601798	-0.05403029071992832	0.8800059019553068	-0.08589552764058045	10.068371898530675
VORNOF	1.0560053148398767	-0.2892792398603851	0.7002539923844835	0.26054499999497815	9.889584292023754
VORPOH	0.6434535990977439	0.3302481446245654	-0.17205086598582847	0.013858981131353844	6.843197460932288
VOSYIL	0.472445397560203	0.44445511883886013	-0.5090536710814078	0.024641236701863266	6.185534324561071
VOTJOG	0.5130657605721227	-0.7910883542779379	0.25811786674879345	-0.10915036454676597	7.016986123494376
VOVLOH	0.8625649127813588	0.0013112733264492409	0.40352229335825734	0.03027697886265033	8.656443579188487
VOVQUU	0.5843528851765027	0.07363414307557853	-0.11254694224389303	-0.09844481745594384	6.606743047339166
VOWLEA	0.7980519519393487	-0.968467504967327	0.4523832894037309	0.10646371938030977	8.410888201220361
VOXNED	0.7004592402504253	-0.3627431380283887	-0.044187356384383425	-0.2708362812023176	6.588039201302748
VOXNIH	0.8395343227940035	-0.12354402729025707	0.5655469211390352	-0.302590784611908	8.957783204626333
VOYSAF	0.731819612553581	-0.8095559205795149	0.6078474680555193	-0.01117402476371341	8.572683551168915
VOYWIR	0.9337118064064498	0.3808486214148128	0.32503532594618567	0.1471960934204767	9.139053699432662
VOZDIZ	0.8140619088870684	-1.0262116999552748	0.10812957412864183	0.2304085293332517	7.386105672586519
VUCBUS	0.5488853453870588	0.12002049580989627	-0.2025311392527991	-0.07047491701944823	6.418122696874564
VUDMAJ	0.9833452811623662	0.21827721507815107	1.4158417754312846	-0.22177526878957704	13.711145539219324
VUDYIC	0.5232835270402942	-0.8840418486525143	0.10239244047769286	0.07863955621080032	6.587041336091685
VUFJOV	0.7862929417897808	0.7950197519348658	0.24251491729882269	-0.3081901046835064	9.465017977238755
VUGBOP	0.6666935415746167	-0.11165837436777222	-0.2888140470339408	-0.0946017719333066	6.054286111449905
VUGCAC	0.6705372022593057	-0.14431517107217526	-0.3387084120150609	-0.015925893013982964	5.981666061760795
VUGCIK	0.7421881782053203	0.11049372412737013	-0.19451880351780987	0.0993106349013105	6.864676129898358
VUGCOQ	0.7441897729277773	0.1139681253061352	-0.18776637686955594	0.10518687182314336	6.889213005412235
VUGCUW	0.7422758075869886	0.10243723225828995	-0.20059657063513547	0.10136902155282836	6.844644296312267
VUHDIL	0.5480330936163167	-0.047102816053751335	-0.37284164696510746	0.02745135076502571	5.939561717234647
VUHTEY	0.624906174764214	-0.0980728280427197	-0.43513023126697387	-0.10618271901079797	5.744347654086444
VUJHEP	0.5323388345472626	-0.02896691166767114	-0.13867998366081186	-0.05337010072968894	6.2391280941164835
VUJHOZ	0.4937903121624041	-0.07004290239659403	-0.191004059195638	-0.0483810570036186	6.000685889656585
VUJHUF	0.4949882119946061	-0.07386567956326508	-0.19017573683425992	-0.04513542170142871	5.996824381146384
VUJJAN	0.5020424407178421	-0.036485837093746344	-0.19388267176228746	-0.03212496903460191	6.0519135625803875
VUJJIV	0.4636537923441528	-0.11168227395133141	-0.19720816254932827	-0.06653639411584103	5.8758266625974835
VUJJUH	0.4634603604124763	-0.0952858332729431	-0.17065255921367573	-0.04167233060881349	5.930678015333767
VUJKOC	0.4722300884092423	-0.0531776690440165	-0.14866091517368968	-0.0409546144987873	6.022110694833317
VUJTEA	0.7301885374658132	-0.8647141904771378	0.4677048681753336	0.09530835143000414	8.116369736333432
VUKKUK	0.4238797821783509	-1.107225288027104	-0.37894448094995103	-0.3949797208065158	5.343147525066845
VUKVOP	0.4836365724630989	0.056074831064219205	-0.3234151529918681	-0.21426459529970385	5.889891823633756
VULNAT	0.6271044297048309	0.7418937158454684	-0.4486355320989149	0.15230472506536863	7.525891887642583
VULPAU	0.8421891733267053	0.30741131292638546	0.07734292090581804	0.056134903378951884	8.161629726493386
VUMFIU	0.6771273865015379	0.3206931359780188	-0.15390176503497116	0.031601903365955	7.189735588286642
VUMVIL	0.8912551510965976	0.430721271277205	0.27539975124479865	-0.06009109535119689	8.982460523676083
VUNBAK	1.0218455837767575	-0.22397019276889737	0.6617988237282759	-0.09246641801271761	9.815143311462004
VUNZUZ	0.6740937610372573	0.2591448012150557	-0.17941051395946944	0.12092284135542286	7.032034887076604
VUPQAA	0.5287192614808127	0.24128256892049027	-0.25591740245925215	0.021200175720823666	6.376175683094477
VUPQEE	0.5390621442424521	0.2504703862397645	-0.2438441753792513	0.02328973867276473	6.4421635456292545
VUQCEQ	0.7156448915718245	0.41564260689027216	-0.08605351810380535	-0.15615863067569652	7.407992254764378
VUQDUI	0.5222917656856589	0.22479693907353282	-0.25682934002622737	0.024554919247664134	6.327292105465416
VUQYIR	0.5959548619139685	0.121180623811143	-0.31431094817345484	0.31323353105609975	6.4817631613391375
VUSDUI	0.7393636585715173	0.7554611814694656	0.5165551724077834	-0.3603431140306408	9.926582447565393
VUVVAM	0.6195510814167102	-0.07839145688855073	-0.29965470301689867	-0.09109777662024	6.036944953817213
VUWJIH	0.6523139069794208	-0.973563546654759	0.07558582363952415	0.004882845097950525	6.79787225340467
VUWTIR	0.5795308358111262	-0.11787043574420059	-0.018382687021686855	0.1561890766162772	6.669498765968012
VUWTUD	0.6713399268263558	-0.009492143654325245	-0.20297092289095492	0.07706503831742498	6.519863858619962
VUXQOV	0.9364933598257217	0.6944094142019448	0.2080139420438725	0.03564766492511844	9.529455387476926
VUXTOZ	0.5237836406244742	0.8275759213148879	0.08692446614657923	-0.19324437351745227	8.19050061436237
VUXVER	0.6833764474333224	-0.1299265091475974	0.14785209911149105	-0.04098492289000239	7.199765912082137
VUYBEX	0.8041718716138728	0.00715393555443113	0.31033692491373926	-0.16039517054649738	7.972994282022425
VUYBIA	0.5739880715009242	-0.5330258743929732	-0.02675432041287759	-0.2219320173518688	6.220089039697572
VUYNAF	0.6986086800474833	0.09497531179641168	0.136159846525979	-0.20580357641725086	7.451675707247572
WABBEI	0.6532210245300947	-0.1026704838781877	0.13236630461572163	-0.020979108284436995	7.088581224660684
WABJUG	0.8751276228634239	0.5922386435711704	0.21836602002183975	-0.1095720623729567	9.219748412623654
WABKAN	0.8278829471089413	-0.5090558819548685	1.0788204689678285	0.08441501594322773	11.068189775346072
WABKIT	0.6088164407798784	-0.6187673253591464	0.03921706359634909	-0.10284582067339335	6.5491817908202
WABNOE	0.5457458296191389	0.35804669151979895	-0.22121452572600264	0.02520453733549747	6.724979362943949
WABPAS	0.7740587607928013	0.7697040325748121	-0.2494758672853089	0.2533456274653094	8.305941931861934
WABSAV	0.7090106107919505	0.2769327621188199	0.4308978187412477	-0.2407506822792617	8.52240033205213
WACDIN	0.5689143957015474	0.2247253906206298	-0.27336234509524193	0.048969139255533096	6.41390766511093
WACPAV	0.8691546785055717	-0.18121396962545033	0.6548096546520636	-0.1913495011557671	9.362759509373019
WADHEP	0.5804710533679538	1.0213656984702864	-0.6000759679022647	0.12643816531078012	7.804781795303616
WAGPOJ	0.5562330121588017	-0.1676348321729388	0.17747378829708516	-0.0488295321912036	7.001311450951951
WAHJUM	0.8076323592789025	-1.2441279582685396	0.5408485911022545	0.23693610573630902	9.28930094062235
WAHKAT	0.746728215369032	0.1438946163877699	0.3924349237753459	-0.3231998279974141	8.392729957643173
WAHKOH	0.7880267152678346	0.38056790224971826	0.380322878647943	0.02147195966039592	8.868294103953355
WAHQII	0.5840758346035653	-0.48958095071457786	-0.03765829168673862	-0.2246409957700456	6.2728232577983345
WAJJIB	0.7469846289637436	0.2780576653837132	0.22120520497498858	-0.08352440351682154	8.103785382588818
WAJMUP	0.6315680780595052	-0.1558322969260328	0.11667867120901637	0.20610851252050613	7.018159254029223
WAJNAW	0.8098382648041378	0.08622309913946877	0.0727789561099261	0.1570974109892543	7.7752098513858385
WALCUI	0.5715183817391472	0.20548172120018732	-0.2728294751914294	-0.13659932228520896	6.331684664885906
WALDAS	0.9526287280205832	-0.41549267766847287	0.9098730164020021	0.05175099070243863	10.608184523466937
WAMJAZ	0.4273799742077653	-1.0603923330294744	-0.5271653140109858	-0.4405984469785661	5.069470131064802
WAMJED	0.44108725146259165	-0.9869340832314069	-0.5056459519723067	-0.4345059490705686	5.034916368706708
WAMXAM	0.7921634291849067	-1.1260773705034361	0.021395544579187714	0.11721080581210869	7.198169768011396
WAMXEQ	0.8317434210440773	-0.6942179765191647	0.1506731638272966	0.13690367645443793	7.470888041126858
WAPKOO	0.560444870106938	0.24687801395571196	-0.38705170729281707	0.10561122284158872	6.323915015441963
WAPKOQ	0.3853906675393777	-0.18885634738722856	-0.42226397754390127	-0.15940939511652039	5.202408741680501
WAPLIK	0.9649549051808295	0.665426873036715	0.5103165482661423	-0.2242230401750375	10.638978737001064
WAPLUV	0.7722647380727148	0.460628234077861	0.4133224683915286	0.057414211745043825	9.045661826154255
WAPMUW	0.6303559223878894	-0.6665772040655253	-0.46457360550829413	-0.17479632842336745	5.413982298291398
WAPQUC	0.68888934908653	-0.22521607261686366	0.2573726048886337	-0.0045534331769541934	7.437476469043099
WAPQUD	0.515300922275042	-0.6048662016762119	-0.6885065474152603	-0.36720451215599226	4.789796691013567
WAPRAJ	0.9653513525661461	0.005719552673408956	1.3925598199331182	-0.17835184252744854	13.214637631254805
WAPWUF	0.5857792871429854	0.08948658142770541	-0.2385422030801458	-0.04488118581206358	6.285739731039663
WAQDAV	0.9470636274409836	0.39849502992016334	0.37479233921190674	0.0360974168117134	9.35159496102405
WAQSIR	0.9405590487695115	-0.24268545369823805	1.0229581407851724	0.09474192707754975	10.828546874164141
WASGAB	0.566582119173785	0.47295205298831366	-0.244686927144049	0.03732446495108435	6.922524693636813
WATDUQ	0.7368067891493437	0.35108152607410376	0.38130546998723847	-0.08931190089430603	8.606401793252363
WAVLUA	0.7569096793249477	-1.0368685636104016	0.25205954816230247	0.16486182280078446	7.65782812116495
WAWMEQ	0.7199281163353399	-0.4819938688903485	-0.3215620658349838	-0.2784117050096029	5.94819839599006
WAWMIU	0.6848096056694395	-0.4951979897123751	-0.3309820454759912	-0.30073088672794035	5.777330130632002
WAWMOA	0.7418881559516111	-0.1599830677076271	-0.27837342738603404	-0.16032650227070697	6.282659400285154
WAWNAN	0.7111279625011653	-0.031203997253360607	-0.1041308882640875	-0.2507000067538091	6.677409811615522
WAYZIH	0.6842015902704732	-0.46357779289394285	-0.33474498270258546	-0.3007445970504333	5.827571210520083
WAYZUT	0.6647698433653106	-0.4445342584065243	-0.402811729524799	-0.2658974079202068	5.774940636929535
WAZBAC	0.7971624519612828	-0.02146387248176991	-0.05741057273555911	0.2429759963053865	7.090082763700221
WAZGOV	0.5747061739413946	0.02035480008529332	-0.12504967156489602	-0.08598766144910842	6.504509307228733
WAZQIB	0.8076379821483011	0.6494182879582706	0.11781488448723643	-0.117726419873422	8.669436785574357
WEBJEV	0.7141515616833276	-0.3626399080034692	-0.3948771291369148	0.5337068484629998	6.351926383153336
WEBLUN	0.5906161178104146	0.3970407266168639	-0.2645904783385864	-0.04788860167882732	6.755739600669929
WEBRUU	0.6097975162488449	0.15051579276149862	-0.03706537669250798	-0.07257312331435349	6.802003287252005
WEBSII	0.8358794747837974	-0.3008070735439234	0.6154114988233814	-0.09079551294506846	8.853988949745677
WEBTIJ	0.5064982369083886	-0.25794501678207515	-0.3792665708937324	0.02841065356612442	5.688802464497125
WECKOH	0.778017057071791	0.8522742222530766	-0.09684078201387591	0.10127262629112992	8.67176154334833
WECKUN	0.8951342874583723	0.5771636548310324	0.3834698135187258	0.11580467250946537	9.501865389761454
WECMUN	0.7179617881135663	0.6491573547981622	-0.1317020949140541	0.10787388254704346	7.895735939034934
WECSUV	0.7047263343390284	1.4864814201036143	0.06269944961261567	0.0378945087744497	10.621235100932699
WEDLUM	0.5884214235055278	0.5000387640532209	-0.21757783365396804	0.3533338187506885	7.365297473193915
WEDVEG	0.7246408456113125	0.6565008380981248	0.1876865692287814	-0.24423638187877458	8.635753504799235
WEDVIK	0.7777262793933888	0.31253541000912	0.3600231585773578	-0.24117518784148248	8.614518100045343
WEFKUQ	0.8462443419137466	-0.5009118760159069	0.6286911028250664	0.021609448121166448	9.034993383023144
WEGBEP	0.9299966209265289	1.0432290228652397	-0.02041862983814552	0.15602833368979435	9.808237277861807
WEGCAO	0.9280585821568472	0.8935592201020439	0.43952449211877165	-0.015421184759144078	10.58100723598835
WEGHAR	0.3820097422317028	-0.28069310897429656	-0.43214426725122385	0.5865415578109349	5.473908392492452
WEGHOH	0.8703699646080096	0.39419933222754183	0.5014814323389004	0.01933800267130534	9.421836515420626
WEGQUU	0.4701084531055493	-0.039589153405544183	-0.4119536251481363	-0.2496401774818728	5.596612971115477
WEGREG	0.9360126976911474	0.6473814868637953	0.45501828624631097	0.2142268821051538	9.979231370109607
WEGTEK	0.5509681779363547	0.1662514621559456	-0.31558919968193233	0.02982730649391114	6.332015976774979
WEGVAG	0.4178071223570363	0.7270808960183566	-0.5639706773459168	0.2578059155045759	6.686146040741046
WEHJAX	0.6179607470629724	0.7149835014869874	-0.008496134506908767	-0.21221139784808543	7.926386378973939
WEHJEB	0.6737568678584358	0.5544311778305566	0.1368153380583415	-0.1049714198730477	8.066798419816283
WEHNAZ	0.5548804831054648	-0.09971136510233782	-0.37620606530734907	0.22924179469283765	5.978455743547555
WEHNUT	0.6734303114796019	-0.3209167425330215	-0.1941314094481354	-0.05706883852118256	6.072181648165172
WEHPAB	0.5491223973477979	-0.09224117156618199	-0.37253778195961407	0.2566220272122939	5.944141239435603
WEHRIO	0.7459458871947824	-0.27677277718105875	0.3199761940374878	-0.09568433720262724	7.635259457826152
WEHTOT	0.7080342634585719	-0.00390843121094722	0.38186442648278224	-0.0721828743113989	8.095720248480959
WEKVUF	0.5719183748409105	-0.5981684972648391	0.0814242006342897	-0.11049533663270159	6.428285451361819
WELHON	0.6562134633612082	0.056928229553539766	-0.25157251672078323	0.05279982050205409	6.5302863022898885
WELHUT	0.6408619798311097	-0.05226175614142395	-0.13256885513644906	0.32113931745836954	6.705635649407799
WELJAB	0.6566625871556315	0.07577345076489597	-0.22755554984003545	0.0519695909505657	6.644658312900727
WELJEF	0.633238391267775	0.10390778776225437	-0.3336778661711442	0.04459708229374245	6.481196185373762
WELJIJ	0.6576023702537892	0.07654447779334175	-0.22997309218605472	0.05249492107870341	6.646936358546572
WELJUV	0.5975022893044057	0.24263880567329488	-0.5568999886469568	0.01821665645139274	6.086202249929448
WELKAC	0.5768004472957236	0.21758294740958334	-0.5818183993259136	0.05531199337646016	6.032892930477536
WELSIQ	0.7313152138648178	-0.2996724809266133	-0.35133347911708374	-0.35407215195105823	6.301105132720323
WELSOW	0.771205172139986	-0.06930026120122332	-0.46043233515889487	-0.1509688209372128	6.182232651450793
WEMPAG	0.4420198843639236	0.5715613514353888	-0.165673897652864	-0.10938003581148215	6.7639768455579485
WEMSIU	0.702577285457501	0.3419742726948207	0.2775746501979204	-0.14556836265640724	8.245813909900248
WEMXAP	0.811085951311072	-0.6434363686423414	0.2901170717121279	0.14805629750440086	7.786784115463819
WENPAK	0.5799750011268312	0.14294559204590404	-0.23178887004271143	-0.00936504642080779	6.397594353337501
WENPOU	0.7716023653840942	1.0926611851762	0.8196263155609476	-0.10793070100233179	11.774882211145387
WENPUE	0.6525327436680453	0.14506574358744698	-0.10125097629841315	-0.027675327565221442	6.867617314804336
WENQEO	0.8337534685094861	0.5601406904829203	0.19931390140288077	-0.03771952597574851	8.752637819461736
WENRAI	0.8682109437664574	0.17091399380961217	0.86813339651861	-0.07685457299417976	10.404628511163367
WENSOZ	0.4603947694247239	0.391720077084389	-0.37059176405919464	-0.06825473212960931	6.252935468917202
WENTUE	0.8042351246411679	-0.5116276213674256	0.22273824968664696	-0.045092879630278485	7.4037482180301675
WENYEU	0.48633087898254423	0.0607065097602351	-0.4809686583330523	-0.059225318012886	5.596704041976396
WEPQIU	0.5786378748134009	0.24265867896349447	0.09591141400142933	-0.006288575946086816	7.247914918672851
WEPQUE	0.7847088085811897	0.2891775724276866	0.27890936103722386	-0.17893145782634495	8.278240343454394
WEPVIZ	0.8465949019836447	0.1684645814046272	0.21011376236928353	0.04194936412833814	8.261371519529803
WEQZAT	0.4803962329173803	0.4871051476719959	-0.7120478563888162	-0.17936929817390948	5.871160300174243
WERLOV	0.8253938263448104	-0.43934028416634147	0.36866491164736337	0.19103426870030923	8.077070346922257
WERWEZ	0.8044185354390105	-0.38740328898274407	0.25602803386435924	0.03709934942893389	7.778072901647941
WESRAN	0.9176562983962935	0.44292922953380887	0.3430076647127326	-0.3094501208852105	9.346766900681617
WESVID	0.5912777427491447	0.16968285090262983	-0.12170113284141043	-0.07314455400791937	6.745958419615173
WETDEH	0.8005004560151256	-0.19711663023092593	-0.02758262119767771	0.1557332585653063	7.06055983268643
WEVGIO	0.8345917834734742	-0.6070761988120283	0.014973010625574157	0.35328458012590946	7.131685843502605
WEVGOU	0.7955100588831945	-0.5518641578258363	-0.022323653469073473	0.31775262589289677	6.916405482241476
WEVJEN	0.44304038998969464	-0.2989283422593961	-0.4078293596916733	-0.17018760067966168	5.253186689965067
WEVSAU	0.7399628858556389	0.11818240266903468	0.3950916156615126	-0.15492865088883123	8.299300190014394
WEVSEY	0.7219996044724448	0.4352068128690015	0.08868433920918903	-0.07277972919847801	7.911586598593711
WEWCIM	0.9505840391563298	0.43830965113438275	0.1706632869940693	-0.06824913888029467	8.961482211061883
WEWKAK	0.7247124164405703	0.7026735485175459	0.27335544901021325	0.12943329187810917	8.988446338212642
WEWVEZ	0.9491411606787405	0.03774239625987948	0.9525736317186906	-0.3739217149276929	11.17983608426092
WEWVIG	0.7717534817743301	0.04968851686626877	0.5217697775139474	-0.027114263189045973	8.640718968105539
WEXKUF	0.6773026992192497	0.3504194088293464	0.030030823476681248	-0.04395026170686078	7.52172195068397
WEZGEO	0.8044600232515071	0.5686332647275791	0.0763922481436444	0.004287207970920822	8.507790691465168
WEZPAU	0.609602718931165	1.0323693035194075	-0.5365048131378782	0.019754804342036126	7.925068028198228
WEZPEY	0.44719492175942843	0.48174778033755744	-0.6099616227780384	0.016375068067521717	6.044653150508484
WEZPIC	0.5861357386153854	0.25313748986428797	-0.40319466960973477	-0.0018544524911128426	6.329222241429689
WEZXEE	0.6395347363817772	0.5824765697887204	-0.08879519591549262	0.04789912845126995	7.675586609161252
WIBHEW	0.7968158124876341	0.031116492626284784	0.12998055294892363	0.13322217683039095	7.64660386068482
WIBTUW	0.764179895167004	0.7762671450476861	0.2740986833938905	0.009431126622574768	9.25772359635952
WICRIJ	0.6791550611383963	0.6032017945580523	-0.17847537541036362	0.12807805293104954	7.729622105558449
WICTAE	0.5144305712512907	0.009414596412470888	-0.4319799576096572	-0.06702384892747065	5.67952708463449
WIGVOY	0.4151157045412823	-0.5186847554619713	-0.569536272933576	-0.33239077433985587	4.780972266440047
WIGWOB	0.551336900916648	-0.6772917600223245	-0.24564988484089018	-0.08996983589894049	5.64952686859054
WIHMIK	0.8597278464930387	-0.0728699431346376	0.12977626286886662	0.05695789502235443	7.678249517093801
WIJGIG	0.5522132069190269	0.31149499042380774	0.04947945660181345	-0.09401361037634752	7.188756105809544
WIJVUJ	0.7266021891074965	0.2195551321919493	0.06000975149298707	0.0011671371031456036	7.639756842253647
WIJXIW	0.6319169076564801	0.8978018891208837	-0.16658351784078596	0.46489612088003884	8.332165682716981
WIJXOC	0.6129742143265444	1.0036913444072655	-0.024366120280343767	0.32158272346374117	8.653520402723512
WIJZEV	0.6606141902453313	-0.942461334444262	0.015169133812337629	-0.078778328831701	6.686704158365995
WIKZOI	0.7926858674953206	1.0232944523586358	-0.23151553905977246	0.023685959597303415	9.083650989290884
WILHOR	0.8093638474164448	0.2822296260663568	-0.17880084692798653	0.08213749771091618	7.243410731203309
WILQAN	0.93312070134367	0.3868054252852281	0.3725337420661563	0.1614056533528123	9.282510808448436
WILQOX	0.6157161383168264	-0.21515667072862604	-0.16495983418938986	0.16503315914843777	6.329435085868671
WILTUJ	0.8418477677128067	0.18118446469705884	0.5047799342537785	-0.31766547758566843	9.086146343155397
WILVAR	0.7526792598148502	-0.058693635706126415	0.28299268583135595	-0.34128748381961327	7.928822205714267
WIMCED	0.7038548167774614	-0.8565471243895619	0.01504407387164132	0.0241903333017948	6.671715868814503
WIMDOP	0.9267745222122601	0.4624266917182719	0.333958531088522	0.1299699579256237	9.36465360972805
WIMWAR	0.6259157566925522	0.5648612703782132	-0.2407018661482101	-0.02386833520832453	7.1965052776587735
WIMXIA	0.7359785623354709	-0.04138622575183337	0.5511565800856122	-0.023383505284623116	8.461628230777094
WINCUS	0.9051313390768794	0.16751695693804625	0.5416757092214431	-0.30602978018466365	9.444021496942899
WINFEF	0.7183920912654438	0.5279339893980535	0.24620043542712416	-0.1555204314105698	8.521095899467046
WINHUW	0.7339723082300225	0.7611992750736678	-0.07941975521457184	0.38448229224086417	8.410420814059306
WIPHEM	0.8801399060119159	0.29535201966964264	0.24228124984138186	0.015243558553807157	8.498967850732603
WIPSUJ	0.6628184111355235	-0.46930912992742985	0.11430818167916013	0.018189884315291324	6.849209839623378
WIQRIA	0.6405224278042541	0.7348244154492447	-0.2390810651124906	0.059521388192861444	7.652695031752248
WIQSAT	0.6355045596600712	0.5175208847406405	-0.2032871860562644	0.08589025794478888	7.299500474841116
WIRCUX	0.8148217013029972	0.6826233202436303	0.14489885633546035	-0.014185929642397309	8.908575000933755
WIRJOW	0.5360898722154053	0.29196844495233926	-0.21147531981366902	-0.04281122227644802	6.475107944463927
WISHOX	0.6009229420656608	0.4744327800727267	-0.07287615872180445	-0.020835202398299182	7.326887306344243
WISNET	0.8204771087916107	0.2410728314017016	0.2520230063050046	-0.23513142986988445	8.203555308130039
WISNOD	0.9415505796649111	0.40105072413994947	0.3714909495998227	0.07127290015892984	9.363274172659263
WISVUR	0.6079586702230575	-0.19362347708971683	-0.48484814467902254	-0.20211008061684305	5.532688439959844
WITBIO	0.751585643827557	0.8888532470204853	-0.15983649814344963	0.2296466837106562	8.650441294777883
WITCOR	0.735377942641291	1.398871127866463	0.20737979572883403	-0.24300903924386086	10.850567697095206
WITKUF	0.6965673376113655	0.5505230563157117	0.24355463239557604	-0.1618104248614341	8.43888163899741
WIWCIP	0.48850247078735354	-0.2695614122435721	-0.6985088360045775	0.11878007025673382	4.889892353993806
WIWCUB	0.44016377352011027	-0.6187744392956971	-0.26977926335055735	-0.26137901823961507	5.3381159128245885
WIWDOW	0.5617615605164641	-0.434223890740739	0.0584526154938427	-0.17008136338281246	6.554299418604552
WIWSED	0.7949484129692594	-0.35660035325747025	0.6871549801243273	-0.17633741675076162	8.941750481113129
WIWSEE	0.5073266838008248	-1.0016804845572176	-0.3744452474690005	-0.015589979076038488	5.400339657093768
WIXYIN	0.41588975495211855	-0.41314864741347695	-0.8120847161666733	-0.14539321033750408	4.499410966810972
WIZFER	0.819307072769492	0.06136844760755221	0.5955388328205671	-0.25337810406349864	9.290183605498271
WIZQEC	0.48912887093995483	0.10005971405801167	-0.3851184527445233	0.0986589850804134	5.856540305493503
WOBFEY	0.6438910272793388	0.6421830306127836	0.2912943925387034	-0.13589390848556887	8.648428200623771
WOBGAV	0.5964860406730033	-0.2561234288588636	0.10434377042823867	-0.36537325674986887	6.752804434815073
WOBHAA	0.8719001969041562	0.54394849881009	0.2373991732710241	0.04641144713706394	8.879153253094085
WOBNOR	0.9445082315637805	0.42169546698127425	0.18844300956978732	0.12849182746355078	9.190382086829157
WOBVUI	0.614566040603802	-0.5277817372313764	0.3078453915281931	-0.0826144970799866	7.165933689118208
WOCCAS	0.8756292146467555	0.9910724798030583	-0.045851153989803356	-0.07497849335005255	9.511561287381307
WOCDOK	0.6788304988297806	-0.36265019054414893	-0.38687833261526555	-0.44674324589052805	5.791221692650453
WOCFAY	0.6972120342662711	-0.367352672337336	-0.3735964046606901	-0.39856851118436587	5.885519243047341
WODFUS	0.6010948001953595	-0.2667842147795081	0.2662502032331455	-0.051474231767561704	7.33567581456474
WODGAZ	0.6004902319859964	-0.2714306205661266	0.26822344364484024	-0.050910479269631645	7.333652999954772
WODGED	0.6060906767228689	-0.2815941216463153	0.2623749862310872	-0.04228411994126878	7.303811499464356
WODNIN	0.695938754187905	-0.027737154381005623	0.657256313134498	-0.07625203126743968	8.867710610884306
WODTIT	1.0153295342472646	0.10215797758489581	0.5779955788300136	-0.31098497446285134	9.893672153919054
WOFNUC	0.46200691047920905	0.059000846032488924	-0.3112835491059556	-0.1269374432582233	5.800085895798786
WOFRAL	0.3514069374667521	0.5303707539299392	-0.476620574759651	-0.07228264110231943	5.9335378513854335
WOGFEE	0.45550930969229064	-0.5732970153291059	-0.010047262449793565	0.19130770748104997	6.251276588372559
WOGFII	0.4140682910803051	-0.103218676927144	-0.2618079104507442	0.22085061431176228	5.683435804515556
WOGREQ	0.5790790234420591	-0.6377137821582664	-0.5455691495929276	-0.33992603795842047	5.227318195620023
WOGZIB	0.9545529545278679	-0.3251614051499216	0.5471868325349277	-0.14518137749298662	9.08545233628022
WOHPOY	0.596109149215696	0.10487412469037782	-0.0169820412070803	-0.16300837021650283	6.850906108115142
WOJYEZ	0.5494189051300715	-0.33336124435288966	-0.49478712940702946	0.08891846532098577	5.283696355960617
WOKWUO	0.5267821851435794	0.09570459195895663	-0.5549209162570836	0.5780408664469754	6.465233704756575
WOLSOF	0.6679032816516708	-0.5736155580174387	-0.0734731663339056	0.25976781752706557	6.400865214194969
WOMVIG	0.863923563446658	0.36869802470069096	0.360718428455036	-0.10664355268977796	8.970899215013237
WONYUW	0.4244685332287643	-0.32746024248194605	-0.3800708163538717	-0.1743878382337147	5.190546847855623
WOQYAE	0.9981658294736713	0.6629835074625612	-0.18611405855970892	0.367815194172336	8.95840641796753
WORKUJ	0.764009091495768	-0.2007082796852601	-0.1843559994115802	-0.08901527230397477	6.600034933431
WORLOE	0.5900395418549813	-0.19419197951678985	-0.319497474688571	-0.016373797629069237	5.8833250151857
WORMAR	0.5973669879797336	0.06600530960624473	-0.34415027030059014	0.09678887397588418	6.261432544163605
WOTHOF	0.9181537126735364	0.4309320394354495	0.32244861846261874	0.11381540860803857	9.245058081115483
WOTREF	0.814148835873099	0.1973969532005764	0.23506062274917994	-0.040986754450500616	8.156057222327163
WOVQED	0.5363467455538249	-0.20341720630599866	-0.21481552064863363	-0.0769847813621203	6.006836356430417
WOVWUB	0.6072003490716593	0.25710387939930074	-0.004730091782993481	-0.1300832807029476	7.157677591620888
WOWGIA	0.5881501001034888	0.1603969674915329	-0.17127819588734128	-0.032402536871053406	6.521736692585462
WOWHAT	0.5497064136679644	0.03830334813601353	-0.1494409067171782	-0.0897832113804119	6.328318270231122
WOWQII	0.41479876907562474	0.7007954674983177	-0.6796196900406886	0.08633609793738198	6.304316626336477
WOWQOO	0.4879240547124919	0.7559560996506474	-0.3651107374277756	0.11701755292877841	7.075632599852621
WOYQIM	0.5784190601161745	-0.172527497879693	-0.2678258608792506	-0.004616971683168561	6.005565091635031
WOZSAF	0.6422304113788231	-0.28356295573567686	0.3732939932200737	-0.14742323084281136	7.573622833883311
WOZSEJ	0.5920796846523793	-0.8347085597844475	0.11062879375675023	-0.0630115253812461	6.759827293355953
WUBBEA	0.5840963373851755	0.1728616153293696	-0.3332029876330697	0.23429673368372395	6.398471287204897
WUBBUQ	0.5150757067005305	-0.04472490617910445	-0.21065778140069008	-0.20327286241592743	6.060221011691047
WUCGIN	0.5852217330025402	0.6541565351771013	-0.20120879182053641	0.024193341875619015	7.34829377228155
WUCGOQ	0.6549218935602807	-0.7231322241249767	0.1505311390392539	-0.20250504355796667	6.877503386857709
WUCHIO	0.6389277911262212	0.04872099036010588	-0.07367399372384151	-0.02013771880424575	6.698373712633428
WUCVUM	0.6070656612301724	-0.47872487867237024	-0.4372865598842604	-0.6389701231022199	5.4980965839783345
WUCWAT	0.5720260276908471	-0.6179904601547064	-0.3201703948308941	-0.38869073491120265	5.6183787481336065
WUDMAJ	0.8529121356756564	0.7398719623126306	0.3220363375792623	-0.2560383995739417	9.600118815741824
WUDMEN	0.6637004156098607	-0.36315816793488176	-0.20110176757634501	-0.34970390091851167	6.15293987079742
WUDMIR	0.8276569870035253	0.32427545197233437	0.168069079210354	-0.2675352720503734	8.367679239034663
WUDZIF	0.9327891903257628	1.0248212669297434	-0.14295713259002746	0.19013826155413896	9.587518329096998
WUFGEL	0.8660279613395696	0.5943317671457309	0.2766746865633898	0.006637095190331382	9.288603274270631
WUFHEL	0.6675956299235919	-0.2707001786298057	-0.3189379319827606	0.09417350653736219	6.112072710033103
WUFZON	0.8862354945521806	0.727722733419216	-0.01907525016029163	0.057278292273155895	9.021840991771837
WUGLAM	0.5534582443421439	0.4875811064216142	-0.37694629549338105	0.10134251110564495	6.788786151131122
WUGLEQ	0.5523840234626594	0.5151196145557073	-0.39725820622828484	0.11832671922845175	6.833986917733709
WUGQEU	0.7084685719950494	0.021150118975400763	-0.09607670281274375	0.20739043992179326	6.888278027091465
WUHBIL	0.6426810936521816	-0.1814206272155451	-0.1932811468444775	0.048238184659580935	6.310579889133975
WUHBUY	0.6753329968318411	0.5889451301985318	-0.20328977112193475	-0.08315247052715348	7.5061727931841595
WUJDUC	0.8193971608641846	0.05072960542816353	0.042767888979974064	0.06416803553253952	7.531661238284361
WUJFAK	0.8146596290971377	0.05890983880636305	0.029551851229421	0.049496227728669816	7.407484007518292
WUJJUI	0.9395850167475945	0.15005648017601494	0.5486438099980008	-0.11681618658910982	9.351064755949173
WUJPOI	0.5668889115288929	-0.1131214245339664	-0.1513295156155341	-0.05330212560055295	6.377817953239346
WUJRUP	0.7265583038864074	0.09625332694900222	0.21722498360167994	0.04279616714913547	7.756447530746766
WUJZOS	0.47248759234586224	-0.4631141527671272	-0.3405645887158481	0.08069342756265496	5.369403912625256
WUKCIO	0.7141161536195941	-0.049765143646354947	-0.0899706891055965	-0.023111120313523005	6.876522649281011
WUKNAR	0.8484578957605047	0.4647490845466294	0.2411552122233747	-0.07459077891349042	8.721765556343135
WULWOP	0.7401095280015779	-0.12342673881164605	-0.036676294782648805	0.2546149591460549	6.970248291452862
WULXAC	0.737965045591479	-0.19590735125129094	-0.08555639064528911	-0.07420083634914137	6.668629550824267
WULXIK	0.6905665761507569	-0.21110126881651797	-0.19113897097707744	-0.03506154945387271	6.333907580242677
WULXUW	0.8206887880115472	-0.009664670459909045	0.03160645757570288	0.31821531649172985	7.5075768145035235
WUMDUE	0.5684117919426823	0.014298985405014706	-0.018638227560208193	0.43676724983789694	7.014567710629984
WUMTAB	0.5978580352435836	0.28861470192124117	-0.03796891581721132	0.21288354346540964	7.1759567023015025
WUNNOI	0.6465335745823975	0.6805869887703162	-0.38966739541005097	-0.004511750222789717	7.45187747130838
WUNNUO	0.6503652027049256	0.6865829491421631	-0.3946810688039984	0.0007629489416169331	7.458150044663811
WUPWEJ	0.6131890268911722	0.15317778236647236	-0.06233754296507932	-0.07349259881267381	6.924434663869432
WUPYOX	0.5320764857593208	-0.34920969949541836	-0.36414580426897164	0.38885032520928053	5.716527836846285
WUQJIC	0.7554904895314065	-1.1041822938885464	0.12149245846071871	0.10608051320271529	7.319864740402375
WURGIB	0.9184000298798338	0.612611125881743	-0.2969511853896029	-0.05193200533335759	8.121770530579779
WURSAF	0.9413265277756464	0.392156382669016	0.3926653864485442	0.06587433296165283	9.358602590816297
WURYUG	0.9281932384800777	0.4869367305049042	0.36689711359179017	0.1529502965160812	9.36137773634359
WUSKIG	0.3569074813696522	0.4988096079009932	-0.6985799087654077	0.07989487912561453	5.7358152202592905
WUSYEP	0.6979498811743072	-0.02360246939441369	-0.4645585642266878	-0.0010033917304628163	5.91437986901467
WUSYIT	0.7882186569389926	0.23923246990471742	0.38365624811625293	-0.13155769465141356	8.546215852774075
WUVNUW	0.674084116183324	0.38422765188752017	-0.3925426679897119	0.11182440681861743	6.754797552757091
WUVPAE	0.7535579367518697	-0.5364897030337861	0.07895372166827111	-0.2820889278214931	6.936709966710185
WUWGEA	0.5830759801836649	0.8182000565324827	-0.0800871978001122	0.18104713756903065	8.11816949191895
WUWGIE	0.39012425447917387	0.5558440405516574	-0.29525294790989376	0.20421101150645274	6.693337118657141
WUXCOI	0.9355232636135176	-0.256550896028656	0.680218463493637	-0.05524289439099914	9.521226422966759
WUXCUO	0.9454474050404942	-0.29391143501559	0.6574420884133068	-0.01906487245302088	9.343272359286198
WUYROY	0.6812689676477799	0.09147965022431247	-0.05718855192931921	-0.09235342470779147	6.865059500204539
WUZNEN	0.4212965787145748	0.7209298517543743	-0.2666398525669043	-0.0913967553863535	6.815829417946907
WUZNIP	0.9240042374773649	0.7732434617480752	0.46449650897468675	-0.06652932184601332	10.304182214146337
WUZTEQ	0.626177366490797	0.29159072955131	-0.21744367174944262	-0.1590802731414812	6.751140155525888
WUZWEU	0.7101558926166822	0.0729765847251027	0.7781723540607453	-0.12779159811279034	9.47166137370182
XABFAK	0.9500504442706017	-0.30538086980939594	0.3719513930314194	-0.05552662095827163	8.583384922497089
XACGUD	0.7563066093171162	0.376220413085175	0.24885005600183088	-0.16655526669314358	8.28344944906676
XACMIY	0.8616723911167767	-0.0016119383506186854	0.4688659108705801	-0.13430745357163074	8.838359033693846
XACMOE	0.8616724089192589	-0.05310892901813263	0.5164163829728894	-0.1500268388691304	8.968821603434401
XACNAR	0.7549344972886072	1.2096183506739209	-0.005655182029590533	-0.22757304889143423	9.833525600768342
XADKOE	0.7125915628488544	-1.020563282666473	-0.11774459964173536	0.14427372800853458	6.4416176939457985
XADNEX	0.6234355318829525	-0.15689156892004555	0.28607118551606125	-0.06971386081992303	7.502442131449371
XAFGOC	0.4244189440234676	0.5905622234338244	-0.4914918479368821	-0.012192573476267364	6.289697816281855
XAHFIX	0.42222306878428917	-0.3905664192004185	-0.6296573246557773	-0.2534925804162862	4.783094566094621
XAHGIY	0.34755698675921476	-0.45324735739581845	-0.7626818727792659	-0.3128264921366156	4.431024700389631
XAHRUW	0.9015315141503262	0.36040141043322393	0.3737456841017283	0.09063702137551964	9.20524183791807
XAHXAJ	0.5887495899967794	-0.5433260955322685	-0.4822987121095598	-0.3690507523277393	5.461513509104007
XAHXEN	0.5818692122882245	-0.546931794761417	-0.4765496241800751	-0.3809255317982181	5.489807306464453
XAJQAB	0.5790346011248708	-0.25963389258784964	-0.41459281830725553	-0.19405058223861354	5.673187846943864
XAJQEF	0.903939588036363	0.5545163983148995	0.1397540334831746	-0.13837841192895917	8.97680508017917
XAJROQ	0.8401196449095929	0.7310987885069309	-0.045752912948837515	0.03335644949209096	8.60558642591333
XALHAU	0.8839913121768248	0.2913509287488204	0.36621000836496487	-0.029450895081423522	9.008249496788403
XALJIE	0.7370314224836845	0.5589709859785772	0.30068509500737217	-0.05691344435678147	8.86589907661089
XALNAZ	0.9306906452252486	0.5851940791864472	0.46527462324615787	-0.3186158374072988	9.985395535474305
XALTEJ	0.5711043390484845	0.2669788626529003	0.1003250709183544	-0.14313677465327995	7.295523858560717
XALWUF	0.8675076729746989	0.6502168699529343	0.1267488080109166	-0.07474433107343974	8.95960604078487
XALXAM	0.7285185583628255	0.6973831661802297	-0.18229295183727068	-0.17946254449310667	7.9273865450470185
XAMFOH	0.29796026104148865	0.3533754155771121	-0.6541368457866674	-0.04024274845090114	5.186683449164555
XAMFUN	0.6522185956356497	0.3971919460058963	-0.37352893442242724	0.3030558706826444	6.66443951448976
XAMGEY	0.6907326179446658	0.3605157896885222	-0.2952450317409658	0.26923245590126677	6.802532716210426
XAMGIC	0.5447284612834524	-0.030666022883083465	-0.7266887833122739	0.0007435455495000184	5.223304618669407
XAMHAV	0.5018419058533494	0.02231836853998749	-0.7814475807154262	-0.030232752572545055	4.9870888932585835
XAMNIJ	0.893495430853215	0.5674090327810781	0.23588329330794644	0.36710665433729384	9.20439017855365
XAMWOZ	0.5713897562222554	-0.5419875962384226	-0.45735903153963126	0.12879254108232818	5.5522495345236145
XANCAR	0.8213745423462511	-0.4179272420445984	0.4001247357164145	0.15443071514494058	8.162481719219024
XANCEV	0.8192124613433212	-0.39324800186540537	0.38568967009950655	0.18091986884251415	8.152739570335928
XAQKUZ	0.935068622442289	0.40438846948198925	0.300214924124179	0.26297353435139337	9.265805254681325
XARFIJ	0.949715928462175	0.3507852762118405	0.3007179504253064	-0.457529998908785	9.188062352111157
XARFOP	0.6280465385255019	0.22399679394944816	-0.18303386466156762	-0.04919864807248873	6.7088120645700275
XARNEJ	0.3190347783916039	-0.7543502490700216	-0.5667926229992559	-0.2803286673097475	4.524713644794863
XARWOE	0.8127256187878658	-0.6979110012708336	0.1717627649358457	0.11287613303631981	7.526436768795204
XASJOT	0.4944987188983587	-0.12564985000320986	-0.3237768854182266	-0.21901247460139953	5.711004460895424
XATQIV	0.47558598245529815	0.5584152733581973	-0.13218100749469736	-0.11497292022033036	6.910380966758834
XATROC	0.7971856245127444	-0.5821121715072988	0.1103418827906931	0.2503877130914385	7.355502521515559
XAWFEH	0.9811756869328319	-0.33770037492277627	0.6883227305512583	-0.07877549499443097	9.656480874972267
XAWNAK	0.7738872566015456	0.2361544969273392	0.2319881066060915	-0.04677977385751126	8.042749780719202
XAXBIJ	0.6037503687906236	1.4820648248201564	-0.4269828639727902	0.19719993682876186	9.636350166008
XAXGEJ	0.6269760087662268	0.18581329829425616	-0.10670902738472621	-0.284256364793373	6.776677194317882
XAXGIN	0.7177408996468779	-0.3240243993957765	0.2530109358021947	-0.19076627149677056	7.387292862737471
XAXGOT	0.5634731163819691	-0.6468151345640609	-0.15909171070104838	-0.020734052167756232	5.822926012368254
XAXKAJ	0.6418229852337571	-0.5628022126945398	-0.26324099508874227	-0.12336818489719652	6.00693589941384
XAXVIB	0.5559498607273321	0.2324299699012642	-0.3470343043534423	-0.014389271203690015	6.2244735211815625
XAXZIH	0.8788565262396668	0.13034186799655595	0.44468960635305166	-0.04406989812640241	8.897917896954512
XAXZON	0.5224097262735583	0.019155631700654152	-0.31773930214534674	-0.11612467248935428	5.865429967308082
XEBSIG	0.7210512848905068	0.45958377425731334	0.1859982176953709	-0.08335533632328894	8.30620116982984
XEBVOQ	0.7936282977509839	0.714751969317827	0.22538860796513954	-0.2935646357798286	9.16744464944742
XECNUQ	0.9029322795760875	0.5847703205112749	0.3875627943717091	0.15308802513463743	9.524059317615482
XECQEC	0.7836746750563472	0.505783575277589	-0.11599994501727978	-0.20396078099228243	7.932353394870286
XECRAZ	0.8510817560237784	0.4703678480207948	0.3033514313911144	-0.15938369266224345	8.845748932129608
XECTEG	0.8040678852919019	-0.11736557431747476	0.11053517894721575	-0.19978513871310852	7.439012163909424
XECWOT	0.5575071014159931	0.4643649514798914	-0.12426696152871425	-0.00944740940976236	7.0177381083753385
XECXOS	0.6537886883775057	0.042489302228974755	-0.030178009387035992	0.4160479199981967	7.377155903110819
XEFNII	0.549953218135661	0.50803233823149	-0.3762242260043646	0.1083140594574694	6.841122192097687
XEFNOO	0.5498200327181078	0.5185226012440134	-0.37804336823005286	0.1124908520980496	6.857572193569748
XEGTEM	0.5111156207350191	0.5999476971844062	-0.2754770528378118	0.19570115487655984	6.947922663876455
XEHBEV	0.6790394113946805	0.22943228109873215	0.038764386163392464	-0.2590383887790043	7.336215102964354
XEHYOB	0.8650317580237594	-0.12181985302453553	0.7364315462240463	-0.03480891784612751	9.527110594833234
XEJZUJ	0.8680610425364019	0.8355005702413756	0.15420543857964164	0.17999651498927943	9.649110951842214
XEKCEY	0.5323927262731143	1.029787102230682	-0.23989228910247934	-0.39948848672308745	8.131438432570267
XEKGEB	0.9514905754335619	-0.10648445493016183	0.49619871585154396	0.0028151158987481852	9.110291737029018
XEKGOL	0.6990759905890469	0.4827892426632018	0.21559134738257213	-0.12070789698113628	8.30614996677947
XEKPEJ	0.7230177601015573	-0.7966618369811735	0.137291761066375	0.20701363770534825	7.160748533999846
XELLIK	0.5367773819239803	0.5030843901615467	-0.08239733286731993	-0.12007739050960486	7.101189994239112
XELLOQ	0.7752498131348604	-0.19696125284095375	0.399622946816629	-0.0742804592665507	8.054746669933934
XELQOU	0.6277507649387095	0.2567884337055202	-0.20625547987538229	-0.06732940500653783	6.659083668561626
XENCOJ	0.5915879073080799	-0.32869453224656	-0.30592933908358516	-0.0226080828978047	5.835253181387575
XENMAH	0.5382080458648746	-0.5838321900846279	0.231593024805413	-0.33775636668552034	7.067996932154049
XENWIZ	0.7111298239262966	0.2329743625791379	0.5718332437517586	-0.3599250255773574	8.87056111778246
XEPDEE	0.6739349664586474	-0.45651973718087197	0.19491689218410865	0.05232192385763666	7.144260553455957
XEPFEE	0.6788667598992832	0.6252313582336309	-0.11055498601615388	-0.06742282644447001	7.721061701224904
XEPTUI	0.7104783023450087	-1.0478279563683879	-0.13915482833825177	0.13972917659376752	6.386090460239133
XEPWAR	0.6849611635634743	0.09853581031009664	-0.29380047477038335	0.20301139283561243	6.5916136246156
XEQXUN	0.511818802514739	-0.0628669967608913	-0.08257886344032062	-0.11335967442347708	6.240544707465311
XESLOW	0.9555272383290916	-0.5936447956271944	0.7498655692635587	0.03490336024369949	9.97155444311572
XESLUC	0.9546566043216869	-0.6483146162504656	0.7808810016199816	0.1293795989355684	10.428104470772045
XETHEK	0.7069636585091947	0.05946304112420141	0.5370968201756403	-0.29914184738111294	8.680832945633158
XETXAV	0.6794423908055451	0.3510912667285309	0.1562004054317474	-0.05475410832402759	7.89325554209166
XEVWUR	0.7117621947308415	-0.9515129263509348	-0.04475418240106435	0.18926686525676129	6.643244839914883
XEWXIJ	0.8538112928885182	0.5164333417196341	0.2538661295953529	-0.2256672299812144	8.980688377930598
XEXZIM	0.9533554796375672	-0.25938919357001367	0.7548884233628654	-0.24251990017718988	10.238718152761026
XEYBEL	0.6675904442360361	-0.29335309980395147	0.03969550834920661	-0.033037166121972716	6.735004047856368
XEYCEM	0.7923004744023157	-0.2088876266396908	0.07288137030187014	0.018343265421349408	7.199935557085987
XEYCIQ	0.7149454754492721	-0.5673459552373512	0.13869497856799445	0.0719742853931543	7.042230569643257
XEYCOW	0.7100204109673136	-0.5770388477476758	0.12441345818872879	0.059100650440617575	6.9835043070622955
XEYROJ	0.6725018241377487	-0.4407224733872803	-0.11092689310853299	-0.17749347734314475	6.280725812510351
XEYVUT	0.6055630186570751	0.3642456308763645	0.03784460788968955	0.0975986359471565	7.4141573406433166
XEYWII	0.6347604985751385	-0.23166372726817314	0.5524606335966382	-0.1538627822227582	8.236973783373223
XEZTII	0.9444338292688865	0.25648683463206035	0.6135666334580717	0.08306273028573644	9.701801013754153
XIBKEC	0.5373973722676713	-0.7106764504470524	-0.027005187334729286	0.1661608555442966	6.3797826812560245
XIBKOM	0.6698785003579948	-0.4196572227283318	-0.23046951060650472	-0.2949515694029202	6.086945050050039
XIBNIG	0.923728683147556	0.7694646870592752	0.1566679539938939	0.22160544478887417	9.444842161807813
XIBYOX	0.8582939656998603	0.35712834085259854	0.20348598816661595	-0.057037454674778755	8.442570252012965
XICBUI	0.6614839281970815	-0.49694747800250083	-0.08484648696603003	0.16250452793365922	6.412723523698639
XICPUY	0.8488944676250201	0.1831075860924572	0.4536717040876861	-0.2535646522301024	9.02621859565276
XICZIS	0.19138856350903666	0.8089459659060345	-0.8501186108039227	0.10174483721719496	5.855661990713307
XIDQOR	0.8225664137121083	0.7782380530141688	0.18653840444627678	0.29840171490065204	9.240330687354271
XIDROS	0.8228318762045985	0.7705516013988627	0.18021887144499166	0.3037641519157087	9.21775904442727
XIDSOW	0.5728312603957084	-0.05516870627629792	0.06486889360149968	-0.16663773083317435	6.705375861062583
XIFWEQ	0.6764589668963135	-0.5309604883013308	0.23996766269663514	-0.014533259746946182	7.238267408085064
XIGLAC	0.5155913373998136	-0.27864707184292287	-0.35287026124741744	0.5547585089439803	5.915333879196462
XIGMIL	0.5091580905255011	-0.003362640174649484	-0.3498713118071973	-0.12746058983966152	5.795454109596396
XIGMUX	0.5132123024268846	0.02255126415129654	-0.3309793580511697	-0.11858607492247514	5.867234998889398
XIGNAE	0.509893969260677	-0.002911334614962874	-0.3467133820104152	-0.127741155408778	5.800912442951038
XIGWOA	0.4722502557406667	0.1644336463973954	-0.33882549479961804	0.07372715289146221	5.981454949004258
XIHBAR	0.6371598098120606	0.29614186171779755	-0.02212872078156941	0.22931238885239463	7.469390314745297
XIJDAX	0.5379284815415657	0.2807491134009797	0.04630901549722595	-0.144896117378284	7.03037893243393
XIJJOP	0.47651526614411654	0.013255791943082199	-0.365590035591793	-0.09839949558270263	5.669031115129325
XIKSAL	0.7920824399852648	-0.9513300390203983	0.15908962799868176	0.1877462531256743	7.416631430534695
XIKWEU	0.8843429156075153	0.7690428676755992	0.07885400161811282	0.025460858383314897	9.199748328032477
XILFAA	0.596455177278874	-0.6536338133690256	-0.2669494481042817	0.2703368912580293	6.045014004808916
XILGAB	0.7456670058671788	-0.4587849884537078	-0.2790038884154542	-0.348250087214923	5.943861611624158
XILGIJ	0.4927699364373792	0.5180056693004738	-0.35011869429256215	0.1600025243470074	6.674002307000844
XILGUU	0.9283197427302552	0.41078939095580685	0.34314940360431045	0.14330188409739403	9.299152683265158
XILHAB	0.8992264329577271	0.6291212878529662	0.46643493912837697	0.06863610956051307	9.899916240461556
XILHEG	0.9510342617699159	1.0492223394847149	-0.1373865237097186	0.16323753227202378	9.846051844555657
XILKOW	0.9340764154113126	0.38377909592495774	0.445062993164768	0.07904653793897415	9.52266306153635
XINMOA	0.9353387467892533	0.5832656843474546	0.4310210946477708	0.32042174999645123	9.93009323809527
XINMUG	0.916726988449609	0.8840625458752605	0.3858497343229438	0.3723543024278887	10.42946770938699
XINQIU	0.5686683965249024	0.4791079289460283	-0.3745281581052462	0.1114015091445161	6.822590212665736
XINQUG	0.7382516909085988	0.7282860758557668	0.19524644387083834	-0.011990356337098499	8.792972034681128
XIPQES	0.5181076938243638	0.2404452653636195	-0.31036079016800977	-0.07390715198850538	6.147272395584205
XIPSIC	0.5837224729785415	0.2370254210878885	0.031281593483557135	-0.16956174585368342	7.003737626054296
XIRMER	0.7019464117109449	-1.0186087200694758	-0.09445305877682217	0.1732732354444028	6.548135973015793
XISBAD	0.7551116296166613	-0.2724332697479988	0.0928665670944204	0.10590227840815836	7.2541275932322895
XISBOR	0.8772385867950732	0.7160378793211783	0.12164728216025489	-0.2928052232156313	9.162180956113039
XISFIR	0.5516154695761006	0.05662107917304994	-0.17476228339638444	-0.041564728591159415	6.381398220902602
XISNOE	0.5272320102723089	0.41521287122046885	-0.03305616120055302	0.15281128042127456	7.223277116798972
XISTAX	0.9201603682947974	1.0033593583439755	0.48460037418554996	0.0006605502579103105	10.94330890734467
XISVED	0.8976362528222985	0.6552605972671759	0.9108158040840193	-0.10165660317003758	11.462821180748536
XIVMEX	0.7067524399195806	-1.0512864269591655	-0.13596278407531526	0.1567778476116896	6.397069931940688
XIVYIL	0.8644356617048823	-0.43915614290328797	0.3828235509433729	-0.07924051773555911	7.948570452350409
XIWFER	0.6094701814718118	-0.41458111116797547	-0.33158677093803257	0.14215277063884804	5.75086091148417
XIWTUU	0.42460436153778147	-1.1011909309260097	-0.38799472490903125	-0.3965122691753873	5.31402155905447
XIXRII	0.7591425149281719	-1.1130433673296256	0.10625574829996667	0.12227975533107413	7.218904678263458
XIYFUG	0.7482156605785626	-0.7673058074795904	0.26384816289685703	0.12845434469449563	7.52611267408126
XIYGIV	0.8088772703889049	-0.6587861404446165	0.22808764431779538	0.12352113239772833	7.5204555965467765
XIYJAR	0.8944661990307061	0.30201070711657985	0.3464919077338554	0.002814211551078723	8.938392815875861
XIYJEV	0.8459047190383107	0.4678453671589134	0.30877009029970265	-0.01237637804606388	9.036176986323795
XIYNOJ	0.9460162529632719	0.3957853512822424	0.3568740827422944	0.16240140564656982	9.3374392667954
XIYNUP	0.800126924763993	-0.13656020882466918	0.418340364684845	-0.15700907902737402	8.208655334739845
XIYPUR	0.5785950932931243	-0.17722145068114267	-0.24420195542686546	0.043524365106106015	5.992281380019574
XIYREC	0.8743829749414092	0.8672190087297218	0.3035900779567321	0.2093711751806744	10.043471646344841
XIZFAR	0.682690265979951	-0.3943623676449919	0.123155388418679	0.08089100114011301	6.954166584589381
XIZVAG	0.9136988312330558	0.5932641555312448	0.37217179185884447	0.2681923770151835	9.701988255978748
XIZVOU	0.5669447809354162	0.31964095523531544	-0.2035318909289408	-0.06803283697112059	6.613516890750951
XIZWAH	0.6155346115111904	-0.1870586425134331	-0.379119185013924	0.4138595851768313	6.116438688765099
XIZWIN	0.48468127677864814	-0.10083442295901274	0.011895767098739171	0.08475927217081161	6.492840070932831
XIZWUZ	0.6827021419712445	0.17836059136540855	0.16783694559414983	0.286392520030899	7.825854586856965
XIZXAG	0.49305841780394744	-0.03080175947346663	0.059395615142690976	0.2377249273278865	6.862841898393477
XOBYIX	0.583060575141749	-0.5335136693484022	-0.6555983630015909	-0.25725517128798864	5.112762968432933
XOCXUJ	0.9192027128409599	0.5278018114131455	0.3789601176390657	0.2980108530191439	9.585625514015979
XOFTAP	0.8217216796813958	-0.5380136099480415	0.3533598118497445	0.1525212677823575	7.995651158809495
XOGYUQ	0.625730317950949	-0.08601727077672605	-0.3013582919073217	-0.09603671552105562	6.042292438077229
XOGZAX	0.6150174426262458	-0.06807158496144144	-0.29668366488087017	-0.0888560092346439	6.048300764349575
XOHNAK	0.5092286342753596	0.24277867920599705	-0.3067560827381718	-0.13499936187614117	6.181583627010983
XOJBED	0.9455489068341381	-0.16101639739552268	1.0120615044801624	-0.01824335881374703	11.591349970617562
XOKGIQ	0.861494967703079	0.5836327158084269	0.19530759400971703	-0.018544988291305374	8.91389125533024
XOLQOE	0.576797424421998	-0.04264015950233035	-0.197591435560241	0.08549141464096882	6.25263401690046
XOLRAR	0.5612954841430602	-0.01786560325723239	-0.22065961877132673	0.016585618597349715	6.061644817152534
XOMTEA	0.781762217394661	1.474069845699604	-0.33785099544948377	0.15561282823368233	10.64422222571942
XOPFUD	0.26747179490935125	0.42881556708087104	-0.640803657713436	-0.09183513660228071	5.331055942745991
XOPSAZ	0.682066493052262	-0.6491536873627684	-0.42650210611963885	-0.16547462623781173	5.614498572039881
XOPVAC	0.8148448687016305	-0.5071374704995202	0.352288902032295	0.16190751656053462	7.969610560548837
XOQZEJ	0.7488192138630891	0.8376005542547722	0.47000265858285	-0.4581857274774177	10.008002102767904
XORLAT	0.5689623664676748	-0.5986754808202583	-0.45985794305925404	-0.43420786336411266	5.289759875735952
XORPEA	0.30016258981972754	0.3388852516247859	-0.6093622007951784	-0.00826850739504085	5.319902744991757
XORSUS	0.7950153973480516	0.5330892845300561	-0.03464754792000915	-0.11209644785481505	8.014196479857622
XORTII	0.7558348549090166	-0.4279118551885626	0.35153414800747956	-0.006929894048232245	7.860972250784762
XORWUX	0.7102541746028557	-0.9767632691993369	0.06729542451741934	0.0007062483113026985	6.843397222650379
XOSCUE	0.419385446042992	0.5782672802708855	-0.19719900104598131	-0.10784203350613293	6.644144124634887
XOTDAM	0.6828575290083787	1.1311669700700697	0.28881181294615144	-0.21619026726883492	10.068310700312514
XOTVOS	0.8331926270963894	0.9553380006641912	-0.10774175784996362	-0.030220727988453266	9.149679409663266
XOTXAF	0.7846592379838482	-0.007888403530791429	0.31247525430861833	-0.08372226554522182	8.027028803651909
XOWKIE	0.6517370415741821	0.5279084470575113	-0.09064778349410996	0.042685961339056284	7.575107445797967
XOXYOZ	0.5755591679951877	0.050162324695524285	-0.1598066343844643	0.07239357576802355	6.589709075485199
XOXYUF	0.5764382755604593	-0.19955510107947586	-0.5406412053172776	-0.2357044121259127	5.42501358811679
XOXZAM	0.7492423421404091	0.11097922045698314	-0.29783201837931517	-0.15085324842204426	6.676469628506389
XOYVAK	0.6893185859179809	-1.091412018211593	-0.17361889625453814	0.13035726159540242	6.29443895607487
XOYVOW	0.8315728102979847	0.0733880720596369	0.43196566499463274	-0.22219438998514746	8.612765481739222
XOYVUC	0.8600938581452304	0.008132159984985312	0.41438886292959454	-0.14068538140210365	8.546999608423766
XOYWEN	0.8363491057687504	0.1440071585129117	0.5091984755058864	-0.25038086531780174	8.997727759408178
XOYWIR	0.8053956667345821	0.10794233403344347	0.5115580781411027	-0.32155718334977745	8.92132647464131
XOZQUZ	0.581065744481478	0.10653372836095648	-0.15482729639723708	0.06729845920512341	6.595793999766465
XUBBAX	0.6455272151123541	-0.08282984485413257	-0.22319203382634195	-0.017976985462521834	6.201954521979535
XUBDIJ	0.5293760419873559	-0.1138634751725119	-0.11741750043059848	-0.07774757044088479	6.185009353318613
XUBDOP	0.5303972420997125	-0.12771464836534133	-0.11320209403448842	-0.06892990060322435	6.220958204407032
XUBPAM	0.8326268355505695	0.5853157090197261	0.29548380906712474	-0.1717064687591375	9.08681248773153
XUCFUX	0.73818410661658	-0.350858474502872	0.15892191144673407	0.19212952102953273	7.24185410425063
XUCGAE	1.0375786068104151	-0.35432281273186456	0.7370787250087678	0.2115226221177133	9.988187719482976
XUCGEI	0.9177909190673041	-0.9453087134150246	0.46992356963784015	0.34935794595739933	8.561167466854684
XUCHAF	0.6608628649351811	0.14569104602937216	0.12452915994101317	-0.31050887839425856	7.368706688203594
XUCHEJ	0.6700580854585025	0.20107460260690016	0.08799423988147972	-0.28175421745256213	7.3619406956379905
XUCHIN	0.6765911628493448	0.4236653628517665	-0.07870962980096644	-0.18548380848829932	7.343099804791412
XUCVOG	0.8040719512993943	0.46571179360326026	0.1821290501813665	-0.21313207930243347	8.462650255338003
XUDGUZ	0.5632003391204137	0.07987851147830288	-0.15460528586559674	-0.08851682037881944	6.424475207202539
XUGJAL	0.8619055821190456	0.6633111410682146	0.2985460451104822	0.22870520298427904	9.303838565612384
XUGREZ	0.8857073325020117	0.40918995760351395	0.7972899046445379	-0.13131902505147944	10.47718801428797
XUHCOV	0.7896241436480684	-0.10453280667335359	0.47774757199621287	-0.22800053743450557	8.403701492444538
XUJLIZ	0.5376264692556711	0.02928410755295268	-0.1722336522482451	-0.09284107987153352	6.290269899260827
XUJREA	0.3516021731974952	-0.4477058748453397	-0.4985496453721217	-0.030208241398295383	4.900900057590225
XUJTOO	0.765383995335486	0.13655039117767628	0.29039853528105464	-0.16331958992734522	8.033440848387363
XUNDAM	0.9261509036293258	0.3678653879725981	0.420831591894727	-0.2185121094375776	9.433706880606671
XUPGEW	0.785942795729313	-0.36915058127096023	0.07095084815615374	-0.10804225949014368	7.2566969092881575
XUQCOB	0.7147819333724978	-0.009926590391287834	0.4482229131289605	-0.14560887451382112	8.301777699452115
XUQCUH	0.8873426708186765	-0.5793610495345836	0.7677806689455802	0.023498975485102325	9.638714944496135
XUQZUE	0.6553216724142104	0.5477869979905137	-0.08541871172328075	0.04032173530933122	7.59831178729835
XURGOG	0.7114107385897963	0.3753954634024335	0.011727662064151115	-0.09451566405669241	7.704525326860131
XURJAY	0.7296102139291412	-0.4412740366798299	-0.26139427803880805	-0.28328514329778043	6.108793697804038
XUSLUT	0.22041684277585105	0.5182258854369366	-0.4969900407785451	0.25975808296243175	6.274015299773975
XUSMAA	0.254082091021405	0.5921942256655794	-0.7092195243176842	0.3666218732281372	5.779629187099198
XUSTAG	0.37529154539501963	0.8390293333603844	-0.38039093562663656	0.006016308804083494	6.8444217147520545
XUVDOH	0.8091172334112731	-0.49584150619058126	0.055651762711195325	0.22800368398156926	7.1392628818754345
XUVWES	0.5870712063166934	0.3743508647060318	-0.5076412309148925	-0.09985411396921767	6.3461259371543335
XUWGAY	0.5415484050892028	0.470463388662748	-0.07875818787684744	-0.11132717083808784	7.074698887555642
XUWSUE	0.7108629303162441	-0.09964032737496002	-0.5287329904007443	0.21230009160950652	5.904916362422432
XUYGOQ	0.5061683337305762	-0.8484177467424541	-0.0012585545360743744	0.14102596200529796	6.305287244187102
XUYHAD	0.5056851648072458	-0.8183979034738191	-0.026788047354060096	0.1327877285175546	6.185146605508455
XUZWUK	0.8920906540263767	0.5481602281510176	0.24284100980697407	0.3472096747885218	9.253782071681302
YABBUA	0.611899427883869	0.5662832899610182	0.040859583405427696	-0.13563474318809451	7.712039984974526
YABCAH	0.45255505645139493	0.15012872437855376	-0.23913835765681468	-0.07146126923787093	6.026423569263378
YABNAS	0.797723274243145	0.5545349977622085	0.35521769217825216	-0.191111598390753	9.073354629217176
YABNIA	0.8330834192179735	0.4252233459156937	0.4566404343556904	-0.1084808677319917	9.22921967316754
YACTEF	0.777685721559803	-0.6401698519631382	0.04915443496877707	0.27790381957162635	7.10114416975212
YACTOP	0.71864549738787	-0.6101789120759309	-0.20722448376032931	0.2791917340196992	6.396187819365622
YACVIH	0.38226035593220864	-0.09543559443413682	-0.14391558110542635	0.33651920390640444	5.843157274920328
YACVON	0.37932443388443193	-0.08840209172586032	-0.16651611017730444	0.33919504390105515	5.829350236743604
YADQAY	0.6281822009635496	0.10405028395853931	-0.09761448314687454	-0.07685664725741007	6.810750357465189
YADZUA	0.690409163513694	0.38618345790374226	0.26148637872887914	-0.1394843012668498	8.210633473871223
YAFCAM	0.9577751703833597	0.9678723628614976	0.42431500248290593	0.0156681105147322	10.820847025050798
YAFCEQ	0.9478432764265561	1.0464273307295624	0.3308826682803552	0.014624485621242248	10.788520397774972
YAFMAV	0.6175497626039252	0.4826437517048305	-0.20852562553255494	-0.06547655976318847	7.089694483483476
YAFTUU	0.7973479702709776	0.3895328894941709	0.15928285456512703	0.016602598001198718	8.121010420119093
YAFVAC	0.3548777562023657	0.7591371366682094	-0.473740211734125	-0.043655200967304894	6.417763675611103
YAFYOU	0.5601422961377969	0.18622369591214338	-0.2168231375725263	0.04130982895558108	6.5363318441698794
YAFZEL	0.865783083218588	0.6433145255325827	0.08949832372875238	-0.1076587671700037	8.908380885080135
YAFZIP	0.903024108724602	0.46196777776613074	0.3413808030234278	-0.09730706220110849	9.239827742845295
YAGBEO	0.7841962607674651	-0.23541865058095424	0.8248809458514907	0.019659108471999177	9.843703368076941
YAGCUF	0.9076089776261256	0.8088611162488999	0.1426079765052895	0.010250340014551544	9.416479268994486
YAGDEQ	0.3297873363940669	0.5704458961024625	-0.6410296505248363	-0.02204447275183056	5.75065390880647
YAHSEF	0.520236435244124	0.16084668048845585	-0.1740196646477159	-0.10419696310781604	6.349484453279684
YAJLUT	0.7518213063188508	-0.9016814545130949	0.14021224992948458	0.10315867779442717	7.211066662679179
YAJYEO	0.8216238919651646	-0.2451649090053719	0.38033165075073233	0.12112254117191534	8.166172817248052
YAKBIY	0.7875813459756511	-0.8590681065460506	0.15005113822028654	0.18791040280187038	7.336075120188543
YAKGAV	0.5624245402875614	0.2245351660656236	0.0008905279937185678	-0.22379926745948353	6.961652998099332
YAKGEZ	0.6256138008800454	0.22243717434799454	0.10103043052836647	-0.17591264556371136	7.3458061632158955
YAKYER	0.4378018312883034	0.6860241706865489	-0.5199744816121068	0.11019431087873717	6.59337082988334
YAKYIV	0.4357988954554317	0.6968992451044502	-0.5260491644585044	0.11648387941296481	6.604779208196914
YAKYOB	0.49054057737666223	0.669592730685419	-0.4447207244884112	0.10004616958525127	6.936388621337064
YAKYUH	0.48584282755314323	0.6599168982447545	-0.4290817834077187	0.07801338746449442	6.925789757161437
YALCEW	0.48902746776832906	0.1567625795059198	-0.2563260537211474	0.0415375267289045	6.147826045763604
YALKUR	0.4622350063155274	0.6001519813561653	-0.6690477792208458	0.11288640318678117	6.189129239892356
YALVUC	0.7533012398774588	0.8317008223648694	-0.03586078967399678	-0.022200879345305728	8.521321812027132
YALWOX	0.5897317770943875	-0.8151413501587748	-0.6008096811292363	0.0563777645416864	5.112378172400642
YAMXAO	0.876392632746195	-0.8809469886079544	0.49435338556291963	0.0044531018725845715	8.4115568665572
YAMXOA	0.8481641906168251	0.4298704346207071	0.28344922620142743	-0.16877688499330598	8.790400365956023
YAMYOA	0.7759368632241417	-0.726096443510849	0.22446055971008086	0.1162011942371593	7.51658499787309
YANCOJ	0.7621244077605551	-0.13623972372184195	0.400959625640654	-0.10895748491335983	8.03799434246113
YANKUX	0.6082117580230326	-0.5421780620154355	-0.5446427474821991	-0.25015407744450846	5.288724802740816
YAPPOV	0.8128538340468117	0.660354765135817	0.054037772342295856	-0.10647220845505985	8.646117170739867
YAPPUB	0.870592420376461	0.37422427727178686	-0.012687301738916634	0.18152205781840555	8.192453265395594
YAPQAI	0.852016391498271	-0.5104415001184649	0.7225408744727799	0.009858605634419596	9.421493159642797
YAPQEM	0.7988317373389018	0.7203576261678222	0.07047432654568314	-0.14947938308938924	8.795036442962488
YAQQAK	0.675076501215151	0.5764367712199867	0.1079803779489906	0.0076932169055284085	8.11046674093994
YAQQUE	0.6575629010431214	0.04049843233351899	0.2726663541260984	-0.03266459881084455	7.563283850684681
YARKEH	0.8943032256584571	1.0156680080465135	0.29710728773680095	0.09353186028698329	10.385795892819367
YASCAY	0.5785185906060111	0.05990537788107278	-0.38585777022364637	0.2611721463582024	6.322103999263671
YASDED	0.5625844002276867	0.08014164012892161	-0.3965172404203084	0.23919254002258414	6.239399239058291
YASDON	0.8673277399589372	-0.23938123078652127	0.32314170913864826	0.35443782665381574	7.9861690105480125
YASDOO	0.7052107432486601	-1.0366682438041395	0.20394690143537253	0.14413713879726697	7.427682244175217
YASFUT	0.5541085635325738	0.13710327120792984	-0.39770831535628354	0.013847678312074452	5.999653043564532
YASFUU	0.6864070475168553	-0.4346738654148867	-0.018653651182876707	-0.024490022506041195	6.571329251145947
YASPOY	0.5080671388146483	-0.14058829536619738	-0.1577362134380641	-0.09126317351378734	6.057495732111363
YATQOB	0.7330581200664117	-0.28852260056711143	0.2373843236028843	-0.08924720311472402	7.345483677185659
YATWEX	0.5384900196388225	0.17732761858326088	-0.4126161858056297	0.011225864104403831	6.178909242165838
YAVDEG	0.6396977245722244	0.007979178964766444	-0.2471037834342797	0.060887681385899714	6.446104176171682
YAVFIM	0.882987194289302	0.35712990023980234	0.7969047530044024	-0.10770093061923258	10.692533790900171
YAVGIN	0.5058888991077986	-0.47954854488379595	-0.6130963943960019	-0.09523464613758825	4.786759305939012
YAVJEM	0.8477192054178033	0.23877006384713517	0.251143313841252	-0.09299722371250885	8.483370493316839
YAWDUZ	0.5326536147528662	-0.7556444024346656	-0.5466881956070004	-0.33148328561439977	4.982629740876007
YAXVIC	1.036840848253477	0.022375651343360482	0.8623187461338733	-0.26783660378943686	10.971608391539952
YAYBEI	0.5776567900584437	0.36837932392916295	-0.02493173229063317	-0.12220647438283914	7.173867103255418
YAYYAZ	0.6486717333318275	-0.501431112244872	-0.43628451129628837	-0.2893785552835637	5.57688793693325
YAYYED	0.5996524786653783	-0.5581197461219654	-0.46597634078090117	-0.33579792775504846	5.298784167183165
YAYYIH	0.6223521847393627	-0.48892981567906096	-0.43804328296133627	-0.27866429530354786	5.410821079407974
YAZXAZ	1.0447203591294558	0.8268161435528634	0.29471761063920343	-0.07746659070750996	10.433440029848864
YAZXEC	0.558906768169618	-0.5109538771959282	-0.15455660866697823	0.04329924678473479	5.987576895449311
YEBCAL	0.4854075187631519	-0.2721289903881509	-0.0024365382180384226	0.21944806542081624	6.3528235676356335
YEBYAI	0.918084452851958	-0.22026582023934776	0.604083060077446	0.11337751586251403	9.330653019495454
YEBYIQ	0.7256869752473429	0.07351310449439037	0.1094151207164533	0.1284193531072569	7.411681284215833
YECTEH	0.6200110535592565	0.3845019322669603	0.17839921033685277	0.010977829811386692	7.767971491205778
YECZUB	0.5245765578732886	0.18617336044820476	-0.07534598884844221	0.2275007638710894	6.613616221854273
YEDFUL	0.5968725324401234	0.24067230442510323	-0.14924140762597776	-6.355186081588235e-05	6.792473737005634
YEDKIE	0.5878550300319452	0.1585012716508824	-0.16293433605883012	-0.07061605114390052	6.607172775156728
YEDYAL	0.5639833512845129	0.2205694753545333	-0.3080650306626096	-0.07232163464239898	6.301003512661098
YEFBUI	0.7243930109742065	0.7910881234880649	-0.09473071920060333	0.02922612461673369	8.397142813363452
YEFCET	0.8338261344460483	-0.7049694955878709	0.6826633727073701	0.40444039975818513	9.425900031289597
YEFJUS	0.8690123731132218	-0.6363055889384108	0.5211580473223887	0.02275000865891269	8.714654339271725
YEFYUF	0.723929200343318	-0.8714996566030324	0.4204518347107631	0.026592865490837093	7.947997143168986
YEGDEW	0.8642586057599546	0.719229174980466	0.11334311732683669	0.3364403667548189	9.271541882937651
YEGDIA	0.6267839498666072	0.3471276255073784	-0.0812587620576109	0.2836116314004353	7.219447504102295
YEGGOJ	0.6026837731432311	0.42324285199824185	-0.36252695745377383	0.10439868605417424	6.828982477906279
YEGQAC	0.8771519591740118	-0.08917727227857561	0.8728898495074766	-0.058745995364808234	10.438215546773419
YEHJEC	0.6568575980304177	-0.8879252295754612	0.1876249106152262	0.11121473740889944	7.320511581665709
YEHKED	0.8976576942995163	0.15604777145598606	0.4094938187436995	0.027590609883968477	8.862926392415053
YEHLIG	0.8887141877067588	0.3721786988947404	0.38832019745398055	-0.046986211300528276	9.230653595382762
YEHMEF	0.5203284189484325	0.03732209460374318	-0.40525906939171835	0.0719746294127644	5.785084381560615
YEHYER	0.888677256042703	0.22666816774504162	0.38845487735332995	0.018921759487427726	8.968982163265027
YEJBAS	0.6715369789703756	0.34525407363708643	0.12426395463824794	-0.11200510279422113	7.701937479221086
YEJDEZ	0.7222262165176474	-0.14397217920309352	0.3151936751500959	-0.009712177686750992	7.806142284868786
YEJGOL	0.7750904862439194	0.1651032276504589	-0.21309400756482416	-0.06303512668002223	7.06244479587788
YEJLOR	0.6608562576424548	-0.8023018664459951	0.2908952577549002	-0.1692614285214051	7.605726360452251
YEJMUZ	0.6305997425521479	0.576814215876621	-0.0027937911144086947	-0.09189613349939624	7.7607770871645325
YEJNAG	0.591000219296193	0.637772173191868	0.07051851667300138	-0.05246521587516008	7.92862866441562
YEJNEK	0.6944690167680072	0.0661558117870001	0.1999025035431808	0.02602131760823763	7.606222008032457
YEKWOE	0.7848368223299156	-0.4651097906287531	0.16384339313995255	-0.015486291493755324	7.341341155743509
YEKWUG	0.34693224197520856	0.8546859542037031	-0.5728083594737312	0.010397007687579514	6.793848659526151
YEKWUK	0.7944226249853639	-0.46351751929565554	0.1720441257259981	-0.0017247224960071274	7.396920886693594
YELNEL	0.47131100044058805	-0.20256313526891565	-0.2882179107413295	0.10668856263098839	5.640628294918045
YELXAR	0.7840186494253025	-0.06680412780079809	0.424303400083534	-0.24681242717452828	8.264099260493651
YENSEQ	0.48083996881791613	-0.275475846058384	-0.07900100801326401	-0.3011988419556325	5.93535892697872
YEPBAW	0.8555222384772891	0.2533076809900347	0.2999732295930081	-0.0007242506755423227	8.658764494926478
YEPBEA	0.6214122256200092	0.09301711854743872	0.03583425981856546	-0.1640227897290443	7.010180214444209
YERTAQ	0.7901386766648573	0.06702967663166458	-0.11003245258730679	-0.135548049275184	7.135616082634757
YERYEZ	0.7715740437369929	-0.5506833641163296	0.29359457279904355	0.28167275363958577	7.744700716964987
YERZUQ	0.7972618407564864	0.012307464504647182	-0.12405958636731818	-0.0882606811352282	7.099982886293878
YESKIQ	0.7731832106511876	0.07445908729067396	-0.11653092935806858	-0.13452198099369395	7.077904714714331
YESKOZ	0.7845462575806295	-1.0444305604764033	0.18900357935875	0.12013293118189211	7.498011614460468
YESQAO	0.7845683250993618	0.05795942832245472	-0.14162432403712022	-0.11489236621374438	7.049962267622737
YESWEB	0.6631007560407625	-0.1285142830610981	0.0741988495443915	0.020344899259297874	6.981928484755738
YETFAF	0.5840532101591318	-0.6542301276261901	-0.3529929047390199	-0.03304963244933394	5.461617515074542
YETFIN	0.44787550061172876	-0.8091814627051346	-0.4215539377686493	-0.21051261179686487	5.108880736219753
YETFUZ	0.4727350936539567	-1.0018475059301544	-0.3924230145733493	-0.13534977367753315	5.262578220887856
YETGAG	0.42906137077001283	-1.1041882497669078	-0.39942743147785514	-0.14676234489369092	5.249505399585192
YETJIR	0.70158124865124	0.7733577821798128	-0.04788170822091206	0.16638784770646964	8.423651797799614
YEVNOD	0.7545775871412648	0.8152359125251485	-0.19521892245046457	0.17970092477256272	8.315908107051948
YEWKOB	0.42931100435703673	-0.6040612106213281	-0.5338367538218667	-0.6330125408995171	4.914969936840319
YEXGUE	0.8538265784695742	0.9023981158201777	-0.12967172383456343	-0.0008387868776797537	9.044054125939539
YEXJOB	0.6381910122736114	-0.8116120539978402	0.025367950480241444	-0.025781233687779754	6.637953675249766
YEXNIB	0.5472056192553243	0.11952271392199804	0.010672210326892195	0.0011722785917605456	6.786228315440063
YEXNOH	0.5300404151364688	0.3208007464792846	-0.13580857012831782	-0.15534388913235286	6.682385232958026
YEXNUN	0.5184334498865706	0.4968500411087868	-0.15356867097174243	-0.15926212900090814	6.929128709718133
YEXWEH	0.591906055572859	0.10883486395645209	-0.41086239567722854	-0.011663495965972524	6.046953626077077
YEYHAL	0.6825761376666897	-0.44654321847085277	-0.09922063540317766	0.12435187404761652	6.415575786124725
YEYNOG	0.5710707590440487	-0.540820802416278	-0.16079722213820047	-0.11692576709782494	5.8913571957682915
YEYRIH	0.5535748438201109	-0.08288461251267495	-0.2642212304589653	-0.1482518071704984	6.010877695518998
YEYRON	0.5474023510149264	-0.14566714937370936	-0.12493727310730066	-0.11930849965532671	6.162886809687949
YEZGAP	0.5635145217695339	-0.45435585483753677	-0.08202596674085547	-0.19375138737817849	6.00430523857322
YEZYUA	0.48504734654327386	0.3551973652481628	-0.4108188298388456	0.015592026639884963	6.219794631856905
YICFEY	0.5856729497576234	-0.5266728426878216	-0.48038651548699435	-0.439548252499796	5.462503434527533
YICFIC	0.5413870039908888	0.441871029406403	-0.17967490100024242	-0.06619865975814782	6.81738220759332
YICKIG	0.30100019238224274	-0.9782953036307103	-0.41910016336281647	-0.3145975892510102	4.883621788217752
YICKOM	0.4071506958481823	-1.0765456318084652	-0.33763789277125306	-0.10134328999715304	5.343866086664307
YICMII	0.5684705722668157	0.2562471015019839	-0.17534327749809814	0.03683195617858286	6.582838587931069
YIDJUR	0.8911513290350905	0.022382836722464314	0.6219390364320616	-0.18970587845853876	9.504527269545415
YIDPAD	0.558368610112943	0.17101184676045103	-0.3124957116051955	0.019695966517916844	6.362268295756081
YIDQAF	0.2709225639563231	-0.4911214781054712	-0.6318605075992909	-0.23421482877259442	4.659444275186095
YIDQEJ	0.3415176166550351	-0.7644749535974378	-0.48893646962809306	0.12574291713470886	5.087304935523885
YIDQIN	0.5766005843176503	-0.024662545702845286	-0.217480390077451	0.566398185447935	6.4513722839686425
YIDSEK	0.8532976516258781	0.31087263464987896	0.22139213528495885	-0.0430538603456827	8.414302207304754
YIDWEO	0.7206083992299588	-1.045784806977151	0.05893266436341114	0.016175528489905115	7.075919714846197
YIGGAZ	0.938956758955408	0.7187361648341886	0.2266664811531803	0.034088338519639376	9.608266310450801
YIGGII	0.87215147292632	0.3638043915592511	0.7202964967861301	-0.10034974517481118	10.271679653998351
YIGLOR	0.8848401880954331	0.29408797174697643	0.3739277653916379	0.005461403725795502	8.97018876163921
YIHJUV	0.4959660702234796	0.3484542370815237	-0.3662941097274521	0.11201907210001193	6.279000772971311
YIHKAC	0.6173777849388866	0.46516037844050384	-0.19594097366341506	-0.03311005899206004	7.124166950675978
YIHMAD	0.7785954672568778	-0.27060417431870515	0.4060111901597159	-0.2982897398439399	8.093695653438001
YIHPAI	0.7815603427970359	0.5568002776851746	0.09870672396276542	-0.24971350583570634	8.379477418821564
YIHWIW	0.6018479854029657	0.1730823158543213	-0.2691046173673141	0.09860184393007623	6.551916408511355
YIJKOT	0.7911443846506625	0.6882899783441143	0.28658184840243295	-0.10711497789666778	9.142862783358021
YIJKOV	0.6582921768510861	-0.2667151604355552	-0.2805048169224921	0.024956360720918336	5.944543318129766
YIJZIA	0.30431789812381904	0.6003951459787737	-0.5958133436762953	-0.05900085461182761	5.832401999682932
YIKWIC	0.7393452585972833	-0.9937823179410183	0.19648670065603585	0.11256105995655993	7.195785185000168
YILPAO	0.8352191225186081	0.7784614595247801	0.009929115373623246	-0.009521830358565546	8.797114565358175
YILWOG	1.0273310060645153	-0.028709401927178732	0.7024554803281899	-0.09057616585987606	9.945415119702723
YILXIB	0.4179746324143414	0.3412170779708576	-0.4910530990906992	0.06991737991631077	5.867809151537821
YILXOH	0.4892487147417377	0.44680301633802627	-0.4508566039068708	0.01521690019039227	6.2178670522776684
YILXUN	0.6235368017045513	0.4569924608445575	-0.20299749387839577	-0.13001444393515338	7.004821234281723
YIMKUA	0.9367147139896925	-0.06854715820763262	0.3737006389196709	-0.0540258423576246	8.594991458693537
YIMWAU	0.7537227352114151	-0.12330305782967037	-0.024677606476830483	-0.1740711376836147	6.915726269661497
YINMAK	0.5692543827410752	-0.025900131477832995	-0.34843166713518553	0.2516578946963155	6.131454834708875
YIQDOV	0.6644885204267172	0.4259667575092848	0.12429412182559729	-0.09268333627546378	7.837543083717253
YIQQAQ	0.5199329333662321	0.20107300069557846	-0.24339730951326705	0.28624579981909415	6.48583097476829
YIRMOF	0.5575942191679699	-0.6195223286695528	-0.577387604222309	-0.32688872825954063	5.118421954365874
YISKIV	0.8640205946528132	0.5848501835947124	-0.28734290683485425	0.17979028127625532	8.063526809621033
YISVOM	0.642630282212691	0.019823500544144092	-0.09586825176897534	-0.02273014053171965	6.706151136861903
YIVGES	0.5723396953535866	-0.6552127660344489	-0.5168779517533701	-0.3422667881797472	5.200929874107764
YIVGOC	0.6781491143185736	-0.45741290517996447	-0.3739419894451567	-0.3556615325793582	5.773452837744421
YIWGER	0.6891017620295079	-0.3337882877123565	-0.05072009058040261	0.4605873516633069	6.59348991242482
YIXGAQ	0.6376497020166285	1.0011402770119417	-0.14561292386982488	-0.07203810721964098	8.53173541158886
YIXGEU	0.6215196700874497	0.6946687354545968	-0.36262829698426713	0.054750118529303476	7.347245973059171
YIXJOE	0.6904731049668769	0.38526547406150047	-0.48877192405732245	0.11633277092130552	6.817679880242095
YIXKAR	0.691363072350911	0.3858840954405776	-0.48780931421126833	0.11380747133304779	6.8165009728387735
YIXSAB	0.903618052062491	0.48852424983985526	0.6732874297556644	0.056724341551884494	10.466755141286527
YIXSIJ	0.5937625802778603	0.13186959129260317	-0.1270189855559727	-0.06583680664888623	6.682669016475312
YIXSON	0.6922563742427821	-0.338520915493384	0.16116377802055354	-0.10819362765686028	7.097492013881602
YIXTIK	0.9418779987945571	-0.5385800840872443	0.6478331362501739	-0.221939741859371	9.441851029357128
YIXTOQ	0.9379891441578323	-0.48311066362288385	0.5893086848890101	-0.2508123082015875	9.135042193689987
YIYPIF	0.8403146368551395	-0.1521911652801847	0.49041014981761105	0.009735199768335048	8.572103947541551
YIYWUZ	0.6161114760895385	0.22413837258035071	-0.4223807276828268	-0.06959889885645201	6.265630017313415
YIYXAG	0.6170333788218727	0.3648148577692085	-0.4302963070944575	-0.032822555542787485	6.491960641709932
YIYXEK	0.5499520324573295	0.39300940250393673	-0.49372248955449277	-0.18104371743340417	6.138131125872997
YIZYEM	0.5665090531132693	0.009506100642012787	-0.07191107870736335	-0.10908899825917279	6.447633548550921
YOBBAT	0.5950233118030726	-0.2300678556244745	-0.002001857865226303	0.06556439934156905	6.613483635580244
YOBBIB	0.6275653656122593	-0.15452570835108115	0.008722390536366004	0.14745603481000472	6.502353757655155
YOBKOQ	0.3632366677037595	-1.0737386795778283	-0.5850437602217697	-0.20192392194972147	4.804337433999883
YOBKUW	0.358382620923849	-1.1090042326255085	-0.5640921532065724	-0.20262620675146994	4.875398903570064
YOCGII	0.8512795281726255	0.6452703048302839	0.21689895596914788	0.023138610088453117	9.119625400687612
YOCJUW	0.88629353842901	0.23130039810600725	0.025568828546176536	0.33199053050855387	8.05691589827004
YOFCUV	0.5220930433391482	1.0696654670623387	-0.3019375451210823	0.2237734616509408	8.287445862822514
YOQJUL	1.0570308246781384	-0.5985407652928638	0.6407086728716613	0.0949560032242954	9.749932742163091
YORBEN	0.4231591850905456	-0.3959817479280804	-0.5337409902214039	-0.14070730204024356	4.919029966214689
YORRUU	0.8920942676503278	0.5780459075361912	0.21722793191708561	-0.049712118376785436	9.037619762466147
YORTOR	0.36645762904728674	0.3403084102667943	-0.4347128525678045	-0.1262655700381608	5.762267357652268
YOSSIL	0.6217700606002703	0.017426276274660424	0.16736126954748717	-0.044493029732391304	7.278829770395614
YOTFOD	0.7511391796417177	-0.23019657657177767	0.17067021646754493	-0.08378923969782036	7.301037673083477
YOTGEU	0.8171797011712112	0.6524837947602631	-0.16790285619827905	0.08800285288772104	8.179681635218301
YOWCAQ	0.5932851909804899	0.9164063355206908	-0.34775787137207786	-0.020547259363212153	7.761424159578787
YOWMAY	0.9829467706660404	-0.5034826527209106	0.620637213913412	-0.06102960504092221	9.544809913692955
YOXDUL	0.3697439464111216	-0.60986575041508	-0.6276979385930883	-0.08145468207434617	4.512483275523301
YOXDUN	0.9169269692248081	-0.4591725099179564	0.26147217363050873	-0.07142360407019886	8.176230227496747
YOXFAT	0.36841212903286813	-0.6535608090468408	-0.6287677384203392	-0.01715789163433317	4.465592080728626
YOXFEX	0.37994903637781974	-0.6436202479577253	-0.633984297098279	0.0035741549106410725	4.531536801955335
YOXFIB	0.45196047714183507	-0.35787816070194767	-0.86033309503933	0.041314029366241546	4.5007090491404735
YOZZUI	0.8051755612121738	0.6980024997661258	0.3736252340368074	-0.041804542490037934	9.459454737900895
YUBBIG	0.7711476478617305	0.15087125387671146	0.03020909955240228	-0.04631794262830757	7.440935834028527
YUBLUC	0.826177334120688	-0.1196283203931023	-0.01135150880789651	0.4245741264404187	7.400004798861976
YUBMAJ	0.8450274147574302	-0.03945550101011959	0.11494288813416041	0.40762105730802956	7.896054976292775
YUBRUL	0.8169088896690999	1.0556152825580492	-0.1813394365253726	-0.037136344215279116	9.19778766237282
YUCYUR	0.8197492359554435	0.8992950371727872	0.26051019913459583	0.18299011193855355	9.746365175069101
YUDLUF	0.6640326127720337	0.36446547160955933	-0.16991265044649462	-0.10383076902291714	7.016505019297294
YUFVIH	0.5193998650791887	-0.006494674067847544	-0.05601784396290746	-0.12045396751441224	6.368429508597028
YUGMET	0.6574565666675527	0.11460627458890235	-0.2577577305796133	0.008818335487473343	6.59781482236548
YUGMIX	0.8343395859143632	0.8640365605143803	0.28846997402415725	0.17721290391406747	9.623244693211376
YUGTUS	0.7921714205098525	0.22521288339574982	0.2758199871877578	-0.11293627578563495	8.201006365873631
YUHNOF	0.8461097032769267	0.19268963223351349	0.7577101228426022	-0.05731410445647009	9.941176696192732
YUHVII	0.603798810659641	-0.14506470418198786	-0.35009727943066515	0.09118403914193389	5.976039462847113
YUHVUU	0.590001356378524	-0.13660368956165692	-0.36111146317165244	0.06008380458784522	5.852200578950352
YUHWAB	0.598121135339226	-0.1620394617300816	-0.350791610324606	0.0686867775094711	5.84574608654898
YUHXOP	0.7158189592593933	-0.3120851755812464	-0.04636629889794436	0.5243076453335197	6.73620130056928
YUJMAT	0.7652625918481695	-0.2673253119887712	-0.35315263120108176	-0.25423072488992304	6.168670051514343
YUJZUA	0.517710875017868	-0.7951738816014977	-0.04957736161933046	-0.10175476643767564	6.090483827347817
YUMJOI	0.6128318501246524	0.5628392746866613	-0.2540675490800736	0.29893381925290063	7.237128434566818
YUMJUO	0.6918620424078705	0.569579670427107	0.015477451343119786	0.1711670549084634	7.932307837443773
YUMNOK	0.5866644736062536	0.6418097245882108	-0.3805633281248227	0.05556595045105567	7.046338830047728
YUMWOT	0.789562799238718	0.12923293245175743	0.9318799918605394	-0.3981322406799429	10.733531268252019
YUMXIO	0.703332405137056	-0.2363829085829365	0.09611415097475316	-0.03763474511313575	7.088181016123056
YUMXOU	0.8953841286967883	-0.3950848300057943	0.709381432019768	-0.3487957246878989	9.65357042736009
YUPBET	0.6021963234030068	-0.013599550841829084	0.11981878487378589	-0.028975107424473217	7.069732590976948
YUPBIX	0.5722796393021827	-0.058427340477333056	0.1802209218586393	-0.06909423445552482	7.097997344478506
YUPGOH	0.6546369574143771	-1.038832508267476	0.1642757538386435	0.134890738947676	7.2834121137494545
YUPGUN	0.6428269511469651	-1.0143282187533755	0.1858106220904004	0.06217994690755757	7.257730860248263
YUPZOY	0.6632440864413347	-0.29564904222177996	0.08952072743583928	-0.09942858405010448	6.856277943051064
YURTOW	0.6813385106250829	-0.039211312126982256	0.20760885452112082	-0.0501159123830476	7.42216757778077
YUSZIX	0.6855076197579262	0.7761447650741924	-0.39393090518963775	-0.10130233847446062	7.618998340667141
YUTNAF	0.528066687590484	0.37685998315239716	-0.2810266172409185	-0.04515773898880294	6.563233813877138
YUVPEM	0.9209969620537191	0.5327753802453103	0.38392011827593947	0.16923188866443412	9.560173454915477
YUVPIQ	0.893240626853574	0.5787196445199776	0.3336781564151616	0.1943433547653935	9.356002799634403
YUVPOW	0.9484539309341011	-0.7757407149306039	0.745438597655278	0.12862645093650873	10.084596784097341
YUVQEN	0.7855807910703021	-0.4156108544020368	0.39594391873085355	0.20077149762641464	8.169703432078826
YUXFUV	0.6008506698655216	-1.1799582663672392	0.10275834750088203	0.13018197895856906	7.063976517093677
YUYJEI	0.5559492822383172	0.5436485475279691	-0.2650030920842501	-0.10909443237722696	7.000937500010559
YUZGIL	0.9080755061240575	-0.24141866512982513	1.0994094384352988	-0.0821530648628417	11.198732025043222
YUZROC	0.9151735723895298	-0.24198175781432282	1.113299016798421	-0.0591982553704832	11.276336911759637
YUZYOJ	0.8001248698940842	0.7811590890014706	0.21109649522387106	0.22920936619438353	9.090083822994826
ZACPOI	0.42081667771276265	0.7276113677131608	-0.31342600035599966	0.06521996596296377	6.886406317975168
ZACWOP	0.5456639066661051	1.0865567524434125	-0.016305533462619537	-0.1220740270623139	8.693542268142576
ZACWUV	0.6668537645445802	0.55410439732827	-0.15020346202818707	0.004922820569608598	7.389191239778803
ZACZOS	0.8273648023189617	0.2568319975805938	0.49432963940014185	-0.11542768988913035	9.057411294314292
ZADKEX	0.7181788444446084	0.5928344234755893	0.19210564026880772	-0.1371176011339129	8.493759864622648
ZADROP	1.0069903371883457	0.2941432732819062	0.14580490721687941	-0.18838591161395196	8.732391759339757
ZAFHUN	0.5903952351470378	-0.11681657099143658	0.09706926319033567	0.5053486540807824	6.972659580407901
ZAGDET	0.46076643763100833	0.08258328860754377	-0.45510305348876284	0.12202338971980389	5.607919233490276
ZERTUP	0.5214909286576077	-0.012144627485770308	-0.26839845784899813	-0.0015135311747476194	5.956390982889139
ZERVAX	0.532389479568554	0.18293653159481224	-0.2128854677698906	-0.019133939377920905	6.362208720858453
ZERVEB	0.5594296295037644	0.054339424631118974	-0.12040192958353754	-0.014401637328155227	6.436001984588024
ZERVOL	0.5356237916751505	0.17595855135454905	-0.20595044671490187	-0.023125194089503046	6.371595503502792
ZERZIJ	0.9232487796764914	0.4828611922339055	0.3174060585823393	0.37191295655146706	9.276420368625322
ZETDIN	0.572239110357871	-0.5646644180916127	-0.48485231710879456	-0.3791410371651007	5.432229269683463
ZETDOT	0.5477998056272604	-0.6843772981446126	-0.41557214255817115	-0.44595889836640024	5.376793083649507
ZEXHEP	0.5634472335231298	0.1111613021112392	-0.20748503927699946	-0.04552798004907762	6.353512998085673
ZEXHOZ	0.9508399696720522	0.916640986995275	0.25753165188339866	0.14320850976629185	10.297708178542578
ZEYMEV	0.7914643924373719	0.32773189160707167	0.07314708982254217	0.07482214082541616	8.0300006150866
ZEYMUM	0.9847122350003694	0.23509628653852382	0.7572247244897008	-0.2573451871593623	10.382057244655378
ZIBCAR	0.7341020994086769	0.6721212288564056	-0.0016058279397371117	0.06274214008194151	8.224653702126291
ZICFEW	0.8371072035529785	0.016993058144781012	0.3891409885363069	0.015961166425919156	8.392645234114319
ZIDGIF	0.5625440013354561	-0.1600933628699318	-0.7534358070264893	-0.47985608922838974	5.095939640103835
ZIGJUY	0.8319726219905217	-1.2278772875566373	0.3769423447944225	0.25520758854083814	8.33390231584749
ZIHNEM	0.5638360424793181	0.5280552390268769	-0.38814348845637275	0.07102736076786915	6.611257276732785
ZIHQIU	0.8402020807609789	1.08544759393344	-0.033560141294085216	0.12188858487424262	9.721082092311832
ZIJDUV	0.9377928435057958	0.568860926443931	0.48295885476730543	0.2659832371333316	10.03677877151799
ZILTIA	0.6507726502039155	0.24433515374354042	-0.2376625913163573	-0.2036418484793123	6.621039024773916
ZINYAY	0.8623446422040049	-0.6296941847754096	0.42781360856603884	0.07773839608016349	8.25874758719052
ZIPCOQ	0.5912299946742037	0.4032970538091876	0.021225623074089386	-0.0504623684411511	7.384511360586786
ZIPHEN	0.5761089342740817	-0.573417637542053	-0.250710089657515	-0.20367726925290303	5.82749174702812
ZIPHIR	0.6218242258608822	-0.12117963073442192	0.288408493743549	0.05918998705803018	7.977982417779313
ZIPHUD	0.5846310397957168	-0.6310196433189652	-0.2655710166183875	-0.19544734623218452	5.80470034080753
ZIPJAL	0.5406961689438772	-0.5573150859090032	-0.225632832982972	-0.14003097919170376	5.884287175782703
ZIPJOX	0.5171098812987633	-0.1813519010859513	-0.7116757074260602	0.08397804991965166	4.969145956725999
ZIPJUD	0.5401554628791434	0.46443562208243044	-0.24278005638636452	-0.04997691363617546	6.718545723162169
ZIPPOD	0.878051175056914	0.9971609747786527	0.1874800775836598	0.17534341632770115	10.078699595860428
ZISBUB	0.5809146754668859	-0.95726317738799	-0.18755123065922175	0.009962750751054423	5.987258172549714
ZISCUB	0.6256205477082624	-0.55518855377713	-0.2374565142453296	-0.07483405352588356	5.895215961468121
ZISLOF	0.5357684847146382	-0.7554365664211433	-0.4057480238960573	-0.2880016585381938	5.6266058224733975
ZISVEE	0.9586595796973931	0.3205634546718252	0.3964862658135828	0.1803386711961776	9.307674414835553
ZITLUJ	0.7191826089926279	-0.9877840137837146	-0.11219578675527525	0.1313913560479574	6.430786021840355
ZITMOE	0.8247024464459667	-0.6099057223445725	0.2946681120356411	0.09737097592894346	7.748299418735631
ZITNEV	0.7403391948016029	-0.934344063215321	0.39986822535390215	0.228747898488503	8.344260189243132
ZITNOF	0.7087407092187323	-1.0501219811979496	-0.1606442513897306	0.1241744148819369	6.326757468526026
ZIXQOQ	0.7698026021460036	-0.8314145673796178	0.2696034873542821	0.14791865897537937	7.592747548615766
ZIXVOU	0.29331812708676086	0.3937268247914102	-0.6179042634104586	0.025575178470470826	5.4556577595329845
ZIYYEL	0.5220833970285916	-0.008339668752005442	-0.619625466604391	-0.10788824055705892	5.376725747854958
ZIZCOC	0.7306122914999413	0.824448207519155	0.6624668200204129	-0.32323609093686123	10.408749488331523
ZIZDUK	0.4196386579764182	-0.4396526875095753	-0.5733478685668654	0.051157352852363676	4.880742500012257
ZIZFAS	0.3792982296950269	-0.3624052878533486	-0.5865440225935468	-0.13835235748424501	4.769459358847137
ZIZPAZ	0.6474597101420461	0.5880258741723035	-0.057667931125455124	-0.014989503425481263	7.773433942744389
ZNTPBZ	0.4930381204944281	0.5254931446957751	-0.4762758303482805	-0.059118043406332005	6.369234383894859
ZOBBIF	0.5834354970678408	0.012105776818596838	-0.2324261164786044	-0.011915263561002245	6.2721010563601265
ZOBXAR	0.577929173947223	-0.07172007854848758	-0.33713788144166534	-0.06426542315865355	5.908816998096618
ZOCLEL	1.1525365450767806	0.7796723620588151	0.6434466641775141	0.2678590894422599	11.97672520003833
ZOFFOS	0.7944547699582358	-0.37906723110204055	0.6901662961601065	-0.17328858397207866	8.919329895850645
ZOGMEP	0.5373606222171645	0.020076550570100764	-0.17762603958645784	-0.10193380358746805	6.23397680256838
ZOGXUS	0.5168653153137948	0.026921558533984688	-0.2306056438984292	-0.13286132903307635	6.0769725042202385
ZOGYAZ	0.5180033899626393	0.17630880755243447	-0.5456998442058303	-0.0020999082121887815	5.884551765489479
ZOGYED	0.6131388484663978	-0.11875730679191766	0.1434454950250229	-0.12054945401629716	7.043794210958691
ZOJKEQ	0.8017370524375966	-0.7181032786466253	0.43700110974853773	0.08446598301451938	8.244410870018843
ZOJLOC	0.45149724758888876	0.027041238789032057	-0.0834959530480171	0.5166669159526525	6.641798443577821
ZOJXIH	0.5390176571184924	0.527298065526218	-0.1339653905400517	-0.1522322702961889	7.055441231232581
ZOKMIV	0.572141485234603	-0.4583149472997495	0.21972497492759824	-0.2635957733164481	6.953982033898265
ZOLZIN	0.5033268346784823	0.4227427796319809	-0.05400079230561031	-0.05437484149659183	6.918806102413954
ZOMWIJ	0.8548419822677591	0.005764102240998437	0.9450567726725614	-0.06812629290051897	10.748471646008166
ZOPQUS	0.815481587593613	1.0309330737545155	0.2342306488208363	0.2278518557952778	10.115705422122215
ZOSKEA	0.8635456576552363	-0.4107955768070845	0.4054377824828363	0.16416900235356216	8.556178950908242
ZOSMIG	0.514511459560425	-0.20867372723479755	-0.31434705301360016	-0.3257670570363168	5.721287373321201
ZOTMON	0.7960380227591983	0.5020026850863559	0.13316011862076255	0.1826837221518789	8.32362828384142
ZOVSEI	0.6379226935194096	0.4011662619182173	0.05115315322357851	0.04650850917546893	7.6222573917505665
ZUBCIK	0.8056428038614625	0.006246415984469483	0.04577428878763885	-0.1797885212691112	7.434826972323729
ZUBZAX	0.6392587807864354	-0.29970399955166604	0.27314814866388404	-0.11926497508735373	7.249482225878548
ZUCHIR	0.7975420220441931	-0.7424358304219347	0.5193342643953773	0.13910102695181653	8.389113743366464
ZUCKUG	0.7375800348699091	1.2404448108976436	0.37532300025956167	-0.27276652650764677	10.660725671635856
ZUDLUF	0.9067468689824247	0.762643209709744	0.411271676613321	-0.2692183503665272	10.163564731288997
ZUDRAR	0.5801594568313684	-0.03579418153538326	-0.26567626167468494	-0.31967371488701624	6.137844905780508
ZUDTAW	0.5903231890257485	0.2476718301497115	-0.19832663756172508	-0.07356604725622069	6.625511471565818
ZUFZOS	0.6220899774005524	0.037309292515805455	-0.0776244343952825	0.14364975353513354	6.789453060720268
ZUFZUY	0.5953451510289183	0.23236887277682294	-0.2565686131264282	0.05488769646456393	6.694879836041114
ZUGVEC	0.6841368567973118	0.24400172905217998	-0.23406860519371525	0.19684147485250483	6.758464788067254
ZUHCIO	0.7234475944397731	-0.955623495157184	0.026516646796600485	-0.06248973581356662	6.904193872803754
