-2.4	-0.0030826	-0.00352707	-0.00513566	-0.00374194	-0.0037612	-0.00350118	-0.00458265	-0.00405016	-0.00963397	-0.00704624	-0.00685248	-0.006595	-0.00550466	-0.00716592	-0.00712657	-0.00638133	-0.00382514	-0.00729615	-0.00697589	-0.00629267	-0.00601935	-0.00606979	-0.00460454	-0.00766188	-0.00503819	-0.00494445	-0.00309134	-0.00400432	-0.00526861	-0.00418575	-0.00416334	-0.00613256	-0.00392156	-0.00394649	-0.00556428	-0.00577097	-0.00550381	-0.00547835	-0.00862647	-0.00576529	-0.00574544	-0.0052182	-0.00518118	-0.0072786	-0.00723934	-0.00640462	-0.00509841	-0.00510207	-0.00553758	-0.00569308	-0.00696078	-0.00622939	-0.00406984	-0.00533212	-0.00460325	-0.00624285	-0.00479466	-0.00914988	-0.00606366	-0.00710521	-0.00654101	-0.00684685	-0.00683076	-0.00639751	-0.00357694	-0.0060472	-0.00458064	-0.00567936	-0.00408088	-0.00423884	-0.00313558	-0.00373616	-0.00326395	-0.00669017	-0.00630739	-0.0043751	-0.00740595	-0.00670296	-0.0056436	-0.00531467	-0.006728	-0.00591216	-0.00546274	-0.00562866	-0.00447514	-0.00400892	-0.00411048	-0.00538315	-0.00394303	-0.00588321	-0.00520914	-0.00593262	-0.0064511	-0.00898519	-0.00519654	-0.0035067	-0.00349425	-0.00454625	-0.00434996	-0.00659202	-0.00344274	-0.00480511	-0.00629057	-0.00602307	-0.0071646	-0.0066747	-0.00604676	-0.00493797	-0.00441188	-0.00665632	-0.00532623	-0.00489082	-0.00340871	-0.00684553	-0.00661834	-0.00458521	-0.0045415	-0.00514263	-0.00583227	-0.00670419	-0.00720953	-0.00166268	-0.00229947	-0.00752673	-0.0070968	-0.00712213	-0.00731013	-0.00485149	-0.00469102	-0.00523021	-0.00507607	-0.00427723	-0.00441269	-0.00343162	-0.00419492	-0.00781456	-0.00795059	-0.00794886	-0.00354951	-0.00369744	-0.00607398	-0.0064612	-0.00506914	-0.00550955	-0.00666232	-0.00546651	-0.00296655	-0.0029761	-0.00443407	-0.0054998	-0.00516253	-0.00525312	-0.00324366	-0.00424205	-0.0054533	-0.00297027	-0.00637078	-0.00753722	-0.00899809	-0.00680052	-0.00616549	-0.00561622	-0.00397351	-0.00555756	-0.00766949	-0.00439318	-0.00570012	-0.00329151	-0.00529121	-0.00685654	-0.00659415	-0.00616824	-0.00519816	-0.00560965	-0.00594881	-0.0039735	-0.0049519	-0.00529108	-0.00706496	-0.0065548	-0.00432705	-0.00401676	-0.00412742	-0.00442377	-0.0071236	-0.00680978	-0.00465721	-0.00546719	-0.00622736	-0.00573914	-0.0057497	-0.0057111	-0.00720507	-0.00568012	-0.00615584	-0.00726032	-0.00565444	-0.00629748	-0.00577009	-0.00563945	-0.00718768	-0.00577622	-0.00787204	-0.00459197	-0.00592506	-0.00544912	-0.005445	-0.00639021	-0.0067926	-0.00703802	-0.0058131	-0.00542041	-0.00404146	-0.00850287	-0.00297163	-0.00453858	-0.00580791	-0.00571047	-0.00595817	-0.00637155	-0.00519848	-0.00682466	-0.00474307	-0.00722663	-0.00414161	-0.00675447	-0.00684122	-0.00454935	-0.00590771	-0.0055238	-0.00376176	-0.00520627	-0.0061023	-0.0036761	-0.0035746	-0.00545007	-0.00580776	-0.00587461	-0.00358193	-0.00596273	-0.00383765	-0.00685516	-0.00623401	-0.00431007	-0.00602809	-0.00529129	-0.00693312	-0.00556361	-0.00552891	-0.00623848	-0.0060772	-0.00329895	-0.00475985	-0.00440716	-0.00678477	-0.00372398	-0.00854724	-0.00380056	-0.00409709	-0.00436667	-0.00552412	-0.00610357	-0.00450998	-0.00429824	-0.00389837	-0.00702579	-0.00708576	-0.00710126	-0.00648204	-0.00646833	-0.00413166	-0.00461988	-0.00375093	-0.00611509	-0.00321474	-0.0039654	-0.0050475	-0.00787024	-0.0051093	-0.00647544	-0.0064511	-0.00637131	-0.00434371	-0.00532564	-0.00593528	-0.00489035	-0.00553843	-0.00356271	-0.00708615	-0.00603869	-0.00977685	-0.00563644	-0.00355415
-2.2	-0.00397786	-0.00462122	-0.00675704	-0.00483539	-0.00487044	-0.00454369	-0.0061032	-0.00536691	-0.0127841	-0.00934871	-0.00906397	-0.00875602	-0.00723261	-0.00951427	-0.00939694	-0.00843809	-0.00485426	-0.00987896	-0.00921401	-0.00830281	-0.00798166	-0.00804507	-0.0059908	-0.0101071	-0.00653817	-0.00642237	-0.00405015	-0.00533671	-0.00693716	-0.00557078	-0.00555557	-0.00813387	-0.00515235	-0.0051212	-0.00722936	-0.00755741	-0.00718261	-0.00714747	-0.0114357	-0.0076445	-0.00762178	-0.00692231	-0.0069035	-0.00962152	-0.00956879	-0.00849488	-0.00676752	-0.0067679	-0.00734205	-0.00754662	-0.00938756	-0.00824849	-0.00532301	-0.00706775	-0.00608009	-0.00825679	-0.00620928	-0.0121449	-0.00802374	-0.00941238	-0.00866898	-0.00907534	-0.00904891	-0.00841746	-0.00464053	-0.00788656	-0.00614289	-0.00752864	-0.00535271	-0.00555642	-0.00404514	-0.00487499	-0.00426174	-0.00888451	-0.0083365	-0.0058192	-0.00981288	-0.0088721	-0.00749901	-0.00704871	-0.00891936	-0.00798424	-0.00731146	-0.00753634	-0.00596385	-0.00533696	-0.00544178	-0.00714057	-0.00512613	-0.00777101	-0.00685762	-0.00792218	-0.00850987	-0.0120034	-0.0067315	-0.00455986	-0.0045412	-0.00598745	-0.00573267	-0.00872841	-0.00444832	-0.006376	-0.00835366	-0.00807508	-0.00951197	-0.00887866	-0.00808727	-0.00649087	-0.00581527	-0.00885637	-0.00706594	-0.00650202	-0.00446222	-0.00923912	-0.00890257	-0.00594408	-0.00610515	-0.00685705	-0.00770722	-0.00888825	-0.00954577	-0.00209776	-0.00295135	-0.0100137	-0.00939475	-0.00942834	-0.00967729	-0.00640448	-0.00622042	-0.00693493	-0.00668684	-0.00569273	-0.00584462	-0.00447967	-0.00540339	-0.010346	-0.0105332	-0.0105311	-0.00461626	-0.00487	-0.00807618	-0.00856961	-0.00657521	-0.00718791	-0.00879206	-0.00717802	-0.00375164	-0.00376477	-0.00580137	-0.00733789	-0.00686643	-0.00681648	-0.00425249	-0.00557138	-0.00715542	-0.00375174	-0.00842673	-0.00997222	-0.0119142	-0.00908254	-0.00815223	-0.0073951	-0.00523536	-0.00737802	-0.0101328	-0.00572598	-0.00751941	-0.00424135	-0.00693767	-0.00906776	-0.00871582	-0.00813992	-0.00689241	-0.00744095	-0.00782666	-0.00523278	-0.00646206	-0.00693933	-0.00937367	-0.00868501	-0.00567347	-0.00521476	-0.00538716	-0.00587391	-0.00964175	-0.00924519	-0.00608068	-0.00717262	-0.0082505	-0.00759661	-0.00760538	-0.00755409	-0.00954125	-0.00752556	-0.00815493	-0.00961005	-0.00749215	-0.00834668	-0.00763361	-0.00745948	-0.00951477	-0.0076572	-0.0103732	-0.0059743	-0.00777057	-0.0071085	-0.007102	-0.00841285	-0.00918164	-0.00928524	-0.00769438	-0.00726262	-0.00543031	-0.011252	-0.00398277	-0.00591973	-0.00773068	-0.00747164	-0.00792372	-0.00851897	-0.00675672	-0.00905755	-0.00614463	-0.0096458	-0.00542648	-0.00888235	-0.00901904	-0.00588684	-0.00782742	-0.00729467	-0.00501553	-0.00699465	-0.00813109	-0.00481478	-0.00466049	-0.00720749	-0.00765243	-0.00759352	-0.00468816	-0.00796214	-0.00497864	-0.00910267	-0.00833908	-0.00576202	-0.00794757	-0.00706884	-0.00920036	-0.00740808	-0.00721512	-0.00834748	-0.00814107	-0.00431116	-0.00643101	-0.00572827	-0.00902937	-0.00486188	-0.0113139	-0.00499898	-0.00537319	-0.00565982	-0.00720488	-0.00819328	-0.00600523	-0.00572816	-0.0051851	-0.0093063	-0.00936906	-0.00939002	-0.0085866	-0.00857039	-0.00540546	-0.00609361	-0.00498435	-0.00822409	-0.00416475	-0.005145	-0.00653877	-0.0104384	-0.00679747	-0.00865415	-0.00853738	-0.00843057	-0.00579068	-0.00716639	-0.00789778	-0.00648657	-0.00730602	-0.00465875	-0.00934068	-0.00806707	-0.0129448	-0.00735782	-0.0046271
-2.0	-0.0051774	-0.00608346	-0.0090828	-0.00629573	-0.00636668	-0.00595956	-0.0082583	-0.00717971	-0.0172696	-0.012701	-0.0121712	-0.0118801	-0.00967316	-0.0129103	-0.0125612	-0.0113308	-0.00625751	-0.0135296	-0.012395	-0.0111838	-0.0108373	-0.0109136	-0.00790312	-0.0135949	-0.00858968	-0.00844703	-0.00533313	-0.00728042	-0.00935481	-0.00761366	-0.00761044	-0.0110566	-0.00686744	-0.00672964	-0.00947966	-0.0100194	-0.00950769	-0.00945871	-0.0154429	-0.0103838	-0.0103517	-0.00940154	-0.00932024	-0.0129966	-0.0129248	-0.0115273	-0.00919008	-0.00918348	-0.00996262	-0.0102349	-0.0129191	-0.0111496	-0.00706055	-0.00957529	-0.00816092	-0.0111831	-0.00813098	-0.0164031	-0.0108712	-0.0127774	-0.0117703	-0.0123242	-0.0122598	-0.011315	-0.00608556	-0.010422	-0.0084162	-0.0101909	-0.00712985	-0.00738173	-0.00525237	-0.00644616	-0.00566089	-0.0120378	-0.0112762	-0.00788293	-0.0132886	-0.012035	-0.0101886	-0.00956457	-0.0119784	-0.0109805	-0.0099933	-0.0103241	-0.00808753	-0.00717177	-0.00727833	-0.00965166	-0.0067419	-0.010402	-0.00917335	-0.0108052	-0.0114372	-0.0162681	-0.00879928	-0.00599189	-0.00596331	-0.00801582	-0.00768733	-0.0118215	-0.00579393	-0.00874422	-0.0113785	-0.0110165	-0.0128258	-0.012001	-0.0110208	-0.00871742	-0.00782746	-0.0120433	-0.0095779	-0.00885793	-0.00590621	-0.0126888	-0.0122053	-0.00775459	-0.00837265	-0.00935619	-0.0103171	-0.0120419	-0.012939	-0.00254347	-0.00372327	-0.0135928	-0.0127391	-0.0127848	-0.0131166	-0.00862623	-0.00842186	-0.00937009	-0.00897737	-0.00770367	-0.00797308	-0.00589488	-0.00702885	-0.0139386	-0.0141777	-0.014175	-0.00610767	-0.00645911	-0.0109852	-0.0116167	-0.00860548	-0.00950987	-0.011833	-0.00959305	-0.00477095	-0.00478947	-0.00772696	-0.00997325	-0.00931809	-0.00891702	-0.00558419	-0.0073555	-0.00955394	-0.00476536	-0.0113197	-0.0134958	-0.0161166	-0.0123302	-0.0110098	-0.00994091	-0.00701681	-0.00997808	-0.0136071	-0.00754079	-0.0101231	-0.00550347	-0.00916635	-0.0121779	-0.0116979	-0.0109758	-0.00935772	-0.0101055	-0.0105169	-0.00702193	-0.00856624	-0.00926281	-0.0127226	-0.0117584	-0.00758096	-0.006846	-0.00713108	-0.00790284	-0.0132971	-0.0127815	-0.00806354	-0.00959465	-0.0111934	-0.0103057	-0.0103095	-0.0102352	-0.0129346	-0.0102264	-0.0110606	-0.0130208	-0.0101819	-0.0113384	-0.0103497	-0.0101118	-0.0128937	-0.0103763	-0.0139308	-0.00787991	-0.0103676	-0.00940051	-0.00939039	-0.0113208	-0.0126635	-0.0124552	-0.0104195	-0.00995927	-0.0074993	-0.0152253	-0.00549643	-0.00784239	-0.0104593	-0.00987709	-0.0107554	-0.0116857	-0.00886603	-0.012295	-0.00802878	-0.0131038	-0.00721246	-0.0118802	-0.0120933	-0.00768119	-0.0106183	-0.0097759	-0.0068605	-0.009634	-0.011097	-0.00642207	-0.0061615	-0.00971283	-0.0103015	-0.00989318	-0.00620152	-0.0108231	-0.00654252	-0.0123021	-0.0113279	-0.00789074	-0.0106909	-0.00966511	-0.0124935	-0.0100246	-0.00955675	-0.0113918	-0.0111184	-0.00573166	-0.00890852	-0.00754465	-0.0122791	-0.00644382	-0.0153029	-0.00665758	-0.00715632	-0.00741845	-0.00952573	-0.0112255	-0.00811848	-0.00777198	-0.00703885	-0.0126044	-0.0126038	-0.0126296	-0.0116413	-0.0116194	-0.0071619	-0.00818866	-0.00668987	-0.0112312	-0.00543814	-0.00676117	-0.00856165	-0.014145	-0.0092491	-0.0117546	-0.0115658	-0.0114224	-0.00786793	-0.0098174	-0.010738	-0.00877456	-0.00985589	-0.00614532	-0.0125653	-0.0110196	-0.0175088	-0.00975108	-0.00608504
-1.8	-0.00678496	-0.00804149	-0.0124826	-0.00824422	-0.00839166	-0.00789214	-0.0113536	-0.00969297	-0.0237593	-0.0176709	-0.0166049	-0.0164762	-0.013177	-0.0179084	-0.017036	-0.0154643	-0.00820476	-0.0187684	-0.016992	-0.015389	-0.0150729	-0.0151579	-0.0105599	-0.018659	-0.0114122	-0.0112395	-0.00705748	-0.0101721	-0.0129308	-0.0106866	-0.0107026	-0.0154066	-0.00928692	-0.00894839	-0.012533	-0.0134412	-0.0127617	-0.0126927	-0.0212551	-0.0144535	-0.0143996	-0.0130719	-0.0127524	-0.017948	-0.0178488	-0.0160079	-0.0127702	-0.0127488	-0.0138405	-0.0142062	-0.018164	-0.0153881	-0.00949552	-0.0132548	-0.0111467	-0.0155132	-0.0107507	-0.0225535	-0.0150865	-0.0177802	-0.0163771	-0.0171522	-0.016991	-0.015545	-0.00805934	-0.0139493	-0.0117852	-0.0140903	-0.00964371	-0.00993511	-0.00684552	-0.00863242	-0.00765196	-0.0166468	-0.0156142	-0.0108773	-0.0183949	-0.0167352	-0.0141574	-0.0132808	-0.0163139	-0.0153915	-0.013956	-0.0144731	-0.0111616	-0.00972786	-0.00983091	-0.013304	-0.00896144	-0.0141175	-0.0124697	-0.0150574	-0.0156684	-0.0223832	-0.0115928	-0.00795188	-0.00790672	-0.010919	-0.0105003	-0.0163785	-0.00758869	-0.0124005	-0.0158982	-0.0153026	-0.017577	-0.0164942	-0.0153107	-0.0119734	-0.010768	-0.0167391	-0.0132615	-0.0123734	-0.00790869	-0.0177436	-0.0170693	-0.0101745	-0.0117223	-0.0130646	-0.0139972	-0.0166755	-0.0179612	-0.00288085	-0.0045635	-0.0188348	-0.0177005	-0.017764	-0.0182083	-0.0118682	-0.0116549	-0.0129137	-0.0122812	-0.010599	-0.011203	-0.00781936	-0.00921546	-0.0191203	-0.0194011	-0.0193968	-0.00822358	-0.00862939	-0.0152901	-0.0160979	-0.0113445	-0.0127555	-0.0162385	-0.0130565	-0.00610527	-0.00613209	-0.010481	-0.0138141	-0.0129064	-0.0117424	-0.00734364	-0.00973912	-0.0129881	-0.00609046	-0.0154559	-0.018687	-0.0222781	-0.0170058	-0.0151895	-0.0136402	-0.00956581	-0.0137522	-0.0185705	-0.010025	-0.0139079	-0.0071721	-0.0122052	-0.0166215	-0.0159558	-0.0151245	-0.0130137	-0.0140584	-0.0144424	-0.00961228	-0.0115343	-0.0125908	-0.017666	-0.0162704	-0.0103207	-0.00907548	-0.00956869	-0.0107569	-0.0187019	-0.0180129	-0.010857	-0.013093	-0.0155548	-0.0143344	-0.014327	-0.0142107	-0.0179571	-0.014256	-0.0153627	-0.0180646	-0.0141953	-0.0157901	-0.014386	-0.0140524	-0.0178928	-0.0143835	-0.0190788	-0.0105297	-0.0140755	-0.0125975	-0.0125817	-0.0155811	-0.0178401	-0.0170021	-0.0144397	-0.0139862	-0.0106488	-0.0210686	-0.00780911	-0.01055	-0.0143908	-0.013196	-0.0149119	-0.0164371	-0.0117298	-0.0170725	-0.0105627	-0.0181334	-0.00972094	-0.0161702	-0.0165029	-0.01009	-0.0147502	-0.0132987	-0.00963193	-0.0136049	-0.0155109	-0.00873308	-0.0082539	-0.0133478	-0.0141773	-0.0129572	-0.00828709	-0.0149847	-0.00870235	-0.0169337	-0.0156404	-0.0110758	-0.0146819	-0.0135266	-0.0173631	-0.0138035	-0.0128507	-0.0158628	-0.0154874	-0.00774865	-0.0126473	-0.0100684	-0.0170646	-0.00867136	-0.0211547	-0.00898619	-0.00968777	-0.009823	-0.0127618	-0.0157085	-0.0111422	-0.0107372	-0.00975486	-0.0174577	-0.017261	-0.0172888	-0.0161556	-0.0161221	-0.00961131	-0.0112209	-0.00906688	-0.0155912	-0.00714976	-0.00899232	-0.0113113	-0.0195852	-0.0128801	-0.016237	-0.0160413	-0.0158479	-0.0108961	-0.0137009	-0.014918	-0.012118	-0.0136071	-0.00817802	-0.0172576	-0.0153979	-0.0241976	-0.0131168	-0.0080791
-1.6	-0.00892504	-0.0106579	-0.0175435	-0.0108234	-0.0111272	-0.0105322	-0.0158477	-0.0131894	-0.0332917	-0.0251656	-0.0230254	-0.0233487	-0.0182896	-0.0253863	-0.0234541	-0.0214611	-0.0109642	-0.0263936	-0.0237432	-0.0216366	-0.0214694	-0.0215489	-0.014263	-0.0261382	-0.015303	-0.0151032	-0.0093794	-0.0145548	-0.0183273	-0.0153954	-0.0154414	-0.021997	-0.0127372	-0.0120217	-0.0166768	-0.0182253	-0.0173555	-0.0172571	-0.0298198	-0.020607	-0.0205089	-0.0185918	-0.0176757	-0.0253393	-0.0251994	-0.0227429	-0.0181504	-0.0180978	-0.019682	-0.020176	-0.0261106	-0.0216774	-0.012938	-0.0187278	-0.0155135	-0.0220301	-0.0143167	-0.03157	-0.0214388	-0.0253544	-0.023344	-0.0244576	-0.024079	-0.0218264	-0.0107586	-0.0188906	-0.0168633	-0.0198949	-0.0132376	-0.0135322	-0.00891306	-0.0116921	-0.0105255	-0.0234925	-0.0221286	-0.0152817	-0.0260191	-0.023846	-0.0201124	-0.0188624	-0.0225504	-0.0219956	-0.0199142	-0.020754	-0.0156681	-0.0133083	-0.0133934	-0.0187083	-0.0120153	-0.0194283	-0.0172149	-0.0214341	-0.0218802	-0.0312732	-0.015362	-0.0106429	-0.0105687	-0.0151474	-0.0146241	-0.0232028	-0.00995114	-0.0181725	-0.0227721	-0.0216438	-0.0244889	-0.0230561	-0.0216839	-0.0168278	-0.0151461	-0.023767	-0.0187367	-0.0177208	-0.0107175	-0.0252597	-0.0243579	-0.0134082	-0.0167579	-0.0186591	-0.0192472	-0.0235951	-0.0255277	-0.00283509	-0.00530945	-0.026641	-0.0251962	-0.0252858	-0.0258818	-0.0166928	-0.0164964	-0.0181634	-0.0171067	-0.0148139	-0.0161986	-0.0104508	-0.0121381	-0.0267093	-0.0269985	-0.0269908	-0.0112675	-0.0116124	-0.0217704	-0.022796	-0.0150201	-0.0173309	-0.0227026	-0.0181039	-0.00787365	-0.00791334	-0.0144792	-0.0194982	-0.0182418	-0.0155267	-0.00966545	-0.0128773	-0.0179829	-0.00784368	-0.0214605	-0.0264654	-0.0314602	-0.0237986	-0.0213989	-0.0190894	-0.0132545	-0.0193122	-0.0257377	-0.01343	-0.0194885	-0.00934415	-0.0163683	-0.0230655	-0.0221273	-0.0212909	-0.0185331	-0.0200305	-0.0202718	-0.0134351	-0.0157651	-0.0174331	-0.0250823	-0.0230042	-0.0143034	-0.0121214	-0.0130009	-0.0147689	-0.0268321	-0.0258904	-0.0148284	-0.0182307	-0.0221323	-0.0204373	-0.0204057	-0.0202126	-0.0255248	-0.0203771	-0.021843	-0.0256552	-0.0202922	-0.0225331	-0.0204951	-0.0200151	-0.0254216	-0.0203995	-0.026651	-0.0142352	-0.0194403	-0.0170919	-0.0170668	-0.0219363	-0.025684	-0.02363	-0.0204738	-0.0201134	-0.0155415	-0.0298034	-0.0114096	-0.0143998	-0.0201333	-0.0178199	-0.0211235	-0.0236795	-0.0156094	-0.0242402	-0.0139513	-0.0255706	-0.0132736	-0.0224043	-0.0229264	-0.0133067	-0.0209728	-0.0183586	-0.0138777	-0.019686	-0.0221892	-0.0121196	-0.0111863	-0.0187134	-0.0199516	-0.0169828	-0.0111724	-0.0211317	-0.011698	-0.0237438	-0.0219581	-0.0159351	-0.0205882	-0.0193685	-0.0246859	-0.019361	-0.0175419	-0.0225367	-0.0220016	-0.0106394	-0.0183796	-0.0136055	-0.0242228	-0.0118474	-0.0298809	-0.012303	-0.0133401	-0.0131151	-0.0173095	-0.022455	-0.0155104	-0.0150955	-0.0137957	-0.0247167	-0.0240693	-0.0240919	-0.02294	-0.0228849	-0.0130634	-0.0156891	-0.0123947	-0.0220153	-0.00944591	-0.0120857	-0.0150339	-0.0276953	-0.0183591	-0.0228132	-0.0227668	-0.0225051	-0.0153711	-0.01948	-0.0211665	-0.0170966	-0.0192316	-0.0109756	-0.0241985	-0.0220042	-0.0341597	-0.0178973	-0.0108149
-1.4	-0.0117236	-0.0141256	-0.0251878	-0.0141721	-0.0147839	-0.0141164	-0.0224094	-0.0180404	-0.0474597	-0.0366169	-0.0324323	-0.0337542	-0.0258533	-0.0367169	-0.0327638	-0.0302662	-0.0149678	-0.0376107	-0.033788	-0.0310543	-0.0312661	-0.031305	-0.0194072	-0.0373355	-0.0206405	-0.0204338	-0.0124996	-0.0212953	-0.0266066	-0.0227144	-0.0228081	-0.0321177	-0.0176928	-0.0162714	-0.0222667	-0.0249213	-0.0238724	-0.0237306	-0.0425992	-0.0300359	-0.0298549	-0.0269864	-0.0247788	-0.0365246	-0.0363227	-0.0330011	-0.0263388	-0.0262209	-0.0286054	-0.029273	-0.0383515	-0.0311216	-0.0178283	-0.0269427	-0.0220135	-0.0319661	-0.019124	-0.0449416	-0.0311467	-0.0369861	-0.0340295	-0.0356702	-0.0348355	-0.0312856	-0.0144283	-0.0258297	-0.0246162	-0.0286422	-0.0184103	-0.0186093	-0.0115027	-0.0159769	-0.0147193	-0.0337888	-0.0320455	-0.0218214	-0.0375448	-0.0347531	-0.0291614	-0.0273527	-0.0316316	-0.0320115	-0.0289963	-0.0303854	-0.0223259	-0.0183251	-0.0183565	-0.0268166	-0.0161938	-0.027086	-0.0240901	-0.0311185	-0.0311124	-0.044334	-0.0204087	-0.0143269	-0.0141999	-0.0214057	-0.0207747	-0.0335504	-0.0129689	-0.0274406	-0.0333689	-0.0311324	-0.0346597	-0.032749	-0.031266	-0.0241822	-0.0217663	-0.0344083	-0.0269486	-0.0259769	-0.0146963	-0.0365427	-0.0354267	-0.0177064	-0.0244318	-0.0272059	-0.0267998	-0.0340602	-0.0370862	-0.00183599	-0.00557396	-0.0384179	-0.0366838	-0.0368103	-0.0376071	-0.0239942	-0.0238637	-0.0260528	-0.0242131	-0.0209856	-0.0240355	-0.0140592	-0.0159791	-0.0379579	-0.0381775	-0.0381622	-0.0156942	-0.0157288	-0.0316538	-0.0329318	-0.0198787	-0.0238111	-0.0322675	-0.0255612	-0.0102616	-0.0103211	-0.0203551	-0.028009	-0.0262702	-0.0205325	-0.0127196	-0.0168804	-0.0253458	-0.0102067	-0.0302827	-0.0382744	-0.0453175	-0.033707	-0.0307337	-0.0271926	-0.0186271	-0.0275908	-0.0361514	-0.0180716	-0.0278026	-0.0120786	-0.0220706	-0.0325194	-0.0311767	-0.0305684	-0.0269813	-0.0291822	-0.0290497	-0.0191738	-0.0218347	-0.0245738	-0.036344	-0.0331832	-0.0201378	-0.0162547	-0.017847	-0.0203507	-0.0392237	-0.0379175	-0.0204999	-0.0258822	-0.0321854	-0.0298155	-0.029735	-0.0294009	-0.0370867	-0.0298033	-0.0317326	-0.0372346	-0.0296818	-0.0328865	-0.0298741	-0.0291668	-0.0369186	-0.029565	-0.0379344	-0.0194166	-0.0272781	-0.0234347	-0.0233942	-0.0315539	-0.0377498	-0.0334175	-0.0296538	-0.0295724	-0.0232621	-0.0430268	-0.0170938	-0.0199033	-0.0286014	-0.0243145	-0.0305422	-0.0348459	-0.0208091	-0.0351305	-0.0184152	-0.0367126	-0.0183257	-0.031582	-0.0324033	-0.0175405	-0.0304679	-0.0256801	-0.0204844	-0.0291219	-0.03242	-0.0171685	-0.0152948	-0.0267477	-0.0286824	-0.0221104	-0.0151555	-0.030319	-0.0158456	-0.0338752	-0.0313234	-0.0234644	-0.0294514	-0.0283225	-0.0358414	-0.027663	-0.0242921	-0.0326231	-0.0318324	-0.0148009	-0.0272648	-0.0185852	-0.035056	-0.0164247	-0.0430593	-0.0170875	-0.018687	-0.0175978	-0.0237245	-0.032749	-0.0218466	-0.0215545	-0.019874	-0.0357107	-0.034142	-0.0341428	-0.0332691	-0.0331752	-0.0179697	-0.0223769	-0.0170467	-0.0316025	-0.012496	-0.0163679	-0.0200031	-0.0399296	-0.0267478	-0.0325667	-0.0330044	-0.0326491	-0.0220447	-0.0281804	-0.0306168	-0.0246256	-0.0277962	-0.0148376	-0.0345996	-0.0321055	-0.0491821	-0.0247317	-0.0145577
-1.2	-0.0152589	-0.0186393	-0.0367836	-0.018365	-0.0195568	-0.0188986	-0.0319437	-0.024682	-0.0685693	-0.0541571	-0.0462539	-0.0495428	-0.0371023	-0.0539267	-0.0463075	-0.0432328	-0.0208891	-0.0541339	-0.0487887	-0.0453159	-0.0463188	-0.0462422	-0.0264526	-0.0541616	-0.0278474	-0.0276923	-0.0166544	-0.0316984	-0.0393784	-0.0341224	-0.0342935	-0.0476977	-0.0248005	-0.0220787	-0.0296889	-0.0342205	-0.0330853	-0.03288	-0.0617242	-0.0445141	-0.0441881	-0.0397567	-0.034993	-0.0535065	-0.053209	-0.0486637	-0.0388251	-0.0385756	-0.0422819	-0.0431774	-0.0573222	-0.0453318	-0.0247493	-0.0392564	-0.031781	-0.0471496	-0.025462	-0.0648167	-0.0460317	-0.0549079	-0.0504702	-0.0529366	-0.0512002	-0.0455929	-0.0193329	-0.0355126	-0.0364748	-0.0418512	-0.0258398	-0.0257208	-0.0145402	-0.0219255	-0.0208571	-0.0493179	-0.047189	-0.0315271	-0.0550073	-0.0515305	-0.0429412	-0.0402935	-0.0449068	-0.0472373	-0.0428821	-0.045184	-0.0321379	-0.0252913	-0.0251889	-0.039032	-0.0218157	-0.038131	-0.0340191	-0.0458583	-0.0448724	-0.0635542	-0.0270481	-0.0193053	-0.0190811	-0.0307456	-0.030031	-0.0492738	-0.0166134	-0.0423715	-0.0497447	-0.0453493	-0.0496606	-0.0470966	-0.0456979	-0.0353885	-0.0318307	-0.0505417	-0.0392475	-0.0387677	-0.0203522	-0.0534561	-0.0522824	-0.0233403	-0.0361599	-0.0402881	-0.0376635	-0.0499275	-0.0547972	0.00116749	-0.00458425	-0.0562357	-0.0543491	-0.054525	-0.0555783	-0.0351181	-0.0351334	-0.0379588	-0.0346642	-0.0299816	-0.036353	-0.0189904	-0.0208663	-0.0546744	-0.0546696	-0.0546381	-0.0221468	-0.0213969	-0.0467625	-0.0482989	-0.0261146	-0.0329557	-0.0463999	-0.0366369	-0.0135591	-0.0136482	-0.029022	-0.0407776	-0.0383711	-0.0269907	-0.0167102	-0.0216999	-0.0362539	-0.0134647	-0.0432821	-0.0562522	-0.0662839	-0.0480762	-0.0447928	-0.0392379	-0.0264249	-0.0399234	-0.0512291	-0.0242974	-0.0401964	-0.0153155	-0.0298107	-0.0464228	-0.0444785	-0.0445556	-0.0399496	-0.0432498	-0.0423145	-0.0278566	-0.0305197	-0.0351559	-0.0534734	-0.0486122	-0.0286696	-0.0217707	-0.0246483	-0.0279167	-0.0581519	-0.0563414	-0.0285604	-0.0373346	-0.0475888	-0.0442735	-0.0440982	-0.0435095	-0.0548059	-0.0443542	-0.0468589	-0.0549494	-0.044177	-0.048823	-0.0443193	-0.0432573	-0.0545303	-0.043585	-0.0548033	-0.0265895	-0.0387352	-0.0323458	-0.0322794	-0.0461663	-0.0563854	-0.0479254	-0.0436611	-0.0442183	-0.0354839	-0.0630958	-0.0260812	-0.0277418	-0.0410856	-0.0334554	-0.0448853	-0.0520711	-0.0276159	-0.0517125	-0.0241276	-0.0534573	-0.0254766	-0.0451548	-0.0464391	-0.0229562	-0.0449929	-0.0362538	-0.0308059	-0.0437851	-0.0481187	-0.0247595	-0.0209932	-0.0388367	-0.0419447	-0.0282797	-0.020585	-0.04408	-0.0215199	-0.0489739	-0.0452399	-0.0351783	-0.042806	-0.042078	-0.0528768	-0.0401471	-0.0340334	-0.0478992	-0.0466954	-0.02076	-0.0410299	-0.0255663	-0.0514731	-0.0230468	-0.0630128	-0.0240255	-0.0265685	-0.0236018	-0.0327328	-0.0485033	-0.0309796	-0.031108	-0.0290215	-0.052398	-0.0490834	-0.0490296	-0.0490323	-0.0488731	-0.024954	-0.0324524	-0.0234722	-0.045959	-0.0164596	-0.0222265	-0.0264465	-0.0584182	-0.0396367	-0.0470479	-0.0486239	-0.0481412	-0.0319873	-0.0412952	-0.0449318	-0.036071	-0.0409011	-0.0201468	-0.0502343	-0.0475868	-0.0718875	-0.0344843	-0.0196125
-1.0	-0.0194933	-0.0242943	-0.0540069	-0.023332	-0.0255362	-0.0250724	-0.0454739	-0.0335008	-0.0993697	-0.0803971	-0.066173	-0.0729515	-0.053523	-0.0794725	-0.0656526	-0.0619599	-0.0295713	-0.0779977	-0.070742	-0.0664679	-0.0689152	-0.068588	-0.0358177	-0.0789258	-0.0372847	-0.0372987	-0.0220496	-0.0473795	-0.0586523	-0.0514655	-0.051764	-0.0711132	-0.0347848	-0.0297973	-0.039244	-0.046821	-0.0458285	-0.0455312	-0.0897578	-0.0662135	-0.0656554	-0.0587126	-0.0493616	-0.0787263	-0.0782829	-0.072029	-0.057424	-0.0569257	-0.0627638	-0.0639463	-0.0861587	-0.066233	-0.0343253	-0.0572645	-0.0462298	-0.0698096	-0.0335115	-0.0937486	-0.0683302	-0.0818772	-0.0751749	-0.0789064	-0.0755296	-0.0667853	-0.0256716	-0.0487118	-0.0541918	-0.0613561	-0.0362815	-0.0354419	-0.0177554	-0.0299699	-0.029665	-0.0722322	-0.0697922	-0.0456142	-0.0808699	-0.0767328	-0.0634434	-0.05956	-0.0639695	-0.0698682	-0.0636386	-0.0673826	-0.0462676	-0.0347192	-0.0343238	-0.0570626	-0.0291378	-0.0537497	-0.0480371	-0.0677855	-0.0649672	-0.0912685	-0.0354863	-0.0258409	-0.0254459	-0.0444514	-0.0437247	-0.0726177	-0.0206702	-0.0657584	-0.0744401	-0.0661927	-0.0713502	-0.0679008	-0.0669571	-0.0521133	-0.046811	-0.0744301	-0.0572204	-0.0581169	-0.0282555	-0.0782414	-0.0773827	-0.0305027	-0.0536775	-0.0598418	-0.0529733	-0.0734441	-0.0813162	0.0077754	-0.00109931	-0.082607	-0.0808903	-0.0811278	-0.0824927	-0.0517361	-0.0520117	-0.0555644	-0.0496818	-0.0427787	-0.0552098	-0.0255832	-0.0267763	-0.0790103	-0.0785217	-0.0784581	-0.0313616	-0.0290409	-0.0693196	-0.0710653	-0.0337568	-0.0455806	-0.0667951	-0.0527825	-0.018134	-0.0182643	-0.0415545	-0.059511	-0.0561961	-0.034983	-0.0218034	-0.0270373	-0.0521164	-0.01798	-0.0620655	-0.0830046	-0.0973079	-0.0684063	-0.065491	-0.0567309	-0.0374804	-0.0578985	-0.0725598	-0.0323754	-0.0582532	-0.0188082	-0.0400431	-0.0664645	-0.0636449	-0.0651721	-0.0593952	-0.0643743	-0.0619368	-0.040747	-0.0426834	-0.0505453	-0.0789189	-0.0714782	-0.0408608	-0.0288894	-0.0339682	-0.037631	-0.0863696	-0.0839594	-0.0397552	-0.0541444	-0.070641	-0.0660427	-0.0656975	-0.0646731	-0.081342	-0.0662778	-0.0694566	-0.0814297	-0.0660174	-0.0727734	-0.0660492	-0.0644472	-0.0808943	-0.0645601	-0.0795094	-0.0362638	-0.0551384	-0.0445888	-0.0444781	-0.0678929	-0.0845605	-0.0690166	-0.064554	-0.0663621	-0.0543324	-0.0928711	-0.0399099	-0.0386612	-0.0590888	-0.0461061	-0.0662625	-0.0779779	-0.0361926	-0.0763781	-0.0311022	-0.078082	-0.0353654	-0.064853	-0.0668296	-0.0295736	-0.0666947	-0.0512107	-0.0465435	-0.0659987	-0.0716319	-0.0359681	-0.0286854	-0.0566663	-0.0616713	-0.0351271	-0.0277735	-0.0642438	-0.0290691	-0.0710053	-0.0655047	-0.0529749	-0.0625157	-0.0627126	-0.0782918	-0.0585732	-0.0478285	-0.0705225	-0.0686668	-0.0290885	-0.0617931	-0.0351391	-0.0757725	-0.0324484	-0.0925579	-0.0339244	-0.0379867	-0.0313867	-0.0451021	-0.0720565	-0.0438286	-0.04492	-0.0424728	-0.077152	-0.0707987	-0.0706344	-0.0725326	-0.0722698	-0.0347088	-0.0473432	-0.0320703	-0.0670292	-0.0214147	-0.0300223	-0.0344423	-0.0857309	-0.0589873	-0.0680655	-0.0719011	-0.071248	-0.04646	-0.0606284	-0.0661122	-0.0531143	-0.0605271	-0.0272918	-0.0732448	-0.0707593	-0.105444	-0.0481088	-0.026245
-0.887	-0.0221365	-0.0278913	-0.0666258	-0.0264002	-0.0294056	-0.0291781	-0.0551421	-0.0394725	-0.121662	-0.0996684	-0.0804912	-0.090044	-0.0654055	-0.0981426	-0.0794816	-0.075439	-0.0358391	-0.0952342	-0.0866615	-0.0819332	-0.0855555	-0.0850079	-0.0421963	-0.096954	-0.0436506	-0.0438242	-0.0256344	-0.0589544	-0.0728995	-0.0643327	-0.0647344	-0.0883703	-0.0418442	-0.0350516	-0.0455827	-0.0555097	-0.054737	-0.0543699	-0.110118	-0.0821713	-0.0814424	-0.0725776	-0.0595477	-0.0971834	-0.096632	-0.0891723	-0.0710574	-0.0703469	-0.0778175	-0.0791874	-0.107701	-0.0814104	-0.0410134	-0.0703076	-0.0567918	-0.0864267	-0.0388049	-0.114661	-0.0847191	-0.101757	-0.0933683	-0.0980428	-0.0933283	-0.0822593	-0.0298822	-0.0578561	-0.0672155	-0.0755841	-0.0436621	-0.0422023	-0.0195214	-0.0354963	-0.0359657	-0.088926	-0.0863793	-0.0558001	-0.0997525	-0.0952982	-0.0784589	-0.0736718	-0.0776471	-0.0864561	-0.0789008	-0.0837271	-0.0564439	-0.0412176	-0.0405441	-0.070221	-0.0340446	-0.0648437	-0.057998	-0.083858	-0.0795371	-0.11119	-0.040987	-0.0302436	-0.0297125	-0.0543907	-0.0537037	-0.089681	-0.0230601	-0.0834199	-0.0926695	-0.0813538	-0.0869787	-0.0829054	-0.0824506	-0.0643876	-0.0577732	-0.0918597	-0.0702346	-0.0724402	-0.0337946	-0.096356	-0.0958051	-0.0351739	-0.0665429	-0.0742014	-0.0638052	-0.0906115	-0.100819	0.0137323	0.00248289	-0.101867	-0.100446	-0.100725	-0.102287	-0.063951	-0.0644379	-0.0684402	-0.0604397	-0.0519139	-0.0692649	-0.0300435	-0.0304843	-0.0966033	-0.0957002	-0.0956091	-0.0379204	-0.0342509	-0.0858676	-0.0876906	-0.0386252	-0.0543929	-0.0814473	-0.0644518	-0.0213355	-0.0214944	-0.050553	-0.073095	-0.0691587	-0.0400985	-0.0251014	-0.0301642	-0.0635629	-0.0211376	-0.0755891	-0.102595	-0.119954	-0.0828679	-0.0805384	-0.0693455	-0.0453521	-0.0709353	-0.087723	-0.0377458	-0.0712905	-0.0207899	-0.046946	-0.080863	-0.0774142	-0.0801745	-0.0737058	-0.0799392	-0.0762721	-0.0501564	-0.0512776	-0.0616456	-0.097526	-0.0881734	-0.0495628	-0.033589	-0.0404369	-0.0438374	-0.107011	-0.104351	-0.0476195	-0.0663459	-0.0875887	-0.0821044	-0.0816222	-0.0802552	-0.100859	-0.0824634	-0.0860534	-0.10088	-0.0821406	-0.0904274	-0.0820718	-0.0800679	-0.100279	-0.0799851	-0.097445	-0.0429298	-0.0668775	-0.0531082	-0.0529588	-0.0838123	-0.105511	-0.0842607	-0.0798839	-0.0827631	-0.0684433	-0.114631	-0.0502422	-0.0463446	-0.0720359	-0.0549385	-0.0819424	-0.09708	-0.0418099	-0.0944275	-0.0355075	-0.0959761	-0.0422703	-0.0790478	-0.0815511	-0.0337663	-0.082619	-0.0618765	-0.0582413	-0.0824531	-0.0889229	-0.0441182	-0.0339721	-0.0696557	-0.0761247	-0.0391819	-0.0326419	-0.0788584	-0.0342122	-0.0869854	-0.0801804	-0.0661806	-0.0768862	-0.0779019	-0.0969295	-0.0720046	-0.0575848	-0.0870611	-0.0847111	-0.0349548	-0.0771231	-0.0417972	-0.0934957	-0.0390941	-0.114134	-0.0409899	-0.0461899	-0.0365781	-0.0537044	-0.0893418	-0.052963	-0.0548959	-0.0522654	-0.0952395	-0.0864831	-0.0862261	-0.0897565	-0.0894137	-0.041539	-0.058195	-0.0378893	-0.0823607	-0.0246158	-0.0353326	-0.0396249	-0.105647	-0.0732432	-0.0831898	-0.0889519	-0.0881825	-0.0569351	-0.0747399	-0.0815524	-0.0656157	-0.0749735	-0.0321863	-0.0899974	-0.0877972	-0.129918	-0.0576887	-0.0307106
-0.627	-0.0289496	-0.0358956	-0.101834	-0.0341692	-0.0394011	-0.040103	-0.0825359	-0.0554372	-0.183144	-0.153123	-0.11996	-0.137255	-0.0979054	-0.149766	-0.117447	-0.112613	-0.0520827	-0.144086	-0.130554	-0.124741	-0.131889	-0.13067	-0.0596256	-0.14692	-0.0610357	-0.0615896	-0.0346458	-0.0912051	-0.112647	-0.100303	-0.101042	-0.136525	-0.0611924	-0.049302	-0.0622406	-0.0790101	-0.0788894	-0.0782712	-0.166507	-0.126581	-0.12543	-0.111226	-0.0877865	-0.148472	-0.147634	-0.136904	-0.109015	-0.10762	-0.119582	-0.121436	-0.169254	-0.123073	-0.0590535	-0.106437	-0.08585	-0.132508	-0.0529813	-0.172365	-0.130155	-0.157007	-0.143902	-0.151203	-0.142576	-0.124923	-0.0409837	-0.0826947	-0.103701	-0.115157	-0.0638602	-0.0608655	-0.0237314	-0.0502986	-0.053094	-0.135063	-0.132472	-0.0843427	-0.152047	-0.147018	-0.120189	-0.112847	-0.115241	-0.132739	-0.121603	-0.129377	-0.0851049	-0.0589196	-0.057138	-0.106793	-0.0472441	-0.0953157	-0.0857387	-0.128754	-0.120005	-0.166148	-0.0546951	-0.0420062	-0.0410979	-0.0813258	-0.0807668	-0.136895	-0.0295385	-0.133267	-0.143468	-0.123834	-0.130254	-0.124311	-0.125652	-0.0984031	-0.0879263	-0.140056	-0.106317	-0.11255	-0.048335	-0.149196	-0.147393	-0.0467516	-0.102395	-0.114159	-0.0932232	-0.137987	-0.155152	0.0341773	0.0154851	-0.155335	-0.154916	-0.155345	-0.157415	-0.0979124	-0.0991201	-0.104539	-0.0900325	-0.0774694	-0.108804	-0.0411706	-0.0398657	-0.145149	-0.143054	-0.142884	-0.055578	-0.0474513	-0.131808	-0.133767	-0.0512532	-0.0782244	-0.121862	-0.096294	-0.0293736	-0.0296177	-0.0749135	-0.110296	-0.104888	-0.0530491	-0.0323609	-0.0385751	-0.0947696	-0.0290365	-0.112904	-0.156908	-0.182706	-0.123243	-0.122006	-0.104126	-0.0672684	-0.107591	-0.129837	-0.051754	-0.107075	-0.0258853	-0.0649328	-0.12044	-0.115319	-0.121575	-0.113574	-0.123404	-0.116173	-0.0757576	-0.0750277	-0.0918434	-0.14907	-0.134261	-0.0734544	-0.0455174	-0.0578949	-0.0582584	-0.163439	-0.162017	-0.0693234	-0.0997758	-0.134835	-0.126906	-0.126032	-0.123714	-0.155227	-0.127733	-0.132332	-0.154992	-0.127215	-0.139729	-0.126736	-0.123595	-0.154254	-0.123008	-0.147155	-0.0612772	-0.0992329	-0.0761376	-0.0758271	-0.128137	-0.165618	-0.126379	-0.122545	-0.128946	-0.108169	-0.174817	-0.0792743	-0.067488	-0.107884	-0.0784493	-0.125502	-0.15051	-0.0569854	-0.144384	-0.0465315	-0.1454	-0.0609359	-0.117663	-0.122037	-0.0443925	-0.126745	-0.0920259	-0.0909435	-0.128626	-0.137117	-0.0661571	-0.0482921	-0.105479	-0.116252	-0.0505747	-0.0456729	-0.118901	-0.0481833	-0.131657	-0.121082	-0.103143	-0.116674	-0.12024	-0.148637	-0.10896	-0.0834315	-0.133181	-0.129465	-0.0510918	-0.120037	-0.0598875	-0.142461	-0.0564865	-0.173953	-0.0601601	-0.0681894	-0.0503794	-0.0769335	-0.137038	-0.0788675	-0.0830417	-0.0796023	-0.145304	-0.129769	-0.129264	-0.137521	-0.136914	-0.0593894	-0.0879127	-0.052928	-0.125007	-0.0328135	-0.0497302	-0.0537858	-0.160858	-0.113015	-0.1245	-0.136147	-0.135066	-0.0861996	-0.114321	-0.124116	-0.100419	-0.115289	-0.0452049	-0.136464	-0.135319	-0.197712	-0.0836016	-0.04263
0.0	-0.0424624	-0.0444911	-0.153965	-0.0482514	-0.0596877	-0.0594436	-0.130985	-0.0927211	-0.274443	-0.228951	-0.18073	-0.204758	-0.142683	-0.223631	-0.174941	-0.168941	-0.0658004	-0.204036	-0.196356	-0.185865	-0.198254	-0.196201	-0.0908432	-0.22106	-0.0939482	-0.0932522	-0.0455638	-0.137903	-0.169354	-0.151614	-0.152915	-0.206144	-0.091902	-0.0739712	-0.0903033	-0.117482	-0.116639	-0.115154	-0.246222	-0.190926	-0.189937	-0.168922	-0.130244	-0.223509	-0.2222	-0.20721	-0.164622	-0.162404	-0.17915	-0.180491	-0.235848	-0.180698	-0.0867437	-0.161269	-0.117961	-0.198838	-0.080407	-0.258424	-0.194734	-0.234989	-0.21668	-0.226301	-0.213507	-0.184238	-0.0606573	-0.123993	-0.158445	-0.174644	-0.0958671	-0.0934526	-0.0349949	-0.0744726	-0.0777732	-0.201572	-0.199063	-0.130494	-0.227864	-0.221597	-0.181041	-0.169968	-0.167547	-0.19912	-0.186224	-0.197486	-0.133	-0.0856323	-0.0857837	-0.159938	-0.0706851	-0.143544	-0.132921	-0.196844	-0.181946	-0.256117	-0.0732123	-0.0620081	-0.0600598	-0.115864	-0.114639	-0.204979	-0.047997	-0.203291	-0.216374	-0.190108	-0.197888	-0.188184	-0.192129	-0.146395	-0.129952	-0.209857	-0.161447	-0.17089	-0.0688994	-0.263914	-0.226269	-0.0653454	-0.156493	-0.17249	-0.141713	-0.205638	-0.234299	0.0815153	0.0319897	-0.233949	-0.233174	-0.23437	-0.237454	-0.146782	-0.147708	-0.162097	-0.135413	-0.122261	-0.165995	-0.0515812	-0.0575839	-0.217625	-0.214748	-0.214643	-0.0792606	-0.0572176	-0.199088	-0.200599	-0.0746124	-0.11485	-0.183821	-0.139999	-0.0340421	-0.0356845	-0.108228	-0.161704	-0.157367	-0.0753312	-0.0361923	-0.0630632	-0.137392	-0.0336361	-0.170017	-0.234981	-0.274133	-0.19092	-0.181417	-0.156196	-0.103954	-0.170858	-0.200815	-0.0743795	-0.159635	-0.0399431	-0.0930941	-0.179658	-0.173135	-0.18153	-0.171288	-0.187465	-0.175331	-0.108309	-0.113926	-0.133707	-0.223043	-0.199605	-0.109979	-0.0622481	-0.0855496	-0.0970542	-0.241949	-0.241869	-0.105524	-0.145924	-0.204148	-0.191404	-0.190107	-0.186743	-0.234011	-0.194141	-0.200712	-0.233368	-0.192788	-0.211827	-0.191014	-0.186029	-0.232485	-0.186321	-0.222185	-0.0939205	-0.149272	-0.111825	-0.111468	-0.193249	-0.252111	-0.188764	-0.184919	-0.197964	-0.164733	-0.260676	-0.121005	-0.102208	-0.160359	-0.109989	-0.186718	-0.2289	-0.0875331	-0.215957	-0.0665106	-0.222623	-0.0895522	-0.169653	-0.181502	-0.0639835	-0.188804	-0.151036	-0.137236	-0.197081	-0.207651	-0.0943967	-0.0725301	-0.156355	-0.17378	-0.0852061	-0.0688826	-0.172564	-0.0726205	-0.210123	-0.172525	-0.156304	-0.175083	-0.182244	-0.222902	-0.156297	-0.116088	-0.202114	-0.197741	-0.0777081	-0.183467	-0.0896709	-0.213828	-0.0767112	-0.26157	-0.0888949	-0.0943511	-0.0747716	-0.11312	-0.209648	-0.12215	-0.13044	-0.122018	-0.217634	-0.194597	-0.193989	-0.206702	-0.205113	-0.0791047	-0.129266	-0.0830009	-0.177663	-0.0463768	-0.0752672	-0.0848768	-0.241533	-0.171905	-0.187807	-0.203551	-0.202223	-0.132238	-0.177798	-0.184986	-0.152059	-0.174178	-0.0703302	-0.205412	-0.207305	-0.297398	-0.12275	-0.0633434
0.627	-0.0780759	-0.0787225	-0.20309	-0.0892062	-0.101784	-0.0952816	-0.192908	-0.126266	-0.366992	-0.303361	-0.238055	-0.274135	-0.180355	-0.295203	-0.232629	-0.224575	-0.0637711	-0.312147	-0.256324	-0.242033	-0.260465	-0.260223	-0.144922	-0.293693	-0.148387	-0.144805	-0.0611376	-0.181416	-0.218736	-0.198038	-0.19805	-0.274349	-0.127301	-0.115583	-0.132782	-0.171155	-0.163796	-0.162401	-0.327948	-0.256995	-0.250019	-0.231976	-0.184986	-0.2978	-0.296748	-0.276498	-0.219153	-0.219803	-0.234896	-0.239499	-0.292034	-0.249269	-0.125247	-0.226117	-0.140702	-0.264441	-0.132511	-0.345958	-0.256979	-0.30832	-0.284744	-0.297176	-0.282319	-0.237995	-0.0995486	-0.178201	-0.213232	-0.234975	-0.134412	-0.137099	-0.0814476	-0.112446	-0.104241	-0.263782	-0.263051	-0.178715	-0.302372	-0.293308	-0.24206	-0.227167	-0.226125	-0.275568	-0.238993	-0.258948	-0.192382	-0.131646	-0.133141	-0.211867	-0.116232	-0.187923	-0.192099	-0.259069	-0.239225	-0.328858	-0.114432	-0.0960855	-0.0967022	-0.13759	-0.134953	-0.273105	-0.0969783	-0.257873	-0.283002	-0.253772	-0.259556	-0.249512	-0.25653	-0.186346	-0.169193	-0.280837	-0.22622	-0.225348	-0.0747042	-0.316175	-0.296812	-0.0858506	-0.204642	-0.228553	-0.189146	-0.271529	-0.30932	0.059339	0.0258537	-0.310691	-0.306514	-0.30863	-0.313604	-0.181322	-0.195887	-0.205974	-0.190885	-0.181184	-0.218224	-0.0704337	-0.103204	-0.291209	-0.285468	-0.285923	-0.110297	-0.0830886	-0.263828	-0.269854	-0.130665	-0.162961	-0.260599	-0.177899	-0.0236102	-0.0246978	-0.14166	-0.219675	-0.212528	-0.122247	-0.0296406	-0.122762	-0.175352	-0.0207889	-0.225271	-0.311203	-0.363214	-0.275394	-0.245524	-0.218225	-0.151506	-0.228608	-0.28896	-0.123304	-0.219179	-0.0825959	-0.146596	-0.246891	-0.236395	-0.245383	-0.226143	-0.247123	-0.23533	-0.134459	-0.162507	-0.168945	-0.301699	-0.264825	-0.157208	-0.0935393	-0.121523	-0.209444	-0.347501	-0.302855	-0.154971	-0.186331	-0.272081	-0.252439	-0.251741	-0.247702	-0.30922	-0.257209	-0.268453	-0.310551	-0.256454	-0.281524	-0.2527	-0.246442	-0.307107	-0.242948	-0.295573	-0.144786	-0.207869	-0.159443	-0.159128	-0.257034	-0.311548	-0.252054	-0.244785	-0.258737	-0.210706	-0.346228	-0.156712	-0.147205	-0.235993	-0.140861	-0.244259	-0.305248	-0.141125	-0.286632	-0.10997	-0.289844	-0.129178	-0.225286	-0.238857	-0.108499	-0.250712	-0.194878	-0.176092	-0.262616	-0.27677	-0.117301	-0.111147	-0.20021	-0.227508	-0.163838	-0.105825	-0.236982	-0.114327	-0.267854	-0.248782	-0.200752	-0.230858	-0.239507	-0.293971	-0.198251	-0.15336	-0.268627	-0.261147	-0.114902	-0.248282	-0.130537	-0.284571	-0.09702	-0.345796	-0.109374	-0.118948	-0.122	-0.161576	-0.277904	-0.188128	-0.18028	-0.170229	-0.289475	-0.260576	-0.260039	-0.273385	-0.271419	-0.106596	-0.158765	-0.122096	-0.247553	-0.0771621	-0.116969	-0.146018	-0.322387	-0.225565	-0.260958	-0.270375	-0.268722	-0.183426	-0.232363	-0.245371	-0.1951	-0.224626	-0.0791397	-0.273502	-0.273393	-0.397775	-0.171642	-0.0965899
0.887	-0.132897	-0.131526	-0.233303	-0.155494	-0.160733	-0.146001	-0.245964	-0.190482	-0.441744	-0.351602	-0.295302	-0.330472	-0.212739	-0.353844	-0.29024	-0.27828	-0.0601853	-0.355536	-0.301122	-0.277636	-0.299806	-0.301516	-0.207471	-0.34877	-0.210593	-0.204305	-0.0976217	-0.206759	-0.240848	-0.220614	-0.214894	-0.316685	-0.164363	-0.166019	-0.204125	-0.238614	-0.218836	-0.217783	-0.39841	-0.304012	-0.297335	-0.281315	-0.242226	-0.348921	-0.348192	-0.324008	-0.262169	-0.26523	-0.27519	-0.282515	-0.361094	-0.294716	-0.168602	-0.285056	-0.165137	-0.311618	-0.202107	-0.419536	-0.299495	-0.354284	-0.326129	-0.341789	-0.335178	-0.272985	-0.153709	-0.243245	-0.250333	-0.279696	-0.174459	-0.188159	-0.147002	-0.160929	-0.129892	-0.315311	-0.307645	-0.219965	-0.359521	-0.336586	-0.286974	-0.271773	-0.280721	-0.317304	-0.279926	-0.300957	-0.240002	-0.19197	-0.197861	-0.244035	-0.173649	-0.243007	-0.246287	-0.305151	-0.284894	-0.406117	-0.189507	-0.144971	-0.146347	-0.154532	-0.148384	-0.325607	-0.166652	-0.259139	-0.324277	-0.307628	-0.315639	-0.306267	-0.311443	-0.217987	-0.197432	-0.340991	-0.284732	-0.254241	-0.120549	-0.377014	-0.351076	-0.138628	-0.241266	-0.267152	-0.239112	-0.322821	-0.355902	-0.0613906	-0.0806668	-0.368209	-0.350147	-0.352862	-0.361361	-0.201597	-0.225355	-0.244559	-0.246689	-0.230956	-0.241288	-0.109825	-0.173366	-0.352448	-0.35027	-0.350254	-0.150339	-0.133406	-0.310687	-0.326607	-0.210512	-0.218434	-0.331622	-0.209008	-0.00345687	-0.0040168	-0.180173	-0.271042	-0.261	-0.198432	-0.0636631	-0.208092	-0.206735	-0.00197902	-0.280319	-0.364105	-0.425812	-0.361977	-0.300893	-0.275886	-0.199355	-0.276627	-0.370867	-0.195761	-0.275629	-0.151403	-0.210024	-0.307783	-0.294827	-0.298155	-0.261132	-0.284111	-0.276482	-0.157033	-0.210212	-0.20282	-0.359425	-0.313582	-0.204374	-0.15338	-0.169364	-0.307428	-0.396923	-0.396202	-0.20492	-0.217126	-0.315074	-0.288662	-0.288767	-0.286133	-0.355657	-0.295817	-0.313619	-0.36106	-0.295461	-0.32306	-0.289739	-0.282558	-0.353807	-0.279382	-0.352611	-0.198851	-0.257083	-0.215808	-0.215737	-0.297565	-0.36408	-0.308866	-0.283052	-0.295723	-0.223115	-0.402925	-0.171505	-0.192311	-0.290867	-0.16453	-0.280033	-0.351703	-0.216364	-0.341457	-0.190521	-0.348299	-0.176185	-0.263541	-0.284955	-0.17909	-0.295755	-0.236134	-0.19275	-0.300388	-0.321684	-0.138986	-0.158145	-0.234717	-0.259904	-0.265062	-0.158541	-0.297489	-0.163487	-0.318218	-0.303175	-0.220918	-0.268773	-0.276086	-0.344132	-0.239267	-0.200816	-0.319606	-0.316201	-0.153831	-0.290412	-0.176013	-0.346802	-0.131923	-0.403502	-0.124334	-0.153426	-0.182849	-0.217557	-0.323595	-0.247374	-0.232521	-0.20339	-0.343515	-0.317389	-0.317053	-0.322297	-0.32009	-0.150607	-0.183449	-0.190505	-0.304265	-0.12772	-0.167462	-0.222562	-0.386068	-0.260186	-0.330264	-0.320102	-0.317709	-0.229462	-0.282353	-0.301338	-0.223117	-0.253563	-0.114041	-0.321204	-0.317296	-0.464749	-0.225263	-0.145983
1.087	-0.17977	-0.204033	-0.243464	-0.216325	-0.213661	-0.190603	-0.272836	-0.246191	-0.488964	-0.374085	-0.335293	-0.365144	-0.250548	-0.393059	-0.333012	-0.314537	-0.0993075	-0.40521	-0.330889	-0.2972	-0.313256	-0.318292	-0.259008	-0.375544	-0.261669	-0.255119	-0.157357	-0.20824	-0.233172	-0.214732	-0.20367	-0.328043	-0.196298	-0.20697	-0.284103	-0.305286	-0.271605	-0.271124	-0.450475	-0.321659	-0.317072	-0.303696	-0.295637	-0.368463	-0.367004	-0.340536	-0.282652	-0.287191	-0.290782	-0.302505	-0.386903	-0.337646	-0.209272	-0.322806	-0.206337	-0.335708	-0.260704	-0.466729	-0.313985	-0.366507	-0.336674	-0.353276	-0.366041	-0.300345	-0.198692	-0.302051	-0.256854	-0.299716	-0.210033	-0.232107	-0.202757	-0.203128	-0.153649	-0.352829	-0.324704	-0.241548	-0.396342	-0.347594	-0.30825	-0.291798	-0.326867	-0.332856	-0.290463	-0.311835	-0.259117	-0.246016	-0.251005	-0.259241	-0.220226	-0.296704	-0.284235	-0.321782	-0.313009	-0.461648	-0.275472	-0.188745	-0.18947	-0.190653	-0.178523	-0.35675	-0.219757	-0.201381	-0.336043	-0.339036	-0.358048	-0.345092	-0.336128	-0.240079	-0.211907	-0.382741	-0.323074	-0.250129	-0.17818	-0.405643	-0.36622	-0.220461	-0.25308	-0.283706	-0.295537	-0.360133	-0.368388	-0.213149	-0.225873	-0.395885	-0.358608	-0.361335	-0.374147	-0.214936	-0.22622	-0.255994	-0.287833	-0.253125	-0.230067	-0.173067	-0.238061	-0.394114	-0.393816	-0.394055	-0.182162	-0.201558	-0.33442	-0.358352	-0.28576	-0.272722	-0.378969	-0.248622	-0.0327785	-0.0323122	-0.221023	-0.311524	-0.290444	-0.281274	-0.149882	-0.286231	-0.248866	-0.0340912	-0.316448	-0.390803	-0.460393	-0.42141	-0.33732	-0.315991	-0.229169	-0.291576	-0.428185	-0.252505	-0.31751	-0.205238	-0.277934	-0.346214	-0.33277	-0.328539	-0.273365	-0.291683	-0.293495	-0.18402	-0.24473	-0.244725	-0.389593	-0.34773	-0.238004	-0.230663	-0.220699	-0.351138	-0.418824	-0.415493	-0.241196	-0.252144	-0.327389	-0.294558	-0.294064	-0.294521	-0.368406	-0.300594	-0.327083	-0.376841	-0.299841	-0.329655	-0.295376	-0.289142	-0.366546	-0.288004	-0.383265	-0.238425	-0.290239	-0.269944	-0.270118	-0.309608	-0.373504	-0.339078	-0.295487	-0.292036	-0.202593	-0.438747	-0.16368	-0.227396	-0.328868	-0.228702	-0.299143	-0.358598	-0.283998	-0.374823	-0.276266	-0.387641	-0.222374	-0.305819	-0.31716	-0.247901	-0.322256	-0.268263	-0.184231	-0.29978	-0.336271	-0.159529	-0.199157	-0.263795	-0.27245	-0.344643	-0.207673	-0.342118	-0.201816	-0.350203	-0.342947	-0.213204	-0.285295	-0.284278	-0.371021	-0.268555	-0.261873	-0.344801	-0.341132	-0.181384	-0.299643	-0.211832	-0.390011	-0.183302	-0.436347	-0.161648	-0.201594	-0.231775	-0.273068	-0.332945	-0.276471	-0.255826	-0.217855	-0.376943	-0.354806	-0.355062	-0.348825	-0.347129	-0.209616	-0.213634	-0.248044	-0.346475	-0.177763	-0.206986	-0.282699	-0.420093	-0.268643	-0.369354	-0.349182	-0.345275	-0.256652	-0.312017	-0.342755	-0.234638	-0.257557	-0.169768	-0.34476	-0.329184	-0.50146	-0.275616	-0.193696
1.255	-0.201375	-0.259988	-0.231064	-0.249211	-0.235886	-0.215186	-0.266972	-0.278315	-0.511304	-0.370688	-0.355791	-0.370524	-0.288496	-0.404203	-0.357517	-0.332119	-0.163648	-0.42055	-0.351891	-0.304897	-0.298012	-0.306724	-0.285506	-0.376174	-0.29193	-0.286444	-0.209276	-0.185665	-0.204607	-0.185965	-0.177701	-0.30526	-0.216623	-0.224794	-0.346086	-0.349067	-0.306284	-0.305665	-0.475479	-0.297874	-0.298189	-0.293615	-0.34255	-0.355843	-0.353341	-0.325994	-0.274371	-0.278503	-0.277072	-0.29583	-0.368926	-0.358108	-0.237523	-0.329374	-0.243576	-0.332937	-0.294241	-0.488474	-0.294881	-0.343204	-0.314593	-0.329215	-0.370174	-0.320597	-0.217514	-0.339511	-0.231503	-0.292391	-0.233464	-0.252034	-0.229145	-0.225367	-0.168487	-0.373974	-0.309482	-0.244619	-0.407121	-0.328067	-0.301236	-0.282552	-0.347164	-0.311231	-0.274788	-0.292409	-0.250266	-0.27621	-0.280002	-0.262544	-0.246566	-0.339157	-0.29366	-0.306686	-0.329848	-0.500376	-0.341104	-0.209795	-0.209971	-0.235209	-0.221135	-0.360727	-0.241354	-0.107447	-0.31769	-0.344309	-0.387271	-0.372138	-0.333353	-0.234847	-0.206148	-0.393805	-0.330193	-0.214873	-0.218937	-0.386443	-0.347186	-0.29506	-0.24002	-0.274533	-0.339054	-0.376241	-0.351852	-0.317016	-0.325586	-0.392148	-0.336461	-0.337942	-0.355665	-0.213889	-0.201727	-0.244094	-0.302546	-0.250321	-0.188064	-0.228947	-0.274864	-0.413169	-0.416567	-0.416905	-0.188004	-0.258113	-0.32541	-0.354234	-0.337612	-0.307385	-0.394283	-0.287841	-0.118452	-0.117834	-0.244153	-0.331939	-0.293966	-0.345511	-0.244802	-0.337734	-0.2907	-0.120783	-0.333743	-0.392583	-0.472914	-0.447477	-0.342812	-0.326524	-0.228415	-0.272927	-0.448701	-0.277062	-0.332189	-0.230032	-0.310875	-0.360237	-0.347047	-0.328697	-0.260488	-0.271694	-0.281685	-0.202612	-0.260457	-0.281458	-0.387502	-0.360173	-0.250019	-0.292804	-0.258926	-0.348126	-0.397153	-0.397507	-0.255191	-0.281897	-0.308655	-0.27016	-0.268603	-0.273426	-0.352049	-0.270102	-0.30876	-0.359718	-0.269561	-0.304758	-0.270045	-0.266402	-0.350059	-0.270682	-0.388762	-0.255882	-0.307668	-0.307072	-0.307091	-0.29334	-0.339951	-0.345937	-0.28233	-0.24748	-0.157898	-0.454135	-0.132526	-0.245277	-0.336759	-0.311641	-0.301845	-0.33505	-0.326923	-0.380354	-0.330948	-0.394646	-0.254871	-0.349183	-0.339726	-0.292477	-0.321341	-0.306557	-0.158042	-0.25621	-0.318968	-0.17042	-0.219474	-0.282622	-0.268722	-0.391035	-0.231912	-0.358759	-0.218319	-0.358087	-0.358652	-0.18568	-0.283169	-0.267701	-0.373698	-0.293891	-0.316143	-0.337278	-0.3353	-0.191286	-0.281182	-0.227127	-0.402188	-0.226411	-0.44886	-0.206207	-0.228846	-0.256024	-0.310174	-0.305813	-0.273158	-0.248464	-0.206382	-0.384465	-0.373071	-0.373813	-0.3468	-0.346473	-0.256953	-0.23531	-0.275226	-0.356522	-0.205344	-0.224042	-0.315211	-0.430545	-0.248394	-0.381839	-0.349957	-0.343775	-0.26028	-0.311251	-0.353508	-0.230639	-0.242696	-0.221527	-0.348211	-0.310097	-0.512263	-0.307954	-0.218752
1.403	-0.200945	-0.276221	-0.198914	-0.254756	-0.226238	-0.218621	-0.235585	-0.283054	-0.512888	-0.336665	-0.356389	-0.336598	-0.302332	-0.374583	-0.365969	-0.331846	-0.206731	-0.407422	-0.351522	-0.28884	-0.251935	-0.264062	-0.284963	-0.345789	-0.302867	-0.29582	-0.23329	-0.145912	-0.165938	-0.142569	-0.151388	-0.246199	-0.221357	-0.22182	-0.374987	-0.361328	-0.320092	-0.319403	-0.466588	-0.236186	-0.243793	-0.250377	-0.358229	-0.31316	-0.309321	-0.279578	-0.235181	-0.235957	-0.235678	-0.257755	-0.304694	-0.342855	-0.245623	-0.299182	-0.247589	-0.297208	-0.302976	-0.489143	-0.249466	-0.291554	-0.266198	-0.277251	-0.33728	-0.318624	-0.213973	-0.355104	-0.183374	-0.260198	-0.236559	-0.246215	-0.227767	-0.226364	-0.169254	-0.366931	-0.262264	-0.230964	-0.381216	-0.277268	-0.264	-0.241985	-0.342979	-0.264706	-0.23791	-0.24788	-0.219943	-0.279054	-0.282588	-0.247157	-0.247565	-0.352821	-0.274274	-0.262209	-0.324036	-0.519882	-0.372818	-0.20868	-0.208253	-0.261128	-0.247801	-0.328277	-0.235685	-0.0176962	-0.269579	-0.318292	-0.398462	-0.378701	-0.298078	-0.189472	-0.182105	-0.36543	-0.301075	-0.154615	-0.222798	-0.323328	-0.292276	-0.338065	-0.20017	-0.237995	-0.35376	-0.35786	-0.305153	-0.364978	-0.368186	-0.358579	-0.28512	-0.285636	-0.307446	-0.19033	-0.156485	-0.20131	-0.288206	-0.223831	-0.123343	-0.253992	-0.284125	-0.407413	-0.418182	-0.418205	-0.166688	-0.271627	-0.281875	-0.309137	-0.36013	-0.319174	-0.378265	-0.303491	-0.196313	-0.195617	-0.239592	-0.320446	-0.269655	-0.379921	-0.306946	-0.359603	-0.306877	-0.199453	-0.328806	-0.366972	-0.463659	-0.44021	-0.31519	-0.305026	-0.199583	-0.235319	-0.43264	-0.272604	-0.314195	-0.230734	-0.324008	-0.34863	-0.332584	-0.299216	-0.22286	-0.222421	-0.236482	-0.19504	-0.256758	-0.292918	-0.352495	-0.339468	-0.243332	-0.321895	-0.271371	-0.296301	-0.320433	-0.319506	-0.247863	-0.288513	-0.261594	-0.216831	-0.217244	-0.225963	-0.305291	-0.208644	-0.259564	-0.30833	-0.207965	-0.252266	-0.21846	-0.216708	-0.304371	-0.230184	-0.364897	-0.253833	-0.305012	-0.323043	-0.322869	-0.247956	-0.266553	-0.33092	-0.24415	-0.16828	-0.0970345	-0.44502	-0.0817062	-0.244864	-0.310244	-0.376887	-0.276859	-0.290863	-0.342915	-0.34676	-0.348963	-0.356577	-0.264059	-0.371265	-0.346735	-0.308367	-0.282716	-0.318863	-0.120509	-0.178136	-0.269384	-0.163356	-0.216237	-0.272402	-0.242319	-0.405867	-0.223085	-0.340044	-0.214822	-0.331534	-0.33452	-0.146001	-0.259758	-0.232732	-0.342596	-0.282015	-0.337097	-0.29801	-0.295313	-0.185571	-0.236607	-0.224687	-0.374535	-0.241808	-0.438811	-0.225131	-0.220138	-0.260194	-0.325545	-0.253828	-0.243292	-0.214084	-0.174468	-0.356183	-0.368711	-0.371026	-0.307742	-0.309329	-0.271143	-0.231029	-0.26607	-0.324625	-0.204164	-0.22108	-0.322343	-0.410607	-0.197259	-0.35272	-0.312849	-0.305097	-0.237566	-0.272991	-0.32677	-0.204854	-0.211083	-0.24751	-0.328416	-0.257693	-0.497997	-0.321009	-0.217413
1.537	-0.185778	-0.257595	-0.154632	-0.240803	-0.200132	-0.208407	-0.187665	-0.261495	-0.489464	-0.270768	-0.336408	-0.262265	-0.287195	-0.297813	-0.358314	-0.312037	-0.213454	-0.360049	-0.326442	-0.24778	-0.180303	-0.193225	-0.262447	-0.28528	-0.300058	-0.290418	-0.229685	-0.0992073	-0.129577	-0.093331	-0.128401	-0.163426	-0.213274	-0.20961	-0.376986	-0.352516	-0.3201	-0.318918	-0.409146	-0.145952	-0.164569	-0.180734	-0.336382	-0.24692	-0.243606	-0.207636	-0.172086	-0.1683	-0.17513	-0.192573	-0.196296	-0.28503	-0.232872	-0.233019	-0.217723	-0.22504	-0.295696	-0.467196	-0.192301	-0.224327	-0.205926	-0.214779	-0.263975	-0.28819	-0.198956	-0.354471	-0.128213	-0.209388	-0.219394	-0.227065	-0.206741	-0.215604	-0.15588	-0.319689	-0.19694	-0.196442	-0.312892	-0.200945	-0.201949	-0.177947	-0.320574	-0.204593	-0.185018	-0.18662	-0.176132	-0.256017	-0.258218	-0.215183	-0.230789	-0.334127	-0.234376	-0.201208	-0.286724	-0.513059	-0.373178	-0.193916	-0.193275	-0.260033	-0.246198	-0.258393	-0.21516	0.0408944	-0.199336	-0.257723	-0.376511	-0.346656	-0.23156	-0.120287	-0.146326	-0.294859	-0.236796	-0.0888066	-0.201242	-0.209767	-0.204921	-0.340877	-0.141634	-0.177045	-0.335711	-0.297077	-0.230447	-0.363256	-0.361337	-0.29627	-0.213024	-0.212598	-0.233367	-0.156658	-0.110256	-0.152835	-0.248678	-0.181634	-0.0499718	-0.24639	-0.275929	-0.374501	-0.398661	-0.398697	-0.132939	-0.253979	-0.210185	-0.233861	-0.354573	-0.316	-0.330914	-0.288306	-0.234405	-0.233929	-0.207442	-0.277209	-0.218668	-0.385922	-0.329685	-0.348247	-0.292075	-0.239219	-0.301607	-0.308437	-0.424401	-0.399717	-0.261726	-0.253827	-0.15475	-0.197575	-0.382259	-0.256199	-0.26429	-0.215199	-0.307243	-0.308288	-0.288631	-0.246899	-0.162343	-0.147767	-0.169657	-0.164889	-0.238279	-0.276943	-0.283297	-0.280056	-0.21769	-0.316074	-0.2537	-0.195042	-0.192719	-0.192527	-0.226594	-0.266941	-0.191715	-0.144034	-0.150128	-0.161482	-0.230604	-0.131872	-0.188984	-0.229206	-0.131057	-0.179548	-0.151473	-0.150399	-0.233092	-0.173922	-0.310721	-0.241334	-0.280866	-0.323486	-0.323331	-0.182291	-0.169972	-0.297931	-0.192474	-0.080829	-0.0398427	-0.399546	-0.026145	-0.229843	-0.248764	-0.401826	-0.223966	-0.232795	-0.335394	-0.270047	-0.338848	-0.27409	-0.248639	-0.360451	-0.330563	-0.308353	-0.208729	-0.297696	-0.0802671	-0.0898461	-0.194204	-0.147074	-0.196105	-0.23123	-0.194539	-0.399828	-0.187634	-0.286193	-0.201109	-0.269366	-0.272498	-0.102264	-0.224313	-0.185785	-0.272649	-0.235068	-0.323154	-0.233181	-0.226753	-0.167697	-0.167209	-0.21605	-0.30284	-0.232384	-0.398794	-0.213558	-0.189187	-0.252311	-0.326249	-0.188122	-0.195884	-0.163412	-0.130103	-0.286148	-0.338683	-0.34316	-0.232494	-0.235913	-0.254402	-0.206664	-0.228272	-0.258113	-0.184384	-0.208922	-0.313893	-0.353919	-0.122899	-0.278053	-0.238886	-0.230637	-0.189432	-0.198165	-0.265812	-0.159363	-0.167693	-0.241904	-0.284985	-0.179039	-0.451513	-0.320535	-0.19763
1.66	-0.162813	-0.220116	-0.110933	-0.219877	-0.174724	-0.190925	-0.133114	-0.220876	-0.4349	-0.173805	-0.295911	-0.160076	-0.245658	-0.185582	-0.335043	-0.269302	-0.198186	-0.29163	-0.277878	-0.193929	-0.0958314	-0.104822	-0.226918	-0.21028	-0.286395	-0.276672	-0.206654	-0.0546327	-0.10256	-0.0480549	-0.102898	-0.0791348	-0.19648	-0.196616	-0.366109	-0.33322	-0.310011	-0.308565	-0.301624	-0.0443983	-0.0718481	-0.0934288	-0.280545	-0.168909	-0.170138	-0.124143	-0.0998206	-0.0948808	-0.108412	-0.117571	-0.0836912	-0.194608	-0.206507	-0.141358	-0.175289	-0.126388	-0.280823	-0.415675	-0.12895	-0.142934	-0.138112	-0.145329	-0.164625	-0.232964	-0.177438	-0.340617	-0.0770573	-0.148435	-0.187332	-0.201907	-0.17609	-0.198979	-0.135105	-0.232469	-0.130342	-0.143168	-0.208229	-0.110822	-0.129074	-0.108551	-0.286286	-0.137982	-0.126569	-0.117309	-0.126583	-0.214996	-0.214483	-0.177235	-0.204361	-0.287623	-0.183274	-0.13991	-0.223207	-0.47061	-0.35138	-0.174029	-0.173396	-0.243384	-0.226296	-0.162938	-0.18319	0.0616262	-0.110041	-0.172122	-0.312994	-0.270806	-0.148996	-0.0638298	-0.109238	-0.189317	-0.145238	-0.0412007	-0.169137	-0.0849225	-0.106553	-0.306217	-0.0781161	-0.106233	-0.289878	-0.199299	-0.141398	-0.323641	-0.316169	-0.214483	-0.134114	-0.131473	-0.144492	-0.134275	-0.0800997	-0.128025	-0.18634	-0.133234	0.0201658	-0.214804	-0.258673	-0.313212	-0.357439	-0.357321	-0.0980524	-0.219748	-0.120924	-0.145102	-0.329309	-0.305408	-0.252937	-0.244761	-0.23229	-0.231868	-0.16143	-0.207905	-0.148004	-0.369014	-0.31738	-0.307026	-0.249832	-0.23842	-0.252449	-0.211753	-0.338032	-0.332765	-0.188099	-0.175549	-0.107412	-0.166374	-0.312493	-0.237519	-0.189151	-0.190641	-0.272504	-0.245485	-0.223329	-0.175084	-0.0899854	-0.0652268	-0.106632	-0.121064	-0.211627	-0.237617	-0.184383	-0.189221	-0.167825	-0.280583	-0.212929	-0.0772311	-0.0633086	-0.0626751	-0.200267	-0.220453	-0.111096	-0.0700462	-0.0797726	-0.089585	-0.141465	-0.059216	-0.109118	-0.137875	-0.0578506	-0.0958228	-0.0811584	-0.0807626	-0.148805	-0.109547	-0.240796	-0.223816	-0.240281	-0.311259	-0.311961	-0.11725	-0.0791573	-0.252652	-0.142571	-0.0247919	-0.00187898	-0.305794	0.016258	-0.205263	-0.164337	-0.397341	-0.164879	-0.162575	-0.312639	-0.162107	-0.308581	-0.179808	-0.214233	-0.322528	-0.295698	-0.297483	-0.114068	-0.256553	-0.043977	-0.0228012	-0.110114	-0.133242	-0.170766	-0.17791	-0.142044	-0.379965	-0.144039	-0.207937	-0.184688	-0.191105	-0.19334	-0.0615306	-0.193423	-0.130844	-0.172369	-0.180188	-0.288219	-0.160106	-0.151894	-0.141141	-0.0782139	-0.208089	-0.196617	-0.20811	-0.312124	-0.182372	-0.149939	-0.237216	-0.317679	-0.119371	-0.141053	-0.109663	-0.0841485	-0.18303	-0.281012	-0.288951	-0.137403	-0.142452	-0.221156	-0.176761	-0.168226	-0.17974	-0.160289	-0.196016	-0.294226	-0.257782	-0.0447544	-0.179255	-0.142182	-0.13245	-0.124204	-0.107105	-0.182477	-0.107093	-0.119404	-0.214944	-0.226179	-0.0906723	-0.360245	-0.310546	-0.169931
1.775	-0.138677	-0.177059	-0.0769722	-0.197902	-0.156227	-0.168408	-0.0827077	-0.172583	-0.341909	-0.0546779	-0.23723	-0.0487607	-0.188263	-0.0618543	-0.296391	-0.205011	-0.1835	-0.220911	-0.214464	-0.13992	-0.0190632	-0.021565	-0.186173	-0.141689	-0.261117	-0.256069	-0.173127	-0.0217395	-0.0844459	-0.0147585	-0.0686932	-0.00778387	-0.170946	-0.180789	-0.34941	-0.305461	-0.287325	-0.286324	-0.168152	0.0424633	0.0183957	0.00111301	-0.196037	-0.0892553	-0.0935905	-0.0406742	-0.0276404	-0.0290702	-0.0472851	-0.0488246	-0.0153375	-0.0923332	-0.175721	-0.0361204	-0.134665	-0.0216934	-0.260833	-0.327184	-0.0596406	-0.0436768	-0.0603136	-0.0638524	-0.0603109	-0.164261	-0.14883	-0.312567	-0.0343886	-0.0882601	-0.15033	-0.176146	-0.143103	-0.17534	-0.116006	-0.123387	-0.0733152	-0.0830873	-0.0886392	-0.0167224	-0.055079	-0.0439817	-0.248217	-0.0715453	-0.0706489	-0.0498535	-0.078111	-0.168769	-0.165129	-0.143214	-0.17011	-0.221257	-0.127331	-0.0886144	-0.15386	-0.385721	-0.314875	-0.153479	-0.153011	-0.221118	-0.198745	-0.0614812	-0.143762	0.0451123	-0.00734322	-0.0859483	-0.217075	-0.169428	-0.0746364	-0.0452782	-0.0791265	-0.0609089	-0.0362305	-0.0184402	-0.13101	-0.0072529	-0.0325126	-0.247635	-0.0242701	-0.04324	-0.22376	-0.084533	-0.0498144	-0.260178	-0.253718	-0.127431	-0.0530713	-0.0463397	-0.0509051	-0.121811	-0.0670234	-0.11937	-0.103056	-0.085741	0.075306	-0.168204	-0.233655	-0.23035	-0.293079	-0.292802	-0.0758296	-0.180895	-0.0269694	-0.0577751	-0.291129	-0.286329	-0.146801	-0.185987	-0.206432	-0.2062	-0.121968	-0.119838	-0.0677842	-0.333731	-0.279497	-0.245756	-0.190722	-0.210251	-0.190252	-0.0752195	-0.184126	-0.246281	-0.0968762	-0.0784049	-0.0691414	-0.137775	-0.230709	-0.213441	-0.095564	-0.160303	-0.236579	-0.177173	-0.159668	-0.0893243	-0.0219004	-0.00199286	-0.0672822	-0.079722	-0.182116	-0.184444	-0.0652585	-0.086853	-0.0959048	-0.223529	-0.16115	0.0120848	0.00756473	0.00905077	-0.175092	-0.162253	-0.0320293	-0.00855385	-0.0171885	-0.017617	-0.0497006	0.00162846	-0.0323392	-0.0489472	0.00333247	-0.00985361	-0.0171948	-0.0145526	-0.0596406	-0.0477947	-0.175357	-0.199945	-0.192365	-0.286079	-0.287366	-0.0725632	-0.0198169	-0.200651	-0.100176	-0.00822957	0.0184576	-0.156494	0.039954	-0.175822	-0.0803705	-0.376354	-0.112823	-0.0849268	-0.27997	-0.0473699	-0.265766	-0.109291	-0.169459	-0.268345	-0.251478	-0.275491	-0.0141011	-0.20351	-0.0191512	0.0149286	-0.0381081	-0.122083	-0.149926	-0.133488	-0.103695	-0.346265	-0.113774	-0.115983	-0.164851	-0.121025	-0.119632	-0.0303559	-0.169449	-0.072558	-0.0616371	-0.138986	-0.252251	-0.098015	-0.0929	-0.110488	0.0245434	-0.199513	-0.0686395	-0.174425	-0.162192	-0.14556	-0.117374	-0.215222	-0.297408	-0.0571733	-0.0868299	-0.0610115	-0.0434036	-0.0698366	-0.199388	-0.210122	-0.0405648	-0.0476227	-0.18737	-0.14352	-0.0959854	-0.112634	-0.140673	-0.180021	-0.26429	-0.135021	0.0112251	-0.0867884	-0.0381468	-0.0274242	-0.0535605	-0.033843	-0.0857818	-0.0650998	-0.0750736	-0.174233	-0.165188	-0.0155937	-0.206955	-0.288056	-0.144397
1.882	-0.119672	-0.142368	-0.0555167	-0.175525	-0.142922	-0.140199	-0.0457037	-0.126725	-0.20116	0.0552827	-0.171169	0.0516787	-0.133113	0.0516474	-0.244605	-0.129886	-0.175884	-0.161664	-0.151044	-0.092423	0.0298294	0.0298034	-0.144769	-0.0889632	-0.224854	-0.225206	-0.143873	-0.00401361	-0.0707099	0.00477933	-0.0261759	0.046921	-0.136653	-0.158207	-0.32248	-0.267411	-0.247975	-0.246895	-0.0525515	0.0901642	0.0818158	0.0892949	-0.0936603	-0.0184585	-0.0186915	0.0337826	0.0378064	0.0271538	0.00226823	0.0062184	-0.00140076	0.00489709	-0.141998	0.0724491	-0.10716	0.0693383	-0.231587	-0.197564	0.0047341	0.0522466	0.0159094	0.0178631	0.0355801	-0.102623	-0.121977	-0.26985	-0.00499448	-0.0386583	-0.118677	-0.154359	-0.112933	-0.144612	-0.0997695	-0.0167684	-0.0268052	-0.0353428	0.0201053	0.0684822	0.0140167	0.0135811	-0.211549	-0.014324	-0.0249581	0.00692308	-0.0395168	-0.125772	-0.119897	-0.109837	-0.128969	-0.144916	-0.072419	-0.0477042	-0.104484	-0.266387	-0.268313	-0.134143	-0.133604	-0.188716	-0.161769	0.0306378	-0.107136	0.0142548	0.0846667	-0.0219458	-0.123708	-0.0774665	-0.0233606	-0.0556239	-0.057564	0.077088	0.0781612	-0.00976361	-0.0977153	0.00387204	-0.00400884	-0.188357	0.00971938	0.0043287	-0.147499	0.0240625	0.0357519	-0.189878	-0.193434	-0.0475404	0.0275389	0.0350519	0.0341067	-0.109276	-0.0635623	-0.109655	-0.00937901	-0.0432114	0.102432	-0.122586	-0.199872	-0.141808	-0.211647	-0.21123	-0.0788701	-0.148029	0.0559473	0.0182865	-0.24273	-0.254363	-0.0172576	-0.132284	-0.187641	-0.18775	-0.0973266	-0.0228849	0.00808105	-0.285734	-0.226592	-0.17479	-0.134999	-0.184726	-0.129988	0.0732622	0.0279405	-0.145882	0.000314352	0.0168291	-0.0487247	-0.109656	-0.144546	-0.180952	0.00505895	-0.130853	-0.213111	-0.120895	-0.115178	0.000224785	0.0329543	0.0323375	-0.0529058	-0.0598629	-0.153227	-0.134389	0.0528153	0.00801395	-0.0171637	-0.15734	-0.112238	0.0488246	0.0182125	0.0196631	-0.150371	-0.110698	0.0371597	0.0352694	0.0286764	0.0434162	0.0363333	0.0492993	0.0351133	0.0273565	0.0511175	0.0665766	0.0325784	0.0407971	0.0283721	-0.00406978	-0.123045	-0.168615	-0.145692	-0.247177	-0.248114	-0.0533955	0.000391333	-0.147798	-0.0583382	-0.0125463	0.0276007	0.0286137	0.0470774	-0.145861	-0.0205659	-0.346193	-0.0683145	-0.00556028	-0.240089	0.0562346	-0.217213	-0.073425	-0.123625	-0.210049	-0.2021	-0.241917	0.07511	-0.139943	-0.00951541	0.0401854	0.00737105	-0.110867	-0.132081	-0.099534	-0.0839634	-0.29585	-0.104156	-0.0201562	-0.140813	-0.075007	-0.0704469	-0.015879	-0.139961	-0.016016	0.0443789	-0.116545	-0.21688	-0.0502952	-0.0499674	-0.07834	0.130119	-0.185931	0.0696083	-0.135661	0.0362403	-0.118317	-0.104699	-0.188493	-0.260963	-0.0121998	-0.0433515	-0.0247404	-0.0121369	0.0315386	-0.110776	-0.120004	0.0464682	0.0388545	-0.158199	-0.104887	-0.0310519	-0.0693216	-0.129328	-0.157167	-0.22535	-0.019276	0.0326231	-0.0259821	0.0562276	0.0646002	0.0110581	0.00582467	0.0207425	-0.0454836	-0.0460161	-0.130908	-0.113409	0.0295005	0.004585	-0.246943	-0.126729
1.9	-0.117236	-0.138102	-0.0530185	-0.171637	-0.141021	-0.134518	-0.0410287	-0.11918	-0.169138	0.0719655	-0.159512	0.0670228	-0.124443	0.0700066	-0.234267	-0.115913	-0.174903	-0.151518	-0.141102	-0.0848954	0.0346993	0.0342809	-0.137468	-0.0815056	-0.217307	-0.218353	-0.140058	-0.00244635	-0.068541	0.00675044	-0.0178777	0.0547691	-0.129821	-0.153532	-0.316117	-0.259578	-0.239089	-0.237816	-0.0356145	0.0936092	0.0887087	0.103876	-0.0736772	-0.00732627	-0.00595896	0.0453833	0.0485654	0.0365006	0.00963569	0.0146358	-0.00396954	0.0214686	-0.135543	0.0922263	-0.104683	0.0835491	-0.225207	-0.168576	0.0147715	0.0669655	0.0281031	0.0310286	0.0514224	-0.0937082	-0.118416	-0.260829	-0.00161024	-0.0313208	-0.114086	-0.15113	-0.108079	-0.138612	-0.0970329	0.00155268	-0.0195228	-0.0291126	0.0374844	0.08158	0.0255415	0.0231689	-0.20533	-0.00576181	-0.0182522	0.0159072	-0.0342395	-0.118556	-0.112388	-0.103248	-0.120752	-0.130422	-0.063078	-0.0411183	-0.0990712	-0.241988	-0.259159	-0.130919	-0.130353	-0.181372	-0.153679	0.0456601	-0.10158	0.00909931	0.0982578	-0.0137162	-0.109298	-0.0635363	-0.0170488	-0.0595902	-0.0546326	0.10265	0.098721	-0.00908901	-0.0934768	-0.000324797	-0.00454909	-0.179064	0.0130631	0.0108291	-0.133025	0.0420811	0.0496037	-0.177298	-0.183797	-0.034373	0.0414586	0.0480932	0.0472611	-0.10686	-0.0637861	-0.107311	0.00775882	-0.0363703	0.103488	-0.115686	-0.192817	-0.126587	-0.195978	-0.195541	-0.0825478	-0.143459	0.0685571	0.0303023	-0.233019	-0.247113	0.00879656	-0.124094	-0.186773	-0.186932	-0.0941426	-0.0045966	0.0205531	-0.276042	-0.215902	-0.161313	-0.126473	-0.18251	-0.120137	0.0981008	0.0710681	-0.126324	0.0180531	0.0325397	-0.0472742	-0.104795	-0.129614	-0.174751	0.0231954	-0.126292	-0.210522	-0.112555	-0.108978	0.016203	0.0412547	0.03575	-0.0527022	-0.0593684	-0.148356	-0.12655	0.0726404	0.0237035	-0.00334406	-0.145189	-0.104485	0.0498168	0.0151591	0.0166324	-0.145816	-0.102969	0.0486172	0.0411073	0.0348356	0.0524232	0.0503824	0.0562637	0.0462142	0.0388307	0.058077	0.0786006	0.0397016	0.0489872	0.0434907	0.000867855	-0.115146	-0.162262	-0.137951	-0.23887	-0.239595	-0.0526616	0.000544626	-0.138671	-0.0503143	-0.0149492	0.0280724	0.0640739	0.046552	-0.140671	-0.0139578	-0.340003	-0.060956	0.00842281	-0.232207	0.0732261	-0.20808	-0.0708341	-0.115783	-0.200109	-0.192715	-0.234858	0.0889363	-0.128354	-0.00938935	0.0442553	0.0119646	-0.108678	-0.128881	-0.094007	-0.0821985	-0.285059	-0.104459	-0.0029154	-0.136231	-0.0704012	-0.0649625	-0.0156083	-0.133426	-0.00635761	0.0623019	-0.114639	-0.209945	-0.043078	-0.0435873	-0.072482	0.149215	-0.182857	0.095417	-0.128396	0.0753873	-0.115515	-0.105189	-0.183546	-0.252562	-0.00694444	-0.0373676	-0.0199564	-0.00773551	0.0477275	-0.0954196	-0.103717	0.0604054	0.0531144	-0.153527	-0.0973803	-0.021487	-0.0648224	-0.128361	-0.152441	-0.21776	-0.00178228	0.0327083	-0.0192531	0.0710932	0.0784744	0.0212798	0.00922263	0.0411473	-0.0446155	-0.0431061	-0.123798	-0.105699	0.0338409	0.0484272	-0.237387	-0.124612
2.0	-0.104894	-0.127946	-0.0416499	-0.148097	-0.131653	-0.103648	-0.0246619	-0.0803753	0.0221084	0.135535	-0.105259	0.119803	-0.0835894	0.140252	-0.176421	-0.0490267	-0.164243	-0.103547	-0.0961169	-0.0479006	0.0432066	0.0399192	-0.097731	-0.0449174	-0.170134	-0.172356	-0.128764	0.00321351	-0.055106	0.0165577	0.0250583	0.0866215	-0.094495	-0.127743	-0.265882	-0.204307	-0.179045	-0.176246	0.0423753	0.0900193	0.100072	0.162585	0.0301257	0.0366658	0.0434872	0.086116	0.0968136	0.0823358	0.042891	0.0579403	-0.0164127	0.0966113	-0.0993268	0.180084	-0.100414	0.141395	-0.181047	0.00583883	0.0548599	0.11547	0.075773	0.081252	0.111803	-0.0544145	-0.107914	-0.202672	0.00704489	0.00352731	-0.0886162	-0.128207	-0.0855379	-0.105551	-0.0788722	0.0854592	0.0142957	-0.00624808	0.109228	0.123504	0.0768006	0.0689243	-0.174548	0.0229116	0.00962082	0.0581278	-0.0153556	-0.0802493	-0.0739759	-0.061652	-0.0780859	-0.0593235	-0.0251574	-0.00433327	-0.0809237	-0.106617	-0.20388	-0.114003	-0.113308	-0.134283	-0.104024	0.110005	-0.0782905	-0.00259394	0.143638	0.0158874	-0.0494434	-0.00322585	0.00784201	-0.0765115	-0.0422666	0.213696	0.1861	-0.00124651	-0.0837048	-0.0207794	-0.0187304	-0.145942	0.0175338	0.0339478	-0.0618122	0.120636	0.103459	-0.106329	-0.123474	0.02829	0.097966	0.0957477	0.0959172	-0.0922323	-0.0644998	-0.090936	0.0822859	-0.00621203	0.0926693	-0.0955498	-0.147808	-0.0531573	-0.112945	-0.112459	-0.100895	-0.130358	0.114907	0.0762204	-0.173888	-0.195795	0.138748	-0.0857444	-0.189222	-0.189554	-0.0760758	0.0900458	0.0786281	-0.217708	-0.153525	-0.0876316	-0.0854311	-0.181612	-0.0711162	0.180015	0.243194	-0.0174517	0.0984807	0.0961924	-0.0415209	-0.0791542	-0.0515161	-0.13984	0.0962236	-0.104612	-0.195534	-0.0752627	-0.0796695	0.0792134	0.0735956	0.0446032	-0.0533488	-0.0627781	-0.122259	-0.0870942	0.149687	0.0922396	0.0526441	-0.0816933	-0.0688738	0.0432087	0.0039216	0.00495188	-0.116949	-0.0646722	0.097329	0.0646381	0.0594876	0.0828295	0.104283	0.0830224	0.0936566	0.0829173	0.0843999	0.118962	0.0669807	0.076162	0.10498	0.0121974	-0.0755917	-0.127333	-0.0970068	-0.184971	-0.1839	-0.0525575	-0.00679892	-0.0967732	-0.00354382	-0.0267291	0.0274571	0.216208	0.0401091	-0.112187	-0.000180604	-0.295508	-0.0199619	0.0837452	-0.184438	0.142302	-0.159065	-0.0624133	-0.0759961	-0.14808	-0.139924	-0.188839	0.136277	-0.0776215	-0.0071199	0.0638397	0.0239284	-0.0962811	-0.103608	-0.0617159	-0.0729584	-0.216901	-0.105028	0.0774548	-0.113605	-0.0567601	-0.0491648	-0.0153125	-0.0917238	0.0378161	0.136414	-0.105675	-0.158347	-0.00515006	-0.00923961	-0.0365825	0.242286	-0.159808	0.212193	-0.0913869	0.228566	-0.11257	-0.112106	-0.153196	-0.194317	0.0111961	-0.0169194	-0.00207085	0.00980624	0.111674	-0.0302871	-0.0334685	0.112129	0.108057	-0.125021	-0.0592877	0.00479162	-0.0478062	-0.124422	-0.126596	-0.170935	0.0704484	0.0236298	0.000749787	0.12864	0.127868	0.0612691	0.0180448	0.140516	-0.0428055	-0.0338231	-0.103319	-0.0681105	0.0454949	0.234916	-0.171606	-0.114667
2.1	-0.0896256	-0.128966	-0.033407	-0.119847	-0.122239	-0.0758313	-0.0213432	-0.0454758	0.190054	0.151975	-0.0670886	0.122292	-0.0509347	0.157388	-0.118486	-0.000217007	-0.143971	-0.061667	-0.0587572	-0.0175535	0.0285252	0.0234236	-0.0585949	-0.0193659	-0.113811	-0.113441	-0.12602	0.00450956	-0.0395868	0.0278263	0.0598514	0.0951021	-0.063368	-0.101598	-0.188023	-0.124809	-0.101413	-0.0969938	0.0943354	0.055717	0.0726565	0.176358	0.111258	0.049057	0.0542767	0.0894993	0.122704	0.114316	0.0655772	0.0923453	-0.0231164	0.138775	-0.0641196	0.214151	-0.104051	0.156472	-0.121375	0.161839	0.0699385	0.114557	0.0945183	0.0978685	0.11883	-0.0219568	-0.103403	-0.129206	0.00418827	0.0300495	-0.0584309	-0.091533	-0.0667344	-0.0702797	-0.0558703	0.130514	0.0331731	0.0037692	0.137873	0.113149	0.106841	0.100706	-0.147353	0.0208909	0.0217571	0.0899013	-0.00837602	-0.045034	-0.0408014	-0.018474	-0.0441181	-0.0117275	-0.0134421	0.0277092	-0.0709588	0.0348866	-0.141379	-0.0967553	-0.0956626	-0.075873	-0.0458948	0.133286	-0.0623371	0.00504517	0.141404	0.0237448	-0.0145023	0.0349108	0.0173676	-0.084762	-0.0349608	0.252297	0.214398	0.0137425	-0.0837763	-0.0305116	-0.0385277	-0.135047	0.00431978	0.0365222	-0.0137921	0.161142	0.116578	-0.0276175	-0.0444299	0.0736397	0.111118	0.102149	0.10527	-0.0749254	-0.0609299	-0.0691641	0.113675	0.0100604	0.060838	-0.0980808	-0.0952471	0.00752526	-0.0366832	-0.0362874	-0.107056	-0.125526	0.1184	0.0831834	-0.108557	-0.123757	0.218565	-0.054655	-0.190715	-0.191033	-0.0562149	0.161202	0.113118	-0.149213	-0.0932284	-0.017215	-0.0506436	-0.184027	-0.0260737	0.174412	0.27833	0.0926283	0.136981	0.117554	-0.0366925	-0.054435	0.0223972	-0.102502	0.115835	-0.0836903	-0.173661	-0.0532735	-0.0579114	0.0916646	0.0782004	0.0352045	-0.0565229	-0.0657602	-0.0960131	-0.0510459	0.165905	0.126261	0.0732314	-0.0212458	-0.0425459	0.0225594	0.000829789	0.00152277	-0.0826429	-0.032676	0.114677	0.067418	0.0646909	0.0777007	0.1166	0.0876444	0.110096	0.095217	0.087924	0.111046	0.0703412	0.0700151	0.122626	0.00209802	-0.0452339	-0.0931515	-0.0534857	-0.116206	-0.113527	-0.055583	-0.0214073	-0.0687403	0.039928	-0.0316652	0.0273953	0.273165	0.0330498	-0.082699	-0.0143786	-0.228307	0.0221373	0.159527	-0.128811	0.162063	-0.109075	-0.0554018	-0.0407022	-0.0938874	-0.086372	-0.131813	0.133214	-0.0479605	-0.000158384	0.0739186	0.0234683	-0.0833586	-0.0668216	-0.0323574	-0.0627313	-0.134334	-0.101547	0.125966	-0.093626	-0.0567804	-0.0477524	-0.00962356	-0.0461274	0.0662324	0.161753	-0.0965997	-0.090846	0.0282646	0.020308	0.0064145	0.305087	-0.125583	0.260162	-0.0579632	0.255119	-0.124193	-0.117944	-0.115814	-0.116056	0.0168486	-0.0132517	0.00469176	0.0167048	0.127844	0.00303339	0.0035205	0.115264	0.116037	-0.0919894	-0.0299227	-0.00997996	-0.0377899	-0.119115	-0.100711	-0.114846	0.115578	0.0022754	0.00206251	0.141602	0.132821	0.073931	0.0147406	0.201371	-0.0425931	-0.0300312	-0.107527	-0.0342589	0.0409198	0.288097	-0.0848208	-0.104926
2.2	-0.065069	-0.119034	-0.0271906	-0.0850957	-0.105782	-0.0528737	-0.0228021	-0.015041	0.23616	0.122824	-0.03933	0.0830447	-0.0238966	0.122067	-0.0681427	0.0258537	-0.11557	-0.0263539	-0.0164842	0.00807867	0.0108611	0.0062045	-0.0205853	-0.0110206	-0.0534087	-0.0487758	-0.116644	0.00597545	-0.0212518	0.0442901	0.0827091	0.0722205	-0.0356763	-0.0718656	-0.0841317	-0.0217503	-0.0162715	-0.01144	0.101906	0.0165552	0.0309054	0.139459	0.136841	0.0228196	0.0248901	0.0617106	0.109923	0.112963	0.0726885	0.0955282	-0.0164543	0.130171	-0.0290665	0.174295	-0.0995384	0.115615	-0.0508843	0.20401	0.0557864	0.0729048	0.0843346	0.0851472	0.0754286	0.0163285	-0.0887193	-0.0472503	0.0078517	0.0464205	-0.0217689	-0.0368126	-0.047665	-0.0292536	-0.0301722	0.120816	0.0346597	0.0120176	0.118249	0.057702	0.106751	0.106692	-0.117474	0.0040136	0.022297	0.106327	-0.00204858	-0.0153525	-0.0147597	0.0113432	-0.0274648	-0.00504518	-0.024229	0.0462081	-0.0521761	0.151368	-0.0749288	-0.0762835	-0.0748313	-0.00751864	0.0175907	0.106315	-0.0450992	0.0168256	0.100665	0.0195025	0.00147415	0.0460859	0.0170659	-0.0774932	-0.0265419	0.20006	0.169713	0.037437	-0.0772306	-0.0198693	-0.0405484	-0.130867	-0.00815253	0.031003	-0.00598563	0.146901	0.0789454	0.0383437	0.0335641	0.0847231	0.0679737	0.0646273	0.0734606	-0.0494493	-0.0453404	-0.0378188	0.0902327	0.0135839	0.0260674	-0.102273	-0.0439334	0.0602642	0.0283588	0.0284637	-0.0916096	-0.110341	0.0852539	0.0566562	-0.047311	-0.0357953	0.195482	-0.0280958	-0.181654	-0.181958	-0.0328482	0.17882	0.1159	-0.0756131	-0.0541182	0.0412567	-0.0205033	-0.176208	0.0159603	0.097303	0.182005	0.193298	0.115994	0.0907022	-0.0315261	-0.0256848	0.0836473	-0.0605394	0.0834983	-0.0575874	-0.139491	-0.0488489	-0.049483	0.0549057	0.0586716	0.0169541	-0.0582231	-0.0553791	-0.0670071	-0.018492	0.127985	0.109835	0.0571958	0.0347026	-0.0211287	0.00671818	0.0058118	0.00622017	-0.0441555	-0.00574856	0.0876481	0.0352076	0.0380578	0.0332877	0.0782003	0.0610938	0.0830612	0.071723	0.0598502	0.0595757	0.0394883	0.0287927	0.0825817	-0.0142938	-0.0268235	-0.0589003	-0.00562878	-0.0367592	-0.0343239	-0.051464	-0.0275753	-0.0498162	0.0689449	-0.0199906	0.0414272	0.222353	0.0377358	-0.0511842	-0.0342206	-0.139224	0.0653735	0.238548	-0.0706592	0.126049	-0.0582479	-0.0371076	-0.00511327	-0.0339337	-0.0386884	-0.0711956	0.0848927	-0.0295221	0.0154463	0.0743474	0.0329657	-0.0666063	-0.0216449	-0.0151587	-0.0443641	-0.0472069	-0.0889951	0.132045	-0.0711007	-0.0516495	-0.0440121	0.0106799	-0.00630989	0.0813752	0.132825	-0.0785427	-0.0254683	0.0511143	0.0456479	0.0485963	0.309534	-0.0804007	0.213437	-0.0270229	0.162991	-0.128187	-0.108727	-0.0707568	-0.0278763	0.0239998	-0.0157333	0.00700335	0.0160057	0.0953615	0.0150709	0.015354	0.0741455	0.0776209	-0.0530445	-0.0118126	-0.0482046	-0.0287802	-0.105188	-0.0715397	-0.0532301	0.146033	-0.0187029	-0.00477471	0.107577	0.0969776	0.0641934	0.0125827	0.200027	-0.0371852	-0.0237534	-0.112049	0.00300008	0.0295935	0.202491	0.0101304	-0.0887968
2.3	-0.0322207	-0.0853721	-0.0232465	-0.0421822	-0.0752472	-0.0294954	-0.0176971	0.0124271	0.16997	0.0718451	-0.00809881	0.0264944	0.0033989	0.0578941	-0.0281524	0.0345055	-0.083716	-0.000854822	0.0364996	0.0332881	0.00747359	0.00502142	0.0172547	-0.0142042	0.0080629	0.0156752	-0.0882457	0.0108029	0.00383443	0.0604873	0.10256	0.0273687	-0.00688854	-0.0347644	0.0283763	0.0841191	0.0604409	0.0638042	0.0614616	-0.00342165	0.0020116	0.0783258	0.115804	-0.0292756	-0.028416	0.0133866	0.0548595	0.0657108	0.049661	0.0501293	0.00273539	0.0724278	0.00735479	0.0915864	-0.0769997	0.0394544	0.0226241	0.139426	0.0204382	0.0155778	0.0497689	0.0539283	0.0167308	0.0652276	-0.0591162	0.029951	0.0273523	0.046332	0.0153957	0.0279343	-0.0237974	0.0194869	-0.00751839	0.0724988	0.0283437	0.024539	0.0641218	-0.0149999	0.0696154	0.0735655	-0.077636	-0.00230121	0.0243293	0.110008	0.0120858	0.0112303	0.00902189	0.0262855	-0.0230663	-0.0261631	-0.0328991	0.0524744	-0.0186078	0.194518	-0.00420423	-0.0502393	-0.0488987	0.0622447	0.0755626	0.0499757	-0.0190392	0.0218044	0.0501286	0.0142011	0.0102195	0.0297523	0.0156132	-0.0538147	-0.0128165	0.103266	0.0855112	0.0625947	-0.0615848	0.00231588	-0.0195423	-0.11913	-0.00871012	0.0366462	-0.026156	0.0833021	0.0015195	0.0615622	0.071923	0.0493656	-0.00821184	-0.00193944	0.0124413	-0.0112359	-0.0168219	0.0030863	0.0305685	0.0136689	0.00239393	-0.0879238	0.00114988	0.108507	0.0841135	0.0839331	-0.063846	-0.0751037	0.044507	0.026602	0.00598799	0.052856	0.0973897	-0.000382603	-0.162732	-0.16302	-0.00487254	0.149112	0.0981625	-0.00428789	-0.0290736	0.0883713	0.00819688	-0.157796	0.048165	-0.00737543	0.0407103	0.277403	0.056167	0.0321662	-0.024894	0.00682891	0.108346	-0.0168865	0.0297401	-0.0230106	-0.101221	-0.0512873	-0.0490243	-0.00239682	0.0355017	0.00180731	-0.0549727	-0.0362847	-0.0327154	0.0119497	0.0835758	0.0519617	0.0143969	0.0846789	0.00265101	0.00290536	0.0155705	0.0159039	-0.00216654	0.0203421	0.0243172	-0.0218262	-0.0143141	-0.0312837	0.000717304	0.00707928	0.0224297	0.0173885	0.00508471	-0.00634791	-0.0161098	-0.0277451	0.00286739	-0.0220932	-0.0151286	-0.0215743	0.0379117	0.0429219	0.0434104	-0.0336558	-0.0133856	-0.0246163	0.0826511	0.00394126	0.0657463	0.116037	0.0571889	-0.0157293	-0.0391753	-0.0402194	0.104431	0.303341	-0.0149503	0.0583565	-0.00318454	-0.00801292	0.0313031	0.0313104	0.00222287	-0.0149192	0.0164437	0.00129367	0.0373511	0.0739124	0.0660201	-0.0400777	0.0289481	-0.00405263	-0.0157634	0.0294335	-0.067759	0.107314	-0.0410762	-0.0298247	-0.0306878	0.0400223	0.0277736	0.0931785	0.0711325	-0.0511457	0.0245712	0.058237	0.0621599	0.0725465	0.253168	-0.0307772	0.114651	0.0091152	0.0304468	-0.107554	-0.0819727	-0.0219364	0.0539084	0.0400661	-0.0110027	0.0125689	0.0130915	0.039334	0.0285739	0.0277529	0.0184947	0.0218074	-0.0102216	0.000964265	-0.0705486	-0.0193131	-0.079903	-0.0349756	0.00955994	0.159784	-0.031472	-0.013796	0.0467658	0.0398735	0.0488506	0.0195784	0.154924	-0.024308	-0.012944	-0.0939585	0.047821	0.0178314	0.0675824	0.0896674	-0.062357
2.4	0.00203861	-0.0365048	-0.0191181	0.00663555	-0.0294445	-0.000574953	0.00117387	0.0357178	0.0675068	0.0296241	0.0323712	-0.0190029	0.0381817	-0.00200378	0.00212119	0.0313562	-0.0541834	0.00884322	0.098979	0.059141	0.0191025	0.0205326	0.0550905	-0.0112929	0.0665527	0.0737221	-0.0432598	0.0173282	0.0365471	0.0713005	0.127181	-0.011789	0.0257173	0.00688647	0.118219	0.159272	0.114609	0.114645	0.00300172	3.49466e-05	-0.00521785	0.0236209	0.0876575	-0.0731414	-0.0744779	-0.0355368	-0.0102074	0.00259336	0.00472905	-0.0114918	0.0212593	-0.000542952	0.0397636	0.0149241	-0.0416828	-0.0291368	0.087857	0.0500156	-0.00747641	-0.0207567	0.0172236	0.027559	-0.0226387	0.120217	-0.0213121	0.0902416	0.0517071	0.0304321	0.0478801	0.0888102	0.00622191	0.0702223	0.0114628	0.0170017	0.0265641	0.0383847	0.00470853	-0.0692452	0.0157127	0.0203975	-0.0379083	0.00990213	0.0360924	0.11231	0.030696	0.0372244	0.0342387	0.0399789	-0.0148308	-0.0483215	-0.026277	0.0582725	0.0259424	0.160441	0.0683106	-0.0188806	-0.0174641	0.113264	0.108525	-0.00302841	0.0148278	0.0267644	0.0192816	0.0125235	0.0124147	0.00174251	0.0175811	-0.0184971	0.00558083	0.0200948	0.00864316	0.0746087	-0.0476253	0.0194637	0.0159963	-0.0992506	-6.00017e-05	0.0623553	-0.0476289	0.01089	-0.0724167	0.0663805	0.0825395	-0.00615961	-0.0714087	-0.0644897	-0.0482202	0.0334896	0.0149824	0.0423802	-0.0301586	0.0212389	-0.00317924	-0.0565739	0.0405734	0.139986	0.126015	0.125582	-0.0363665	-0.0293035	0.0179022	0.0164233	0.0547215	0.121607	0.00630208	0.0350691	-0.135939	-0.136232	0.0261547	0.101651	0.0721903	0.0668672	-0.00339639	0.126539	0.0405873	-0.132141	0.0589246	-0.0927816	-0.0772298	0.336987	-0.0080215	-0.0254907	-0.0104382	0.0400972	0.089291	0.0228952	-0.0171026	0.01842	-0.0670342	-0.0444	-0.0434995	-0.0451815	0.0221999	-0.00570866	-0.0438947	-0.0194981	0.007683	0.0439731	0.0688707	-0.0111872	-0.0349142	0.125407	0.0340609	0.011875	0.0281334	0.028307	0.0402627	0.0505743	-0.0401421	-0.0670623	-0.0582384	-0.080414	-0.0729535	-0.0459842	-0.0372257	-0.0413308	-0.0475848	-0.0537386	-0.0618026	-0.068141	-0.0698745	-0.015963	0.00400197	0.017355	0.0665163	0.108402	0.107307	-0.00450314	0.0190728	0.0116735	0.0859343	0.0303768	0.0804189	0.00964804	0.0825669	0.0245155	-0.0284766	0.0562457	0.128024	0.323753	0.0379896	-0.00452537	0.0573953	0.022487	0.0612164	0.0983953	0.0365439	0.034327	-0.043326	0.0509571	0.0570662	0.0815439	0.113163	-0.00549608	0.080312	0.0139727	0.0181986	0.0838394	-0.039695	0.0728732	-0.00673074	0.00535689	-0.00932463	0.0638281	0.0631484	0.105685	0.0111912	-0.0195951	0.0630095	0.0582731	0.0649615	0.0713354	0.164881	0.0122797	0.024949	0.0563162	-0.0817391	-0.0672187	-0.0459605	0.0237506	0.115542	0.0616742	0.00798874	0.0240675	0.0140505	-0.00980964	0.0530696	0.0526976	-0.0230702	-0.0217242	0.0294222	0.0158669	-0.0575474	-0.00751243	-0.0468273	0.00658003	0.0691624	0.151339	-0.0345224	-0.0181157	-0.00948816	-0.0112282	0.0393698	0.029466	0.101568	-0.011817	0.00316498	-0.0566669	0.0951786	0.0101873	-0.0474285	0.133438	-0.0272616
2.5	0.0304678	0.0123087	-0.0103328	0.0529078	0.0172454	0.0317853	0.0316154	0.0475715	-0.0228851	0.0157516	0.0723092	-0.0266461	0.0802907	-0.0272164	0.0219073	0.0186458	-0.0337622	0.00726742	0.157078	0.0819427	0.0380384	0.0426174	0.0889606	0.00630293	0.11365	0.11434	-6.07652e-05	0.0268609	0.0647374	0.0804291	0.149036	-0.0245429	0.0624916	0.0462138	0.164797	0.189111	0.143068	0.139804	-0.0456176	0.0162697	0.0043675	-0.0116672	0.0698582	-0.0857867	-0.0889873	-0.0602473	-0.0507087	-0.0383469	-0.0281266	-0.0448033	0.0413716	-0.0472377	0.063189	-0.0255055	-0.00449034	-0.0577661	0.132501	-0.0171643	-0.00273382	-0.014416	0.0157244	0.0290024	-0.0235998	0.165906	0.0188718	0.130037	0.0748447	0.0167602	0.0748646	0.133749	0.0379191	0.11233	0.0307368	-0.0154987	0.033983	0.049503	-0.0275323	-0.081973	-0.0219054	-0.0180225	-0.0134015	0.0406894	0.0551136	0.115988	0.0492801	0.0521745	0.051829	0.0616375	0.00828298	-0.0569549	-0.0114589	0.0735635	0.0749484	0.0908574	0.129304	0.0150665	0.0163841	0.136373	0.114037	-0.0287327	0.0465975	0.0400076	0.0214943	0.0124529	0.00454996	-0.020773	0.0215254	0.0150854	0.0268986	-0.019503	-0.0325547	0.0660469	-0.0367263	0.0381995	0.0537935	-0.0728062	0.0199725	0.106428	-0.0564032	-0.0279214	-0.106312	0.0901637	0.1022	-0.0377632	-0.0924175	-0.0948223	-0.0828519	0.0682905	0.0345789	0.0606957	-0.0600415	0.0394378	0.00966256	-0.0230013	0.0762662	0.133825	0.140877	0.140415	-0.0103153	0.014235	0.0147816	0.0319245	0.0984334	0.158798	-0.0318471	0.0778757	-0.104459	-0.104788	0.0530152	0.0595281	0.0453775	0.138056	0.0283842	0.14755	0.0764753	-0.103166	0.0431341	-0.129717	-0.13577	0.351825	-0.0469132	-0.0536665	0.0121673	0.0744607	0.0564697	0.0558096	-0.0354646	0.0584181	-0.0355299	-0.0239761	-0.0323632	-0.0501322	0.0215177	-0.0032947	-0.0223624	-0.000520263	0.0499781	0.078008	0.0868657	-0.0429025	-0.0617917	0.152328	0.0719292	0.0333846	0.046382	0.0465113	0.0765887	0.0840731	-0.0709946	-0.0793261	-0.0696377	-0.0925698	-0.106572	-0.0684279	-0.0638929	-0.0762032	-0.0689997	-0.0645587	-0.0742793	-0.0751847	-0.102465	0.00135372	0.0355401	0.0536347	0.077186	0.146923	0.146617	0.0261747	0.0579518	0.0465429	0.084933	0.0517398	0.0818668	-0.0604676	0.103103	0.0654923	-0.013267	0.145722	0.123766	0.307103	0.0842698	-0.031582	0.113624	0.0422273	0.0817659	0.154443	0.0691903	0.0763968	-0.0708155	0.0923637	0.0694376	0.0969755	0.157509	0.0290244	0.119927	0.0421932	0.0526754	0.115728	-0.00559843	0.043059	0.0271728	0.0327039	0.0139126	0.0747861	0.0996723	0.117928	-0.0172786	0.0121429	0.096366	0.0682221	0.069811	0.0573626	0.0754299	0.0413021	-0.0213906	0.108663	-0.139312	-0.0207507	-0.00729269	0.061014	0.14994	0.0764638	0.0363221	0.0408327	0.0231985	-0.0288874	0.0806573	0.0819027	-0.0317557	-0.0333875	0.0598041	0.0354304	-0.0249848	0.00516462	-0.01364	0.0461171	0.118401	0.120593	-0.0248263	-0.00931193	-0.0363029	-0.0330971	0.0348981	0.034673	0.0583755	-0.00582429	0.0240607	-0.0178494	0.129891	0.0119215	-0.107975	0.144469	0.00917552
2.6	0.0461497	0.0454136	0.00451585	0.0881282	0.0454165	0.0597985	0.0595947	0.0504767	-0.079279	0.0356338	0.0925481	0.0149103	0.120088	-0.00515069	0.0298563	-0.00307074	-0.0265277	0.0119638	0.187357	0.0955427	0.0615763	0.0662201	0.113362	0.0312047	0.143381	0.133532	0.0313159	0.0434113	0.0731888	0.092004	0.157718	-0.00484334	0.10063	0.0786959	0.176527	0.184654	0.153449	0.148697	-0.0681254	0.0300693	0.019369	-0.0273028	0.0553155	-0.0630699	-0.0649392	-0.0456379	-0.0570603	-0.047155	-0.0276089	-0.0341582	0.0624868	-0.0477299	0.0809211	-0.0289217	0.0277732	-0.0359094	0.153025	-0.0550217	0.0394426	0.0311634	0.0516059	0.062838	0.0159114	0.188024	0.0564913	0.153503	0.0972169	0.0208377	0.0958015	0.153022	0.0615211	0.136321	0.0508521	-0.00896276	0.0500059	0.056208	-0.016875	-0.0492127	-0.0271864	-0.0271145	0.00183236	0.0784703	0.0778462	0.114976	0.0680533	0.0520763	0.057735	0.0856863	0.0439366	-0.0495135	0.00483769	0.100403	0.118156	0.0270414	0.1664	0.0449838	0.0449634	0.136998	0.106747	-0.018733	0.0647991	0.0584116	0.0543256	0.0187616	-0.00310012	-0.0291645	0.0289394	0.0324866	0.0464363	-0.0215343	-0.0376595	0.0399787	-0.0181446	0.0588638	0.0869075	-0.0336741	0.0500792	0.160465	-0.0496384	-0.0186368	-0.0899451	0.127977	0.133864	-0.0308048	-0.0673933	-0.0787204	-0.0762897	0.0745301	0.0338332	0.0494817	-0.0483507	0.0606231	0.0331916	0.00597638	0.107496	0.0876805	0.120381	0.120033	0.0164765	0.0446251	0.0351985	0.0668274	0.133209	0.169213	-0.021785	0.118676	-0.0726323	-0.0730679	0.0682815	0.0278602	0.019464	0.19092	0.0621395	0.140776	0.108882	-0.0743536	0.00491761	-0.109765	-0.126569	0.318959	-0.0439917	-0.0448833	0.0360323	0.107653	0.0424604	0.0835809	-0.01447	0.0820863	-0.00880598	0.00360168	-0.0190207	-0.0192989	0.0294589	0.00578364	0.00815937	0.0261457	0.0868041	0.107472	0.121645	-0.0290117	-0.0519757	0.161718	0.107741	0.0617046	0.0671092	0.0672377	0.101414	0.113958	-0.0575858	-0.0574545	-0.0439594	-0.0647976	-0.089859	-0.0448845	-0.0484144	-0.0708883	-0.0445007	-0.0346627	-0.0490477	-0.0480251	-0.0866082	0.02336	0.0710769	0.0839377	0.0758726	0.159763	0.161408	0.0465552	0.0865342	0.0597417	0.0848795	0.0729475	0.0851029	-0.0833226	0.112484	0.0997985	0.00277043	0.214619	0.0881734	0.269186	0.120074	-0.0104865	0.153487	0.0559341	0.0961515	0.185753	0.104941	0.11038	-0.0556127	0.0950634	0.0790989	0.110776	0.199431	0.0581685	0.135012	0.0774782	0.084482	0.138424	0.0323249	0.0193747	0.0597328	0.0483085	0.0372243	0.0814457	0.123886	0.134837	-0.00142678	0.0424598	0.123626	0.0945807	0.0916725	0.0459214	-0.00453264	0.0546882	-0.0277905	0.148465	-0.128918	0.0239276	0.0303134	0.0881151	0.159831	0.0801153	0.0596123	0.0631756	0.0411607	-0.0084577	0.0979257	0.0998906	-0.000350324	-0.00481249	0.0799473	0.0594302	0.0079614	0.0230891	0.0151102	0.078671	0.152086	0.0710021	-0.00305252	0.0134598	-0.025745	-0.0201	0.0300257	0.0418902	0.0218314	-0.00229958	0.0461335	0.0149317	0.140538	0.0305639	-0.105891	0.141384	0.0380574
2.7	0.0464441	0.0619717	0.0222685	0.103963	0.0604409	0.0767457	0.0769626	0.0584987	-0.0822631	0.0777195	0.0787911	0.0840758	0.138714	0.0532487	0.0289876	-0.0285717	-0.0302677	0.0345208	0.169174	0.0972807	0.0904385	0.0929281	0.125432	0.0489639	0.155026	0.1401	0.0536164	0.0678789	0.0618354	0.103574	0.152436	0.0420318	0.132997	0.100676	0.171269	0.163717	0.152293	0.147284	-0.0552425	0.0371638	0.0346485	-0.0285069	0.0303259	-0.00340024	-0.00220576	0.0142061	-0.0277559	-0.0228547	0.0123555	0.020571	0.0831537	-0.00555319	0.0982607	-0.0144199	0.0500229	0.0251478	0.153704	-0.0595332	0.106423	0.100453	0.11046	0.115747	0.0816797	0.186327	0.0821619	0.164718	0.113133	0.0405853	0.111058	0.138323	0.0632919	0.137587	0.0710816	0.0340801	0.0759314	0.0599913	0.0350724	0.0205945	0.00623885	-0.00199044	0.0251386	0.107863	0.101266	0.107119	0.0822778	0.0560937	0.0652095	0.100435	0.0800575	-0.0237091	0.0229478	0.134806	0.149195	0.00376625	0.175646	0.0585133	0.055888	0.120836	0.0933	0.0259989	0.0611613	0.0714601	0.10303	0.0413809	0.00542907	-0.0204712	0.0477204	0.0402466	0.0617544	-0.0107458	-0.0250655	0.0105265	0.00927047	0.0802341	0.111727	0.0168167	0.0808576	0.207455	-0.0251584	0.0289117	-0.0255268	0.156981	0.160514	0.0124588	0.000250041	-0.0112765	-0.0188604	0.0646416	0.0243402	0.0336198	-0.00688201	0.0789415	0.0528891	0.0333269	0.131557	0.0215528	0.0726815	0.0725098	0.0462477	0.0625146	0.069412	0.110249	0.159592	0.162884	0.0125174	0.138751	-0.0457125	-0.0462124	0.0701576	-0.00195904	-0.00812521	0.204636	0.0870419	0.114451	0.122499	-0.0498615	-0.0389315	-0.0366606	-0.0599859	0.259651	0.000296456	-0.00865521	0.0565096	0.126735	0.0590194	0.101382	0.0393247	0.0759601	0.0115631	0.0287871	-0.00386022	0.033988	0.041744	0.0228999	0.0434438	0.0547054	0.112261	0.118398	0.141993	0.025001	-0.0101657	0.146963	0.128889	0.0877687	0.0878856	0.0880108	0.112449	0.130682	-0.000165722	0.00051992	0.0182147	0.00142243	-0.0250403	0.0184778	0.00583157	-0.0186873	0.0195031	0.0349355	0.0141198	0.0108553	-0.0239977	0.0453171	0.0954157	0.105907	0.0659618	0.158261	0.159727	0.0512232	0.107907	0.0379883	0.089023	0.0932904	0.087779	-0.0616206	0.103102	0.12123	0.0268274	0.224315	0.0387124	0.210758	0.146179	0.0495611	0.165873	0.0696607	0.10819	0.186724	0.140185	0.135248	-0.00236791	0.0920406	0.090255	0.104716	0.244332	0.0776809	0.125028	0.113321	0.112615	0.164993	0.0693078	-0.000183213	0.0884887	0.0591203	0.0610096	0.0916596	0.12656	0.157113	0.0533228	0.070047	0.138491	0.127291	0.123896	0.0407006	-0.066393	0.0541973	-0.0185745	0.154895	-0.0581695	0.0629324	0.0633218	0.103661	0.154331	0.0837312	0.0768465	0.0826281	0.0625443	0.0485675	0.0926091	0.0938564	0.0652601	0.0593234	0.093972	0.0824916	0.0359153	0.0553021	0.0365228	0.100432	0.168738	0.0221962	0.0246035	0.0393179	0.0188486	0.0222156	0.0175508	0.0573748	-0.0106737	0.00571774	0.0632394	0.0413292	0.128292	0.0702075	-0.0482147	0.134309	0.0509436
2.8	0.0391591	0.0742638	0.0393311	0.0963368	0.0688666	0.0803624	0.0922768	0.0822824	-0.0196278	0.128729	0.0370627	0.136627	0.116233	0.119004	0.0269143	-0.0486592	-0.0375736	0.068883	0.105711	0.0867306	0.118267	0.119799	0.122366	0.0409104	0.149686	0.139419	0.0734908	0.093165	0.037913	0.11064	0.132974	0.103077	0.146046	0.106537	0.151995	0.134998	0.138866	0.133351	-0.00321611	0.0418325	0.0458	-0.0225897	-0.0057549	0.0900919	0.0909732	0.105679	0.0322292	0.0310021	0.0869028	0.104424	0.10397	0.0622407	0.113423	0.00210021	0.069442	0.0903319	0.138863	-0.0193525	0.166022	0.166592	0.162262	0.159447	0.147489	0.162677	0.0883893	0.161897	0.114213	0.066434	0.117245	0.0929939	0.0533922	0.113954	0.0875687	0.0974569	0.111029	0.0740511	0.116702	0.111114	0.0724496	0.0538501	0.0571764	0.125681	0.124434	0.095464	0.0929894	0.0786498	0.0848619	0.0990213	0.0992481	0.0316295	0.0440135	0.169565	0.162724	0.0461172	0.156898	0.0560513	0.0543018	0.0864577	0.06473	0.0994574	0.046182	0.0711684	0.140392	0.0855423	0.0354873	0.00713783	0.0819299	0.0445309	0.0711357	-0.00117052	-0.00852863	-0.010811	0.0418478	0.102937	0.125168	0.0539938	0.105237	0.224942	0.0283808	0.092648	0.0749846	0.167586	0.166597	0.0931831	0.105652	0.102168	0.0813845	0.0540741	0.0142493	0.0206198	0.0460404	0.0922128	0.0528013	0.0648347	0.144727	-0.0390958	0.0170159	0.0169488	0.0771297	0.0768056	0.0946588	0.142899	0.176513	0.14327	0.0495653	0.117166	-0.029077	-0.0294581	0.0589365	-0.0322048	-0.0319782	0.177184	0.102326	0.086679	0.100889	-0.0340665	-0.0681244	0.0794835	0.0513505	0.182776	0.0721943	0.045645	0.0739854	0.130149	0.0878204	0.11014	0.105273	0.0601122	0.0274931	0.0356404	0.0037622	0.101815	0.0546089	0.0555888	0.0705888	0.0719728	0.12035	0.0981172	0.106567	0.103969	0.051718	0.101175	0.123205	0.108337	0.106761	0.106875	0.109076	0.11895	0.0865653	0.0868424	0.10146	0.0944502	0.0756051	0.0968533	0.0825321	0.0758045	0.0979858	0.123629	0.100459	0.0913343	0.0751801	0.0616581	0.0903015	0.116765	0.0423339	0.14655	0.145422	0.0432444	0.12611	-0.000457425	0.0929056	0.110962	0.0715187	0.0123073	0.0716821	0.124624	0.0643873	0.203494	0.00454539	0.142417	0.157039	0.121232	0.14043	0.0843052	0.115485	0.151292	0.168252	0.1442	0.073891	0.0903107	0.0946454	0.0792405	0.267855	0.0782598	0.0943692	0.128435	0.132565	0.194237	0.0972752	-0.0116406	0.10706	0.0691758	0.0840264	0.0952855	0.108526	0.173548	0.127451	0.094524	0.125356	0.153679	0.150445	0.038943	-0.0900056	0.0447211	-0.0082601	0.117978	0.0569227	0.0965701	0.0875031	0.103635	0.140186	0.0880237	0.0924192	0.0914355	0.0744976	0.131412	0.0527611	0.0528565	0.142708	0.137428	0.0984586	0.0883495	0.0690682	0.105867	0.046977	0.106063	0.166982	0.0179359	0.0487075	0.0613212	0.0850365	0.0838579	0.00624954	0.0743275	-0.0287055	0.0190466	0.0701712	0.0646206	0.0968478	0.123611	0.0577708	0.119468	0.0547167
2.9	0.0356409	0.0855906	0.0510897	0.0810846	0.071921	0.0697931	0.105138	0.11197	0.104962	0.17578	-0.00169705	0.137834	0.0719737	0.149253	0.0290274	-0.0617599	-0.0398355	0.105644	0.0413222	0.0640398	0.126963	0.131333	0.101319	0.00478593	0.126837	0.126229	0.0868105	0.0999073	0.00971115	0.106739	0.0977296	0.147685	0.119188	0.0930808	0.114488	0.0984202	0.110591	0.104479	0.069234	0.0404153	0.0431765	-0.0134601	-0.0317419	0.189842	0.188787	0.188385	0.0966006	0.0916353	0.16443	0.178953	0.122267	0.126625	0.11467	0.0174571	0.0875914	0.119499	0.112163	0.0774328	0.168286	0.185922	0.163383	0.15503	0.178903	0.110849	0.0779933	0.138268	0.101575	0.0917794	0.102701	0.0488526	0.0398492	0.0686661	0.0884346	0.151994	0.141554	0.105441	0.196214	0.199509	0.140356	0.112783	0.0823823	0.131903	0.133878	0.0768185	0.097744	0.108598	0.106674	0.0742879	0.0884186	0.0976941	0.0605166	0.184404	0.147005	0.13817	0.11558	0.0510633	0.050571	0.0496211	0.0316268	0.175385	0.03175	0.0541536	0.140819	0.133273	0.0738129	0.0505126	0.128489	0.0470247	0.0684128	0.0119459	0.0121012	-0.0241167	0.0685279	0.123637	0.132279	0.071225	0.112678	0.191969	0.0954113	0.141126	0.186948	0.148386	0.142237	0.191521	0.223857	0.232895	0.197339	0.0406164	0.00402177	0.00911973	0.0945882	0.0988786	0.0356178	0.0930449	0.139816	-0.0739361	-0.0271563	-0.0272709	0.097041	0.0884864	0.0841842	0.131024	0.169965	0.109222	0.0679376	0.0732639	-0.0199709	-0.0201984	0.0394954	-0.0482111	-0.0388294	0.125058	0.105861	0.0519759	0.0665627	-0.024357	-0.0820651	0.217126	0.201434	0.0871559	0.142641	0.109218	0.0829125	0.125905	0.109504	0.108521	0.148994	0.0438319	0.0382502	0.0130057	-0.00612311	0.170039	0.0558056	0.0923281	0.0805949	0.0718814	0.105212	0.0625414	0.0190918	0.178641	0.114544	0.0458453	0.0915054	0.120127	0.118448	0.118558	0.0922034	0.0761559	0.160393	0.172111	0.169318	0.17969	0.187312	0.154769	0.147696	0.191532	0.155157	0.182892	0.172579	0.166522	0.186596	0.061883	0.0495957	0.113559	0.0152053	0.119976	0.116833	0.0335337	0.134954	-0.0328198	0.0840672	0.121667	0.0436557	0.142282	0.0292096	0.10584	0.0963576	0.17081	-0.0167179	0.0659526	0.138954	0.162349	0.105378	0.0989408	0.105816	0.0999884	0.173563	0.131491	0.145196	0.0830169	0.0870432	0.0434415	0.22317	0.0658255	0.0489944	0.111604	0.131717	0.208766	0.103933	-0.0135705	0.107895	0.078614	0.10229	0.092459	0.073157	0.160253	0.183957	0.11229	0.0917406	0.161173	0.157301	0.0387389	-0.0914411	0.0375937	0.00753083	0.0627507	0.204582	0.11677	0.10483	0.0863849	0.116258	0.0895524	0.104346	0.0898349	0.0777956	0.209681	-0.0196946	-0.0190523	0.189143	0.186898	0.0905503	0.0658884	0.110054	0.15224	0.0527085	0.092848	0.141296	0.0770419	0.0559702	0.07471	0.142725	0.139984	0.0173541	0.0868634	-0.0229822	0.0278956	0.0642945	0.0864777	0.0492937	0.165162	0.209412	0.091263	0.0546157
3.0	0.0340091	0.0923449	0.0570991	0.0609234	0.068499	0.0537394	0.108688	0.117734	0.253675	0.17447	-0.0299646	0.0934711	0.0324609	0.115238	0.0322793	-0.0652122	-0.0293664	0.133898	-0.00228043	0.0378241	0.101963	0.108013	0.0688194	-0.0226939	0.0905025	0.0967146	0.090382	0.085283	-0.00762106	0.0804182	0.0476857	0.138654	0.0575719	0.0689311	0.0747582	0.0573102	0.0709958	0.0659615	0.131177	0.0293392	0.0277132	-0.00103595	-0.0387871	0.244043	0.245298	0.212421	0.123304	0.120158	0.182146	0.185965	0.126966	0.149023	0.0899763	0.0345601	0.0975872	0.0958609	0.0758344	0.231661	0.101714	0.138852	0.0989682	0.0925338	0.15055	0.0451715	0.0645888	0.093833	0.0802546	0.111015	0.0636489	0.0115378	0.0261359	0.0233767	0.0666148	0.155917	0.137717	0.129591	0.214352	0.252212	0.160234	0.132635	0.087158	0.118877	0.119496	0.0476054	0.0898261	0.115938	0.108142	0.0310564	0.0643499	0.134672	0.0706915	0.150999	0.0987702	0.206751	0.0738062	0.0459512	0.0460874	0.0147174	0.000978949	0.199802	0.0203101	0.0252792	0.0977942	0.155752	0.10743	0.0955599	0.156976	0.0458986	0.0514302	0.0361909	0.0390277	-0.0294407	0.0797636	0.130303	0.122348	0.0776457	0.0976332	0.105068	0.134471	0.13834	0.277941	0.11404	0.106629	0.251233	0.295959	0.311481	0.286054	0.021589	-0.000632472	0.00203172	0.121637	0.0917325	0.0227516	0.107244	0.108756	-0.0682775	-0.0469802	-0.0471743	0.0983292	0.0923838	0.0375987	0.0739484	0.126321	0.0658877	0.0690116	0.0335368	-0.0107418	-0.0109156	0.024704	-0.0492059	-0.0333072	0.0772847	0.0955508	0.00669259	0.034366	-0.0128698	-0.0809106	0.332115	0.364891	-0.0106147	0.162614	0.160584	0.0749165	0.110773	0.115227	0.0927493	0.134348	0.0295807	0.0407315	-0.0128892	-0.0173952	0.198539	0.0364076	0.0965619	0.0800717	0.0578863	0.0784762	0.031495	-0.0438953	0.200256	0.147468	0.00945682	0.056701	0.113985	0.111967	0.112095	0.0655457	0.0336027	0.183106	0.217448	0.189521	0.214967	0.277959	0.166561	0.172674	0.285016	0.166362	0.179173	0.195083	0.202781	0.277429	0.0473505	0.00961714	0.0929308	0.00624901	0.0780645	0.0757625	0.0317302	0.119395	-0.0528487	0.0583275	0.116062	0.0105006	0.286705	-0.0088681	0.0713283	0.104327	0.130056	-0.025088	-0.0268572	0.106361	0.135191	0.0703313	0.105883	0.0735793	0.0522902	0.134029	0.104777	0.175027	0.0625829	0.0654868	0.00282275	0.10863	0.0445633	0.00887236	0.0753862	0.0987912	0.180346	0.0941325	-0.0132442	0.0858418	0.0812041	0.108066	0.0749745	0.0372684	0.100569	0.171292	0.1138	0.0528961	0.136715	0.131632	0.0320699	-0.0858275	0.0357988	0.0337897	0.0231527	0.35996	0.119257	0.110958	0.0666414	0.0801631	0.0778074	0.106149	0.0773115	0.0716087	0.222887	-0.0752547	-0.0712011	0.165202	0.167341	0.0775358	0.0375783	0.137772	0.17096	0.0563313	0.0687764	0.0926923	0.149012	0.0451581	0.0751785	0.157036	0.15732	0.0495141	0.0879456	0.00489191	0.0307362	0.048795	0.10121	0.0085488	0.160982	0.361866	0.0567788	0.0516213
3.1	0.0330396	0.0872735	0.0595787	0.0385148	0.0577469	0.0388176	0.094907	0.098853	0.34428	0.101689	-0.0416128	0.0420713	0.00372323	0.0554493	0.0305413	-0.0576236	-0.00125715	0.137826	-0.0200861	0.0145535	0.0539058	0.0585973	0.0417174	-0.0244873	0.0518512	0.0558747	0.0810584	0.0546421	-0.00118222	0.0341099	-0.00846439	0.0908336	0.00659967	0.0483311	0.0465338	0.0229563	0.0329622	0.0311429	0.174774	0.0130499	0.00739061	0.0116662	-0.0365076	0.223667	0.224258	0.165332	0.0967321	0.0993875	0.116593	0.112929	0.102448	0.116924	0.0537534	0.0517164	0.0921795	0.0505395	0.0376044	0.351534	0.0335332	0.0744159	0.0272918	0.0245975	0.0880963	-0.00264398	0.0490288	0.0541651	0.04437	0.122121	0.0237569	-0.0157012	0.0143227	-0.00488344	0.0372381	0.10014	0.0866672	0.115805	0.152746	0.226451	0.113826	0.101674	0.0680514	0.0801781	0.0851232	0.0173371	0.0674528	0.0990282	0.092489	-0.00812413	0.0388521	0.136295	0.076359	0.085373	0.0476408	0.21245	0.0440445	0.0404209	0.0405399	-0.0116006	-0.0206721	0.148355	0.0123302	-0.00381808	0.0313751	0.147957	0.134838	0.120313	0.150211	0.0386374	0.0244018	0.0608258	0.0661216	-0.0276394	0.0744613	0.106626	0.0836774	0.0795506	0.0655677	0.0044198	0.136845	0.0847333	0.298802	0.0658892	0.0591948	0.22321	0.262278	0.271913	0.285042	0.000595379	0.00488379	0.00439642	0.115634	0.0689336	0.0228313	0.104203	0.0608464	-0.0367317	-0.0438654	-0.0440602	0.0817413	0.0820635	-0.00762745	0.0137808	0.0687587	0.0279709	0.0660929	0.00434965	0.00448699	0.00441194	0.0168326	-0.0436014	-0.0250606	0.0494861	0.0710458	-0.0218885	0.00988142	0.00571668	-0.0662665	0.35057	0.43076	-0.0811536	0.124047	0.16439	0.058643	0.0807799	0.102803	0.0652158	0.0822595	0.0182025	0.0361145	-0.0215373	-0.0160329	0.160161	0.0111515	0.0666182	0.0740477	0.0365094	0.0544351	0.00923866	-0.0521995	0.147281	0.129341	-0.0150214	0.0238011	0.0807424	0.0775536	0.0777562	0.0402821	0.00567408	0.156128	0.192764	0.159334	0.184504	0.298632	0.14336	0.154295	0.287697	0.143041	0.135938	0.163002	0.178492	0.296672	0.0383893	-0.0089903	0.0677322	0.014367	0.035454	0.03523	0.0363682	0.071093	-0.0555095	0.0267182	0.0853343	-0.0263545	0.332387	-0.040089	0.0416356	0.0912815	0.087078	-0.0248398	-0.106846	0.0676816	0.0620199	0.040186	0.0952781	0.03645	0.0142872	0.0724801	0.0706678	0.149512	0.0320486	0.0297408	-0.0322534	-0.00113635	0.0190007	-0.0125781	0.0291814	0.0494985	0.110657	0.0707062	-0.0133067	0.056999	0.0725182	0.0947342	0.0395332	0.0191809	0.022532	0.0868167	0.0908686	0.0189286	0.0819456	0.0787754	0.0171026	-0.0759148	0.0395237	0.0584939	-0.00198694	0.426399	0.0998389	0.100515	0.0471623	0.0410843	0.0455315	0.0903371	0.0559034	0.0562596	0.149084	-0.0823475	-0.0779651	0.0920687	0.0964902	0.0606375	0.0118195	0.137933	0.145359	0.0576305	0.0484676	0.0452722	0.186309	0.0294471	0.0610533	0.117337	0.119644	0.0710006	0.0710884	0.0335639	0.0354588	0.0372555	0.100705	-0.0034679	0.119463	0.379774	0.0309058	0.0461125
3.2	0.0320177	0.0691641	0.0559901	0.0186211	0.0426782	0.0259576	0.0631478	0.0651971	0.31622	0.0133451	-0.034508	0.00883994	-0.0119327	0.0150056	0.0268007	-0.0384937	0.0362116	0.109998	-0.0136459	-0.00656238	0.0102414	0.0130746	0.0238703	-0.0036061	0.0224674	0.0192469	0.0604405	0.0158671	0.0187962	-0.0081549	-0.0507806	0.0482281	-0.0254353	0.0324658	0.0275029	-0.00359034	0.00922511	0.010479	0.180492	-0.00162942	-0.00841472	0.0174519	-0.0290436	0.166199	0.164973	0.086832	0.0521469	0.0570019	0.0378287	0.0292228	0.0496416	0.0690474	0.0229448	0.0614248	0.0726316	0.0238071	0.0110101	0.329271	-0.0119974	0.0132146	-0.0234421	-0.0245256	0.0391005	-0.0315397	0.0335443	0.0249194	0.000671172	0.11696	-0.00392271	-0.031738	0.00538327	-0.0210188	0.0131042	0.0394223	0.0307286	0.0761503	0.0796586	0.140048	0.0455411	0.0479673	0.0449564	0.0251475	0.0389174	-0.0124236	0.0369921	0.0670802	0.0627489	-0.0347779	0.0179809	0.112521	0.0789411	0.00862782	0.0061545	0.160866	0.023384	0.0342401	0.0340312	-0.0260253	-0.0306864	0.0753344	0.00747307	-0.0237074	-0.0191358	0.108663	0.144001	0.112123	0.106914	0.0265182	-0.00184637	0.0730749	0.0785959	-0.0204781	0.0573826	0.0531597	0.024748	0.0830902	0.0235681	-0.0623709	0.113081	0.0317551	0.208635	0.0108798	0.00492645	0.131165	0.152282	0.151426	0.185286	-0.0151072	0.0161307	0.0136884	0.0965543	0.0377606	0.0213314	0.0853158	0.0220759	0.0077213	-0.0197495	-0.0199094	0.0574242	0.0598707	-0.038012	-0.0302033	0.02389	0.0052377	0.0630402	-0.0117814	0.030533	0.0305767	0.0157855	-0.034501	-0.0165157	0.0307308	0.0382701	-0.030841	-0.00396595	0.0346241	-0.0398378	0.225246	0.287849	-0.121934	0.0710177	0.127577	0.0415909	0.0402786	0.0796994	0.0354049	0.0394707	0.00977451	0.0344475	-0.00816763	0.000613479	0.0979372	-0.00876712	0.0258479	0.0663648	0.016757	0.0342479	-0.0023251	-0.0383571	0.0727338	0.0944679	-0.0294087	-0.0037588	0.0274569	0.0235863	0.0238576	0.0242251	-0.00993186	0.101816	0.126019	0.104755	0.124396	0.208369	0.101081	0.103972	0.186255	0.100865	0.0816098	0.10569	0.120307	0.205727	0.0396874	-0.0057454	0.0430598	0.0332305	0.00884703	0.00954647	0.0491855	0.00754979	-0.0384914	2.73272e-05	0.0345298	-0.05982	0.230137	-0.064851	0.0200374	0.0696146	0.0484805	-0.0237069	-0.138569	0.0318364	0.00972004	0.0177874	0.0684756	0.00797649	-0.0115682	0.02368	0.0377947	0.0968227	0.00298949	-0.00805613	-0.0532743	-0.0698478	-0.00337673	-0.0218415	-0.0113039	0.0115782	0.0472151	0.0411527	-0.0126683	0.030915	0.0579384	0.0662089	-0.00247862	0.0110274	-0.0373714	0.00989808	0.0508711	-0.00117478	0.0126714	0.0136788	-0.000452227	-0.0629769	0.0462388	0.072328	-0.0159448	0.293617	0.0643882	0.0771124	0.0301829	0.0152025	0.00277049	0.0572465	0.0299674	0.035079	0.0629213	-0.0600687	-0.057408	0.0321156	0.0351743	0.040168	-0.00521362	0.108821	0.0817214	0.0566895	0.0327654	0.0115629	0.1623	0.0183606	0.0396067	0.0640985	0.0638613	0.0646966	0.0378927	0.0479576	0.0416636	0.026663	0.083098	0.00599369	0.0534014	0.249235	0.015918	0.0388137
3.3	0.0300069	0.0447951	0.0442807	0.00604267	0.028716	0.015628	0.0242553	0.0278085	0.171586	-0.0351294	-0.00693884	-0.00539533	-0.0160213	-0.00372515	0.0379381	-0.00512739	0.0716654	0.0661124	0.00374196	-0.0223232	-0.0215431	-0.0203002	0.0113703	0.0375654	0.0021766	-0.00645833	0.0354016	-0.0179048	0.032857	-0.0344506	-0.0736567	0.0146338	-0.0400631	0.0212385	0.0150179	-0.0195747	-0.0037683	-0.000942375	0.13331	-0.0114861	-0.016696	0.0180543	-0.0173839	0.0823053	0.0804452	0.0144136	0.0186519	0.0214164	-0.0123839	-0.0214234	-0.0080604	0.0364623	0.000351678	0.0620439	0.0479832	0.0151035	-0.00565677	0.176275	-0.0334028	-0.0287069	-0.0469731	-0.0485432	0.00753936	-0.0445162	0.02125	0.00580863	-0.0362061	0.0800042	-0.0206185	-0.0373907	9.71886e-05	-0.0284781	-0.00422916	0.00517014	-0.00906531	0.0249415	0.0221191	0.0349653	-0.00163551	0.00717359	0.042273	-0.0279095	-0.00468318	-0.0397169	0.00636456	0.0308409	0.0284696	-0.0448417	0.00467135	0.0804194	0.0761189	-0.0500948	-0.0204928	0.0729847	0.00980865	0.028146	0.0277086	-0.0292519	-0.0299859	0.0219777	0.00544998	-0.0330212	-0.043977	0.0458966	0.117426	0.0774369	0.039634	0.014352	-0.0196362	0.0696862	0.0753262	-0.0102146	0.0373613	-0.00606524	-0.0287632	0.0890702	-0.0140195	-0.0956423	0.081041	0.00387553	0.0705369	-0.0361126	-0.0408047	0.0359804	0.0343385	0.0286315	0.0518395	-0.0234482	0.0207418	0.017665	0.0742523	0.00681676	0.00797622	0.0573243	-0.00542454	0.0599386	0.0244185	0.0242959	0.0350377	0.0352088	-0.0517355	-0.0513852	-0.00652709	-0.00713761	0.0577796	-0.0159451	0.0681074	0.0682386	0.0192749	-0.0228566	-0.00798567	0.0126873	0.00968973	-0.026977	-0.00763584	0.0727832	-0.000249094	0.0659566	0.0869052	-0.137133	0.0310133	0.0766181	0.026892	0.00147789	0.0539349	0.0107373	0.0166594	0.00426502	0.0450146	0.0255919	0.0317351	0.0415764	-0.0203341	-0.0071815	0.0551917	0.00353272	0.0189753	-0.00456783	-0.0260217	0.0175665	0.0619219	-0.0343742	-0.0229308	-0.0250512	-0.0277756	-0.0275276	0.0146819	-0.0160078	0.0346688	0.0463332	0.0360392	0.0494247	0.070279	0.0439552	0.0375199	0.0528583	0.0437197	0.0191838	0.0354556	0.0479436	0.0695002	0.0427425	0.0210749	0.0235065	0.054506	-0.00462695	-0.0038349	0.067542	-0.044635	-0.000555395	-0.0195833	-0.0176927	-0.0822595	0.0922079	-0.0827967	0.0062821	0.0477674	0.0182873	-0.0259936	-0.137336	0.00510212	-0.00903106	0.00304739	0.0327484	-0.0129263	-0.0263053	-0.0100165	0.0122396	0.0489636	-0.0174862	-0.0350771	-0.0586523	-0.10326	-0.0176924	-0.0235781	-0.0340324	-0.0159866	0.00106821	0.014387	-0.0101308	0.0130158	0.0388061	0.0301216	-0.0348266	-0.000740196	-0.0742134	-0.0181593	0.0103375	-0.00557999	-0.0418026	-0.0370716	-0.0164133	-0.0486774	0.0512374	0.0715553	-0.0233335	0.0859163	0.0263748	0.0477232	0.0174317	-0.000584085	-0.0328372	0.0184096	0.003307	0.0114625	0.007178	-0.0172172	-0.016082	-0.00140472	0.000146142	0.0188107	-0.00961392	0.0627472	0.0111813	0.0532127	0.0214642	-0.00949131	0.0869229	0.0146076	0.0210742	0.0225003	0.02121	0.0397968	-0.000167527	0.0474913	0.0426177	0.0118714	0.0558555	0.0200426	-0.0106575	0.0782796	0.00654221	0.0314194
3.4	0.0252041	0.0197944	0.0276687	0.00233281	0.0188379	0.00727094	-0.0104724	-0.00409556	0.0241554	-0.04927	0.0366166	-0.00758128	-0.0121974	-0.00993308	0.07043	0.0429431	0.104085	0.0260752	0.0122917	-0.0288673	-0.0382788	-0.0385714	0.00172628	0.0880521	-0.0113634	-0.0208909	0.0122728	-0.0392472	0.0297672	-0.0479052	-0.0799046	-0.0140681	-0.0421573	0.0117087	0.00553185	-0.0252548	-0.0111673	-0.00772127	0.065426	-0.0158364	-0.0184913	0.0172081	-0.00274035	0.00364289	0.00249289	-0.0365149	-0.00413199	-0.00534379	-0.0378806	-0.0459072	-0.0517333	0.0158092	-0.0163919	0.0499523	0.0246404	0.0152113	-0.0151423	0.0209337	-0.0391683	-0.0475365	-0.0508101	-0.0529984	-0.00868081	-0.0473568	0.0126639	-0.00597764	-0.0574794	0.0221961	-0.0297036	-0.0350327	-0.00184605	-0.0303288	-0.0162714	-0.0105977	-0.0285442	-0.0189643	-0.0147291	-0.0422296	-0.0310724	-0.0201872	0.0626577	-0.0658965	-0.0375189	-0.0604598	-0.0208886	-0.0010535	-0.00177674	-0.0413749	-0.00191573	0.0509987	0.0581338	-0.0802658	-0.0316431	-0.00725082	0.000644005	0.0227973	0.0222212	-0.0244321	-0.0218407	-0.0108944	0.00515671	-0.0351431	-0.0511127	-0.0182811	0.0680432	0.0448986	-0.0252993	0.00527565	-0.0283988	0.0497647	0.0564912	0.00101464	0.0202736	-0.0511347	-0.0622425	0.0921637	-0.0390774	-0.104205	0.0522139	-0.00876617	-0.0366541	-0.0633896	-0.0660281	-0.0393436	-0.0480162	-0.0538646	-0.0450472	-0.0261387	0.0118395	0.00921248	0.050712	-0.0199777	-0.0093771	0.026671	-0.0237293	0.100155	0.0733729	0.0733282	0.0163932	0.0131354	-0.0512942	-0.0523096	-0.0229566	-0.0137412	0.0452187	-0.0114805	0.109093	0.109265	0.0241547	-0.00914392	0.000886036	-0.00306278	-0.00816857	-0.0175849	-0.00401944	0.111478	0.0521584	-0.0363325	-0.0412779	-0.132874	0.00629392	0.0362881	0.0156158	-0.0279868	0.0297865	-0.00811744	0.00681063	0.000599646	0.0666458	0.0717537	0.0739555	0.00210323	-0.0246698	-0.0268837	0.0356455	-0.00380755	0.00897627	-0.00107153	-0.0211369	-0.0157821	0.0343637	-0.0324668	-0.0332668	-0.0626227	-0.0638487	-0.0636758	0.0077194	-0.0156344	-0.0205347	-0.0173772	-0.0189304	-0.0130619	-0.0368005	-0.00411062	-0.0177433	-0.0434861	-0.00437302	-0.0303474	-0.0205088	-0.0118941	-0.0354635	0.0312599	0.0608425	0.00973577	0.0643321	-0.0119594	-0.0111596	0.0735446	-0.0756625	0.0542053	-0.0293621	-0.0570755	-0.0906899	-0.00944888	-0.0926406	-0.00109768	0.0198649	-0.00551137	-0.0301594	-0.121218	-0.0107836	-0.0115471	-0.00597334	-0.00432873	-0.0280388	-0.0314562	-0.0314386	-0.00474672	0.0113849	-0.0302365	-0.0490615	-0.0520669	-0.112778	-0.0236337	-0.0221422	-0.0382132	-0.0333192	-0.0274448	-0.00547528	-0.00512406	0.0036073	0.0112819	-0.00625687	-0.0522636	-0.0173058	-0.0926411	-0.022763	-0.0205349	2.81697e-05	-0.0697129	-0.0635164	-0.0281138	-0.033902	0.0501386	0.0541831	-0.0287179	-0.0428873	-0.00510386	0.0163601	0.00866179	-0.0103814	-0.0539173	-0.0153332	-0.0217582	-0.0122871	-0.0229731	0.0383782	0.038382	-0.0160551	-0.0154436	-0.000139293	-0.00362242	0.0161836	-0.0407874	0.0459096	0.0117486	-0.0208816	0.0084408	0.014559	0.00881547	-0.0020009	-0.00289878	0.0128168	-0.0316991	0.0335744	0.0321438	-0.00533082	0.0269632	0.0223973	-0.0545894	-0.0341593	-0.000472659	0.0251012
3.5	0.016482	-0.00383135	0.0114025	0.00268618	0.0113059	-0.000461062	-0.0368384	-0.0281366	-0.061919	-0.0471179	0.0688154	-0.00831893	-0.0049076	-0.0146781	0.0974699	0.0876493	0.12884	-0.00458489	0.00261201	-0.0258311	-0.0432503	-0.0455011	-0.00715977	0.111885	-0.0212154	-0.0271579	-0.00620836	-0.049757	0.0144964	-0.053207	-0.0756456	-0.0382462	-0.0375673	0.00082839	-0.00368129	-0.0252223	-0.0158041	-0.0123535	0.0141433	-0.0148756	-0.0151151	0.0163189	0.0113814	-0.0467848	-0.0466309	-0.0624786	-0.0201937	-0.0245283	-0.0491578	-0.0562417	-0.0785171	-0.00240436	-0.030251	0.0266152	0.00272572	0.0137886	-0.0210319	-0.0668828	-0.0386397	-0.0528804	-0.0457254	-0.0478357	-0.018554	-0.0457537	0.00540408	-0.0134758	-0.0657349	-0.0266057	-0.0345715	-0.0290671	-0.00207056	-0.0291648	-0.0247913	-0.0203803	-0.0337998	-0.0479963	-0.038124	-0.0801529	-0.0490745	-0.0377455	0.0751908	-0.0853485	-0.0590076	-0.0706257	-0.0435618	-0.026267	-0.0257061	-0.0320276	-0.00558501	0.0265187	0.0238032	-0.0895776	-0.0332163	-0.0541375	-0.00665189	0.0168286	0.0161102	-0.0181049	-0.0125094	-0.0322926	0.00450411	-0.0325246	-0.0489093	-0.063846	0.015152	0.0250947	-0.0684202	-0.000682652	-0.0317302	0.0200479	0.0271009	0.01228	0.00770158	-0.078842	-0.0778946	0.0862237	-0.0532835	-0.0982172	0.028269	-0.0170074	-0.0869013	-0.0711482	-0.071817	-0.0783312	-0.0861607	-0.0905753	-0.0893944	-0.0260534	-0.00424927	-0.00616285	0.025321	-0.0421057	-0.0220876	-0.00181124	-0.0356223	0.100002	0.0909491	0.0910376	-0.00179884	-0.00659016	-0.0417061	-0.0403389	-0.0293762	-0.0170494	0.0239201	-0.00312871	0.140505	0.140652	0.0274696	0.00492569	0.00910378	-0.0152022	-0.0183895	-0.00861038	0.00258541	0.139148	0.0984983	-0.081593	-0.0972642	-0.118069	-0.0114873	0.00814791	0.00568414	-0.0478766	0.00854101	-0.0228168	-0.00187717	-0.00302651	0.0816381	0.101476	0.104557	-0.024547	-0.0239728	-0.0348194	0.0116288	-0.00885464	0.00286629	0.00415393	-0.0180075	-0.0349617	0.00963369	-0.0274171	-0.0362577	-0.0832654	-0.0845595	-0.0844533	-0.00042843	-0.0116789	-0.0499159	-0.0532328	-0.0462158	-0.0482928	-0.0869143	-0.0339641	-0.0476325	-0.0893706	-0.0341885	-0.0548389	-0.0482843	-0.0468815	-0.0850635	0.00604474	0.075797	-0.00146302	0.0528032	-0.0164261	-0.015578	0.0531029	-0.0890513	0.0966957	-0.0311518	-0.080753	-0.0863598	-0.0648467	-0.0922593	-0.00544026	-0.0132308	-0.0253007	-0.0330695	-0.100857	-0.0184669	-0.0140731	-0.0126249	-0.034069	-0.038777	-0.0298087	-0.0420355	-0.0157385	-0.017585	-0.0386953	-0.054879	-0.038712	-0.109236	-0.0238781	-0.0210795	-0.0319055	-0.0407986	-0.0425353	-0.0189457	0.000827394	-0.00193549	-0.018225	-0.0344675	-0.0593024	-0.0305449	-0.0990245	-0.0250861	-0.0400146	0.0053716	-0.0789547	-0.0735697	-0.0342877	-0.0193702	0.0419571	0.0256806	-0.0344963	-0.0974394	-0.0270476	-0.0138575	0.00161694	-0.0169981	-0.0632306	-0.0404515	-0.0431333	-0.0337822	-0.0405482	0.0782928	0.0770236	-0.0234982	-0.0232395	-0.0160727	0.0042164	-0.0222723	-0.0694795	0.0338047	0.000744255	-0.0265349	-0.0453723	0.0145655	0.000683142	-0.0159607	-0.016104	-0.00797669	-0.0532795	0.0125809	0.0137388	-0.0190618	0.000422288	0.0124678	-0.0783137	-0.0873515	-0.00690753	0.0185104
3.6	0.00492926	-0.0244044	-0.00102796	-9.24022e-05	0.00232155	-0.00830704	-0.0548197	-0.0449634	-0.102305	-0.0426716	0.0576954	-0.0154205	0.00195894	-0.0237419	0.0834962	0.0934542	0.137855	-0.0268705	-0.0156478	-0.0176852	-0.043265	-0.0468302	-0.0164929	0.0882185	-0.0295067	-0.0300707	-0.0201487	-0.0535182	-0.000642007	-0.0544716	-0.0680444	-0.0556262	-0.0310509	-0.0112953	-0.0132567	-0.0243657	-0.0193059	-0.0162729	-0.0144897	-0.0109655	-0.00928686	0.0150183	0.0212508	-0.0718788	-0.0707146	-0.0722677	-0.0318277	-0.0374312	-0.0544486	-0.0603907	-0.092174	-0.0219949	-0.041616	0.00132504	-0.0190034	0.00527059	-0.0258137	-0.104524	-0.0373614	-0.0536465	-0.0396847	-0.0409647	-0.0293797	-0.0432326	-0.00369615	-0.0188956	-0.0696228	-0.0557411	-0.0371926	-0.0232702	-0.00200631	-0.0274004	-0.0301451	-0.031493	-0.0335328	-0.0648112	-0.0552058	-0.0930222	-0.0593096	-0.048103	0.0488921	-0.0893068	-0.0714034	-0.0708556	-0.0599398	-0.0449657	-0.0436108	-0.0232376	-0.0100437	0.0054142	-0.0105431	-0.0876509	-0.0323456	-0.0757769	-0.0137561	0.00848766	0.00770769	-0.0163842	-0.00776116	-0.049012	0.00208024	-0.0266814	-0.0440315	-0.0878368	-0.02623	0.0113147	-0.0891397	-0.00483466	-0.0326126	-0.00848356	-0.00178032	0.0238044	-0.000758259	-0.0929181	-0.0829796	0.0709404	-0.0617169	-0.0859736	0.00707415	-0.0265533	-0.101281	-0.0676355	-0.0668366	-0.0908521	-0.0971413	-0.0998671	-0.101525	-0.0253131	-0.017058	-0.0193981	-0.00100866	-0.0586	-0.0285462	-0.0245408	-0.0421811	0.0682926	0.0684605	0.0686142	-0.0211263	-0.0241555	-0.0289983	-0.0254629	-0.0308742	-0.0189296	-0.000793145	0.00447706	0.151548	0.15164	0.0274701	0.016238	0.014964	-0.0242476	-0.0260119	-0.00336616	0.00826034	0.147619	0.103705	-0.0975836	-0.117218	-0.0999703	-0.0282239	-0.015794	-0.00648292	-0.0603875	-0.00982083	-0.0340488	-0.014875	-0.00716388	0.0716389	0.0855604	0.0941477	-0.0445965	-0.0206413	-0.0353807	-0.00880922	-0.014741	-0.00252258	0.00791684	-0.0139861	-0.0479657	-0.0140029	-0.0222551	-0.0349823	-0.0905569	-0.0937249	-0.0936526	-0.0109572	-0.00646889	-0.0619262	-0.0690007	-0.0564256	-0.0639652	-0.101214	-0.050427	-0.0602201	-0.103491	-0.0505604	-0.0635993	-0.0582615	-0.0635933	-0.0997973	-0.0168165	0.050186	-0.0127657	0.0273193	-0.0199075	-0.0191743	0.0205524	-0.0910584	0.0902618	-0.0287668	-0.0913177	-0.0714347	-0.0913854	-0.0805846	-0.0102907	-0.0383783	-0.0411891	-0.033087	-0.083017	-0.0222943	-0.0234535	-0.0192239	-0.0530528	-0.0457747	-0.0255108	-0.0439611	-0.0235672	-0.0409152	-0.0439266	-0.0572074	-0.0228867	-0.0992767	-0.0214394	-0.0222359	-0.0240507	-0.0414418	-0.0491509	-0.028715	0.00502473	-0.00813721	-0.0410245	-0.0513857	-0.0615612	-0.0371439	-0.0971847	-0.0328232	-0.0501629	0.00324443	-0.0800211	-0.0765622	-0.0348844	-0.00577851	0.0289002	-0.00326734	-0.039564	-0.116092	-0.0398598	-0.0380738	-0.00598812	-0.0221366	-0.0657759	-0.0573577	-0.058526	-0.0500352	-0.0541796	0.0738489	0.0715116	-0.0316904	-0.0315029	-0.0302174	0.00592631	-0.0515399	-0.0806469	0.0184228	-0.0113933	-0.0293503	-0.0754775	0.0130912	-0.00652598	-0.0269941	-0.0266233	-0.0223988	-0.0662108	-0.00697463	-0.00268986	-0.0252783	-0.0215105	-0.00118825	-0.0879618	-0.109079	-0.0136882	0.00972143
3.7	-0.0065403	-0.040071	-0.00893523	-0.00776708	-0.00925022	-0.015908	-0.0656584	-0.0555649	-0.118232	-0.0413031	0.0258805	-0.026354	0.00607391	-0.0341359	0.048176	0.0692596	0.124951	-0.0419278	-0.0314367	-0.00949998	-0.0433272	-0.0468161	-0.026017	0.0518178	-0.0357176	-0.0321046	-0.0304229	-0.0529912	-0.0101764	-0.0534672	-0.0610432	-0.0645231	-0.0255292	-0.023055	-0.0228591	-0.0255072	-0.0219561	-0.0196389	-0.0291142	-0.00805709	-0.00510009	0.0132426	0.0250524	-0.080145	-0.0787701	-0.0725937	-0.0387143	-0.0444909	-0.0563944	-0.0602726	-0.0963331	-0.039076	-0.0487169	-0.0180229	-0.0384545	-0.0073391	-0.0294967	-0.11718	-0.0366819	-0.0530807	-0.0359354	-0.0355893	-0.0410575	-0.0408934	-0.016005	-0.0234834	-0.0747089	-0.0694015	-0.038058	-0.0195258	-0.00172098	-0.0265632	-0.0316935	-0.0432877	-0.0336404	-0.0731584	-0.0672799	-0.0927732	-0.0628711	-0.0521728	0.0102725	-0.0832852	-0.0774551	-0.0654135	-0.0686742	-0.0572404	-0.0557145	-0.0170273	-0.0154684	-0.0130285	-0.0332694	-0.0809565	-0.0323812	-0.0851774	-0.0214233	-0.00162781	-0.00223708	-0.0190906	-0.00778295	-0.0615675	-0.00124782	-0.0200894	-0.0395153	-0.0963059	-0.0517586	-0.0024619	-0.0957414	-0.00860489	-0.0311658	-0.028216	-0.0225063	0.0351541	-0.00580557	-0.0970676	-0.083352	0.0500363	-0.0673443	-0.0737757	-0.0120879	-0.0364186	-0.0989272	-0.0600853	-0.0582646	-0.0892211	-0.0953482	-0.0963193	-0.0982881	-0.023828	-0.0207816	-0.0254885	-0.0247727	-0.0681031	-0.0297968	-0.0400482	-0.0430434	0.0374982	0.0399664	0.0401126	-0.0376205	-0.0382832	-0.0179851	-0.0165919	-0.0312854	-0.0203305	-0.0218429	0.00848738	0.140258	0.140264	0.0239583	0.0224831	0.0177468	-0.0311251	-0.032282	-0.00250252	0.0106962	0.136425	0.0780564	-0.101667	-0.122545	-0.0821882	-0.0436352	-0.0368719	-0.0231662	-0.0676439	-0.0254997	-0.0412045	-0.0288456	-0.0106343	0.0445074	0.0478753	0.0589308	-0.0593341	-0.0165149	-0.0332885	-0.0223284	-0.0208926	-0.0098002	0.0086095	-0.0107673	-0.0571574	-0.0343594	-0.0183342	-0.0322755	-0.0882574	-0.0941702	-0.0941024	-0.0222431	-0.00150814	-0.0649308	-0.0727718	-0.0591365	-0.0686097	-0.0988328	-0.0566016	-0.0639038	-0.100969	-0.0566361	-0.0645834	-0.0602338	-0.0691346	-0.0981757	-0.029951	0.0173391	-0.0241777	0.0026432	-0.0230898	-0.02273	-0.00629693	-0.0866236	0.0562804	-0.0251907	-0.0919289	-0.0482117	-0.103657	-0.0585156	-0.0171378	-0.0503425	-0.0522573	-0.029077	-0.0697182	-0.0250533	-0.0355987	-0.0263476	-0.0630561	-0.048444	-0.0226255	-0.0416161	-0.0295039	-0.0578575	-0.0442034	-0.0576029	-0.00819255	-0.087681	-0.0179792	-0.0246833	-0.0197799	-0.0391582	-0.0505805	-0.0366345	0.00614228	-0.0165981	-0.0554632	-0.0592671	-0.0618903	-0.0384104	-0.089531	-0.0435049	-0.0533987	-0.00476487	-0.0783542	-0.0771306	-0.0305863	0.00604265	0.0140644	-0.0244437	-0.0408162	-0.120831	-0.0449605	-0.0528133	-0.0138866	-0.0258414	-0.0652017	-0.0675596	-0.0665425	-0.0591285	-0.064754	0.0496106	0.0476308	-0.0408662	-0.0406556	-0.042554	0.00238949	-0.0716209	-0.0809168	0.0029182	-0.0231036	-0.030612	-0.090774	0.00924263	-0.0141695	-0.0371326	-0.0367846	-0.0312102	-0.0718893	-0.0195719	-0.0119084	-0.0240164	-0.0371878	-0.0142389	-0.0890877	-0.11561	-0.0203095	-0.000671673
3.8	-0.0149472	-0.049477	-0.0127623	-0.0161775	-0.0210309	-0.022093	-0.0709039	-0.0608929	-0.121349	-0.0426926	0.00639836	-0.0340151	0.00705096	-0.040255	0.023345	0.0501172	0.0952611	-0.0513397	-0.0409739	-0.0045736	-0.0443731	-0.046747	-0.0340573	0.0269573	-0.0383997	-0.0328985	-0.0371878	-0.0495091	-0.0133724	-0.0502176	-0.0546302	-0.0655091	-0.0220129	-0.0325419	-0.0312358	-0.0279016	-0.0234275	-0.021965	-0.0370592	-0.00784199	-0.00388665	0.0116696	0.0238535	-0.0790784	-0.0780599	-0.0667486	-0.0401286	-0.0455566	-0.054264	-0.055056	-0.0933737	-0.0490759	-0.050125	-0.0295671	-0.051269	-0.0190273	-0.0310153	-0.11892	-0.0357688	-0.0510977	-0.0338945	-0.0316253	-0.0503882	-0.0380216	-0.0292334	-0.0271135	-0.0791123	-0.0741438	-0.0364968	-0.0178971	-0.000107905	-0.026068	-0.0291548	-0.051185	-0.0352854	-0.0752273	-0.0734651	-0.0862228	-0.0599019	-0.0504383	-0.0130042	-0.0724972	-0.0787776	-0.0573727	-0.0697677	-0.0630949	-0.0618808	-0.0121466	-0.0199154	-0.0274858	-0.0448099	-0.0728172	-0.0325548	-0.0882255	-0.0287451	-0.0109761	-0.0112012	-0.0211783	-0.00824944	-0.0680162	-0.00313261	-0.0152162	-0.0360123	-0.0948579	-0.0654374	-0.0175851	-0.0950397	-0.0125793	-0.0253127	-0.0381297	-0.0340952	0.0439193	-0.00852022	-0.0939525	-0.08128	0.0271208	-0.0692106	-0.0649192	-0.0274213	-0.0426999	-0.0898114	-0.0523522	-0.0500287	-0.0806724	-0.0887467	-0.0879731	-0.0893181	-0.0192583	-0.0138363	-0.0225724	-0.0427122	-0.0700697	-0.0262334	-0.0482097	-0.0385078	0.0164291	0.0214862	0.0216235	-0.046503	-0.047182	-0.00977581	-0.016281	-0.0319196	-0.021578	-0.03557	0.0086065	0.113788	0.113735	0.0177046	0.0241572	0.018699	-0.0357456	-0.0352091	-0.00495363	0.00967585	0.111759	0.0565947	-0.100484	-0.121293	-0.0656109	-0.0547335	-0.0524338	-0.0417974	-0.0710193	-0.0381165	-0.0433169	-0.0388341	-0.011547	0.0195887	0.0203552	0.0301357	-0.0675471	-0.0116595	-0.0292673	-0.0290931	-0.0238749	-0.0187884	0.00679659	-0.00911165	-0.0617094	-0.0474037	-0.0161042	-0.0293094	-0.0789727	-0.0869732	-0.0868924	-0.0316656	0.00223648	-0.0625255	-0.0700701	-0.0580306	-0.067656	-0.0897123	-0.0553522	-0.062131	-0.0908973	-0.0553383	-0.0614252	-0.0583066	-0.0683366	-0.0899834	-0.0351143	-0.00342493	-0.033632	-0.0124906	-0.0256086	-0.0256265	-0.0224517	-0.0782586	0.0314349	-0.0212633	-0.0853155	-0.019493	-0.108285	-0.0287693	-0.0249005	-0.0534024	-0.0582532	-0.0196374	-0.0588634	-0.0271366	-0.0437856	-0.0325961	-0.0661098	-0.0460734	-0.0224377	-0.0391762	-0.0333106	-0.0662846	-0.0375022	-0.055364	0.00228703	-0.0769872	-0.0131635	-0.0253512	-0.0193463	-0.0363847	-0.0489816	-0.042086	0.00608685	-0.0260814	-0.0619942	-0.060548	-0.0601922	-0.0352821	-0.0779176	-0.0522768	-0.0508906	-0.0119256	-0.0747153	-0.0755119	-0.0220757	0.0153373	4.25742e-05	-0.0361642	-0.0364984	-0.119844	-0.0434928	-0.0577877	-0.01996	-0.0275944	-0.0632088	-0.0725513	-0.0670456	-0.0609997	-0.0703226	0.034457	0.0335124	-0.0479611	-0.0476564	-0.0508158	-0.000329558	-0.0819976	-0.0751489	-0.0101483	-0.0325401	-0.0307702	-0.0976999	0.00280012	-0.0208168	-0.0449912	-0.0450223	-0.0348967	-0.0709091	-0.0248757	-0.0145086	-0.0172434	-0.0456597	-0.0246715	-0.0847044	-0.115093	-0.0251714	-0.0102009
3.9	-0.0185667	-0.0518551	-0.0129621	-0.0209759	-0.029518	-0.025066	-0.0718027	-0.0615534	-0.116927	-0.0457649	0.00317501	-0.0354443	0.00606758	-0.0402049	0.0108031	0.0444132	0.0616161	-0.0568679	-0.0430784	-0.00383846	-0.0440289	-0.0450342	-0.0382728	0.0119738	-0.0365435	-0.0306228	-0.0396527	-0.0438821	-0.0103472	-0.0441458	-0.0465999	-0.0599911	-0.0197525	-0.0375823	-0.0357207	-0.028606	-0.0228804	-0.0221684	-0.0422737	-0.00757219	-0.0027115	0.0102555	0.0202086	-0.0737882	-0.0732829	-0.0573909	-0.0370796	-0.0415395	-0.0480374	-0.0454826	-0.0846948	-0.0519803	-0.0455485	-0.0350209	-0.0550777	-0.0283144	-0.0292122	-0.115871	-0.0339087	-0.0474567	-0.0319821	-0.0285698	-0.0556277	-0.0336853	-0.0385098	-0.0285754	-0.0776795	-0.074158	-0.0315019	-0.0166211	0.00354241	-0.0238021	-0.0229397	-0.0526609	-0.0363141	-0.0721929	-0.0735901	-0.0767445	-0.0519014	-0.0446414	-0.0215102	-0.0601608	-0.0757721	-0.0474579	-0.0643151	-0.0628771	-0.0622128	-0.00630818	-0.0219205	-0.0366607	-0.0490263	-0.0648092	-0.0305534	-0.0863914	-0.0333784	-0.0171251	-0.0168854	-0.0192096	-0.00610559	-0.0680967	-0.00187122	-0.0129581	-0.0333263	-0.087189	-0.0704153	-0.0318052	-0.0897758	-0.0158275	-0.0136143	-0.0407665	-0.0390461	0.0464436	-0.0105875	-0.0852663	-0.0757946	0.00423654	-0.0648765	-0.0585325	-0.0371489	-0.0441541	-0.0788775	-0.0457834	-0.0436621	-0.069908	-0.0808705	-0.0785471	-0.0794115	-0.00871342	0.00273581	-0.0104365	-0.053384	-0.0650741	-0.0177459	-0.0491092	-0.0296161	0.00134714	0.00852341	0.00865692	-0.046586	-0.0493655	-0.00250602	-0.0191249	-0.0319714	-0.021882	-0.0419227	0.0065228	0.0806612	0.0806073	0.009585	0.0233764	0.0192777	-0.0366922	-0.0330617	-0.00868514	0.00666192	0.080554	0.0475378	-0.0959816	-0.115885	-0.0488467	-0.0593413	-0.0613279	-0.0553403	-0.0705506	-0.0469125	-0.039825	-0.0431517	-0.00868085	0.00501451	0.00680414	0.0145535	-0.0684645	-0.00551713	-0.0218196	-0.0301613	-0.0214809	-0.0269377	0.00441496	-0.00807014	-0.0611867	-0.0515755	-0.0153074	-0.0255638	-0.0644952	-0.0725633	-0.072464	-0.036786	0.00456454	-0.0567957	-0.0642582	-0.0542529	-0.0639519	-0.0787898	-0.0501728	-0.0565327	-0.078855	-0.0501444	-0.0558481	-0.0538346	-0.0640067	-0.0800236	-0.0346986	-0.0133875	-0.0389031	-0.0171682	-0.0258716	-0.0259791	-0.028033	-0.0662294	0.0231271	-0.0161339	-0.0735229	0.0106271	-0.107916	0.00470171	-0.0308999	-0.0518289	-0.0594229	-0.00414863	-0.0458998	-0.0279563	-0.0457195	-0.0357448	-0.0627254	-0.0385961	-0.0227978	-0.0374649	-0.0338382	-0.0663919	-0.0239926	-0.0495402	0.00678598	-0.0668383	-0.00554032	-0.0215368	-0.0197165	-0.0327607	-0.0449523	-0.0425002	0.00756664	-0.0336075	-0.0598684	-0.0558454	-0.0552322	-0.0278927	-0.0636333	-0.0569814	-0.0425463	-0.0145297	-0.0685838	-0.0707057	-0.0103599	0.0216909	-0.0109405	-0.0403592	-0.0266247	-0.115183	-0.0364338	-0.0543813	-0.0220303	-0.0266135	-0.0595504	-0.0731173	-0.0610049	-0.0567632	-0.0704163	0.0274994	0.0268606	-0.051388	-0.0510541	-0.0519403	7.25014e-05	-0.0832741	-0.0663814	-0.0197512	-0.037576	-0.0295898	-0.0994743	-0.00488983	-0.024024	-0.0498048	-0.0502885	-0.0340958	-0.063868	-0.0253107	-0.0129125	-0.007158	-0.0468633	-0.0304402	-0.0760369	-0.110668	-0.0261508	-0.0167246
4.0	-0.0172914	-0.0467436	-0.0105417	-0.0203383	-0.0321476	-0.0232425	-0.0684895	-0.0576253	-0.107389	-0.0490125	0.0108469	-0.0315295	0.00457275	-0.0354176	0.003175	0.0453409	0.0336476	-0.0591878	-0.0374207	-0.00558692	-0.0390892	-0.0392423	-0.0370703	0.00172432	-0.0301116	-0.0240415	-0.0367545	-0.0362863	-0.00168224	-0.0348502	-0.034588	-0.0495467	-0.0163986	-0.0361896	-0.0341604	-0.0253237	-0.0197047	-0.0195077	-0.0459449	-0.00383638	0.0010851	0.0079273	0.0158121	-0.0664148	-0.0664119	-0.0462467	-0.0314271	-0.0340353	-0.0385793	-0.0340838	-0.070476	-0.0500841	-0.0358055	-0.0363362	-0.0501605	-0.0354176	-0.0236888	-0.108946	-0.0301839	-0.0416605	-0.0286458	-0.0254124	-0.0563847	-0.0270484	-0.0394691	-0.0267615	-0.0666705	-0.0707928	-0.0227063	-0.0128379	0.00835103	-0.0177277	-0.0140733	-0.0482524	-0.0339624	-0.0649142	-0.0684301	-0.0647638	-0.041171	-0.0368568	-0.0211212	-0.0467884	-0.0678855	-0.0349754	-0.0538159	-0.0573343	-0.0572844	0.00222976	-0.0212	-0.0404143	-0.048628	-0.0563945	-0.0251075	-0.0805715	-0.0334228	-0.0190021	-0.0183743	-0.0128017	-0.00094895	-0.062776	0.00214279	-0.0125581	-0.0304928	-0.0750019	-0.0676138	-0.0418081	-0.0793528	-0.0164928	0.00282534	-0.0388487	-0.0396797	0.0403547	-0.0131687	-0.0712175	-0.0644948	-0.016586	-0.0531404	-0.0508028	-0.0410054	-0.0419126	-0.0671114	-0.0399561	-0.0386469	-0.0587706	-0.0714383	-0.0681916	-0.0687141	0.00864542	0.0245035	0.00882731	-0.0569912	-0.0543765	-0.00530293	-0.0428686	-0.0179162	-0.00926002	-0.00244832	-0.00232064	-0.0390523	-0.0439909	0.00604441	-0.0185693	-0.0301673	-0.0200842	-0.0422001	0.00414218	0.0472816	0.047285	0.000500351	0.0214975	0.0194855	-0.0328582	-0.0263344	-0.0111889	0.00338076	0.048505	0.0442461	-0.0882735	-0.106572	-0.0299804	-0.0574259	-0.0640286	-0.0576779	-0.0650613	-0.0512944	-0.0307232	-0.042695	-0.00230248	-3.98952e-05	0.00291456	0.00843937	-0.062537	0.00145084	-0.0110442	-0.0263023	-0.0140487	-0.031384	0.00287603	-0.00647516	-0.0560016	-0.0484145	-0.0146928	-0.019676	-0.0455763	-0.0513171	-0.0512124	-0.0360007	0.0057854	-0.0485616	-0.0561724	-0.0478358	-0.0577089	-0.0670659	-0.0435297	-0.0478263	-0.0664515	-0.0434743	-0.0479187	-0.0468682	-0.0565944	-0.0690011	-0.0296066	-0.0159227	-0.0389375	-0.0149773	-0.0224868	-0.0224387	-0.0244057	-0.0496407	0.0261872	-0.00951404	-0.0572735	0.036507	-0.102874	0.037089	-0.0325593	-0.04625	-0.0559104	0.0158812	-0.0273998	-0.0269817	-0.0424237	-0.0340395	-0.0525275	-0.0272965	-0.0203574	-0.034238	-0.0296645	-0.0598002	-0.00624104	-0.039639	0.00573113	-0.0557395	0.00555261	-0.0124739	-0.017938	-0.0259932	-0.0385827	-0.0354419	0.010999	-0.0357757	-0.0480411	-0.0445353	-0.0456649	-0.0163721	-0.0471591	-0.0573417	-0.0281429	-0.0131566	-0.0591886	-0.0619125	0.00280586	0.0250785	-0.0174691	-0.0394822	-0.0119926	-0.106881	-0.0249246	-0.0441665	-0.019371	-0.0225816	-0.0522404	-0.0689101	-0.0501338	-0.0478073	-0.0656086	0.0210279	0.0196823	-0.0509693	-0.0507932	-0.0443609	0.0015871	-0.0772357	-0.0556842	-0.0261914	-0.0362406	-0.0265164	-0.097036	-0.0110426	-0.0226277	-0.0514472	-0.0523201	-0.0297906	-0.0516729	-0.0234641	-0.00920288	0.00424714	-0.0413258	-0.0305629	-0.0630449	-0.102516	-0.0224946	-0.0194721
4.1	-0.011975	-0.034292	-0.00729653	-0.0144541	-0.027978	-0.01619	-0.0604336	-0.0490023	-0.0933693	-0.0494181	0.0234621	-0.0242814	0.00324737	-0.0276504	-0.00434843	0.0455695	0.0141435	-0.0577122	-0.0247722	-0.00618731	-0.027325	-0.0276106	-0.0303733	-0.00544309	-0.0200728	-0.013826	-0.027908	-0.0265827	0.0109675	-0.0224544	-0.0171064	-0.0356309	-0.00945467	-0.0274005	-0.0266955	-0.018154	-0.0141396	-0.0142825	-0.0473858	0.00399694	0.00724805	0.00409947	0.0110992	-0.0564832	-0.0569127	-0.033773	-0.0242148	-0.0242575	-0.0266566	-0.0228124	-0.0500976	-0.0450949	-0.0222496	-0.0344724	-0.0380259	-0.0392254	-0.015097	-0.0963077	-0.0231916	-0.0326981	-0.0227154	-0.0206169	-0.052	-0.0175945	-0.0301214	-0.0214845	-0.045004	-0.0634454	-0.0107167	-0.00420399	0.0124364	-0.00692008	-0.00379941	-0.0395805	-0.026747	-0.0541336	-0.0586367	-0.0495841	-0.0291379	-0.0276867	-0.0149085	-0.0312768	-0.0542212	-0.0201053	-0.0399541	-0.0474282	-0.04789	0.0141404	-0.0173526	-0.0391452	-0.0445436	-0.0453329	-0.0160584	-0.0712144	-0.0283446	-0.0168506	-0.016041	-0.00284605	0.00649144	-0.0528707	0.00687021	-0.0125717	-0.0259938	-0.0578956	-0.0570294	-0.0456748	-0.0618119	-0.0131056	0.0205113	-0.0340554	-0.0370196	0.0266116	-0.0156404	-0.0510672	-0.0453618	-0.0327605	-0.0350938	-0.0378708	-0.0395732	-0.0369645	-0.0534191	-0.0328305	-0.0325199	-0.046421	-0.0584896	-0.0555207	-0.0552246	0.0300706	0.0432927	0.029899	-0.0542182	-0.0397716	0.00790258	-0.0301805	-0.00516019	-0.0139058	-0.0104532	-0.010343	-0.0256967	-0.0312988	0.0162445	-0.0124436	-0.0259291	-0.0157277	-0.0375894	0.00229255	0.0173844	0.0174711	-0.00852613	0.0190679	0.0183878	-0.0252449	-0.0169077	-0.0104761	0.000672721	0.0193507	0.0400228	-0.0763704	-0.0924148	-0.00820205	-0.0495726	-0.0610834	-0.0472096	-0.0533915	-0.0510731	-0.0169221	-0.0385784	0.005843	0.00140998	0.00516928	0.00811066	-0.0506423	0.00768408	0.0010222	-0.0175906	-0.00328609	-0.0302185	0.002043	-0.00346988	-0.0468843	-0.0405097	-0.0125263	-0.0107434	-0.022322	-0.0243564	-0.0242795	-0.0289393	0.00603605	-0.037569	-0.0451525	-0.0384393	-0.047802	-0.0534369	-0.0361822	-0.0362481	-0.0526003	-0.0360664	-0.0369756	-0.0371036	-0.0454928	-0.055474	-0.0205477	-0.011854	-0.0337402	-0.0102549	-0.0156439	-0.0154795	-0.0136932	-0.0277702	0.0333363	-0.00289025	-0.036378	0.0528798	-0.0924729	0.0624246	-0.0285787	-0.0351382	-0.0478097	0.0362179	-0.00331677	-0.0238756	-0.0354713	-0.0270172	-0.0357706	-0.0143869	-0.0134547	-0.0270804	-0.0204318	-0.0482529	0.0119194	-0.0256794	0.00187203	-0.0421776	0.0184398	0.000598562	-0.0128937	-0.0142269	-0.0302225	-0.020746	0.0146079	-0.0303068	-0.0272812	-0.0264945	-0.0308018	-0.00145842	-0.0279607	-0.0528133	-0.00880986	-0.00995354	-0.0455122	-0.0487042	0.0153793	0.0258092	-0.0194542	-0.0353202	0.00542976	-0.0937341	-0.0103791	-0.0285555	-0.0130212	-0.0159782	-0.0386613	-0.0592175	-0.0362969	-0.0354841	-0.0562618	0.0124563	0.0105115	-0.0463213	-0.0463872	-0.0291609	0.00189102	-0.0654647	-0.0419753	-0.0296869	-0.0275612	-0.0211144	-0.089796	-0.01317	-0.0171321	-0.0490477	-0.0501594	-0.0232942	-0.0349899	-0.0208014	-0.00471776	0.0148149	-0.03004	-0.0251894	-0.0451218	-0.0893213	-0.015461	-0.0186733
4.2	-0.00400235	-0.0161684	-0.004813	-0.00503125	-0.0177137	-0.00516959	-0.0470402	-0.0361709	-0.0739662	-0.0442688	0.0348802	-0.0153137	0.00199595	-0.0177094	-0.0125554	0.0409546	0.00143798	-0.0512971	-0.00753301	-0.00267789	-0.00873202	-0.0100171	-0.0196798	-0.00889466	-0.00817445	-0.0023626	-0.0139358	-0.0147094	0.024116	-0.00757728	0.00475774	-0.0191958	0.00161494	-0.0122694	-0.0160472	-0.00890682	-0.00739426	-0.0077996	-0.0451522	0.0140799	0.0140513	-0.000666892	0.00629898	-0.0425397	-0.0431484	-0.0197309	-0.0152769	-0.0128038	-0.0127384	-0.0115968	-0.0227628	-0.0372856	-0.00642654	-0.0297496	-0.020648	-0.0375367	-0.00500736	-0.0754959	-0.0120474	-0.0198434	-0.0136429	-0.0129725	-0.0413795	-0.00567859	-0.0119443	-0.0138406	-0.0137777	-0.0511181	0.0028786	0.00918847	0.0142478	0.00758376	0.00656538	-0.0279758	-0.0150817	-0.0399496	-0.0439471	-0.0309513	-0.015741	-0.0162966	-0.00479539	-0.0123329	-0.0340354	-0.00482025	-0.0243399	-0.0343587	-0.0349335	0.027752	-0.00950184	-0.033218	-0.0366216	-0.0288241	-0.00391378	-0.0575316	-0.0192015	-0.0116935	-0.0109536	0.00909446	0.0145942	-0.0383664	0.010281	-0.0110071	-0.0184145	-0.0345912	-0.0393203	-0.0431959	-0.0360977	-0.00520678	0.0353762	-0.0272863	-0.0313994	0.00913856	-0.0160073	-0.0240068	-0.0178392	-0.042414	-0.0130037	-0.0182802	-0.0334698	-0.0290385	-0.0370619	-0.0222358	-0.0226224	-0.0313446	-0.0405231	-0.0390626	-0.037595	0.0499363	0.0506566	0.0450343	-0.0456968	-0.0233192	0.0171265	-0.0129452	0.00700186	-0.0119909	-0.0136923	-0.0136081	-0.00845766	-0.0130903	0.0258898	-0.00215209	-0.0196013	-0.00952677	-0.0290996	0.000781279	-0.00771798	-0.00755014	-0.0165293	0.0163413	0.0154043	-0.016613	-0.00630563	-0.00653502	-0.00158219	-0.00541719	0.0318857	-0.0590918	-0.0721021	0.0155413	-0.0355065	-0.0527816	-0.0267723	-0.0354679	-0.0463674	-0.000427996	-0.0309311	0.0131795	0.00608265	0.0103887	0.0101244	-0.0334638	0.0118628	0.0119296	-0.00439351	0.00851769	-0.0230591	0.000780695	0.00113373	-0.034109	-0.0299379	-0.00795834	0.000409769	0.00437569	0.00569752	0.00570371	-0.0167752	0.00517042	-0.0236141	-0.0306499	-0.0261047	-0.0335215	-0.0371123	-0.0278334	-0.0222366	-0.0358951	-0.0276618	-0.0228424	-0.0247139	-0.0307083	-0.0385021	-0.00934926	-0.00145208	-0.0238179	-0.00586878	-0.00720943	-0.00719173	0.00116912	-0.000715625	0.0374229	0.00168479	-0.0109342	0.0583096	-0.0756329	0.0751777	-0.0194137	-0.0173569	-0.0355711	0.0508742	0.0232968	-0.0184253	-0.025519	-0.0157217	-0.0141739	-0.00168911	-0.00265021	-0.0155612	-0.00807355	-0.0329071	0.0268855	-0.00759102	-0.00114807	-0.02469	0.0295733	0.0146918	-0.00474796	0.00207426	-0.0207058	-0.000907287	0.0164383	-0.0173208	-0.00124005	-0.00331638	-0.0105737	0.0145505	-0.0055678	-0.0420908	0.0125625	-0.00646201	-0.0266722	-0.0305856	0.0254921	0.0243696	-0.0179819	-0.0290557	0.0218745	-0.0739672	0.00530617	-0.0091867	-0.00513532	-0.00819438	-0.0169237	-0.0435278	-0.0207501	-0.0210479	-0.042003	0.00473724	0.00308746	-0.0363687	-0.0365238	-0.00948245	0.000589979	-0.0485356	-0.0234828	-0.0295625	-0.0125453	-0.0134933	-0.0760592	-0.0104918	-0.00892392	-0.0409508	-0.041934	-0.0162598	-0.0139797	-0.0177392	-0.00033795	0.0220733	-0.0147834	-0.0150578	-0.0217655	-0.0694698	-0.00749606	-0.0149533
4.3	0.00481761	0.00408415	-0.00362105	0.00509205	-0.00363008	0.00720594	-0.0281822	-0.0205256	-0.0477876	-0.0320871	0.0398566	-0.00542595	0.000157971	-0.00585081	-0.0199861	0.0302952	-0.0074794	-0.0394401	0.01071	0.00543555	0.0141072	0.0117484	-0.00723997	-0.00827341	0.0033927	0.00740584	0.0024681	-0.000905149	0.0332765	0.00851218	0.026399	-0.000797605	0.0149001	0.00579468	-0.00590918	0.00062475	-0.00119018	-0.00176892	-0.0381722	0.022967	0.0195931	-0.00508859	0.00178555	-0.0237173	-0.0240484	-0.00397445	-0.00453087	-0.000394167	0.00277259	0.000760049	0.0106965	-0.0258545	0.00958233	-0.0222185	-0.000615703	-0.0288276	0.00440433	-0.0458391	0.00252501	-0.00349337	-0.00147451	-0.00204192	-0.0238594	0.00740908	0.0102438	-0.00587132	0.0228863	-0.0335102	0.0159427	0.0240452	0.0133444	0.0223443	0.0157306	-0.0140265	-0.000778746	-0.0224009	-0.0234534	-0.00946571	-0.000611381	-0.00217155	0.00662518	0.0106148	-0.00742787	0.00888241	-0.00823284	-0.0195347	-0.0196165	0.0390796	0.002312	-0.0235715	-0.0248326	-0.00501065	0.010118	-0.0379915	-0.00810159	-0.0048686	-0.00440921	0.0201598	0.0205287	-0.0187352	0.0113865	-0.00556131	-0.00675437	-0.00530397	-0.0175045	-0.0353558	-0.00376229	0.0060436	0.0440946	-0.0188679	-0.0230535	-0.00780983	-0.0126828	0.0091557	0.0157196	-0.0451995	0.0103816	0.00644948	-0.0237701	-0.017308	-0.018199	-0.00804457	-0.00836537	-0.0130987	-0.0174249	-0.017922	-0.0160894	0.0616011	0.0433492	0.0471847	-0.0323024	-0.00691688	0.019562	0.00547374	0.0167937	-0.00564508	-0.0119157	-0.0118559	0.0102429	0.00713753	0.0317829	0.0100135	-0.012025	-0.003001	-0.0176744	-0.00112995	-0.0280257	-0.0277943	-0.0228597	0.0131664	0.0108122	-0.00913267	0.00441865	-0.00105532	-0.00407207	-0.0257457	0.0199377	-0.0355205	-0.0445699	0.0390076	-0.0144205	-0.0396911	-0.0021294	-0.012841	-0.0379393	0.0154026	-0.0193429	0.0174117	0.010651	0.0147025	0.0108844	-0.0118285	0.0139322	0.0200962	0.0110335	0.0191103	-0.0113454	-0.00196968	0.00608765	-0.0173056	-0.0179035	-0.00143642	0.0113057	0.0313518	0.0344426	0.0343357	-0.00223764	0.00292785	-0.00706562	-0.0130017	-0.0114099	-0.0152335	-0.0182297	-0.0178175	-0.00633446	-0.0158793	-0.0176227	-0.00603322	-0.0103587	-0.0129833	-0.018514	0.00139792	0.012808	-0.0102536	-0.00306599	0.000258166	-8.5371e-05	0.0162303	0.0298277	0.0340259	0.00344833	0.0173352	0.055416	-0.0515314	0.0736779	-0.00691314	0.00556748	-0.0204356	0.0549497	0.0477947	-0.0108263	-0.012384	-0.00247071	0.00884625	0.00975643	0.0098031	-0.0010969	0.00382053	-0.0140624	0.0360732	0.0139233	-0.000736827	-0.00214801	0.0355146	0.026206	0.00580874	0.0200823	-0.0114164	0.0193479	0.0154926	0.000487858	0.0239792	0.0210852	0.0138771	0.0279385	0.0188576	-0.024005	0.0319636	-0.00308003	-0.00301121	-0.00746417	0.0317574	0.0212758	-0.0147614	-0.0211546	0.0327777	-0.0460814	0.0197379	0.011467	0.00206349	-0.0011414	0.0126631	-0.0220013	-0.0042291	-0.0057593	-0.0221189	0.00152437	0.000779315	-0.0200735	-0.0201008	0.0105787	-0.0011696	-0.0269185	-0.000138867	-0.0249879	0.00547632	-0.00466638	-0.0540636	-0.0043572	5.22969e-05	-0.0255311	-0.0258099	-0.0103939	0.0104693	-0.0141595	0.00322211	0.0240604	0.00181621	-0.00139304	0.00645818	-0.0421986	-0.000921195	-0.00910063
4.4	0.0125448	0.022443	-0.00334646	0.0130789	0.0109666	0.0180334	-0.00430815	-0.0036179	-0.0154346	-0.012739	0.0356349	0.00418884	-0.0029023	0.0067351	-0.0252443	0.0143279	-0.0153394	-0.0219915	0.0260678	0.0161287	0.0359789	0.0334681	0.00472632	-0.00529919	0.0125002	0.0133665	0.0177141	0.0140734	0.034843	0.0230187	0.041787	0.0184255	0.0269214	0.0219722	0.00114509	0.00933715	0.00297207	0.00236532	-0.0267385	0.027133	0.0220964	-0.00782222	-0.00201802	-0.000598926	-0.000447965	0.0128774	0.0073712	0.0119486	0.018936	0.0149181	0.0460338	-0.0103825	0.0231609	-0.0121434	0.0188361	-0.0139673	0.0111856	-0.0104023	0.0179379	0.0145927	0.012987	0.0115999	-0.000621673	0.0197351	0.0299734	0.000378695	0.0575288	-0.0114444	0.0261466	0.0351734	0.0103115	0.0326585	0.0224854	0.00151319	0.0134638	-0.00205016	0.00252579	0.0132967	0.0157579	0.0138048	0.0164704	0.0371784	0.0234128	0.0212572	0.00783716	-0.00402907	-0.00322022	0.0442368	0.0157055	-0.0120929	-0.0102659	0.0248218	0.0236789	-0.0123682	0.00241867	0.00214049	0.00222222	0.0265221	0.0214363	0.00531085	0.0104383	0.004517	0.00874157	0.0267276	0.00270625	-0.0240923	0.0302903	0.0176177	0.0448777	-0.00880356	-0.0125372	-0.0217689	-0.00576295	0.0445232	0.0495549	-0.0421539	0.0316284	0.0322109	-0.0123154	-0.00191859	0.00270409	0.00791604	0.00863704	0.0075138	0.00905026	0.00707889	0.00738497	0.0599436	0.0251573	0.0354971	-0.0159062	0.00866267	0.0166362	0.0213524	0.0224311	0.000983208	-0.00694609	-0.00690708	0.0272585	0.0252043	0.0322587	0.021777	-0.00409137	0.00223799	-0.0046092	-0.00403778	-0.0439651	-0.043693	-0.0270861	0.00911987	0.00550196	-0.00309558	0.0142147	0.00415535	-0.00730543	-0.0420262	0.00561799	-0.00615961	-0.0102756	0.0584536	0.0116	-0.0233118	0.0199355	0.0112575	-0.0271531	0.0265453	-0.00447874	0.0176874	0.0125039	0.0143987	0.00784063	0.0121366	0.0148116	0.0252865	0.0239751	0.026567	0.00184257	-0.00640262	0.00907129	0.00348818	-0.0056739	0.0058016	0.0192797	0.0539865	0.0575761	0.0573458	0.0113844	-0.000715949	0.0109546	0.00642742	0.00424864	0.00546749	0.00269507	-0.00549746	0.0106323	0.00671035	-0.00530879	0.0120119	0.00463239	0.00639736	0.00336977	0.00943048	0.0251378	0.0047491	-0.0024593	0.00479547	0.00414163	0.0264408	0.059586	0.0229613	0.00341401	0.0452918	0.0479945	-0.020377	0.0616059	0.00639512	0.0280132	-0.00494318	0.047567	0.065094	-0.00195893	0.00315502	0.00977656	0.0294054	0.0192632	0.0206532	0.0137583	0.012224	0.00743936	0.0384316	0.0356877	0.00360547	0.0247763	0.0347392	0.0323516	0.0172636	0.03554	-0.00378855	0.0345106	0.0120775	0.0184953	0.042062	0.0413494	0.0390076	0.0349687	0.0420032	0.000365343	0.0453894	5.427e-05	0.0232407	0.0191665	0.0333903	0.0170026	-0.0115599	-0.0114727	0.0353933	-0.0106118	0.0303962	0.0300549	0.00714365	0.00345695	0.0453429	0.00411567	0.0124032	0.00907926	0.00289613	0.00300658	0.00321391	0.00160046	0.00169957	0.0264998	-0.00201957	-0.00200444	0.0255435	-0.0160965	0.0217463	0.00369875	-0.0233542	0.00228687	0.00806591	-0.00296581	-0.00211905	-0.00620821	0.0349717	-0.00956931	0.00524817	0.0203267	0.0171906	0.0131063	0.0365841	-0.0088881	0.00293752	-0.0021956
4.5	0.017394	0.0356186	-0.00337768	0.0171435	0.0226508	0.0250304	0.02262	0.0131937	0.0182528	0.0110434	0.0228861	0.0114493	-0.00710871	0.0171093	-0.027791	-0.00456245	-0.023697	0.000428008	0.0349115	0.0258037	0.0503077	0.0487913	0.0145904	-0.00303231	0.0176715	0.0150112	0.0286153	0.0280546	0.0277598	0.0321336	0.047966	0.0352696	0.0340415	0.0321498	0.00439719	0.0163304	0.00436073	0.0038615	-0.0127272	0.0255089	0.0206399	-0.00817268	-0.00455736	0.0233966	0.0236109	0.0282169	0.0189357	0.0226707	0.0328162	0.0291301	0.0751768	0.00732493	0.0318859	-0.000854884	0.0338725	0.00327649	0.0146065	0.0238315	0.0301145	0.0310941	0.027228	0.0255119	0.0236959	0.0289541	0.0416617	0.0036582	0.081444	0.0130077	0.0313474	0.0385039	0.00603651	0.0353072	0.0258645	0.0162117	0.0248219	0.0199843	0.0297568	0.0340127	0.0314108	0.0291745	0.0221274	0.0634154	0.0528034	0.0336365	0.0230694	0.0115549	0.0129925	0.041766	0.0265674	-0.000865769	0.00504631	0.0543703	0.033506	0.0157553	0.0100142	0.00772905	0.00752155	0.0256064	0.0164721	0.0294344	0.00813735	0.0173493	0.0251125	0.0551044	0.0159956	-0.0117855	0.0585864	0.0255675	0.0381192	0.00223259	-0.0012528	-0.031984	0.00254878	0.0743101	0.0756044	-0.0355736	0.0468041	0.0531243	-0.00106243	0.014445	0.0237152	0.0232343	0.0254856	0.0276093	0.0341509	0.0318211	0.0291494	0.0458078	0.00345881	0.0171296	0.000311424	0.0230773	0.0114434	0.032118	0.0230574	0.00391564	-0.00216979	-0.00215402	0.0390302	0.0374465	0.0279803	0.0303841	0.00348273	0.00506403	0.00762733	-0.00794845	-0.0554986	-0.0552034	-0.0288295	0.00428842	0.000524999	0.0020632	0.0218	0.00788452	-0.0111258	-0.0541373	-0.00925864	0.0248392	0.0266135	0.068884	0.0350678	-0.00620954	0.0343007	0.0321824	-0.0155681	0.0302867	0.0105604	0.0146036	0.0101793	0.00816069	0.000694611	0.0337851	0.0151687	0.0278315	0.0294448	0.0292882	0.0127578	-0.0118284	0.00884071	0.0254092	0.00469256	0.012412	0.0230695	0.067947	0.0723177	0.0720192	0.0216725	-0.00532446	0.0275223	0.0249073	0.0182398	0.0250809	0.0236965	0.00819834	0.0261031	0.0286165	0.00832726	0.0279745	0.0177827	0.0246102	0.0248491	0.0135948	0.0294081	0.0180391	-0.00445716	0.0057392	0.00505326	0.0279046	0.0809508	0.00705916	0.00327816	0.0688407	0.0378244	0.0154056	0.044527	0.0178616	0.0423951	0.00746808	0.0323678	0.0711997	0.00665022	0.0176824	0.0183855	0.0441805	0.0259491	0.0267069	0.0254475	0.0161769	0.0278389	0.0345877	0.051766	0.0103256	0.0514974	0.0280719	0.0319558	0.0266792	0.0440873	0.00135946	0.0406643	0.00755355	0.0316265	0.0492212	0.0527045	0.0583453	0.0336962	0.0594609	0.0256249	0.0498277	0.00236527	0.0479078	0.0451763	0.0304446	0.0119879	-0.00964544	-0.00041273	0.0303814	0.0274553	0.0351264	0.0427962	0.00943941	0.00468212	0.071215	0.0316654	0.0273341	0.0218962	0.0289429	0.00606032	0.00685192	0.0237	0.0236875	0.0345859	-0.00134637	0.0230741	0.0485815	-0.0045853	0.0321353	0.0100712	0.0133585	0.00648598	0.0138936	0.022206	0.0239401	-0.00252398	0.0539732	-0.00351235	0.00518433	0.0122768	0.0293246	0.023748	0.0620953	0.0255816	0.00386503	0.00417402
4.6	0.0182264	0.041687	-0.00316236	0.0167899	0.0289448	0.0270455	0.0478899	0.027972	0.0455978	0.0331162	0.00509944	0.0149126	-0.0117334	0.0222649	-0.0279283	-0.0228933	-0.0329191	0.0244004	0.0352365	0.0311609	0.0530918	0.0528896	0.0213738	-0.00357463	0.0186035	0.0132627	0.0333468	0.0375492	0.0142001	0.0340933	0.0466033	0.0452597	0.0341852	0.0346773	0.00447911	0.0203919	0.00320649	0.00288084	0.00129659	0.0199395	0.0160939	-0.00657319	-0.00546295	0.0418276	0.0416684	0.0377747	0.0276828	0.0296817	0.0397881	0.039376	0.0900934	0.0226983	0.0346192	0.00920113	0.0412819	0.0177439	0.0153075	0.0486906	0.0353173	0.0418553	0.0372164	0.035652	0.0415824	0.0330404	0.0431297	0.00380606	0.0888435	0.0366243	0.030666	0.033423	0.00130441	0.0305142	0.0255801	0.0262528	0.0312698	0.0415644	0.0501132	0.04761	0.0430793	0.040252	0.0213532	0.0799158	0.0727053	0.0451017	0.0355273	0.0260498	0.0272669	0.0329423	0.0316431	0.00855238	0.0191102	0.0738896	0.0369912	0.03917	0.0132271	0.0107951	0.0105817	0.0181843	0.00753364	0.0462498	0.00495802	0.0295759	0.0370358	0.0724099	0.0210636	-0.000611645	0.0741251	0.0274583	0.025978	0.0122425	0.00861522	-0.0383112	0.00903304	0.0900006	0.0872396	-0.0282777	0.0533206	0.0641737	0.00849064	0.0269021	0.0402001	0.0357955	0.0389586	0.0416533	0.0510132	0.0494842	0.0444743	0.0256514	-0.0155455	0.000281764	0.0128272	0.0349361	0.00627675	0.0367973	0.01932	0.00137464	-0.000950361	-0.000961267	0.0431032	0.0419833	0.0206552	0.0331699	0.00995826	0.00523872	0.0155983	-0.0124035	-0.0621238	-0.0618238	-0.0278687	-0.000561079	-0.0034686	0.00636704	0.0255728	0.00936717	-0.0149089	-0.0614227	-0.0228564	0.0490443	0.0569964	0.066999	0.0466149	0.00840672	0.0396492	0.045746	-0.00390487	0.0271991	0.0209379	0.00942947	0.00344671	-0.00248009	-0.00906746	0.0467413	0.0146607	0.0276501	0.0259475	0.0266649	0.0187024	-0.0170959	0.00594472	0.0419897	0.011128	0.0172954	0.0231452	0.0705848	0.0770066	0.076752	0.0274218	-0.0100745	0.0379126	0.0380766	0.0273458	0.0386874	0.040167	0.019863	0.0357949	0.0438831	0.0198708	0.0372841	0.0261227	0.0370706	0.0413677	0.0144722	0.0238423	0.0267387	-0.00888286	0.00368025	0.00324703	0.0208221	0.0868356	-0.0101993	0.00399164	0.0830876	0.0241406	0.0492431	0.0256414	0.0252833	0.0445951	0.0142542	0.0149091	0.0653713	0.0132581	0.0265476	0.0218807	0.0512227	0.0288743	0.0261745	0.0303861	0.0162651	0.0410822	0.0264865	0.0566309	0.0168869	0.0700366	0.0176199	0.0255635	0.0306666	0.0433543	0.00415145	0.0376749	0.00333447	0.0366384	0.0456183	0.0531934	0.0652085	0.024966	0.0674237	0.0434471	0.0447522	0.00311149	0.0650855	0.0638175	0.0238429	0.00648524	-0.00936823	0.0101828	0.020861	0.0581733	0.0329097	0.0469682	0.00879099	0.00291327	0.0808445	0.0552291	0.0383111	0.0311662	0.0482188	0.00663517	0.00749958	0.0386632	0.0383265	0.0341171	0.000380706	0.0442395	0.063114	0.00696801	0.0348877	0.0137783	0.0493452	0.0071949	0.0168727	0.0410815	0.0428283	0.00195979	0.0629161	0.00345761	0.00343722	0.00280136	0.0364442	0.026125	0.0750755	0.0528747	0.00247794	0.00863159
4.7	0.0152972	0.0404987	-0.00216324	0.0128877	0.0290926	0.0243221	0.0653876	0.0381132	0.0599056	0.0470313	-0.0133024	0.0143014	-0.0158672	0.0213198	-0.0264986	-0.0376966	-0.0424355	0.0430084	0.0284321	0.0309469	0.0458282	0.0465343	0.0245996	-0.00704614	0.0160952	0.00980186	0.0320618	0.0398832	-0.00147831	0.0305426	0.0408071	0.0456173	0.0278217	0.0304946	0.0026365	0.0204046	0.000531785	0.000366777	0.0129211	0.0129526	0.0104934	-0.0046446	-0.00515803	0.048604	0.0484008	0.0382328	0.0306091	0.0310165	0.036973	0.0421463	0.0881107	0.0308256	0.0319406	0.0153337	0.0403131	0.0252374	0.0142792	0.0585301	0.0323944	0.0437301	0.0394258	0.0384296	0.0471845	0.0316011	0.0363871	0.00145534	0.0804118	0.0552838	0.0252852	0.0224911	-0.00317776	0.0212698	0.0220053	0.0290644	0.0322332	0.0583217	0.0570054	0.0497286	0.0471208	0.0433317	0.0127873	0.0777911	0.0776456	0.0518535	0.0431555	0.0370407	0.0372716	0.0201583	0.0301301	0.0148649	0.030662	0.0770223	0.0336981	0.0511036	0.0120727	0.0114897	0.0115483	0.00768241	-0.00228884	0.0504807	0.00116534	0.038117	0.0400189	0.0748089	0.0202231	0.00779224	0.0742883	0.0239507	0.0110678	0.018388	0.014751	-0.0404511	0.0118247	0.0881822	0.0831752	-0.022261	0.0516103	0.0640816	0.0149313	0.0314909	0.0465377	0.0433231	0.0460614	0.044662	0.0546738	0.0543476	0.0490487	0.00551512	-0.028604	-0.0115725	0.0193934	0.0422764	0.00249237	0.0357246	0.0129655	-0.00601839	-0.00435197	-0.00438547	0.0395701	0.0392819	0.0118382	0.0295844	0.0145132	0.003481	0.0167464	-0.016568	-0.0634441	-0.0631607	-0.0242702	-0.00465446	-0.00638805	0.00948668	0.0241342	0.00833355	-0.0179038	-0.0633602	-0.0337961	0.0580724	0.0707651	0.054033	0.0425445	0.017698	0.0381216	0.0507835	0.00795699	0.0205663	0.0230839	0.0033978	-0.00660042	-0.0148427	-0.0194223	0.0469924	0.012118	0.023894	0.0165779	0.0197333	0.019339	-0.0209604	0.0015574	0.0473521	0.0127695	0.0197215	0.0207118	0.0610187	0.070444	0.0703234	0.0283001	-0.0139672	0.0382264	0.0412713	0.0289017	0.0420208	0.0465178	0.0253236	0.0361858	0.0474703	0.0252139	0.0367596	0.0273655	0.0396283	0.0474239	0.0138853	0.0114985	0.029541	-0.0144056	2.83022e-05	-4.32767e-05	0.00891471	0.0764775	-0.0260586	0.00510386	0.0843449	0.0064753	0.070924	0.00573556	0.0276287	0.0367592	0.0151164	-0.000516731	0.0506375	0.0165976	0.0273081	0.0205233	0.0503469	0.0278678	0.0195338	0.0275285	0.0134368	0.0432689	0.0162867	0.0501354	0.0212407	0.0744523	0.00553797	0.0152985	0.0280616	0.0346594	0.00557255	0.0289289	-2.05374e-05	0.0336842	0.0343169	0.0443877	0.0585375	0.0121384	0.0646215	0.0483719	0.0324295	0.00194052	0.0696636	0.0694372	0.0149319	0.000673275	-0.00997176	0.0174437	0.0102813	0.0714762	0.024904	0.0423593	0.00567323	-0.000246085	0.0732497	0.0691424	0.0439747	0.0363087	0.0544151	0.00202267	0.00262395	0.0416969	0.041062	0.0277998	0.00211288	0.0579092	0.0652538	0.0163776	0.0308394	0.0151155	0.0755856	0.00560221	0.0169918	0.0461601	0.0470672	0.00674419	0.0601514	0.00917049	0.00133976	-0.00504291	0.0374818	0.0202505	0.0719522	0.0647848	-0.000116328	0.010996
4.8	0.0100823	0.0333905	-0.000158578	0.00729004	0.0239627	0.0181482	0.0715602	0.0420025	0.0586655	0.0496712	-0.0289587	0.00984448	-0.0186679	0.0156904	-0.0246248	-0.0475869	-0.0509663	0.0505939	0.0183969	0.0260824	0.033028	0.0342178	0.0243035	-0.0123758	0.0114459	0.00625758	0.0263571	0.0353789	-0.0153885	0.024453	0.0321363	0.0371796	0.0171284	0.0220036	0.000251436	0.0162411	-0.00228903	-0.00236889	0.0202435	0.0059791	0.00521126	-0.00418245	-0.00492684	0.0429224	0.0432823	0.0299349	0.0261121	0.0259118	0.0261537	0.0367632	0.0731725	0.0300864	0.0254363	0.0158615	0.0330001	0.0240874	0.0118307	0.0533153	0.0234118	0.0366269	0.0331233	0.0330356	0.0405132	0.0260501	0.0253485	-0.00228964	0.0618075	0.0645682	0.017478	0.00915294	-0.006692	0.0107693	0.0156937	0.0251066	0.0282662	0.0651599	0.0504484	0.0407332	0.041617	0.0369606	-0.00252318	0.05946	0.0687537	0.0501352	0.0454416	0.0422434	0.0413989	0.0052391	0.0230679	0.0170886	0.038708	0.0661745	0.0251064	0.0501387	0.0079381	0.0108697	0.0112139	-0.00228709	-0.0104032	0.0427932	-0.00272244	0.0403502	0.0340129	0.064938	0.0163485	0.01243	0.0623944	0.0174794	-0.00469349	0.0184875	0.0157031	-0.0381051	0.0112535	0.0728728	0.0675602	-0.0180617	0.0446158	0.0554656	0.017133	0.0277129	0.0406331	0.0438972	0.0452119	0.0366669	0.0458209	0.0462776	0.0418891	-0.0123207	-0.0350552	-0.0191487	0.0197568	0.0443537	0.00053036	0.0300305	0.005856	-0.0163599	-0.0110465	-0.0110943	0.0305407	0.0312678	0.00250579	0.0214393	0.0164335	0.00107675	0.0115252	-0.0193224	-0.0598137	-0.0595673	-0.0184667	-0.00777611	-0.00875471	0.0113886	0.0176567	0.00522259	-0.0194431	-0.0602727	-0.0414963	0.0505719	0.0649181	0.0349337	0.027096	0.0206435	0.0324702	0.0496595	0.0195762	0.0137583	0.017118	-0.00245777	-0.0178687	-0.0265116	-0.0284488	0.0361385	0.00643364	0.0156991	0.00592382	0.0104619	0.0162573	-0.0224126	-0.00302755	0.0409451	0.0101107	0.0194186	0.0166488	0.0424529	0.0540994	0.0541212	0.0247762	-0.016147	0.0288154	0.0334797	0.0227836	0.034441	0.0406582	0.0231892	0.0275288	0.039705	0.0230248	0.0274279	0.0216272	0.0321324	0.0411432	0.01322	-0.00352005	0.0268906	-0.018937	-0.00347219	-0.00325469	-0.00381427	0.0556414	-0.0389355	0.00491097	0.0728891	-0.0134987	0.0736664	-0.0146995	0.0253423	0.0244619	0.0119004	-0.0120428	0.0319902	0.0162937	0.0212518	0.0159909	0.0426555	0.0237927	0.00919809	0.0195017	0.00844203	0.0351788	0.00544751	0.0369133	0.0224093	0.0659036	-0.00668837	0.00383222	0.0207138	0.0219975	0.00685224	0.0184384	-0.00285247	0.0254105	0.0193211	0.0300332	0.0433819	-0.000849507	0.0530538	0.0414465	0.0164496	-0.00082838	0.0619456	0.0625296	0.00477491	-0.00522538	-0.0100975	0.0189104	0.00101403	0.0649299	0.0142254	0.0311812	0.00137498	-0.00288348	0.0548566	0.071297	0.0445781	0.03795	0.047712	-0.00792408	-0.00769338	0.0342017	0.0334703	0.0195925	0.00297138	0.0620099	0.0551727	0.0223773	0.0223825	0.0147271	0.0852645	0.00345	0.0149924	0.0374848	0.0371953	0.0100916	0.0471645	0.0109749	0.000234655	-0.00972685	0.0328905	0.0104334	0.0567733	0.0595227	-0.00259246	0.0119343
4.9	0.00422749	0.0224537	0.00240585	0.00189362	0.0154291	0.0101549	0.0670467	0.0402481	0.0450733	0.0412264	-0.0401987	0.00245714	-0.0195033	0.0074558	-0.0232193	-0.0524973	-0.0566441	0.0477526	0.00863107	0.0184559	0.0186581	0.0200522	0.0210478	-0.0183733	0.00605995	0.00352479	0.0180341	0.0273299	-0.0254251	0.0182081	0.0212943	0.0233205	0.00486215	0.0119972	-0.00154933	0.00914807	-0.00399879	-0.0041336	0.0223023	-0.000527577	0.0001744	-0.00595456	-0.006093	0.0293234	0.0301825	0.0166982	0.0154488	0.0154857	0.0121565	0.0252145	0.0521237	0.0225781	0.0166874	0.0107163	0.0226042	0.0154464	0.00791438	0.0388162	0.0114682	0.0230387	0.0201788	0.0210946	0.0262007	0.0183584	0.0131683	-0.00599412	0.0391429	0.0612771	0.00913859	-0.0036765	-0.00867382	0.000981849	0.00737085	0.0167397	0.0206552	0.0606566	0.0350519	0.0254326	0.0280865	0.0231253	-0.020932	0.0362445	0.052195	0.0394308	0.0434703	0.0413161	0.0400012	-0.0104179	0.0123974	0.0151948	0.0419174	0.0487689	0.0135578	0.0403766	0.00287217	0.00972599	0.0101088	-0.00953734	-0.0153125	0.02761	-0.00588316	0.0356567	0.0226094	0.0490481	0.0115902	0.0133229	0.045197	0.0100593	-0.0198584	0.012171	0.0113672	-0.0312947	0.00904286	0.0516486	0.0463213	-0.0154562	0.0354555	0.0423434	0.0151172	0.0179332	0.025829	0.0376814	0.0372826	0.0225167	0.0297669	0.030313	0.0267247	-0.0277477	-0.0359613	-0.0244726	0.0150358	0.0420823	-0.000348898	0.0215169	-0.000613382	-0.0270945	-0.0189212	-0.0189781	0.0187641	0.0201946	-0.00650416	0.0114686	0.0153836	-0.000676287	0.00252381	-0.019795	-0.0523287	-0.0521493	-0.0112854	-0.0103641	-0.0114207	0.0122549	0.00799377	0.000958154	-0.0191621	-0.0533413	-0.0460838	0.0326926	0.0455156	0.0154993	0.00747706	0.0184239	0.0242281	0.0454047	0.0288477	0.00823005	0.00613966	-0.00731229	-0.028475	-0.0355856	-0.034673	0.019151	-0.00189866	0.00420858	-0.00291037	0.00068151	0.0113452	-0.0210739	-0.00632183	0.0266576	0.00427609	0.0166235	0.0113812	0.0222916	0.0327476	0.0328681	0.0181586	-0.0162974	0.0140281	0.0187929	0.0121372	0.0197292	0.025892	0.0157027	0.0136204	0.0253385	0.0155443	0.0137301	0.0118307	0.0184775	0.0262188	0.012326	-0.0183352	0.0203133	-0.0210957	-0.00522032	-0.00485284	-0.0145687	0.0318187	-0.0481675	0.00185888	0.0526216	-0.0322409	0.0601026	-0.0336913	0.0197812	0.0121906	0.00744834	-0.0196872	0.0141202	0.0128623	0.0114309	0.0103221	0.0295056	0.0176731	-0.00188676	0.0102521	0.00233866	0.0205743	-0.00523296	0.0218296	0.0202993	0.0505318	-0.0180441	-0.00667587	0.0116734	0.00932204	0.00857193	0.00843575	-0.00591529	0.0149061	0.00414755	0.0137767	0.0257261	-0.0113521	0.0364817	0.0272689	6.85933e-05	-0.00435799	0.0470653	0.0483038	-0.0058228	-0.010857	-0.00889949	0.0137174	-0.00601697	0.0449653	0.00439717	0.017084	-0.00242507	-0.00376296	0.0329193	0.0637229	0.041545	0.0372114	0.0327321	-0.0207527	-0.020867	0.0211642	0.0204757	0.0124326	0.00286756	0.0575586	0.0369554	0.024328	0.0123675	0.0130809	0.0783025	0.0011879	0.0116866	0.0209287	0.0197404	0.0113421	0.0291555	0.00769844	0.000791912	-0.0115611	0.0245155	0.00121228	0.0375223	0.0426206	-0.00393037	0.0119074
5.0	-0.00135113	0.00978258	0.00447685	-0.00243148	0.00548886	0.00180075	0.0548484	0.0348532	0.0263874	0.0247515	-0.0466531	-0.00577011	-0.0180748	-0.00168594	-0.0224161	-0.0530255	-0.0577686	0.0393554	0.000657663	0.00947838	0.00486567	0.00634449	0.0156666	-0.0240113	0.00110619	0.00155576	0.00824301	0.0191905	-0.0310034	0.0127	0.00921386	0.00788705	-0.00646533	0.00262178	-0.00226609	0.00123398	-0.00395836	-0.00433189	0.0193504	-0.0068746	-0.00558276	-0.00949073	-0.00882009	0.0135991	0.0142764	0.00293586	0.00207562	0.00255684	-0.000870421	0.0105331	0.030132	0.0115489	0.00679193	0.00155278	0.0117215	0.00283611	0.00303725	0.0224224	-0.00137401	0.0062606	0.00378254	0.00534781	0.00954726	0.00980424	0.00133812	-0.00817667	0.0160064	0.0461783	0.00120748	-0.0138232	-0.00904795	-0.00734326	-0.00204261	0.00649695	0.0110581	0.0477612	0.0158394	0.0090631	0.0108357	0.00611751	-0.0380337	0.0163933	0.0340817	0.0228245	0.0388622	0.0358051	0.0349417	-0.0250936	0.000441836	0.00999647	0.0386597	0.0302914	0.00126797	0.026914	-0.00131963	0.00790428	0.00807865	-0.0134118	-0.0166554	0.00949246	-0.00770146	0.0263536	0.0095537	0.0318759	0.00693009	0.0113687	0.0281303	0.00242731	-0.0330182	0.00127909	0.00313329	-0.0205976	0.00676456	0.0301242	0.0236608	-0.0141251	0.025278	0.0277218	0.00979355	0.00530643	0.00815754	0.0271144	0.0251628	0.00773045	0.0124385	0.0125914	0.00947304	-0.0409805	-0.0334023	-0.0290692	0.00703931	0.0372708	-0.00146515	0.0120888	-0.00583726	-0.0356605	-0.0261563	-0.0262188	0.00628457	0.00791256	-0.014233	0.00158219	0.0116066	-0.00106874	-0.00750042	-0.0178112	-0.0425919	-0.0425075	-0.00379711	-0.0131689	-0.0148943	0.0119663	-0.00221181	-0.00312936	-0.017085	-0.0442538	-0.0480433	0.0123132	0.0217299	-0.000176823	-0.0109314	0.0132071	0.013787	0.038929	0.0329842	0.00317722	-0.00588049	-0.0106264	-0.0374138	-0.0407961	-0.0375456	0.000795778	-0.0104009	-0.00724822	-0.00921516	-0.00836952	0.00588685	-0.0172915	-0.00705944	0.00906491	-0.00334006	0.0116597	0.00515819	0.00599362	0.0111351	0.0113073	0.010094	-0.014751	-0.00104639	0.00318047	0.00110399	0.00354836	0.00820928	0.00624684	-0.00106618	0.00955245	0.00612298	0.000149886	0.00159913	0.00341592	0.00876107	0.00992985	-0.0309887	0.011672	-0.0207066	-0.00448804	-0.00408694	-0.0219572	0.00979004	-0.0536544	-0.00373169	0.0280512	-0.0457568	0.0385362	-0.0481521	0.0124221	0.00137866	0.00421512	-0.0244533	-0.000174652	0.00747706	0.000556047	0.00500723	0.0125905	0.0101436	-0.011488	0.00245284	-0.00333091	0.00378674	-0.0150399	0.00765785	0.0154505	0.0339109	-0.0276413	-0.0149617	0.00313443	-0.00126248	0.0100888	-0.000847095	-0.00981947	0.00443843	-0.00894918	-0.00211454	0.00911792	-0.0184181	0.0182886	0.0104231	-0.014684	-0.00753493	0.0300846	0.0315054	-0.0159395	-0.0156978	-0.00643299	0.00328145	-0.0109689	0.0208706	-0.00239741	0.00339662	-0.00463974	-0.00281067	0.0119164	0.0497971	0.0363934	0.0348499	0.0142842	-0.0328152	-0.0331254	0.00704653	0.00644937	0.00725814	0.00244308	0.0480294	0.0164195	0.0221491	0.00298433	0.0103211	0.0609047	-0.00202745	0.00728189	0.00269144	0.00148365	0.0118499	0.0123232	0.000604993	0.00271581	-0.0118405	0.0142698	-0.0051311	0.0199865	0.0218129	-0.0039189	0.0107675
5.1	-0.00668229	-0.00293077	0.00481389	-0.00603827	-0.00436881	-0.0060071	0.0382591	0.027469	0.00968659	0.00583929	-0.0486898	-0.0123973	-0.0145403	-0.010327	-0.0214501	-0.0499685	-0.0536477	0.0292453	-0.00546505	-0.000155996	-0.00753313	-0.00579302	0.00914806	-0.0282545	-0.0028725	-0.000257104	-0.00240616	0.0123605	-0.0323866	0.00726276	-0.00320029	-0.00605957	-0.0152821	-0.00526824	-0.00205511	-0.00546688	-0.00235228	-0.00309693	0.0124629	-0.0137066	-0.0127397	-0.013649	-0.0118585	-0.000245515	-0.000395461	-0.00864066	-0.0103235	-0.00969422	-0.0109445	-0.00460116	0.00928673	-0.000302113	-0.00342328	-0.00860997	0.00148111	-0.00956213	-0.00181843	0.00927642	-0.0137682	-0.0102234	-0.0124485	-0.0108997	-0.00558572	0.000966043	-0.00994401	-0.00790936	-0.0061893	0.0244571	-0.00606637	-0.0203092	-0.00849299	-0.0140976	-0.0115343	-0.00348907	0.00101329	0.0306308	-0.00302419	-0.00531818	-0.00561581	-0.00986551	-0.0501409	0.000684127	0.0174742	0.00498427	0.0325864	0.0276722	0.0279012	-0.0367552	-0.0107944	0.00290018	0.0281586	0.0128601	-0.00986254	0.0130569	-0.00370953	0.00457546	0.00449067	-0.014291	-0.0151065	-0.007825	-0.00833604	0.0155093	-0.00302043	0.0152307	0.00207967	0.00744118	0.0132093	-0.00531714	-0.042782	-0.0106506	-0.00628754	-0.00732852	0.00468478	0.0101946	0.00174856	-0.0135767	0.0135519	0.0132494	0.0025627	-0.00728773	-0.00751877	0.0156244	0.0126271	-0.00441493	-0.00227083	-0.0026177	-0.00545671	-0.0516263	-0.0292061	-0.0332223	-0.0019795	0.0313351	-0.00379447	0.00286324	-0.00995711	-0.0403328	-0.0312658	-0.0313282	-0.00592202	-0.00436717	-0.0198719	-0.00741784	0.00609386	-0.000260983	-0.0160423	-0.0138955	-0.0323391	-0.0323646	0.002945	-0.0165228	-0.0187637	0.01014	-0.0101076	-0.00565338	-0.0135702	-0.0347055	-0.047764	-0.00509612	0.000621268	-0.0108409	-0.0252598	0.00707006	0.0013225	0.0295448	0.0304154	-0.00305381	-0.0153981	-0.012308	-0.0439335	-0.041802	-0.0375582	-0.01568	-0.0162717	-0.0156992	-0.0136496	-0.0157766	0.000618596	-0.0119155	-0.00490617	-0.00806552	-0.0106999	0.00494634	-0.00158476	-0.00647617	-0.008741	-0.00855338	0.00194834	-0.012262	-0.0132107	-0.00946275	-0.00781055	-0.0100676	-0.00752223	-0.00279606	-0.0133991	-0.0042744	-0.00287312	-0.0109171	-0.00698169	-0.00978002	-0.00669147	0.00491218	-0.0399019	0.00261015	-0.0181759	-0.00184888	-0.0015103	-0.0259908	-0.00914848	-0.055483	-0.00964758	0.00276112	-0.0504861	0.0163297	-0.0551272	0.00459123	-0.00829791	0.0034051	-0.0275747	-0.0102411	0.0015452	-0.0093079	0.00066108	-0.00573785	0.00175754	-0.0184344	-0.00304815	-0.00741097	-0.0115785	-0.0232272	-0.00459347	0.0089643	0.0189525	-0.0344288	-0.0204564	-0.00390631	-0.00944468	0.0101409	-0.0100546	-0.0147592	-0.00485017	-0.019026	-0.0165866	-0.00525087	-0.0219023	0.000880783	-0.00527827	-0.0268223	-0.00923259	0.0142947	0.0152867	-0.0245537	-0.0190888	-0.00312495	-0.00891074	-0.0144056	-0.000188749	-0.00617823	-0.00808398	-0.00540878	-0.000837597	-0.00634785	0.032391	0.0294822	0.0306394	-0.00374143	-0.0409519	-0.0412032	-0.00555655	-0.00592682	0.00337091	0.00230645	0.0363339	-0.00170132	0.0162247	-0.00491655	0.00648367	0.039984	-0.00687878	0.00157181	-0.0130953	-0.0134696	0.0135286	-6.73054e-07	-0.00731573	0.00456239	-0.0118295	0.00338595	-0.00820557	0.00559717	0.0029531	-0.00303288	0.00784631
5.2	-0.0121571	-0.0146537	0.00259372	-0.00967263	-0.0132173	-0.0129494	0.0199547	0.0187811	-0.00124518	-0.00979622	-0.0469979	-0.0157131	-0.00948024	-0.01699	-0.0192281	-0.0441735	-0.0449636	0.0179178	-0.0099453	-0.00987234	-0.0183047	-0.0160573	0.00251591	-0.0300817	-0.00594837	-0.00250885	-0.0133817	0.00633417	-0.0304311	0.000928492	-0.0147891	-0.0167381	-0.0210392	-0.0118953	-0.00121369	-0.00971604	6.81585e-05	-0.00102061	0.00320584	-0.0212303	-0.0209187	-0.0171536	-0.013703	-0.0105633	-0.0117264	-0.0170539	-0.0194063	-0.0191311	-0.0179028	-0.0183145	-0.0104467	-0.0107366	-0.0129696	-0.016383	-0.00840009	-0.0187354	-0.00597478	0.00136328	-0.0239343	-0.0228202	-0.0252115	-0.024261	-0.0168061	-0.00753929	-0.0207386	-0.00526056	-0.0263871	0.00256213	-0.0125574	-0.0235389	-0.00818122	-0.019251	-0.0199973	-0.0115224	-0.00865919	0.0126092	-0.0181794	-0.0166273	-0.0186186	-0.0223297	-0.0552109	-0.0140118	0.00249432	-0.00984275	0.0245128	0.0182913	0.0194591	-0.0435703	-0.0200101	-0.00458308	0.0121899	-0.00302253	-0.0184801	0.000879667	-0.0043722	-0.000864514	-0.00112244	-0.0131207	-0.0119323	-0.0211945	-0.00871026	0.00507956	-0.0139769	-0.000760151	-0.00371984	0.00190648	-2.22091e-05	-0.0131098	-0.0478195	-0.0196952	-0.0136658	0.00649799	0.00204519	-0.00862393	-0.0182102	-0.0128767	-0.000160797	-0.000158993	-0.00506424	-0.0173368	-0.0186359	0.00626928	0.00299232	-0.0130044	-0.0127432	-0.0134512	-0.0162132	-0.0585088	-0.024034	-0.0361522	-0.00954866	0.0243397	-0.00756953	-0.00635058	-0.0133253	-0.0402706	-0.033075	-0.0331312	-0.0176847	-0.0161487	-0.0233147	-0.0152817	0.000377735	0.00102092	-0.0207948	-0.0089	-0.0229733	-0.0231024	0.00818347	-0.0198164	-0.0218597	0.0066945	-0.0137053	-0.00600798	-0.00909453	-0.0258443	-0.045273	-0.016567	-0.0136706	-0.0171634	-0.0337419	0.00193807	-0.0121344	0.0169174	0.0216314	-0.0111053	-0.0198243	-0.0127049	-0.0471343	-0.0394319	-0.0357447	-0.0281052	-0.0185783	-0.0208683	-0.01703	-0.0209895	-0.00409239	-0.00596144	-0.00102488	-0.0217686	-0.0151275	-0.00263002	-0.00824658	-0.0178806	-0.0269695	-0.0267935	-0.00545761	-0.00954957	-0.0214164	-0.0182335	-0.0139026	-0.0197544	-0.0187037	-0.0103389	-0.0217942	-0.0144853	-0.0103644	-0.0186577	-0.0132832	-0.0194948	-0.0180171	-0.00278961	-0.0440212	-0.00571631	-0.0138344	0.00131454	0.00149184	-0.0278845	-0.0254702	-0.0537462	-0.0134542	-0.0208902	-0.0445142	-0.00219849	-0.0529419	-0.00267778	-0.0173328	0.00491823	-0.0300165	-0.016602	-0.00366515	-0.0162981	-0.00282621	-0.0232278	-0.00665809	-0.0222051	-0.0066805	-0.00984893	-0.0231388	-0.0294154	-0.0146697	0.00222074	0.00632334	-0.0373507	-0.0231064	-0.00930208	-0.016039	0.00826198	-0.0194889	-0.0204701	-0.012788	-0.0263048	-0.0295213	-0.0172462	-0.0218536	-0.01397	-0.0166331	-0.036143	-0.00887496	0.00161891	0.00180726	-0.0307133	-0.0204321	0.000644305	-0.0186376	-0.0167539	-0.0139344	-0.0092324	-0.0172435	-0.00577751	0.00124108	-0.0215037	0.0137766	0.0199462	0.0235673	-0.0180379	-0.0435562	-0.0435207	-0.0151141	-0.0150558	-0.000798362	0.00226864	0.0236265	-0.0156854	0.00735694	-0.0115852	0.00184413	0.0195516	-0.0129315	-0.00571545	-0.0238916	-0.023391	0.0168603	-0.0085534	-0.0128357	0.00399423	-0.0121392	-0.00749734	-0.0086662	-0.00715977	-0.0104246	-0.00175534	0.0025121
5.3	-0.0178234	-0.02506	-0.00205943	-0.013606	-0.020559	-0.0190963	0.00161401	0.00877924	-0.00592417	-0.019118	-0.0423344	-0.0151515	-0.00369853	-0.0201798	-0.0150843	-0.0363643	-0.0334488	0.00437487	-0.0127357	-0.0188312	-0.027102	-0.0245847	-0.00344884	-0.0288606	-0.0083848	-0.00542265	-0.0239993	-9.76334e-05	-0.0262344	-0.00634452	-0.0238146	-0.0236722	-0.0238333	-0.0178628	0.000150371	-0.0112223	0.00240271	0.00114464	-0.00632977	-0.0285573	-0.028719	-0.0188814	-0.0138965	-0.017157	-0.0189468	-0.0219625	-0.0244526	-0.0248768	-0.0224587	-0.0289137	-0.0293457	-0.0175884	-0.0207083	-0.0191534	-0.0189326	-0.0232092	-0.00929414	-0.00181443	-0.0297444	-0.0288482	-0.0320746	-0.0320276	-0.0227828	-0.0146594	-0.0307612	-0.00109878	-0.0432673	-0.0150394	-0.0179515	-0.0246695	-0.00914329	-0.0226746	-0.0264576	-0.0164325	-0.0175513	-0.00432294	-0.0273231	-0.0242457	-0.0275085	-0.0303315	-0.0533872	-0.029562	-0.0118606	-0.0189462	0.0136902	0.00810216	0.00929933	-0.0447142	-0.0267364	-0.0118555	-0.00544645	-0.0171288	-0.0240168	-0.00773904	-0.0040444	-0.00823929	-0.00860153	-0.0109336	-0.00831397	-0.0282858	-0.00996468	-0.00386151	-0.0221526	-0.0160863	-0.0102028	-0.00433659	-0.0127253	-0.0206926	-0.0470987	-0.0229145	-0.0164147	0.0186052	-0.00188492	-0.0269008	-0.0354078	-0.0109578	-0.0149897	-0.0119099	-0.0124258	-0.0227978	-0.0239753	0.000500439	-0.00227097	-0.0181529	-0.0187849	-0.0195886	-0.022237	-0.0599965	-0.017606	-0.0363617	-0.0134904	0.0148542	-0.0123256	-0.0164246	-0.0158453	-0.0352689	-0.0310613	-0.0311101	-0.028933	-0.0273042	-0.0251438	-0.0217121	-0.00406817	0.00202676	-0.0202062	-0.00354429	-0.0152047	-0.01542	0.0116027	-0.021943	-0.0230525	0.00232596	-0.013449	-0.00494651	-0.00405258	-0.0180549	-0.0401866	-0.0205365	-0.0190849	-0.0203699	-0.0350407	-0.000413109	-0.0247839	0.00212993	0.00902605	-0.019869	-0.0179911	-0.0125562	-0.046289	-0.0351478	-0.0328488	-0.0345099	-0.0187703	-0.0247789	-0.0196882	-0.0243066	-0.00821222	-0.000269711	0.00240949	-0.0299393	-0.0143885	-0.00986084	-0.0142711	-0.0298139	-0.0428438	-0.0426974	-0.0118604	-0.00684612	-0.0254408	-0.0232956	-0.0168429	-0.0251604	-0.0240748	-0.0156901	-0.0256083	-0.0203041	-0.0156803	-0.0225898	-0.016695	-0.0248348	-0.0240772	-0.0120188	-0.0430437	-0.0126653	-0.00786167	0.00378157	0.00372941	-0.0288353	-0.0396824	-0.0484223	-0.0138787	-0.0410148	-0.0294262	-0.0148577	-0.0420291	-0.0089401	-0.0259669	0.00793375	-0.032003	-0.0199936	-0.00730518	-0.0188695	-0.00589642	-0.038298	-0.0141252	-0.0225947	-0.00950169	-0.0114115	-0.0295196	-0.0333372	-0.0224415	-0.00366998	-0.00467422	-0.035852	-0.0233312	-0.0133524	-0.0220551	0.00550128	-0.0284778	-0.0260178	-0.019727	-0.031708	-0.0409018	-0.0268013	-0.0186794	-0.025091	-0.0216738	-0.0428628	-0.00686281	-0.00768511	-0.00825015	-0.0335864	-0.0192417	0.00443464	-0.0225516	-0.0180713	-0.0183497	-0.0145502	-0.0248903	-0.00688811	0.00295669	-0.0336583	-0.00439178	0.00695107	0.0126473	-0.0261708	-0.0407469	-0.0403893	-0.0204528	-0.0199265	-0.006626	0.00145017	0.010184	-0.0262046	-0.00332746	-0.0176499	-0.00299081	0.00115758	-0.0188701	-0.0145456	-0.0282721	-0.0276611	0.0199379	-0.0161346	-0.0137634	-0.000760789	-0.012782	-0.0181741	-0.0079313	-0.0199786	-0.016358	-0.000271524	-0.00521305
5.4	-0.0231114	-0.0339238	-0.0079718	-0.0173454	-0.0261631	-0.0244917	-0.0159723	-0.00254256	-0.00524328	-0.0219523	-0.035361	-0.0112287	0.00188408	-0.0187137	-0.00912507	-0.02704	-0.0211805	-0.0110187	-0.0139513	-0.0261725	-0.0333248	-0.0313046	-0.00844525	-0.0249249	-0.0101293	-0.00872271	-0.0330858	-0.007667	-0.0205635	-0.0135358	-0.0286469	-0.0272273	-0.0241087	-0.0233288	0.00192021	-0.0104874	0.00390858	0.00269121	-0.0134438	-0.0339524	-0.0341952	-0.0179187	-0.0131245	-0.0198577	-0.0215081	-0.022937	-0.0255191	-0.0266363	-0.0247932	-0.0343642	-0.0464529	-0.018992	-0.0256869	-0.0157906	-0.030441	-0.0222391	-0.0117186	-0.00163786	-0.0296123	-0.0278922	-0.0319003	-0.0327712	-0.0232504	-0.0192195	-0.0392395	0.00340737	-0.0555574	-0.0266086	-0.0218968	-0.0248027	-0.0116988	-0.0241792	-0.0302388	-0.0174942	-0.0249105	-0.0193808	-0.0294936	-0.0268479	-0.032381	-0.0334869	-0.0468204	-0.0445125	-0.0259053	-0.0216713	-0.000550473	-0.00292514	-0.00264566	-0.0407654	-0.0311367	-0.0190386	-0.0210695	-0.0288933	-0.0266421	-0.0112963	-0.00348658	-0.0165292	-0.016988	-0.00858428	-0.00504155	-0.0281309	-0.0127836	-0.0115181	-0.0261287	-0.0298226	-0.0149553	-0.0090135	-0.025481	-0.0275811	-0.04022	-0.0190799	-0.0134105	0.026757	-0.00710219	-0.0438161	-0.0491042	-0.00708915	-0.0287413	-0.0217053	-0.0195522	-0.0224656	-0.0228281	-0.0025049	-0.00421691	-0.0196735	-0.0205715	-0.0210372	-0.0228566	-0.0544517	-0.00935823	-0.0316924	-0.0124339	0.0012733	-0.0168158	-0.0274151	-0.0168901	-0.0260821	-0.0256098	-0.0256559	-0.0389382	-0.0371013	-0.0258675	-0.0261323	-0.00638731	0.00229402	-0.014017	0.00167439	-0.00900252	-0.00929134	0.0132621	-0.0220884	-0.0217885	-0.00167248	-0.012247	-0.00417404	0.00116659	-0.0111411	-0.0320249	-0.0165235	-0.0152528	-0.0216179	-0.0286046	0.00114646	-0.0347986	-0.0126243	-0.0038672	-0.0272618	-0.0103053	-0.0128165	-0.0412377	-0.0300888	-0.0290293	-0.0332442	-0.018778	-0.029126	-0.0214015	-0.0266558	-0.0118796	0.00460314	0.00357574	-0.0314482	-0.00787758	-0.0156457	-0.0189621	-0.0412851	-0.0538579	-0.0537529	-0.0173132	-0.00383355	-0.0248998	-0.0239093	-0.0158396	-0.0252817	-0.022899	-0.0178072	-0.024487	-0.0211551	-0.0177906	-0.0222909	-0.016082	-0.0248117	-0.023673	-0.0206798	-0.0375833	-0.0178862	-0.000671884	0.0049784	0.00471389	-0.0288464	-0.0512629	-0.0394607	-0.0110425	-0.055391	-0.0102322	-0.0204999	-0.0250316	-0.014239	-0.0336718	0.0113586	-0.0328647	-0.0211587	-0.00911737	-0.0163199	-0.00888066	-0.0495662	-0.0197046	-0.0199354	-0.0123937	-0.0126729	-0.0298394	-0.0343464	-0.0277487	-0.00860074	-0.0149601	-0.030166	-0.0217114	-0.0164041	-0.0276943	0.00366815	-0.0355621	-0.0297088	-0.0257151	-0.0357558	-0.0496605	-0.0335187	-0.0133994	-0.0318623	-0.0204017	-0.0466824	-0.004249	-0.0151128	-0.0159758	-0.0326418	-0.0152447	0.00758766	-0.0191015	-0.0182022	-0.0135267	-0.0231293	-0.0314946	-0.00924548	0.00417598	-0.0427148	-0.021174	-0.00888566	-0.00201736	-0.0271986	-0.0339108	-0.0334367	-0.021004	-0.0202263	-0.0143147	-0.000898099	-0.00397166	-0.0339624	-0.014469	-0.023276	-0.00728614	-0.0144644	-0.0230378	-0.0240781	-0.0262761	-0.0262038	0.019556	-0.0243381	-0.00960035	-0.00924078	-0.0135925	-0.0286965	-0.00776928	-0.0327756	-0.0140115	0.00124536	-0.0143925
5.5	-0.0270501	-0.0402539	-0.0132776	-0.0198785	-0.0298002	-0.0288741	-0.0320645	-0.0141609	-0.000308671	-0.0193814	-0.0267115	-0.00496004	0.00638695	-0.0122059	-0.00216912	-0.0164866	-0.00979732	-0.0258857	-0.0142829	-0.0314225	-0.0366031	-0.0357381	-0.0126008	-0.0196762	-0.0106801	-0.0116638	-0.0388481	-0.0156782	-0.0136322	-0.0190728	-0.0288138	-0.0276859	-0.0225386	-0.0276164	0.00370817	-0.00848441	0.00408318	0.00309106	-0.0155574	-0.0357755	-0.0355782	-0.0136237	-0.0120293	-0.0182826	-0.0190622	-0.0196469	-0.0225751	-0.0240832	-0.0237932	-0.0331474	-0.0596143	-0.014105	-0.0273397	-0.00668896	-0.0412547	-0.01543	-0.0128831	0.000952943	-0.0232592	-0.0219292	-0.0252386	-0.0267128	-0.0190741	-0.0205528	-0.0449106	0.00713332	-0.0619309	-0.0320974	-0.0242628	-0.0245051	-0.0152545	-0.0237152	-0.0307615	-0.0142394	-0.029552	-0.0319127	-0.0250277	-0.0228829	-0.0329299	-0.0313442	-0.0379819	-0.0556192	-0.0384606	-0.0196521	-0.0171613	-0.0140296	-0.0148844	-0.0332332	-0.0334592	-0.0251546	-0.0325558	-0.037177	-0.0269644	-0.00938771	-0.00310067	-0.02409	-0.0246341	-0.00671667	-0.00265119	-0.0213392	-0.0168677	-0.0196102	-0.024917	-0.040452	-0.0149366	-0.00998813	-0.037543	-0.0329915	-0.0278769	-0.008686	-0.00508262	0.0292188	-0.0129598	-0.0573459	-0.058176	-0.00117966	-0.0387807	-0.0295147	-0.0253994	-0.0162976	-0.0153118	-0.00540868	-0.00600402	-0.017133	-0.0183139	-0.0179875	-0.0175597	-0.0409288	0.000691946	-0.0205562	-0.00621963	-0.015889	-0.019282	-0.0376808	-0.01575	-0.0147841	-0.0181047	-0.0181529	-0.04597	-0.0436663	-0.0254152	-0.0277922	-0.00652162	0.00159016	-0.00329123	0.00624206	-0.00396951	-0.00431447	0.0133647	-0.0197096	-0.0179083	-0.00415613	-0.0132419	-0.00530585	0.00604731	-0.0047748	-0.0206991	-0.00579444	-0.00407243	-0.0217078	-0.0153733	0.00654368	-0.0407349	-0.0251966	-0.0137292	-0.0313778	0.00154162	-0.0141104	-0.0322909	-0.0246152	-0.0240802	-0.0242029	-0.0189863	-0.0331909	-0.0216248	-0.0283493	-0.0151105	0.00837	0.0016753	-0.0260707	0.00305508	-0.019312	-0.0214251	-0.0492023	-0.0576825	-0.0576215	-0.0217705	-0.000108373	-0.0194909	-0.0189559	-0.0104385	-0.0190616	-0.0153115	-0.0154131	-0.018305	-0.016748	-0.0153899	-0.0176637	-0.0107999	-0.0187091	-0.0163624	-0.0265685	-0.0291108	-0.0211171	0.00678153	0.00474733	0.00438119	-0.0268576	-0.0586307	-0.0270195	-0.00603863	-0.0621847	0.00706367	-0.0187481	-0.00600984	-0.0186374	-0.03854	0.0140559	-0.0313141	-0.0210073	-0.00939508	-0.00913625	-0.0117878	-0.0552853	-0.0227206	-0.0152677	-0.0154286	-0.0133597	-0.0237405	-0.0320353	-0.0302005	-0.0136982	-0.0245699	-0.021336	-0.0185968	-0.0185455	-0.0320629	0.0040083	-0.0391664	-0.0295264	-0.0300208	-0.0378163	-0.0536956	-0.0365947	-0.00756252	-0.034216	-0.0145145	-0.0462835	-0.0020297	-0.0225618	-0.0231554	-0.0278814	-0.00854938	0.009327	-0.00865706	-0.0170281	-0.00207681	-0.0327707	-0.0364249	-0.0123591	0.00457521	-0.047986	-0.0356763	-0.0250839	-0.018421	-0.021792	-0.024955	-0.0246509	-0.0172525	-0.0165519	-0.0226063	-0.00473072	-0.0187775	-0.0382106	-0.0245008	-0.0277665	-0.01037	-0.0263703	-0.0241183	-0.0325396	-0.0193266	-0.0196485	0.0138	-0.0320455	-0.00139371	-0.0188227	-0.0142277	-0.0383269	-0.00931428	-0.0436107	-0.00442715	0.00243163	-0.0232684
5.6	-0.0286455	-0.0421359	-0.016347	-0.0202373	-0.0310211	-0.0316692	-0.0452359	-0.0237685	0.00727219	-0.01263	-0.0170784	0.00266149	0.00924972	-0.00155866	0.00462344	-0.00517308	4.61437e-06	-0.0369003	-0.014833	-0.0343757	-0.0366724	-0.0370393	-0.0160875	-0.0143819	-0.00954445	-0.0132421	-0.0394237	-0.0221871	-0.00557863	-0.0213738	-0.0251697	-0.0245554	-0.0199284	-0.029633	0.00481499	-0.00649349	0.00272135	0.00212851	-0.0117487	-0.0329483	-0.0317581	-0.00589488	-0.0101796	-0.012677	-0.0122278	-0.0123433	-0.0155572	-0.0171041	-0.0180828	-0.025458	-0.0662546	-0.00387919	-0.0255218	0.00637738	-0.0478999	-0.00337155	-0.0123765	0.00546799	-0.0118883	-0.0135361	-0.014262	-0.0157291	-0.011757	-0.019046	-0.0461184	0.00915248	-0.0607927	-0.031949	-0.0248739	-0.0236134	-0.018583	-0.0215213	-0.0276115	-0.00666308	-0.0302349	-0.0404731	-0.0154091	-0.0124208	-0.0284207	-0.0237137	-0.0270451	-0.0595958	-0.04713	-0.0161546	-0.0331178	-0.0231396	-0.0246037	-0.0238572	-0.0335061	-0.0273928	-0.0391146	-0.0408646	-0.0255495	-0.00287935	-0.00293688	-0.0291637	-0.0297195	-0.00579019	-0.00158923	-0.00992522	-0.0209339	-0.0293695	-0.0188289	-0.0465262	-0.00948515	-0.00732941	-0.0464924	-0.0358095	-0.0119381	0.00611373	0.00679007	0.0258812	-0.0183622	-0.064989	-0.0609617	0.00637607	-0.0430947	-0.0350007	-0.0272386	-0.00557039	-0.00286714	-0.0109727	-0.0109812	-0.0106796	-0.012504	-0.0113396	-0.00711252	-0.0200951	0.0111863	-0.00406761	0.0039723	-0.03313	-0.0181788	-0.0443262	-0.0122657	-0.00427384	-0.0104996	-0.0105465	-0.0475815	-0.0446247	-0.0232132	-0.0262367	-0.00514793	-0.000102996	0.00981472	0.00952878	0.000411839	5.20014e-05	0.0121128	-0.0144373	-0.0113592	-0.00487917	-0.017216	-0.00871164	0.0100052	0.00128541	-0.00713929	0.00828644	0.00989085	-0.0209111	0.00217178	0.0142818	-0.041478	-0.0341553	-0.0185778	-0.0308982	0.0148942	-0.0162484	-0.0201744	-0.0183024	-0.0173991	-0.00944818	-0.0180089	-0.0342394	-0.0197726	-0.0283946	-0.0176121	0.0109186	-0.00297693	-0.0146508	0.0157257	-0.0206808	-0.0211001	-0.0496544	-0.0536023	-0.0535693	-0.0247952	0.00414008	-0.00940674	-0.00859231	-0.00134111	-0.00702215	-0.00280257	-0.00787789	-0.00758165	-0.0076159	-0.00781624	-0.00885555	-0.00151195	-0.00707272	-0.00364003	-0.0279894	-0.0192509	-0.0221603	0.0130205	0.00311128	0.00279932	-0.021661	-0.0596856	-0.0118375	-0.000295158	-0.061051	0.0185208	-0.0106975	0.0116416	-0.0219844	-0.0379242	0.0149625	-0.0261073	-0.0206089	-0.00878171	0.000973671	-0.0143945	-0.0532114	-0.0230879	-0.00999449	-0.0177485	-0.0127325	-0.0120088	-0.0269439	-0.0290076	-0.0203799	-0.0324048	-0.0108642	-0.014201	-0.0195664	-0.0336343	0.00629787	-0.0380161	-0.0239413	-0.0315511	-0.0361814	-0.050515	-0.0350688	-0.00271912	-0.0327098	-0.00628949	-0.0400711	-0.000842526	-0.0304435	-0.0304411	-0.0199419	1.13616e-05	0.00895125	0.00655416	-0.0146085	0.01114	-0.0394195	-0.0381699	-0.0150152	0.00359024	-0.0482102	-0.0464346	-0.0381795	-0.0330152	-0.011862	-0.0156013	-0.0155929	-0.0105927	-0.0101565	-0.0290663	-0.00929183	-0.0333223	-0.0375501	-0.0317557	-0.0299874	-0.011876	-0.0333417	-0.0216456	-0.037414	-0.00920528	-0.00933148	0.00383106	-0.0363229	0.00878737	-0.0260303	-0.0141229	-0.0444335	-0.0123334	-0.04952	0.00853851	0.00280003	-0.0296986
5.7	-0.0270858	-0.0378839	-0.0165456	-0.0180303	-0.0291251	-0.0320743	-0.0532228	-0.0291061	0.0147185	-0.00336077	-0.00710484	0.0106657	0.0104096	0.0107453	0.010153	0.00590942	0.00840113	-0.0411683	-0.0164949	-0.0348003	-0.0329072	-0.0341546	-0.0187718	-0.00915608	-0.00695149	-0.0126465	-0.0337241	-0.0254437	0.00277868	-0.0194617	-0.018995	-0.0172125	-0.0169178	-0.0286208	0.00440245	-0.00584632	-3.73463e-06	-4.19101e-05	-0.00400634	-0.0250459	-0.0225169	0.00453587	-0.00653001	-0.00414775	-0.00264504	-0.00212511	-0.00519061	-0.0067616	-0.00771217	-0.0132407	-0.0642334	0.00862212	-0.0205844	0.0203889	-0.0469658	0.0115122	-0.0103567	0.0108405	0.00207823	-0.00426341	-0.00195112	-0.00276821	-0.00281843	-0.0161889	-0.0412863	0.00893941	-0.0508885	-0.0269227	-0.0231423	-0.0212198	-0.0203223	-0.0179176	-0.0209339	0.00408879	-0.0262469	-0.043118	-0.0030952	0.00169252	-0.0188501	-0.0116744	-0.012215	-0.0540639	-0.0497855	-0.0142704	-0.0447836	-0.0282142	-0.0295744	-0.0142509	-0.0304931	-0.0230265	-0.0403926	-0.0398868	-0.0227314	0.00563598	-0.00290751	-0.0304434	-0.0308516	-0.00592727	-0.00207477	0.00307104	-0.0232292	-0.0396243	-0.00971219	-0.0468078	-0.000988482	-0.00322712	-0.0490093	-0.034832	0.00510459	0.021738	0.0193343	0.0185675	-0.0218234	-0.0643982	-0.055814	0.0148285	-0.0408762	-0.0371866	-0.0225942	0.00719807	0.0117778	-0.0199073	-0.0201325	-0.0012821	-0.00422583	-0.00264572	0.00607023	0.00512239	0.0195321	0.013562	0.0156979	-0.0457144	-0.0130304	-0.044546	-0.00714887	0.00328782	-0.00420533	-0.00423777	-0.0417073	-0.0385747	-0.0183965	-0.0219019	-0.00343968	-0.00252407	0.0223428	0.0111032	0.0046595	0.00435315	0.00975038	-0.00638601	-0.00234133	-0.00478448	-0.0219994	-0.013174	0.0125562	0.00707041	0.00658568	0.0210469	0.0207925	-0.0194666	0.0206487	0.0215647	-0.0363155	-0.0384836	-0.0180959	-0.0253597	0.026092	-0.0181795	-0.00624058	-0.0102964	-0.00818882	0.00737959	-0.0140337	-0.0295352	-0.0155637	-0.0253321	-0.018825	0.0122143	-0.00879533	0.000406255	0.0267311	-0.0200134	-0.0183565	-0.0403914	-0.0424205	-0.0423858	-0.0256421	0.00798498	0.00416224	0.00520114	0.00979108	0.00811392	0.0118671	0.00367712	0.00593552	0.00441932	0.00379112	0.00319759	0.00994452	0.00771611	0.0111901	-0.0241959	-0.00889321	-0.0210257	0.0163787	0.000301718	0.000155518	-0.0128852	-0.0525321	0.00459715	0.00514606	-0.0529525	0.0237912	0.000464681	0.0262234	-0.0240143	-0.0300245	0.0132889	-0.016873	-0.0208575	-0.00806583	0.0113738	-0.0163704	-0.0413789	-0.021142	-0.00523231	-0.0181797	-0.0104089	0.00307757	-0.019891	-0.0235179	-0.0284371	-0.0368604	-0.000210094	-0.00893766	-0.0194084	-0.0310797	0.00875003	-0.0314728	-0.0128652	-0.0296283	-0.0290112	-0.0384173	-0.0284822	0.000189669	-0.0282354	0.00221743	-0.0275488	-0.000926262	-0.0371305	-0.0365937	-0.00998146	0.00871557	0.0061068	0.0226843	-0.0111632	0.0207535	-0.0395035	-0.035215	-0.0159573	0.000980615	-0.0419369	-0.0516631	-0.0451743	-0.0421992	-0.000144243	-0.00710873	-0.00728301	-0.00263149	-0.00242541	-0.0312358	-0.013701	-0.0451992	-0.0316266	-0.0348342	-0.0291339	-0.0119604	-0.0347602	-0.0160547	-0.0361225	0.00251005	0.00287333	-0.00688193	-0.0344683	0.0184677	-0.0279039	-0.0126626	-0.0438069	-0.0154489	-0.0477036	0.0192305	0.0018963	-0.0319055
5.8	-0.0219038	-0.0275312	-0.0142549	-0.0136351	-0.0236069	-0.0291821	-0.0537165	-0.0294464	0.018489	0.00567323	0.00281778	0.0179565	0.0101304	0.0210596	0.0136893	0.0154149	0.0159304	-0.0375217	-0.0192461	-0.0324204	-0.0246251	-0.0263507	-0.0202672	-0.00352486	-0.00407361	-0.00983242	-0.0222476	-0.024935	0.00992344	-0.0137453	-0.011342	-0.00623479	-0.0136576	-0.0245945	0.00198361	-0.00723276	-0.00353407	-0.00293393	0.00373729	-0.0124333	-0.00871016	0.0159569	-0.000781522	0.00569428	0.00767114	0.00914191	0.00669941	0.0047478	0.00551781	0.000688178	-0.0526307	0.0190828	-0.0134156	0.0315814	-0.0371366	0.0252384	-0.00769182	0.0148627	0.015409	0.0050093	0.00913797	0.0092135	0.00606713	-0.0137692	-0.0299416	0.00648596	-0.032767	-0.0186113	-0.0184525	-0.0161294	-0.0194289	-0.0130877	-0.0116228	0.0151491	-0.0178934	-0.0388645	0.00880412	0.0149842	-0.00570082	0.00219279	0.00673569	-0.038867	-0.0459387	-0.0151118	-0.0494106	-0.0287583	-0.0294659	-0.00536044	-0.0236188	-0.0117658	-0.0362739	-0.0353128	-0.018787	0.0118712	-0.00295861	-0.0273168	-0.0273808	-0.00672907	-0.00370133	0.0141557	-0.0222311	-0.0470055	-0.000225279	-0.0406151	0.00726401	0.000236797	-0.0428292	-0.0294064	0.0207751	0.033986	0.0291414	0.00997484	-0.0220145	-0.0542271	-0.0422042	0.0229523	-0.0327397	-0.0349627	-0.0113714	0.0186175	0.0248658	-0.0300574	-0.0309863	0.00937158	0.00482396	0.00629323	0.0185562	0.0297096	0.0233439	0.0274257	0.0257041	-0.0500975	-0.00491236	-0.0370121	-0.00182719	0.00781579	0.000767754	0.000765243	-0.0281525	-0.0261303	-0.0103358	-0.0159152	-0.00266818	-0.00520059	0.0312252	0.0109789	0.00916511	0.00898031	0.00664327	0.00339779	0.00815528	-0.00549218	-0.0239885	-0.0166234	0.0133991	0.0123859	0.0181141	0.0283592	0.024503	-0.0178678	0.0359915	0.0253273	-0.0253909	-0.0373487	-0.0131832	-0.0155277	0.031478	-0.018471	0.00750692	-0.000127016	0.00349633	0.022358	-0.00625488	-0.0178216	-0.00942169	-0.0183951	-0.0182003	0.0122446	-0.013529	0.0150905	0.0327306	-0.0177188	-0.0142683	-0.0231825	-0.0259588	-0.0259012	-0.0237472	0.0103339	0.0183873	0.0192756	0.0204679	0.0223303	0.0249351	0.0161674	0.0192491	0.016378	0.0162947	0.0158676	0.0207896	0.0219727	0.0241955	-0.0156645	0.00174879	-0.0181188	0.0156147	-0.00319439	-0.00317502	-0.00163861	-0.0364202	0.0201305	0.00978958	-0.0391563	0.0248855	0.0102731	0.0364025	-0.0244139	-0.0149759	0.00866206	-0.00469159	-0.021842	-0.00802259	0.0191454	-0.0173404	-0.0199866	-0.0171396	-0.00147727	-0.0160624	-0.00691302	0.0179773	-0.0109049	-0.0142488	-0.0351743	-0.0365678	0.00938972	-0.00341164	-0.0184945	-0.0240476	0.00888676	-0.0200567	0.00187393	-0.0243805	-0.0155325	-0.018111	-0.0176176	0.00106982	-0.0216604	0.00908835	-0.0101363	-0.00212195	-0.0401726	-0.0394406	0.000570631	0.0153412	0.00116218	0.0351194	-0.00702285	0.0233531	-0.0313561	-0.0269592	-0.0144463	-0.00274085	-0.0284533	-0.0500522	-0.0446638	-0.0438906	0.0102101	-0.000228567	-0.000340032	0.0051698	0.0052329	-0.0283585	-0.0172855	-0.0513634	-0.0215076	-0.032923	-0.0251804	-0.0113274	-0.0313064	-0.00812819	-0.0269825	0.0139505	0.0144764	-0.0150332	-0.0261124	0.0252576	-0.0232262	-0.00951883	-0.0353068	-0.0169477	-0.0371392	0.0232111	-0.00042862	-0.0290536
5.9	-0.0132833	-0.0131174	-0.0102639	-0.00802686	-0.0147924	-0.0223871	-0.0456662	-0.025801	0.0157588	0.011371	0.012276	0.0230139	0.00884927	0.026034	0.0149595	0.0222269	0.0228584	-0.0272173	-0.0219149	-0.0270536	-0.0121679	-0.0140139	-0.0202377	0.00296969	-0.00232343	-0.00582415	-0.00722723	-0.0214314	0.01472	-0.0062684	-0.00314062	0.00621167	-0.00976498	-0.0181288	-0.00205895	-0.0101011	-0.00705511	-0.00583746	0.00841486	0.00363608	0.00771604	0.0259268	0.00613176	0.0146382	0.0163915	0.0189622	0.0177945	0.0154301	0.0185301	0.0134651	-0.0324574	0.0239896	-0.00529366	0.0366912	-0.0200705	0.0338417	-0.00535602	0.0145536	0.0247852	0.0131394	0.0174409	0.0181028	0.0128313	-0.0126812	-0.0136084	0.00225277	-0.00954013	-0.00943514	-0.0109361	-0.00772626	-0.0154353	-0.00709583	-0.000983267	0.0225734	-0.00653586	-0.0290556	0.017195	0.0234954	0.00834739	0.0148578	0.02671	-0.0171753	-0.0365287	-0.0175201	-0.0459949	-0.0257995	-0.0255375	0.00315671	-0.0131658	0.00381159	-0.0270571	-0.0283475	-0.0139881	0.0119604	-0.00318429	-0.0199111	-0.0195652	-0.0073363	-0.00532465	0.0203972	-0.0172549	-0.0473681	0.00737766	-0.0284262	0.0130202	0.00292821	-0.0287059	-0.0198782	0.0330696	0.0393613	0.0333155	0.00255107	-0.0187269	-0.0350542	-0.021652	0.029085	-0.0207575	-0.0279444	0.00395897	0.0254049	0.0321579	-0.0374883	-0.0386826	0.0185202	0.0124486	0.013262	0.026518	0.0480438	0.0221313	0.0346011	0.0308959	-0.0454012	0.0042008	-0.0224284	0.00210694	0.0112165	0.00560797	0.00564374	-0.00930169	-0.00965038	0.000437588	-0.00916606	-0.00372594	-0.0076639	0.0343903	0.00957695	0.0139326	0.0138989	0.00330758	0.0130835	0.0183628	-0.0082205	-0.0204515	-0.0170846	0.0125426	0.0168562	0.025984	0.0281116	0.0201874	-0.0162864	0.0438942	0.0235954	-0.0100442	-0.0306951	-0.00528837	-0.0031833	0.0295828	-0.0160363	0.0190649	0.011653	0.016109	0.0324055	0.00457714	-0.000142644	-0.00246878	-0.00786273	-0.0154853	0.0111098	-0.0152938	0.0250417	0.031893	-0.0140634	-0.00981155	-0.00318923	-0.00667131	-0.00660235	-0.0191933	0.0107587	0.0290966	0.0298846	0.0273355	0.0315327	0.0321872	0.0256718	0.028856	0.0245501	0.0257473	0.025232	0.0275419	0.0317124	0.0316285	-0.0040175	0.0121985	-0.0140641	0.0107947	-0.00674002	-0.00662031	0.00979886	-0.0128469	0.0323838	0.0132784	-0.0210645	0.0237952	0.0148256	0.0402343	-0.022797	0.00445613	0.00139852	0.00808474	-0.0224011	-0.00915099	0.0221007	-0.017005	0.00707914	-0.0113967	0.00123756	-0.0117138	-0.00347512	0.0286779	0.000148713	-0.00322472	-0.0369494	-0.0312393	0.0170203	0.00195915	-0.0171675	-0.013608	0.00502594	-0.00545396	0.0170829	-0.0166084	0.0029751	0.0065462	-0.00459137	0.000608632	-0.0136187	0.0127414	0.00917072	-0.00399408	-0.0379535	-0.0373805	0.0102909	0.0182089	-0.00456991	0.0400779	-0.00256775	0.0185627	-0.0158703	-0.0142875	-0.0104594	-0.0065321	-0.00905727	-0.0413048	-0.0372728	-0.0383022	0.0164463	0.00517193	0.00533666	0.0114948	0.0113881	-0.0217971	-0.0194786	-0.049667	-0.00885931	-0.0259994	-0.018693	-0.0108735	-0.0247366	0.00148113	-0.0103931	0.022679	0.0227104	-0.0192605	-0.0138396	0.0272466	-0.0131568	-0.00482753	-0.0205448	-0.0155498	-0.0198708	0.0190819	-0.00372782	-0.0214293
6.0	-0.00221592	0.00240014	-0.00529287	-0.00236251	-0.00402285	-0.0117986	-0.0303717	-0.0199591	0.00568124	0.0118586	0.0203566	0.0238027	0.00713019	0.0242525	0.0141542	0.0259531	0.0287561	-0.0131705	-0.022655	-0.0186681	0.00251782	0.0009531	-0.0185767	0.0106652	-0.00235995	-0.00221614	0.0082686	-0.0163225	0.0169793	0.000251571	0.00462783	0.0170571	-0.00461571	-0.00983382	-0.00648785	-0.0129073	-0.00964528	-0.00792475	0.00937306	0.0208171	0.0239336	0.0319659	0.0128043	0.0197941	0.0207583	0.0244744	0.0257182	0.0237257	0.0272515	0.0223109	-0.00710264	0.0220968	0.00245056	0.0341365	0.000355636	0.0348388	-0.00377075	0.00740415	0.0279324	0.0185674	0.0219034	0.0225994	0.0156996	-0.0123958	0.00466224	-0.00287798	0.0139689	-0.00154812	-0.00174802	0.00333179	-0.00842037	2.45315e-05	0.00974039	0.0233273	0.0057409	-0.017053	0.0198995	0.0250291	0.0200656	0.0238299	0.0429662	0.00576695	-0.0230271	-0.0195073	-0.0354457	-0.020745	-0.0195115	0.0123817	-0.00072137	0.0196257	-0.0134693	-0.0197746	-0.0084371	0.00476518	-0.00374049	-0.00911673	-0.00855938	-0.00677026	-0.00553084	0.0204081	-0.0086049	-0.0379776	0.0119384	-0.0124479	0.0153447	0.00567759	-0.0106552	-0.00751331	0.0405367	0.0361949	0.0304299	-0.00241405	-0.0131649	-0.00992142	0.00202394	0.0317789	-0.00771873	-0.0170549	0.0196429	0.025555	0.0305979	-0.0384997	-0.0385422	0.0226656	0.0160986	0.0158806	0.0267987	0.0563063	0.0173771	0.0346678	0.0293296	-0.0335842	0.0125166	-0.00346021	0.00366437	0.015818	0.0117074	0.0117781	0.0106246	0.00776592	0.0120581	-0.00173697	-0.00667373	-0.00951728	0.0312888	0.00751807	0.0183751	0.0184658	0.000270457	0.020927	0.0264026	-0.0127306	-0.0108997	-0.0132296	0.0103758	0.0200333	0.030045	0.0202789	0.00933031	-0.0140465	0.0416681	0.0160669	0.00737118	-0.0199392	0.00400486	0.00947925	0.021635	-0.0105691	0.0272801	0.023571	0.0274519	0.0355416	0.0163038	0.0198281	0.00393568	0.00503343	-0.0108193	0.00906636	-0.0127645	0.0273672	0.0247424	-0.00910542	-0.00531422	0.0143807	0.0126418	0.0126735	-0.0126716	0.00974896	0.0327406	0.0334355	0.0273804	0.0326789	0.0306072	0.0289972	0.031993	0.0256611	0.0289885	0.0281554	0.0273562	0.0338192	0.0305998	0.00846148	0.021245	-0.00932408	0.00371634	-0.00963388	-0.00942516	0.019184	0.0136871	0.0395358	0.0150586	-0.00100523	0.0214375	0.0121605	0.0364978	-0.0188165	0.0230588	-0.00727444	0.0189414	-0.0206714	-0.0111681	0.0195649	-0.0151819	0.0329685	-0.00479375	0.0031513	-0.00616801	-0.00100443	0.0320162	0.0119027	0.0066823	-0.0314078	-0.0223133	0.0222448	0.00711173	-0.0149405	-0.00188461	-0.00258911	0.0100521	0.0294667	-0.00739162	0.0229135	0.0297505	0.00771385	-0.000172569	-0.00476586	0.0124407	0.0268875	-0.00592515	-0.0306047	-0.0302394	0.0179844	0.0170363	-0.00925655	0.0359971	0.0018893	0.00801972	0.00331861	0.000554491	-0.00451707	-0.0093472	0.0121148	-0.0266535	-0.0252421	-0.0275638	0.0170789	0.0102005	0.0106365	0.0151202	0.0147358	-0.0134698	-0.0196571	-0.0401426	0.00459035	-0.0150536	-0.0103115	-0.0109676	-0.0170499	0.0119723	0.010401	0.0263502	0.0255911	-0.0201516	-0.00160673	0.0234758	-0.000569574	0.000868977	-0.00272669	-0.0110319	-0.000335663	0.00797992	-0.00696403	-0.0103239
6.1	0.00967014	0.0165553	2.85335e-05	0.00255171	0.00677314	0.00161959	-0.0114843	-0.0134936	-0.0101809	0.00722766	0.025857	0.0189173	0.00544378	0.0166955	0.0118745	0.0269801	0.0326723	0.00158862	-0.0198968	-0.00745931	0.0165018	0.015602	-0.0153415	0.0194452	-0.00374294	-8.45017e-05	0.0214792	-0.0107534	0.0168913	0.00426648	0.0110702	0.0234655	0.00226783	-0.000319133	-0.00978178	-0.0140017	-0.0104418	-0.00841024	0.00765524	0.0356646	0.0367752	0.0324525	0.0181631	0.0187113	0.018641	0.0236667	0.028246	0.0276444	0.0282118	0.0248193	0.018155	0.0142509	0.00873913	0.0243108	0.0197364	0.0278038	-0.00271494	-0.00691367	0.0246267	0.0198458	0.0218001	0.0220933	0.0142671	-0.0115207	0.0215317	-0.00764496	0.0329128	0.00415539	0.00727423	0.0150948	0.00105619	0.00794923	0.0193909	0.0170539	0.0165928	-0.0059621	0.0163335	0.019425	0.0264609	0.0273089	0.0515263	0.0252964	-0.00733281	-0.0194111	-0.0202353	-0.0146206	-0.0128828	0.0225948	0.0118051	0.0317754	0.00295273	-0.0101308	-0.00202156	-0.00794313	-0.00457102	0.00330961	0.00378839	-0.00435933	-0.00341363	0.0146885	0.00260958	-0.0193612	0.0132841	0.00352431	0.0142541	0.00809827	0.0060368	0.00589012	0.0420884	0.0250505	0.0208579	-0.00539655	-0.0070277	0.0159823	0.023631	0.0305377	0.00427937	-0.00436494	0.0319574	0.0190999	0.0202436	-0.0312913	-0.0287409	0.0195563	0.0139116	0.0129666	0.0186935	0.0540164	0.0110771	0.0287378	0.0207354	-0.0182875	0.0188317	0.0158389	0.00301432	0.0225775	0.019527	0.0196151	0.0271904	0.0230889	0.0223207	0.00677949	-0.0105515	-0.0103042	0.0225532	0.00538502	0.0214934	0.0216475	-0.00219182	0.0258404	0.0308193	-0.0172236	0.00291064	-0.004927	0.00750374	0.0215411	0.0309322	0.00645353	-0.00568366	-0.00995453	0.0300796	0.0038777	0.0238534	-0.00755764	0.0129038	0.020293	0.00999516	-0.00251384	0.031993	0.0338744	0.0356872	0.0309614	0.0256819	0.0365255	0.00883173	0.0182458	-0.00467113	0.00642347	-0.00520816	0.0219155	0.0133322	-0.00297651	-0.000531741	0.026846	0.0290577	0.0289975	-0.00510961	0.00811383	0.0282851	0.0281236	0.0198401	0.0252623	0.0202506	0.0249265	0.0276674	0.0187205	0.0248763	0.0240648	0.0197863	0.0273309	0.0206804	0.0194239	0.0277899	-0.00418528	-0.00279166	-0.0110941	-0.01076	0.0253274	0.0366953	0.0409809	0.014494	0.0180253	0.0173328	0.00270403	0.0263519	-0.0124566	0.0355992	-0.0153985	0.0263103	-0.0152508	-0.0127295	0.0124255	-0.0117539	0.050837	0.00140142	0.00459998	-0.000457873	0.000781133	0.0270894	0.0216435	0.0129939	-0.018309	-0.0124476	0.0250715	0.0120132	-0.0105102	0.00888968	-0.0119482	0.0240729	0.0366787	0.00220986	0.0393633	0.0464316	0.01664	-0.000507251	0.00377341	0.00841982	0.0400517	-0.00693139	-0.019555	-0.0190762	0.0228315	0.0128744	-0.0115394	0.023877	0.00613021	-0.0060846	0.0210809	0.0147675	0.00260402	-0.0104828	0.0292534	-0.00907395	-0.0113743	-0.0144487	0.0122732	0.0161647	0.0165101	0.0152116	0.0145401	-0.00447643	-0.0171186	-0.0250435	0.016842	-0.00216081	-0.000673128	-0.0109398	-0.010061	0.0221045	0.0302523	0.0238162	0.0227623	-0.0194102	0.00766295	0.0144838	0.0113757	0.00679748	0.0145665	-0.00430072	0.0167516	-0.00750434	-0.00885322	0.00220645
6.2	0.0204988	0.0279127	0.00505374	0.00660922	0.0158299	0.0161117	0.00636021	-0.00721797	-0.0281302	-0.000835982	0.0281116	0.0090133	0.00385357	0.00584752	0.00892151	0.0261084	0.0336359	0.0148459	-0.0130449	0.0059074	0.0271223	0.0269634	-0.0106292	0.0282564	-0.00519827	0.000700533	0.0304451	-0.00517994	0.0146884	0.0063756	0.015517	0.0239626	0.0108488	0.00945119	-0.0107355	-0.0123245	-0.00887808	-0.0067975	0.00466344	0.0445246	0.0436676	0.0272613	0.0215338	0.0113317	0.0103147	0.0167052	0.0242039	0.0254774	0.0212276	0.0204338	0.0380857	0.00255661	0.0129466	0.00920771	0.0346018	0.014624	-0.00160616	-0.0255851	0.0167538	0.0165527	0.0173555	0.0171239	0.00951458	-0.00881913	0.03423	-0.0106354	0.0437656	0.00784073	0.0142487	0.0248566	0.0118431	0.0157286	0.0266107	0.00599193	0.0240514	0.00309698	0.00767667	0.00844909	0.0259668	0.0245788	0.0507274	0.0388421	0.00822049	-0.0159155	-0.00358134	-0.00799475	-0.0065835	0.0322963	0.0228927	0.0377558	0.0194861	0.00032957	0.00535929	-0.02251	-0.00518859	0.0150014	0.0153401	2.71678e-05	0.000974895	0.00528328	0.014579	0.00453722	0.0119171	0.0158247	0.01028	0.00872641	0.0177471	0.0184178	0.0372801	0.00846155	0.00651129	-0.00790727	-0.00100512	0.0370209	0.0385418	0.0260739	0.0143116	0.00769092	0.0382805	0.00804956	0.00437804	-0.0167651	-0.0116136	0.0100357	0.00642253	0.00551211	0.00459856	0.0435324	0.00474667	0.0188496	0.0066523	-0.0030224	0.0225997	0.031191	0.00140315	0.0302777	0.0279008	0.0279797	0.0373798	0.0338881	0.0297208	0.0163037	-0.0136668	-0.00944753	0.00957501	0.0034819	0.0224292	0.0225948	-0.00418483	0.0272476	0.0308505	-0.0194048	0.0172779	0.00623443	0.00442995	0.0212211	0.0293589	-0.0104423	-0.0220808	-0.00327039	0.0128263	-0.0108157	0.0362135	0.00418041	0.0193037	0.0273953	-0.00311951	0.00713499	0.0334875	0.0407761	0.0394086	0.0196889	0.0295606	0.0448857	0.0120594	0.0292826	0.00223996	0.00340074	0.00682831	0.0111973	-0.000102106	0.00381285	0.00487948	0.0339019	0.0399624	0.0397966	0.00257021	0.00624926	0.0172703	0.0152518	0.00681614	0.0117244	0.00436499	0.0146195	0.0169819	0.00578033	0.0145931	0.0146773	0.0070131	0.0140197	0.00478407	0.02694	0.0317707	0.00108378	-0.00624695	-0.0103626	-0.0099532	0.0279828	0.0504953	0.0374174	0.0113186	0.033679	0.0101837	-0.0109947	0.0129132	-0.00422852	0.0400805	-0.0209831	0.0298138	-0.00611483	-0.0119396	0.0026403	-0.00666009	0.056874	0.00633085	0.00575784	0.00474348	0.0029942	0.0156962	0.0275051	0.0147929	0.000548276	-0.00388295	0.0256518	0.0161782	-0.00260414	0.0171035	-0.0202501	0.0343682	0.0378996	0.0113152	0.0479688	0.0540734	0.0207684	-0.000275197	0.0107221	0.00174026	0.0467557	-0.00570633	-0.00629402	-0.00533606	0.0244655	0.00732665	-0.0112108	0.00663706	0.00992755	-0.0214635	0.0333563	0.0260592	0.00998309	-0.00959875	0.0377688	0.007654	0.00206899	-0.00112862	0.00365401	0.0232656	0.023033	0.0117391	0.0110482	0.00460385	-0.0110221	-0.0074403	0.0255244	0.0101126	0.00925889	-0.00940243	-0.00529122	0.0302859	0.0444201	0.0157477	0.0152937	-0.0185551	0.0132836	0.00235008	0.0201999	0.012072	0.0282629	0.00321259	0.0283346	-0.0240434	-0.00834278	0.0137952
6.3	0.0285776	0.035592	0.00926746	0.0102667	0.0221356	0.0293352	0.0197461	-0.00103887	-0.0433437	-0.00958715	0.0274742	-0.00319083	0.00207021	-0.00541309	0.0060231	0.0240838	0.0312194	0.0251447	-0.00267317	0.0199261	0.0328016	0.0329845	-0.00460838	0.0349409	-0.00523496	0.00119454	0.0341697	0.000696649	0.010977	0.00817281	0.0175729	0.0190552	0.0201323	0.0182069	-0.00880687	-0.00764498	-0.00496916	-0.00316091	0.0013895	0.0452822	0.0434491	0.0177135	0.0223078	0.000463629	-0.0011713	0.00589977	0.0146991	0.0176689	0.00956089	0.01175	0.0494549	-0.0101323	0.0149352	-0.00810972	0.0430308	-0.00102615	0.000151291	-0.0431505	0.00713708	0.00978092	0.0100677	0.00957972	0.00319356	-0.00389951	0.0410018	-0.0107878	0.045928	0.00988256	0.018113	0.0300242	0.0221033	0.0219244	0.0299567	-0.00641653	0.0270964	0.0107404	-0.00317475	-0.00465363	0.0194531	0.0169208	0.0421094	0.0455044	0.0214558	-0.00820255	0.0116509	-0.0010456	-0.000625755	0.0386125	0.0312692	0.0369391	0.0326107	0.0114605	0.0134299	-0.0342803	-0.00484137	0.0238964	0.0242842	0.00585158	0.00660247	-0.00473901	0.0249547	0.0278772	0.00889933	0.0229821	0.00414302	0.00681443	0.0238509	0.0283668	0.0270124	-0.00983683	-0.00964349	-0.0107618	0.00568625	0.0493004	0.0447998	0.0197247	0.0221734	0.0171454	0.037724	-0.00425459	-0.0124893	0.0017782	0.00760925	-0.00246235	-0.00328124	-0.00370605	-0.0111963	0.0284018	-0.000957888	0.00739188	-0.00979166	0.0102096	0.0237038	0.0395694	0.000464861	0.0359185	0.0344001	0.0344457	0.0405684	0.0388475	0.0335214	0.0254038	-0.0143106	-0.00653449	-0.00546716	0.00171851	0.0210481	0.0212062	-0.0059869	0.0249629	0.0265369	-0.0177019	0.0277696	0.0171257	0.00136024	0.0192649	0.0258516	-0.0266432	-0.0365921	0.00531522	-0.00561479	-0.0252717	0.0419126	0.0139925	0.0212519	0.0295878	-0.0157158	0.0170038	0.0320875	0.0425445	0.0375612	0.00478879	0.0267286	0.0431065	0.0141207	0.0358377	0.00899225	0.000119161	0.0205529	-0.000894527	-0.0136307	0.0104664	0.0108203	0.0358337	0.0439382	0.0437095	0.00963706	0.00402943	0.00282591	-0.00140326	-0.00798081	-0.00404577	-0.0125436	0.000899944	0.0027789	-0.00915489	0.000916053	0.0026445	-0.00754662	-0.0024505	-0.0123864	0.0296371	0.033635	0.00617814	-0.00568902	-0.00710066	-0.00676757	0.0272553	0.0526735	0.030403	0.0060692	0.0445938	6.08609e-05	-0.0250275	-0.000417984	0.00484481	0.0377685	-0.0227784	0.0298028	0.00524194	-0.00750133	-0.00728647	-1.40721e-05	0.0511795	0.00988215	0.00659802	0.00892708	0.00640126	0.00156239	0.0294904	0.0129989	0.0211865	0.00269977	0.0239418	0.0186066	0.00869829	0.0219298	-0.0248666	0.0393241	0.0337341	0.0191971	0.0465899	0.0526707	0.0202893	7.76953e-05	0.015446	-0.00563449	0.0463731	-0.00148269	0.00794982	0.00931274	0.0230363	0.00174393	-0.00892791	-0.0118662	0.0129417	-0.03532	0.0386257	0.0332826	0.0165681	-0.00663918	0.0367471	0.0207594	0.0138852	0.0111927	-0.00593786	0.0302315	0.0293976	0.00573894	0.00551377	0.0130862	-0.000883825	0.00999225	0.0289526	0.0197391	0.0182142	-0.00525174	-0.0035171	0.0343674	0.0500171	0.00465205	0.00514418	-0.0174805	0.0161748	-0.0101045	0.0243592	0.0158393	0.036526	0.0101606	0.0335612	-0.0380073	-0.00508043	0.0225443
6.4	0.0327583	0.0388129	0.0124628	0.013945	0.0255612	0.0387652	0.0277098	0.00562632	-0.0512169	-0.0157204	0.0250482	-0.0142799	-0.000110105	-0.01456	0.00364005	0.021281	0.0258437	0.0311455	0.00957154	0.032262	0.0330785	0.0330143	0.00239644	0.0366085	-0.00289198	0.00256327	0.0328523	0.00732483	0.00683842	0.0103889	0.017144	0.0108291	0.0279117	0.0249256	-0.00428748	-0.000635299	0.000512461	0.00170057	-0.00174061	0.0385349	0.0366394	0.00600259	0.0199433	-0.0100514	-0.0117221	-0.00545463	0.00304198	0.00692004	-0.00253281	0.00327954	0.0516792	-0.0205007	0.0150561	-0.0240185	0.0446434	-0.0153833	0.00284112	-0.0531443	-0.00191158	0.00166994	0.002107	0.00187311	-0.00272997	0.00272687	0.0416096	-0.00788387	0.0419578	0.0103491	0.0192477	0.0294292	0.0296137	0.0252068	0.0285098	-0.0166649	0.0258817	0.0179322	-0.0124264	-0.0161209	0.0100865	0.00751104	0.0298199	0.0448291	0.030792	0.00300664	0.0236296	0.00628926	0.00572361	0.0387965	0.0358176	0.0303736	0.0393336	0.0223102	0.0212298	-0.0386787	-0.00296981	0.0290362	0.0296214	0.0118689	0.011813	-0.012162	0.0314823	0.0452689	0.00563171	0.026029	-0.00315838	0.00317217	0.0258862	0.0345368	0.0136901	-0.0257813	-0.0240983	-0.0131961	0.0138022	0.0519084	0.0434932	0.0124827	0.0277927	0.0227565	0.0311145	-0.0142328	-0.026498	0.0196402	0.023459	-0.013995	-0.0114934	-0.0114377	-0.024138	0.0119843	-0.0060054	-0.00341763	-0.0246688	0.021048	0.02198	0.0403033	0.00139333	0.0361886	0.0363613	0.0363621	0.0382542	0.0381556	0.0333851	0.0315978	-0.0114978	-0.0017764	-0.0196688	-0.000176826	0.0180319	0.0181818	-0.00766857	0.0195139	0.0186556	-0.0118153	0.0315538	0.0241431	-0.00167461	0.0162457	0.0208462	-0.0385076	-0.0456275	0.0135813	-0.0217405	-0.0365695	0.0401273	0.0213066	0.0178225	0.0268309	-0.0257847	0.0254874	0.0282999	0.0381241	0.0302022	-0.00985981	0.018749	0.0333917	0.01555	0.0365486	0.0146667	-0.00320031	0.0310305	-0.0106688	-0.0254055	0.0161088	0.016435	0.032468	0.0411526	0.04093	0.0157511	0.00132544	-0.0113263	-0.0174209	-0.0208323	-0.0183593	-0.0265827	-0.012809	-0.011315	-0.0218496	-0.0127773	-0.00929032	-0.0204717	-0.0179698	-0.026583	0.0269049	0.0331528	0.0107955	-0.00211062	-0.00176896	-0.00161093	0.0235601	0.0448148	0.0217484	7.45076e-05	0.0495071	-0.0105315	-0.0351597	-0.0110757	0.0135262	0.0306401	-0.0205791	0.0269893	0.0163168	0.00032943	-0.0149282	0.00764834	0.0369609	0.0123394	0.00724866	0.0116359	0.0106596	-0.011158	0.0284488	0.0097323	0.0379436	0.00768099	0.0198145	0.0183537	0.0211708	0.0233993	-0.0240784	0.0385063	0.0255996	0.0250943	0.0362449	0.0438622	0.0166404	0.000181016	0.0179466	-0.011236	0.0395135	0.00491984	0.0213616	0.0223392	0.0191971	-0.0030261	-0.00542444	-0.0276451	0.0147851	-0.0442926	0.0375411	0.0363004	0.0213012	-0.00193598	0.0287402	0.0292817	0.023534	0.0215947	-0.0131866	0.0350054	0.0341793	-0.000882054	-0.000343574	0.0204416	0.0122413	0.0247779	0.0270706	0.0259874	0.0251397	0.00146963	-0.00390409	0.0321107	0.0462649	-0.00601076	-0.00515527	-0.0145345	0.0175285	-0.0203161	0.0236012	0.0175894	0.0388843	0.015525	0.0330563	-0.0457686	0.000249672	0.0276804
6.5	0.032619	0.0371716	0.0145808	0.0174124	0.0265382	0.0422912	0.0310242	0.0127647	-0.048612	-0.0164331	0.0219929	-0.0215818	-0.00247388	-0.0200492	0.00194614	0.0177076	0.0186347	0.0314418	0.0213128	0.0404311	0.0284253	0.0278556	0.00985368	0.031255	0.00172992	0.00530046	0.0278491	0.0142692	0.00343871	0.0122567	0.0144084	0.0019404	0.0313446	0.0290015	0.00167673	0.00722932	0.00617488	0.00644288	-0.00452505	0.0268607	0.0249744	-0.00559797	0.0143581	-0.0173297	-0.0182753	-0.0144741	-0.00704739	-0.00355385	-0.0118017	-0.00164228	0.0462562	-0.025725	0.0141073	-0.0351504	0.0402419	-0.026035	0.00623097	-0.0506977	-0.00933379	-0.00557147	-0.00472327	-0.0043125	-0.0069173	0.0100019	0.0374485	-0.00272056	0.0349033	0.00917494	0.0190789	0.0245278	0.0325109	0.0250253	0.0225608	-0.0221528	0.0213376	0.0245803	-0.0172102	-0.0228894	0.00156691	-0.000425327	0.0183205	0.0369364	0.0351268	0.0149728	0.0314716	0.0136262	0.0127252	0.0319586	0.0359585	0.0200106	0.03845	0.0305624	0.0270628	-0.0332701	0.000448928	0.0305627	0.0311974	0.0164518	0.0149717	-0.0151048	0.0329141	0.0534033	0.00320052	0.0267757	-0.0099617	-0.00034852	0.0257335	0.0364445	0.000320489	-0.0359807	-0.0336868	-0.0135949	0.0223735	0.0465375	0.0372031	0.00470961	0.0307762	0.0241472	0.0204052	-0.0195438	-0.0349845	0.032087	0.0321784	-0.0216571	-0.0157342	-0.0153865	-0.0307996	-0.00317168	-0.0100661	-0.0117319	-0.0344954	0.0295171	0.0171258	0.0351636	0.00436898	0.029593	0.0321683	0.0321299	0.0326712	0.0333132	0.0291657	0.0327466	-0.0053599	0.0038431	-0.0301632	-0.00228134	0.0144272	0.0145606	-0.00888923	0.0121803	0.00854187	-0.00277068	0.0288909	0.0249837	-0.00456074	0.0129428	0.0148564	-0.0434857	-0.046122	0.0190496	-0.0335803	-0.0420432	0.0322582	0.0255924	0.00970159	0.0204548	-0.0315964	0.0309859	0.0229101	0.0281382	0.0192879	-0.0212722	0.00887876	0.0200079	0.016276	0.0315008	0.0186785	-0.00608766	0.0333347	-0.0159935	-0.033631	0.0197673	0.0203242	0.0238947	0.0327698	0.0326116	0.0206771	-0.00150143	-0.0220594	-0.0291821	-0.0289283	-0.0284442	-0.0350618	-0.0234231	-0.0222086	-0.0291947	-0.0234156	-0.0189354	-0.0289127	-0.0292376	-0.0350022	0.0194207	0.0292662	0.0147487	0.00221332	0.00439939	0.0044218	0.0178226	0.0312539	0.0130336	-0.00513321	0.0470845	-0.0182953	-0.0379676	-0.0178241	0.0207848	0.0199863	-0.0150001	0.0222474	0.0245815	0.00968359	-0.0188185	0.0152328	0.0191375	0.0140203	0.0081107	0.0127503	0.0144325	-0.0195612	0.0249276	0.00731826	0.0456531	0.0114644	0.0135495	0.0152947	0.0311121	0.0223311	-0.0177597	0.0326862	0.0150154	0.0281717	0.0207274	0.0301856	0.0120539	0.00042383	0.0182643	-0.0133702	0.0278799	0.0111836	0.0312185	0.0305774	0.0138617	-0.00649933	-0.00104463	-0.0374443	0.0151878	-0.0453171	0.0319821	0.0353558	0.0233451	0.00364288	0.0177376	0.0334245	0.03033	0.0288103	-0.0159412	0.0356133	0.035444	-0.00633816	-0.00530313	0.0264365	0.0251551	0.0346178	0.0210949	0.0292239	0.0293947	0.00938429	-0.00403342	0.0231257	0.0344856	-0.013654	-0.0132889	-0.00828697	0.0178144	-0.026529	0.0193595	0.0173581	0.0360243	0.0188349	0.0280393	-0.0443165	0.00600892	0.0294829
6.6	0.0283986	0.0310533	0.0154054	0.0196709	0.0255585	0.0390131	0.0308303	0.019066	-0.0347028	-0.0112179	0.018911	-0.0239266	-0.00444977	-0.0216799	0.00100158	0.0132358	0.0110584	0.0259052	0.0300633	0.0427192	0.020217	0.0194514	0.0168979	0.0200155	0.00748635	0.00885813	0.0207754	0.0200061	0.00141599	0.0123423	0.00988876	-0.00541343	0.0285681	0.0299179	0.00738151	0.0141372	0.0105188	0.00973842	-0.00649523	0.0128991	0.010579	-0.0153051	0.00633136	-0.0200585	-0.0197297	-0.0195443	-0.0134166	-0.0115275	-0.016781	-0.00265173	0.0356733	-0.0248148	0.0129211	-0.0394205	0.0313238	-0.0318808	0.00966472	-0.0348222	-0.0152633	-0.010566	-0.00980006	-0.00875651	-0.00951415	0.0166968	0.0305658	0.00318594	0.0258575	0.00682884	0.0187622	0.0183748	0.0301289	0.021831	0.0137846	-0.0221052	0.0144495	0.0288547	-0.0171382	-0.0235946	-0.00403371	-0.00540619	0.00973533	0.0238033	0.0340002	0.0241117	0.0348798	0.0195673	0.0191028	0.019873	0.0319012	0.00791811	0.0309079	0.0334933	0.0289656	-0.0194175	0.00490705	0.029071	0.0294009	0.0183096	0.0151647	-0.0141606	0.0294754	0.0516427	0.00161596	0.0259255	-0.0138927	-0.00200885	0.0241951	0.0342453	-0.0106818	-0.0387706	-0.0366512	-0.0107744	0.0291156	0.0360436	0.0282357	-0.00322764	0.0301954	0.0217762	0.00781986	-0.0200942	-0.0365667	0.0359112	0.0324284	-0.0240666	-0.0151742	-0.0149131	-0.0299331	-0.0154244	-0.0119237	-0.0161333	-0.0373199	0.0346451	0.00922717	0.0271166	0.00846866	0.0177048	0.0223273	0.0222689	0.025248	0.0259941	0.0209747	0.0281434	0.0028189	0.00894747	-0.0351344	-0.00431178	0.0111661	0.0112637	-0.00898554	0.00436985	-0.0021159	0.00731808	0.0221873	0.0202098	-0.0069567	0.0101036	0.00847375	-0.0405038	-0.0367337	0.0206108	-0.0402072	-0.0399608	0.0211708	0.0262044	-0.00100766	0.0124591	-0.0322708	0.0323445	0.0165507	0.0151147	0.00798348	-0.0282925	0.0001884	0.00670304	0.0155915	0.0221764	0.0208582	-0.00793297	0.0258822	-0.0169725	-0.0368695	0.0205065	0.0211671	0.0117567	0.0204333	0.0203729	0.0237231	-0.00367754	-0.0277654	-0.0345228	-0.030824	-0.0326372	-0.0365935	-0.0289355	-0.0282149	-0.0298366	-0.0289781	-0.0250353	-0.0311575	-0.0344174	-0.0362402	0.00922892	0.0212874	0.0179252	0.00526352	0.00987315	0.00981758	0.0110958	0.0165631	0.00521977	-0.00852761	0.0371507	-0.0213332	-0.0319067	-0.0207593	0.0258965	0.00729187	-0.00707155	0.016302	0.0283635	0.017918	-0.0190451	0.021317	0.00254245	0.015109	0.00942058	0.0124966	0.0161876	-0.0229212	0.0190526	0.00687793	0.0422164	0.0140872	0.00603691	0.0103244	0.0351818	0.0196151	-0.00754792	0.0233192	0.00327861	0.0278823	0.00479324	0.0143913	0.00852986	0.00158552	0.016361	-0.0123235	0.0138586	0.014982	0.0349177	0.0321308	0.00784861	-0.00841142	0.00401872	-0.039712	0.0140891	-0.0368741	0.0239462	0.0306423	0.0223027	0.00881562	0.00733323	0.0336169	0.0332425	0.0315606	-0.0145494	0.0309605	0.0315573	-0.0102217	-0.0093555	0.0305156	0.0337429	0.0383088	0.0128653	0.0299533	0.0304355	0.0163115	-0.00156986	0.0100455	0.0178193	-0.0179677	-0.0183632	0.000997062	0.0166234	-0.0279703	0.0138602	0.0154798	0.0293741	0.0201749	0.0198737	-0.0325113	0.0102938	0.0285982
6.7	0.0208846	0.0215263	0.0145815	0.0195119	0.0228778	0.0298655	0.0280666	0.022577	-0.0120326	-0.00270154	0.0156245	-0.0217292	-0.00552173	-0.0201797	0.000836173	0.00787365	0.00442763	0.0164878	0.0340166	0.0387123	0.0105426	0.0101888	0.022336	0.00699865	0.0126817	0.0119113	0.0126156	0.0229489	0.000431242	0.00976006	0.0045208	-0.010061	0.0202121	0.0272811	0.0112619	0.0186902	0.0125944	0.0109193	-0.00700078	-0.00163269	-0.00442183	-0.0220018	-0.00254222	-0.0183486	-0.0168577	-0.0203629	-0.0160584	-0.0161582	-0.0177893	-0.0019058	0.022426	-0.0189886	0.0117574	-0.0365943	0.0195464	-0.0324499	0.0123101	-0.00947618	-0.0198881	-0.0128378	-0.0134083	-0.0120614	-0.0115032	0.021572	0.0220939	0.00822672	0.0145552	0.00444212	0.0180737	0.0127841	0.0233301	0.016571	0.00451244	-0.0177273	0.00599259	0.0281997	-0.0139123	-0.0190843	-0.0069091	-0.00797323	0.00280677	0.00881644	0.0282133	0.0278272	0.0339477	0.0223607	0.0226132	0.00620141	0.0245417	-0.00411744	0.0193759	0.0298724	0.0258089	-0.00181029	0.0095523	0.0249483	0.0247467	0.0170785	0.0125625	-0.0115693	0.022477	0.0419442	-0.000216667	0.0228353	-0.0131199	-0.00121023	0.0208982	0.0285184	-0.0180875	-0.0346615	-0.0330473	-0.0046343	0.0318892	0.0231123	0.0179618	-0.0104876	0.0250796	0.0165999	-0.00470879	-0.0175046	-0.0313282	0.0308324	0.0255492	-0.0213192	-0.0105954	-0.0110132	-0.0227784	-0.0239101	-0.0102035	-0.0159706	-0.0330642	0.0348579	-0.000689355	0.0183865	0.0120423	0.0041562	0.00953553	0.00948244	0.0161563	0.0171318	0.009499	0.0186049	0.0109054	0.01241	-0.0342133	-0.00581539	0.00874999	0.00879662	-0.00731669	-0.00306176	-0.0116096	0.0159839	0.0140144	0.0128829	-0.00839262	0.00816705	0.00226797	-0.0298813	-0.0187927	0.0190728	-0.0408921	-0.0301923	0.00954268	0.0229078	-0.0116385	0.00452028	-0.0278913	0.0292902	0.00943075	0.00228839	-0.00110673	-0.0311231	-0.00574163	-0.00453173	0.0127987	0.0108995	0.0211291	-0.00831612	0.0118664	-0.0152194	-0.034245	0.0179649	0.0184312	-0.000963461	0.00627051	0.0063138	0.0239139	-0.00464744	-0.0283204	-0.0329245	-0.0267265	-0.0305177	-0.031279	-0.0286858	-0.0289911	-0.0242471	-0.0287751	-0.0268127	-0.0272207	-0.0331599	-0.0303723	-0.00111495	0.0100429	0.0199289	0.00641701	0.0134106	0.0132263	0.00401611	0.00363067	-0.0014674	-0.00987686	0.0216891	-0.0199053	-0.0180768	-0.0209308	0.0282321	-0.00499224	0.00194327	0.00950724	0.0272795	0.0227445	-0.0167161	0.0246247	-0.00997211	0.0154536	0.0108322	0.011059	0.014977	-0.0221425	0.0109173	0.00757548	0.0296126	0.015396	-0.00158981	0.00482063	0.0320327	0.0155804	0.00381006	0.011953	-0.00835882	0.0244065	-0.00795783	-0.00108162	0.00649274	0.00381771	0.0124856	-0.00981477	-0.000216304	0.015429	0.0316695	0.0278141	0.00178924	-0.00868625	0.00913075	-0.0350264	0.0116289	-0.0199086	0.0146609	0.0223762	0.0183424	0.0123386	-0.000280748	0.0302045	0.0315282	0.0294485	-0.0111134	0.02158	0.0224886	-0.013169	-0.0129251	0.0314308	0.0352718	0.0362897	0.00438964	0.0282211	0.0278563	0.0201619	0.00389257	-0.0029359	3.6917e-05	-0.0201426	-0.0207452	0.0113271	0.0134189	-0.0249746	0.00854244	0.01213	0.0204324	0.0197205	0.00995895	-0.0124933	0.0119235	0.0253835
6.8	0.0113689	0.0099477	0.0119927	0.0163381	0.0184933	0.0173395	0.0234464	0.0220362	0.0135126	0.00491341	0.0115322	-0.0165438	-0.00558312	-0.0163459	0.00142481	0.00194153	-0.000458954	0.00586087	0.0328084	0.0293193	0.00140629	0.00183554	0.0250131	-0.0045206	0.0157872	0.0131836	0.00389249	0.0224518	-0.000656973	0.00467164	-0.00063525	-0.0118471	0.00920504	0.0213431	0.0126696	0.0205097	0.0124015	0.0102624	-0.00585462	-0.0152987	-0.0178758	-0.0251687	-0.0103571	-0.0134159	-0.0116182	-0.0174714	-0.0162826	-0.0177224	-0.0159923	-0.00233289	0.00843096	-0.0106306	0.0100341	-0.0280688	0.00639117	-0.0277281	0.0134011	0.0174334	-0.0220729	-0.012402	-0.0155425	-0.0142795	-0.0129037	0.023616	0.0119131	0.0113696	0.00107272	0.00274714	0.0155565	0.00739024	0.0140171	0.0099111	-0.00349491	-0.011164	-0.00307393	0.0215695	-0.00945382	-0.0118629	-0.00842191	-0.00974803	-0.00511445	-0.00488195	0.019488	0.0259229	0.029008	0.0212156	0.0218096	-0.00542507	0.0152376	-0.0147631	0.00724107	0.0209152	0.0183088	0.0141968	0.0133972	0.0183039	0.0176892	0.0133071	0.00825711	-0.00906818	0.0135187	0.0275259	-0.00342255	0.0166204	-0.00799548	0.00108338	0.0152198	0.020067	-0.0217543	-0.0257831	-0.0243025	0.00369108	0.0296288	0.00952982	0.00680986	-0.0160545	0.0156038	0.00988967	-0.0156527	-0.0134607	-0.0207416	0.0199908	0.0153093	-0.0146652	-0.00432723	-0.0057608	-0.0123584	-0.0283653	-0.0047592	-0.0117653	-0.0231281	0.0297626	-0.0106123	0.00943376	0.0135234	-0.00760744	-0.00251364	-0.00254021	0.00526633	0.00710365	-0.00355175	0.00610066	0.0167807	0.0138265	-0.0281966	-0.00643108	0.0071741	0.00716665	-0.00372957	-0.00970374	-0.0186253	0.0215123	0.00609194	0.00624707	-0.00851235	0.00710939	-0.00323317	-0.013356	0.00356318	0.0162718	-0.0349592	-0.01447	-0.00132709	0.0162079	-0.0198756	-0.00246265	-0.019153	0.0224366	0.00184409	-0.00795085	-0.00700193	-0.030077	-0.00886922	-0.0131699	0.00781874	-9.53943e-05	0.01919	-0.00725263	-0.0029704	-0.01226	-0.0256679	0.0129249	0.0128964	-0.0116111	-0.00733147	-0.00720481	0.0208415	-0.00465583	-0.0243632	-0.0254015	-0.0182904	-0.023041	-0.0206335	-0.0232703	-0.0250238	-0.0144883	-0.0233722	-0.0236723	-0.0188052	-0.0262883	-0.0192519	-0.0094046	-0.0022448	0.0199108	0.00630048	0.0144451	0.0140554	-0.00319469	-0.00685588	-0.00708899	-0.00952805	0.0042546	-0.0155357	-0.000103058	-0.0195768	0.0272105	-0.014459	0.0105806	0.00199449	0.0222059	0.0231303	-0.0127133	0.024505	-0.0182686	0.0145116	0.0116885	0.00849941	0.0108675	-0.0185903	0.00118172	0.00757856	0.0125638	0.0152777	-0.00843477	-0.000122403	0.0228413	0.0103277	0.0136251	-5.03452e-05	-0.0184342	0.0185693	-0.0162462	-0.0146353	0.00475707	0.00645515	0.00713136	-0.00686039	-0.0127345	0.0131831	0.0232776	0.0203946	-0.00367911	-0.00749281	0.013141	-0.0255256	0.0081054	0.00199333	0.00464348	0.0111982	0.0121338	0.013546	-0.0047526	0.0236353	0.0253522	0.0233042	-0.0073196	0.0097082	0.0102393	-0.0150849	-0.0153312	0.027661	0.029605	0.0299717	-0.0029452	0.0238787	0.0219008	0.0198982	0.0106434	-0.0126828	-0.0159987	-0.0206849	-0.0207067	0.0199753	0.00849096	-0.0188176	0.00377394	0.00731046	0.0102795	0.0173217	-0.000314062	0.0101986	0.0110804	0.0197929
6.9	0.00148994	-0.0023026	0.00800414	0.0106688	0.0124055	0.00426255	0.0173539	0.0176164	0.0345983	0.00861898	0.00628243	-0.0101168	-0.00484084	-0.010586	0.00256618	-0.00391629	-0.00352898	-0.00412135	0.0275886	0.0164853	-0.00610376	-0.00502923	0.0242962	-0.0132657	0.0159831	0.0121874	-0.00466199	0.0189126	-0.00289535	-0.00185899	-0.00498653	-0.0112761	-0.00104083	0.0131334	0.0119632	0.0200979	0.0106095	0.00856177	-0.00370563	-0.0261761	-0.0278637	-0.0247557	-0.0154692	-0.00697107	-0.00594897	-0.011924	-0.0153974	-0.0170672	-0.0123157	-0.00527375	-0.00512177	-0.00185593	0.00678997	-0.0160944	-0.006658	-0.0182995	0.0124788	0.0374689	-0.019903	-0.00992227	-0.0153834	-0.0146705	-0.0123131	0.0224736	9.91917e-05	0.0123968	-0.013308	0.00133255	0.00990392	0.00123077	0.00423832	0.00216832	-0.00952853	-0.00412874	-0.0113127	0.0106195	-0.00459495	-0.00434054	-0.00968866	-0.0118983	-0.014657	-0.0151829	0.00949725	0.0204462	0.0206448	0.0167427	0.0171311	-0.0129525	0.00527987	-0.0230988	-0.00271747	0.00953563	0.00877018	0.0251525	0.0154801	0.00956018	0.00887109	0.0080503	0.00368268	-0.00672958	0.00401938	0.0108397	-0.00763355	0.00735421	-0.00094593	0.00286273	0.00716551	0.00992408	-0.0220713	-0.0146737	-0.0124892	0.0119297	0.0226804	-0.00384809	-0.00522521	-0.0192252	0.00371558	0.00311582	-0.0239037	-0.00863929	-0.00716897	0.00848458	0.00617937	-0.00601669	0.000907047	-0.00103652	-0.00198443	-0.0288796	0.00260628	-0.00505246	-0.00976397	0.0208254	-0.0182742	-0.000136577	0.0121881	-0.015665	-0.010976	-0.0109682	-0.00663705	-0.00365986	-0.0155473	-0.0066133	0.0193121	0.0134007	-0.0185088	-0.00595244	0.00601608	0.00596011	0.00119801	-0.0149721	-0.0224579	0.0234502	-0.000668031	0.00173083	-0.00721966	0.00646787	-0.00750511	0.0058651	0.0245123	0.0135531	-0.022538	0.00379595	-0.0110649	0.00712551	-0.0243044	-0.00823224	-0.00723943	0.0129231	-0.00537212	-0.014752	-0.0102734	-0.0250141	-0.00992602	-0.0192589	0.00134299	-0.00936896	0.0147365	-0.00510291	-0.0138937	-0.00866927	-0.012223	0.0071791	0.00636704	-0.0188915	-0.0184318	-0.0182565	0.0151423	-0.00447237	-0.0168089	-0.0139912	-0.00773887	-0.0122946	-0.00706876	-0.0143232	-0.0172998	-0.00347785	-0.0143958	-0.0160013	-0.00829971	-0.015343	-0.00598373	-0.0142435	-0.013053	0.0171183	0.00579071	0.0130501	0.0125378	-0.0103471	-0.0156229	-0.0113905	-0.00793611	-0.0115007	-0.00969302	0.0172065	-0.0171247	0.0225973	-0.0202098	0.0173022	-0.00587988	0.0148227	0.0195223	-0.00717819	0.021047	-0.023715	0.0117652	0.0115329	0.00514009	0.00490628	-0.0133728	-0.00851979	0.00561793	-0.00413878	0.0137629	-0.0138887	-0.00406879	0.010654	0.00433809	0.0200488	-0.0113949	-0.0253984	0.0112998	-0.0206902	-0.0254662	0.0019376	0.00861431	0.00096095	-0.00286843	-0.0228034	0.00940538	0.0130054	0.0126519	-0.00783449	-0.00523889	0.014968	-0.0137653	0.00394111	0.0233983	-0.00561785	-0.00144456	0.00460295	0.0125082	-0.00728309	0.0147232	0.0158672	0.0147246	-0.00335975	-0.00181881	-0.00207404	-0.0146062	-0.0149284	0.018586	0.0186582	0.0210314	-0.00873429	0.0170566	0.0135983	0.0160308	0.0162659	-0.0185522	-0.0289101	-0.0185522	-0.0178115	0.0247277	0.00293947	-0.0110444	-0.000335872	0.00133555	-0.000360031	0.0126888	-0.00971737	0.0286512	0.0089028	0.0119818
7.0	-0.00717532	-0.0137964	0.00337473	0.00401561	0.00494311	-0.00724781	0.0098333	0.0107243	0.0451992	0.00817638	0.000126919	-0.00353683	-0.00349613	-0.00327369	0.00383409	-0.00888535	-0.00538936	-0.0125006	0.0201776	0.00272593	-0.0118954	-0.0106062	0.0203335	-0.0193462	0.0132558	0.00929451	-0.0121364	0.0132119	-0.006138	-0.00808808	-0.00866717	-0.00928467	-0.00836458	0.00393941	0.00988551	0.0180826	0.0079356	0.00644861	-0.00178114	-0.0324358	-0.0331873	-0.0210737	-0.017028	-0.000572204	-0.000854783	-0.00524404	-0.0137678	-0.0148682	-0.00733608	-0.00929931	-0.017475	0.0060519	0.00180729	-0.00303817	-0.0179606	-0.0056825	0.00961947	0.045535	-0.0129151	-0.00674556	-0.0122081	-0.0126849	-0.00853289	0.0186185	-0.011896	0.011568	-0.0261448	-0.000546953	0.00139326	-0.00586351	-0.00443878	-0.00603577	-0.0134972	0.00252248	-0.0171626	-0.00118273	0.000700316	0.00238824	-0.0108409	-0.0140276	-0.0232286	-0.0215301	-0.000510411	0.0137329	0.00994175	0.0103729	0.010331	-0.0162975	-0.00453246	-0.0284653	-0.00960438	-0.00127075	-0.000305265	0.0300846	0.0150848	-3.88783e-05	-0.000546195	0.00247345	-8.7395e-05	-0.00358168	-0.0047733	-0.0070611	-0.0107275	-0.00350961	0.00501973	0.00242612	-0.00235022	-0.000637213	-0.0195772	-0.00336269	0.000108135	0.0175032	0.0123552	-0.0164779	-0.0175111	-0.0197757	-0.00789416	-0.00249203	-0.0289108	-0.00302294	0.00660168	0.000272728	0.000680803	0.00260288	0.00374741	0.00249542	0.0063579	-0.0256803	0.00894558	0.00220679	0.00428516	0.0101461	-0.0222699	-0.0100304	0.00834382	-0.0194883	-0.0149507	-0.0149168	-0.0176295	-0.014281	-0.0240452	-0.0167113	0.0186581	0.0114941	-0.00685118	-0.00432083	0.00465221	0.00455914	0.00634647	-0.0180519	-0.0229608	0.0221426	-0.0059588	-0.00113426	-0.00468143	0.0055529	-0.0100628	0.0234211	0.0386884	0.0108272	-0.00563257	0.0202415	-0.0190582	-0.00294313	-0.0245598	-0.0127556	0.00585829	0.00214651	-0.011101	-0.0185178	-0.0122213	-0.0158942	-0.00972693	-0.0227825	-0.00533212	-0.016296	0.00798477	-0.00230647	-0.0191312	-0.00437977	0.00350955	0.00243149	0.000590998	-0.0224954	-0.0259283	-0.0257396	0.00816404	-0.00438986	-0.00700876	-0.00108301	0.00296392	-0.000635636	0.00662462	-0.00401009	-0.00736268	0.00624417	-0.00403271	-0.00581437	0.00235185	-0.00234586	0.0065204	-0.0153922	-0.0205934	0.0116214	0.00522947	0.00976256	0.00936888	-0.0168629	-0.0233245	-0.0137535	-0.00542931	-0.023408	-0.00325411	0.0297592	-0.0129187	0.0148455	-0.0228972	0.020814	-0.013287	0.00679593	0.0134121	-0.000280864	0.0149184	-0.0272492	0.00726984	0.0100973	0.00171818	-0.00131359	-0.00719621	-0.0159532	0.00171173	-0.0173944	0.0110654	-0.0174242	-0.00702461	-0.00110819	-0.0014406	0.0222276	-0.0206736	-0.0281373	0.00336226	-0.0223249	-0.0328038	-0.00233325	0.00976252	-0.00481031	0.00274503	-0.0296665	0.00494313	0.00350958	0.00583826	-0.0102191	-0.00251992	0.0141963	-0.0019003	-0.000381192	0.0387025	-0.0152701	-0.0134704	-0.00320376	0.00975977	-0.00956878	0.00465707	0.00486599	0.00533024	0.00121393	-0.0108549	-0.0115899	-0.0106453	-0.0108998	0.00565305	0.00532729	0.0110446	-0.0132051	0.00845793	0.004248	0.0102287	0.0190508	-0.0216785	-0.0379091	-0.0126051	-0.0116882	0.0247228	-0.00222994	-0.0028669	-0.00365926	-0.00485226	-0.0107137	0.00592635	-0.0172483	0.0380062	0.00642231	0.00291856
7.1	-0.0136068	-0.0230294	-0.00101714	-0.00191624	-0.00309641	-0.0160412	0.0010988	0.00323475	0.043363	0.00585176	-0.00629375	0.00286774	-0.00160669	0.00463705	0.00469383	-0.01222	-0.00695793	-0.0188523	0.0119762	-0.00954509	-0.0162234	-0.0150947	0.0140128	-0.0231512	0.00826527	0.00523821	-0.0177123	0.00607647	-0.00885323	-0.012278	-0.0119033	-0.00705112	-0.0125305	-0.00517819	0.00699035	0.0145734	0.00480969	0.00412075	-0.000506169	-0.0334977	-0.0334857	-0.0147003	-0.0152994	0.00465286	0.0033705	0.00084812	-0.0109364	-0.0112368	-0.00182813	-0.0117555	-0.0276707	0.0123523	-0.00371682	0.00910811	-0.0259825	0.00746649	0.00544539	0.0415186	-0.00323526	-0.00403466	-0.00653071	-0.00863627	-0.00216404	0.0129863	-0.0216487	0.00919738	-0.0345427	-0.00278764	-0.00786227	-0.0132429	-0.0110982	-0.0134034	-0.0154155	0.00831331	-0.0197209	-0.0104966	0.00633571	0.00806016	-0.0111306	-0.0145993	-0.0273708	-0.0249048	-0.00951904	0.00691351	-0.00141415	0.00358294	0.00314744	-0.0168805	-0.0136973	-0.0304864	-0.0144756	-0.00957264	-0.00751549	0.0295393	0.0119917	-0.00874776	-0.00904816	-0.00249227	-0.00269316	0.00101279	-0.0117118	-0.025065	-0.0105624	-0.013763	0.00791607	-0.000400452	-0.01178	-0.0102177	-0.0150267	0.00687152	0.0112903	0.0185757	0.000116518	-0.0272697	-0.02829	-0.0178749	-0.0171691	-0.00646916	-0.0306376	0.00319929	0.0177814	-0.00407558	-0.00195645	0.00956822	0.00459754	0.00490766	0.0123729	-0.0191993	0.0120721	0.00788896	0.016184	-0.000769602	-0.0224975	-0.0189122	0.00309595	-0.0195078	-0.0152946	-0.0152526	-0.0255997	-0.0232888	-0.028062	-0.0224554	0.0157738	0.00839676	0.00495932	-0.00171487	0.00251943	0.00241067	0.0105235	-0.0184562	-0.0203177	0.0180672	-0.0100003	-0.00355413	-0.00125896	0.00374923	-0.0106014	0.0350348	0.0434118	0.00694382	0.0116892	0.0310759	-0.0242266	-0.0121482	-0.021101	-0.0158739	0.017429	-0.00831974	-0.014479	-0.0201226	-0.0136787	-0.0037399	-0.00880286	-0.0235133	-0.0106515	-0.0206262	-6.70402e-05	0.000768739	-0.0197789	0.000579213	0.0178268	-0.00071298	-0.00367691	-0.022329	-0.0292421	-0.0290724	0.00121684	-0.00383778	0.00300151	0.0109869	0.0121938	0.0100167	0.0177208	0.00567028	0.00270176	0.0132479	0.00569527	0.0040724	0.0117431	0.0103049	0.0164771	-0.0137093	-0.0242767	0.00449192	0.00436794	0.00546134	0.00536855	-0.0216192	-0.0295096	-0.0137463	-0.0023819	-0.0311209	0.00327419	0.035578	-0.00632145	0.00520712	-0.0233504	0.0203923	-0.0191186	-0.000943168	0.00656125	0.0068914	0.0071723	-0.0286908	0.00178477	0.00697318	-0.000967016	-0.00636239	-0.000539687	-0.0193863	-0.00319854	-0.0261701	0.00756089	-0.0185973	-0.0089198	-0.0101033	-0.00600212	0.0203259	-0.0265115	-0.0264121	-0.00448986	-0.021447	-0.0356599	-0.00731425	0.00987924	-0.00869595	0.00891079	-0.0323543	0.000289701	-0.00407654	-0.000254695	-0.0109861	8.68276e-06	0.011078	0.00865198	-0.00440395	0.0443758	-0.0230782	-0.0228867	-0.0101405	0.0059747	-0.0124998	-0.00526401	-0.00573841	-0.00362843	0.00622793	-0.0164588	-0.0168712	-0.00384511	-0.00426275	-0.00780253	-0.00717825	0.000853191	-0.016851	-0.000710454	-0.00508287	0.00429312	0.0185666	-0.0230132	-0.0419646	-0.00341334	-0.00301568	0.0204377	-0.00651949	0.004994	-0.00625929	-0.00993147	-0.0195224	-0.00207254	-0.0220046	0.0379196	0.0039517	-0.00589875
7.2	-0.0175168	-0.0287317	-0.00452256	-0.00612261	-0.0106044	-0.0216995	-0.00808379	-0.00332878	0.0323568	0.00460636	-0.0123151	0.00881318	0.000766918	0.0114475	0.0046918	-0.0134631	-0.00890629	-0.0232586	0.0035504	-0.0186569	-0.0190054	-0.0181628	0.00661588	-0.0237089	0.00224064	0.000715901	-0.0207962	-0.00199718	-0.00922134	-0.0137161	-0.0141256	-0.00539698	-0.0148207	-0.0132771	0.00356054	0.0093428	0.0014657	0.00154343	0.000352475	-0.0301138	-0.0291215	-0.00650022	-0.0114492	0.00786248	0.00623489	0.00506653	-0.00653472	-0.00619154	0.0030688	-0.0112226	-0.0343681	0.0163422	-0.00796165	0.018835	-0.0296582	0.0176994	0.000881189	0.0295705	0.0055933	-0.00212394	-0.000174113	-0.00354978	0.00446207	0.00646025	-0.0270178	0.00555923	-0.0365381	-0.00447539	-0.0151577	-0.0197724	-0.0153433	-0.0184212	-0.0152384	0.012537	-0.0192259	-0.0156851	0.0113327	0.0121657	-0.00975398	-0.0123597	-0.0259326	-0.0263488	-0.0167029	0.00013063	-0.0115025	-0.00255224	-0.0033497	-0.0165644	-0.0214388	-0.0290247	-0.0186517	-0.0148307	-0.0127799	0.0245983	0.00664955	-0.015147	-0.0153185	-0.00636461	-0.00431232	0.00636157	-0.0159083	-0.0407867	-0.00693734	-0.0214791	0.00790704	-0.00378982	-0.0194938	-0.0176402	-0.00933572	0.0152102	0.0192779	0.0144722	-0.0125197	-0.0345211	-0.035396	-0.0141032	-0.0230034	-0.00898237	-0.0290738	0.0090761	0.0243242	-0.00667591	-0.00442916	0.013826	0.00448152	0.00601738	0.0162234	-0.0102682	0.0117895	0.0100246	0.0237631	-0.0108951	-0.0196384	-0.025113	-0.00203439	-0.0169202	-0.0137417	-0.0137101	-0.0294333	-0.0290566	-0.0281086	-0.0239222	0.0117188	0.00443288	0.0150447	0.00138641	-0.000662836	-0.000753532	0.012826	-0.0163976	-0.0148888	0.0117725	-0.01328	-0.00634983	0.00251287	0.000742805	-0.00919692	0.0382508	0.0392884	0.000947481	0.0247206	0.0344728	-0.0256367	-0.0186409	-0.014823	-0.0173097	0.024927	-0.0168628	-0.0151892	-0.0199961	-0.0142966	0.00870249	-0.0073936	-0.0213026	-0.0133812	-0.0222274	-0.00792635	0.0037468	-0.0182748	0.00549431	0.0272524	-0.00270837	-0.00667429	-0.0183436	-0.0281618	-0.0280418	-0.00484597	-0.0021642	0.0108438	0.0198852	0.0182815	0.0180345	0.0242357	0.0131983	0.0107521	0.0169923	0.013257	0.0114097	0.0183462	0.0200615	0.0227986	-0.0106094	-0.0245295	-0.00263058	0.00277751	0.00111213	0.00128743	-0.0233056	-0.0327992	-0.0115465	0.000589523	-0.0349793	0.00932728	0.0348331	0.00227995	-0.00449936	-0.0215079	0.016093	-0.022358	-0.00806681	0.000269991	0.0124064	-0.000898628	-0.027316	-0.0035823	0.00186933	-0.00249154	-0.00943986	0.00587492	-0.0187688	-0.0079239	-0.0311411	0.00359294	-0.0171893	-0.00947253	-0.0157431	-0.00879692	0.0155052	-0.0280007	-0.0209083	-0.0114035	-0.0179967	-0.033438	-0.0117696	0.00919175	-0.0101283	0.0132965	-0.0300781	-0.0040518	-0.00972674	-0.00599328	-0.010661	0.00180353	0.00628946	0.0170901	-0.00768711	0.0402824	-0.0276524	-0.0283938	-0.0150843	0.00184058	-0.0155767	-0.0139802	-0.0144053	-0.0111826	0.0105101	-0.0187778	-0.0184004	0.00350716	0.00276014	-0.0183772	-0.0168889	-0.00939786	-0.0198506	-0.0091527	-0.0134184	-0.000628424	0.0154592	-0.0222365	-0.0399619	0.00645982	0.006197	0.0130784	-0.00956948	0.0120342	-0.00832577	-0.0127572	-0.0252293	-0.00966386	-0.0232628	0.0315749	0.00131724	-0.0131125
7.3	-0.0191261	-0.0303088	-0.00685601	-0.00858793	-0.0164979	-0.0242287	-0.0165524	-0.00828238	0.0183511	0.00552314	-0.0173296	0.0132901	0.003369	0.0152514	0.00361259	-0.0125802	-0.0112388	-0.0258212	-0.00495521	-0.0239601	-0.019755	-0.0190985	-0.000645096	-0.0207918	-0.0032778	-0.00358137	-0.0213589	-0.0103367	-0.00663728	-0.0127775	-0.014127	-0.00424059	-0.0166838	-0.0192389	-0.000197454	0.0026037	-0.00186157	-0.00125967	0.0016315	-0.0234056	-0.0211429	0.00221258	-0.00690254	0.00851708	0.00711474	0.00700846	-0.00112859	-0.000610421	0.00619469	-0.00837806	-0.0363621	0.0172382	-0.0100494	0.0249202	-0.0286997	0.0220458	-0.00315303	0.0155683	0.0106819	-0.000774119	0.00469046	0.00128354	0.00863259	-0.000254624	-0.0272912	0.00106811	-0.0323119	-0.00491832	-0.0188968	-0.0239001	-0.0171186	-0.0201975	-0.0130773	0.0142094	-0.0167433	-0.0168655	0.0139472	0.0137292	-0.00680912	-0.00749495	-0.0206681	-0.0255341	-0.0214703	-0.00669445	-0.0188434	-0.00752623	-0.00859935	-0.0163305	-0.0266258	-0.0240128	-0.0220782	-0.0175634	-0.0164975	0.0166611	0.000173474	-0.0186928	-0.01874	-0.00908773	-0.00534117	0.0105237	-0.0170565	-0.051013	-0.00186758	-0.0252717	0.00674257	-0.0051616	-0.0240434	-0.0222386	-0.0033883	0.0208747	0.0230158	0.00591587	-0.0236113	-0.0367192	-0.0372767	-0.00947238	-0.0251056	-0.0102307	-0.0239888	0.013014	0.0255805	-0.00971415	-0.00862248	0.014829	0.0039407	0.00557288	0.017639	-0.000375934	0.00922985	0.0078974	0.0261277	-0.0190433	-0.0145103	-0.0275888	-0.00573155	-0.0133967	-0.0120687	-0.0120591	-0.0293341	-0.0305904	-0.0250939	-0.0224436	0.00722251	9.46679e-05	0.0216226	0.00433469	-0.00472881	-0.00476593	0.0127854	-0.0126187	-0.00744794	0.00424788	-0.0159389	-0.00925409	0.00594189	-0.00335437	-0.00645501	0.0333343	0.0288955	-0.00686111	0.0303205	0.0308952	-0.0230989	-0.0213618	-0.00684096	-0.0168511	0.0268862	-0.0221571	-0.0135276	-0.0178	-0.0131389	0.0177242	-0.00575305	-0.0166597	-0.0132053	-0.0213015	-0.0141465	0.00614735	-0.0163061	0.0089488	0.0299893	-0.00433942	-0.00894171	-0.0110569	-0.0232052	-0.0231556	-0.00957035	0.000548174	0.014858	0.0236318	0.0198705	0.0219595	0.0255246	0.017673	0.0153528	0.0176554	0.0177413	0.015171	0.0206728	0.0247588	0.024582	-0.00740691	-0.0222379	-0.00828874	0.0001932	-0.00259719	-0.00232966	-0.021108	-0.0317906	-0.00791266	0.00282786	-0.0349218	0.0139926	0.0287926	0.0114412	-0.0124608	-0.0169028	0.00886242	-0.0224039	-0.0141206	-0.00487538	0.0144609	-0.00799894	-0.0226761	-0.00801319	-0.00471713	-0.0029557	-0.0104069	0.0107594	-0.0157997	-0.0112525	-0.0330792	-0.000603161	-0.0133164	-0.00863762	-0.0188729	-0.00993542	0.00948289	-0.0251845	-0.013066	-0.0165874	-0.0125535	-0.0265305	-0.0144992	0.00782907	-0.00990294	0.0139837	-0.0229614	-0.00734885	-0.0139445	-0.0113005	-0.00963097	0.00259075	0.000978301	0.0227056	-0.00981109	0.0291118	-0.0280711	-0.029611	-0.0172766	-0.00199018	-0.0173125	-0.0207382	-0.0202561	-0.0165484	0.0124446	-0.0187168	-0.0179504	0.00867241	0.00784777	-0.0243063	-0.0232278	-0.0192559	-0.0215935	-0.0159224	-0.0195774	-0.00413117	0.0107936	-0.0182337	-0.0315163	0.0136348	0.0131114	0.00413539	-0.0110569	0.0175428	-0.00994541	-0.0127477	-0.0271048	-0.0150788	-0.0208146	0.0224305	-0.00158415	-0.0178663
7.4	-0.018791	-0.0278828	-0.00803283	-0.00989693	-0.0199967	-0.0238168	-0.0231451	-0.0116983	0.00630178	0.00676196	-0.0207198	0.0148081	0.0057211	0.0149228	0.00150721	-0.0099639	-0.0133049	-0.0256986	-0.0132045	-0.0256946	-0.0179397	-0.0174834	-0.00695429	-0.015441	-0.00703816	-0.00688445	-0.0198597	-0.0178385	-0.00224319	-0.0101968	-0.0112727	-0.00297744	-0.0181353	-0.022069	-0.00396453	-0.00461205	-0.00483651	-0.00404722	0.00391501	-0.0141846	-0.011043	0.00975392	-0.0027311	0.00677923	0.00609287	0.00716061	0.00373574	0.00372769	0.00697226	-0.00509972	-0.0331043	0.0146041	-0.0106374	0.0264462	-0.0238177	0.0197114	-0.00596567	0.0038275	0.0111613	0.000317329	0.00678169	0.00478778	0.00877859	-0.00650123	-0.0234763	-0.00358914	-0.0240397	-0.00438103	-0.0191604	-0.0240498	-0.0166515	-0.0188031	-0.00956686	0.0126285	-0.0132291	-0.0150884	0.0126778	0.0121053	-0.00347766	-0.00176446	-0.0142182	-0.0214348	-0.0233991	-0.0132938	-0.0228769	-0.0113373	-0.012304	-0.015584	-0.0283372	-0.0157289	-0.0235908	-0.018624	-0.0185771	0.00746203	-0.00594715	-0.0196123	-0.0194944	-0.0107904	-0.00618073	0.0114593	-0.0156263	-0.0530771	0.00194839	-0.0243182	0.00564196	-0.0038094	-0.0242385	-0.0238852	0.00212578	0.0230976	0.0223547	-0.0052153	-0.0309672	-0.0332124	-0.0335045	-0.00521154	-0.0240432	-0.0103343	-0.0155334	0.0135357	0.0221736	-0.0135092	-0.0140641	0.0127066	0.00292751	0.00393136	0.0162802	0.00852799	0.0055644	0.00294899	0.0235745	-0.0239935	-0.00779071	-0.0265052	-0.00749257	-0.0103359	-0.0114643	-0.0114771	-0.0260942	-0.0278088	-0.0195599	-0.019234	0.00256144	-0.0039912	0.0234803	0.00652837	-0.00909339	-0.00906089	0.0104479	-0.00795363	0.000585877	-0.00292318	-0.0173222	-0.0110596	0.00830984	-0.00804398	-0.00342709	0.0226837	0.0151011	-0.0147611	0.02832	0.0224293	-0.0175513	-0.0203527	0.00155996	-0.014308	0.0232662	-0.0235527	-0.0103023	-0.0131788	-0.00983553	0.0210737	-0.00424467	-0.010846	-0.0107789	-0.0184799	-0.0176759	0.00749951	-0.013672	0.00959005	0.026389	-0.00612071	-0.0106809	-0.00208233	-0.0156384	-0.0156509	-0.0127557	0.00347735	0.0151105	0.0217699	0.0169614	0.0210875	0.0221714	0.0188743	0.0163186	0.0158966	0.0189355	0.015516	0.0183324	0.023652	0.0215831	-0.00482686	-0.0179204	-0.011878	-0.00328991	-0.00537474	-0.00516415	-0.0151883	-0.0258359	-0.00386432	0.00402525	-0.0305949	0.016372	0.0188217	0.0188922	-0.0175157	-0.00975981	0.000409489	-0.019205	-0.0181598	-0.0087254	0.0124545	-0.0131509	-0.0151781	-0.0113054	-0.0113436	-0.00275418	-0.00960157	0.0127202	-0.0123724	-0.0122411	-0.0305392	-0.0046091	-0.00754342	-0.00683971	-0.020578	-0.00988899	0.00373191	-0.0191639	-0.00467711	-0.019409	-0.0063428	-0.0162933	-0.0146768	0.00568466	-0.00915716	0.0106413	-0.0123253	-0.00893473	-0.0171678	-0.0158305	-0.00789253	0.00245626	-0.00349483	0.0246418	-0.0104813	0.0145751	-0.0244087	-0.0270001	-0.0166426	-0.00500429	-0.0162607	-0.0249451	-0.0230391	-0.0192993	0.0109198	-0.0174101	-0.0171089	0.00992363	0.00945775	-0.0256491	-0.0267354	-0.0274753	-0.0207678	-0.0205901	-0.0225209	-0.00631134	0.00529113	-0.0107231	-0.0177323	0.0156813	0.0153289	-0.0046055	-0.0111679	0.0205201	-0.0111336	-0.0100329	-0.0257092	-0.0173023	-0.0152324	0.0120803	-0.00446972	-0.0199366
7.5	-0.0168439	-0.0222352	-0.00833058	-0.0106465	-0.0207932	-0.0208356	-0.026943	-0.0139199	-0.00243212	0.00548967	-0.0218751	0.0126782	0.00725854	0.010871	-0.00136665	-0.00633335	-0.0142553	-0.0212661	-0.0203806	-0.0246158	-0.0135442	-0.0136555	-0.0119287	-0.00930314	-0.00864851	-0.0085571	-0.0166743	-0.023104	0.00191289	-0.0066602	-0.006271	-0.00142384	-0.0176676	-0.0215132	-0.00722569	-0.0108666	-0.0070429	-0.00636074	0.00664201	-0.00342529	-0.000478706	0.01461	0.00053089	0.00363241	0.00395484	0.00645763	0.006539	0.00546546	0.00590022	-0.00301855	-0.0248571	0.00888572	-0.0108631	0.0232159	-0.0165618	0.012604	-0.00725667	-0.00449508	0.00828259	0.00144738	0.00639413	0.00661562	0.00539797	-0.0116633	-0.0176614	-0.00754464	-0.0142884	-0.00391753	-0.0168662	-0.0195981	-0.0144726	-0.0150028	-0.00585325	0.00800204	-0.00886054	-0.0119459	0.00748035	0.00785259	-0.00111173	0.00266889	-0.00792641	-0.0137981	-0.0222599	-0.0187759	-0.0239116	-0.0141206	-0.0144103	-0.0129242	-0.0262835	-0.00538304	-0.0221562	-0.0183744	-0.0183819	-0.00144369	-0.010385	-0.0185037	-0.0182724	-0.0115256	-0.00703823	0.00845764	-0.01269	-0.0458724	0.00305686	-0.0190466	0.00419148	-0.00172371	-0.0198206	-0.0228267	0.00671126	0.0215702	0.018018	-0.0161862	-0.0329637	-0.0244211	-0.0246886	-0.00221513	-0.0207346	-0.00953753	-0.00497352	0.010307	0.0154765	-0.0165389	-0.0184191	0.00839789	0.00145586	0.00202678	0.0122877	0.014731	0.0014853	-0.00200215	0.0170955	-0.02522	-6.31054e-05	-0.022826	-0.00765756	-0.0081308	-0.0120654	-0.0120914	-0.0203928	-0.0214474	-0.0119226	-0.0146775	-0.00219295	-0.00721259	0.0205785	0.00755873	-0.012987	-0.0129021	0.00639039	-0.00311032	0.00745381	-0.00809215	-0.0166384	-0.0108244	0.00911209	-0.012589	-0.00123318	0.00962269	0.000436701	-0.02036	0.0212589	0.0116279	-0.0109838	-0.0164349	0.00896586	-0.00994819	0.0152895	-0.0212942	-0.00657214	-0.00681142	-0.0051764	0.0192617	-0.00303814	-0.00500265	-0.00717226	-0.0144508	-0.0180473	0.00757263	-0.00913156	0.0071154	0.0183539	-0.0081594	-0.0117214	0.00625859	-0.00663127	-0.00666626	-0.0142959	0.0056687	0.0130362	0.0158797	0.011108	0.0160394	0.015503	0.0170825	0.0145111	0.0121758	0.0171462	0.0133745	0.0124943	0.0179671	0.0149276	-0.00296087	-0.0123612	-0.0137348	-0.00699293	-0.00715218	-0.00703399	-0.00676401	-0.0155673	-0.000355436	0.00431767	-0.0220384	0.0158415	0.00626439	0.0220315	-0.0194229	-0.00133643	-0.00725175	-0.0132906	-0.0192466	-0.0112665	0.00736047	-0.0159161	-0.00599528	-0.0134501	-0.0162294	-0.00230559	-0.00761995	0.0112191	-0.00918244	-0.0107896	-0.021779	-0.00764567	-0.00102657	-0.00463529	-0.0210525	-0.00913038	-0.00106667	-0.0116524	0.00274205	-0.0194515	-0.000484271	-0.00458548	-0.0121343	0.00263719	-0.00812885	0.00443597	-0.000369177	-0.00871409	-0.019195	-0.0188606	-0.005209	0.00176177	-0.00622305	0.0224458	-0.00970638	-9.52807e-05	-0.0176119	-0.0215134	-0.0137895	-0.00695402	-0.0119958	-0.0260965	-0.0229495	-0.0195875	0.00609079	-0.015634	-0.0162085	0.00753079	0.00763396	-0.0234118	-0.0273806	-0.0323201	-0.0159992	-0.0231307	-0.0219898	-0.00754213	-0.00088915	-0.000908055	-0.00074013	0.0125598	0.012442	-0.0116263	-0.0106892	0.0201026	-0.0119772	-0.0054458	-0.0221018	-0.0164094	-0.00796318	0.000762284	-0.00676767	-0.0197255
7.6	-0.0136018	-0.0146177	-0.00816059	-0.0110499	-0.0190832	-0.0158998	-0.0273087	-0.0150971	-0.00935905	0.000819128	-0.02036	0.00787031	0.00751693	0.00497035	-0.00461307	-0.00257786	-0.0136246	-0.0120516	-0.025316	-0.0216254	-0.007564	-0.00859148	-0.0154131	-0.003138	-0.00855796	-0.00845344	-0.0118394	-0.024836	0.00424717	-0.00268568	-0.000557036	-6.48952e-06	-0.013935	-0.0181034	-0.00936323	-0.0150269	-0.00812646	-0.00770243	0.00822571	0.00714636	0.00890588	0.0161086	0.00275739	0.000453528	0.00173002	0.00568059	0.00707091	0.00496467	0.0043159	-0.00235013	-0.012714	0.00151587	-0.0109031	0.0161292	-0.00865983	0.00433258	-0.00719095	-0.0102786	0.00455241	0.00303606	0.00499125	0.00729977	0.000863734	-0.0152687	-0.0117809	-0.0100227	-0.00445695	-0.00440302	-0.0127257	-0.011453	-0.0113029	-0.00969804	-0.00277911	0.00167855	-0.00338487	-0.00925198	0.000236705	0.00273096	2.95648e-05	0.00485011	-0.00176671	-0.00353387	-0.0182105	-0.022018	-0.0225611	-0.0157081	-0.0150456	-0.00758759	-0.020655	0.00492831	-0.0175257	-0.0163307	-0.0154407	-0.00931488	-0.0124758	-0.0159978	-0.0158049	-0.0111737	-0.00776423	0.00286788	-0.0094188	-0.0300097	0.00199051	-0.0114751	0.00153954	-0.000856937	-0.012168	-0.0194743	0.00989912	0.0168748	0.0113821	-0.0241416	-0.0293685	-0.0118622	-0.0121458	-0.000530425	-0.0155812	-0.00811338	0.00545541	0.00463983	0.00737608	-0.0168199	-0.019109	0.0034514	6.92868e-05	0.0007909	0.00653351	0.0177173	-0.00272655	-0.00452286	0.00814128	-0.0231333	0.00779467	-0.0173311	-0.00696154	-0.00639583	-0.0129347	-0.0129597	-0.0126339	-0.0127586	-0.00300963	-0.00874845	-0.00676486	-0.00913822	0.0142349	0.00729422	-0.0157958	-0.015699	0.00151577	0.00135975	0.0117959	-0.0104595	-0.0137612	-0.00877205	0.00824096	-0.0162204	-0.000571606	-0.0025576	-0.0126217	-0.0217003	0.0128031	0.000660239	-0.00537194	-0.0106862	0.0141135	-0.00451093	0.00508557	-0.0163969	-0.00324462	-0.000475952	-0.000784688	0.0149392	-0.00191643	0.000677426	-0.0032912	-0.0094882	-0.0155177	0.00647042	-0.00224846	0.00265357	0.00844756	-0.0102861	-0.011891	0.0120897	0.00309526	0.0030747	-0.014158	0.00662944	0.0101884	0.00865714	0.00461537	0.00871863	0.0073941	0.0129259	0.0112899	0.00683775	0.0129941	0.00999123	0.00534831	0.0102159	0.00693719	-0.00155242	-0.00611078	-0.0144434	-0.00971648	-0.00792881	-0.00786644	0.00216974	-0.00290914	0.001908	0.00395021	-0.0102239	0.0119965	-0.00702493	0.0193124	-0.0185846	0.00652134	-0.0124535	-0.00573566	-0.0171739	-0.0125504	0.00126737	-0.0163652	0.00353624	-0.0141653	-0.0180805	-0.00193534	-0.00502506	0.00712921	-0.00572217	-0.00780228	-0.00714748	-0.00906752	0.00470901	-0.00227076	-0.019601	-0.00797887	-0.00495628	-0.00422416	0.00848946	-0.0167977	0.00451735	0.00679372	-0.0075192	-0.001049	-0.00607614	-0.00261184	0.0105181	-0.00721243	-0.0192077	-0.0193987	-0.00158576	0.000932714	-0.00704191	0.0167746	-0.00784925	-0.0124635	-0.00901597	-0.0141989	-0.00962039	-0.00786672	-0.00544031	-0.0239838	-0.0204479	-0.0179839	-0.000363579	-0.0135889	-0.0146289	0.00360938	0.00420499	-0.0185834	-0.0248015	-0.0321355	-0.00710287	-0.0235938	-0.0185241	-0.00826057	-0.00755079	0.00820707	0.0160848	0.00663246	0.00651928	-0.0163242	-0.0102422	0.0161653	-0.0123477	-0.00034925	-0.017022	-0.013207	-0.000907395	-0.0106919	-0.00796625	-0.0179179
7.7	-0.00945809	-0.00613322	-0.00773121	-0.0109086	-0.0154866	-0.00980697	-0.0239802	-0.0150365	-0.0156855	-0.00532759	-0.016133	0.00244276	0.00630716	-0.000348697	-0.00774714	0.000457678	-0.0115976	-0.000341284	-0.0268551	-0.0175353	-0.00153239	-0.00327492	-0.0172396	0.00333671	-0.00759444	-0.00708574	-0.0053931	-0.0222936	0.00461289	0.00138907	0.00476509	0.00101139	-0.00724744	-0.0128016	-0.00990024	-0.0166844	-0.00796817	-0.00779205	0.00736508	0.0154953	0.0157869	0.0146108	0.00407919	-0.00150339	0.000348795	0.00518093	0.0065469	0.00411817	0.0033574	-0.0016662	0.00127512	-0.00551851	-0.00990715	0.00714629	-0.00131351	-0.0016518	-0.00633151	-0.0142878	0.00239145	0.00518486	0.00402573	0.00757631	-0.00197723	-0.0169252	-0.00664638	-0.0106072	0.00524316	-0.00556809	-0.00724174	-0.00182529	-0.00784587	-0.00359288	-0.000211056	-0.0041989	0.00290831	-0.00799951	-0.00599386	-0.00124541	0.000993206	0.00550086	0.00429726	0.00755511	-0.0119646	-0.022114	-0.0192161	-0.0156195	-0.0143493	-0.000242259	-0.0121801	0.0131503	-0.0104127	-0.0118749	-0.00998895	-0.0157657	-0.0123516	-0.0126563	-0.0126134	-0.00958895	-0.00793374	-0.00242403	-0.00661942	-0.00791761	0.000455337	-0.00399141	-0.00216752	-0.00138972	-0.00382244	-0.0142954	0.0112619	0.0103692	0.00417359	-0.0266332	-0.0214824	0.00195825	0.00220988	0.000451282	-0.0086499	-0.00611198	0.0135988	-0.00112542	-8.7651e-05	-0.013405	-0.0149727	-0.000526204	-0.000488898	0.000550307	0.000642174	0.0179775	-0.00700316	-0.00384152	-0.00132541	-0.018669	0.0143154	-0.0102458	-0.00608237	-0.00485105	-0.012669	-0.012681	-0.00316463	-0.003078	0.00582604	-0.00168172	-0.0105781	-0.00961069	0.00666579	0.00587444	-0.0172467	-0.0171727	-0.0032654	0.00506743	0.0131338	-0.0104761	-0.00908252	-0.00601141	0.00598976	-0.0183135	-0.00142627	-0.0113925	-0.0215859	-0.0182001	0.00581071	-0.00882563	-0.00143895	-0.00418193	0.0164131	0.00100007	-0.00467411	-0.0102743	-0.000787004	0.00394031	0.00175676	0.0106168	-0.000592931	0.00644779	0.000377742	-0.00348316	-0.0110176	0.00452301	0.00564594	-0.00162119	-0.000905524	-0.0121286	-0.0111783	0.0148483	0.0125811	0.0125764	-0.0126312	0.00636087	0.00748166	0.0023863	-0.00050909	0.00149484	-8.7061e-05	0.00750057	0.00793217	0.000973425	0.00753729	0.0064293	-0.00083801	0.00290723	1.94838e-05	-0.000249871	1.72842e-05	-0.0140963	-0.0104014	-0.0077628	-0.00774361	0.00955889	0.00958898	0.00257091	0.00288286	0.0028634	0.00515699	-0.0184482	0.0118013	-0.015643	0.0120933	-0.0143905	0.00204722	-0.0125901	-0.0126779	-0.00348906	-0.0149231	0.0123543	-0.0130637	-0.0165962	-0.00187298	-0.00219764	0.00246136	-0.00153026	-0.00448404	0.0098327	-0.0089327	0.00848346	0.00023995	-0.0155833	-0.006523	-0.00821961	0.0022415	0.0125958	-0.0123305	0.00854627	0.0164346	-0.00205417	-0.00473791	-0.00240724	-0.00819294	0.0184574	-0.00509753	-0.0163931	-0.0168452	0.0023157	0.000271943	-0.00638913	0.0093018	-0.00546131	-0.0206095	-0.000114814	-0.00596936	-0.00499818	-0.0078699	0.00164174	-0.018971	-0.0160785	-0.0150304	-0.00572797	-0.0110782	-0.0117984	0.000763392	0.00160654	-0.0117862	-0.0185136	-0.0261181	0.00391317	-0.0218887	-0.0131043	-0.00874448	-0.0137724	0.013669	0.0291318	0.0012061	0.000934092	-0.0187669	-0.00944319	0.0095951	-0.0115459	0.00376429	-0.0106444	-0.00878239	0.00464101	-0.0198509	-0.00788491	-0.0150845
7.8	-0.00485001	0.00273804	-0.0068389	-0.00986501	-0.0108068	-0.00336724	-0.0172578	-0.0133154	-0.0200113	-0.00982423	-0.00970684	-0.00159895	0.00380607	-0.0032263	-0.0102654	0.00219321	-0.00883387	0.00974555	-0.0243119	-0.0125293	0.00349731	0.00177834	-0.0171862	0.00995046	-0.00649946	-0.00535546	0.00211552	-0.0159213	0.00386276	0.00519451	0.0091262	0.00207831	0.000539698	-0.00672188	-0.00876489	-0.0161141	-0.00676728	-0.00672934	0.00421685	0.0199447	0.0194603	0.0110776	0.00466653	-0.00147745	0.000245512	0.00497615	0.00639139	0.00480006	0.00315355	0.000784251	0.0143415	-0.0103285	-0.00712346	-0.00133363	0.00508947	-0.00371306	-0.00536756	-0.0162504	0.00284661	0.00731349	0.00409188	0.00770861	-0.00155659	-0.0162845	-0.00180535	-0.00937319	0.0146669	-0.00598304	-0.00122189	0.00661718	-0.00461946	0.00268663	0.00248555	-0.00758342	0.00880722	-0.00742735	-0.00872192	-0.00278076	0.00294555	0.00603402	0.00963709	0.0172008	-0.00458926	-0.0184417	-0.014061	-0.0134609	-0.0123275	0.00723791	-0.00236989	0.0181117	-0.0022134	-0.00513474	-0.00308796	-0.0196012	-0.0106742	-0.00891116	-0.00898742	-0.00687451	-0.00717058	-0.00483354	-0.00456733	0.0156658	-8.91078e-05	0.00246668	-0.00584228	-0.00222983	0.00323969	-0.00781749	0.0105853	0.00360443	-0.00199493	-0.0223304	-0.0114596	0.0141657	0.0157686	0.00133208	-0.000476987	-0.00334142	0.018284	-0.00488963	-0.00533492	-0.00713591	-0.00701036	-0.00255186	0.000136015	0.00103517	-0.00359925	0.0163992	-0.0111093	-0.0011551	-0.0090776	-0.0127742	0.0178268	-0.00163219	-0.00536118	-0.00359034	-0.0103173	-0.0103115	0.00720285	0.00647531	0.0130359	0.00557923	-0.0130437	-0.00877435	0.000181335	0.00358395	-0.0172846	-0.0172471	-0.0072443	0.00772454	0.011763	-0.00937133	-0.0031098	-0.00373617	0.00289885	-0.0184847	-0.00314789	-0.015761	-0.02453	-0.0111957	0.00112156	-0.015536	0.00171688	0.00209761	0.0161814	0.00592501	-0.0114778	-0.00431184	0.000637336	0.00547644	0.0017981	0.00725864	0.000798732	0.0117328	0.00355647	0.00351569	-0.00574373	0.00208657	0.0121158	-0.00361126	-0.00809361	-0.0131053	-0.00952828	0.0149325	0.0197532	0.0197356	-0.0102516	0.00500642	0.00522271	-0.00197118	-0.0032635	-0.00384131	-0.00533474	0.00218181	0.00511765	-0.00354392	0.00215597	0.00327362	-0.00454701	-0.00246778	-0.00438013	0.00125212	0.00546152	-0.0123293	-0.00884819	-0.00683369	-0.00688588	0.0138858	0.0200127	0.00169792	0.000908374	0.0149735	-0.00281817	-0.0252672	0.0029089	-0.0113024	0.0144688	-0.0132351	0.00863229	-0.00653965	-0.011718	-0.00527374	-0.0121797	0.0197607	-0.010056	-0.0124416	-0.00222137	0.000575621	-0.000746462	0.00312937	-0.00135896	0.0242279	-0.00779169	0.0100309	0.00264584	-0.00907995	-0.00457687	-0.0109496	0.00760323	0.015165	-0.00737498	0.0112663	0.0233034	0.00311227	-0.0079293	0.00231608	-0.0104721	0.0225285	-0.0027888	-0.0105941	-0.0114202	0.00528254	-8.95218e-05	-0.00509718	0.00191327	-0.00303979	-0.0232034	0.00776433	0.00252329	-0.000677568	-0.00705799	0.00765681	-0.0118888	-0.0103028	-0.0109869	-0.00773689	-0.00775945	-0.0077121	0.00038354	0.00113804	-0.00382367	-0.00892019	-0.0151892	0.0140412	-0.0178551	-0.00689682	-0.00897954	-0.0179515	0.0152584	0.0356971	-0.00136085	-0.00170929	-0.0192754	-0.00722318	0.00200642	-0.00868487	0.00583359	-0.00274382	-0.00410428	0.00880352	-0.0236578	-0.00669457	-0.011516
7.9	-0.000157089	0.0115607	-0.0051047	-0.0077424	-0.00573176	0.00269617	-0.00802655	-0.00953855	-0.0195993	-0.0104534	-0.00215123	-0.00294555	0.000533105	-0.00303394	-0.0117446	0.00244132	-0.00606052	0.0151668	-0.0179587	-0.00691531	0.00712009	0.00622435	-0.0152012	0.0148444	-0.00556853	-0.00402009	0.00941997	-0.00729533	0.00289342	0.00821368	0.0120337	0.00396611	0.00721095	-0.000947417	-0.00638014	-0.0139304	-0.00496856	-0.00494351	0.000214126	0.0201997	0.0199733	0.00650705	0.00442552	0.000473219	0.0012556	0.00489859	0.00700324	0.0071688	0.00304582	0.00529521	0.0239132	-0.0116427	-0.00279876	-0.00729163	0.0106269	-0.00234034	-0.0047534	-0.0153889	0.00504612	0.00856977	0.0048595	0.00738292	0.00154909	-0.0133986	0.00355058	-0.00681476	0.0228673	-0.00421734	0.00425016	0.0119325	-0.00188104	0.00821234	0.00546515	-0.00747609	0.0125712	-0.00549401	-0.0073262	-0.00172663	0.00598827	0.00719288	0.0131704	0.0231733	0.00281961	-0.0108957	-0.00740868	-0.00921343	-0.0088098	0.0125985	0.00667706	0.0195853	0.00564129	0.00287486	0.00349664	-0.018999	-0.00821202	-0.00493464	-0.0050135	-0.00347266	-0.00539551	-0.00363913	-0.0031255	0.0350899	0.000767701	0.00837028	-0.00836497	-0.00211893	0.00868847	-0.000752432	0.00803606	-0.00219898	-0.00605019	-0.01255	-0.00145659	0.0225682	0.0257777	0.0024748	0.00795314	0.000289252	0.0194399	-0.00567677	-0.00758309	-8.19047e-05	0.00225178	-0.0025714	0.00164972	0.00185082	-0.00515142	0.0131998	-0.0142587	0.00111551	-0.013306	-0.00609326	0.017373	0.00775908	-0.00473119	-0.00257937	-0.00592842	-0.00590683	0.0169047	0.014817	0.0174215	0.0114816	-0.0138009	-0.00704548	-0.00361639	0.000729932	-0.0158422	-0.0158331	-0.00993669	0.00905831	0.00831799	-0.00834551	0.00344036	-0.00257316	-0.000432646	-0.0166227	-0.00481248	-0.015765	-0.0208923	-0.00321614	-0.0021467	-0.0184459	0.00563676	0.00742786	0.0141238	0.0100921	-0.0138864	0.00048105	0.000923046	0.00443806	-1.20438e-05	0.00449049	0.00162202	0.0150549	0.00578525	0.0107313	-0.000735501	-0.000571206	0.0150548	-0.00245963	-0.0124348	-0.0125517	-0.00665496	0.0129645	0.0228399	0.0227769	-0.00739975	0.00274607	0.00326502	-0.00453703	-0.00368571	-0.0065054	-0.0075685	-0.00180627	0.00279053	-0.0051955	-0.00188003	0.000833089	-0.00536034	-0.00554996	-0.00607807	0.00304788	0.00978995	-0.00895351	-0.00579805	-0.00541763	-0.00552697	0.0147394	0.0273631	-0.000233703	-0.00175673	0.0243813	-0.0091463	-0.0255696	-0.00404757	-0.00637004	0.0137059	-0.00986118	0.0129652	-4.37294e-05	-0.00968217	-0.00383798	-0.0086974	0.0251033	-0.00559199	-0.00676743	-0.00288361	0.0029352	-0.00144506	0.00760564	0.00174266	0.0325888	-0.0060697	0.00990404	0.00419404	-0.00141735	-0.00221395	-0.0128957	0.0119756	0.0157674	-0.00286682	0.0120729	0.0263787	0.00729185	-0.0104802	0.00656809	-0.0089373	0.0225322	-0.000528203	-0.00265946	-0.00402526	0.00614299	-0.00016964	-0.00404656	-0.00400566	-0.000904133	-0.0200123	0.0139206	0.0104053	0.00272523	-0.00558597	0.0118582	-0.00362048	-0.00350251	-0.0059621	-0.00586838	-0.00356998	-0.00295428	0.00204499	0.00242511	0.00365818	0.00218195	-0.00219164	0.0210457	-0.0115643	-0.00104302	-0.00870175	-0.0185469	0.0144375	0.0351218	-0.000516603	-0.000732754	-0.0176795	-0.00287714	-0.00484677	-0.00364909	0.00564742	0.00655561	-0.00014417	0.0124644	-0.0203375	-0.00477001	-0.00728009
8.0	0.00430354	0.0191181	-0.00245346	-0.00472399	-0.000673236	0.0077957	0.00243201	-0.00377186	-0.0130674	-0.00693416	0.00515395	-0.00127953	-0.00277654	-0.000389175	-0.0119542	0.00140148	-0.00371316	0.0161329	-0.00928401	-0.000835737	0.00952413	0.00982705	-0.0116874	0.0153845	-0.00461982	-0.00332042	0.0149509	0.00175381	0.00180061	0.010013	0.0129345	0.00701121	0.0113206	0.00379316	-0.00351751	-0.0107454	-0.00309893	-0.00299849	-0.00315048	0.0174891	0.0178404	0.00174443	0.00303694	0.00345655	0.00299525	0.00488094	0.00782577	0.00968533	0.00250279	0.0104166	0.0286103	-0.00918939	0.00187634	-0.00973525	0.0151861	0.000844263	-0.00450667	-0.0111396	0.00695393	0.00859143	0.00557229	0.00624125	0.00538165	-0.00908521	0.0094703	-0.00363806	0.0283742	-1.34298e-05	0.00824488	0.0137794	0.000366609	0.011726	0.0081296	-0.00434284	0.0134211	-0.000548949	-0.00295899	0.000956186	0.00923608	0.00866038	0.0139319	0.024328	0.00928292	-0.000589941	0.00010528	-0.00330423	-0.00368913	0.0142151	0.0130491	0.0181524	0.0119693	0.0105133	0.0082921	-0.0132015	-0.00556347	-0.000647877	-0.000666828	3.87814e-05	-0.0027938	1.97832e-05	-0.00192522	0.0464953	0.00262203	0.0139948	-0.0089454	-0.000516914	0.0130735	0.00595005	0.00433068	-0.00628879	-0.00763166	-0.000421997	0.00710984	0.0264046	0.0305966	0.00412024	0.0157219	0.00444283	0.0178486	-0.00372638	-0.00685813	0.00566738	0.00986444	-0.00115722	0.00344767	0.00281552	-0.00397736	0.00825334	-0.0152715	0.00082222	-0.0132794	0.000987466	0.0133519	0.0166561	-0.00387662	-0.00126538	-0.000381018	-0.000350807	0.024023	0.0207543	0.0185831	0.0147741	-0.0127734	-0.00500035	-0.00432121	-0.0023485	-0.0128001	-0.0128098	-0.011069	0.00886814	0.00355412	-0.00804033	0.00934488	-0.00236005	-0.00348597	-0.0129178	-0.00560616	-0.012194	-0.0120404	0.00335194	-0.00489516	-0.0169472	0.0109107	0.0115105	0.0107852	0.0130905	-0.0120308	0.00367452	0.000122878	0.00209471	-0.00215595	0.00164399	0.00123843	0.0150661	0.00668805	0.0167072	0.00330312	-0.00323806	0.0135805	0.00103547	-0.0137367	-0.00999812	-0.00230086	0.00921323	0.0216604	0.021538	-0.00416187	-3.87481e-05	0.00138132	-0.00572745	-0.00246823	-0.00654389	-0.00683507	-0.00392239	0.000755871	-0.00379286	-0.00400561	-0.000677834	-0.0037661	-0.00656285	-0.00562473	0.00490664	0.0122325	-0.00439955	-0.00243173	-0.00377455	-0.00385143	0.013026	0.0308699	-0.00250187	-0.00428095	0.0298579	-0.0121634	-0.0191363	-0.00767187	-0.00174469	0.0107028	-0.00547767	0.014621	0.00596831	-0.00665098	-0.000311454	-0.00490522	0.0274247	-0.000725565	-0.000727427	-0.00355581	0.00444615	0.000282811	0.0107435	0.00471589	0.0340154	-0.00375472	0.00885699	0.00404329	0.00574724	0.000303391	-0.0136098	0.0151989	0.0136313	0.00103402	0.0106665	0.0249776	0.00995167	-0.0123434	0.00898443	-0.00453662	0.0188565	0.00136078	0.00560872	0.00389752	0.00460611	-5.69386e-05	-0.00374674	-0.00777957	0.000804186	-0.0123123	0.0180413	0.0167184	0.00492312	-0.00383243	0.0140835	0.00515194	0.0038153	-0.000169945	-0.00137311	0.000852421	0.00147072	0.00437735	0.00433363	0.00869415	0.0122636	0.00936526	0.0241189	-0.00366959	0.00373141	-0.00761606	-0.0147465	0.0128283	0.0287416	0.00257777	0.00265891	-0.0136235	0.00301257	-0.00958711	0.00250066	0.00381643	0.015877	0.00262167	0.015878	-0.0107873	-0.00259237	-0.00237948
8.1	0.00816366	0.0235227	0.000668314	-0.00128783	0.00415949	0.0114991	0.0124851	0.0031094	-0.00217738	-0.00083908	0.0109056	0.00236539	-0.0054511	0.00328092	-0.0108991	-0.000438112	-0.00178995	0.0152668	-0.000578889	0.00514533	0.0105649	0.011767	-0.00744554	0.0109577	-0.00339094	-0.00296893	0.0175568	0.00981218	-1.48585e-05	0.01052	0.011709	0.0107551	0.0125247	0.00735588	-0.00100595	-0.00703128	-0.00161037	-0.00138688	-0.00520621	0.0131477	0.0134649	-0.00244941	0.000490717	0.00634704	0.00518173	0.00493452	0.00825724	0.010873	0.00175623	0.0142732	0.0285585	-0.00383003	0.00559396	-0.00895941	0.0181582	0.00419252	-0.00433833	-0.00390479	0.00690159	0.00760392	0.00562959	0.00440459	0.0077742	-0.00467425	0.0149863	-0.000537485	0.0300083	0.00561341	0.0102592	0.0131524	0.00227873	0.0122551	0.00958428	0.000252506	0.011365	0.00697512	0.00228906	0.0036114	0.0117331	0.00976019	0.0117286	0.0212969	0.0141592	0.00988392	0.00751587	0.00336228	0.00260779	0.0117803	0.015911	0.0146936	0.0157163	0.0161069	0.0101993	-0.00367513	-0.00309923	0.00391097	0.0039135	0.00319122	0.000319401	0.00404565	-0.000502229	0.0497313	0.00487088	0.0185599	-0.00712731	0.00208808	0.0165972	0.011305	0.000548807	-0.00822211	-0.00699229	0.0108711	0.0140089	0.0262488	0.0304759	0.00627069	0.0217567	0.00824969	0.0144665	-4.15948e-05	-0.00400836	0.00895216	0.0136009	0.000924309	0.00515526	0.00394499	-0.000944396	0.00166143	-0.0132122	-0.00240142	-0.00950208	0.00797005	0.00729346	0.022969	-0.00248473	0.0011253	0.00521021	0.00523898	0.0264844	0.0231402	0.0165861	0.0147002	-0.0102363	-0.00316334	-0.00263354	-0.00522521	-0.00819703	-0.00821896	-0.0106233	0.0070967	-0.00156705	-0.00841007	0.0131395	-0.00218416	-0.00590025	-0.00784188	-0.00510042	-0.00637237	-0.00120274	0.00748115	-0.00705874	-0.0113633	0.0164584	0.0142607	0.00661154	0.0141106	-0.00736908	0.00541926	-0.00128415	2.29794e-05	-0.00309769	-0.000978256	-0.000321272	0.0114229	0.00585762	0.0195616	0.0060616	-0.00566006	0.00824138	0.00489104	-0.0119653	-0.00542988	0.00311818	0.00398525	0.017455	0.0172897	-0.000618701	-0.00281983	-0.00022848	-0.00567406	-0.000464661	-0.00440404	-0.00399784	-0.0042914	-0.00077843	-0.00056518	-0.00435427	-0.00119176	-0.000688132	-0.00587112	-0.00370425	0.00629094	0.0122702	0.000416793	0.000283482	-0.00214545	-0.00211333	0.00968995	0.0298622	-0.00437029	-0.00567633	0.0303632	-0.0122429	-0.0079531	-0.00839864	0.00187624	0.00693475	-0.00130158	0.0136826	0.010242	-0.00295202	0.00355403	-0.00114921	0.0254901	0.00321714	0.00469349	-0.00395616	0.00479884	0.00328348	0.011598	0.00699847	0.0294055	-0.00109459	0.00729031	0.00211034	0.0108659	0.00233378	-0.0127133	0.0167918	0.00852513	0.00454027	0.00734712	0.0191716	0.010624	-0.0133191	0.00916786	0.000981221	0.012294	0.00242947	0.0120351	0.0104439	0.00170163	0.000182307	-0.00416402	-0.00922286	0.00209057	-0.00275434	0.0196381	0.0203155	0.00604651	-0.00231908	0.0145014	0.0135585	0.010739	0.00586462	0.00350585	0.00438088	0.00458764	0.00592223	0.00562354	0.0104346	0.0192597	0.0171691	0.0233055	0.0045645	0.00734463	-0.00561311	-0.00675333	0.0108287	0.0185567	0.00581194	0.00620461	-0.00701007	0.00886941	-0.0114402	0.008165	0.00133271	0.022777	0.00416317	0.0183336	0.00125554	-0.000704405	0.00299531
8.2	0.0109161	0.0234613	0.00339646	0.0019876	0.00846549	0.0134849	0.020446	0.0096062	0.00813837	0.00519589	0.014191	0.00570563	-0.00719767	0.00633825	-0.00877455	-0.00245659	1.95944e-05	0.0151966	0.00607403	0.01011	0.0106752	0.0118927	-0.0032224	0.00427797	-0.00195395	-0.00249271	0.0169568	0.0158167	-0.00232251	0.00981553	0.00872451	0.0139521	0.0112211	0.00980443	0.000563878	-0.00317424	-0.000757035	-0.000385129	-0.00643159	0.00839026	0.00770834	-0.00547009	-0.00246531	0.00848096	0.00749329	0.00475834	0.00809973	0.0104752	0.00154656	0.0158348	0.0246325	0.00263337	0.00776971	-0.00623809	0.0186989	0.00646205	-0.00400489	0.00411504	0.00460005	0.0058318	0.00478683	0.00239564	0.00820165	-0.00129141	0.0186025	0.00192058	0.0270645	0.0110786	0.0102043	0.0113155	0.00401163	0.00990137	0.00916282	0.00447548	0.00779207	0.0143908	0.00697008	0.00473443	0.0129909	0.0102521	0.00746308	0.015533	0.0170094	0.0174191	0.0137887	0.00953857	0.00894427	0.00644938	0.0157821	0.0105152	0.0162834	0.0183927	0.00967734	0.00606951	-0.00100654	0.00821946	0.0082025	0.00569198	0.00352758	0.00722797	0.00152405	0.0459065	0.00693767	0.0206264	-0.00335144	0.00403207	0.0188573	0.0145125	-0.00250013	-0.00800415	-0.00479217	0.0194472	0.0195813	0.0230202	0.0263292	0.00851635	0.024706	0.0106494	0.0105175	0.00407087	-0.000547166	0.00971288	0.0128896	0.00281851	0.00657538	0.00513094	0.00222946	-0.00574053	-0.00809266	-0.0067551	-0.00356695	0.0140024	0.000950576	0.0251177	-0.000597105	0.00484177	0.00990618	0.00992226	0.0239352	0.0214956	0.0123444	0.0121032	-0.00682261	-0.00180081	3.95156e-06	-0.00744402	-0.00244229	-0.00246693	-0.00886749	0.00402488	-0.00586269	-0.00888785	0.014007	-0.000824101	-0.00748105	-0.0020657	-0.00338124	-0.000166374	0.00750359	0.00945778	-0.00790336	-0.00335023	0.0202632	0.0154375	0.00239654	0.0125625	-0.0018677	0.00621912	-0.00252397	-0.000580085	-0.00199619	-0.00259379	-0.0021949	0.0057848	0.00385894	0.0183878	0.00750315	-0.00748417	0.00105585	0.00794115	-0.00750633	0.000557204	0.00824096	-0.00201783	0.0116791	0.0115115	0.00275524	-0.00519884	-0.00104416	-0.00428932	0.00147386	-0.00102625	-0.000557788	-0.00352065	-0.00145271	0.00240966	-0.00355496	-0.00092208	0.00255535	-0.004028	-0.00111299	0.00664028	0.00992105	0.00456907	0.00209159	-0.000829823	-0.000718084	0.00624843	0.0238802	-0.00533118	-0.00538507	0.0255729	-0.0106532	0.00390394	-0.0077544	0.00428203	0.00374155	0.00172139	0.0108913	0.0121054	0.000783694	0.00627311	0.00216914	0.0190276	0.00543077	0.00863275	-0.00409862	0.00393831	0.0065754	0.0103287	0.00811375	0.0201723	0.00157271	0.00521646	-0.000645782	0.0133898	0.00345357	-0.0101251	0.0163711	0.00155732	0.00758343	0.00288881	0.0105706	0.00926042	-0.0130602	0.00759182	0.00588943	0.00415494	0.00233845	0.0151148	0.0140378	-0.00087813	0.000404375	-0.00485448	-0.00861124	0.00305228	0.00540009	0.018513	0.0209098	0.00641739	-0.00137727	0.0131172	0.0202643	0.0160523	0.0113361	0.00735558	0.00633403	0.00613898	0.00645577	0.00611071	0.00965797	0.0223502	0.0205878	0.0189647	0.011751	0.0099081	-0.00298291	0.00353373	0.00789764	0.00648681	0.00788536	0.00840119	0.00185224	0.0129815	-0.010486	0.0121463	-0.00109843	0.0254063	0.00475834	0.0187661	0.0104295	0.000432645	0.00825505
8.3	0.0120377	0.0194012	0.0050513	0.00462013	0.0117321	0.0135559	0.0249334	0.0142059	0.0126841	0.00875138	0.0146503	0.00652777	-0.00812023	0.00752092	-0.0058585	-0.00405927	0.0020422	0.0163914	0.00961276	0.0135683	0.00970695	0.0101504	0.000506319	-0.00124575	-0.000741309	-0.00165586	0.0135697	0.019093	-0.00426222	0.00789427	0.00470074	0.0150764	0.00816982	0.0109495	0.00104677	0.000457303	-0.000505891	1.32124e-05	-0.00781107	0.00309508	0.00145131	-0.00707682	-0.00453617	0.00945294	0.00902629	0.00372137	0.00730968	0.00892781	0.00212771	0.0151165	0.0180854	0.00808597	0.00856248	-0.00311232	0.016549	0.00694562	-0.00342821	0.00944183	0.00112292	0.00338181	0.00310047	0.000658893	0.00699048	0.000698938	0.018912	0.00332078	0.0193264	0.0147726	0.00827294	0.0089618	0.00560029	0.00589092	0.00678557	0.00702772	0.00394388	0.0185357	0.00975631	0.00366668	0.0127537	0.0102336	0.00240637	0.0085157	0.0175149	0.0199233	0.018069	0.0139921	0.013845	0.000350617	0.0137962	0.00635089	0.0140874	0.0171248	0.00729956	0.0119844	0.000669292	0.0114198	0.0114424	0.00736112	0.00628901	0.00857041	0.00420249	0.036449	0.00815356	0.0193407	0.000752163	0.00387407	0.0188577	0.015348	-0.00448368	-0.006207	-0.0019684	0.0245028	0.0237954	0.0176873	0.0191832	0.0101704	0.0234728	0.0108111	0.00655877	0.00726625	0.00166441	0.00884333	0.00917673	0.00357077	0.00718961	0.00576579	0.00349634	-0.0124747	-0.00093902	-0.00938196	0.00232502	0.0179439	-0.00448065	0.0225534	0.00138071	0.00921258	0.0130263	0.0130214	0.0172251	0.016708	0.0067961	0.00786408	-0.00330666	-0.000876952	0.00200593	-0.00867028	0.00371888	0.00369869	-0.00626424	0.000395159	-0.00826516	-0.00870148	0.0123774	0.00225358	-0.00816388	0.00369002	-0.000992682	0.00426062	0.0110804	0.0101765	-0.00721475	0.0044356	0.0205789	0.0146258	-0.000958415	0.00877926	0.00269786	0.00659494	-0.00302607	0.000611686	0.000806775	-0.00306254	-0.00305799	0.00029316	0.00122289	0.0136242	0.00770036	-0.00832552	-0.00502152	0.00938607	-0.00165568	0.00679273	0.0114143	-0.00780699	0.00511411	0.00499453	0.00525051	-0.00698007	-0.00107658	-0.00195501	0.00251399	0.00205617	0.00165553	-0.00253942	-0.00147814	0.0031066	-0.00254501	-0.000479881	0.00433674	-0.00203014	0.000892405	0.00575077	0.0058797	0.00744985	0.00328163	-9.89718e-05	-1.5708e-05	0.00292794	0.0138378	-0.00522313	-0.00356164	0.0168681	-0.0080096	0.0119324	-0.00737648	0.00567985	0.00140073	0.00311856	0.00706582	0.011236	0.00380071	0.00707757	0.00458801	0.00912082	0.00614126	0.0104328	-0.00420538	0.0020132	0.00872463	0.00826831	0.00784791	0.00805161	0.00341462	0.00260609	-0.00288768	0.0136911	0.00353677	-0.00623551	0.0138396	-0.00522736	0.00967368	-0.00194474	0.00114959	0.00647472	-0.0112505	0.00490173	0.00904687	-0.00390259	0.00116382	0.0147111	0.0143879	-0.00198891	0.000512914	-0.00526637	-0.00659555	0.0037942	0.00965674	0.0146948	0.0188151	0.00626946	-0.000889204	0.00991744	0.0236878	0.0186456	0.0153283	0.00906982	0.00707559	0.00682687	0.00598042	0.00570893	0.00824689	0.0217794	0.0204343	0.0118086	0.016927	0.0112217	-0.00021671	0.0126325	0.00326534	-0.0057746	0.00783283	0.00814633	0.0118284	0.0145721	-0.00756176	0.0139366	-0.0030757	0.0231185	0.00491793	0.0164396	0.0126282	0.000672307	0.0124795
8.4	0.0113264	0.012829	0.00532387	0.00634269	0.0133402	0.0117785	0.0251542	0.0159564	0.00958429	0.00891547	0.0125316	0.0041459	-0.00838806	0.00624088	-0.00242677	-0.00480175	0.00435795	0.0168496	0.0103928	0.0151272	0.00760175	0.00717667	0.00373998	-0.00455881	-0.000185107	-0.000556083	0.00822469	0.0195237	-0.00504641	0.00488506	0.000473086	0.012933	0.00445687	0.0104745	0.000790999	0.00358466	-0.000532574	7.45547e-05	-0.00958641	-0.00244026	-0.00424196	-0.00748616	-0.00456516	0.00854757	0.00828525	0.00125896	0.00555732	0.00622433	0.00270664	0.012287	0.00985112	0.0108036	0.00822254	-0.000840422	0.0122242	0.00527893	-0.00249064	0.00926899	-0.00215065	0.000260394	0.000791635	-0.000795146	0.00491552	0.00175668	0.0153288	0.0034696	0.00765302	0.0152924	0.00503494	0.00620866	0.00691115	0.00186545	0.00298773	0.00737476	0.00074655	0.0180133	0.00993415	0.000689254	0.0105783	0.00929352	-0.00288837	0.00135378	0.0155124	0.0173057	0.0197216	0.0158694	0.0160988	-0.00434973	0.0109134	0.00248618	0.0105098	0.0127974	0.0039167	0.0116014	0.00198651	0.0128658	0.0130252	0.00807174	0.00801219	0.00768239	0.00711173	0.0227085	0.00781793	0.0148362	0.00322735	0.0016601	0.0155241	0.0140246	-0.00523444	-0.00392794	0.000371569	0.0255133	0.0256856	0.0108151	0.0100385	0.0105872	0.017949	0.00856184	0.00277363	0.00832363	0.00116509	0.00774126	0.00502131	0.00240737	0.00603628	0.00477138	0.00159693	-0.0169158	0.00651603	-0.00836204	0.0060253	0.0188457	-0.00842088	0.0162581	0.00278288	0.0129672	0.0141699	0.0141406	0.00827824	0.0102807	0.00108184	0.00300791	-0.000268969	-0.00017655	0.00214739	-0.0087727	0.00941981	0.00939123	-0.00331811	-0.00276123	-0.0083102	-0.00723965	0.00974741	0.00634656	-0.00797287	0.00881794	0.00130556	0.00523917	0.00907703	0.0103152	-0.00589759	0.00958166	0.0167452	0.0116003	-0.00300134	0.00393182	0.0052628	0.00682921	-0.00266142	0.00288154	0.00380648	-0.00315535	-0.0017983	-0.00321528	-0.00139405	0.00690629	0.00686805	-0.00795922	-0.00750884	0.00890784	0.0034441	0.0118833	0.0117834	-0.0122756	-0.00173111	-0.00176117	0.00665562	-0.00792624	-0.00118192	0.000172786	0.00191616	0.00330254	0.00118132	-0.00237394	-0.00177402	0.000675524	-0.00234324	-0.00065822	0.00334647	-0.00105537	0.000853629	0.00397757	0.00140288	0.00887183	0.00426647	1.54789e-05	5.45655e-06	-0.000313444	0.00186811	-0.00416906	-0.000868659	0.00658707	-0.00425253	0.0135869	-0.00788777	0.00645999	-0.000798001	0.00294791	0.00306424	0.00833793	0.00556857	0.00579533	0.00580666	-0.00223875	0.00621851	0.00996223	-0.00430306	-0.000690176	0.00851986	0.00658874	0.00615139	-0.00501211	0.00381415	-0.000316911	-0.00368315	0.0124497	0.0025247	-0.00193417	0.00941573	-0.00994549	0.0103628	-0.006461	-0.00736037	0.00308774	-0.00778294	0.0016178	0.00998202	-0.0105349	-0.000535419	0.0120711	0.012498	-0.0016907	0.000464078	-0.00508959	-0.00416302	0.00437974	0.00916965	0.00862132	0.0146965	0.00563754	-0.00044468	0.004928	0.0228942	0.0180392	0.0170358	0.00835476	0.00750787	0.00758693	0.00463859	0.00444552	0.0076005	0.0182125	0.0184397	0.00273813	0.0195928	0.0109138	0.00215493	0.0168767	-0.00312183	-0.0164182	0.00544946	0.00538152	0.0211608	0.0138879	-0.00396908	0.0134392	-0.00448941	0.0167476	0.00484576	0.0108817	0.00776218	0.000295825	0.0148058
8.5	0.00910428	0.00550291	0.00439016	0.00708843	0.0128785	0.00854764	0.0211727	0.0147052	0.000987254	0.00644007	0.00861324	-0.000529627	-0.0079421	0.00253884	0.00126661	-0.00445847	0.00673392	0.0141181	0.009632	0.0147751	0.00474942	0.00398808	0.00642237	-0.00659108	-0.000300487	0.000574909	0.00209088	0.0173806	-0.00459038	0.0011976	-0.00340501	0.00723024	0.0012897	0.00820376	0.000433593	0.00610904	-0.000380057	0.000185339	-0.0105311	-0.00722488	-0.00863183	-0.00707241	-0.00225548	0.00491953	0.00424902	-0.00264166	0.00212658	0.00175369	0.00216434	0.00714062	0.000794126	0.0100328	0.00673741	-0.000198377	0.0066575	0.00117237	-0.000979862	0.00320329	-0.00444578	-0.00332972	-0.00173613	-0.00210747	0.00237918	0.0027449	0.00850489	0.00251498	-0.00553485	0.0118935	0.00152687	0.00301781	0.0076393	-0.000902862	-0.00128295	0.0055546	-0.00132237	0.0136904	0.00734817	-0.00328573	0.0060029	0.00625493	-0.00788097	-0.00544607	0.0111327	0.0114925	0.0184688	0.0148841	0.0151792	-0.00633228	0.007712	-0.000941163	0.00695936	0.00629872	0.000559846	0.0056769	0.00302106	0.0124701	0.0127444	0.00774248	0.00824611	0.0046127	0.00945586	0.00583668	0.00557196	0.00780075	0.00320262	-0.00126023	0.00866177	0.011018	-0.00480092	-0.00237156	0.00125696	0.0222067	0.023845	0.00289993	0.000162034	0.0095069	0.00929136	0.00452295	-0.000773032	0.00649773	-0.0020825	0.00740949	0.00260382	-0.000761184	0.00236923	0.00138244	-0.00307098	-0.0178118	0.0121524	-0.00393989	0.00634308	0.0166537	-0.0104326	0.00813661	0.00311747	0.0148357	0.0132807	0.0132275	-0.000829664	0.00367174	-0.00365465	-0.00137128	0.00204861	0.000512007	-0.000111766	-0.00779715	0.0138968	0.0138229	-0.000483103	-0.00460823	-0.00635032	-0.00428614	0.00755072	0.0100261	-0.00700577	0.0129103	0.00285724	0.00246944	0.0032763	0.00997542	-0.00534424	0.0109937	0.00943677	0.0066906	-0.00417138	-0.000840654	0.00556803	0.00689461	-0.00152118	0.00482451	0.00532679	-0.00402075	0.0017659	-0.00418545	-0.00344449	0.000145757	0.00517131	-0.00650228	-0.00571691	0.00607884	0.00581383	0.0147524	0.00971498	-0.0144572	-0.00841509	-0.00833484	0.0071363	-0.00767926	-0.00239216	0.000829117	-0.000570796	0.0021569	-0.00205528	-0.00353749	-0.00327319	-0.00397564	-0.00347396	-0.00197784	-0.00045686	-0.00164726	-0.00184089	0.0020175	-0.0020593	0.00864869	0.00502584	-0.000193339	-0.000244621	-0.0034497	-0.00956857	-0.00242217	0.00204583	-0.00319638	0.000316938	0.00954406	-0.00842257	0.00654152	-0.00342993	0.00168245	-0.000402127	0.00472178	0.00600804	0.00256775	0.00588365	-0.0129817	0.00636612	0.00776916	-0.00402585	-0.00365955	0.00525036	0.00531401	0.00334124	-0.0169935	0.00273974	-0.00311552	-0.002746	0.010394	0.000584931	0.00163222	0.00372532	-0.0117663	0.00940223	-0.00997582	-0.0140674	-0.000243338	-0.00287036	-0.00168101	0.0085788	-0.014876	-0.00201144	0.00856045	0.00973613	-0.00082322	0.000285265	-0.00436968	-0.00236124	0.00482157	0.00468979	0.00129348	0.00928679	0.00440288	0.000213748	-0.00129401	0.0183673	0.0147272	0.0161524	0.0053904	0.00818639	0.0086614	0.00234121	0.00216989	0.00779875	0.012378	0.0161075	-0.00651471	0.0193939	0.00872819	0.00378219	0.0145275	-0.00990649	-0.0237954	0.00103273	0.000762599	0.0272179	0.011639	-0.000969241	0.0107133	-0.00520597	0.00821603	0.00450514	0.00208053	-0.000504842	-0.000129946	0.0148128
8.6	0.00612267	-0.00107304	0.00276267	0.00703954	0.0105669	0.00449197	0.0137909	0.0109741	-0.00900416	0.00267186	0.00399247	-0.00595055	-0.00656626	-0.00301254	0.00495437	-0.00302243	0.00874732	0.00778185	0.00883687	0.0127915	0.00187583	0.00139774	0.00862823	-0.00777838	-0.000526267	0.00159934	-0.00339415	0.0132	-0.00342059	-0.00210071	-0.00663256	-0.00112516	-0.000379274	0.00493588	0.000534233	0.00806917	0.000299203	0.000658263	-0.0087193	-0.0099667	-0.0111557	-0.00600437	0.00156129	-0.00145998	-0.00242967	-0.00722277	-0.00331073	-0.00452029	0.000143054	-0.000151528	-0.00824262	0.00612662	0.00427128	-0.00134561	0.000790139	-0.00515281	0.00118367	-0.00640186	-0.00581721	-0.00684809	-0.00408679	-0.00346254	-0.000804924	0.00429622	0.00037975	0.000984388	-0.0169943	0.0051253	-0.000970903	-0.000417376	0.00755805	-0.00187315	-0.00475788	0.00200575	-0.00238568	0.00755825	0.0024227	-0.00710373	-0.000662182	0.000340768	-0.010665	-0.0115807	0.00608648	0.00514804	0.0145737	0.0113194	0.0113728	-0.00556569	0.00455688	-0.00371585	0.00407149	-0.000291158	-0.00186548	-0.00215692	0.00382282	0.0107861	0.0110281	0.00648501	0.0069812	-0.000112889	0.0105359	-0.0126364	0.00169489	-0.000814183	0.00148403	-0.00305829	-0.000512248	0.00697701	-0.00343073	-0.00221164	0.000280801	0.0148562	0.0176998	-0.00552893	-0.00883006	0.00716775	-0.000388967	-0.000270437	-0.00385198	0.00191968	-0.00663662	0.00767731	0.00267199	-0.00504847	-0.00336172	-0.00375718	-0.00854922	-0.0148764	0.0145538	0.0019294	0.0035768	0.0123636	-0.0102316	-4.87963e-05	0.0023388	0.0139898	0.0106959	0.0106246	-0.00832626	-0.00210061	-0.0066141	-0.00419999	0.00366791	0.001286	-0.00442743	-0.00593938	0.0166622	0.0165083	0.00190704	-0.00470815	-0.0032086	-2.36383e-05	0.00591301	0.0119065	-0.00544419	0.0157438	0.00335698	-0.00281089	-0.00384445	0.00888293	-0.00623903	0.00873837	0.000752844	0.000967806	-0.00525946	-0.0050374	0.0040114	0.00673554	0.000326757	0.0052167	0.00477708	-0.00638824	0.0065864	-0.00330588	-0.00470139	-0.00515583	0.00318451	-0.00442305	-0.00109961	0.000733059	0.0048807	0.0150339	0.00635044	-0.0138208	-0.0141466	-0.0139619	0.00720148	-0.00616315	-0.00513535	-0.000420198	-0.00432244	-0.000748844	-0.0066269	-0.00562563	-0.00612014	-0.00880468	-0.00555866	-0.00465728	-0.00558071	-0.00318757	-0.00629875	0.000393316	-0.00337958	0.00710931	0.0052906	-0.000206194	-0.000193595	-0.00620956	-0.0184235	-0.000241384	0.00465891	-0.0111083	0.00461793	0.00253514	-0.00738387	0.0060022	-0.00601398	5.53037e-05	-0.00293326	0.00159418	0.00554409	-0.0021695	0.00530864	-0.0215769	0.00673716	0.00488712	-0.00294042	-0.00608691	-0.000859425	0.00390622	0.000280191	-0.0259395	0.000827201	-0.00533189	-0.000363937	0.00810635	-0.00164308	0.00357122	-0.00221706	-0.0107015	0.00735616	-0.0115894	-0.0185937	-0.00287621	0.00276862	-0.00426182	0.0049433	-0.0165546	-0.00279134	0.00543086	0.00673183	6.35804e-05	7.38834e-05	-0.00335005	-0.00178606	0.00511168	-0.0021437	-0.00578597	0.00327697	0.00259355	0.00105313	-0.00738474	0.011478	0.00993359	0.0131094	0.000711012	0.00903163	0.00959392	-0.00112245	-0.00127742	0.00825826	0.00530121	0.0137206	-0.0137657	0.0162608	0.00540314	0.00462272	0.00754135	-0.0144792	-0.0272167	-0.00451494	-0.00463175	0.0274475	0.00830674	0.000667765	0.00671101	-0.00505073	-0.000366193	0.00378396	-0.00820098	-0.00801581	-5.06851e-05	0.0128457
8.7	0.00286818	-0.00600592	0.000869211	0.00642884	0.00723987	0.00020192	0.00472678	0.00582387	-0.0160949	-0.00125023	-0.000207156	-0.0107236	-0.00422831	-0.00927665	0.00832356	-0.000680636	0.00998421	-0.000236885	0.00903222	0.00960787	-0.000508878	-0.000445138	0.0101777	-0.00680242	-0.000206922	0.00238455	-0.00692279	0.00777549	-0.00196111	-0.00463847	-0.0091327	-0.0102176	-0.000547414	0.00160551	0.00127728	0.00946423	0.00157751	0.00157322	-0.00338881	-0.0101288	-0.0114697	-0.00421394	0.00535911	-0.00918329	-0.00953831	-0.0112311	-0.00970769	-0.0110586	-0.00267064	-0.00822404	-0.0161491	0.00044263	0.00138255	-0.00368562	-0.00442659	-0.0123173	0.00363617	-0.01509	-0.00651826	-0.00924289	-0.00592602	-0.00487792	-0.00498011	0.00644404	-0.00697217	-0.000417601	-0.0242325	-0.00318948	-0.00166931	-0.00343536	0.00649845	-0.00141199	-0.00636603	-0.00245079	-0.00298485	0.00135184	-0.00369379	-0.00979684	-0.00791146	-0.00743887	-0.00905895	-0.0160613	0.00148162	0.00050389	0.00893524	0.0060846	0.00582504	-0.00336762	0.00129919	-0.00558737	0.00164088	-0.00561606	-0.00299494	-0.00771248	0.00443517	0.00827492	0.00838587	0.00465407	0.00471572	-0.00552044	0.00982935	-0.0303721	-0.00294157	-0.00920705	-0.000128158	-0.00267597	-0.00972053	0.00240655	-0.00158295	-0.00330014	-0.00214865	0.00481645	0.0084572	-0.0136151	-0.0154506	0.00396712	-0.00893077	-0.00476766	-0.00603928	-0.00420543	-0.0107259	0.00743733	0.0043192	-0.00905928	-0.00939125	-0.00867679	-0.0125698	-0.00887188	0.0137295	0.00729086	-0.000659862	0.00739623	-0.00808275	-0.00697205	0.000909578	0.0103333	0.00709937	0.00702425	-0.012991	-0.00653577	-0.00774515	-0.00487626	0.00475908	0.00215265	-0.00955327	-0.00354243	0.0175979	0.0173693	0.00373104	-0.00308519	0.000275483	0.00500746	0.0036834	0.0111841	-0.0035433	0.017207	0.00293571	-0.00838755	-0.00991743	0.00670545	-0.00762511	0.00380349	-0.00726681	-0.00463117	-0.00674654	-0.00848606	0.00134825	0.00617708	0.00277115	0.00385133	0.00296059	-0.0100357	0.0108018	-0.00181003	-0.00522977	-0.00824996	0.00119534	-0.00231394	0.00352445	-0.0061419	0.00189318	0.0130014	0.00287335	-0.0104432	-0.0179951	-0.0177408	0.00681229	-0.00395347	-0.00890345	-0.00298176	-0.00810306	-0.00443943	-0.0107387	-0.00777738	-0.00947319	-0.0120519	-0.0077479	-0.00848523	-0.00996611	-0.00452838	-0.0107556	-0.000871684	-0.0023221	0.00464231	0.00467526	0.000482832	0.000589255	-0.00816817	-0.0233322	0.00214977	0.00653208	-0.0166231	0.00739394	-0.00431856	-0.00380787	0.0048772	-0.00744972	-0.00111947	-0.00452578	-0.000443752	0.00471808	-0.00749557	0.00468773	-0.0265312	0.00704566	0.00228828	-0.000967432	-0.00703166	-0.00845787	0.00223223	-0.00191566	-0.0298522	-0.000860265	-0.00656495	0.00276185	0.00583813	-0.00316905	0.00377912	-0.00734744	-0.00734357	0.00469949	-0.010521	-0.0207178	-0.00414392	0.0081553	-0.00576589	-0.000283742	-0.0157274	-0.0029261	0.0027476	0.00376998	0.00110781	4.15956e-05	-0.00198403	-0.00233027	0.00518512	-0.00909351	-0.0108496	-0.00274747	0.000340178	0.00203347	-0.011629	0.00377391	0.00483884	0.00872935	-0.00467379	0.00957809	0.00987598	-0.00568255	-0.00570823	0.00871186	-0.00165835	0.0106645	-0.0174418	0.0108289	0.00188164	0.00475761	-0.000851793	-0.0144816	-0.0260789	-0.00984969	-0.00962688	0.0210982	0.00389845	0.000881082	0.00264099	-0.00412656	-0.00716351	0.00272085	-0.0172746	-0.0122429	0.000775741	0.00950107
8.8	-0.000371155	-0.00916305	-0.000901328	0.00549699	0.00375467	-0.00387735	-0.00378486	0.00035469	-0.017138	-0.00448631	-0.00311674	-0.0139109	-0.0013219	-0.0147257	0.0110306	0.00219894	0.010223	-0.00747613	0.0101767	0.0058136	-0.00237093	-0.00193717	0.0107817	-0.00255886	0.000996691	0.00292484	-0.00803333	0.00207555	-0.000399276	-0.00648759	-0.0105539	-0.0177067	3.52868e-05	-0.000828591	0.00244643	0.010205	0.00321411	0.00272394	0.00436189	-0.00836092	-0.0097279	-0.00178991	0.00782739	-0.0158946	-0.0147864	-0.0135576	-0.0149716	-0.0156614	-0.00527493	-0.0149693	-0.0216194	-0.00520593	-0.000995049	-0.00606824	-0.00854939	-0.0179355	0.00575157	-0.0183081	-0.00693247	-0.00983896	-0.00729341	-0.00636746	-0.00990993	0.00875185	-0.0119273	-0.00111167	-0.0263039	-0.010476	-0.000661626	-0.00518674	0.00459862	-0.000319852	-0.00580551	-0.00679596	-0.00353355	-0.00402968	-0.00943385	-0.0108971	-0.0137937	-0.014646	-0.00327603	-0.0178659	-0.00208684	-0.00194138	0.00282842	0.000334996	-4.39809e-05	-0.00138071	-0.00216523	-0.00656672	-0.000525131	-0.00856463	-0.00304865	-0.00879892	0.00491961	0.00516591	0.00519034	0.00275121	0.00223391	-0.0104644	0.00732245	-0.0442754	-0.00714518	-0.0158698	-0.000298443	-0.000717193	-0.016571	-0.00212013	0.000102058	-0.0048651	-0.00500649	-0.00586002	-0.0020019	-0.0200379	-0.0189263	0.000175466	-0.0149556	-0.00789094	-0.00709896	-0.0100283	-0.0131767	0.00569583	0.00555609	-0.0117459	-0.0137127	-0.0117726	-0.0139127	-0.00135449	0.0110794	0.0111097	-0.00441548	0.00284181	-0.00488642	-0.0117148	-0.000378687	0.00460559	0.00329429	0.00323616	-0.0143797	-0.00959949	-0.00765838	-0.00377111	0.00550407	0.00311036	-0.0137108	-0.00103911	0.0169038	0.016657	0.00510234	-0.000286977	0.00352635	0.00982715	-2.09939e-06	0.00815542	-0.00156051	0.0172461	0.00207063	-0.0120859	-0.0130565	0.00331081	-0.00778506	-0.00237494	-0.0132576	-0.00932471	-0.00831358	-0.0107082	-0.0016335	0.00505383	0.00543522	0.00168818	0.00128783	-0.0135312	0.0126094	-0.000706236	-0.00507074	-0.00920604	-0.000532815	-0.000552164	0.00560495	-0.0123982	-0.00117918	0.00942986	0.000192242	-0.00527731	-0.0191563	-0.0188987	0.00585112	-0.0019867	-0.0124505	-0.00587715	-0.0108091	-0.00815659	-0.0131999	-0.00931706	-0.0120602	-0.0130842	-0.00936375	-0.0123771	-0.0122475	-0.00521912	-0.0136449	-0.00203746	0.000142559	0.0019717	0.00308213	0.00204296	0.00216389	-0.00892049	-0.0236809	0.004517	0.00718802	-0.0195159	0.00818802	-0.00863369	0.0017135	0.00363202	-0.00709067	-0.00113452	-0.00543683	-0.0014199	0.00389251	-0.0121264	0.00452542	-0.027142	0.00688062	0.000511936	0.00157448	-0.00584534	-0.0154375	0.000422383	-0.00253604	-0.0272044	-0.00139511	-0.0065642	0.00573697	0.00354431	-0.00316997	0.00303832	-0.010917	-0.00272509	0.00198306	-0.00670819	-0.0199808	-0.0038687	0.0122134	-0.00618463	-0.00595132	-0.0127254	-0.0027172	0.000226105	0.000977826	0.00271539	0.000145705	0.000110237	-0.0033695	0.0049033	-0.01364	-0.012654	-0.00817901	-0.0019864	0.00323093	-0.0127964	-0.00355173	0.00012882	0.00372398	-0.00945019	0.00931301	0.0092825	-0.0106562	-0.0104264	0.0084565	-0.00718537	0.0059184	-0.0174256	0.00429916	-0.000785186	0.00452869	-0.00748734	-0.00983321	-0.0203474	-0.0137448	-0.0132962	0.0101096	-0.00151516	0.00025178	-0.000627614	-0.00268515	-0.0111508	0.00157336	-0.0222757	-0.012319	0.00212778	0.00552602
8.9	-0.00321888	-0.0107488	-0.00213081	0.00443021	0.000780356	-0.00712736	-0.0097422	-0.00437852	-0.0114293	-0.00641944	-0.00429855	-0.0150026	0.00145733	-0.0177932	0.0127431	0.00507456	0.00953135	-0.0125388	0.0112565	0.0020302	-0.00387034	-0.00340143	0.010252	0.00337577	0.00290637	0.00337026	-0.00716608	-0.00297807	0.00106228	-0.00788379	-0.0105336	-0.0215725	0.000319724	-0.00185453	0.00363734	0.0102113	0.00472931	0.00371947	0.0121309	-0.00601629	-0.0067855	0.000785453	0.00849295	-0.0192649	-0.0169318	-0.0136847	-0.0173575	-0.0172332	-0.00718938	-0.0187049	-0.0237375	-0.00923431	-0.00206316	-0.00730578	-0.0112666	-0.0196556	0.00693357	-0.0138326	-0.00723706	-0.00891853	-0.00826231	-0.00767013	-0.0142037	0.010536	-0.0136989	-0.00086732	-0.0235524	-0.0146538	0.00106442	-0.00522527	0.00231162	0.000632054	-0.00383303	-0.00998655	-0.00400045	-0.00822253	-0.0132815	-0.0105165	-0.0170124	-0.0190581	0.00359438	-0.016725	-0.00487647	-0.00326827	-0.00260669	-0.00467633	-0.00494272	-0.00047918	-0.00528764	-0.00705978	-0.00236231	-0.0091298	-0.00245309	-0.00599394	0.00531631	0.00170115	0.00170427	0.00117341	0.000222128	-0.0137896	0.00361275	-0.0509204	-0.00987155	-0.0193324	0.00114141	0.00140111	-0.0195717	-0.00597773	0.000896943	-0.00596788	-0.00710421	-0.0149804	-0.0112238	-0.0235386	-0.0192982	-0.0038577	-0.0179638	-0.0086803	-0.00730693	-0.0137544	-0.0132538	0.00244351	0.00464453	-0.0125722	-0.0151003	-0.0128494	-0.0126055	0.00576406	0.00817903	0.013021	-0.00639685	-0.000898107	-0.00185302	-0.0137949	-0.000888122	-0.00174263	-4.77968e-05	-6.89793e-05	-0.0130803	-0.0113685	-0.0070265	-0.00212702	0.00597257	0.00413912	-0.015258	0.0012008	0.0149062	0.0147173	0.00618027	0.00267933	0.00613705	0.0132633	-0.00444185	0.00418875	0.000341078	0.0158533	0.0013747	-0.0124921	-0.0122299	-0.00095003	-0.00576101	-0.00789133	-0.0165114	-0.0125541	-0.00900586	-0.0108632	-0.00425257	0.00326449	0.00768589	0.000111795	0.000695421	-0.0147367	0.0111199	-0.000458126	-0.00414667	-0.00878351	-0.00179046	0.000883091	0.00453383	-0.0158587	-0.00315918	0.00539089	-0.00114222	0.000311888	-0.0174667	-0.0172878	0.00424601	-0.000786461	-0.01429	-0.00827648	-0.0116828	-0.0110419	-0.0132816	-0.00978317	-0.0128212	-0.0119652	-0.00991276	-0.014456	-0.0120061	-0.00552256	-0.0138785	-0.00301151	0.00225313	-7.27707e-05	0.000849572	0.00408086	0.00413754	-0.00825269	-0.0198803	0.00654675	0.00621631	-0.0198563	0.00764488	-0.00923805	0.00714287	0.00280349	-0.005148	0.000367517	-0.00593728	-0.00176823	0.00320061	-0.0147365	0.00500944	-0.0235227	0.00594231	-0.000402609	0.00420234	-0.00263395	-0.0195372	-0.00158082	-0.0017593	-0.0184442	-0.000534962	-0.00536438	0.00760424	0.00107375	-0.00149139	0.00258824	-0.0125876	0.00181286	-0.000263294	-0.00110915	-0.0160691	-0.00263421	0.0141334	-0.005798	-0.0107097	-0.00802537	-0.00214937	-0.0022635	-0.00169187	0.00469053	0.000329352	0.0031806	-0.00417944	0.00410905	-0.0137445	-0.0112188	-0.0122735	-0.00383606	0.00455321	-0.0107505	-0.00944427	-0.00399681	-0.00140492	-0.0123739	0.00787848	0.00770893	-0.0145939	-0.0141458	0.00658774	-0.0104624	-0.000437468	-0.0147257	-0.001749	-0.0019829	0.0043616	-0.0104913	-0.00327083	-0.0112792	-0.0154136	-0.015065	-0.00194664	-0.00711505	-0.000401454	-0.00295301	-0.0010672	-0.0124191	0.000613831	-0.0219376	-0.00857492	0.00343302	0.00171086
9.0	-0.00502216	-0.0110151	-0.00234654	0.00331838	-0.00144732	-0.00862534	-0.0120947	-0.00753994	-0.00125636	-0.00677736	-0.00375517	-0.0136463	0.00356774	-0.0172005	0.0131477	0.00728886	0.00817653	-0.0150697	0.0108017	-0.00135185	-0.00479642	-0.00450441	0.00860618	0.00761353	0.00500195	0.00391412	-0.00529605	-0.00673981	0.0023717	-0.008581	-0.00898628	-0.0207527	-0.00030491	-0.00167471	0.00447526	0.00935407	0.00558181	0.00419749	0.0171928	-0.00403621	-0.00375863	0.00286932	0.00751315	-0.0178359	-0.0156527	-0.0115594	-0.0163187	-0.0160103	-0.00822493	-0.0187497	-0.0220557	-0.0107036	-0.00171902	-0.00655602	-0.0124719	-0.0163585	0.00696016	-0.00300504	-0.00699564	-0.00732949	-0.00845728	-0.00806262	-0.015628	0.0109716	-0.0123067	0.000175352	-0.0170189	-0.0149619	0.00218056	-0.00385123	0.000173952	0.000994999	-0.00151834	-0.0109816	-0.00400239	-0.0108539	-0.0140202	-0.00869971	-0.0172223	-0.0195952	0.00792502	-0.0134826	-0.007393	-0.00454838	-0.00670524	-0.0079026	-0.00795521	-0.000319704	-0.00706281	-0.00761888	-0.00402998	-0.00810821	-0.00136619	-0.00127536	0.00551702	-0.00157215	-0.00163649	-1.10478e-05	-0.000986956	-0.0143417	-0.000311132	-0.0472098	-0.0106455	-0.018645	0.00342942	0.00293926	-0.0182133	-0.00843491	0.000629305	-0.00576883	-0.00743513	-0.0204856	-0.0172211	-0.0231169	-0.0170695	-0.00735412	-0.0177384	-0.0070237	-0.00736488	-0.0141455	-0.0102173	-0.00134029	0.00145609	-0.0108961	-0.0132401	-0.0120603	-0.00894263	0.0108242	0.00563159	0.0125475	-0.00626784	-0.00405615	0.000179018	-0.0132134	-0.000358596	-0.00682026	-0.0024698	-0.00244438	-0.0101073	-0.0118065	-0.0059553	-0.00103754	0.0061887	0.00509609	-0.0132525	0.00303623	0.0117796	0.0116998	0.00692524	0.00465205	0.00762908	0.0144822	-0.00795579	0.000691071	0.00215379	0.0129904	0.00137773	-0.00904293	-0.00755916	-0.00507942	-0.00205359	-0.0107469	-0.0168499	-0.0138167	-0.00796519	-0.00835804	-0.00575881	0.000881011	0.00878133	-0.000147704	0.00113302	-0.0119761	0.00665936	-0.000991659	-0.00234325	-0.00775515	-0.00249072	0.00228164	0.00168113	-0.0154024	-0.00393618	0.00172824	-0.0010938	0.00494713	-0.0133148	-0.0132744	0.00210235	4.52105e-05	-0.0129989	-0.00909133	-0.0100844	-0.0116332	-0.010255	-0.00849861	-0.0109675	-0.00854019	-0.00864568	-0.0127194	-0.00928799	-0.00524045	-0.0105533	-0.00329168	0.00268263	-0.000971279	-0.00123403	0.00577669	0.00578176	-0.00616012	-0.0134513	0.00773528	0.0037685	-0.0175751	0.00660493	-0.00642465	0.0101967	0.00242397	-0.00248705	0.00317326	-0.00612023	-0.00200353	0.00273722	-0.0141599	0.0058155	-0.0161575	0.00415404	-0.000740767	0.00646649	0.0016331	-0.0189319	-0.00391669	-0.000553012	-0.00673919	0.00126404	-0.00325396	0.00769161	-0.00147313	0.00130029	0.00349645	-0.01227	0.00498542	-0.00169902	0.00456641	-0.00935864	-0.00132421	0.0137621	-0.0048705	-0.0130839	-0.00223081	-0.000723465	-0.00450521	-0.00421977	0.00598348	0.00046184	0.00672171	-0.00411126	0.00270058	-0.00885668	-0.00793814	-0.0143242	-0.00462612	0.00554324	-0.00644928	-0.0127017	-0.0074502	-0.00600374	-0.012488	0.00508425	0.00496544	-0.0155427	-0.0151048	0.0025356	-0.0112942	-0.007151	-0.0104681	-0.00598959	-0.00188515	0.00454704	-0.00957866	0.00179637	-0.00146566	-0.0143718	-0.0143999	-0.0117435	-0.0111221	-0.000499794	-0.00458416	0.000577977	-0.0118435	-0.000126826	-0.0170908	-0.00249504	0.004123	-0.00133614
