name	pc1	pc2	pc3	pc4	std
ABIMUV	0.2810822550986254	0.1724418968490648	-0.38695346653424817	0.3099078059288254	0.9487806437684657
ABITEN	0.5567818340280102	0.6378717051973686	0.5655977339956044	-0.14612168394715747	2.5912347770043507
ABUBII	0.6951188224396345	0.34251354888579594	0.007253274004566594	-0.11060439742244531	1.7816705896599183
ABUKUG	0.8284749789411228	-0.5320168520991694	0.20360176968733726	0.018160920901282754	2.7938397829674466
ACACMN	1.2340037615737254	-0.5193434227448372	-0.11045125001620226	-0.4599981174205019	2.8929514122464246
ACEDUH	0.7625801245093529	0.6927467826914955	0.1202227633202125	-0.11223458881204043	1.8658723738562624
ACPMNA	0.43006324268439133	0.653727730147339	-0.14258304307481035	0.13549773981756508	1.1183005009615545
ADINAG	0.6132213162831848	0.08409340827025981	0.19664461622272303	-0.00443698951209584	1.992959168492599
ADIPUB	0.7794633563765814	-0.3515786209807518	-0.3056019327703375	-0.009476359494509395	1.6532907686711016
ADIQAI	0.6290187170521193	-0.4088535528656097	-0.3987315555762975	0.06845992892564526	1.3305482151006496
ADOJIP	0.7065158388630897	0.7806153042459315	-0.1999467257615716	0.09379694985274056	1.3435146614789264
AETSMN	1.0219019409307553	-0.37458776339475497	-0.20238614142834088	-0.13727368884182495	2.1639306553366353
AFAROO	0.8057493966632849	0.33766323347533456	-0.5441861728334649	0.12908910235464294	1.0121045780250815
AFATAE	0.3694841301978973	-0.6293030087306086	0.01833546289753911	0.15795021851319818	1.7536991637687418
AFAXIO	0.8459381601092577	-0.7623876359216933	0.06939682308251414	0.012707250276643128	2.627684486631239
AFEJOL	1.098768035458244	-0.4297969997947513	0.31150118270145694	-0.3356774977039963	3.4582653570950344
AFIMEL	0.3377752390805697	-0.012488210249248973	-0.4280370384496042	0.14043278849878738	0.8540804168612697
AFUMIA	0.7144905306827241	0.4223220464771574	-0.027422506345808343	-0.11429235507044738	1.7735700460630786
AFUPOK	0.6016486383437281	-0.34908173954879734	0.1461612568595271	-0.041530548943967	2.1631064994137055
AFUPUQ	0.953154672669565	-0.31554507462805503	0.16865742600895953	-0.20672556025101366	2.756648118029754
AFUQEB	0.9712732328464861	-0.26085398306544305	0.38316869654862296	-0.3123881051793627	3.322340240393482
AFUQOL	0.8809065262775997	-0.3107779496318472	0.18672575762976268	-0.22608424878401467	2.642073950129705
AFUZOR	0.400119845064308	0.006158617522348359	0.3119201370197525	0.005424113298465177	2.056948369266068
AGAYEN	0.7221516645789006	0.23988249469110756	0.11768055270037853	0.05389170530084311	2.0653973797222793
AGAYIR	0.6790200956672354	0.5808512443373405	-0.06295552826693418	-0.18774773973040987	1.654404860212473
AGAYOX	0.7239423395495805	0.43410287274761544	0.07333363419312124	-0.24647095006918	2.0295429182546805
AGAYUD	0.7411768689071456	0.3752634277728613	0.017636073674737685	-0.21964122509601294	1.992172806752588
AGAZAK	0.618962439012412	0.6456860150837967	-0.3762031668786502	-0.07499739582737569	1.133012375824595
AGUFUG	0.742197619825915	-0.47672242422910577	-0.12441893741295565	0.06512595972762988	1.8924949709257084
AGUJUH	0.8618124660264854	-0.19446610362342232	0.03987249729553602	-0.2104448491342033	2.3789058085762704
AHIROB	0.48282193328105727	-0.714299693935547	0.025358558132954567	0.09989754876312418	1.9552801567472837
AHIYAU	0.36540641375501615	0.09635483691641711	0.6484996196022668	0.07933733719446212	2.6968553404188134
AHOMES	0.9575493296257935	-0.39537163993644725	0.03522718624960218	-0.04396423098082978	2.4159890205686168
AHUCAI	0.6760561290804539	-0.4651022746663025	0.6265224188219485	0.011210895309214444	3.4508782078747844
AHUZOV	0.8475318251366044	-0.5821333933169482	-0.2974856701950245	-0.16811555777138493	1.9548107056656456
AKELAD	0.8451491743515049	0.740963819930933	0.0332554619308751	-0.05683461890306857	1.7772352231902495
AKOSAV	0.75489901689651	0.23452375871618444	-0.018151325954825267	0.24091869866163096	1.6834800243431332
AKOWON	0.8953950031648565	0.8541387115763979	-0.08401479373765387	-0.03908331128451351	1.5894852875375782
AKOWUT	0.7183213903143111	0.7120614942753123	0.3350391914460065	-0.1347020832967724	2.3084370873407067
AKOXII	0.8950299477942059	0.8573236830712662	-0.08437389258092726	-0.037887692484163744	1.5798641946805843
ALIPOC	0.6333791130649971	-0.09364700349184528	0.35723461766773656	0.1894978606926362	2.4431597359334574
ALIPUI	0.7070962851252833	-0.15676206698921347	-0.0839386340905835	0.19010825578589757	1.8198717540122495
ALIQAP	0.6130735152793099	0.08954572430409669	-0.297838740954299	0.21261046609609707	1.263859043548653
ALIQOD	1.0127016309790937	-0.5273476958613723	-0.19750780221894074	-0.30339287503455087	2.231298361844119
ALIYEZ	0.5872294071025239	-0.28470483243918077	-0.8525543752320377	0.17670451465106835	0.7945024479860445
ALIYID	0.6645732495978818	-0.17699964844679528	-0.4921984176174608	0.10838198735821827	1.2788118337875953
ALIYOJ	0.3967984474486088	-0.5098249997361265	-0.8265617359561763	0.2619862763484932	0.7566431365872096
ALLPMN	0.8323137078365166	0.13505561129907642	0.40428359115579765	-0.15023749322561653	2.9766132192811376
ALOVIH	1.051428575336681	-0.5529776257117508	0.004714377138785586	-0.18184995492958225	2.7440315037035727
AMIQAQ	0.08179724170641745	-0.6019016849952429	-0.6164663301064071	0.565571099647467	0.6882603370785405
AMOFUD	0.4932739264465069	-0.023586298287443158	-0.3326175062388075	0.21743882495982036	1.1339950764443862
ANESIY	0.3884014690705744	-0.23633136414562747	-0.014533820331770603	0.201577142442585	1.5707291897824796
ANUZOZ	0.19136994059555512	-0.3545678938072464	0.4261720701244628	0.10054854290677206	2.142814143808794
AQAWIY	1.1922893989574046	-0.4099387269694146	0.47084177061242255	-0.297046671398284	4.1861872537205045
ASAVOH	-0.10694479243136978	-0.7758449466041301	-0.6736486390590206	0.6577789632101814	0.6311855519707347
ATOQIL	0.7429559633696492	-0.6718639137112765	0.06926928311725933	-0.06297087165594528	2.4558462874955
AVAPIY	1.0304972651906557	-0.5985719428011967	0.07161764737831927	-0.14002610124129328	2.848962828637638
AVAPOE	1.0304097538668957	-0.598533361233121	0.07057305871822762	-0.1403327672453394	2.846135937058758
AWIGES	-0.22580749667536093	-0.5469212283234849	-0.039953721768998064	0.5879893717817266	1.1196489792441087
AWOJEC	0.7912059959338018	-0.8160492202121901	0.08303254068458066	0.02508369182220578	2.5804601967334833
AWOLOO	0.6081709573864327	-0.5839486398201243	-0.18918493960159574	0.1688114108336328	1.5376991238308606
AXISIJ	0.6853335771841893	-0.5685615490741478	0.16631500675006722	0.008587146063546186	2.526198128010935
AXITEG	0.7327682685659616	-0.2895869537583826	-0.04946720919717618	-0.03972243176609906	1.9855410755117309
AXUZAV	0.8103886303800358	-0.47649184090967384	-0.13635757214949595	0.005787149296631433	1.94213023428028
AYABEJ	0.7910283584249171	-0.10433328718150128	-0.24125962776399634	-0.025222640550958415	1.7563885945194246
AYAGUC	0.8373360454083549	0.7531147852330352	0.04208295511742856	-0.08592600832034648	1.7803740079774832
AYALAN	0.7922937717609377	-0.602069363328661	0.1917299072063303	0.05293379968520526	2.6817998019779274
AYAROK	0.9652138767201928	0.5341678420799485	0.19379130582485285	-0.0769426985775076	2.235761752305528
AYEGIW	0.6142179540915871	-0.4767656737957566	-0.01474594955479849	-0.270316659700628	2.3329849945984353
AYIDIY	0.95916818285228	-0.5662059878965724	-0.08234680105590829	-0.15341451654452665	2.4280102549248084
AYIDUK	0.9504978682720129	-0.5800455351815873	-0.10205887923747811	-0.1605905284869944	2.401288427312025
AYIFIA	0.9564825956025924	-0.567588685709878	-0.08108833555706443	-0.15080900535021147	2.424970803582094
AYIFOG	0.9503160683202427	-0.5790916169453146	-0.10047414841953466	-0.16203390042593357	2.406396856077774
AYIFUM	0.9497675560069085	-0.5806274730111429	-0.10258067994969292	-0.15996898087801004	2.399090223319365
AYIGAT	0.9547980256606214	-0.5690988599806829	-0.08489717818950221	-0.14320173237535966	2.410972947044329
AYIGEX	0.9505286727787157	-0.5805827063225273	-0.09837608308506518	-0.16011141055586883	2.4075042027717295
AYIGUN	0.9503614776946003	-0.5802595669204083	-0.1007347842752633	-0.1596996681623336	2.403431071907977
AYIHIC	0.95653096145662	-0.5685876303132247	-0.08196673304946639	-0.1498950608073335	2.425195089624664
AYIJAW	0.9489698437902279	-0.5813447291300161	-0.10125880672693066	-0.16044411233888367	2.4016206093212626
AZALIW	0.8356942764643565	0.6633546059253352	0.0038532096268913546	-0.0878428315142493	1.7428045078836631
AZODUP	0.6605682440432004	0.05323897348991931	-0.05921542005134378	-0.1278664616937456	1.7528329020498925
BAFBOD	0.5566546707129909	0.13871237868567982	-0.24391526497020943	-0.019157829656971326	1.3956574955267094
BAFBUJ	0.745840306792779	-0.1633125923947872	0.15172076220676936	-0.18991856244585142	2.3711150176300326
BAFJEA	0.4516272924013749	0.5649917894452162	-0.21813425894730434	-0.03258939721729756	1.1272430888112626
BAFKOL	0.8051186103679564	-0.38246766073411104	-0.27279703626346574	0.030026621594914538	1.6606397948941414
BAFLUS	0.8254892713164654	0.7043286318442155	-0.04010649662529518	-0.09932149287857844	1.5449985793439787
BAGSAG	0.6945643019232772	0.35065821415849735	-0.01064045334723348	-0.09745116244534782	1.743388973695275
BAGSEK	0.7314589384903396	0.30103496763729526	0.1382143727212153	-0.047718337005271214	1.9833662608751486
BAJVOZ	0.6836942577030785	-0.5289525037042717	0.4835291709305352	0.13137396205527008	3.175402249522141
BALCOJ	0.3687405461034148	-0.1560721577325413	-1.1097084921277514	0.37362789215735825	0.45536602218107214
BALKEI	0.6304062899669347	0.3488917841391012	-0.05380915822820767	-0.12938979024441224	1.68200512124819
BANFOM	0.6896602304244341	-0.4513599874978287	-0.07909402357176387	0.13591048144204995	1.8230178346850239
BAPTOE	0.7945756449262653	0.6237056519711274	-0.13230292166021534	0.07730053654197988	1.482595628561595
BARLAJ	0.8776824747255212	-0.38019829516862236	-0.12443360558647941	-0.09201747134629454	2.0532394677265087
BAVWII	0.8364201755533278	0.59241792206206	0.05466582098639666	-0.047522700045168155	1.798881259399841
BAVWOO	0.9281304031580664	0.6899484318940179	-0.047519811662001844	-0.004565728267469205	1.7188435800976274
BAWBAG	0.8373215591949892	0.6107253946124558	0.020346429409333885	-0.028335893389017548	1.718534989176009
BEFPOR	0.9074122640292801	0.39581163793400764	0.1959973107856523	-0.1005401186393105	2.286148483803127
BEMGEH	0.4673880587858035	-0.5896917823287474	-0.5891017033899157	0.08846442026817797	1.1530708776053487
BEMVOE	0.34764933487060334	0.4301088006630311	-0.027350874272460107	0.13946427096653372	1.2158517499936994
BEPBIL	0.6228019119440047	-0.06101855451681982	0.18566615572036813	0.08591461868770758	2.0291942624730774
BEPBOR	0.23829827166449036	-0.06630862856450354	0.3053588714568384	0.1109336284753078	1.9776176546373616
BEPRET	0.5226336657369037	-0.7756323337432283	-0.19861358461323092	0.11075900539074393	1.5518073470123253
BEPTEW	0.737823334455352	-0.47038832179694784	-0.2224946634139926	-0.0726710862013597	1.9326704279033273
BEPTIA	0.7128903575611956	-0.4941095191563063	0.19282110602987976	0.09868195347850606	2.6122759586026385
BEPVUN	0.6437578567260314	-0.7674196750522015	-0.10975572589540107	0.11032841904727642	1.8107190142081915
BEQCUX	0.9591037569054279	-0.6099370283306643	0.14738227630904224	-0.05281867442379119	2.854728257992044
BEQDAE	0.8663570939407208	-0.2885896218185164	-0.027779089895015794	-0.20599775746555132	2.3094884595063987
BERMIU	0.8589028688046847	0.33445616069546846	0.08584328057398896	0.0007465755359100934	2.0015784042473994
BETQAT	0.6606399238567917	-0.9581266413613316	0.7545484051050404	-0.11757020845671423	4.794889809054607
BETZOP	0.9707164788283373	0.24075295746920608	0.13993009133542952	0.005015734478230366	2.3531633948835537
BEZZEN	1.016814650718394	-0.535696752749851	-0.07311852543212655	-0.1565523189327451	2.438298322465105
BICLIJ	0.920845945091596	-0.571150953476699	0.2551365341213315	-0.1456642406129735	3.125059864769574
BICTOX	1.1009035683652915	0.3244928637329321	-0.32958858208086966	0.18089807207306569	1.6647524130368303
BICTUD	1.088818868685542	0.28123386952390406	-0.4281220870368683	0.20732783410229993	1.4990138939491795
BIFROB	0.47719637635616197	0.018801415170012558	0.2219985832723002	-0.09889172045433044	2.1139339391427496
BIKLIT	0.5513715115923938	0.3379472652767252	-0.04157454209538218	-0.02495206929390193	1.5223263666042297
BILQAP	0.8665093978313392	-0.46864672923970896	-0.22018899643995646	-0.1855262499240684	2.1013952850973903
BIMLIT	0.9438563550100625	0.6651324012881552	-0.006408000196514788	-0.022211648468141783	1.8730693956914863
BISHIX	0.9781406394698093	0.2896685374297785	0.14516831386352552	-0.027530819620318017	2.2948159469805938
BITNOL	0.714013970473558	0.4684706533733757	-0.06098301421109538	-0.047442459289187285	1.5878667695272075
BITPED	0.7435516185064879	0.5645854978457625	-0.11934573346119914	-0.004093315947623688	1.4475387854146096
BITPON	0.4648581217341774	0.42665386295772123	-0.1650644148228411	-0.047136653699967244	1.2324193352480197
BITPUT	0.5174003929459552	0.4565075751001272	-0.1896367042504813	-0.04790805601748679	1.2348682011932084
BITQAA	0.6723733805615444	0.5323926092999292	-0.12067688234191715	-0.0018324268826816204	1.390735294881502
BITQOO	0.726282343172354	0.5663448991745773	-0.1022917383732134	-0.01764808815556526	1.4544149728392433
BIVDOB	0.8416234205973261	0.2580500423151584	-0.07863519335067928	-0.43931068770448506	1.9384187972957663
BIXSEJ	0.47348854686105524	-0.11945822020571428	0.652956798024235	0.041716629082898846	2.97143553194394
BIXSIN	0.45796837901375964	-0.12183980479694088	0.631381161082397	0.04661033198570111	2.8895832464260818
BIXSOT	0.46730434647878516	-0.12255558559186866	0.6156750279772427	0.04046128736249516	2.8653029087093587
BIXSUZ	0.7683597848697374	0.17157312047569898	0.2355097585764347	0.00296884257416688	2.340877371894154
BIZBES	0.7749564053580968	-0.7044210406721656	0.23037278063314198	0.05533189910397934	2.9629906363240064
BIZJIG	0.4670937572536822	0.0463911294936227	-0.2921652823694661	0.16675727172759208	1.1652932350867022
BOCWAR	0.8770744333328864	0.25555081171891614	-0.27484606461798083	0.2730371376137164	1.4418823755656174
BODNIR	0.5167451143011372	0.49463815155988883	0.40111943587728416	-0.08397138714544715	2.1898519615350946
BOFDEG	0.9275337505900305	-0.3395372761254864	-0.15349714505886625	-0.21189709321448974	2.057130979011041
BOFLIT	1.1112713424335485	-0.3024714414906766	-0.23389342473843316	-0.1314525812498264	2.06135734529366
BOFLOZ	0.9691787255111386	-0.3318761683597536	0.0397189585463219	-0.21159169667976963	2.5719044148030603
BOFLUE	0.7004841584899877	0.6910165047721307	0.10082489679067266	-0.0518923549767554	1.7364124048072676
BOFMAL	0.8844778474622306	0.7617054179569236	0.05406291189305901	-0.10197502407436036	1.8676644125378232
BOFMEP	0.8056280337758022	0.7393952493153562	0.03904737249974395	-0.11687778038435248	1.761315835547803
BOHGAK	0.7240266173113712	0.00012382954640366168	0.055737073789692934	0.06032287463145464	1.8293166695027314
BOHGEO	0.7225969235041898	0.004202105202899648	0.05135177382144006	0.06517991368634199	1.8173861717165147
BOJHOZ	0.9915909656594692	0.7022546058654493	0.3440363696995705	-0.2805540691380144	2.761879052425525
BOJHUF	0.39376665466252225	0.15294469810730185	-0.0049264648059394595	0.1491082601388083	1.4890344635855428
BOLCUC	0.5307055647588577	-0.36938831549180484	-0.7016782238990589	0.03980766137170205	1.0834314013381667
BOLZAG	0.9267315032547057	-0.49504056221620946	0.28095336682993366	-0.09470013215399245	2.949067364901473
BOMDEM	0.5660110241702769	0.11884590612463222	0.40776762639334485	0.16971575128745103	2.461602034429903
BOTGAS	0.8143710822064438	0.19990048271619024	-0.06905351182878028	0.17020887060012097	1.7009645271444929
BOVGID	0.6948231645168539	-0.4810907012535801	-0.2290860055743972	0.0626051293018896	1.7323446873203856
BOVMOR	0.8299389331912819	-0.36680715347150117	0.13366778261619836	-0.12213407682546011	2.5673569328296804
BOXLOS	0.5079774938537875	0.6488257790337498	-0.2639265933133601	-0.044908325083737696	1.1480609192576354
BOZMIN	0.897324167751016	-0.47594768366549317	-0.29344722379402205	-0.16494929420754842	1.8206317014005942
BUGSAX	0.43818497338036044	0.5733345044223523	-0.10220619738991678	0.10285085309931127	1.1246741099270237
BUHFEQ	0.6871164811693102	0.5367723248769057	-0.09977435732167925	-0.18446217680295107	1.6642044206357687
BUHPOK	0.7340622526015261	0.4147578413138333	-0.07333547993464695	-0.19041744555689322	1.6407826594303012
BUHQEB	0.7730656352458931	0.45491771295082684	0.3220161988916508	-0.21214684710114395	2.290598427989833
BUHQIF	0.7340174446237944	0.4134624578542452	-0.07227310969998318	-0.1897817447079239	1.6427690232174874
BUHRED	0.979059892555382	-0.17088195683902904	0.21672610772464057	-0.32149095132358707	2.9268359849360666
BULZOX	0.8404239210138771	0.18588021124431262	0.028794747495987788	0.12480701408957731	1.9198003452681243
BUNLUS	0.8114467134840595	-0.4269904645377331	0.0532385126417463	-0.030587426187721235	2.3857611867683612
BUNMAZ	0.8352501774467598	-0.43022245607891313	0.04375834755906696	-0.01427696519147012	2.3866294467064835
BUNMED	0.8344704612040177	-0.43687298040881534	0.02959260006092601	-0.015340711540018204	2.369291393335537
BUQBAQ	0.7756395946226604	0.4985867345718519	-0.15284748987615526	0.0795626569929542	1.500294892331564
BURMIL	0.2857879008815445	-0.23358172826841114	-0.07145417682180853	0.1665247177570978	1.4269832603123933
BURMOR	0.21525072360862874	0.006552785909450038	0.060450367971711785	0.1312907130071161	1.4808038181455192
BUSCUP	0.8608661331198357	-0.1375005975506782	-0.8026267978020716	0.09538175060062695	0.9612291347143731
BUTYAR	0.8856220815819489	-0.5971155750286291	0.16120327010621055	-0.047270308011723924	2.82203294394867
CAFGUL	0.7662482184255195	-0.6014355013673677	0.1089064232862475	0.0413272812884638	2.5154166435961
CAFPIJ	0.8741325940024867	0.6402108496979568	-0.15554947170910186	-0.019274949955014865	1.5262307745620896
CAGRIM	0.8617885796907565	0.7025920221534091	0.08334710832908021	-0.10166974418105307	1.9662890399146455
CAGROS	0.8208385576983437	0.7230477334981366	-0.03764829933432352	-0.045782970478529764	1.6600714554311233
CAHGUQ	0.9787995577524429	-0.5974260120962219	-0.04514915254566634	-0.1878647269490497	2.6021397894152267
CAHHEB	0.9786487339060361	-0.5973933468343031	-0.040232580794289145	-0.18933251790448496	2.615454027178286
CAHZIX	0.6776662225637349	0.5801283774900619	-0.19512669180342193	0.02810469350100274	1.2459219107205
CAHZOD	0.4206533446067149	0.487333797166952	-0.3311409922929335	0.04311356650905142	0.9968658039073742
CAJVAL	0.8212882439541724	0.7320164110365637	-0.041397563713474785	-0.027110272329977723	1.6295075154881795
CAQCUS	0.5509577178433154	-0.5023902121062183	-0.35501995067010184	0.5021007644069582	1.2348297090565616
CATDUY	0.688861852602443	0.6140729625220939	0.06728530860194118	0.023720986152303725	1.6518966767118395
CATSUL	0.910379418463501	0.24413447027404067	0.024134586990703533	0.1386180125352744	1.9597160509797678
CATTAS	1.0175846445246925	0.3274451882774852	0.33792698845448665	-0.2110677902072946	2.8365424516818134
CAWYOR	0.7578216368167814	-0.24276124975059532	0.22638093682607924	0.10749776937259409	2.4647822536219524
CAWYUX	0.45246073937239784	-0.22190519366168182	0.1855602751312916	0.19061123772319521	1.953532868326816
CAXVAZ	0.7030394672646807	-0.3475526259809326	-0.6005948863743453	0.12111638394830232	1.1982937756156309
CAZJIA	0.5396553496951517	-0.7306321533145089	-0.16125614341224243	0.21549009063273356	1.6164400110966644
CAZNIB	0.7718697089119493	-0.21853392116407205	-0.5424844314125956	-0.07143577355725801	1.36436521920566
CAZNUN	0.7478578480036946	-0.2604882283490765	-0.5857089255570311	-0.013701723407225364	1.2379219396180803
CEBWUB	0.7268665977172954	0.6452121865418576	-0.10631837094724993	-0.27164196288225056	1.4376327020307795
CECNIH	1.0412652057783438	0.38674918605854197	0.12750032208930503	-0.12157559868483908	2.353869252323462
CEJQEO	0.7286617913172986	-0.533221782782826	-0.21582028561390815	0.046188099686801515	1.7640956067179692
CEKWIA	0.503445368527196	-0.7365063981838177	-0.17876026375744583	0.17142137849345113	1.560430408121198
CEPYEB	0.38812154591109715	0.0593998020860423	-0.9340938739728861	0.579749748715338	0.4863862268425959
CERDEM	0.8532387669853563	-0.4338493537006783	0.06981719675422852	-0.052674233402272605	2.5524372373419015
CERJIS	0.8283064885194618	0.1699779253881088	-0.22629594220121577	0.25742091652381116	1.5071668060283565
CERJOY	0.9875948185387724	0.42163227477083487	-0.04872341214204917	0.005369405875234531	1.8872899937060323
CERWOL	0.3115518627095124	0.5491226680665876	-0.2860943425623571	0.03181303271692992	0.8817194685076215
CEVFEO	1.022538652848267	0.4620114079841605	-0.07064100719113159	-0.004594140675219821	1.9263520023410896
CEVHEQ	1.012835732517078	0.406492817790648	-0.19112758568623067	0.07608958621473597	1.6809153897810343
CEWYIP	0.9026029638852808	-0.5989917893196806	0.1559194158516765	-0.07223003960999298	2.843028490901526
CEXGES	1.1906100179014256	-0.3801846305170035	-0.04096453504629007	-0.08162618570615154	2.6454893609130843
CEXHOE	0.7785559764539851	-0.2708239886247229	0.5253471006695669	-0.0005887550428564092	3.274686150795298
CEXJEW	0.9903432584092018	-0.3133132716258847	0.3497580653650625	-0.13185591960868603	3.202583675520378
CIBKIK	0.8795337600575355	-0.4100841804389029	-0.10481852339291647	-0.09510670728957898	2.0806248453281384
CIDDAU	0.564985003569709	0.34391910854782043	-0.1551338731857966	0.16115596940647953	1.265712029847704
CIFGEH	0.7486701496030745	0.358441627798641	0.0801631131719292	-0.25867152994780135	2.0366207764913997
CIFGUX	0.7106355413983527	0.34499804237566534	0.06717287183362725	-0.24691055658901087	1.975523886012098
CIJJUA	0.2954794416292206	0.5910008483623279	-0.3402453575785891	-0.023386408242816917	0.8258693193222952
CIJVEW	0.5955905183266941	0.4518521606323784	-0.06399691205592933	0.20544270824332883	1.410532577094188
CIKZON	0.8235050824246608	-0.11107295869277882	-0.6390344532303511	0.07469182533816246	1.030437811111721
CILPET	0.6480724415812862	0.3879981408851971	-0.09012481054509304	-0.16818743008131043	1.6669311286965263
CIMGOU	0.5195102301905452	0.24712712310677132	0.28977319578107946	0.13658203778555195	2.083801525902838
CIMHAH	0.535532849609119	0.21021851103555997	0.3323827976333367	0.12848110131877075	2.2435832355666063
CIMHEL	0.33752504161940644	-0.24215590831808806	0.3774484162570692	0.07830801876651969	2.3048386711317237
CIMPUJ	0.9428355172572678	0.36472305248153986	0.11966692948858143	-0.06654625754188204	2.1506981734270383
CIMXAB	0.6461414266394732	-0.7539092851729396	0.18887654303780033	-0.008109224058264378	2.7786891105829707
CIMXEF	1.0013079600482246	-0.5662183930081023	0.262795486666203	-0.08560011065696732	3.328633774327826
CIMXIJ	-0.3091122056071387	-0.32357921678165236	0.4150848784494661	0.11391689190195076	1.6812847450663044
CIMXUS	0.6882112153070148	0.017677782804701416	-0.19392942929372758	0.24730369227096216	1.3804742013221238
CIRPEB	0.6115063077874572	0.2625879313468875	0.22853378394169988	-0.20986929132210627	2.148194644069451
CIRQUP	0.9664106171618361	-0.6982212371333236	0.052507421396614976	-0.13394391590525465	2.5523898172199058
CIYGOH	0.36458445174060294	0.17916782494897668	0.2447034892502083	-0.019165837241136657	1.8912178517178946
CIZMEH	0.8119943626777948	-0.5727893473100023	0.029004145452574598	-0.22307490406428035	2.512134259633547
CMTHFB	0.4180490685961371	0.4443791018846033	0.048678345980404464	0.20397781068106324	1.4298587650973302
COCTOD	0.9557781808579326	0.4373538785315666	0.2876183710242991	-0.12330898316260898	2.561196598852699
CODLOY	0.527711908411518	-0.33351455988193573	0.30741797186502356	0.3150774700103215	2.3664479095273827
COFRUO	1.0343169873530602	-0.5640050934661592	-0.009686917082907948	-0.1726466084994907	2.6964219367713405
COFZIK	0.916625060796946	-0.5796736949536507	-0.07110599841464163	-0.08706989257102228	2.335868295368587
COFZUW	0.917810673778213	-0.5811796050002487	-0.0749122928691598	-0.08389275232283828	2.326655557623466
COGBAF	0.9881981950207441	-0.5694906467089941	-0.05562739738384902	-0.1544538310597356	2.515371734773099
COGFIP	0.7411362009846094	0.271645044516881	0.2228866270184499	-0.2292948274979581	2.2845143673357198
COJBEK	0.4295532872508372	0.02415371974029578	0.08181307728802947	0.14345007801873402	1.6947414214887382
COJFEQ	0.7564959131673366	-0.06004655064271861	0.05162883111727323	0.07397806599357779	2.0806119726328878
COJGUG	0.43198117147956383	-0.42389264979211116	0.47202654550711415	0.06212824445729534	2.6275181639533547
COJHAN	0.3820275217180056	-0.5628853997345422	0.46855602841848193	0.09785335542094334	2.6568321320097312
COJHER	0.3467793424384351	-0.5113821067406081	0.6444132396237636	0.2010747007727931	3.088566683420939
COKHUJ	0.7452544975607527	0.26340123492401796	-0.36301901129773273	-0.13003286724560834	1.295299910826027
COKJAR	0.5438416827742412	0.10818447603633982	-0.1317645765854158	0.12167633036865746	1.3404494708390713
COLZEI	0.4023793389977217	-0.38759584369606104	0.14391354209556775	-0.009586520121948397	2.0819619959306728
CORBIV	0.7466296363530027	0.5886146863610447	0.029390353234192285	-0.051589392391197655	1.7116475920616043
CORYUF	0.8545308658687452	-0.44045672401874963	0.13896142803101094	-0.30948824940639386	2.857726865031864
COTMOO	0.8791817230802224	-0.691099634470126	-0.11289175938804377	0.10156296836429624	2.0983467772253084
COXQIP	0.8011842818786725	-0.4859701077189093	0.060480630964291446	-0.021493266149262523	2.358051707493747
COZYEV	0.8292255184993005	0.21920722315700014	-0.18441208996730607	0.2154590632495752	1.523995932714076
CPBOMN	0.6417319013161444	0.6367314587243266	0.3833357500034037	-0.12046849148216442	2.3003729807939015
CPCNMN	0.7504964476419209	0.2654710590860357	0.07349844392912497	-0.0858133791600813	1.9589460806122048
CPTOMN	0.8105350092976149	0.4692473235535179	0.29476854146226933	-0.02657882358639646	2.30659095583796
CUFPUO	0.9505074237919864	0.3327142447909224	0.09679065786718344	0.009165580183058422	2.0856063846173583
CUFYIN	0.9479650052019579	-0.18818509041114312	0.2030135204171699	-0.013305851234259689	2.6551596807257893
CUJFOC	0.734986940394232	-0.2181913871961405	0.2812058691404527	0.0011394890737511654	2.6241763292267763
CUNBEU	0.8491243044324897	-0.34876300166249286	-0.6408939342012463	-0.042314764415669705	1.3036661439097208
CUNVOW	0.15873363650862915	0.8301227841674398	-0.234714568221362	-0.006916152733533229	0.7851373418140282
CUQRUC	0.4490467365623281	0.675763666589575	-0.1349258312891931	0.12325774075856907	1.1293515665495883
CUZKAJ	0.5599372364110744	-0.47497855196290684	0.4784445914582233	0.22173871976574555	2.8243668270823354
CUZTIB	0.939093370009596	-0.42200305774047436	0.039417872486082695	-0.02477629818301954	2.424411176474061
DAGVEQ	0.8213407007787259	-0.6594189214353718	0.28794628814695283	0.09600811020707398	2.9798971646155232
DAHCAT	1.010323877495602	-0.38386147948363053	-0.23503984376895068	-0.13067282351757328	2.0773836748174936
DAJDAT	0.4789194364011209	0.6902679319010748	-0.18060411153649894	0.08014062839862884	1.1426391140647487
DAJSOW	0.874453405828512	0.7290500850052035	-0.13838436073151655	0.05457600227053949	1.516214567516287
DALLEJ	0.8523740270508213	0.349716445078299	0.012852760572268147	0.09075809877079816	1.7934585550457651
DALLIN	1.083608487164133	0.4357362806220304	-0.004951198560755182	-0.08690247259361325	2.0947246824140797
DALWUI	0.7724664640180592	0.6037026238573192	0.08747524099528284	-0.07854884118967696	1.8211569194712425
DAMYAT	0.9032305708892974	-0.05365656924211802	0.1975093313500002	0.02720513864530462	2.442752288413901
DAQFUX	0.2155743559156833	-0.023322585378325485	-0.3265450068941664	0.3422452023018007	0.9309804279608915
DARDIM	0.25057768104843525	-0.3549542862854793	-0.16082317006600344	0.2680195634243348	1.2877106919808017
DARHIQ	0.7609287711130266	0.6195257498958198	0.143184086780413	-0.12637270440629741	1.9660045832050286
DAVDOX	1.0093270974861808	-0.5586020558886016	-0.03341065133074121	-0.15436910880903779	2.598466554596736
DAVDUD	1.0081136516938685	-0.560260465195919	-0.032616168697942	-0.15464233812161915	2.6006729542172176
DAVLIY	0.347045590714985	-0.2948529340960071	-0.043255605436250434	0.19324558490282845	1.5676680838196297
DAVRAT	0.9392160082299181	0.4900887785718847	-0.023282308861391092	-0.025949122053240375	1.8820119579092203
DEBHOJ	0.9306275143768001	-0.5171359754040522	-0.003931919941380188	-0.17476755338518118	2.6024675732316416
DECBES	0.977920059378854	0.2705695508068803	0.11603251720674918	-0.008491592119320157	2.2251972724717977
DEDPIL	0.698466836698536	0.07399675808981404	0.3040019981170167	0.0017154006492365592	2.452062065641966
DEGFUR	0.46226241231630194	-0.49679288560695595	0.11666756026300457	0.1871599713218482	1.954340077075981
DEPWAW	0.3305833371543616	0.08454126060537186	0.02335514694219637	0.02438951289773901	1.474588303780267
DERZIJ	0.869578423267857	0.19858540793310214	-0.2729770636034138	-0.2356709125841321	1.768943503513634
DEVMOH	0.8807276908329218	-0.7639687885820604	0.07085814243933818	0.011676623631765137	2.672280234513786
DIDXEU	0.7221068021985646	-0.22554342240577452	-0.33917985021613467	-0.101553544042912	1.5590865096721331
DIKGIN	0.9841885878283954	0.1529018863532375	-0.05681822212278808	0.039153456003566234	2.055589696284378
DITKOK	0.48734406315509426	0.7993312902869559	-0.35548274183986184	0.08940902655626168	0.9138932182079911
DIVCAO	1.061081442329959	-0.2752455424267052	-0.17147877026660924	-0.42070956070978793	2.303148537551297
DIVXUC	0.7969378119420467	0.6293847415231371	-0.1552912720381936	0.07277994909246321	1.4471949115390985
DIVYAJ	0.898566798798873	0.3015895685356682	-0.04256489133800164	-0.06275204087684111	1.8799876100805517
DIXCEV	0.27177472006267056	-0.4600955567149272	0.6390919818449403	0.29418934004372044	2.8923063137153964
DIXCIZ	0.6098629157012283	-0.532975059905285	0.5990293079589626	0.08360952557726678	3.2904957363287983
DIXYAL	0.6811824395053874	0.3715810197838562	0.009451816836473115	-0.22522818418979865	1.839942166583369
DOCCOR	0.676741158775223	-0.42243858512235266	0.4688406672679227	0.12393547083075984	3.0122690539140926
DOHHUG	0.4393497238971178	0.26383479913676183	-0.10890133200658929	0.12468633794657188	1.287976129079995
DOHTEC	0.6816359746781071	-0.004708285749155395	0.21606256844552219	0.029119261061161833	2.2652048999274714
DOHTIG	0.5346321335042976	-0.08749135922831662	0.16584225220325727	0.12722976569296185	1.9673864473354352
DOHTOM	0.6626769941895168	0.06495704549801677	-0.058801253665760285	0.11230458081507819	1.6938690726267924
DOQTUZ	0.6181301038953713	0.720173520184118	-0.16432480732432303	-0.11221358346868421	1.2441403874095271
DOQVAH	0.7347575675675966	0.7494985180760139	0.24992181149967202	-0.11600173305659792	1.9689777357631153
DOQVEL	0.8504265529401138	0.43495310327891445	0.2496769996302305	0.11432005828081282	2.2708412526972497
DOQWEM	0.5956268975598897	0.7343869393448004	0.09202942367453054	-0.23574877737366332	1.566703248893688
DOTYUJ	0.6593705111532495	-0.5124621598290602	-0.06479262735666425	0.04986387375657236	1.9225073314975836
DOVKAB	0.5944351239268366	-0.6628817646689527	-0.2369120785499067	0.1272705833607459	1.5310811838101641
DOVKEF	1.0396947274331714	-0.41933886367015816	0.19147145800423826	-0.31842438040209686	3.2410903150487043
DOWBAT	0.9159847682330149	0.9282680901091522	0.21593212989441285	-0.2064240394708956	2.134593466062472
DOWBEX	0.704681910668814	0.7289302670696538	0.3480256019865348	-0.1381862664841313	2.334990751830616
DOZHUW	0.7902364951381058	0.699024713666828	0.10117597749202603	-0.1321080716385244	1.854636898184542
DUCMIX	0.45209869773952116	0.5516930732049847	-0.09954572801668088	-0.08737940618714374	1.2656901388047457
DUGGIV	0.5556960348084967	-0.49767854447810295	0.2723367908637979	-0.018915421078523724	2.418727394599078
DUGMAW	0.440119606884402	0.19022867268249236	-0.03300848099109681	0.15311674279205317	1.4882403051650201
DUGVUZ	0.8437611369009295	-0.573859699195162	-0.3284268886623586	-0.17034976945317978	1.898325547413143
DUHYEM	1.0543696988360542	0.3621441711221973	0.11542408367140208	-0.11319897933816371	2.267761240951536
DUMMUT	0.14537694547622726	0.014660984913696506	0.45190083034962375	0.3144630003869872	2.05905400526118
DUMVEM	0.76954108766407	-0.20513839607500986	0.45507740619783105	-0.3013859854473527	3.2353478013032557
DUMVIQ	0.7892713954979964	-0.22205681684201645	0.6449163397181208	-0.42880462014984516	3.8744739427232093
DUPWER	0.6884508565871066	-0.4391457468238969	-0.10456553839953642	0.1000445229482092	1.7850007883765473
DURDUP	0.5209227238981406	-0.749553959371359	-0.20443236560018835	0.1927826051763144	1.5285079608447163
EBEFAU	1.113830402798925	-0.30667626107172463	-0.2347071307433964	-0.12363502062273277	2.0612055661504396
EBEFIC	1.1064186622335868	-0.2699745856172309	-0.2102388247869524	-0.13324290950815343	2.086153160841248
EBENOP	1.0855632082577271	0.4928847701167211	-0.14808900892909682	0.05105909096008157	1.8676045082595865
EBUBAI	0.7059393284367115	-0.2538505291254312	-0.09507959122414089	-0.18038699708553746	1.9782736316319647
EBUBEM	0.8256981016736384	-0.3226982765279014	-0.05569838323733788	-0.2045430512576497	2.3483193993763263
EBUBUZ	0.8263832987081265	-0.21411877651100722	-0.2000903625873507	-0.10198467546741886	1.8125861920141562
EBUCAG	0.8126581752052555	-0.25775870105552584	0.038222330757829936	-0.09463207041140922	2.2202061184931634
EBXMNB	0.29150103998602983	0.2698930032500749	0.20981446589744868	0.23119911260215625	1.574802371425001
ECEFAV	1.0282160299225538	0.4353190861038319	0.054823001012637984	-0.12851352990404313	2.111332781402404
ECISEQ	0.7076370335001947	-0.5713090515661035	0.2936974813135572	0.02634202102735106	2.884899209034529
ECISOA	0.6827426419288516	-0.5798331014595555	0.3488275759915004	0.04815568641793089	2.995404300344586
ECORUM	1.0430265761332693	0.4694147150351276	0.14164075217969455	-0.13384744010851127	2.297357295561376
EDAMOL	0.8731931536062412	-0.5504833044780191	-0.01186231261583006	-0.04987117050245918	2.3733089968947407
EDANII	0.9337155369967274	-0.5997690336319899	0.011254647035576465	-0.057574121097573504	2.525837373724185
EDIDOM	0.555305397662953	0.3937991797435474	-0.09649312791069434	-0.13227461176257593	1.5101995219807924
EDIDOO	0.461423062753322	-0.42903919353362524	0.4966640429004267	0.0023600395868326324	2.7863873796624254
EDIDUS	0.6376440582245841	0.4874796902276587	-0.043092337489039345	-0.16497377630574497	1.6367564328924258
EDIDUU	0.44215125928866916	-0.4379351329621333	0.5141570940426714	0.08144033632241213	2.778357176134067
EDTMNK	0.9332905173821846	-0.27308755636849963	0.43034243747667744	-0.12097885091449047	3.2730205599650066
EFOREW	0.8196366094901357	-0.4343054823512918	0.3590807275600014	-0.19013356075589055	3.108056951702808
EFORIA	0.81775278374033	-0.434786166050518	0.3578998830279447	-0.18827850676305155	3.1015961018884264
EGACOE	0.9485699319537515	0.4760778025282572	-0.02092124037822395	0.14327519937995362	1.7846601325648987
EGAKIJ	0.8778787232272105	0.6932523045565905	-0.11330928972981984	0.02961162189070489	1.598107389282465
EGAKOP	1.0230870641370888	0.5816551620809486	0.06819128967292677	-0.08046301136602146	2.0938014194043078
EGIWUO	0.8151883536811271	-0.49151003773942104	-0.1324559175523821	0.006448649888351546	2.0073808992154696
EHIGIM	0.5955788199217293	0.6115154513846585	-0.27484786120733895	0.17229057540697051	1.1639849835280218
EJEVEV	1.0021744516804105	-0.4955902056554791	0.543729126686683	-0.25921474103829056	4.096332950736465
ELACIG	0.8840584222337169	-0.637860716913793	0.08253888259034112	-0.11685959413723604	2.706334219920911
EQIXAG	-0.11980384938892774	0.06788440365104301	0.05576578027671557	0.27235062951305367	1.12708142763723
EQOQIK	0.7834641667981916	0.6497183923826817	-0.09579039091844814	-0.04165463055418408	1.5204205736106124
EQUJUY	0.608358070343062	0.21396797268908568	0.11661950021273265	0.13127655789015227	1.8661649793363524
EREFIR	0.40424987992008976	0.585664492678476	-0.07502378922622713	0.22619848617527816	1.1548422092079593
EREWAC	0.823764948076767	0.6879097188470912	-0.11097071803246857	0.03176710449019758	1.5157903020612298
ERIDAK	0.38161211612706003	0.03322055183292023	0.22678853670859445	0.1691513183710537	1.8977581721909327
ESAXUS	0.7587752480025278	0.3219701631339612	-0.07079196475015678	-0.14539594227265107	1.7572636807422228
ESIJAS	0.7630112941154366	0.5931421256611924	-0.11838944966591454	0.04730733522401903	1.499519093707661
ESIZEN	0.7626990105467533	-0.4728302117914234	-0.14341687130911562	0.07860920206642907	1.8644921299261172
ESUMIP	0.6757260656334623	-0.6856946126683242	0.13596829726087387	-0.041244256203293334	2.5227630975538817
ETIXIP	0.6033548092563477	0.38739831478470566	-0.18291298395357716	-0.03816579142404501	1.3659658582815783
EVIXEO	0.5217712035376434	-0.3839313225968607	0.17517336039180903	0.1545807131278448	2.118406843715589
EXIDUK	0.9586946666118452	-0.24943995287797138	-0.1884427031586514	-0.25183751253852993	2.0289561238690372
EXOKAE	0.7090708083081365	-0.1559798468938419	0.6863486562588965	-0.31204704869059985	3.6469598156307965
EYEMOK	0.7868374980986097	0.7533643697683716	0.003803355289170862	-0.08470692884314301	1.6337272785158055
EYENAX	0.5378996892222476	0.54384041243657	-0.0013512806319886245	-0.1472365639374621	1.5970026756895623
EYENEB	0.8160624995092798	0.6444461906579819	-0.13740227696207694	0.04908470117824765	1.4964996569126114
EYENIF	0.771294927540219	0.6732686778516278	-0.030470356315198708	-0.03807228132991072	1.593420149303433
EYEWEK	0.8922670769959158	0.37355449938996205	-0.003923048125188906	-0.07841387189494163	1.8785733737696915
EYUQOG	0.5940459329344829	-0.3938021442595119	-0.7609403352004933	0.22749802985569229	0.867411750349877
EYURAT	0.6708989788423816	-0.4115395130312225	-0.6989868362774816	0.15529819733167935	0.9938577519200832
EYUREX	0.6369532615261573	-0.386314347484559	-0.7623927904679584	0.22060327188543716	0.9022810994553403
EYUROH	0.5696690126769681	-0.29492269515863634	-0.6369224714459083	0.1501720164477294	0.9633494365776688
EYUTAV	0.9156084534678612	-0.4030966486373413	-0.016704780546676637	-0.17712739574338288	2.3336558657428523
EZILIJ	0.5141470722189405	0.13279427233420144	-0.07509558235733693	0.2435781428662639	1.4851645676175138
FAFSEN	0.6659551496162317	-0.48253509567299396	-0.40513093781707843	0.08960306548341099	1.288711718755751
FAHLAE	1.0334379477320672	-0.5916337675673127	-0.17954177337547736	-0.3276824698256524	2.4364042359929057
FAJVES	0.18028088392716324	-0.0912225405154542	0.029186712313607782	0.21745400350201416	1.437641547105871
FAJVIW	0.3575429149156224	-0.0024898261460470257	0.14735638233029788	0.04624710301498605	1.7893164890351576
FAJVOC	0.24557488680373574	-0.04624522369177228	-0.10602397806637034	0.1492787213857783	1.2640705009214397
FAJWAP	0.4464016830668385	0.0861780350329989	0.14675068872781127	0.09432281754407029	1.8274355718925217
FALXAV	1.0086170513727417	-0.5594239161851915	-0.03326744176719573	-0.154802664653073	2.599730773997486
FALXEZ	1.007969958369607	-0.5588940510116562	-0.035702179923403986	-0.15523083636074822	2.592833876291536
FALXID	1.0082006247277517	-0.559767214986308	-0.03159877746241074	-0.1540723511987257	2.6020209398996723
FALYAW	1.00565409848649	-0.5598485750165246	-0.03841536398576345	-0.15801503308810794	2.590627594354809
FAQFOT	0.9273830565866339	-0.4514208637098924	-0.25467460067339687	-0.08246407932710705	1.9486456217149462
FATQIB	1.5546803721844373	-0.37699207061958634	0.191834606673216	-0.3396881714777601	3.8759935192833366
FAVTOL	0.7021913988142314	-0.4881264226448742	-0.045578073005173	-0.026121151290749364	1.9813816256968817
FAYLUP	0.2525888703171444	0.17984023817513833	0.2618240060193304	0.34432809063915576	1.7096230545359612
FAYMAW	0.43061112276854363	0.33476010532995504	-0.04182696353229431	0.18739491870881037	1.3408070137241739
FAYMEA	0.4706911403177032	0.2971447058158323	0.041199208765820505	0.10752549485282592	1.5063941192599466
FAYMOK	0.46432150763428437	0.11582592287105269	0.28513305303366127	0.028123235684241868	2.039091653307008
FAYMUQ	0.45104856151927875	0.052423607743071615	0.2504528720904198	0.05436699987755744	1.9522753118921659
FAYNAX	0.42352796018262007	0.2516347006780447	0.12255941723754696	0.10468852936547107	1.6365058543779
FAZTIK	0.3923010848909665	0.22152208593225897	0.20285345583261344	0.09235189991832696	1.8133650531214616
FAZVEJ	0.8843695571535282	0.6748606308033336	-0.1207199525111658	0.032333498533714575	1.5756767061343333
FECLEF	0.33400498660058187	0.3432151849082696	-0.13550778769726746	0.1401524526138218	1.1229684996212508
FECLIJ	0.3122071413681895	0.2965791702754625	-0.07928518629993585	0.16672247469275633	1.186680511604687
FEFYAQ	0.769217165491046	-0.05835699163693242	0.07481292423818606	0.04552664116795738	2.090344420087546
FEFYEU	0.8347015550857888	0.12756643082787816	-0.0906675203565681	0.15067672752985023	1.736586138455758
FEGSUI	0.6266060381960168	0.2461127520766887	-0.0807118224774524	0.1875819051442244	1.637408492506638
FEHHAB	0.7492788881011991	0.6682048692085877	-0.06137495124936919	-0.0019121929250019015	1.5187408252123582
FEHKOT	0.2933419659115244	0.24035253565019507	0.2192504969810155	0.396095551380701	1.6558328511666012
FEHKOW	0.9579565448933458	-0.5875323751288305	-0.026569560463438273	-0.12689816503754678	2.529687458176573
FEHKUC	0.9503093096125053	-0.5922128642963156	-0.04111827398674247	-0.11797749083712689	2.4790659095386114
FEHKUZ	0.34307551836113426	0.25438124017695096	0.1985150446351235	0.4028156946953369	1.655005350703056
FEHLAG	0.2510292686995479	0.2286408668721543	0.24830662396265557	0.3805107497005191	1.644901757880434
FEHLEK	0.3303781105395909	0.3239962686131256	0.2812072192071832	0.37012718341416445	1.77172216858081
FEHLIO	0.42536951120592326	0.42957995371868646	0.16603998161597425	0.18780033547990377	1.6350765227386908
FENMIX	1.1021737796404025	-0.15058232838596206	-0.13428895495177884	-0.4408553837077893	2.6706473930211403
FENSOI	0.9114309844077111	0.7437783701026628	-0.22556440243729606	0.07909040914854823	1.406629600078964
FESROK	0.591768297128235	0.3470475309034571	-0.12244142524899365	-0.06770492899423415	1.425368419101346
FEVXUA	0.9077187436050291	-0.5129200583283708	-0.3919339416958116	-0.13257827077845508	1.5588927151776162
FEZTUA	0.7557694016325591	-0.6693961435276178	0.14746824498813324	0.09168827493105797	2.615792886454627
FIBHUT	0.7342940223044421	0.5383351817034487	-0.1394152865231805	0.10510727358524935	1.434556648592848
FIDVIY	0.5726824493473526	-0.7568887187885269	-0.15903431836126167	0.07827654491009778	1.7540466257022855
FIFYAX	0.6727612475616569	0.3027074745531962	0.17641576174128512	-0.040726172214605366	2.04098490667092
FIKBAD	0.8805204982878001	0.7313711989304418	-0.06676413446216596	-0.02348974181424441	1.677859772067831
FIKBIL	0.8351261326339339	0.7384671522777464	-0.05913197920825329	-0.024328467538531545	1.6027247319046176
FIKNIY	0.979736398686331	-0.4885297979227427	0.14908683327503366	-0.042232114176743246	2.8255359913067304
FIKNOE	1.0903694090108198	-0.4385470179003369	-0.21888317237487045	-0.16240157194548593	2.1531829107653837
FIKNUK	1.0065147735424151	-0.36516929857653546	-0.3639573366629724	-0.1259168296695125	1.8137251441476008
FILSIE	0.8881692735600781	-0.5371438707442633	-0.1990708175503116	0.04790511635738762	1.939928751977073
FITDER	0.9457621415594293	-0.1154808715385923	-0.37838455553551237	-0.1329653038204721	1.6555017258154368
FIXGUP	1.1973271173542601	-0.5014686854411181	0.3363184160914541	-0.34465707569522797	3.8540760493797204
FIXHAW	1.231460891262965	-0.20301132536621255	0.5521674398034064	-0.37570557269546945	3.9462557966887752
FIZQEL	0.8810858568373945	0.2302216027899101	-0.10096794431064535	-0.4622942600842472	2.00783358960897
FIZQIP	0.8132596127592802	-0.3282662109220954	0.02735141573358875	-0.037729310670041295	2.2339445653935845
FOHXIK	0.7873114514773301	-0.12454926832140506	-0.17069173371156707	-0.03873089218622564	1.8441965588591882
FOLWUB	0.4434595984960823	-0.7387116145802565	0.4202846516732423	-0.03431862723695011	2.862414015247587
FOMNEC	0.7484168654737937	0.48852441740152586	-0.17048102695655637	-0.15830474156938895	1.5025943279396063
FOPCAR	0.4474388163248961	0.41772997269995094	-0.3746350320060642	0.07688321593750927	0.9727391094009711
FORSEK	0.7348829399016239	-0.1329437170623208	-0.018750459224438285	0.12331747093566084	1.8965626058580631
FOTDUO	0.8341241866226499	0.6843430831746293	-0.1476661007889556	0.05748658244277427	1.4734447956107042
FOVTAO	0.7140762424373248	-0.5453192236653368	-0.10970203690920907	-0.03770438631632326	1.9088426501061833
FOVTOC	0.7152694342414438	-0.5466347580057105	-0.11380726067323517	-0.03864437326163458	1.9126916534497984
FOZPOA	0.6409542031147604	0.40549285662419693	-0.2251644486444952	-0.09749897843584286	1.3980548628763678
FUHKUQ	0.5841262826438998	-0.5574994531168457	-0.3728857321407379	0.11352489685272649	1.3164861977011109
FUJROU	0.7594701684622143	-0.31846107190756906	0.24742457675063306	0.014222380820307995	2.4710829495634963
FULKAY	0.48843140368988625	0.17092622900228643	0.23164052578246214	-0.18162167978547294	2.1656667126136653
FUPDEA	0.7905182899959673	0.6618516720423917	-0.14764352154081684	0.0794199717131509	1.4105372825125249
FUPDIE	0.8488973147275631	0.7019849797630534	-0.21056174989700416	0.11390009259536654	1.3899207777621347
FUPDOK	0.7693040365739865	0.6509649480270093	-0.1709878853708873	0.10187301135250948	1.3750486615341169
FUPDUQ	0.7712275569259974	0.6544883510280185	-0.15739019309138794	0.0927584384042229	1.4017976715688718
FUWGAF	0.7012937626073033	-0.485190540555008	-0.04438360106157455	-0.002189897490990661	1.997019051369984
FUWREV	0.9890490300275152	-0.5791765516812685	-0.02060057287024715	-0.2800856048578389	2.5896453893741653
FUYPUM	0.8871276172795861	-0.13510702284658563	-0.4181517560174968	-0.12806761052297577	1.4932422870703586
FUYRIC	0.25328411828434527	0.2043491267392454	0.24866899993571978	0.34760481100062046	1.6848024094314398
FUZGEM	0.47272355202762073	0.3423317290433679	0.40808822250529886	0.38876834186835096	2.1986641237334292
GALFII	0.9317656193496724	0.2845731478836571	-0.32591439681335505	0.23385638479409093	1.4285929784852613
GALFOO	1.0380814666242344	0.3519404070248654	-0.056172911661561235	0.03476885805741131	1.97639536008613
GAQFEJ	0.5463885067786696	-0.4967739602236655	-0.13663657689815295	0.03678689222719127	1.7050695706251355
GARYOO	0.5179070473972622	0.497083498710415	-0.188947351229224	0.13597348557930336	1.1978950253439922
GAVJIZ	0.5971117907406471	-0.5458643762501765	0.49872383127833303	0.0912917031707004	3.108551197948401
GAVJOF	0.42478852252893606	-0.6597018626986053	0.44900318550688506	-0.1888324359226224	2.8964806376261887
GAYMAU	0.46092245622988637	-0.6884495752939314	-0.1859109170999914	0.3949711869042151	1.3849568903231473
GAYXAF	0.23733252576171848	0.9194701995547326	-0.533526095546624	0.1400738061733781	0.5856554751378691
GEBBUK	0.884945965256084	0.3576199773372226	-0.08232310058424308	0.02407655283304408	1.7305281199604767
GEBJAA	0.9424726564024981	0.5227817521051193	0.2538040308532269	-0.05257901015976882	2.367058716451746
GEDHEE	0.6365645336554966	0.42210012322759793	0.12863112147371783	-0.23742449738831853	2.0347986867461154
GEDHII	0.6761773139438789	0.4380454592761237	0.04183145621535346	-0.17628105747547468	1.9127384583129945
GEDMOR	0.36396522199984416	-0.006978376126348046	-0.017857534325814613	0.2396920439839199	1.4540859507131887
GEFGUW	0.3107753565163356	-0.7874547206725329	-0.3291231537799287	0.22653920822128443	1.1976828612655634
GEGLIP	0.7244900487217567	0.4333979641316065	0.08646562496051088	-0.15928161160046805	1.9696711524388837
GEGLOV	0.7322579886720844	0.4425197228371452	0.0687362476292165	-0.15983983320799058	1.9459201493897595
GEGLUB	0.7700930151602279	0.10706697151551475	-0.16637037835376978	-0.007335522841511621	1.6646275608873558
GEGMAI	0.578363089717743	0.44581819588757376	-0.20290179234657432	0.05165170302481717	1.3631727277794432
GEGNAJ	0.45479569022106103	0.06789110053303032	-0.27163597216779367	0.24025596218383133	1.1745670837778572
GEGROZ	0.5378714800498847	0.7254451869917513	-0.25201985690382744	0.02794168517267745	1.0919538196496885
GEMZON	0.3831179678314274	0.08392873019911865	0.3964783218038403	0.12063330259583865	2.261133400755619
GENBUW	0.35604187993153413	-0.015191363600395986	0.31162751551759066	0.0844267880345011	2.075792683472896
GEQLUJ	0.19623006822124145	0.1859295326519623	0.007920251084028447	0.3150522495620174	1.278943755576427
GEQNIA	0.9213635334652315	0.5739000083357664	-0.1450610236799186	-0.045377629805109204	1.6556094059724984
GEVGUJ	0.6323579204153518	0.5606625289591864	0.3846038651026027	-0.35862924025772425	2.264429564903807
GEXKUR	0.8332392649301195	0.6767390141562784	-0.13273765077925667	0.048982491500082215	1.4821484263933105
GEXLAY	0.8429047727631289	0.681086770721342	-0.14684939335902913	0.05613097458852184	1.4728589164658177
GIBDOM	0.9024757075790673	-0.61367407967138	0.14699551400687477	-0.05580796121195179	2.8174226269059544
GIBDUS	0.9970896342915943	-0.49500838702113953	-0.25850815690622536	0.1231250743039139	1.8632697654410861
GICDAA	0.908473047116269	-0.614063177577829	0.19142305331282464	-0.05448061098143635	2.938533419979529
GIFPEQ	0.3466102027826028	0.23860754634621448	-0.3769222812145187	0.26781804309351476	0.8774685283477354
GIHVAX	0.6801316581740338	-0.1636028520583699	0.5083296354182947	-0.04936682525024566	2.9510233661309826
GIMFOY	1.0829771505870998	-0.3023511618736054	-0.23553012032928808	-0.12814205436365259	2.020449109562924
GIMMUK	0.6648616907258376	0.45160955937221625	-0.23552130268422905	0.04209522740152019	1.2796891738945972
GIMXIK	0.7604240699970344	-0.39717491483381856	0.046516643433680366	-0.21202210097680577	2.6412919076616315
GIPHUM	0.5904319756332255	0.38770879800990116	-0.06386322502719358	-0.09093862677804845	1.5633685634605858
GISHIZ	0.5947850124958638	-0.35466974545863156	-0.3981121325414076	-0.021057251614975	1.3357847329305468
GISJAT	0.8076392919712063	-0.4902696447857757	0.3009318054109227	0.0018206973300854135	2.8155966406732196
GISJEX	0.6875979622915631	-0.21493559427211767	-0.3112676860282668	-0.04342874802659728	1.457963059009078
GISXAK	0.8094537324630906	-0.4758043777461831	-0.13811057889574474	0.004004942499721317	1.9401022226828468
GISXEO	0.6652085602660778	-0.5472036829700082	-0.3001314176551685	0.16580412543201176	1.4331057278953874
GISXIS	0.8852083137815754	-0.4620216778542133	-0.12338710799649906	-0.004421923917463988	2.022303021077095
GISXOY	0.6681592289757905	-0.45078829240643875	-0.3010687778089784	0.04867449657571796	1.4668013233786652
GIVJUS	0.9493169606964038	0.3229202439388301	0.031116784293791097	0.031573140313221004	1.9839064524099028
GIXRIO	0.8542998051704336	0.36079946640788685	0.03986034624390512	0.048809335516079244	1.8615407899223466
GOBQAT	0.7520198294982725	0.6087769739479142	-0.18892530877655747	0.10761344188667424	1.314141956950086
GOBQEX	0.7522900428553232	0.6089027960706416	-0.1894241008757954	0.10675749055811798	1.312914176261334
GOBQIB	0.7518678924043405	0.6075654372948912	-0.19008831786945382	0.10932107820425194	1.3119986844219342
GOCCEK	0.7933301050455741	0.613861646393513	-0.032104316949873105	-0.14759994152143188	1.7973695990797687
GOCCIO	0.8529531116083344	0.6426980376878639	-0.023561290682803698	-0.16876202442798063	1.8622440894231813
GOCCOU	0.8655248399089714	0.5634822508838163	-0.033613996061637695	-0.2025395500897631	1.8852341387332898
GOCROJ	0.8146567603914798	0.36363203690293355	0.04534988138120097	0.04126731615369324	1.8589135915360966
GODRIB	0.6245941520249927	-0.6994533597616237	-0.18422378188772953	0.1079083272107183	1.6306735401193966
GOGCOV	0.2815255766146616	-0.3394045413954764	-0.48663069242632145	-0.07602336311933594	1.1979127668281346
GOHSOL	0.40620942157433104	0.6245538675127198	-0.28979662367629555	0.11452492649953222	0.9773663235253633
GOHSUR	0.5235710274207537	0.6993408021110497	-0.29820822884542425	0.07604036590554492	1.037185365580752
GOJDOB	1.0356398265802866	-0.5876615896476152	-0.2491840722139987	-0.1747620344221219	2.2168024659104257
GOJTOO	0.4015903075695091	0.05473689080690556	0.2726298264779354	0.059073867282912446	1.997389340074804
GOJVAC	0.507059410844918	0.14748687860575133	0.04339809822733742	0.1939778366829238	1.604490840819658
GOMREH	0.21309514144149855	0.7280031594788346	-0.3660135382005183	0.10073841958799609	0.7496955312880558
GOQLUT	0.9329371892074674	0.9225538192595933	-0.07104467268291885	-0.10390079453075837	1.6251001232351312
GOQMAA	0.8208252208240783	0.8217282305907212	-0.11928230556021066	-0.042519839889412346	1.5114978695833536
GORHED	0.9279765572788738	-0.4653135773495633	0.047288081565884016	-0.15195699914645738	2.54496888939072
GORHIH	0.7781786382601208	-0.43791013189547	-0.2179354565031317	-0.08925761333060335	1.8252037666092367
GORYER	0.5508126054594875	-0.4715742802511875	-0.34464871099939454	0.47960521779608395	1.246296912016152
GOTCAW	0.4345941221130931	0.13010263406986347	0.04837017649548592	0.14757846576411515	1.6162832957786104
GOTQIR	0.5305701517062804	-0.3695095051518182	-0.7011202905042149	0.039963113031753844	1.0836024976497516
GOTQOX	0.5307662781782336	-0.3696185879358619	-0.7010442396475305	0.039140784351966704	1.0847060071796686
GOTQUD	0.5305706213125361	-0.3697935265520383	-0.7014328376812868	0.03811716814509945	1.0856801694515688
GOTTOY	0.5568361872205978	-0.5036872398002004	-0.12007350540836058	0.3449496082718854	1.6389046981031203
GOWSUI	0.4163043563538924	-0.43857495934989604	-0.19590967413710259	0.09550950241233522	1.378897060043633
GOWWOE	0.8524983955836083	0.6368813341994572	0.10139693038286743	-0.09979152179595852	1.8534313151589101
GUGBOB	0.09353663748331442	-0.36972392907132895	-0.4689283659101774	0.9027784649665302	0.9086926402834978
GUGBUH	0.4580252148260606	-0.1079556885697146	-0.261570390666657	0.5976656185841009	1.225096816741457
GUGDOB	0.6028275931013392	-0.4058042605947561	-0.5623559573765988	0.1101304621087836	1.055929386493843
GUHJEY	0.7813319124165794	-0.6024600338857646	0.19160485368487748	0.044746251243829666	2.70661564803949
GUSDEE	0.43442340907807564	0.7384123604405708	-0.2137095041566637	0.05747563063715766	1.0228672265483558
GUTKUE	0.4724841730921856	-0.6476351420305699	-0.267554542509566	0.11572932275739631	1.4102768863334552
GUVHAJ	0.5016076915777035	0.10306209526522402	-0.031640030815670635	0.29578410223258	1.5495507617214153
GUVMUH	0.7071155992024076	0.3473269021195098	0.03997142563279066	-0.23385577025856966	1.914177733341615
GUVNAO	0.704906175779807	0.3304581424073354	0.09991711315538215	-0.24831106871237338	2.045116348718376
HABXUF	0.6593321827907221	-0.6917024038502831	0.09856460249408414	-0.003108677781663627	2.432939816057492
HAKMUF	0.7722054164548116	-0.2843001818245824	-0.41907003955065686	-0.05074931774060304	1.494558928597003
HAMHEI	0.8968432372710735	-0.3396847804024801	0.11517674462063379	-0.35390258071878705	2.823866757704758
HAPMIY	1.0270948168190595	-0.6777306038969313	0.001241301848939079	-0.1485502146364559	2.7508416030597442
HAPMOE	0.9808712612554524	-0.6906483000446502	-0.02182857600619255	-0.1361022459386858	2.629051516979465
HAPNIZ	1.0141963904881184	-0.5479541152232356	-0.05103682240285512	-0.15444400445598216	2.545626775705896
HAPNOF	0.9647372918080794	-0.6529201717069304	0.04164003768998477	-0.14266921399535848	2.7468018370899037
HAPPAP	0.41806801227386403	0.6319950476431573	-0.467647025667258	0.15944097991629552	0.7806005394017193
HAPPAT	1.0136570080853717	-0.5479595383485311	-0.05275978809576508	-0.15528848168613202	2.542232568177692
HAPSAS	0.8744712245681026	0.7429166628312436	-0.20007249627619486	0.06958439084885595	1.425364471548792
HARJIT	0.639635345583458	-0.6103801814435422	-0.3598905880611301	0.26420954393438983	1.359797928871894
HARTUP	0.7025364829442253	0.3573680885540209	0.06990047611270171	-0.25644804072703575	1.9624468093015968
HATMUL	0.40588422902708254	0.011942903695297512	0.2112796772009657	-0.07716248491658191	1.9821706154588439
HATNAS	0.4282535692276399	0.3147538995725812	0.13284451847036144	0.07707602756798487	1.6711437819309634
HATNEW	0.42128514170552034	0.06608865020215678	0.308595419926524	0.08098566793772496	2.0773463945353754
HATNOG	0.6181836520807522	0.10565295711886159	0.13305478195723286	0.08021647162246434	2.0202597180074227
HATNUM	0.5578929614100856	-0.016437410805478135	0.04943476338691205	0.07748676200403218	1.8981984862941004
HATPAU	0.6453447812848765	-0.07842081141337062	0.24630456282628682	-0.07249018516056889	2.3497692747053076
HAWNOK	0.6131964157037366	0.30554812351718275	0.02368262180416711	-0.15968560448460598	1.6917190571146987
HAWNUQ	0.7730554240190415	0.449455223194508	0.0035504534569045787	-0.24316180140077645	1.925537777736803
HAXYOV	0.13618849283797996	-0.5393624111337004	-0.5143245522011011	0.504836818062913	0.8317408840985598
HAZVOV	0.6225250833355052	0.4339163595605982	-0.07305910120540404	-0.07723102850411047	1.6289940284910482
HEFGAE	0.22571623775637661	-0.3430089221224414	0.43901054224867114	0.09640753301096008	2.4952865739646217
HEFTEU	0.4771874542030621	-0.11668986118485049	0.641389614323393	0.029041158291865335	2.9532033947788383
HEFTEV	0.15983133460994647	0.010262899414764425	0.010920925291748283	0.20167328847385152	1.3387443257492628
HEFTIY	0.47770062769888266	-0.10938934649728481	0.6378984748221774	0.0318044030888492	2.9482182319343146
HEHVEV	0.8674731063628398	-0.6013579643019109	0.18556653980750587	-0.05879017714492231	2.8441937069976495
HELHEP	0.7321921592469725	-0.7597099878309223	-0.14266916623864806	-0.11081765976452651	2.1091944097457325
HENTUS	0.659899467083406	0.42686981088390513	0.03471020969804142	-0.18416621411844925	1.8581059161899214
HEPSIE	0.7740362541803094	0.7774842170288845	0.4019695760267111	-0.1879133050452181	2.4613909108600627
HEPSOK	0.848374426735873	0.7695403997465521	0.012673801716247948	-0.05789278999603502	1.7550044317538456
HEQQOK	0.792897810281409	0.7598204150458571	0.040811540169896174	-0.10062081583677471	1.721787368827945
HEQXEJ	0.6503714700632104	0.05301464927056878	0.19154600318669573	-0.05941818194325761	2.224662502115266
HERDEO	0.8963916526266731	-0.4537614907151718	0.01330545671355226	-0.007126474499361629	2.3495200293809435
HETDIX	0.46742824184739096	0.22270956702700134	0.18066676327698844	0.100108625093181	1.8038103833479773
HETNID	0.7358137224006516	0.6827833853059049	-0.009535004518200406	-0.02740652586225646	1.639756447852919
HETRUU	0.917747702704772	-0.5072675395784122	-0.22190376672023557	-0.12535102137089524	2.123721587383235
HEVDEU	0.21164378491200475	0.1226627821142727	0.03076261169359211	0.29036616934572795	1.3252266422597518
HEVKOL	0.9260738476739077	0.29948308780841837	0.23555363362287168	0.04442063894928554	2.289526396402227
HEXMNC	0.7507659732688383	0.6736715697898331	-0.012673447202944846	-0.03634135216009504	1.6431007326385425
HEYDAS	0.7651165145349959	0.2672817629938321	0.08359037145505438	-0.15668318144735102	2.140624814048049
HEYDEW	0.7329314061944334	0.35858263089380843	-0.05897306386395809	-0.17620004380962673	1.764047880246515
HEYTUE	0.8385942176564836	0.35577344213109374	0.09962900634457306	0.005021251859603004	1.9906821764457692
HIDBOM	0.8691663703168908	0.8193271725275294	0.20559512630574353	-0.18869299363926165	2.0894406701427526
HIDCEF	0.8798542976994117	0.7066138381325485	-0.09309322372612755	0.020607228208198783	1.6047317508287078
HIFFUY	0.6688092375400405	-0.5405525531611308	0.03699703976797182	0.03653610095998386	2.2365881553240943
HIGRIY	0.8404166049350046	0.6871790131357346	-0.16620606910145724	0.08589942237366305	1.4456569268249173
HIGVOM	0.5963996807054919	-0.08190361281688047	0.4383926290735591	-0.0018711773720315183	2.7408934533006
HIJHEN	0.9220778144592572	0.39504283094617015	0.1728584478922363	-0.08460609955848088	2.243655188645956
HIKSOK	0.942139184833592	-0.45111442926870526	-0.32653683101695513	-0.14483069979722815	1.8092535775456882
HIKSUQ	0.938392274689213	-0.480295696386995	-0.27714990880952406	-0.18776849619286268	1.9727852184600234
HIKTAX	0.9193752663139865	-0.6530536982107372	0.2810055905136494	-0.10479635041433849	3.1168794646885796
HILGUF	0.9147088312851741	-0.5958462695854626	0.17140432832845431	-0.055137497734036076	2.890466206758367
HIQKAU	0.7737551206230497	-0.6062988512220912	-0.10231919319065794	-0.07912726212263782	2.3676927731658153
HIQWEN	0.9925121704618896	-0.5718889344618866	-0.028811241979137137	-0.14813378860382242	2.5846213871882653
HIQWUD	0.9564584326027461	-0.5688623447856025	-0.08258380368521415	-0.14982473254728054	2.4244808621305523
HIQXIS	0.9896601903173297	-0.5797137597317457	-0.010308667744243667	-0.1606136768369375	2.634157607932435
HIQXOV	0.6962432032499253	-0.6809419274667385	0.19605194311512317	0.045477928708158255	2.6391376813063188
HIVCOH	0.7519366554085787	0.6079113568295584	-0.18894668156803335	0.1080019702825506	1.314203271435197
HIVCUN	0.7510864239726827	0.614563092955732	-0.18733668052457692	0.10482065918924627	1.3146188400647794
HIVDAU	0.7570910904611843	0.6475502075760424	-0.21542322008703427	0.13189047595143827	1.3190849676295642
HIVDIC	0.7520931102886195	0.6074557711984779	-0.19076040200627736	0.10796983517721098	1.311040455874783
HIVFAW	0.7521836395748069	0.6091348274144497	-0.18849296392106832	0.10749933254416133	1.3144207892485227
HIVFEA	0.7523794720132599	0.6070007132678028	-0.1881373847888422	0.10777945046433018	1.31576843712732
HIZHOR	0.4373393008026505	0.1752956089566729	0.007815782332152167	-0.07877309349838288	1.514747455204215
HOBSEA	0.720505918543207	0.15213138029708875	-0.1596587079647076	0.01051757959543434	1.5646540988773219
HOCREX	0.9790655570147893	-0.19074118222709466	-0.4581212517844603	-0.04253317347274773	1.537953502758485
HOGPUO	0.5437021438875722	0.2770508592616874	0.1812499555736993	0.20567117481034441	1.8096803606905612
HOGRAZ	0.8115321388276797	-0.8856829718152278	-0.6882754562419537	0.4277866404750658	1.107684086803243
HOHFEP	0.5114096129629395	0.5430322896002161	0.11545407234421781	-0.03251477716418915	1.8457330755215318
HOLBAN	0.6935456728189493	-0.4081387591128131	-0.3591443499208719	-0.03331835255790037	1.533120469275299
HOLBEP	0.9507332961974146	-0.3233996818499928	0.10533476886850421	-0.004162119574589687	2.503953055923677
HOLBIT	0.8899807756339353	-0.4009691274806759	0.21021725240383515	0.12465829043440599	2.7926220892004734
HONVEN	-0.14201846783114558	-0.577592676477501	-0.6546267816516678	0.6721182111095088	0.6029752505123849
HOPQIN	0.3842788132345949	0.05325417882854809	-0.2231070357028159	0.10478481508910828	1.204201314220535
HOPYAP	0.9176364556868419	-0.5801741076886668	-0.07874790556710469	-0.08144568449173618	2.3147297405232408
HOPYIX	0.9189429144743473	-0.5815390565703834	-0.07859571902626958	-0.08363544838384605	2.3202759025201276
HOPYOD	0.9167078844307763	-0.5800895081292096	-0.06941168452329857	-0.08891046443633517	2.3427768168914973
HUCMAU	0.9043897882308629	-0.6238366433367108	-0.01959106738856803	-0.05848288434589266	2.4045301420622693
HUJVOA	0.7504003057721143	-0.4863508256834118	0.3205254239648814	0.07072122321077376	2.9296114124819184
HUNHII	0.60902073131939	-0.006642811124963831	0.21725618870103053	0.07337129357814962	2.1637243063101
HUNHUU	0.6062348807970634	0.14597548062580154	0.3843573445960994	0.021510078824783216	2.3898425775244236
HUQSAN	0.8569766596573665	0.28924475372760106	0.4138074566417477	-0.15735974300810857	2.830920243532796
HUWTEA	0.6820225602486936	-0.5640876879085177	-0.11743427995218991	0.01108229270595576	1.8594869093940691
IBEWET	0.8425765663289955	-0.3469466205597802	-0.19262902150003336	-0.2222769950749107	1.9643542987957898
IBUKEZ	0.8415092259114303	0.3131777592940657	0.0825310039845567	0.017437506001756087	1.990248567158655
IBUKID	0.9862446395265394	0.4308693268878808	0.042492107877632745	0.04132839013941532	1.9751983942857323
IBUKOJ	0.9816234645351996	0.4107611204674449	0.05071900589724797	0.04184504243596564	2.0029469606898918
IBULAW	0.7254743396658476	-0.04010701204193493	0.2893209749662598	0.0225302040594553	2.4734157313143053
ICASEN	0.9672406821372501	0.26783672549127635	-0.1254181708595669	-0.0017146017595072033	1.8003402884022204
ICASOX	0.8089225310027519	0.05700910412286531	-0.10755400201317966	0.15833797158704171	1.6874864102456697
ICEHUT	0.622218562257558	0.27611409122551855	0.1688859506355558	-0.0701406485543261	1.9259014554032987
ICUMIC	0.828558378341473	0.38905751434274083	-0.015927698617465253	0.03135194985397832	1.7863480973403338
ICUNOL	0.9294716007429171	-0.598155208053402	0.17730987965703096	-0.0509789314397899	2.9347405532296555
ICUXOV	0.8535934455543046	-0.5478303906270331	0.20915778158200293	-0.06016910536015026	2.822261290881396
ICUXUB	-0.43446115976339783	-0.48374163168070783	-0.4819555660745046	0.30480038953089567	0.47952936189838324
ICUYAI	0.8567148111220284	-0.7609646206986449	0.06573050602374314	0.006721964062106275	2.6185486811357537
ICUYIQ	0.8150859972756379	-0.5768436678704374	-0.2780290091757661	0.06638517773319502	1.748744188051722
IDODUA	1.0139959122500448	-0.45924201888308597	-0.2719495283861678	-0.2589787146581456	2.2357871466954276
IDOFAI	0.9954226868024261	-0.48399033517177453	-0.21865796592035883	-0.2568297084232255	2.329346652771055
IFASIV	0.6204559271977548	0.38400813844294535	0.2318596488171496	-0.11203595467448126	2.049143700770846
IFASOB	0.7234559752975063	0.3004371640583025	0.29794421057540527	-0.01633282785569136	2.2001547307805573
IFEWOH	0.8262014166746878	0.05090781425771574	-0.14467523194417442	0.25831305923861203	1.6943311986782748
IFEWUN	0.914664018203406	0.15592229981965824	-0.26768203844273053	0.2978846040998259	1.5254443918814569
IFEXAU	0.8617326607378004	0.3350582376709939	-0.0804705028962335	0.039378568270257305	1.718355085020574
IFEXEY	1.0196845088709443	0.49532370685544086	-0.20568445962955462	0.11927257278316553	1.6370314472719216
IFOBEO	0.6376806999152755	0.40218361190759877	0.1513801688504871	-0.0591658707669772	1.9001939484392603
IFOBIS	0.7382632459952516	0.23991363302401156	0.24615018610335104	-0.010419047417564692	2.2005110116335937
IFUKEA	1.1340894000506063	-0.3429936878645091	0.28491578746339963	-0.4735632181191775	3.545867887372192
IFUMOM	0.8797577247903474	-0.49693287734628966	-0.13615255278664543	-0.25192765046166987	2.0992226684934865
IGAMOS	0.9549601858624897	-0.6326457279622546	-0.01340910052610192	-0.1370630332010716	2.57562218931348
IGANAF	0.9845517544089777	-0.5736095152435552	-0.038552085393266496	-0.14595450109146238	2.5542897606914807
IGIKOB	0.8901374792310754	-0.16041948011100718	0.33341627435810856	-0.18807629520731772	2.9809505495609065
IGINAP	0.5846337747620547	-0.36683937090219476	-0.1359813346580402	0.07875808370458665	1.7697411459728871
IGULAY	0.765665263859101	-0.5472370836327832	-0.31133461169893134	-0.09089535880043251	1.7974435352067377
IGUWIR	0.7298469823676097	0.3251514752934846	0.007465870285247929	-0.09339112770776635	1.8452665058314457
IHABID	0.22487103357091254	0.19623846694361938	0.026589965957111703	0.2940801637217141	1.299298614443575
IHACUP	0.8802450072089458	-0.34093688825195095	-0.08801593124264082	-0.08157763235802849	2.155611992130593
IHALOT	0.5567547160287125	-0.42507818058853164	-0.09474116133715442	-0.24343673316066058	2.042742316964791
IHEBOP	0.9779000155888706	-0.0756975916899745	-0.4084241886584735	-0.16810346340890026	1.672993631589236
IHIGEN	0.6207554475847799	0.29626498618187175	-0.23465013365299237	-0.0050836635151187	1.3657881768539453
IJORUW	0.9074352046313114	-0.6152443743196568	0.18813677498036743	-0.05918817869459963	2.9355557368982907
IJUPAG	0.5444351281546962	-0.7240282932679042	-0.202720469017595	0.17439618489477882	1.5220834796115166
IJUPIO	0.545193771863711	-0.7454604709741659	-0.21743321543481917	0.1921963623376418	1.5177992970950047
IKAPUF	1.0866292228050254	0.46044660191403836	0.059131704237217836	-0.12973899045609677	2.2702337435716817
IKOFOG	0.5134357969590755	0.20545582805909457	-0.07025846452199068	0.05152188135101232	1.4416030673124014
IKOFUM	0.43237922027676845	0.14409443233190788	-0.1635028258859369	0.04870583394635766	1.3685941730042512
IKOGEX	0.32569252240400726	-0.01819089901971254	-0.1983296823325386	0.23959034423330638	1.218697835380747
ILOJIC	0.8736765358161351	-0.07542621889050721	-0.3194337320208554	-0.14177219905189684	1.7029203301194544
ILOKEZ	0.8035632473219341	-0.12950209667744572	-0.02422042495571732	-0.15124509769587835	2.0603923696434894
ILUSAM	0.4899115532938434	0.6062396752472584	-0.3019312531049211	0.038898394770047987	1.0246762553926396
IMOKAX	0.7226572157487166	0.85826969255906	0.5934936784671032	-0.15773730760447777	2.8413646759793822
IPELOE	1.058816013869171	0.49392517282534193	0.21023558798656927	-0.1681377340009298	2.480625347203805
IPIWEM	0.9844165070140338	-0.5735555627517527	-0.03685840000165737	-0.1448962470472595	2.5564754809418835
IPOROX	0.6860379671170946	0.312822047242958	0.10634284955218648	-0.06578105019531065	1.9063301134596686
IPORUD	0.6205975959014269	0.3220733255502543	-0.15224395310008443	-0.047238530485340186	1.4733672498409232
IPOSAK	0.6564882835456132	0.34008888740865273	-0.1586070076421152	-0.04581982640024451	1.49374320061502
IQOLUV	1.0088345534636733	-0.633749109114634	-0.11669910143142909	-0.1193956795870691	2.336058939519373
IQUCAA	0.8084940843292472	-0.2801642712178935	0.7688281062724247	0.04599843241330745	3.9111796852279745
IREQUR	0.3605134502559033	0.24235226200187984	-0.17611407820276484	0.17250623273249543	1.1778133784668872
IRIYAM	0.8620848490720636	0.30971530347360265	-0.018899304043000123	0.042242622533663746	1.831130986750047
IRIYEQ	0.8826416053499857	0.24347209155893595	0.09413667298706935	-0.0034846120174190642	2.0799022224133012
ISEXOW	0.4984380756898146	0.3230144341160444	-0.4961257205135215	0.27748706203291995	0.919556590591468
ISEXUC	0.47582517385059786	0.3594094859245427	-0.4283687770565945	0.226220857296637	0.9699785809390452
ISEYAJ	0.3923285699881034	0.3668244828866185	-0.5449780003674276	0.23787750176157368	0.7686465117624866
ISEYEN	0.46004264464976297	0.3729124739716503	-0.5014742654040159	0.23389453271779675	0.8567701979432332
ITALIB	0.9874777526082754	-0.62193369370577	0.249266837389097	-0.08644934944048999	3.225800687168671
ITEQOP	1.1136545175961663	-0.4657558129848156	0.4746295574744089	-0.3409253525490746	4.021020952546218
ITEREF	0.8227100739307716	-0.07813159262252269	-0.3449759703383459	-0.05614624702826928	1.551558189152897
ITIFUN	1.0060263627398198	-0.37709619667304306	-0.21256453848427503	-0.21541342956357645	2.080795971549346
ITIGUP	0.9607904401179699	-0.6062459395667664	-0.012926794725900647	-0.0847619982835118	2.4654112139831192
ITOYOH	0.7676388798424618	0.20712645350520842	0.21801563490213538	-0.020404830084670506	2.2040690073514915
IVETIO	0.9641323912705024	0.2646880474734155	-0.09184553657005498	0.10632729098386687	1.88945206694282
IVETOU	1.0354026778473226	0.3802455639466203	-0.09826226314329028	0.03834621863582463	1.8282516817884165
IVETUA	1.0354294535080975	0.5602914553333739	0.19816777415768297	-0.11938773854538162	2.320535981210946
IVUGUB	0.7845037686143526	-0.09521069865185791	-0.24972408964310333	-0.005522925594194691	1.6743709170866228
IWOHEH	0.9698594730764682	-0.6255965823859734	-0.2687251529303626	-0.14218015299295578	2.17244504577057
IWOTIY	0.677250427350514	0.33963113515278454	-0.2142678178582227	-0.10590265433807658	1.4009501539109812
IWUYII	0.9988348110028715	-0.29782574512376925	0.20839080231310025	-0.2915139039969728	2.961955967384129
IXUSAW	0.9414208617639979	-0.5614811684320742	-0.3693359905852374	-0.0943952731675696	1.805995483850578
IXUSOK	0.950903620979199	-0.5602536716264587	-0.38929468490398433	-0.11871665134121312	1.7903573355512008
IXUSUQ	0.9542287017594777	-0.5600378680498058	-0.3889695018197741	-0.1210079588393248	1.7961290304704525
IZEVUF	0.9111828744350525	-0.24860500065794996	-0.4427244507427355	-0.13372664736591555	1.5913574827638097
JARHEP	0.5216268635459036	0.2530546141457351	0.21395115851521246	0.1251997109467974	1.9563201046859762
JATCIQ	0.9610989019303604	-0.6036655070916234	-0.018509329892761005	-0.08635798758789251	2.4665060045735343
JATDAJ	0.9603035614657074	-0.407048866858097	0.022341155174366176	-0.016276897666109486	2.401549519087785
JATDOX	0.953794595270824	-0.4101041630976063	0.039527484454365575	-0.02954122391065285	2.4372437900903847
JATFEP	1.1213832828875567	-0.5568227664457422	-0.001958932584201524	-0.18326367036866884	2.7893885073848543
JATJOD	0.9507417190689074	-0.40160674722415535	0.041302305306422246	-0.01649952512646452	2.4099157425789235
JATKAQ	0.8549070652462074	-0.6542966955797248	-0.02577588483506739	-0.08820279641800126	2.386113842302843
JATMOH	0.7918846294171331	0.5461323205872716	0.03971964588362724	0.23468201826033513	1.8112085181566302
JAVBOY	0.3780549791871577	0.11921143187159493	0.01038667526432966	0.18768397962824612	1.5382063388077563
JAVBUE	0.567329777836659	0.4737519776283507	-0.15748355347323667	-0.042542277505554775	1.3583992843753752
JAVCAL	0.6091505771153463	0.3119801337155423	-0.002354341528151234	-0.16201772312969775	1.7677111430730783
JAWDAN	0.8529059202917892	-0.4365357984915154	0.07207090291734088	-0.05234846031737891	2.5608370841538086
JAXNAX	0.5749797349664121	0.8248706505672125	-0.15563471037544013	-0.062322410641778264	1.1550060571783916
JAXNEB	0.5051525122704699	0.5290308070235108	-0.24983015743179848	-0.025208381139008758	1.0586310679683346
JAXNIF	0.420773835727279	0.501123233000554	-0.503434536161447	0.09769137062648844	0.8129971129173821
JAXNOL	0.46461082467631476	0.5043188281903471	-0.4736991824152124	0.06811949259453234	0.8832384979664014
JAXNUR	0.46652225283157067	0.473310293401474	-0.48038951437712857	0.07408887396371852	0.8844286398105848
JAXPAZ	0.5157685942655639	0.5212975203572988	-0.5942838030534643	0.2021824119003776	0.7832344697775394
JEFWIA	0.985488216192886	-0.6120636665481279	-0.11960090044532669	-0.14052321949583146	2.42183887182774
JEGROF	0.5126320382200968	-0.5290630345314727	-0.5484010193651148	0.10799479591380629	1.0771611202482374
JEKSOH	0.3831728264451173	0.14492178855153082	0.1779447212178526	0.00017207126660247207	1.6801815961897468
JERTOP	0.7291099422515286	0.6703234959794171	-0.15524876840999627	0.06570709877069661	1.4156514922889674
JERTUV	0.7162229030766394	0.26215888635339674	0.219063125216723	-0.054891222086943706	2.162265511498431
JESWIN	0.7648030890584483	0.644646287661013	0.1583831504918242	0.12645190374690476	1.8782175542654964
JEVJAZ	0.7032950128820756	0.2605970187971395	0.07234526245716118	-0.0734508407402353	1.7934678000790467
JIMBOW	1.00830160510671	0.4235488401973668	-0.0934426613683704	-0.01221596306396834	1.8415840511717856
JIMGUH	0.9664395530531786	0.2959282968585381	0.15443451595213695	-0.07610842546862313	2.3283448708438725
JINYIR	0.47885555654793155	0.6117538083916606	-0.06817400410486936	0.21697602603536204	1.2117411295570095
JINYOX	0.4059349908744774	0.5718129984701529	-0.026699530719569247	0.18311675620404383	1.2119878547961611
JIPHEY	0.4348300271024006	0.6060387029528311	-0.07767469163940117	0.23149442235339307	1.1833774197785707
JISHAV	0.5765115144493311	-0.33893373474042837	0.06863813644050991	0.19965932986891738	1.9455525205339812
JITGUR	0.4879867698623377	0.5191389514089577	-0.2769428346418654	-0.001607633114274809	1.1022924213575407
JITHON	0.5417031146826434	0.46495644567885713	-0.21387261435955932	-0.045886073127651986	1.3433271560925781
JITJAB	0.5252483081132495	0.4822026244537325	-0.3041237060332325	0.012608847156425906	1.1703136639858367
JITJIJ	0.545870064928828	0.4877017163554975	-0.24689276745720584	-0.02671736649793801	1.2700864124996851
JIYSOZ	0.852694579862832	-0.5497942739856728	-0.17982410362700496	-0.10651717074959059	1.9542197506392394
JOCGOZ	0.7238202641755356	0.2671302917499354	0.21938549080375847	-0.2200135502232061	2.25515092415484
JODPAW	1.0041520919108509	0.3746323952309708	0.07433925028637375	-0.10891734801861708	2.1858004575468137
JOGLEX	0.7755937039833238	0.6673787664550325	-0.175520751199339	0.07130087071755489	1.384603509526039
JOHPAY	0.8325896556812573	-0.7101506391877215	-0.08427020031277141	0.0029650507152784444	2.1131669088886937
JOJQUY	0.5314932103137471	-0.4827004058413037	-0.3277231679442791	0.47346158652966713	1.248240749933247
JOKBIV	0.8607928744583857	-0.5450009142696763	-0.5004305115869658	0.21005002331599004	1.2909436120852082
JOKBOB	0.9486444514421368	-0.5438283196750175	-0.5070572603696419	0.21034693769721247	1.411035106579022
JOLBIZ	0.628257769943553	0.502470043290089	-0.4401104319963375	-0.00142265843310517	1.031090286040024
JUDBUF	0.6883726170648696	0.7123943672862559	0.4701745101977937	-0.12608971136774072	2.555744958706103
JUFSAE	0.6323865561121726	0.028634502649883146	0.19206857557090126	-0.05226962152252821	2.0955420473628523
JUHFAV	0.788887993931862	-0.620158496627513	0.13176740890410774	-0.0011660797496562125	2.7274711568573355
JUHFID	0.7757206524191433	-0.5665836376441408	0.1723991534699049	0.07261328430104105	2.696574850871797
JUKPIO	0.5679315228026143	-0.5723281606570464	-0.17472262336989156	0.03285421133110676	1.6516221474872022
JUTHIR	0.8456461779508411	0.15864440228448262	0.31629839710632274	-0.2678660087226141	2.6758061169378458
JUWLAO	0.7132628221773674	0.18190246173100352	0.24471042618555439	0.19073859687158112	2.1813957325668225
JUYTAY	0.48866359553970495	0.41673921757534976	-0.03342511761028917	0.2385763390236274	1.3497930121526978
JUYTEC	0.3663305258915295	-0.04666563661188517	-0.26458210358608125	0.28704385299150353	1.0944836087100798
JUZMAS	0.9048876456233126	0.7660332707753084	0.38993667787169073	-0.22972645642377756	2.698983092279513
KACXES	0.589218412236451	0.23083234976395028	-0.1617743572854181	0.04218278912592435	1.4810770524691024
KADZUM	0.5482944979340645	0.43012608774447575	-0.149445369123972	-0.0502157471689338	1.3546467910154834
KAGJUA	0.4210131326363369	-0.08151601095689127	0.28509667512917974	0.8154082331655421	2.410828850432801
KAGKEL	0.6171001256659796	-0.2872433216606426	0.6496691847213523	0.6703391861158239	3.3554950737180476
KAHJIM	1.1070873488186574	0.7887970814659753	-0.04486700480785652	-0.07378043986471168	1.8251872809952672
KAJKAH	0.8560796139994782	0.7049493215573043	-0.087944942519259	-0.03583381109994047	1.5491950237243017
KAKZOM	0.40257323264265743	-0.43301193523216586	-0.21960930074628618	0.0970378679704875	1.3273376333531008
KAKZUS	0.7730278473895371	-0.5772609635993782	0.18021508407781459	-0.016830302644073883	2.6355088320643896
KALVUO	0.20167294278294712	0.895261394353573	-0.5679456048050098	0.20692073796169963	0.5561507831963013
KAMSUO	0.9438917053367755	-0.5981874796854726	0.1758253118560661	-0.006075545829967929	2.936951267149938
KANNES	-0.04431814626082842	-0.6579173995800855	-0.7234805576447358	0.6893616159823388	0.6265065082679991
KAPJAP	0.6244739151338745	-0.7143535139426899	-0.23150663341835223	0.10676294131895678	1.6157009118106735
KAPXIL	0.4482505978613345	0.2976141202157348	-0.09816127121673207	0.20467844665601925	1.3018975115980165
KARPOL	0.7387523118964969	0.2989862170444388	0.18269124020471977	-0.055137152920652355	2.1069743636782605
KAWCIU	0.5767101435217317	-0.5663784553323239	-0.2164653462541447	0.2212152093342437	1.434291125515235
KAXMEB	0.7257163139215947	-0.18260502636229997	0.2531178118904563	0.6413963552035216	2.4070339309231734
KEDRIU	1.0627163850155883	0.621224204110557	0.031986403052674944	-0.13123630650057985	2.066189310421151
KEHKOX	0.5762123424864143	0.3112018894145278	0.7851057482932418	-0.13615775684594203	3.2840935031701797
KEKWUU	0.7159971241950593	0.6149323071737136	-0.12882081742070917	0.06479008186539884	1.427173365587128
KELHEP	0.8775788369440445	0.7888060118221126	0.05788251416001139	-0.1432509543858702	1.832450387971966
KENXIM	0.927338620560068	-0.44919069238920806	-0.21212844607482842	-0.07375305762730701	2.017005316307084
KEQFER	0.5788506092084829	-0.5978658110450524	0.058380563130733795	-0.01159505953354023	2.208209103665072
KEQJUO	0.7948418961281147	-0.5387218634604416	-0.49309631273616894	0.05219183717713319	1.3991940299982757
KESLEB	0.5515831581867436	-0.7312389647676021	-0.2053837165312665	0.18370264402262598	1.5500842781693378
KESLIH	0.8150048026901944	-0.5792154429181818	-0.2759166725540144	0.055712336466765405	1.7596235493497852
KETHIB	0.752856081779985	0.3266534005948177	-0.07790016659907134	-0.12757292811832815	1.7322462436776593
KETHUN	0.7438073802342071	0.34102013079259674	-0.11269940775332123	-0.11293312904294239	1.6566397105753214
KETNIG	0.5727574660598567	0.008170325988587829	0.29020654306228044	0.11701631615965113	2.2852846941101537
KETYER	0.9171983545654179	-0.32881893396541156	0.13225982695529737	-0.32123190504717447	2.790170080083735
KEWCOH	0.48769941819443563	0.4157307090018542	-0.5779226095152525	0.14155240192076426	0.8060836539597139
KEWDAU	0.6473462532895695	0.36114595306629976	-0.07036656469071995	-0.13447007352504076	1.6780662010414331
KIFWED	0.7143396952624217	0.6694085196498786	0.12386289874886214	-0.10623704931842373	1.7953850914154244
KIKMOK	0.8751636028485299	-0.5236133414620994	-0.28720601367742415	-0.1675797102863022	1.8031074083935779
KIKMUQ	0.8743858954155073	-0.5250355021818593	-0.2877462148224508	-0.1679149656076565	1.8039666275816866
KILYIP	0.8213960093106776	0.6527485264077552	-0.19736755959220104	0.10821714072623284	1.4586246143639532
KILYUB	0.8121180607301213	0.6644869206119598	-0.16331168164265286	0.06873389443107744	1.4569707594495513
KIWLEL	1.191963881086119	-0.6026202362470476	-0.0072038580383181755	-0.35184819878129453	2.927028213707495
KIZPOB	0.5636828577431148	-0.6716279713501752	-0.1397708219402966	0.1714590194642559	1.6310791658425918
KOCGUE	0.5190449069017187	-0.7694603896664287	-0.20699346417726489	0.17483554960638809	1.5143459888757702
KOPVAM	0.8434728990617808	0.30155496886340516	0.18451809268897573	0.10877966372701742	2.1108267508840277
KOQCIC	0.4613375238132198	-0.49771600564302143	-0.3245516791667269	0.4914825268217721	1.184560762744313
KOWTEX	0.9410833163233354	-0.4066487066279911	0.033255388312514345	-0.007981855243182512	2.3874774590846988
KOXKOZ	0.7190125769855769	0.2905165754808973	-0.22364630852910672	-0.12380588793070911	1.451778249673537
KOXKUF	0.7096013745691083	0.27666064294277437	-0.24988299150151685	-0.1071456770458494	1.4094125361585603
KUCQOP	0.8464328785587547	-0.5541874803942503	0.21165034789074838	-0.017327359121322508	2.8076227954141575
KUGNEG	0.6475914127381177	0.6276754697551701	0.29684543507877253	-0.08280392889167403	2.1911003531376574
KUJFEB	0.45701967523818476	0.2892073439235977	0.23834374465674768	0.05543623196926914	1.830725031790247
KUKQIT	0.493788284385297	-0.11848666813762758	0.3996570073013073	-0.0681222458842242	2.455453257116068
KULQOZ	1.0972536675173679	-0.2940102636143499	0.6583735602222471	-0.3823761042058541	4.414083192874592
KUQHOW	0.6179703958613443	-0.48265959569825834	0.611328373536991	-0.1461750475372322	3.4352861175301523
KUQHUC	0.5955474153978191	-0.4491355709968232	0.542675135104157	-0.10433185350388212	3.1314682529294346
KUQJAK	0.5738125745598541	-0.5701712364802899	0.847837407306985	-0.14013552705926957	4.0591988569973
KUQJOY	0.45891090071953444	-0.6445581635139667	0.41919971627144753	-0.27044809916939583	3.005536620263361
KUQJUE	0.4594122862369905	-0.6577010613330966	0.39667776414197253	-0.32687087498678447	3.0604566643357876
KUTYIJ	0.5154891764079519	0.6675310163805898	-0.3788699464880214	0.026158957635840724	0.9680976856986867
KUWTAX	1.0588822085210952	0.5036743152705431	-0.0017201333177937414	-0.0585639633175244	2.038104074253945
KUXMOH	0.9746731528033985	-0.6074234348082945	-0.3078574441920486	-0.14014755621299993	2.0594743256681025
LAMTIC	0.3887372255482888	0.053695770477649465	0.03778746286321594	0.10537828116172482	1.6020619401406486
LAMVIH	0.9786776272528863	0.43817724219342197	-0.04942138337158431	-0.05976189620302427	1.8763299516624095
LAMVON	0.9972201257937492	0.4505419085645159	0.016157248669981798	-0.09760961630731058	1.995819420227844
LAMWUR	0.8445716258712457	0.706897533248	0.12687031304579452	-0.12437229779071637	1.9571446433028241
LARGET	-0.6255185822370226	-0.39370587511730987	0.4299506355296485	0.6615572209219385	1.52274849588705
LAWRIO	0.5906886865738672	0.013242363175575086	0.4103945180140779	-0.07646957386225307	2.5022766954497224
LAWROU	0.6919250448362968	0.26326071806578344	0.20928359005508518	-0.03772835074127812	1.9905998300145464
LAWRUA	0.6506655771156309	0.21196059836611325	0.3448133095594101	-0.05828723565685481	2.2863907251273123
LAWSAH	0.6214364123314127	0.07953508846956955	0.33059860928245016	-0.0468543005117048	2.351674362078445
LAWTEM	0.5263045327133784	0.024461376512791275	0.306750069166022	0.07803047379692887	2.1284208730631677
LAWTIQ	0.3460701004384008	-0.058378844283396764	-0.02377757846560319	0.1985195830980258	1.4241604484088548
LAXGEW	0.8051209043162686	0.07392256432781479	-0.29457374869954883	0.09012253565671757	1.4771196781122988
LAXGIE	0.677725233468844	0.3749204712952548	0.13300784998206067	-0.017585980714844712	1.785580743896378
LAXGOG	0.8939536564575441	0.3131949112529576	0.069677081061725	0.024774923704388024	1.9071445854593674
LAXJID	0.6949385182280539	0.40735964612304015	-0.18976271569131195	0.13499040798556222	1.430144334077214
LAZCUN	0.8775845969914942	0.21357105517107133	-0.1054005423381687	-0.019406044464356793	1.8217248077879162
LAZDAU	0.809653877293564	0.6039647627060898	-0.03527311526921276	-0.004762980344215739	1.6497709648708567
LAZDEY	0.9104988699998442	0.2559100262336413	-0.06396166037875212	-0.05896295743523362	1.9228089086804516
LAZGAX	0.5638056956719346	-0.5583339177604979	0.586178617880242	0.02151783007449251	3.2499259069207125
LAZREJ	0.7621007091458516	0.672885040638293	0.3599411245418247	-0.13470603419654129	2.4003977953186704
LAZRIN	0.7973534310805208	0.7095585484074944	0.08605338514809405	-0.10499417910078485	1.8241379348819249
LAZTEM	0.8292848506302413	0.28800808605838063	0.11474357014318123	0.031071464379676922	1.9660969604687488
LEBYEA	0.42936770073113095	0.05880777874335681	0.0627558611911336	0.07225220619312395	1.6845600006108967
LEBYIE	0.46349110630691737	0.038069439657391894	0.057844804331719485	0.14354326685525645	1.6893532327628176
LEDFUX	0.9429933496990133	-0.3174162469161632	-0.1615871191912043	-0.20560800332110557	2.0477778057849143
LEDMOW	0.8216896572588546	0.8489153555545009	-0.10029578124074098	0.0068180616729889565	1.4848064407667851
LEFSEV	0.7242840046425565	0.5395449816305893	0.13624157170425955	-0.12443375683316477	1.9514232035728494
LEGVIF	0.5557947277324562	0.7250557686954872	-0.36206762089472766	0.03716574363949861	0.960877252790169
LEHGUE	0.927738413423489	0.7456244364545501	-0.17972037537946464	0.0670830887764036	1.48371179275042
LEQLEB	0.8189794432722106	0.6490176709480536	-0.09645446616127629	0.02654146728646485	1.5493955901215752
LEQLIF	0.8091093342339013	0.6343159404735238	-0.10695773235508926	0.042030797035291736	1.5383658631686736
LESSAE	0.8899141005014188	-0.16047438293614255	0.33142144044522914	-0.18912301028423784	2.9773397448156933
LETJIH	0.5425763196035569	0.10033341831493968	0.07446201454372105	-0.06074743171250818	1.7444443688991313
LEXGAY	1.065577670633977	0.46590624578119294	-0.008260538071008218	-0.037059494727653616	1.9936412371442893
LEXGEC	1.0218850957541141	0.4203469257045517	0.188891760471867	-0.21429309487015843	2.415300738612
LEZZEV	-0.16221992652678452	-0.6060996792194442	-0.6575234447565892	0.668781322431008	0.5936665898337272
LIBFOT	0.9002844110524242	0.7320021694422334	-0.18830991787424595	0.07055408179509054	1.46701409293568
LIBFUZ	0.8937422092426823	0.7205243313356564	-0.21519801534641692	0.11197197296739975	1.420048083977544
LIBGAG	0.8740435531399653	0.7180564242893436	-0.16418217526905382	0.057085689469136086	1.4830666098261789
LIBLEQ	0.9428099332842397	0.49493972661290897	0.11059174587561468	-0.12598965680791885	2.1863589998615054
LICPET	0.8457711800030401	-0.443792038659652	-0.2827282840903827	-0.09192805019854566	1.8132962263726897
LIHKUI	0.6559879914459295	0.6153055980702347	-0.022623803276627278	-0.09684631790674708	1.5045932259453116
LIHSOK	0.928380957337148	-0.3371619664097326	-0.15669900110448154	-0.209544685071162	2.0478101023308612
LILLAV	0.27213842206221983	-0.5651678206898032	0.4209708606276813	0.2798358744879416	2.4479174732737916
LILLEZ	0.32455285964626146	-0.5451034119230702	0.39771001148614876	0.3201093223081149	2.4236422603806105
LILPOL	0.9272876083765906	0.7123066774546853	-0.18767184674692408	0.060336377256225565	1.4752361187979472
LIRPIL	0.9701841851304867	-0.22794122903705077	0.5189864013031453	-0.176468382051854	3.7176337499293104
LISRIO	0.7120052108098607	0.5723412081641434	0.004213565656421142	-0.05299621124287429	1.6762051131896554
LISZUI	0.9942309937701257	0.7449628581357242	-0.1993023463138228	0.10641430193281351	1.5021240687895712
LITBAR	1.0098410407775678	0.7690606985210771	-0.2076683985644567	0.13265289730927604	1.5331326485932868
LIWSOZ	0.7790515102064228	-0.1230526749714679	-0.19318562102240883	-0.023151221004391126	1.788039325107932
LIWZOJ	0.47395846251591545	0.6470124005128313	-0.6205265636292434	0.2785912140047182	0.6566480912907267
LIXBEC	0.24020246011130908	0.8642307297765405	-0.6041891485690525	0.21669172599090541	0.5575038427946453
LODVIK	0.3701929369111143	0.2661173330672465	-0.1437482576974788	0.2573334074192971	1.2300295435920736
LODVOQ	0.27592155480382274	0.3495985119173731	-0.1269795567412217	0.13107596563060647	1.0776079951676316
LOFLAT	1.0044707298271573	0.4985989528411233	0.20782640448642037	-0.24035878151394505	2.4618081702510084
LOGMAY	0.4857441081308531	0.03177946150454082	0.3026788420372672	-0.11161361302195183	2.176634859823709
LOGYEN	0.8703135334572325	-0.40514193134280885	0.14797585333710891	-0.285465371332034	2.772220486590815
LONDOK	0.4547961075612199	-0.1277535793212027	0.3312488594437855	0.005441976467293566	2.342532324127403
LOQTAO	0.6043550508578193	-0.17023018636683895	0.2183968793200794	-0.08335811308003828	2.4836118727176655
LUDCOD	0.9448121944656522	-0.520092308575609	0.2256044203321267	-0.03918769512298937	3.0432636997024773
LUMDIH	0.9769640303435132	0.5373836205303474	0.11758092096092912	-0.11221139084546339	2.1902257129735068
LUTSUO	0.48131265357583786	0.02464976122578436	0.29886941987841364	-0.011346281646534576	2.1469042385511665
LUWKOF	0.8918758293958824	-0.618727109573474	0.14408878150120583	-0.043979825159963314	2.7958646304848074
LUWKUL	0.9207156898414048	-0.6147929938509926	0.1350763082708946	-0.060830944742254506	2.827528831486116
LUWLAS	0.8492109714326714	-0.510164121862592	0.2468646017976016	-0.028257406598864943	2.98771995513435
LUXJUL	0.874350536801721	-0.47909269188988135	-0.3267638425475638	-0.17809525385935834	1.7557710832997468
LUXMUP	0.4662529316016002	-0.04959485409711572	-0.7807088257801666	0.3534096356194871	0.6262055141209872
MABHAZ	0.637335320569103	0.6114900400818418	0.4901573089030779	-0.06644426890681135	2.3648182566247202
MACPUC	0.7604694912122145	0.6528003626999832	0.007087802415833365	-0.06483006392870061	1.631814430102402
MACQAJ	0.7580657866619998	0.7041142912456556	0.03736138186218582	-0.07687560965795434	1.668962856655979
MADGOQ	0.9885220466225029	-0.5712200150296821	-0.05971427328216192	-0.15093178017208225	2.50600467889013
MADVET	1.0553368185534913	-0.3678896312813628	0.012999198708418785	-0.19230239670026358	2.603903252628389
MADVEV	0.9884338899234386	-0.5713574140449607	-0.062142653374703	-0.1490713131359534	2.497824478028971
MADVIZ	0.9892914076271442	-0.5694407159040402	-0.05993000951797507	-0.1512942356662799	2.508900200312166
MADVUL	0.9887777815322902	-0.5703517336665865	-0.05929494977970616	-0.1502259878513386	2.509008873505402
MADWEW	0.9888178033203321	-0.5696814919247006	-0.060283445219549994	-0.1496762388178679	2.5061574707505887
MAKJOY	0.5246638782254571	0.5239328088152342	-0.11604697152112535	-0.057728853146415904	1.3340384613444438
MAMPMN	0.3802687395837334	0.364236655307072	-0.25977150909954627	0.07010837414401935	1.1218987335049055
MANBUZ	0.997986195399168	0.35137897942501933	0.04398445528523742	-0.14023093298637795	2.1795290003318555
MANCAG	1.0129654454201633	0.38282867593249764	0.022543040446958942	-0.12532215892600973	2.1328090705007083
MARXAH	0.5430242675350065	0.5585638734207605	-0.29705217112279314	-0.108290081387541	1.2041403293289552
MAXBIY	1.021104167041134	-0.39707854619344857	-0.19779341023744704	-0.23211049400317074	2.1847757397737286
MAXDOH	0.6258081059657874	0.20067696303955154	0.21427182458182265	-0.16148951807227813	2.223514372119338
MAXDUN	0.645144419685205	0.3897691514254757	-0.021850515282760403	-0.14072393605434919	1.7161154976768827
MAXSEJ	0.9028472241152032	-0.5982399861592349	0.1571368885007102	-0.070922706007601	2.8425163199750973
MAYBOG	0.28008723812313274	-0.4139966144737822	-0.6353203103808516	0.16516571784572628	0.7582912713285084
MAYFAU	0.3689599004840036	-0.15653393937443438	-1.1109764443141263	0.36887527974566214	0.45727247288353035
MAYJUS	0.7399091689223463	0.6232260635005409	0.0764446741055963	-0.08095294399869232	1.7857048344351383
MAYKAZ	0.7715307974747452	0.6971282588583039	-0.019884035353301098	-0.03615707057713997	1.581689585439656
MBDTMN	0.604156598366365	-0.40238638958947665	-0.566884517127586	0.08801276511924541	1.0558818798803589
MCBCMN	0.8760404721938331	0.17422496253149225	-0.328912917216178	0.3148317870934293	1.3865538714238823
MECTAS	0.4787500285178399	-0.1113996484407887	0.638422306946886	0.03255770582950171	2.9525961918751777
MEDCEH	0.992350521038694	-0.5720970423701319	-0.026208119310848727	-0.1463061546714787	2.589113773838009
MEDCOR	1.0289938146946076	-0.35279970691750334	-0.052678401920259826	-0.2731333958333926	2.552944624690105
MEDHOS	0.44077886654631504	0.16313350913361668	0.35407324287505293	0.2735496660541594	2.1496796201428676
MEDHUY	0.5127346166928182	0.2511492399857866	0.34718435188533686	0.17287196194894833	2.1756181275818114
MEDYUT	1.1282604090209505	-0.05372482606444978	-0.39241903174510745	-0.12712941473898845	1.7599188785930742
MEDZAA	0.9682950502279919	-0.1227982407110926	-0.5268040007981935	-0.033595295459860564	1.4297136079125723
MEDZEE	0.9213530463840733	-0.19252557329411282	-0.5229333348743366	-0.07859578765824012	1.4827095821116105
MEGDAD	0.598349319107669	-0.5411481440922025	-0.8178979890425866	0.1657574020698367	0.9614247331209377
MEGSIA	0.8963681678973412	0.5444382499577308	0.14662681007248027	-0.16416032683833331	2.0519865406495774
MEGSOG	0.7820307339468862	0.6451212452709734	-0.11376635970122329	0.032053150061854	1.4827249160179556
MEGTEX	0.4308786556748774	-0.16036261494601367	0.19425374057708003	0.0354580370251457	2.007177290287015
MEHCIP	0.853884853680217	-0.4746935629180092	-0.10093556872410331	-0.04043785699099292	2.165725751515419
MEHCOV	0.9759263566915886	-0.2832204392736311	-0.30014715082582294	-0.0917983868086086	1.7797721662223869
MICRUL	0.6957012524307604	0.6082434536703862	0.23524172810283767	-0.10598033827313189	2.109888892265283
MICVEA	0.7360119893221242	0.13695093792434093	0.4336007887667515	-0.25240618267423676	2.798797610640485
MICVIE	0.7581050284821362	0.2075028511296937	0.4886010007874894	-0.23236216014671776	2.80993020914399
MIGLUJ	0.530186822882988	-0.49062906816911517	-0.2730882486512689	0.19571450729802242	1.3599483989629617
MIJVAC	0.4819091127633168	0.36907694692359977	-0.07806051336813652	0.06706518620131485	1.365390826456693
MIJVEG	0.4618566562639259	0.3778174560924278	-0.44528857479552136	0.25014553827802827	0.9020223546912334
MIKWEK	0.39031171944293463	-0.6358958446834316	-0.5999567404773134	0.19628559979473886	0.8837430327551652
MIKWIO	0.3141167316223603	-0.36097642517838213	-0.2850666340930287	0.4766331361439054	1.1143836381826189
MILNOK	1.117382381602777	0.5839714027763304	-0.12125485599777859	-0.04660129516093229	1.8991013180634244
MIMLEB	0.9302291386234858	-0.6406593565163891	0.021177278136571595	-0.007999617944137713	2.561866168865312
MIQCOH	0.32011446846905667	-0.0567914841846801	0.376708826784945	0.1141929826389032	2.1437628669958566
MIRDUQ	0.9435711945022458	-0.5202231189835972	0.22554742194360033	-0.03995449886736082	3.0434764370033234
MIRFAY	0.9361715792375414	-0.5588050657359687	0.21340230540489974	-0.0782825696911804	3.035518862352886
MIRSOV	0.9139955795355768	0.6930668307435267	-0.12156597080957142	0.030769746005038748	1.5883599442469927
MIRVES	0.6747021664855373	0.5834052226893862	-0.3183932974187165	0.08428226740463238	1.1750480773698548
MIXRET	0.5809980661929446	0.09706597084751913	0.08653556249015773	0.10162231297075328	1.8718586095894674
MIXRIX	0.5808436208839778	0.09257671480928999	0.08912340800466875	0.10068403667694012	1.8780805387027704
MIXROD	0.5813303268304217	0.09582343069529098	0.0868101439677294	0.10046559541925493	1.8719242667632094
MIYXAT	0.7330438004104529	0.7350139865271931	-0.02684907471591851	-0.038613958786376544	1.538274598143377
MIYXEX	0.19760116237435987	0.875748320554806	-0.3440680561238617	0.07549290565613045	0.6947839005004242
MNMTBH	0.7641308329032528	-0.3769922530089282	0.11930088993071114	0.11282034619179027	2.1556769815811516
MOBJOD	1.0522137343350257	0.5136751309961871	0.0986711966269466	-0.15295432992512498	2.29908437675549
MOBKAQ	1.077281315875469	0.6008744172068834	0.0785761460685961	-0.09830185007299164	2.1783115624766576
MODMEY	0.822194038622202	-0.04668876653652508	0.5063644044636353	-0.12800797344610992	3.185259037087958
MOFTUX	0.20433547078819325	0.9443185114780251	-0.657528911657612	0.2812279612772489	0.48603788420579896
MOHRUY	0.9938023214862426	-0.2138168278343453	-0.4013815236063265	-0.31211622937777905	1.7452951297881418
MOKRUZ	0.9163480867062326	0.3515707981294112	0.22106447645112492	-0.14160343758141491	2.394421352093169
MOMMAC	0.7254785645701611	0.5649831519373748	0.11689295296601762	-0.07553448366908308	1.9084690936531867
MOMMEG	0.7975485516518965	0.7381293312627734	0.040502275740158716	-0.10027313222231887	1.7171950659980677
MOMNEH	0.8143975446026301	0.5026456442798892	-0.2910948519156601	0.0680765812837098	1.2916890791177023
MOPSUF	0.8188421654560596	0.33442515281154317	-0.0796766956725162	0.29801675670181216	1.6142680398935063
MOPTAM	0.8140550048593589	0.3298412040116602	-0.07969751701588856	0.28671975639849445	1.6109143800399854
MORTMN	0.491637841654609	-0.4210059165615829	0.701087200671549	0.4170332886057825	3.2969029642936345
MOSWEY	0.7567563698273805	0.5776115289611286	-0.22257407371274865	-0.04219834783601974	1.3692564457622938
MOSWIC	0.8493387504323531	0.5292812175516655	-0.09155938064334171	-0.21167187896604522	1.7133810641032319
MOSWOI	0.7993806639144871	0.5315876383862476	-0.11156032612698226	-0.1014779568419999	1.5895414193540622
MOSZOJ	0.6296864621157443	0.5572779722928136	0.0712773482844097	-0.131093514560086	1.7094542141966695
MOTCMN	0.4912062432866704	-0.42085323676269726	0.7004531727065084	0.4167767411158045	3.2928297671945868
MOTPIV	0.8584870620073817	-0.7583719329575339	0.06797031261719913	0.011573610881638538	2.6173403769845196
MOZRIC	0.5823822850878395	-0.6009841479424604	-0.14917054273770056	0.18773194698414164	1.6669754828963903
MOZWAA	0.9244198598947921	-0.5228358071316133	0.04675858612787463	-0.11752114440459963	2.61129302553518
MPMNCT	0.39829951417459686	0.33533386127262566	-0.23156141482595166	0.16813984524504086	1.0200105015001553
MTCPMO	0.3108941016171851	0.18173659981392176	0.2948287609278893	0.18640342493322615	1.8636740298980041
MTXPMN	0.3336820452501801	0.28155592308766314	-0.0021439980722179133	0.2159237983058105	1.3367619860590296
MUKFUT	1.0709244951353583	-0.37376657979411865	-0.11968434075414028	-0.4208340976607843	2.6985715549315605
MUTZAD	0.6989600348404723	-0.30663834596816647	-0.6210928987777287	-0.09708223291060086	1.2601444639866464
NABSIS	0.19318082369758072	0.06723394669460586	0.06267074205159104	0.11380733177483562	1.4385317861832336
NABWEW	0.8660555299308523	0.5179437818790588	0.14425427250610967	-0.3095634984040999	2.2347314092253994
NABWIA	0.8532514350573912	0.38820035385787616	0.16464943858271971	-0.2922848859512418	2.3179966576674054
NACZEX	0.8160233282669873	-0.5799793171867514	0.18053475419424597	0.01224413125425737	2.665519807538744
NAFLIQ	0.7864292111249807	0.4632473886164664	-0.09914190208116683	0.28352067671062003	1.6167354512464285
NAGLOX	0.677290423738862	-0.6422398060739113	-0.4382638014398629	0.2664224910797952	1.2340491940401666
NAHFUX	0.9218572503002491	0.163022970764883	-0.18143512811482443	-0.12649839868350693	1.8848239792662898
NAHQET	0.4239256828503848	-0.4636988945302973	0.693113217264673	0.2753984042201132	3.2126293705772446
NAJVID	0.7995976008402188	0.4087268134531277	-0.06339297282073286	0.05908823839535579	1.561954119467172
NAKWUS	0.5095523862963889	0.0025765911895198525	0.1648175104871749	0.09115241562152748	1.905939927042338
NAKXED	0.9139964883916054	0.784402071116816	-0.04672512688204732	-0.015439451962215009	1.653182138203366
NAKXUT	0.8209160520950771	0.7313751382977924	-0.033329837241675764	-0.03629437074984012	1.6422098308960784
NALRUP	0.7931056225713817	-0.6227782431392518	0.21193302527397062	-0.10272876497102292	2.878686171892215
NAMMUJ	0.1450324155647018	0.27364113287592756	-0.20037111906918276	0.31929643979854894	0.9369945876679917
NANNEV	0.4596377143443684	-0.5511195291574628	-0.002525440770111305	0.2468939690343352	1.7197791832132154
NAPYEJ	0.8229492276454256	-0.14190890404452347	-0.3430890577860273	-0.027543556787320393	1.515459754162621
NAQRAZ	0.6504243368428906	-0.4344149074264218	0.03672412254492942	-0.1975966204325071	2.3658569977227915
NASMUR	0.20400594377274306	-0.07622253386685646	-0.1641239413810647	0.15979248540239543	1.2069705661336394
NAVTIQ	0.5915530489371168	0.31154504495614826	0.08895143559253768	-0.11597311872437206	1.8048372662683416
NAVWIT	0.8096235710045168	-0.07838770274893361	0.2662440400967129	0.05629193374677499	2.679021064395971
NAXDOI	0.8920197336945508	0.21649336097487074	0.16129732623178794	-0.049432810301601376	2.2971021550023334
NAYMUY	0.4608315653165609	-0.006416270644329583	0.18672819365706092	0.3049095093921763	1.8977191222658414
NAYNAF	0.5093080973584208	-0.0036804191088572235	0.6009558924023519	0.024124579867703694	2.8457937018022483
NEBVUM	0.8626442114140325	0.7506117395668908	-0.09410813764681555	0.005766844563573195	1.5724801770602321
NEDGIM	0.4715847392221244	-0.48254730947273977	0.07187452427006416	0.08876127193148486	1.9022685467510136
NEFPEW	0.8106361940421074	-0.510404688039662	-0.005953277510313805	0.07073920425023819	2.1706820309516237
NEFPIA	0.8453440985233813	-0.5014549408446878	-0.06528518223412264	0.049362574165950523	2.1005929011683095
NEFPOG	0.8357264305319072	-0.4438092628946474	0.10907054397012103	0.02930228671581525	2.46140653914091
NEGYEG	0.984090341951597	-0.5744697215986888	-0.03869642185169216	-0.14665519076616274	2.55504449878614
NEGYUW	0.9845570404195385	-0.5740634668213375	-0.03753082564674882	-0.14599950643744788	2.557257563685898
NEHNOG	0.9845390970166532	-0.5721229952854586	-0.03870458043454011	-0.14521600534636872	2.551326033758367
NEHWAB	0.983536431324139	-0.5747796429791918	-0.039172849680004035	-0.1457682594721838	2.5527038483166584
NEMPED	0.6738620226510639	0.08531937570274804	0.6612664272266282	-0.20508445380800172	3.2499291204562635
NENYUC	0.544508003019796	0.5919317533812544	0.48024943010939153	-0.12188807030268978	2.381224683039666
NETBEV	0.4506563975142486	0.2684813141386831	0.15419571175290495	0.036336457287332966	1.6812490631049557
NEWYOG	0.5518569935756084	-0.5567962170212863	-0.09345262689425293	0.33171633072212753	1.5854949043772935
NEXCOK	0.9297623055622992	-0.641425365349701	0.02364790090426458	-0.008088647521345957	2.567808892139849
NEXSIV	0.9601205952035023	-0.5404806732408097	-0.02663627945723619	-0.2064005454648019	2.6593773866985018
NEYTEQ	0.6093022485092927	-0.7178674718901052	-0.050114357761131476	0.1453720149100686	1.9131001263921923
NEYTIU	0.7455936290062608	-0.6226081963620573	0.19456507433020426	0.02213574086403558	2.6661561728430074
NEZZUN	0.394349145641923	0.4454692501583709	-0.169626397696924	0.1353665524337276	1.0499928548704078
NIBBEF	0.5776456124798841	-0.16289726881038571	0.4072555957299968	-0.09976867735555753	2.7326634918395394
NIGVEI	0.9159843698538301	-0.33705654848768885	-0.11139926438090658	-0.08289141216565897	2.156885973699543
NIHMOG	0.8244803602053601	0.7199656331216437	0.02687412500154969	-0.0631522488752804	1.7610239733560544
NIKBEP	0.899088459996233	-0.3443948282842465	0.152433705630528	-0.3128137071264133	2.8161111564809764
NIPCOE	0.7946900291964312	0.7079031089726784	0.11230948523191825	-0.09901262638024162	1.8378680557492655
NIQTOA	0.5728928566897178	0.07232163717713562	0.09790472475080866	-0.07585235649244934	1.861380959823821
NIRJAB	0.5518071702455511	0.270965999553293	-0.1346699998761106	0.06675667022696313	1.4039740985867213
NIWFUW	0.5650320268912559	-0.22759274404565352	0.5894212055394961	0.023624657481721892	2.975972043787813
NIWGAD	0.9377470350690347	0.22729422837382895	0.4314823136036233	-0.27947535526802225	2.985115859124881
NIWGEH	0.7175687716624841	0.2274018314127634	0.283192149867893	-0.2081227088005503	2.4632416856927666
NIWGIL	0.8353806207211409	0.7210064365483246	0.07307776298746833	-0.12967383248368317	1.845820654498978
NIWTOC	1.0486055653614264	-0.13954373043830945	0.05517535806709355	-0.053627340274465585	2.4847661305645214
NOBZOW	0.6817384935096209	0.20461000713817368	-0.2566383712892928	-0.03788208403879017	1.4486622476365825
NOBZUC	0.7361552643709475	0.2312333600817264	-0.2943274834687601	-0.03210550639774621	1.4381517177955832
NODVEK	0.7021109747930527	-0.775942787231035	-0.2531328563339528	0.17311616794812457	1.6787374878585788
NOGNAY	0.9269562486895797	0.27405655640829985	-0.3093157973890668	0.2958652169889434	1.4292898481421248
NOGNEC	0.9922816084558645	0.5918120718455688	0.11108799257157784	-0.09797877616497744	2.1279962812253084
NOGNIG	1.0260488006230508	0.6437747005752266	0.050825376354587226	-0.06355085486933619	2.0079187875629545
NOGNOM	1.0082736753218224	0.6019379025344674	0.10258449019784441	-0.09288925102725906	2.1223091419572917
NOKGAV	1.1434431321743608	-0.4386732739355867	-0.2612696179321988	-0.17459645762154244	2.28621400619941
NOPYUM	0.8411896229642117	-0.4723604927068135	-0.01990842544057409	-0.06205916761048217	2.350981859629457
NOSHUA	0.9678052955706349	-0.5890869001086843	-0.24172463813892756	-0.2659109261074411	2.213417248911264
NOWNIY	0.5695244410284444	0.5230496416861143	-0.4007780892820954	0.09309941975448485	0.9778220799853254
NOWNOE	0.5068792943315739	0.6498104431728616	-0.40175325096217784	0.09572807277698958	0.9116413916441426
NOWPOE	0.8453308881580437	-0.7631609169330945	-0.23799994681067618	-0.06898484738670618	2.0867497566253164
NUGTAK	0.7443883866861629	-0.7412622788349021	-0.1836181980243727	0.08695098071826649	1.7881892402119426
NUKZUO	0.9634006417219867	-0.5189750436569167	0.1266935196401454	-0.06281691822896711	2.7786579498413997
NUNPIW	0.7619651513154331	-0.4867204656168505	0.30076137615251275	-0.07315981402784852	2.887692804339621
NUQBUW	-0.13053757137728228	-0.40512807419887015	-0.6674099897588139	0.5366147155089895	0.5676686550250737
NURQEX	-0.7706880934778693	-0.5109925583830721	-0.5352410939304126	0.3253188173665261	0.3762531598695762
NURSID	0.8445303737769017	-0.46221907689897995	-0.33557210525085435	-0.10795176917363157	1.839784533055647
NUXQAA	0.357762170696319	0.861990245040867	-0.42102543452612073	0.10918983317947006	0.772179343949519
NUZQAB	0.7626932958247084	0.6461257347594022	-0.049642475634046	0.000994364617173893	1.5737682158174013
OBEYUP	0.7464160321261426	-0.5953992360972529	-0.06113348128879792	0.08345461265764068	2.0425044293415118
OBOGOE	0.5325691124131802	-0.02928434586789267	0.4126153878350101	0.03638328758769649	2.525739734346253
OBOVEJ	0.6556962268304822	0.23165251033815923	-0.07435433619737958	0.16943319859225572	1.6716630300795288
OBUQUB	0.29576422488584875	-0.1397874640297027	-0.15152680805148427	0.20565343277574621	1.278176520656538
OCEKAJ	0.7807756359525495	-0.6539442823325448	-0.09359542460324702	0.053617082247423176	2.0889532547678136
OCIJEQ	0.7929269369529637	-0.29843786675737083	-0.3414521867284521	-0.05311772711703996	1.5805044865058102
OCOGIY	0.8631765778558886	0.6995486339932305	0.13646095967368357	-0.1691123476257258	2.0018647113146573
OCONED	0.7285504678003827	0.0010554259366655824	0.05783657024105569	0.05729903556289109	1.8385494475916297
OCOSOP	0.4402169924232102	0.7115530086913219	-0.2364423687431067	0.07059197503901507	1.0256777498572933
OCOTAC	0.6339438874195205	0.3227875811754478	-0.03464376619734106	-0.03600590426361448	1.6370851361266232
OCUJED	0.6313887550689037	-0.15172662774487572	-0.10154940727424705	0.03062004372458567	1.5592297718942236
ODAHAD	0.7239055563537535	-0.25653008356383267	0.04695375924642535	-0.06269788172636906	2.186599840464419
ODESEY	0.4991914483730362	-0.4250996858400114	-0.5124750725039534	0.22490096154243966	0.981912474273277
ODOPEG	1.008115210205501	-0.5590136621542309	-0.0352499338638822	-0.15384069301696884	2.5924655025935808
ODOQIL	0.9802218680468906	-0.598787236297883	-0.04059065185671054	-0.1902123125338875	2.6176919823633717
ODOQUX	0.9768298245020937	-0.5988668154225788	-0.04218768855374939	-0.18714278072281704	2.606483250584092
ODOREI	1.0084161993830536	-0.5588053108566245	-0.0322603727345097	-0.15278098425410988	2.5978516186270575
OGOJID	0.36276076472096985	-0.4945055594620786	-0.5590815428198661	0.18668394504093244	0.9442700710863503
OJABEI	0.6799155348739632	0.44455425918498515	0.255662192502518	-0.05502063533546142	2.059329497279358
OJIKEA	0.4968878704803199	0.47727899070435836	-0.3566298283381865	0.056031317738599984	1.0264984798170056
OKOVAL	0.7652559507429952	0.6748226090682913	0.06480158170853763	-0.058345034721754244	1.7720776148374418
OKOVEP	0.7626690870441193	0.6531306702937784	0.06167506173131977	-0.08108274159295484	1.759470548179781
OLITOT	0.8033670431937114	0.7397933537027102	0.14152887286377022	-0.17491347782833444	1.9641327993316966
OLITUZ	0.9190166803033168	0.7905561938182621	-0.006426107154237887	-0.16042139594391475	1.7992750725185238
OLIVAH	0.8821522595657942	0.809183515569003	0.03455989444366239	-0.14229214272910834	1.822737743966736
OLONAF	0.8105760600365528	0.7601491348649271	0.08810786054927874	-0.1413190063103204	1.8305364885353246
ONITIQ	1.0071759922622716	0.46196654618266747	-0.0965398798894368	0.013349881452696943	1.7768935893659092
OQEJOM	0.9819314299601221	-0.5739295214390366	-0.046339571931621824	-0.14382624018328513	2.524416779438077
OQEKAZ	0.9797569279950862	-0.5729438684754851	-0.04813031294489936	-0.14037716229181246	2.5135405585779758
OQEKON	0.9807164634493013	-0.5731458415927031	-0.04981350319419949	-0.14455219997070679	2.5147120432630525
OQELEE	0.9818790038142602	-0.5742882059927119	-0.044061916711961226	-0.14436033005092644	2.5308922153736297
OQEMAB	0.9818298820197358	-0.5742231149081101	-0.04626588622136404	-0.14462464927788882	2.525783486267031
OQEPIM	0.4784120573030268	-0.1387732384653322	0.06716951546592177	0.06748822687281392	1.7534385847776794
OQEYEQ	0.9994865518372595	0.4126070109995038	-0.15295614792818857	0.011152941787169163	1.6600162911308178
OQIGAZ	0.9924769482110847	-0.2509280788761777	0.17872009120565097	-0.0866472593213551	2.8379365862530674
OQOYUP	0.7612091397714575	0.6464958467761086	0.020736003048972773	-0.132375742040183	1.609458255510344
OQUBAF	0.4214044178321945	0.013308765930074195	0.2308777054419921	0.06976544489780556	1.9367679310600692
OQUBEJ	0.7452086477877833	-0.057500113929346626	0.35789031617900996	0.005281697305070734	2.501219920329685
OROJOV	0.611512790956084	-0.5610833903423238	-0.15055573354852886	0.007621713881556941	1.7348938583834743
ORUFUD	0.841285350013381	0.18291562337651085	0.06738334899029262	0.06546959994816318	1.973948822013583
OTUWAE	0.8261967609155692	-0.6008331840850306	0.24174359369935833	-0.020781414094792096	2.8604426660507123
OTUWEI	0.8259146628633491	-0.599538651883531	0.2418293080681227	-0.021023236522908127	2.8614261308972893
OVONUJ	0.7592169253192678	-0.41002254768325136	-0.09340550565130618	0.09867997515885049	1.8359681468171418
OVOPEV	0.9620079115203986	-0.5190160549379715	0.08624196802858414	-0.12843298209716844	2.68199062279355
OWELAF	1.0320409795076202	0.016186351151203773	0.346185302464112	0.1394153068639053	2.908938426420109
OWOPIA	0.7541420435036832	0.6354660754055482	-0.14641929580525734	0.0752263482360862	1.3979185172824602
OWOPOG	0.8480658869971069	0.6393289168335925	-0.00808382726201616	-0.0382335335306241	1.7340666777417528
OWUJEY	0.8949831646769795	-0.5780598782916102	-0.35025322966859584	0.10843161294191869	1.6085546736095955
OXPRMN	0.5430227134543659	0.45321022887934337	-0.00478338633163871	0.06197097780585378	1.509225929674555
OYOHEQ	0.8343568937178674	0.1550063150096113	0.27829423404674186	-0.2848692681694537	2.601478536378068
OYOVUU	0.6324975109991398	-0.05076648483756262	0.36695247922585394	0.0031253844082106824	2.441576628991517
OYOWAB	1.0214363241439335	-0.4572596148411039	0.7581046407497667	-0.5706632986210214	4.760731630349911
OYUHAS	0.8506319615733595	0.7825356066053073	-0.025265412575328435	-0.10187520273210758	1.7106979437789862
OZUSAE	0.8549044801492789	0.6293716519109787	0.02890149072464024	-0.04089450024679362	1.7902398039518044
OZUXEN	0.8990876855632939	0.6906876836541584	-0.17638817648661795	0.06682660366563822	1.5095655677043496
OZUXIR	0.8787233532806749	0.6746601973599903	-0.18521337769486082	0.07852713136056738	1.475445032363662
OZUXOX	0.9847008962655224	0.2990619779925581	-0.0724246806303208	-0.07665142043568851	1.9642210655931114
OZUXUD	0.9763159470772367	0.5437486437747815	0.15643035279633574	-0.13685111690074475	2.2531668998534875
OZUYAK	1.0162545803188596	0.5942347631573265	0.16015132769145968	-0.13499400818178214	2.2605416836776318
OZUYEO	0.9885238131133844	0.571908235228816	0.15173435510486086	-0.12872798718929557	2.2332047126436305
PABYOH	0.7902505634864223	0.7283582274269629	0.09569934033147484	-0.10151265535373134	1.826695995241821
PADQEQ	0.581770133908468	0.552772103811705	-0.09282582249071618	0.00018465708451245733	1.3848551018862691
PAGMAO	0.7513285355789412	-0.23142160487348953	-0.2683018330178833	-0.1189883255250472	1.6963259392287442
PAHBOP	0.8576603614523783	0.4939454766934671	0.5994389747002724	-0.23864885066162042	3.22958199407483
PALBEJ	0.9130026275242482	0.1782140880695591	0.10349314289411038	0.02484205829984945	2.1637265462796362
PAQBAK	0.10170567615886528	-0.455158324914004	-0.5496921491672568	0.14891198847474038	0.8531944737668292
PAXPAG	0.7187316510058546	0.5717221773749441	0.2873079843678079	-0.20084401728953355	2.2271107578975804
PAXVAM	0.6134917378337823	-0.5994468071583771	-0.11401052410884611	-0.007140184679259934	1.95566576693117
PAXVEQ	0.5880760311121254	-0.6033864900875014	-0.1330198476394347	-0.0017636312798393478	1.8844284255823531
PAYPOU	0.760003172563831	0.6013721120220902	-0.184598296221175	0.018436858755499747	1.3258999262750648
PAYPUA	0.7428742983186964	0.5779454763390424	-0.1405716049649165	-0.009479069543337215	1.3973529659272748
PAZGIJ	0.7125368183762877	-0.6789718664840845	-0.17819008069483463	0.10686645535190542	1.7174446441647726
PEBNAN	0.8850948563457033	-0.32876793043247793	0.09392402864869978	-0.30568026474542626	2.653649490239218
PECHIR	0.3450362952806736	-0.1771451456874931	0.13600913680363186	0.18576476113271012	1.797223986721187
PECKIR	0.9411285050329417	-0.4479558406133638	-0.22649645835141968	-0.08534192677520788	2.0141346825386326
PEHBEL	0.7572172946154536	0.6469829743729282	-0.21427352728081742	0.1297287552048165	1.322131327941499
PEHCEM	0.7524836452145642	0.6062244256238319	-0.1902418750402124	0.10575666885779708	1.3115692504088714
PEHCIQ	0.7522262764917782	0.6076508933081036	-0.18941122582233463	0.10719660251914517	1.3129771432591628
PEHCUC	0.7528234559274276	0.605443370543888	-0.18726258426528766	0.10688423106799735	1.3186115834562249
PEHDAJ	0.7514735385252074	0.6099945089762148	-0.18948944880159	0.10786132628948664	1.3113965905557172
PEHDEN	0.7526070834393881	0.6099320751553302	-0.18515365187676844	0.10527352158750536	1.3201349283621007
PEHDIR	0.8227067279334719	0.6729383910268003	-0.19750214591499923	0.0886715311307274	1.3707247189074532
PEMXUD	0.823330450709113	0.7915359790590822	-0.02418696389028042	-0.1136757765236556	1.6819214528626096
PEMYAK	0.8190497308101881	0.8072454741926675	-0.02357160387960727	-0.09816273445453054	1.6544523918429603
PEMYEO	0.8213730784615692	0.7960216945523503	-0.02119606958607784	-0.10373311245751424	1.6510460779873701
PENPON	0.8911340717270448	0.6868490120358668	-0.17224497494728505	0.05492456158457415	1.4901410800389343
PENPUT	0.8789634544262643	0.7154007706308058	-0.14997061893163735	0.05361842412652651	1.5069398892966364
PEPHIE	0.5299719032470045	-0.7489796220325929	-0.16050659049816407	0.19769652697678647	1.6276954217131632
PERZER	0.9902159247851223	0.597265383926612	0.14981575445106732	-0.1821495472952747	2.241848194511797
PERZIV	0.7811103751028163	0.12643061364793512	0.7379063587172228	-0.40127121963226364	3.709972115752345
PESFUU	0.6968178502142965	0.6830373104335759	0.036167463421723514	-0.05716441130608532	1.626054215270122
PHPCMN	0.12717631927019601	0.21611146617646024	0.1659875465612557	-0.09105532319099631	1.5156433996344627
PIBBAF	0.20289422886196817	0.010695780192172443	-0.10226264146005523	0.3740203136061626	1.2064377309688805
PIFCIR	0.844092348522878	-0.449638699716217	-0.04429112388413382	0.04850521102815433	2.037914126278008
PIJZOY	0.7485404095737458	-0.5269873447259332	0.04517298073307799	-0.01578955806606966	2.234093532036826
PIRLOR	0.9763695528461804	-0.34607959675311406	0.2210384473302791	0.01841041222198607	2.8401142306191054
POCFOF	0.5272114220477251	0.2318319069336591	0.08700857090853772	-0.13958539963290556	1.8634693580008188
PODQOQ	0.5797293623505135	0.20258959027042903	0.08100326384022016	-0.06140812636286034	1.8777905169655598
POGHEY	1.037570858831737	0.446331657223353	-0.08206508504748955	-0.048172844691398285	1.956297135155693
POHJII	0.6570779995352432	-0.396170984847732	-0.07102204621082511	0.057779907560175175	1.8082769922221895
POJJAZ	0.7762954660547923	0.2583216643741708	0.3487219539612291	-0.04874492677124499	2.4455264235527494
POLDOJ	0.9530664140387586	-0.410261953682732	0.023730373689367784	-0.013942858706415942	2.4032910322785237
POLXEW	0.7652554228753452	-0.7794350650182578	-0.21339685454758303	0.15419710512929813	1.7998583663372343
PONBOO	0.6437635809547917	-0.6913928181106276	-0.25523280576790885	0.17194242790441971	1.4908928949294875
PONJIL	0.4092160870030894	0.4067357917431257	0.5369475884727317	-0.047124100914516555	2.3356754573413
PONJOR	0.3763034504855307	0.4288949986748745	0.7597975799907215	-0.06622500196803631	2.7383752190478914
PORHUA	0.8714185932664744	-0.757567521802375	-0.38273176180558577	0.06342435368718624	1.6442347484509718
POYPIC	0.6729357434031318	-0.6569111506701549	-0.061902718209223134	0.16718217115469056	1.8927928946193222
POZRUU	0.5285931416358336	0.2548604036974238	0.10775150186599142	-0.07166435858077248	1.7870196825049418
PUHWUL	1.1921508448981664	-0.4099180126856192	0.469727329124431	-0.29656429649463867	4.181382500836854
PUJBOL	0.9800371351863699	-0.4754207970550761	-0.25890137820338455	-0.2466177568863426	2.219784838088753
PUJMAK	0.6796854056337143	0.4320221765730389	-0.05688767417334917	-0.17957333221592342	1.710254846829801
PULGAG	0.7911114559296157	-0.6373251940000219	0.18485182395077315	-0.020808013798407347	2.7567250622440787
PULGEK	0.739626510810413	-0.7423192117524375	0.1330894370116065	0.04735611720057886	2.5532705748553246
PUPNIZ	0.8451718399489412	0.20933461133125575	0.12210738491305015	-0.03632045545269439	2.1995580157520775
PUPNOF	0.8477379163227665	0.24888952620830562	0.16606085130341122	-0.03751853343951297	2.19255543749585
PUSZUY	0.46162657354323544	-0.49763782426452446	-0.32370911834914057	0.49140175267320946	1.1841497518465252
QADFAF	0.9743173467926098	-0.61647376933217	0.08409535707534868	-0.13614967677518083	2.8808314827119395
QADFEJ	0.9749819700161488	-0.6168924916550419	0.08016859138334444	-0.13519261352203912	2.8716745249693676
QADFOT	0.97373901298422	-0.616940595621522	0.08098676657318193	-0.1348519341992106	2.8704636492459716
QAFPOE	0.8591712635862265	-0.31368917348527137	0.5040901471579686	-0.3875221216683555	3.475978782685285
QAGCOS	0.6513048452361545	0.6799461071619579	0.5033920901377056	-0.1791681834712398	2.541968077332022
QALQOM	0.5806977301998018	-0.00808802996056367	0.09604103531251768	0.0005259674738510856	1.767251089971146
QALQUS	0.5563572604132956	0.05064868605378468	0.1963178669387035	0.04183730281477965	1.923678564827954
QAPWOX	0.39073688691108543	-0.41410098209932045	-0.3415959093234578	0.33936174153560955	1.1061153466139149
QATBEV	0.40101553852058824	0.18572385398775307	0.384649095960388	0.13357132794552895	2.0437790329800443
QATHAX	0.4951692156337608	0.1353594901631652	0.38862803228699944	0.19246661911700563	2.1876706240809694
QATNEG	0.9649655430517896	-0.540270370604046	-0.08498694946593785	-0.1459800949843304	2.4428925030888617
QAVNEJ	0.6565401886677025	-0.34926425669131705	0.05738760442181556	0.11950719873792279	2.0062999592923147
QAYYEU	1.2895393662834334	-0.4767621804536327	-0.17387983983389296	-0.41147323209795017	2.668053858478615
QEBZEE	0.7198844727032654	0.47041581601140675	-0.15386728107616238	-0.17055129933129237	1.515499876491173
QECFUZ	0.7865788697744795	0.30038848696880466	0.14060239892779897	0.02263898498767722	2.039389871342379
QEDCIO	1.0208218417054429	-0.7160870685407079	0.07517785689832727	-0.037487692273373806	2.904540540887281
QEGVOQ	0.5484131538884571	-0.0005160148217246093	0.5724073143777972	0.011551649055541777	2.8318668888757155
QEGWAD	0.4994378424578847	-0.12305443362623297	0.6713863178433617	0.025082214648450313	3.0683761013316784
QEHKIY	1.0078095120685555	-0.1266818136526351	0.17666014588737444	-0.2782680267953832	3.2332263500869365
QEJRIJ	0.5888877173791132	0.39652845022088345	-0.20341884344599176	-0.021782125423017155	1.265315142846631
QEKRUT	1.0809323386550789	-0.33686841216949465	0.1597252217722139	-0.11855569141548997	2.89632432180787
QELTUA	0.6456101151544287	-0.46074182808519204	0.40858547512320625	0.11480086256094962	2.9049572050259282
QELVAI	0.8835468209316435	-0.14974259004994547	-0.12957733544506547	-0.3712219616640054	2.193677551667551
QEMLEZ	0.41840856177753283	0.3512191428304586	-0.13516088585265867	0.18590743819682487	1.1890157985149916
QEQHUS	0.6366881943493192	0.3196409296398317	0.24753175239902725	-0.10951490449247815	2.165794073171942
QEQJAA	0.7631251975944577	0.26629178248716523	0.2358009558130172	-0.09434214788667505	2.2851650089351594
QERNEG	1.0483388365871456	-0.4449207620866839	-0.003046949121312051	-0.24168469716631283	2.7124086417216717
QESMAC	0.7930986700642002	0.6336721761878193	-0.12681642150987268	0.04179814588153835	1.4967808165373055
QETJUU	0.47013924371225846	-0.5127037720631035	-0.09888477361761819	0.3890182852739273	1.5724158317088892
QETLAG	0.697867036499213	0.6221810681711247	-0.1879322720987332	0.1204176641166338	1.3261058817904376
QETSEO	0.9512869920038858	-0.4453234266858779	-0.11382248973817645	-0.14303304611832057	2.2508867904631202
QEWNAH	0.5548251675936271	0.44887586835633114	0.09159849243133872	0.0187892475791063	1.6174666945766627
QEWNEO	0.6853934868408924	-0.5900362606401609	0.3276664917603375	-0.0014436447039193334	2.8940173714089497
QEZPUJ	0.8857133776111308	-0.5967878899445653	0.1601685409355367	-0.05105457633833556	2.8239867686514892
QIBDUD	1.0007525714604135	-0.5746333353351027	-0.06424560497489026	-0.07777231532745515	2.4490356506822932
QIDMUM	0.3453930003617458	0.177734882797264	-0.0120326914279675	0.06971454250662237	1.4669112190918232
QIDNAT	0.35051764683521647	0.2171765908639928	0.005274791442869742	0.04025858782435619	1.4771929176919292
QIFBEM	0.8200779039886283	0.6854620017560892	-0.06506780500323583	0.0028028684536078735	1.5966246282485166
QIFDIS	0.8199740246006089	0.2650691551947002	-0.05653429314273116	0.2620827393178744	1.6826228076318737
QIHMAY	0.7233605127169644	-0.6537223769703844	0.08521235318068035	0.027883583262591896	2.4631255098254625
QIPPAG	0.7724813967891571	-0.42767052234797687	-0.1568185280867721	-0.02278671979653337	1.8103499698721168
QIXGAF	0.48540055128630444	-0.08891888522480093	0.3377457827143951	0.021260584029581336	2.27728348053342
QIXJEN	0.39767751275007246	-0.625697347565583	0.0014428667756418087	0.15980145597157294	1.7487713093715662
QIZBEH	1.013066016082651	-0.4490072514003609	-0.10671119976781937	-0.3113153797472088	2.3910487476986138
QOCZIR	0.5318476517572677	-0.3484850479091414	-0.6432200420160676	0.25524896637125366	0.989038615890306
QODVEK	0.7717563107311314	0.6395066015742293	-0.1259533457334372	0.04927546455686416	1.4578365840847
QODVOU	0.898580370679432	0.2254840601176312	-0.022582459952480212	-0.09466249809027155	1.9849722412730797
QORZEF	0.6298469578916626	0.4297964115963816	-0.12081315137767314	-0.1286061645176423	1.5098321603509208
QORZIJ	0.6193119814763364	0.417766845360382	-0.09565226695604487	-0.13719657653863124	1.541676128107385
QORZOP	0.6252475269128341	0.4717184417420041	-0.11259108504113167	-0.14516595680110123	1.5028777445746955
QOSBAE	0.6246901507257503	0.4637394985508282	-0.12979970291109041	-0.12182779496004288	1.4820305456588387
QOTNAO	0.40018045405920555	0.8915975970372687	-0.4252308541550926	0.0840505797922814	0.7756793235353474
QOTNES	0.4478426552267645	0.9401797924026516	-0.45307463261370895	0.09681937368727023	0.7642423987788569
QOVSOJ	1.0195256421593548	-0.3940425676304428	0.044657768354892505	-0.11617976098591659	2.7136215159853645
QOXDEN	0.8076216218694388	0.18903980058065722	-0.11433192030483728	0.21136139351664945	1.6029534726987482
QUPWIH	0.9246651739219969	-0.35541831532663354	0.1558997023927856	-0.1561488523058592	2.6384504302393816
QUQLAP	0.8336890692380816	0.3386477177552582	0.2851705278597645	-0.2796077258116165	2.4749852985607825
QURGAL	0.8641344888256572	-0.5457318171509046	0.2662139799805465	-0.1310422703737697	3.0652939537413557
QURGEP	0.769369540370004	-0.655559976412087	0.13859797177981598	-0.1394089589173365	2.7955541140673312
QUWSAF	0.6108648663328395	0.27407441320471926	-0.07106201009548185	0.19786714983497367	1.5912791377461604
QUWXUE	0.4367535454406859	0.594873251260193	-0.5592718536130079	0.21990150663614655	0.7335050381659386
QUYBIW	0.6886001618732003	-0.4491153457272274	0.37292232166365397	0.18323787506612865	2.8394356241176695
RAKSAY	0.7240986895224228	-0.20096113731250534	0.14598393558675266	0.06651196224401562	2.2435794925395696
RALKEY	0.7637217675893373	0.6059232415270965	-0.15193898000529382	0.06274579514334358	1.4500866896874032
RALKUO	0.8536633081833109	0.3341202964290151	-0.01046188761211534	0.015773865803279608	1.846987062320578
RALQOM	0.9018275671674818	-0.6004986992180387	0.1562274550803672	-0.07214816607993871	2.8467929911380967
RANSEF	0.8362431489450559	0.40623184032092563	0.02148262121558077	0.05483221154038903	1.7835976905482132
RAPVUA	1.0698938670815235	0.26957240881016054	-0.4316844929517057	-0.31785093185993196	1.4970333719178222
RARMEC	0.9338868913622713	0.41375812414870455	0.03810488942545075	-0.044917876218516437	2.0104170930280576
RARMIG	0.849936437180391	0.4074734092577975	0.24175311901144486	-0.11076778796293074	2.400280115924353
RARMOM	0.9061782219621994	0.2835878239215433	0.061368884538377244	-0.030575854138983588	2.0954219714400084
RATTUC	0.6266995126092505	0.39673810490189787	-0.1700690985164294	-0.059638633608888575	1.383759780569604
RATZUJ	0.9604661986643919	-0.6469926497916806	0.013604517817521034	-0.07874563681282386	2.5920705023748223
RAYJAG	0.6033516854413721	-0.04928917630826221	0.35030337947235074	-0.09448829797815098	2.442903004150149
RAYVOD	0.9566105706583867	0.5065413589727424	0.09446382114190946	-0.010543905539966328	2.1079922121372037
REGTIH	0.8981235898771462	0.10890300493797848	0.22071334982314705	-0.003191025259499422	2.3209429013606266
REHBOW	1.0157399426899216	-0.3715416114682584	-0.17247748126130966	-0.1762097631287927	2.213326067416768
REJKUM	0.5634539678395072	0.42715017924960885	-0.17795541113514363	0.11271192859979637	1.3186646784864635
REJXIO	0.5090970568349893	0.28959971092832176	0.32363745771620284	0.050431113426846974	2.129233589209617
REJYAH	0.6156689503509885	0.032331089839533256	0.688221442198407	-0.033981135974485946	3.217280214863364
REJYEL	0.5342232881704359	0.12263627871204968	0.676006094606268	-0.05973518314460749	2.9803094878689493
REJZEM	0.5851450051246943	0.4423525960289243	0.28536003127761705	0.058782628109108614	2.03162681161292
REKTEH	0.7972515704352023	0.6520077780728644	-0.1273077381178555	0.05540597138921044	1.478608501318011
REKTIL	0.7590221267059922	0.6268954446268027	-0.09004727587941722	0.038537247217920984	1.504896452091624
REKTOR	0.7472612993798773	0.619148707421399	-0.09786560113862072	0.043775009066759143	1.483159356690353
REPWOZ	0.15990062683139827	-0.7275657782599222	-0.45974973888048415	0.47788771190566876	0.8370615751449847
RETJAE	0.6121174600839812	0.29365236320159777	-0.5757160529863816	0.07480683810483293	0.9263106122009628
RETTIU	0.9779247325848086	-0.5963970461628905	-0.04352610084310744	-0.18804034756591065	2.6038503028687567
RETTOA	0.9371193736749079	-0.520172602611133	0.036295161393238254	-0.1856547675074176	2.603974930459432
REVJOR	0.6589219793864523	0.6281231532414521	0.06966623355073857	-0.04208507793067491	1.6937223748139028
REVMEK	0.8730264383105393	-0.5879195622460213	0.3649289003118911	-0.14526311212292464	3.3083994456282224
REVVIZ	0.5305520584775709	-0.36972620620258506	-0.7013296794206461	0.039539143651040096	1.0843593972990933
REVVUL	0.5305255062519048	-0.37010488604358777	-0.7025058682641179	0.04142283985596387	1.081162132585574
REXCUS	1.1803765786197111	-0.4431479319640918	0.15730696829309274	-0.3869722039733842	3.0534847680547843
RIBPUN	1.0313875256326908	-0.3589423475971566	-0.134200863149099	-0.1938175132018239	2.2786384294435233
RICKOD	0.6130948197606294	0.5776773790970998	0.09232203692671279	-0.052125961047839106	1.708990100961989
RIGVOW	0.9249028013655662	0.28187404393869764	-0.22135331553776522	0.2265168053129223	1.5517713727302853
RILZAN	0.6141571350789379	0.5210495906633629	0.06447911566605195	0.03936980040083002	1.6333636755083885
RIQSAP	0.583245819719779	0.6407170034237477	-0.3694560281034681	-0.033050981929320135	1.0367009313611528
RIQSIX	0.26050086935095607	0.12957803628536732	-0.5399443547972009	0.22221830167820167	0.6893926761751574
RIRKEJ	0.8819865792886104	-0.5569541389474872	0.005176785120348394	-0.11052046978230472	2.4258156219509615
RIRXOF	0.4888355558884241	-0.464548314684223	-0.11009703008269997	0.36489111575729694	1.5589993633213424
RISHAC	0.7923061301003411	0.6521374942821223	0.25699525688334957	-0.09403867745261148	2.2019015530430526
RISJAE	0.8626586227567197	0.8113795783621162	0.0698249336224856	-0.13938970979353374	1.8564477792330818
RISJEI	0.8833120326278046	0.8063565737548776	0.0036271176689519832	-0.09359669922018168	1.7642670068072999
RISJIM	0.8963785894168765	0.8476386594857138	-0.0708868915099079	-0.06849265608326006	1.620290863244776
RISJOS	0.7999211275777531	0.6946113501437315	-0.025665979524689617	-0.03576229025982298	1.57649333043089
RISJUY	0.7945724629132167	0.6769174784140835	0.18316611791520263	-0.1725216939106328	2.0347974787307335
RISKAF	0.6565342690101534	0.7018212530096284	0.30906800647317695	-0.37716498422139505	2.0865031051849066
RISXUO	0.8957699986702208	-0.6336323317808574	0.041179142401043145	-0.058297219476673046	2.562764531366257
RITHUY	0.596212379482747	-0.34237742719033565	-0.25417626999058623	0.10302354322904819	1.6208978164834136
RIVCIJ	0.772035283978334	-0.3943145126987493	-0.030681673117502	-0.11074131374171654	2.1792351942394492
RIVQUM	0.1891594323737813	-0.10769097138551324	0.5048931622831909	0.06746515442012882	2.275970052741905
RIWBAA	0.17057848043429846	0.6023307212015742	-0.3776054212431033	0.22604900041431797	0.7510916876453806
RIXZED	0.5748831997286592	0.4892007875835337	0.0862659795693542	0.018130805035842953	1.6313161240768375
RIXZIH	0.5740979038085463	0.47361687742560016	0.04024934929067911	0.055412464436207204	1.5536027179096406
RIXZON	0.6173801924902609	0.5574246420844643	0.14957785164870493	-0.06426958901883409	1.7848335661879715
RIXZUT	0.6006394189562148	0.5307791152593401	0.13869691146006746	-0.038719620998999844	1.7343692609106127
ROBHUL	0.6277136560728964	0.5678993806390985	0.11008465500029957	-0.016394533762301114	1.7131359742558105
ROBJAT	0.6335217827566364	0.5684847607459835	0.13579798193774395	-0.03164731911286267	1.7658061819829751
ROCFAQ	0.38377777813945313	-0.7650103274786577	-0.3598578039720226	0.3784621249692719	1.0775946842911082
RODQEH	0.8769959226806012	-0.5440201251898467	-0.02557216967418897	-0.05048062656423988	2.3357720458751814
ROFKOP	0.614266429371269	0.3104813878195979	-0.21689787688520587	0.028475813670282055	1.3561579450083086
ROJXIY	0.9086803280072777	0.07755067227265033	0.337074888440663	0.034779340049776813	2.6605131774732516
ROJXOE	0.9459183396032174	0.17958143701088963	-0.24700130781969615	0.22105224615533758	1.6151391903285062
ROMQIT	0.5236686861262969	0.17007832492200622	0.24643123239780007	0.06744867784880373	2.098458458094312
ROMSUI	0.5363736710009781	-0.6692437291431892	-0.10475181116052168	0.18470428951548173	1.6706831810570304
ROQRAT	0.47195246976293115	0.6154448761154989	-0.07174700682542123	0.2226086696543788	1.2027252504736288
RORXEB	0.08225437635398247	-0.6224438583517126	-0.28627803104364236	0.5136289427773222	1.0473634591357286
ROSDOU	0.7186810477783521	-0.40073684774146834	0.32630107713184503	-0.03612387050665587	2.850494154001385
RUGTUI	0.8604551071062776	-0.4569831713459528	-0.09455800582467444	0.06351748999583992	1.989654494102274
RULVEA	0.605892074950094	-0.6991255976700925	0.27655365853247615	0.21715373122760218	2.596029902142199
RUMBOQ	0.8155536691064835	0.13512620371680611	0.17885157408383648	0.06502628166489127	2.2916050162451547
RUMPIZ	0.6691235587136033	0.3598999639980296	0.16465547257399765	-0.048664821312368475	1.9273900491007963
RUMPOF	0.45678582538407486	-0.01562113320556103	-0.259572786894353	0.1968891459646216	1.1991190297698215
RUMQEW	0.4377520820510763	0.287181596318986	0.13379256724430147	0.04727014544758329	1.621046349664364
RUNNIY	0.24100191325989284	0.5800823778436824	-0.608126144070561	0.23638496233296286	0.5899703760506606
RUNNUK	0.402539422103541	0.7089780354236744	-0.45252521883389646	0.1651685925948161	0.7765273529123351
RUPWAB	0.5862069134345624	-0.7064947765006759	0.02197158454114398	0.13641529113393885	2.1183026370028326
RURBUB	1.0119270053211809	0.3169966900683177	0.2711305902028692	-0.027051300925714818	2.572348719890499
RUTBEP	0.7595361829931875	0.9152590333845654	-0.1851093849274194	-0.14872178522659715	1.2343016643161475
RUXSEK	0.7931809240098859	0.6744888100611169	-0.012870568160830202	-0.025965127995027218	1.6980812236287783
RUYRAE	0.8335661367723528	0.1934403968863874	-0.2028786732457685	0.21968678525070295	1.5195584669209135
SABMUD	0.7941172395187905	0.6619030420896839	-0.006016243068074537	-0.0704678731370446	1.7008085944818123
SAGZAB	0.8367922861844654	0.07758539167059085	-0.1280492528419599	0.21266841842021855	1.7071078707383622
SAHDUE	0.45254883930928536	0.5967084744688808	-0.28457584473514197	0.022433752388461597	1.0376938136253242
SAJKUN	0.5142586806596845	0.03664557348833394	0.5005956959095352	-0.20002840423677737	2.7304041504337815
SAMKIA	0.8752744087592461	0.559549081958494	0.005136296156110186	-0.04482868045870543	1.7276244706977284
SAMKOG	0.872657625381609	0.5658553676168624	0.03473910813409879	-0.04150469144876224	1.7598632320247078
SAMNUT	0.5953323860610942	0.37352294209571746	-0.1273554935327279	-0.06313109725761692	1.5232943530932763
SAMXOT	0.9438783035786393	0.5807434767464921	-0.0959732479449302	-0.06398443709317393	1.7259677964305742
SAPDUM	0.7761410310317869	0.2875520327656367	0.28199325842480466	-0.21821184842628907	2.4069588284891505
SAPFAU	0.735141797141873	0.34055135686844146	0.17649243595847164	-0.05598682454340405	2.0679773160300927
SAPJUO	0.9732378878852908	-0.4834190063770446	0.2933374656323926	-0.12065842876374917	3.0774973364471796
SARHIF	0.9031376674699159	-0.5979770408849334	0.15457368503039326	-0.07590443160136207	2.842114774816136
SARROV	0.5993624612654402	-0.7919138309639571	-0.33895008366735585	0.2061180634214485	1.4194927086764006
SARRUB	0.7786776863097629	-0.6758506607083552	-0.34096270907712756	0.08738163652329142	1.5746241271282817
SAWXAR	0.8661039520639706	-0.7226372008001263	0.06474948996022296	-0.11701370984087603	2.5584678538260044
SAYGIK	0.6188331492832706	0.39534312640783514	-0.1284490620970223	-0.017760487753828	1.4152549404069927
SEBPUL	0.7919249250000542	-0.11993745341344564	-0.6967990481423514	0.12032460705297365	0.9464155444112321
SEDFUG	0.5832945687051181	0.3167048610374859	0.20452459286157115	-0.07794842695782223	2.0328864350017057
SEFGIT	0.709730201040129	0.11688221698344951	-0.03882957702509155	-0.11739017777921829	1.7108787809061556
SEFGOZ	0.6343157516115161	-0.03127480646335461	0.07694899592442175	-0.01601615237312584	1.775913364669854
SEKCOE	0.9591695486959457	-0.5660191261890194	-0.06805760098805519	-0.15525724752722805	2.486275739343778
SEQNOU	0.7931576327196233	0.655056084626943	-0.08858821227579289	0.024192537158520377	1.5260860954572437
SEVBAY	0.7214160348309013	0.500938528622789	-0.017660871357851316	-0.13009237357011755	1.7656820096593582
SEVBEC	0.7410090031474716	0.4500813253748312	-0.0006909256912222758	-0.14709026081500906	1.7963799758739978
SEVBIG	0.7273498349742651	0.45529612630265726	0.010234705410457831	-0.11559019868614925	1.8342486965880873
SEVDAY	0.7996339114914397	-0.09659826809883423	-0.15988998222553558	0.2161456220068787	1.6499329244410483
SEVXAT	0.5485373703726486	-0.5181590468476452	-0.5428938495043983	0.10841714604704425	1.1074940154977977
SEVZAU	0.5546351024351406	0.8484153789720738	-0.20788676924396277	-0.04147032642343856	1.0799358360869342
SEZVUS	0.4272585914666869	0.30504573708612576	-0.13683655880396645	0.22327327302475314	1.230877289620512
SEZWAZ	0.4102721862571461	0.2998610318059432	-0.07263149406140088	0.17947771795619227	1.3272796181471902
SEZWON	0.35217162394351265	0.2768516459929703	-0.16811788810176753	0.3044919143554384	1.1375500574977855
SICFAM	0.7410887423371939	0.28013465758767975	0.42423559211827394	-0.12719752037880616	2.6268797933314865
SIFQED	0.5382066659699651	0.5526174269165566	-0.21291873215986926	0.00956204072227683	1.254129451804384
SIFVOT	-0.8032445367623047	-0.49179167407702173	-0.5455912292530158	0.36512068306038126	0.3536743245326368
SIHTUZ	0.8188033199436324	0.32189930685266616	-0.09331921147874941	0.3029044960421921	1.5984792753939585
SIKSEO	0.8416931156418341	-0.6654748314225558	-0.50585198288396	0.07423687897779971	1.3064138749202143
SIKTOW	0.8190022233799228	-0.4280698374999685	0.2826546021869865	-0.016243637205208217	2.8202529871831783
SIKXUF	0.8848829345987426	-0.207475780413106	-0.11775540084698635	-0.020682531853341755	1.8906098613393483
SILGUT	0.9507784053684523	-0.5826623805957025	-0.1254066375299186	-0.15862869697782067	2.344548044835894
SILHEE	0.9535186131224229	-0.5899918652345937	-0.08641243349667774	-0.19331410432039448	2.4754281653913073
SILHII	0.9510739802410191	-0.5817597888354143	-0.12559203829238136	-0.15929900333356217	2.3429321654080595
SILHOO	0.9509313705226816	-0.5821707561896253	-0.12413502263095405	-0.16034176175178164	2.3479112584679362
SILHUU	0.9534663076389212	-0.5910308573732511	-0.08260194443094807	-0.1915025161462071	2.4819133866747833
SILJEG	0.9530308012364861	-0.5912055550422195	-0.07777364977243748	-0.19415996075772513	2.492802057676041
SILJOQ	0.95387486510295	-0.5922663490174851	-0.07949387909971405	-0.19006260356946214	2.4885696861143565
SILKOQ	0.9703038082861646	-0.7443261806084619	0.20566149514457854	-0.05069670679529618	3.216505222871718
SILKUW	0.7034038906706046	-0.6189069888607978	0.2864966359136547	0.0627862166790904	2.8209840121010012
SILLAD	0.8793636522493671	-0.5134648788872045	0.3074349145241463	-0.06947529479172178	3.1727533820501908
SILLIL	1.0750640375103693	-0.04825469886576432	-0.3375753394368855	-0.2169391232717702	1.927727838328107
SILLOR	1.0191095921672089	-0.0690935642298259	-0.2771196339601233	-0.17519944437912838	1.937362849778549
SILLUX	0.9921209123909422	-0.3344006133808771	-0.046896469287439124	-0.12923417701993045	2.391976170294803
SILYOC	0.4748969889618029	0.5412476271254515	-0.4155034324583182	0.15618302333121686	0.9066056354612126
SIMXOB	0.6646400646918549	0.3928503263289098	0.18243820672058447	0.02157040448584395	1.8837402193867083
SIQLOT	1.168917506353493	-0.010063188499486383	0.2677131008410283	-0.7124754186828703	3.5559955427851335
SIQMIO	0.7171941757345959	-0.3946675028522592	0.40502546093019176	0.17306062199861183	2.902806596901743
SIQTIZ	0.6182797243444478	0.06599648636993204	0.6164127172968155	-0.00021001724138056121	2.888590559497315
SIQZUN	0.6246226422756447	0.04150658805453551	-0.2710576343536877	0.015015282598146718	1.3184209297087195
SIRCEF	0.7929606865863956	0.036779580980249305	0.4462164376556195	0.023386701665525936	2.793589313184146
SIRCIJ	0.6173450659668864	0.06313748854674846	0.6194291920977031	-0.0013857099709063403	2.8964217373033287
SIRCOP	0.5870817976659595	0.019093205483039617	0.6492053264392805	0.0033752582426390537	2.9816273470876506
SIRCUV	0.6269920973399081	0.06655493003477976	0.5985391843878063	-0.00833250464664699	2.8965507277595397
SIRLEN	0.8233156722169932	0.617047830863611	-0.12111750067339078	0.05285096498466593	1.5599990165030642
SISRET	0.8211541752156677	-0.561095704395078	-0.5251021714333002	0.26870717360003227	1.2136227414593956
SIYWAY	0.6358877811385444	-0.539265801508158	-0.2542175844433173	0.03891064002230042	1.5825492922718805
SIZHIS	0.9919473932305065	-0.5519696700932314	-0.6977317597349177	0.2504729228294526	1.2171632901839784
SOCHOK	0.886437954137457	-0.51295622758042	-0.06187482129019807	0.013162919278733184	2.1575431114282333
SOCHUQ	0.8659646559904859	-0.44186362704004634	-0.020564696918763063	-0.1572350421971581	2.2444279933629003
SODVAI	0.6203102091360488	0.36001863575742193	-0.4923211669429887	0.07028164591148345	0.9973663045335998
SOHJAA	0.4340863667180015	0.25129106295466774	-0.03693242187402368	0.18089712616276382	1.4688837960525305
SOKPUE	1.0643046208769729	-0.48967632968947905	-0.16074587600096873	0.011554047441493312	2.176229022978196
SOKQUE	0.7525462908686551	-0.5567430860686593	0.23142033128719053	-0.010327860916284876	2.7391170915154905
SOMKOX	0.3990240599143946	0.13688747577154248	-0.10360204208164417	0.016037840025126163	1.2980559443805932
SOSGAL	0.8128375318888956	-0.5387067014963619	-0.08376946546092152	0.11133563504222982	2.0979694045592243
SOWNOK	0.5716324947281715	-0.3642344767854308	0.038001867774129075	0.08578011334515315	1.8553291822201676
SOWNUQ	0.5697551979563018	-0.708095671946499	-0.38760664766900416	0.1797432543821767	1.3087619182475372
SOWPAY	0.7714191688595466	-0.38314215173597843	-0.0847589878920914	-0.032434827687282335	2.0109192298986294
SOXCUF	0.7379073096395681	0.5383316489216743	-0.17794096708710894	-0.11850647626725072	1.4970376800728147
SUCXIA	0.22610056495958597	-0.6370358116668374	0.24902496723840356	0.4741636042222867	1.9893987209035555
SUCZUL	0.9351628681443076	0.272802325909085	-0.27232374059742215	0.1014572105877676	1.5067553377044733
SUDBAU	0.9436776224509442	0.28216660639478985	-0.27346504934242516	0.09192296609060926	1.5179041316268793
SUKBAE	0.16320132268678567	0.028007885089111208	-0.01989634231189973	0.3555359997724659	1.2916845375934876
SULCMN	0.9618884679716739	0.3714268421114458	0.09045243077937767	-0.0514814380476751	2.10046304195474
SUPKIY	1.1006607519721383	0.3359821268792573	-0.3212207455852097	-0.4076059218303038	1.813577330264121
SURDIV	0.6731621878884999	0.3566597599374991	-0.07377147851420285	-0.1531555959415459	1.711658615760899
SURDOB	0.7048800006071785	0.2724821930430889	0.15022106500403665	-0.1963464062047393	2.1060454753280435
SUXXUE	0.49668362260127763	0.17833311124261755	0.0822544289639286	0.08989387232117549	1.7261926705492336
SUZSAH	0.9208707946853023	-0.4139283557444378	-0.03731262021924035	-0.15584213963442994	2.4241058168537597
TACNAN	0.33193515547299857	0.4669230991913122	-0.32710528584018905	0.15927804394308326	0.8979268123352873
TACTIB	0.8279162601675489	0.7558481503667733	0.019124078785287782	-0.08779028925562803	1.7352810235610763
TACTOH	0.7516194501168032	0.711673158097368	0.10972866159346581	-0.10380080192209515	1.7928508788927604
TACVAV	0.7373453125129155	0.748384545057921	0.38070998938037975	-0.1451522468023087	2.3689675813129014
TADQIC	0.988225894214156	-0.5630933403270051	-0.04897320470419987	-0.1523855624662815	2.5441685250447037
TAFDEN	0.9881694538856207	-0.5621475169544788	-0.051401941229574706	-0.14929933005696855	2.5330005792030597
TAFRAT	0.4818758528351741	-0.18472334986375927	0.43533478635841144	0.2479012320890735	2.7235871899933564
TAFREX	0.4493485234916226	-0.2034049404504815	0.45497059660608213	0.240705471776742	2.7092939830869245
TAJZUZ	0.8690514351920973	0.8417073252055645	0.1715927391722478	-0.1895107174381962	2.0362980995470052
TAKDEQ	0.9088527919751739	-0.4834728355779083	0.33100477356778923	-0.14181689073404624	3.3874153878886113
TAKYEJ	1.014825404703334	-0.5797599456067819	-0.23939954919912043	-0.15800262487141004	2.211868120756092
TAKYOT	0.44334608886532534	-0.3033021272043972	-0.2587257344173124	-0.17536624552297173	1.667062617804452
TAMDAM	0.7969886923762726	0.5150346288118419	-0.0028528090321359723	-0.0259851566037535	1.7285356254696447
TAMDIU	0.7966754426632292	0.4995095740211173	0.044028301971224815	-0.04488101479266966	1.8012325600748027
TAMPUT	0.8482264882812185	0.21398532674238974	-0.2166178021885121	0.21566570579979272	1.50653821621342
TAMQAA	0.9401185705539419	0.44768943600114275	0.10224463666912362	-0.01989615922281382	2.095204126719591
TAMQEE	1.049151426883233	0.5543278215866273	0.0468927297328756	-0.10604608684057644	2.0260359510658876
TAMQII	1.0843558532659197	0.3524787546777439	0.20606071636182619	-0.12771156440482453	2.5141066060284176
TANBIU	0.3646408671562025	0.23111176983893483	-0.08587220485632371	0.22290783991792196	1.2827211740477953
TANBOA	0.4968116042716417	0.3535956558527808	-0.07056494623675329	0.12817050723554704	1.3657536001206099
TANYOW	0.8422668333768364	-0.49347300545806044	0.2746893893533054	-0.03138616420362696	2.998229620515696
TAQQIP	0.9842271132500331	-0.5741446095870993	-0.037170107860501095	-0.14477153621463829	2.5566274991956206
TARNOT	0.34229067999890894	-0.1869473390505942	0.15697066294089448	0.28401660123080136	1.7389814298853048
TARQUB	0.7646986236831577	0.29615851171450414	0.1435378246917279	-0.051625018921587995	2.0577634720200084
TATXET	0.4814204846603731	-0.6568288655691097	-0.2704872950352566	0.10553339153104813	1.411322378617324
TAVFEE	0.5547949224449527	0.23246195113036858	0.04168933406725367	0.012732789759584862	1.751513417933458
TAXMIR	0.8566756287918862	-0.6164010266723241	0.20554402308614292	-0.04013970131878153	2.881124414035581
TAXWAT	0.7715874951556225	-0.43639031931923866	-0.5560746553589209	0.155245155806463	1.140777864493517
TAYKOX	0.5932848910196817	-0.16080950782227163	-0.38996914717053666	0.2651796157848819	1.1068999014584657
TAYKUD	0.7158906457592016	0.09426916216676687	0.08232045657040804	-0.11548249091296435	2.001478820152431
TCAPMN	0.4166024227437468	0.5680119200926317	-0.37928713027733785	0.13714859086100023	0.8998037032355843
TEBXED	0.506546555400011	-0.41526679739524186	-0.1152939980836535	-0.2970864784173449	1.9782085566403054
TEBXIH	0.5628114629964935	-0.44719188705456503	-0.07839092900132807	-0.2507520236702355	2.086419937228088
TEHGAQ	0.884800397899232	-0.5982316074563135	0.15945887613877832	-0.04953959129970523	2.819479359126771
TEHQIK	0.9566733988810965	-0.5689128755431568	-0.08392704308652904	-0.14410675128066258	2.4154992647607822
TEHQOQ	0.9565555181121095	-0.568789326221936	-0.08322013465589566	-0.14729864660227998	2.4206562598313495
TEHRAD	0.9559028372211422	-0.5697000764083211	-0.08500987258313451	-0.1471823513588496	2.4167593720967226
TEHSEG	0.032156085677483404	0.12958331141926296	-0.21073703431172375	0.3302232677824155	0.90352005097458
TEHSIK	0.22684882992347122	0.11840302632223532	0.030933676758209017	0.3340808824121204	1.3257252048276666
TEHSOQ	0.8228962750464168	0.005225398154830795	0.14718970363413142	0.11358033644293425	2.32728955541484
TELJID	0.5584157311489513	-0.7542959487086358	-0.18976079196811155	0.12763554807545952	1.5987425518586345
TEQFAX	0.4630229468144149	-0.5465926610071216	-0.04114587121135139	0.04270880475909898	1.9246024749477146
TESJUY	0.6362173644335245	-0.23410269511949114	0.6092516364743874	0.0010098403719585869	3.282778268709591
TEWMEP	0.7924378495642994	-0.49406311253570745	0.2446531111364646	-0.10165950010325865	2.762452027764213
TIJDIC	0.49510334209993	0.5506858382842122	-0.23475583955953186	-0.032491071717570215	1.144633167405607
TIJDOI	0.43600590831607766	0.591764225872912	-0.22778543886758826	-0.023340289468745647	1.1027601638591793
TIKVOB	0.4782800021838667	-0.03476301458122802	0.4138328685916512	0.04012130860093149	2.47872899195709
TILJIH	0.590924324729925	0.5873685263457613	-0.05594604173688801	0.2419542221031224	1.406560955176115
TILLEF	0.6404731939505908	0.6945393166151772	0.3434059080288203	-0.13845363501132701	2.2810491584891803
TINPEO	0.4577936377248246	0.44210894434873044	-0.145482666689172	0.1933165040212923	1.200711961688637
TIPDUR	0.9937845942681927	-0.38050275944722567	0.38437724395479567	-0.23185711982783835	3.2763070878289167
TIQXIA	0.5262038881652433	0.5694030915545808	-0.3890061721126809	0.08327360661411512	0.9641447269948691
TISDOO	0.817378633741261	-0.7136337653768222	-0.173484558768639	0.08917218371312877	1.8847324716542082
TISYAV	0.5318458193623994	0.5294717426001908	-0.16490314194799638	-0.03444829227635343	1.2397437518113112
TISYEZ	0.5110118573847964	0.4525937017235608	0.04154358605624242	-0.15153543648734624	1.5721941355918139
TIVMOA	0.9166825283243334	0.35699524289290185	-0.14833995362539532	0.07770953744216985	1.6216047596550978
TIWMES	0.7520810766256938	0.6280987182945981	0.18096443678710172	-0.14875282357578062	1.9741918146268955
TIYCAF	0.7900739990243331	0.6336037950923279	-0.12964237382022692	0.04837033045199218	1.4773260090398752
TIYCUA	0.8264279775699244	-0.5308239499423523	-0.18337115446755353	-0.024976142861662998	1.938625683943662
TIYDEL	0.7973781881251885	-0.517316028636174	0.03740408835290507	-0.0434853153512428	2.3346608415121417
TIYDIP	0.9665067151197091	-0.4968356640882965	0.09551903385609423	-0.10937146355371591	2.6796354745553703
TIYDOV	0.8457705028378708	-0.4123479511459679	-0.14235233217260895	-0.06951607320838048	2.058092686038918
TIYDUB	0.856195966186382	-0.29695554396299084	0.11272357356207835	0.0725471372463598	2.3810508818337346
TIZMOF	0.750598744804531	0.3401751786872749	-0.09594267012040228	-0.11925946160475363	1.6937414988466264
TNBPMN	0.9831481881111426	-0.04886412655235601	-0.19480317402645342	-0.18399531252801143	1.9352390188912003
TOBTIQ	0.8691754177788198	-0.2712470911946001	-0.423470409715262	-0.24812211785819457	1.644257598515182
TOBTUC	0.893337750869831	-0.43021170292966876	-0.13637088053035323	-0.2902686676283932	2.220995208181025
TOBVAK	0.5713368703769834	-0.5592632166144114	-0.15871444495600262	0.01627077227952356	1.6759383557941527
TOFKEH	0.7327728896196799	0.7365912490868246	0.3253028085064967	-0.12472180964826671	2.321416839360424
TOFRAH	0.7886190631551049	-0.7470418244227675	0.04343140966492384	-0.028599094382068972	2.5083063626858504
TOMBIG	0.7084851926216151	0.18658993071069366	0.38284796657830295	-0.2656434562370406	2.6966490109066372
TOPRIZ	0.841481737389425	-0.45857678211581243	-0.3851899873439491	-0.020397828676812328	1.5114272907929784
TOQHIQ	0.7179255018079855	0.6936946668246159	0.2887236164980715	-0.11884532264040058	2.223186054629669
TOQZOR	0.8207054099982605	-0.45980826567577127	0.09956429243880763	-0.257241394680231	2.5850954384976204
TOVNOH	0.8373592280504889	-0.6736361464641768	-0.14952845285266253	0.15336452989678395	1.9357715656941783
TOVNUN	0.10072175908512992	-0.7231365502637058	-0.5903286354211792	0.624110688157097	0.7632835155863743
TOWDUE	0.506512967270897	0.5124797216477226	0.3938944672971542	-0.025912912420685393	2.098070899522069
TOWFAM	0.5621032089547544	0.31996445797660833	0.07117458095376251	0.07206681007284296	1.744472026782264
TOWFEQ	0.6255069674060829	0.3263782341273824	0.18220241918192204	0.008144790052081255	2.0106256818718227
TOXDAO	0.35796133786399187	-0.6337706682963142	0.45831739917731856	-0.1332287236965152	2.844520853186247
TOZDUK	0.3706448028898106	-0.12122864472421306	-0.012591255449221236	0.1338907926678351	1.499561897889795
TOZFAS	0.5681429531639948	-0.06732614797886526	0.01799272355995267	0.10339690696515014	1.7246656325206655
TOZKAX	0.7399648963508421	-0.543218706831991	0.056780599420434674	-0.22075940483543646	2.5070894510683988
TRPAMN	0.9492836024509987	-0.12064961785397477	-0.3106213923700976	-0.15962744299696702	1.8746268883169708
TUDJEH	0.8303060410153895	-0.47667925025073776	0.3790733881179543	-0.16354536539995151	3.315196419073236
TUFWOJ	0.9201322688832683	-0.5773663793053668	-0.07540324370072418	-0.08126815572872925	2.319878565374696
TUFXIE	0.9172658836990966	-0.5796500466828166	-0.068124725794283	-0.08888221536160823	2.345135257612588
TUFXOK	0.9170395378494378	-0.5799789556894532	-0.06951350523328169	-0.08905804967936089	2.342575833221995
TUGPIW	0.4781466047142211	-0.7643708698061918	-0.17210503252367987	0.15702362390824734	1.5752859322064516
TUKNAO	0.8644706987061728	-0.6206076418696747	0.2444940338950758	-0.09239995105290054	2.9951225645812998
TULBEH	0.7108400840249445	-0.008725717429115046	0.32787349331678967	-0.17763278573735553	2.7107348461422136
TUNPUN	0.8645940773589329	-0.5876524690921474	-0.18374151559040333	-0.0353842408464789	2.0163594193949193
TURRIJ	0.9345023117633504	0.7600943996059701	-0.11673504514661417	0.03176300176097546	1.593633729739994
TUTKEY	0.7283472518394287	-0.6166501056682874	-0.11857461078878762	-0.06811842111124367	2.2561174388023555
TUXSOU	0.7818567515459138	0.4472099611510737	-0.04789683391292619	-0.19076469967924858	1.7851072902529652
UBEJOD	0.790334222659343	-0.543528667140422	-0.29628895672805605	0.11056645101106169	1.6384150387614675
UBEKEU	0.821983817066867	-0.3860406444034205	-0.12943963425759636	0.03450407020298808	1.9086647895140145
UBEKOE	0.9247110093639526	-0.5205381414958128	0.22502046012300658	-0.03768020057692044	3.009604267790986
UBOFOG	0.7502470673649446	-0.5141931749272152	-0.0906863397488267	0.03766467930507271	1.9787722391658191
UBOTIO	0.9094837341541462	0.7295964720817166	-0.17230004997475937	0.03640756470477781	1.4529914848203676
UBOTOU	0.899719767529156	0.7154039202522132	-0.17954228122664498	0.06209520586055367	1.4337039025960123
UBOYAL	0.6585942026954452	0.6968177300505891	0.36247418746010895	-0.12613890542481118	2.254468134576326
UCACUZ	0.8240327673244234	-0.6807981369145689	0.08719989974665326	-0.011214414829667813	2.6204120906442627
UCADAG	1.1117841442108363	-0.2995436883387205	-0.23257327055761925	-0.1268624695787823	2.0548708530723983
UCEFAM	0.885884408913916	0.6521591964408288	-0.051489625231051356	0.018210349379151877	1.7285333639241514
UCODID	1.0070141936762163	0.43627596548470976	-0.12487395449345608	-0.006362746895979016	1.751390526181038
UDACEL	0.7935973397748857	0.38370802557100664	0.01457792613781693	0.05859975456600078	1.7920670384525654
UGIPOP	0.5288910035013266	0.5407783071027505	0.7188110228849707	-0.12408792518320828	2.965808255621341
UGIPUV	0.6269063680791875	0.6558522601789856	0.4756651486639191	-0.15106095877340545	2.516228141329254
UGIPUW	0.7007989192754254	-0.6272681937047736	-0.2642257628084139	0.13103353466344167	1.575209981427712
UGIQAC	0.6534849886862384	0.6872304160630454	0.5334662492977269	-0.15698500750160932	2.628791022763103
UHAREA	0.6759145064346868	-0.441883043247741	0.2759437891588499	-0.09178495908323385	2.6625429877796245
UJEJUP	0.6638381301464582	0.38118803768639764	0.35294841304240254	-0.09004229799878805	2.2940093781899096
UJEKAW	0.6596764622537759	0.2876935033199558	0.3486026468417204	-0.14527902699276823	2.3808801696905872
UJEKIE	0.3669402696928121	0.08790439747096641	0.31728425040693825	0.11388643472270843	1.9971201507026834
UJELAX	0.3756370352909748	0.0852159746896145	0.31328157306881005	0.10585927624257041	1.998786304955866
UJIQEM	0.3547002055447064	0.0236990030825508	-0.1970536834746177	0.23205256852759726	1.145695957808694
UJUZEE	0.3544470844072731	0.32821101567945843	-0.0613967652606029	0.13871970235033135	1.2183058166660496
UKALOI	0.6931514543975945	0.7446933748228675	-0.5534579507174244	-0.003923231471020583	0.8533836311591003
UKASOP	0.5004939049649053	-0.5649840737822176	-0.03902342304832499	0.2698374543464892	1.749197055669117
UKASUV	0.6275221981165107	-0.22838544065797584	0.07814152092367091	0.06893344300510873	2.019007126601538
UKENAZ	0.08375662100636161	-0.3328639863605372	0.3769864784665834	0.2554275531226616	2.0285790034210733
UKOWAT	0.8792519429554	-0.6095854258287842	0.020694821146583414	-0.08262668930248719	2.4804499738844696
ULABUG	0.7992276338420785	-0.16051907579236985	0.5010956067914978	-0.0676713598543973	3.2104983365968116
ULIDIE	0.926900313567411	-0.47306453141149263	-0.220391131177237	-0.0533751846175706	1.9794495661302975
UMELAA	0.9565502865590068	0.7501458216239614	-0.17848471222658283	0.0869022132669924	1.5339534489778892
UMOXID	0.7280698861623751	0.7741240563297218	0.21864084973080117	-0.14873828695740907	1.9828194274584634
UMOXOJ	0.7180514157225542	0.7666836340481604	0.2489904206084707	-0.14933592324597172	2.0327385161808635
UMOXUP	0.7699944485876502	0.7714561644986672	0.25386052284055355	-0.13971065400881982	2.112234833808536
UMOYAW	0.8474540525515666	0.9207074112283666	0.1981740740180695	-0.19892736681737555	2.0178249304176132
UMOYEA	0.6934378268973269	0.6809262322344585	0.2998815088268204	-0.1550981372399972	2.1390598256673763
UPUPON	0.6325471374668243	0.06806518694057012	0.40169505944802	-0.04210274869106296	2.4838075217910767
UQUBAK	0.6253954846762735	-0.6944059550628201	-0.20539391737541413	0.12481956592894922	1.6249116616072767
UQUBEO	0.6114779927120617	-0.680840417473089	-0.17714595967994232	0.13324171325742085	1.6248136701252287
UQUTUW	0.9280918294675056	-0.3399695491539347	-0.153789318122467	-0.21156058937340383	2.0554305701493223
UROMIY	0.7477748011728638	0.6947525552053042	-0.06865679613313971	-0.007288107785083833	1.482588549750139
UROMOE	0.4594775168587173	0.5444595661069921	-0.1033075103075438	-0.09153357107345543	1.2713986943137172
USEXIC	0.8386425958650703	-0.7585433669435195	0.05408289358883954	-0.010082096928962989	2.5715766359756618
UTODAK	0.5021557256976159	-0.09717199855844842	0.6728893806119496	0.025010709185133442	3.050683758316839
UTOVEF	0.7141683064643001	-0.5466565837186839	0.29155854184375307	0.04912153212637821	2.7785787898020504
UVOYEL	0.9117572392331823	-0.6357109592320452	-0.024786623720543	-0.1903153849220148	2.543964928415132
UVULAZ	0.7741863406498011	-0.6174572711168161	-0.11136042960321646	-0.0866192416179371	2.348694988417373
UVUNEG	0.8808575007305786	-0.601036519786545	0.10819930417746573	-0.07491707913475261	2.793952548291677
UWEFAE	0.7003643347701898	0.007405577915165117	-0.3142105758440275	0.35200324961676893	1.2946275941038672
UWEFEI	0.8705586963116945	0.2864308053515354	-0.19979077586261598	0.22052524871761192	1.523368264547254
UWEFUY	0.8318961176289008	0.23676090093426605	-0.260993943723575	0.26509740181500313	1.446816517112705
UXEFIO	0.47731783971282704	0.0768801710421392	0.05877679458592186	0.11811219673009113	1.669547440208953
UXEWIF	0.8524540631039086	-0.6188835710550293	0.21563081157644787	-0.029308103760259697	2.9053897459042646
UYEZEG	0.6520057833758139	0.21212795836374176	-0.07345207227135485	0.19281540676207043	1.6702871159297958
UYEZIK	0.6782110098433831	0.023657965601319806	0.18811730091720383	0.05887408181487355	2.1558587381420935
UZEVUR	0.6639172717136308	-0.3098821571960979	0.11271836051586959	-0.005853594871660692	2.1321885336229354
UZEWAY	0.677761982334542	-0.30712053769135467	0.04289599532683529	0.015356065447173634	2.003930369483174
UZIXUZ	0.9383706662529159	-0.6440355953911511	0.03187715111709116	-0.011975613370155805	2.6019244971239686
UZIYAG	0.9021931862928101	-0.5234465668037198	0.03826332805374261	-0.0480001286920501	2.4398683338951743
UZIYIO	0.98138411646437	-0.5746115475596228	-0.04870291016819743	-0.14368826310063115	2.518923776066311
UZIYUA	0.9811654217446861	-0.5750757809137901	-0.04817096469903638	-0.1430364204121533	2.5193889379107874
VAFPUO	0.2835205944688246	0.7066887569677271	-0.4651393518296114	0.2661746956184691	0.6703125003536226
VAGTOQ	1.0826341441009886	-0.6636356442915502	0.19772449992821514	-0.16245496817215027	3.3373478965111616
VAHXUZ	0.8888404501712444	-0.4248781587873375	-0.25579562951456514	0.015590958035584843	1.746833970734482
VAHYIO	0.7702970796711153	-0.41300695987179364	-0.4259276687779001	0.08704323055624918	1.3120993459286945
VAKBUI	0.4908596912137	-0.14626683130760235	-0.11138782091594672	0.18329951258260035	1.4488919574358636
VAKLIC	1.1880558695735646	0.6417771730649321	-0.10041275216097795	-0.03228888447399077	1.895363289011549
VAKSAE	0.8648833218010621	-0.5490770216938528	-0.17442279581944348	-0.18622225681236185	2.148944269303768
VALGUO	0.5983572827362469	0.7462581875480437	-0.14595564052759516	-0.02306851849935239	1.2405179159197774
VALXAI	0.9036519340668203	0.2987349916036597	0.23232034625869702	-0.008222382759924485	2.3948180358943274
VALZIS	0.5877581353728605	-0.5940826874310405	-0.09260241945987047	0.19692557808483502	1.7052854416974164
VAQGUR	0.8581022203855113	0.6745209614573208	-0.20586281023383524	0.0929880249977639	1.4227589342077644
VARMUW	0.48734288460262043	0.4185741188342173	-0.054664020472838415	0.2409606949949304	1.3276059502299709
VARZEU	0.36032665420754606	0.334787950192846	0.27255945898812656	0.37850903187532675	1.7825239617674642
VAVHIJ	0.7831420131349454	0.6335974674310101	-0.10699483231518697	0.03880938186981339	1.5221064080012012
VAZDOQ	0.7796942040690764	-0.5847719373095055	0.17319066219311083	-0.05906267896021682	2.6832476764123285
VECQEB	0.8621316423526428	0.17816490474127908	-0.19005091709224387	0.2140376219846808	1.6364429595003824
VEFVOU	0.5627116640733645	-0.017470019488129047	0.26954854752415036	0.002366209519185744	2.245703634416982
VEFYEN	0.6652649952902028	0.16389737669742155	0.22704181183465794	0.13277714560890586	2.1262898828182895
VEGVUZ	0.7692271287721271	0.605588639451766	0.08264263972398544	-0.062346278104112446	1.9233445442900052
VEKGAW	0.8250323745755397	-0.7563227294121279	0.093201030978047	-0.009806348325210754	2.6520376978902127
VENQOX	0.7366506680246614	-0.6602802227983295	-0.21193011928067093	0.13386986460491213	1.7080201169966096
VERWOH	0.7034204159059376	0.30725503190244163	0.17309467935386214	-0.23424934017654808	2.1647449323479684
VERWUN	0.7299048061522591	0.3630074212259398	0.12746403708324178	-0.2662880904480449	2.0787703769732295
VESMAL	0.839428953421737	0.7686304005893618	-0.04756406051322021	-0.04476944636233699	1.6013026032406348
VESZOM	0.47692764210826555	0.09568743094478166	0.1381041381881308	0.07614684788357184	1.7864673097585988
VEVBIK	0.6779947809685893	-0.42386694635315575	-0.22435106711715053	-0.09376505425176297	1.7486313317904592
VIDJOK	0.7684395678695148	0.6443109667972224	-0.1211684951158848	0.05802799251477281	1.448064475614204
VIDJUQ	0.7365639023647086	0.504391869458535	0.01200920743831057	0.016576107220908576	1.7227488479387862
VIDKAX	0.7685473169856589	0.6486703709915617	-0.1286339006722983	0.06354402149387148	1.4320708246137297
VIFZER	0.9619754474953561	-0.4494536932979684	-0.04921573293854947	-0.16052790605582917	2.4532339516316837
VIFZOZ	0.9158076789403111	0.7493964912700444	-0.06246604275759611	-0.031164257210433616	1.6533917098698883
VIHHOM	0.4703271559475293	-0.13680333999182376	-0.009392761766822418	0.16088584456573388	1.649753187507506
VIHHUS	0.4326838594831979	0.024353788224608604	0.374133813778474	0.08900574640016931	2.270067082811283
VIKJEE	0.42320074228384374	-0.5125563022455791	-0.10650455618429631	0.1025687149432769	1.5145096534174538
VILCAV	0.9541513132483797	0.38806535187822655	0.11095348342125758	-0.162426183465534	2.2174001588294097
VINBIE	0.9371220208132813	-0.2598719652067529	-0.2589463801263293	-0.286758011989529	1.872416169879069
VIPGEG	0.9696668739101906	0.7876306496213982	-0.23186798493914149	0.013323820977842238	1.4410517295536422
VIPGIK	1.0833764312225025	0.3778343148209949	0.027980852595625397	-0.06427051413001339	2.169758330932041
VIRDUW	0.8842353596567829	0.0984724165179472	-0.24134143237082417	0.32325288085360687	1.52350568425093
VIRFAE	1.1454774277550248	0.13592883854904528	0.06904949605486714	-0.05705927669304556	2.451875157318362
VIRGIM	0.8583527864206548	0.3324830677341845	-0.016010858588482838	-0.006049315249703868	1.8376313539447504
VISCUZ	0.9816802768144894	-0.5725571357080582	-0.048074502014171204	-0.144010046433569	2.518545429453532
VIWMIY	0.9309805088307295	-0.5488830912255867	0.05586551335205024	-0.14448433061677546	2.630029829870396
VIXLAP	1.2264328211707873	0.5351102131065457	0.055379471238029984	-0.21781169632993452	2.471160826352515
VIXTIG	0.13776094617215895	-0.7433858482525618	-0.4481408004135098	0.4655285779536206	0.8481660135554253
VIYXIK	0.5573068858677237	0.4582565197078093	-0.0331292667868989	0.16606490007449679	1.4392736094905145
VIZYIM	1.2260231992156934	-0.4130594239926983	0.3239746464371726	-0.4341921932562675	3.779658248558574
VIZZAF	1.064378704938175	0.33385160695291183	-0.3523462451716432	-0.3563488228768581	1.7157897828312005
VOFKIK	0.8992449343638063	-0.26654021904065706	-0.22300534960488236	-0.2392251489584829	2.064188131102089
VOKPUJ	0.9366954854852629	-0.2747341656214699	-0.33046953384077354	-0.013062124166846087	1.7467810642151074
VOKTOE	0.6950704599104771	0.2433688361395924	0.2277289676797673	0.03596819976928797	2.12415417397266
VOMBUU	0.8378692159673378	0.713812200452766	0.04076015053078259	-0.06201389093019399	1.7795334915763656
VOWFES	0.5417916697505039	0.6416084340817241	-0.43375728192036456	0.1635174719086937	0.897417736027041
VOXCOA	0.9378646382091036	0.39523898246376354	-0.00374874196826213	-0.0737783532270383	1.9210255319640037
VUCDIH	0.6269474795640297	0.37017599749246116	-0.20838514162325983	-0.12528635134873234	1.4584805183935021
VUCFAB	0.6674126071201476	0.39725078719392803	-0.10160028883911115	-0.17238137997263409	1.6639519216100225
VUDXAU	0.7227796436971046	0.18130966519163133	0.005954461329733575	-0.02761976625518238	1.8371607956187312
VUDXEY	0.6899797441082454	0.27323487164835764	0.29767557986264315	-0.1534310540348311	2.2750683647257492
VULMOE	0.7298270237071893	-0.07913607254513975	-0.01084804054656073	0.07474475219066429	1.9612928306065134
VULXOP	0.6208123139700303	0.35484987763364734	0.15109089009728843	0.01177064480657189	1.8554189065861815
VULXUV	0.648059504275798	0.3444989335434353	0.17397550454313004	-0.0744662618780829	1.934619586919059
VUMSON	0.965413295597096	-0.41365246809662665	0.9303140312137541	-0.12482341497681285	5.257003848252705
VUMSUT	0.8659851303251216	-0.2961482592143659	1.0202757992056666	-0.0745488763190229	5.157760972749632
VUTFOH	0.2032792152520022	-0.36443156745877087	0.2217542084621114	0.2633464838607125	1.7868278861492506
VUTGOJ	0.9987406958180856	-0.5547976309988806	-0.02925997357636998	-0.13671658297621456	2.5755731963765998
VUTJOM	0.9978130210613196	-0.5543717488326714	-0.03000347533229075	-0.13540462269214162	2.5703184373362364
VUTKAZ	0.9978025152592771	-0.554811595726219	-0.027876904388581005	-0.13537714795441885	2.575567128084068
VUTKON	0.9986796039482737	-0.5545968683349296	-0.027582574340207142	-0.1373643179546295	2.5794412715454165
WABQEZ	0.5550919346975256	-0.4539173517936588	0.4104100084243944	-0.06340834809168266	2.9931438617758257
WABQOJ	0.39085414640877136	-0.7395807401434524	0.7631810926818205	0.0856846835827291	3.8682809505109352
WACDAF	0.5387906291782163	-0.71012541125035	-0.20950351885422072	0.17318837244798296	1.5636786791435915
WACNUJ	0.25648433032016005	-0.17301652746973684	-0.07305824476512247	0.22927888110784267	1.3410422773780915
WACPAR	0.44855289968408263	0.25319086324186196	0.1489735352217836	0.05925358780759299	1.7403057695280757
WAFBEN	0.7545313466549368	-0.6601983104041624	0.22341253958427887	0.10252104870774398	2.6902331286508105
WAFYUX	-0.5411775557239249	-0.48053370586485034	0.22877316026564737	0.1767181521240334	1.3184718005005711
WAGHES	1.1522688602669655	0.6279784675007967	0.3372399711966455	0.1872439459215821	2.764444934425574
WAGMOG	0.452731507594367	0.4977739841668798	-0.09555758582696272	-0.05138232856458572	1.342147333603692
WAGNAT	0.6139991146487942	0.4662241624945078	0.013003491414554577	-0.04752754504535598	1.6179249890249334
WAGNEX	0.41354981677467473	-0.04650270645766626	0.2794029529741202	-0.17319935616654508	2.3185905801736335
WAJCIT	0.45044205289632266	0.4852503604176287	-0.4923537108001162	0.25849980025317104	0.7993940943204316
WASLUY	0.5543609835119119	0.6408551051109448	0.44031666694798227	-0.1401696220434161	2.333781627516871
WASMEJ	0.5769930929490865	0.6189948591135587	0.42791775115596764	-0.11776307079016152	2.3291772691226855
WATBID	0.5223271325216472	-0.8752379060486258	-0.25343455226264544	0.19214859542133994	1.4946036529376747
WAVPAL	0.6967396254558658	0.34743825676461215	-0.04530314718618465	-0.16961419874303676	1.7247862590861178
WAWSEU	0.7499220703132643	0.6410013504177838	-0.18824102259190628	0.10802641779934191	1.358851399093263
WAXGAD	0.7309462479019162	0.5438238060286477	-0.17607000715178553	0.036707554070446125	1.4268605294944772
WAXRES	0.8298715162241823	0.32935468499371967	0.5900595998472136	-0.18712924185880825	3.1378553855858833
WAYZOL	1.0660835067185257	0.48719139911267395	-0.02125173648655565	-0.034251534486049236	1.9790118637134824
WAZDIK	0.8686430468765503	-0.28982483272894044	-0.6381957183537861	-0.06847187075511264	1.2604977754016007
WEBREA	0.38957732368236897	0.5109544617114457	-0.6606271014700962	0.4010229449931882	0.5939371405362474
WEGXIS	0.6193539230815013	-0.32069660127170563	-0.07665641814859825	0.1697496654805667	1.626912467549636
WEGXOY	0.6305557025716846	-0.3192983937757957	-0.07996195708892623	0.17481042930919105	1.632958041405057
WEGXUE	0.6115923925794498	-0.30709927142294646	0.0559678002309114	0.14855641195961689	1.9159493989097252
WEGYAL	0.8704834857722172	-0.1807052651304368	0.213740674701906	-0.08111093758973864	2.530416937440416
WEGYEP	0.882074435549546	-0.16326554476841948	-0.1739474302942255	-0.11232072995898681	1.800399769519995
WEHDIY	0.48800096511934576	0.5944181401060569	-0.2910591964428446	0.008868063437514714	1.0620803374915035
WELLAA	0.8809347978526203	0.46456325759048067	-0.2608872806534249	0.18035073911177946	1.3619590966091681
WELLOO	1.041346185653926	0.407953815590709	0.11944434363896592	-0.049232275583315076	2.2849927280774844
WENPIR	0.28412981903671053	0.15932409473574546	0.020882793238236733	0.10251349230372034	1.4625129293194035
WENYOD	-0.5482849182821092	-0.4728827318004148	0.061056443266512384	0.2196841789370254	1.1136297255667058
WENYUJ	-0.3828475124240338	-0.5011477622820221	0.24549448402343393	0.2596154284153758	1.4717365394557673
WEQGEF	0.6624693741909997	0.5505912109536314	-0.3858800585676348	-0.027421808389286012	1.1044874924421033
WEZDIQ	1.0266304313076278	0.47456885915852803	-0.09614033885902037	-0.015730225968928632	1.7895112052633277
WIDCAR	0.5968826166975765	-0.46189359976402383	0.6756136170147387	0.0031624008321153446	3.5832482907061975
WIGJOP	0.9267793255407515	-0.5272352175347599	-0.2420285716767795	0.08573939011713277	1.8609999103941381
WIGPOU	0.6558433262237511	0.22264347077774116	0.27140123568867797	-0.0717285404470299	2.2012806488397394
WILKAD	0.6757055610771188	0.6650214843157132	0.44079739426704867	-0.13215046528234636	2.4682632913072657
WIMVEU	-0.11685741829040408	-0.7485119496870474	-0.7280757469229839	0.7444649370156402	0.6411872490265804
WIVDUB	0.5696447215687401	-0.2980138405721513	-0.6566179474665679	0.1516973493774198	0.9487156170098607
WIVFAJ	0.5697021691998527	-0.29530207254247093	-0.6528430098360121	0.15189916647177326	0.9508719402588249
WIVZIL	0.452997330024663	-0.3885798121811879	0.16026671675946608	0.05914957739993637	2.030676854280915
WIWRIE	0.8018623298656529	0.7504004452040016	0.09666963013064	-0.1409148050339611	1.8247910210426732
WIWTOL	0.4107676327775489	0.07144191516060883	0.11679434657541268	0.08033464992166942	1.7650192048476132
WOKFAE	0.8241375825859967	0.6889186298476989	-0.21963333120730694	0.12420692510933917	1.3536246428636742
WOLMIT	0.5216818667637013	0.6390224175595259	-0.12403523256416223	-0.05317933983655926	1.2136158494590246
WONHAI	0.8664331951026121	-0.658053697388136	0.1368973169593023	-0.036311567985508816	2.7552770116984493
WONQAU	0.9277682176422548	-0.33875145871062146	-0.15548322850485885	-0.2099577137454681	2.050592012001122
WONQEY	0.9281382618152962	-0.338651457642594	-0.15528930765126245	-0.21022473194338204	2.0511841024934725
WOTQAZ	0.5698109660236712	-0.5643841118926964	-0.16491332787923435	0.021571994246241108	1.6632009239933283
WOWFEV	0.729569692315442	0.2202183707622996	0.22955680167544612	0.020341425447754635	2.2662475637793067
WUHTAU	0.8644135991296737	-0.6346619085698947	0.4331573355709614	-0.04414844132960142	3.545031159734777
WUKQUP	0.8849743976284117	-0.4768693103398949	0.2149563766339742	-0.19835032097617328	3.1968015354808537
XADDIP	0.8159902323527071	0.19348082835253744	-0.3548728489082905	0.2336365787076602	1.281714054899413
XAJLUQ	0.6635294951754274	0.550018830075113	0.07436180153169884	0.0033549101789976943	1.7048793350619258
XALHAX	0.738933348342548	-0.2442243469108976	0.13446538156110843	0.12220541095653262	2.191086991020789
XAPHEB	0.8235245830100553	0.4288705078665842	0.25211414098864754	-0.2803797547338859	2.387692248805989
XARGAY	1.0248194057490556	0.24482288337426	-0.19230552107818313	0.1743120254306102	1.8038922465983331
XARGEC	0.9419122109091811	0.34141359053890663	-0.38908169041953256	0.2948296122734625	1.2969691012267335
XARTIT	0.42625371137024537	-0.6886388348042579	-0.32062839405208116	0.10487579448247283	1.346940156056017
XATZEX	0.9274948867152704	-0.4632381289655077	0.03334055733821918	-0.1449652381778524	2.5220786939423734
XAVCAA	0.5585002458721986	-0.5376371913368558	-0.5189402173152228	0.08901689617033903	1.1425812761926715
XAVCOO	0.5649623665107049	-0.5311454347612803	-0.5600075102497073	0.10381262508861122	1.1009027734356196
XAVDAB	0.4783412715250557	-0.6807450958040641	-0.28276453005049407	0.11086913406839904	1.4277758135537595
XAVNAN	-0.04475329388157956	-0.6588268136253157	-0.7234069134683963	0.6893997912378089	0.6248587034197907
XAWPEQ	0.7831086143092989	0.4309214656754044	0.07752607870038647	-0.15013157709196817	1.8646781503164953
XAWPET	0.6509620924797979	0.4497447740179079	-0.11852422014778267	-0.15392493378458272	1.6167137221180297
XAWPIX	0.6438444131254375	0.41345663220153706	-0.2518912912776041	-0.09041166992638172	1.4551655736175853
XAXBAZ	0.6735476556496893	0.33384561017832065	0.24939416546422288	-0.15133755657939338	2.205822010593517
XAXCEE	0.7824041857667696	0.31931059152472846	0.2177546435034844	0.03428612964924668	2.182932500406256
XEDQOM	0.9803395352880306	0.32160718960119866	0.15198342764227113	-0.06601534031094293	2.3781533083417337
XEDQUS	0.867192479075225	0.41616257806027057	0.14223580733194388	-0.04180796812267526	2.145785636302947
XEHCUI	0.1883094159553944	-0.061574088161822534	-0.05214009427371989	0.2311865791254863	1.2818238156572963
XELKUV	0.828889599414981	-0.5736090018547298	-0.2682852103154292	0.07799468206347973	1.7687394342755125
XELLAC	0.9051221846723907	-0.5576058457529605	0.10145572472727868	-0.06430270469862245	2.6817365039423726
XELMEG	1.1411226795469753	-0.2065209028103996	0.5636086933737514	-0.3972548078161553	4.044492566556812
XELMIK	1.0364255176565669	-0.37617815520638337	0.7460841757158152	-0.343497324670806	4.712564537254993
XELNAD	0.9913619077850768	-0.3337597330942134	0.4408635359698648	-0.13644385967739567	3.58643288088951
XEPVAQ	0.3285178208936914	0.31459343775052645	-0.0786545951669423	0.0987729061114529	1.243432741701036
XEYQIB	0.8090129956301437	-0.25291948508521844	-0.06498372208590765	-0.28997393125668436	2.193821965993608
XEYQOH	0.758896122478097	-0.16316588371588786	-0.008930501818882323	-0.31359684091818085	2.262159034695232
XEYQUN	0.6438508181373725	-0.18685957762474992	-0.11579950205931673	-0.37462936122065177	2.0120408537610723
XEYREY	0.7137967381824017	-0.26501096563368604	0.13854327660804303	-0.18616690650153678	2.342506043148215
XIFGOM	0.8874386433175738	-0.3273174766623683	0.09428795999550482	-0.30865953774942123	2.6536312647949405
XIHBEZ	0.6914709217611597	-0.10479104956954056	0.22968302541959357	0.07775127596015871	2.353261717406152
XIHCAW	0.7254826591662313	-0.0155750644751603	0.0660766110348875	0.09208570767362581	2.0945415260132045
XIHZEX	0.9851720971352069	-0.5716994668839028	-0.035470548401601125	-0.1450517186375017	2.5589424593551167
XIHZOH	0.9844114193078424	-0.5740642801568904	-0.0378769303629368	-0.1462873259175015	2.5558107838300517
XILJOU	0.6123055116904084	-0.5464396597981218	0.042715882297863494	-0.20763617420815436	2.327099875224853
XIQWOM	0.1099222791345591	0.15886455200062102	0.02445597766693368	0.2752536237569158	1.2556889178760429
XIRXEB	0.6375319973786198	-0.3116738176769819	0.7193931879395659	0.10683467841030242	3.601591105492858
XISBEH	0.5851972808441994	-0.6874148826210309	0.126296224935152	0.05581653621682306	2.3718063536135907
XITQOG	0.7238746389402708	-0.5196791976321198	-0.3992157436660026	0.08749014146655762	1.386354265990784
XITQUM	0.6707952184526453	-0.5347785715814487	-0.41046725519000193	0.09098613872541023	1.342722031218803
XITRAT	0.6659019756018321	-0.7463731832499165	-0.14046978591993325	0.19284382245179493	1.7761677142144476
XITREX	0.615618607297642	-0.7611275727783027	-0.1589038275709586	0.19113762038255733	1.7068717826859063
XIVLAT	0.7988700621553884	-0.12154486465930651	0.04864000279482218	-0.014485481433683611	2.2730892445981397
XIVVAD	0.8560343434897861	-0.2470648847310089	-0.26118587042208913	-0.15220838104164036	1.8722757347166117
XIWYUX	0.7406908374224059	-0.4233298752255531	0.23309637362166996	-0.08269650015015029	2.704045465390055
XIYJUL	0.3893231354282105	-0.631101785117672	0.006908888842580653	0.15757825561745295	1.749219819265729
XIYQOM	0.44493336298880326	-0.6729697495559341	-0.011767385119093754	0.09814531041967212	1.8297391093294486
XIYRAA	0.5904522151229017	0.37764635220473125	0.01986148320222958	-0.1609977230581175	1.7086136298573456
XIYSIH	0.6466338950230828	0.6736627608266805	0.4571022756777782	-0.14992841579688315	2.478258119615491
XOCXOE	0.9779402553610632	-0.5974205274023129	-0.045598959581915864	-0.18909487801733715	2.6023927496083674
XOCYAR	0.9773139072094459	-0.5977974329179122	-0.04371201178848746	-0.18888000097272561	2.6060645285414274
XOCYEV	0.9792614160214779	-0.5983749347184522	-0.04150442417470339	-0.18760690808945446	2.612147557202757
XOCYIZ	0.9881943274937433	-0.6015619867038666	-0.025746249200836558	-0.19566672609057528	2.6652963134682306
XOCYOF	0.9877949728990592	-0.6021748917227708	-0.025449934536501715	-0.1973965481544566	2.667991827365812
XOCYUL	0.9885142643423412	-0.600217466677087	-0.02927606574968416	-0.19693928359634133	2.6579664160079384
XOCZAS	0.9876811811634445	-0.6001724446702693	-0.03185481015670167	-0.19790531537228423	2.652177770902605
XOCZEW	0.9889919272764827	-0.6021176652729489	-0.02609639345315826	-0.19729560590101552	2.6681044644863356
XOCZIA	0.9885709427231468	-0.6043107604168976	-0.01744758250499913	-0.19713571224890317	2.688710356768498
XOJVUO	0.8658964543085652	-0.6061207851430849	0.14492667055709726	-0.01380317254038367	2.7377476320981007
XONDIQ	0.9928240426966903	-0.5725900973230127	-0.028399735003612484	-0.14535679368936116	2.583959196017486
XOPPEA	0.8100058154950212	0.15848127907047732	0.13681988812991305	0.06799731011291393	2.1871308455936807
XORGUG	0.6969975656397089	0.7240115661027826	0.22418470325135237	-0.14235211866229294	1.989900904404014
XORHAN	0.5820899391943426	0.5759125825190032	0.24847297016236625	-0.05087587229168224	1.9690371272890408
XOYBEV	1.152640880829951	-0.49590540800127475	-0.20048328906488463	-0.38401496062716006	2.4151302179682492
XUGJIT	0.7835833351225086	-0.5289965388360048	0.11630130207687595	0.09738013072305901	2.432095052525352
XUHCUY	0.5459997090114075	0.49316574510495625	-0.13617206450504968	-0.07213804649306502	1.371632885478043
XUMKIA	0.9699398761211553	0.6590314431733132	-0.002252099891701012	-0.003916205514009619	1.8557959180105263
XUMXEL	0.8255001415996679	0.3721173843207056	-0.05848365374537244	0.25649238992137857	1.6378389374871645
XUQCEU	0.6567293483379988	-0.6206630575161284	-0.2707418578951578	0.06223275782526566	1.6252890414519405
XUSBET	0.9991274361394131	-0.3812874598449748	0.16349886899935392	-0.016608713303207484	2.7035769177376814
XUSBIZ	0.5526909266410236	-0.23755286052675204	0.039788949516766245	0.4559147123822928	1.8149139145950801
XUSBUJ	0.9917153119158142	-0.3797413752282044	0.15236246366804856	-0.013714617482808028	2.6648300100355375
XUSVAI	0.963711909241824	0.7564421777377205	-0.31934970028366677	0.17447140992340593	1.3457066902684431
XUVTIR	0.7213908169069487	0.5512782318727036	0.1446088217875322	-0.013841993838104277	1.866582365456679
YADNIE	0.0515376946667474	-0.05269539445999623	-0.4206834365516916	0.42101048344822395	0.7446481570677539
YAFDUH	0.46514451324683925	0.4710007951265527	-0.26629679353836866	0.017423780694494975	1.1120546924347796
YAFFET	0.19717014940631472	0.9477486354511466	-0.48221287095411836	0.1700990547428355	0.5602405158010649
YAFWOU	1.0993160369602188	-0.5878343463365651	-0.34768995037809736	-0.18236660800252208	1.9566677219489126
YAGBIR	0.6371718057172115	-0.47953711116994396	-0.36305784778441436	0.07978320941847303	1.3371406010488855
YAJTEI	0.35135225072447485	-0.4752092749572179	0.1416164286937102	-0.12298349147366164	2.007106760033288
YAJTIM	0.5112953589119371	-0.5416167014234444	-0.03969755873824015	-0.045934623909381266	1.8790824077439572
YALXUE	0.5734822632419707	0.39258877126151054	-0.15475154517547615	0.13486294503261148	1.2417709968850654
YANWAL	0.9881423807337448	-0.6199554615000252	0.20076413525340472	-0.12804398243587875	3.123041961906371
YARPIU	0.6046647086875598	0.4797564480665313	-0.5414102632277182	0.08261302700374495	0.8995282633596683
YAVQUI	0.88241272149354	-0.4582729969867104	0.14086236983120062	-0.14043089042538914	2.8676015964641888
YAWLOB	0.9723401578997137	-0.619117054333989	0.08981957003079977	-0.13571360217681636	2.8984795760776505
YAWMAO	0.9723002630816033	-0.6166939933359827	0.09343103183127532	-0.13302872198725424	2.8999893933303613
YAWMIW	0.9722319634358163	-0.617614681833212	0.09088749435812365	-0.13439234385412352	2.897159652148801
YAXVAU	0.6604275670729978	0.5891878036649848	0.01686277118508328	0.008550700703209804	1.5769990620315102
YEDSOR	0.8692061351624547	-0.4370412065705023	0.35679926331736256	-0.10141714608591491	3.052391150155615
YEDVIO	0.9925951392217982	-0.5721775883306575	-0.027989223062360687	-0.14611588590906593	2.5849588544118465
YEDVOU	0.992925609157747	-0.5723938524561112	-0.02865140642273404	-0.14838366241571588	2.5867975259665137
YEDVUA	0.9874717856657158	-0.5779344860402605	-0.01632638652175645	-0.16132227500463636	2.6156332502584405
YEJCEV	0.8030660939877396	0.4223470728411275	0.4483801667778689	-0.30407233214000634	2.7120158915039223
YEJCOG	0.8105705010080708	0.6518867535054766	0.0025998927241681763	-0.03770631887036648	1.7052362568365567
YEJCUM	0.8103982904939002	0.70689503121464	0.1425264244974102	-0.13090940672752538	1.9525159476155243
YEJRUB	0.7672347244744362	0.271575492866837	0.35916614579857853	-0.07965349496606612	2.5377695859723386
YEJVUG	1.011066319083012	-0.4893292385985141	0.0380578643346354	-0.25652862287348155	2.8243472753692425
YEJWET	1.0292840987764578	0.42528336003755635	-0.01990753710242769	-0.023736445276610105	1.986574017104024
YERWAT	0.2045530057346281	-0.19320633642810686	-0.0074121175463632005	0.03414858632189453	1.3473185412969961
YERWEX	0.2631183541136046	-0.11159698822757629	-0.04280372980849075	-0.10644344342159842	1.4372619350396336
YERWIB	0.2059229086174117	-0.144808617925953	0.010511299804596884	-0.14148948943727307	1.495305553205928
YEVNUL	1.0632232780659239	-0.13372483045561917	-0.1026224021162899	-0.2888041926651463	2.4225951258373186
YEVPOH	1.0962512549452255	-0.07032702942172316	-0.08011770830301385	-0.30528192462183296	2.4784576334494473
YEVPUN	1.0291067355419452	-0.2763336053969817	-0.1432181165212428	-0.06705402051472409	2.2360762341788596
YEVQAU	1.0959524290530132	-0.12295916724647953	-0.12282677008910255	-0.25039047925794217	2.376730588060844
YIJZOH	0.48562708658880505	0.37976364049130656	-0.29386287927915317	0.08803201816765627	1.0896561750109475
YIPLES	0.7213369232345501	0.24566453174187236	0.340259125719788	0.07202442011603188	2.3836249505134592
YIPYII	0.6820519615258016	0.485567885030772	-0.16953622966683637	0.142238255057704	1.3740617283196666
YIQROF	0.693892962070044	0.5940509637659204	0.1870510937981454	-0.06992711887325194	1.9153546401533186
YIQSIB	0.8450295837118622	-0.5192655409511568	0.27192643813524553	-0.037576728409549114	2.9184366566669295
YIVRUQ	0.6024473433727318	0.4954664809842366	0.11843274289536945	-0.021485592336962137	1.7138796799880347
YIWCEN	0.6629592766532202	0.31408056716067867	-0.18232320352623677	-0.1411933438674535	1.5453169736064867
YIWCIR	0.6601902793026921	0.3606949765792812	-0.17523308047664277	-0.15138321333165516	1.5418057656972621
YIWCOX	0.54207439800776	0.2983050871225543	-0.4415003375262146	0.02566616360360162	1.0577262512536367
YIWDIT	0.9151554288426187	0.26049512318163415	-0.21789764567833733	0.3033216863616775	1.542290403967581
YIWKUK	0.8634005267489941	-0.38104217590301787	0.37540284385903244	-0.11677869112987732	3.1174864878689097
YIWXUX	1.010824198963486	0.6466807562730508	-0.10012556782046664	0.11541923557415543	1.7918048011551855
YIYLEX	0.5381699862124356	0.5401140049037177	-0.027476856376188494	-0.02319292697603715	1.479325595504564
YIYVEH	0.27335782984139634	-0.5462387100078591	-0.14109579415563978	0.25017977455225343	1.4683009768232957
YIZRII	0.7837632818594802	-0.7268437559352031	-0.19993786814784872	0.115744988690089	1.825956007039097
YOCVAN	0.799363735966736	0.728767852538265	-0.04395253379293837	-0.0174685778572726	1.6094759666402518
YOCVER	0.8545222128931806	0.7414032961279506	0.033835323571380874	-0.07180747537541002	1.8500220768778242
YOGBII	0.7571993893398652	0.6470295318033574	-0.21507528797925393	0.13141697432720253	1.3196709529315886
YOGBOO	0.7424043841535051	0.6326274209421519	-0.1368199134218181	0.08507993828093297	1.3989466535787032
YOGKAJ	0.7578122147119073	0.6482541964727874	-0.21626619270501934	0.13343666748980265	1.3175864367084809
YOJYUR	0.6667167621450965	0.6448636182122861	0.235182942568479	-0.10595643034715026	2.0194139843161056
YOJZAY	0.7517757717645743	0.35720576163592244	0.4817715333653844	-0.17532903969156274	2.7902614208910856
YOJZUS	0.7994543627402111	0.5891938256999567	0.11081308252039201	-0.11214245143442465	1.9195451583788423
YOKBAB	0.8266696600885011	0.5794378983043771	-0.12089687679278907	-0.007064958034477278	1.5496048974292824
YOPYUX	0.7822676602426242	0.6105407716221284	0.0616235397646487	-0.10044054515078024	1.8196645211944464
YOPZAE	0.5499175049334273	0.26500353599468396	0.5225257652720787	0.18532965816436164	2.680012299658103
YOQDEO	0.8205854637216268	0.7378926517695497	-0.1145860488951873	0.03399791471078405	1.471146837444505
YOQDIS	0.6259423152000396	0.5369798846504275	0.3227281032370788	-0.09894176279770406	2.1398222200843535
YOQDOY	0.57563472283646	0.6420710111325896	0.5391426517070586	-0.14029950194516733	2.550846554031869
YOQFAM	0.603385625810632	0.021659084659566636	1.1998379971714466	-0.3882798453498242	5.083115797534866
YOQYAG	0.567987827939727	-0.6592098926558692	0.15959658270010044	0.13795439298632303	2.2708639398043586
YORFOD	0.4054491117819037	0.35756603708648427	0.07530967330759679	0.12268811908462754	1.4701002453251788
YORFUJ	0.4258316565990463	0.3888745490956165	-0.03106638269059173	0.15593576838030782	1.313819552201708
YORGAQ	0.4082186714342577	0.3415524405435233	-0.009203498500881147	0.16103406756736421	1.3778691846106028
YORGEU	0.41348476705606396	0.43916500637179473	-0.027562048393727345	0.1718528014698707	1.2762467018719792
YORGIY	0.5625785673468036	0.3629134698754165	0.42928224061353637	-0.14317817888720497	2.379071009692921
YOTKOH	0.8428656790544506	0.6889185867832897	-0.14587689323079	0.021891725118990332	1.504839569342145
YOVNOM	0.5293901863385111	0.5385462003505611	0.37719137603247777	0.06012437475348073	2.1137523675973875
YOWGOG	0.8707805349468325	-0.5464835263003115	0.14031493286937385	-0.1062538074146161	2.7791332240231865
YOWGUM	0.8497190988536971	-0.7591774522382017	0.06667031914749956	0.0008326334091983828	2.6282850093156362
YOWHUN	0.788930000809664	-0.3924955921420937	-0.11544850314433831	-0.031443307835691096	1.8747410822852852
YOZDOG	0.81624092976159	0.05102699450024542	0.07780591215508541	0.06163356859573857	2.17686717782949
YUDFOS	0.5130132857785812	0.6925072397095878	-0.03437853401281248	0.2249658940895245	1.3047172232302264
YUKPUR	0.9028079618498825	-0.24979660054702182	-0.37759152216683844	-0.2888604771448834	1.6565026299454435
YUKQAY	0.7515537008556716	-0.23833237402656024	-0.7020715864543532	0.047261996030315556	1.0125895048918747
YUNVAE	0.7907109613905243	-0.4767046412856973	0.41301688652461976	-0.19786132118064562	3.35040258519478
YUQGUO	0.221743016842463	-0.6866795452067872	-0.25115645364813755	0.3329526700554081	1.133858392554133
YUSMAA	0.8796906457993465	0.2608233285313888	-0.2064807714303953	0.18330754689895956	1.5533001593887996
YUTRIQ	0.8198647201890354	-0.5493702960653621	0.29875677985917304	0.02122936809168806	2.9565458382031458
YUWFOL	0.95110223045788	0.3459793900803971	0.3638319675024347	-0.22522172266197976	2.7925453922412222
YUXYOF	0.7418664704267632	-0.5588017804965326	0.279621618913205	0.046871569213215086	2.7870708902419237
ZAFQIG	0.93259208478755	0.786587699270756	-0.16719564125485636	0.05388539804453643	1.5179947020770719
ZAHHUP	0.7987370560718636	-0.3106659084660352	0.4759911311409634	-0.08919903844216523	3.414762557454634
ZAKGUN	0.5070476896454577	0.5616086543649367	0.42917055985693636	-0.014626910677074084	2.133013716005196
ZAMCOJ	0.9811369834638546	-0.5743589811613538	-0.049442838382512164	-0.14448536164822945	2.518016433480397
ZAMDEA	0.9878557924353739	-0.5791536824492429	-0.018145321000766886	-0.1610825589449092	2.6139043594210207
ZAVCUU	0.8879055835505385	-0.5683120000044958	0.11017596518211181	-0.10665334142284616	2.720913254684379
ZAVQAR	0.5935244269644002	-0.05056853461747377	-0.09251283460838865	0.14714815146496096	1.5261709132275056
ZEGGUN	0.5513043806286237	-0.3383113175300747	-0.1753255176754699	0.3742082369964166	1.4644284982969298
ZEGHEC	0.461834825311743	-0.32485625672396945	0.5491762436171923	-0.03420271886207678	2.968852952179849
ZELROB	0.5162776909422786	-0.758510910626847	-0.21249956944586995	0.18880363774406145	1.5071226730637108
ZEMQER	0.9522020470978161	-0.47054620734082636	0.6978364791217992	-0.2411619299382452	4.520444940715671
ZEMQIU	0.9724215399747829	-0.7514512468495721	0.0812625772992632	-0.046175665903746985	2.8346304835246428
ZEMZEW	0.722762402429189	-0.22859523797845477	-0.3345491626707737	-0.10505881558938553	1.5682328759638309
ZEQWAX	0.699113892225621	0.3794068875092558	0.1190636187084996	-0.17557215299460233	2.046458182448256
ZERMAN	0.7637959431895363	-0.7674267159768136	0.13883198771222083	0.07642554240239371	2.6147348231922294
ZEWFUF	0.4279280009198567	-0.7776280873157977	-0.4432730806311971	0.3537284868021184	1.1065660879652572
ZEWLAR	0.5600104255461185	0.14089534967980694	-0.498711000944893	0.21814099356807315	0.9489774773691289
ZEWLIZ	0.5631925212409019	0.06324539206472755	-0.018680678070152338	0.09158946015655517	1.6193180845532156
ZEYXIO	1.0194046271278916	0.8383697522871968	-0.22597198128821078	0.00045460146559266057	1.5441131208659575
ZEYXOU	0.932452041754801	0.6865757287393578	-0.05784574867402813	0.003878153977627141	1.8092918998764311
ZEYYOT	0.3451280179427574	0.3159137288665561	-0.46007071547913714	0.3926481629665771	0.805123376043845
ZEYYUZ	0.3444336627325071	0.34232738200859636	-0.39226964158831035	0.3358622941710808	0.8596194006529168
ZIGCIE	0.2998105680720462	0.006198511134028013	0.07024724190014715	0.12215098011254191	1.634344696947639
ZIJBID	0.15970689461154208	0.7485189165516813	-0.5512111412741008	0.228481996820875	0.5752912842153812
ZILVUO	0.7131093609363637	0.3589917675631154	0.15069924890032715	-0.03588116223522108	2.0116331456569463
ZIPGEM	0.6769963295713453	-0.48165644568428373	-0.37456459378341994	0.07695176151480279	1.3571447947311848
ZIPNOB	0.5543893837857548	-0.7858211942618624	-0.11663270635507697	0.1381902791504477	1.764249809233939
ZIRNUL	0.9587796273804878	-0.6465777465195449	0.013986196127931748	-0.0792399941418687	2.5903149217471038
ZIRPEX	1.045811559657035	-0.49471028692830926	-0.1645241986458704	0.02765641841880573	2.1673940937515317
ZOCCAY	0.6130122368597997	-0.1609275566874475	0.5594197383052397	-0.12166539792579305	3.1180610373509428
ZOCCEC	0.5752525274730065	-0.01072611667340747	0.5111932112055166	-0.08215014149494411	2.7219593649840035
ZOCDON	0.7701099630387223	0.6035110583046253	-0.07828937496525629	0.020162439559058692	1.5597593664586982
ZOCHEH	0.18562926227104182	-0.02049729838674115	0.4614308728046959	0.2945778026775645	2.118396702023204
ZOFFEI	0.7181194428529283	-0.5382980018737443	-0.7675232146649416	0.10237198286187768	1.0999425975754353
ZOFFIM	0.8402101826142783	-0.4398357665815831	-0.6517168386027123	0.044954087798833975	1.3175639273863466
ZOHNOD	0.6974095021949189	0.3910326309701898	0.08452835048111168	-0.22635821968956182	2.0060557793545573
ZOKLOA	0.8540512367986102	0.7430101600923754	-0.030523402232998917	-0.04100623910616776	1.6646707651042219
ZOKLUG	0.9121108981229646	0.7898763762038997	-0.04202798917321979	-0.05447376562179103	1.6989106364769393
ZOMTEA	0.4662122529523014	-0.051002792293619384	-0.2604157380714319	0.3422155374046851	1.16158718235517
ZOPKOG	0.7809859292639505	0.6215526096816724	-0.03140325635148705	-0.009424638239581437	1.614701955174251
ZOPNOH	0.5586967817665176	-0.4718663247943501	-0.32492665319874975	0.47986964749455724	1.2747635391268965
ZOQXIM	0.6850234061516787	0.6333661431751895	0.36602893503750666	-0.10809657263063135	2.312509640863932
ZOVNUT	0.9611030143576542	-0.4142918363450821	0.17530608404374606	-0.203549168154802	2.7590067153210986
ZOVPAB	0.6241502774964012	-0.43578336553303804	0.3025171897176449	0.158829011175829	2.439668874733826
ZOVVAK	0.2790658258434613	-0.605483146266214	-0.7008171467360664	0.3830561167807683	0.7459369783293037
ZOWMUT	0.7757294612903589	0.633264846168938	0.0340859330010108	0.19178255850250014	1.7253211712283838
ZOWYIT	0.4672372904655364	0.20281859206454175	-0.2975541533417995	0.3825380748330359	0.9968799593539122
ZOYSIS	0.5819351918818967	0.3363670645669657	0.17103377576689366	0.2000386143348149	1.7872629582068886
ZOYTEP	0.5281676695035173	0.20405843140438226	0.2849802382532689	0.20038262800346263	1.9890908746228224
ZUFJAO	0.38237126218274176	-0.11085938121029465	0.26149433723945587	0.31218715128774743	1.975256736676625
ZULKOG	0.7277464755076855	0.7377390606313581	-0.0024418301613696736	-0.0602001073546143	1.5954461738876138
ZUNQOR	0.739140523424969	0.42917872394318257	0.03619417008822125	-0.20408369234191953	1.9408516243003056
ZUSREN	0.8477279629789436	-0.5841646654813354	0.146213376179115	-0.09525566506210842	2.7043834317484725
ZUSVIV	0.6047099118805477	0.4392626018437209	-0.15331525430121487	-0.01445481515774659	1.4668980297425789
ZUTMIK	0.9653900580305042	-0.26678859030228175	-0.1832724191665828	-0.23772948217298065	1.994561907492212
ZUTNEH	0.8474415440499898	-0.4239859487718199	0.010480678406779888	-0.2774780767824143	2.48175127388291
ZUXGOO	0.9124600294562528	0.8466218001027518	-0.13471665387835294	0.0001535317769535416	1.4938539992877642
ZUYGUY	0.45071595772699213	0.5472312808793396	-0.3772025648064668	0.12330345443114016	0.9415119022711176
