name	pc1	pc2	pc3	pc4	std
ABEFIZ	0.11291762993048104	-0.015084307322042273	8.589058066771349e-05	-0.08853139461489373	7.589541641066642
ABEFOF	0.13705646164778384	0.10820931570256562	0.09996723962031268	-0.028255455009228672	7.59739578535589
ABEHEX	0.11205177995137161	-0.06202309836884004	0.008396502904470443	-0.06602545550981517	7.6642839009422765
ABEHIB	0.11690128777604114	0.17760346660886941	0.14724025109308844	-0.08934681470891556	7.576100833724179
ABENIH	0.10726586739531774	-0.06130971174614683	0.03713702632092861	-0.06680801404184292	7.721742978670637
ABEXIR	0.14018641832743084	0.24225868620115254	0.1059795760706003	0.020987948450871548	7.4891032406467835
ABOFIK	-0.023747934506212598	-0.256887192000604	-0.17120911522084326	0.059613985034554506	7.89038233036646
ABOFUW	-0.0227334752983972	-0.1847146785132298	0.049171385766803244	-0.04001101653442414	7.956062716522093
ACIPAG	-0.004365125538595915	-0.19703560155897576	-0.04323043936805654	-0.08845081570193705	7.637124327605684
ACIVAL	0.09479131498687687	0.2612310925613979	-0.053934404548278525	-0.00915747956916306	7.091233134105228
ADAHOD	0.04585865858447269	-0.18398733944392803	-0.013240328720273087	-0.06562815588838508	7.778602157047094
ADAKAT	0.030668895126033657	0.04383625617137335	-0.236230867292132	-0.20486992125400488	6.861009982631713
ADASOQ	0.3514654268473145	0.14557689960258596	0.21323191845289613	-0.10494023439138855	7.86006545391447
ADUJOB	0.04599863959049477	0.04958308749650722	0.146165983844107	0.007704008549766342	7.825035448695337
ADUQEV	0.3162510856842311	0.35030638047097545	-0.01278494566788238	-0.06915471338944704	7.2157333797433125
ADURAS	0.3044771887820441	0.23311130710024092	0.011495284237323489	-0.07610185794348284	7.339825282119844
ADUROG	0.07008352169083443	-0.08389942579802781	-0.008920665889603469	0.03513061898473241	7.821473957382451
ADURUM	0.076920917846238	0.09552154807178817	-0.011956664479685769	0.04449692934100835	7.4849449771204775
ADUSAT	0.07135315361314687	-0.1051170390326103	-0.005774049455778724	0.03451867796743435	7.826664075962936
ADUSOH	0.266394054743865	0.057806126770698046	-0.0737598973669335	-0.006020768073043359	7.498424605988821
AFATOQ	0.06417972257971138	-0.14159865211561212	-0.0265255085874746	-0.0573003710336826	7.698105348669865
AFEYER	0.2893505015606457	-0.1840990358130276	0.016689976010720226	-0.033101858661392355	8.129479040559497
AFUREB	0.07449863206542284	0.13146298702907142	0.03496604223108368	0.01401709507161971	7.543002112772447
AFURIF	0.08129712018223723	0.17994541874757736	-0.0010034589743412592	-0.01498333332491826	7.408307711603725
AFUSAY	0.06653250568131819	0.16763706368109438	0.02727103532513281	0.05564425765789929	7.544870173467899
AGEKUT	-0.23512762498320816	-0.09458399728576075	-0.16549963036859455	-0.0701135604571641	7.295955872661316
AGOBAA	-0.2059407342524473	-0.06697151959783396	-0.17290980112210919	0.012611335898216142	7.258768049392198
AGOCOP	-0.22758026506135298	-0.08861198383676822	-0.15097359987522163	-0.025928296887754346	7.238535529067112
AHEBAQ	0.25072567129985623	0.15924473270129083	-0.15485581073468507	0.02130343298418854	7.373297677183394
AJIBUR	0.048261238775049176	-0.17919830822605226	-0.019389148150375235	-0.06441646217548716	7.755387612626877
AKAYET	0.2815066896002407	-0.06044591171457381	0.20778944012831368	-0.013889530456740448	8.26144219293253
AKURON	0.03968436138180609	-0.038794634843192205	0.10106181636524704	-0.054753019997284755	7.911916084138624
ALUNUR	0.010987519739929397	0.01666191287230695	0.23358146317233525	0.0806689472253276	8.219966234808714
AMANOS	0.3725893104119842	0.0358941844636481	0.15472433248777356	-0.039073576007218586	8.048039980802269
AMETOC	-0.22736807598464148	-0.10016508286485701	-0.08023663363757177	-0.011450342758344015	7.441273143133292
AMETUI	-0.01582929295663904	-0.24960141969122634	-0.0387150264754198	-0.05898243655650465	7.833728955439094
AMEVEU	-0.2612706685787405	-0.10787630040410923	-0.11074742395512716	0.008995039480548743	7.426408989425621
AMEVUJ	0.3070698382661292	0.31038748556205487	0.09935043750622423	0.05136376818749301	7.618081276947897
ANOXOT	-0.06024594170555897	-0.2827410017648001	0.10506204792458498	0.17569056356970952	8.509445026230987
APEJOX	0.2876741943449894	0.01309277945176307	0.0912190076613004	-0.0717655255459326	7.836721376194039
APIRAU	0.029044461902332674	-0.21180982645085916	-0.013042279803637702	-0.047875471595554664	7.873234926690988
APUBEV	0.28872797358652447	0.21675971978692044	0.06566659424005156	0.03965582290930171	7.685796576909872
AQAGAC	-0.0279288350532374	-0.16014526927874517	0.048284951833724166	0.10728579017515849	8.106315499004698
AQAPOA	-0.24792822532508074	-0.09116798977306612	-0.13786564768173826	0.014467461998658823	7.379221174386922
ARAXAT	0.10287282863967695	0.27447501899557847	0.07253885198891619	0.0210771641173964	7.366352833441384
ARUDOH	0.23794582734922676	0.1589927396053085	-0.12746769478344122	-0.08493362030778584	7.152533062064473
ASAVAS	0.22351325764374907	0.18933403881379357	-0.12109913659580124	-0.14467620286543081	6.935703210588696
ASAVEW	0.13713022719912216	0.45949193967038804	-0.005211559109574632	-0.02243326306076679	6.900825454720398
ASAVIA	0.13545693919603652	0.34343848327550114	-0.10966942633190119	-0.0645710869368237	6.795798699834701
ASAVUM	0.23003705389503137	0.18751333153523403	-0.09111409687284544	-0.10374218764188656	7.047252148197116
ASIZIL	0.11646021328127043	0.4645991607350813	-0.02423962810662697	0.06679099174030545	6.961575354100924
ASIZOR	0.2090480670982413	0.3203784239884604	-0.10157622816318157	-0.07544398883878062	6.793103706468466
ASOWIO	0.014749531959064921	-0.16784221318009962	-0.04497103759655979	0.06142810423030028	7.889779751041072
ASULAE	0.2790575514009235	-0.18592209483341432	0.22371161764578107	-0.06604578293534197	8.54982927051794
ASULOS	0.28017044384744194	-0.1794450347689877	0.2266452492873385	-0.06496158285750855	8.540181360434632
ASULUY	0.279444068208353	-0.18112479291468286	0.2274641116878545	-0.06619886072025274	8.544575223033428
ASUMAF	0.2911529731994391	-0.13383195570985867	0.2262054259623924	-0.05708709255439598	8.436128917563675
ASUMEJ	0.2797313034218196	-0.1820578042794045	0.2270257726222358	-0.06374461986420865	8.545614004284023
ASUMIN	0.2798677607293638	-0.18191107675661655	0.22484371414965063	-0.06506691956216837	8.541366013268693
ATANOB	0.07941019696492946	0.1024953090599527	0.1495685348701103	0.015522086500353777	7.699331671949058
ATODIW	-0.10121480840395902	-0.33961885470388137	0.056555153220125914	-0.0011898906359207595	8.424509873178756
AVAPEV	0.08586480810257102	0.06983252699450197	-0.208728872243034	-0.012267697240757852	7.162179953441804
AVAPIZ	0.04901412129170035	-0.010236721137262178	-0.10227549926922586	0.03910110745740815	7.49247034052713
AVIJIZ	0.30921116473576093	0.10360254602481603	0.03025995423916439	-0.1014077509378194	7.512770391314205
AVINUQ	0.25546210015118964	-0.030676769813838073	0.22217420080329595	-0.13178862333042174	8.127077606609305
AVIPEC	-0.00989425268241062	-0.18410045149293258	0.07352774927447522	0.027503973319295723	8.138605369849413
AVISUV	0.03992950168350573	-0.03980338268645736	-0.013368763311706278	0.08532563281517058	7.734002762814432
AVUSUF	0.018571942126650143	-0.1631782373437906	0.12884433515182825	0.02398859208729366	8.140496322579073
AWACUY	0.37248104985354535	0.03532931412944158	0.15504533174406143	-0.03782013594334216	8.05112800175719
AWENEW	-0.033333354969778295	-0.29399483031399976	0.10741026318539547	-0.011283115057868706	8.359203519199983
AWEZAG	0.3140459535338489	0.24339282290584666	-0.12717498497939717	0.03588697444283889	7.4006663773884425
AWOSOV	-0.034992363429600104	-0.31861851193322216	-0.1204283211405403	-0.04954420698190347	7.964048379341255
AXESAA	0.08778865567601768	0.16383101930779154	0.09345889936054305	0.00448727692102828	7.412215481321355
AXESAY	-0.03151643367871104	-0.23198095466321317	0.019125826362473092	0.10619730753070569	8.215033539992534
AXOGOL	-0.01829293243654062	-0.272840385425483	-0.0258888823735971	-0.04715186969822921	7.952339225589501
AZEPAX	0.3192578055878017	0.4716781621059571	-0.007455729641756448	0.06254375376476062	7.2587776862148035
AZEQIH	0.15249649330873405	0.2131552166900073	0.1168272956913491	-0.10401264584276881	7.438321000905106
AZEYOV	0.1454156986634607	0.19229870204309044	-0.031647417828284286	-0.00802482895947812	7.240748654048287
AZOTER	0.04991176534371489	-0.1355565451752614	-0.08993801264431445	0.03690234223136274	7.799810666515091
AZUBUV	0.27725631502600967	-0.03515440452518698	0.09254126781648987	-0.06721416504088279	7.932827014912621
BAFMED	-0.0032186028516294485	-0.20916111634100332	-0.010777658627487585	-0.07279876419802184	7.809574241028696
BAFMIH	-0.0032563984679327973	-0.20933923862695886	-0.011080403319400134	-0.07293405670903255	7.80897886793861
BAFTOU	0.2976039506133321	0.017749426031669208	0.03181091530056654	-0.05203440322485389	7.745748701165145
BAGPAE	0.29433030581026154	0.04120132442224761	-0.0796794703130772	-0.010639466404315664	7.628976156597195
BAHKOL	0.05916794846046214	0.043212741341004834	-0.05683797520494943	0.020018199679466185	7.528385928517938
BAHZAN	-0.005957082457572316	-0.22192943392901587	-0.01559458517166512	-0.087957074405171	7.80363666889609
BAQROB	-0.25850975994970016	-0.5940114998633735	-0.09662060707626818	0.06114763094706938	8.866437308323514
BARBED	0.020601880459488964	-0.2373415056444878	-0.002499563016930495	0.09966197154153988	8.165841291672118
BAXBIO	0.0501998834394759	0.08453129885657698	0.032516090546180154	-0.08156213266354878	7.2745352886949215
BAYSUR	-0.42088596141449486	-0.6758333538454361	-0.21065815773871394	0.1719739802346246	9.26116550258252
BECCET	0.08839034418228353	0.036281448371327976	0.08201484481847768	-0.058256550808094915	7.583371456912623
BEGSOX	0.27964115709577575	0.23267667149218602	0.0445375923496521	0.03725211370329259	7.626591630854242
BEGTAK	0.2834133436548698	0.23686503528430916	0.05710561314802681	0.030103341602931197	7.630703207911335
BEGTEO	0.2933853186442872	0.18744187856856673	0.039895085338214814	0.020391157325276903	7.670757239581358
BEGTOY	0.28843434885242614	0.2131849462168554	0.09876675008079744	0.05727415606614675	7.7571474860611715
BEMLAH	0.08729787042435921	0.05268278989510469	-0.11931759808004855	-0.003820772412649026	7.3151755020237585
BEMWIB	0.1456017688660931	0.16088699517652288	-0.020168553700312675	0.020986410515036774	7.4796495507492935
BEPQUI	0.052802796791231454	-0.0940318574383451	0.0036109999235683643	0.04059945553594787	7.835033500074285
BEQRIA	0.3107935812294911	0.1276303596480651	0.15009975842062814	-0.08579358178960805	7.755446769701881
BEQSUN	0.3385049283502588	0.06379780369426162	0.20817474601050484	-0.018519633416205092	8.214123080999919
BEQTAU	0.3117487910246308	0.13486932646170305	0.14296495680940424	-0.07614694122247673	7.743926501867439
BERHUD	0.27886367571279047	0.19319701037614917	0.0683753591047013	0.047512364660232134	7.766084313073807
BERJEP	0.2565114052074047	0.11083502382565981	0.13877348785748247	0.08132003907177357	7.962242461393629
BESLES	0.014832695812639685	-0.250172635430956	-0.019385140619517655	-0.03920565315360869	7.969007199858886
BEXFUJ	0.01587427868679514	-0.05778785880165829	0.04984082792016645	0.05397015728051442	7.842883554544564
BEXGAQ	-0.0014942376436430926	-0.11926886314741442	-0.008237513632347815	0.06461706959234563	7.870605523364152
BEYBEQ	-0.20574610252512793	-0.10795988552826685	-0.136163887717334	-0.032838332952626184	7.303002526758582
BEYBIU	-0.21730567638870335	-0.11482866868780944	-0.1382663440330385	-0.03389883461939139	7.306483962733722
BIBXIU	0.2560911637738177	0.10173053858250525	-0.10705608924348681	-0.05246386955673718	7.288122686224533
BIJLEN	0.11326884996589337	0.007436519545723275	0.130581768901812	-0.039638441647422654	7.7940381223159285
BIKCUW	0.0328318039191795	-0.009379960426688205	-0.00287701468916976	0.11061952981075818	7.692867262881789
BILQET	0.08950901276945755	0.15292269218710006	0.08403330940425827	0.03257262623345042	7.475326505386649
BILQIX	0.07611540888214074	0.1189689105336532	0.11805542181254629	0.02723942218618783	7.5716613390943435
BILQUJ	0.06770630340869976	-0.07574159392186283	0.09000777061385337	-0.047135961483604424	7.736154536957886
BILRAQ	0.22731831359094334	0.1561042971503775	-0.11567725965630221	-0.08240519395609713	7.179258971578351
BIMBAD	0.0674095023954373	0.07875786596219893	-0.14887161002912136	0.11668814847986468	7.356747793369559
BIVFOF	-0.08423305162229822	-0.08434991883719717	0.025158986032547875	0.08393153821102795	7.787619722189454
BIVFUL	-0.09005999934094433	-0.09350176607506683	0.027470215170335682	0.07893299747977306	7.798500112562642
BIWNOL	-0.24108338891530812	-0.09446921232776248	-0.11077234485508453	-0.006240669065567903	7.375747349994888
BOBMEO	0.05184258147095688	-0.008597199668134076	-0.05327536791970744	0.039646040806784716	7.352313442267668
BOHDAE	-0.10936294696119919	-0.02125865097076529	-0.11731443582876633	-0.006539276131128285	7.131435960471244
BOHDEI	-0.16172280580913867	-0.04292368070555164	-0.11829582079219375	-0.051625911846253106	7.2483632388289285
BOHDOS	-0.1831406891981433	-0.06531502868725061	-0.13697625412199277	-0.045603244823201355	7.273923289273801
BOJFUB	0.3441289114243804	0.4541054481132971	-0.3963567518827259	0.0019066730169749885	6.932870402469821
BOJGAI	0.4970184224272418	0.5853892002921854	-0.2703010220359161	0.052701521673264425	7.282643919537269
BOJYUX	0.12538117764072298	0.111626020415255	0.2540212074256069	-0.03876755158075937	7.811919670685511
BOKWEE	0.272234266480758	0.19356898039842743	-0.06798590827860979	-0.11597492120704805	7.2046959127369465
BOQFIY	0.2997258182415812	0.12823429217417476	-0.028204390399005852	0.001896901475315696	7.534400437517022
BOQGOE	-0.14132164772653333	-0.13658631363416296	-0.13206064282394747	0.06294591450984988	7.40867866739989
BOYGIG	-0.03315667441454684	-0.2938510540732563	0.10864392539505964	-0.013453229639658892	8.35791054347058
BOYWOC	0.04208730459937593	-0.03547528385791335	0.04018347521001586	-0.06181784445127253	7.648251971707629
BOYWUI	0.04886203993670302	0.01898036750837523	-0.003499220905272993	-0.009982034124676006	7.498850268076128
BUBVAX	0.13280807442073472	0.03400428812166803	0.04845567938850473	-0.014797806771446487	7.659164812978047
BUGGEP	0.08911592169550131	0.08076526455086104	-0.054345181363852746	0.021399625469140232	7.435300953440371
BUGYOT	0.340129788055338	0.0787010004707239	0.2367194397577682	-0.12224369525671797	8.027849999762422
BUHZOW	0.22896224112934815	0.05372545001996967	0.1743639068557517	0.02990541472991133	8.069567980454371
BUKROP	0.3545981336046542	0.4255279790734514	0.00657003634263606	-0.0760469503865617	7.266583854599851
BULREG	0.250364263139947	-0.215278832157974	0.23121565445752287	-0.03714455713163417	8.615040113909151
BULZOY	0.27883297292766107	0.17544321887760694	-0.0011639427501752009	-0.0814379776101605	7.44312330149492
BUQCOH	0.07029611154942073	0.3931003587331321	-0.08759466059310256	0.06222826899017857	6.8547092854510625
BUVTIX	0.13475869303784593	0.3659289337929308	-0.018896244430414183	0.04025800802029886	7.244642694375175
BUWQAM	-0.28060226203483785	-0.13479944003894	-0.14197027408509288	-0.038876974850614365	7.440861990366191
BUZNOB	-0.11250698214406674	-0.06100061867392775	-0.10467640399969258	-0.04103294698362639	7.258438429256824
CABJOF	0.027190301089103475	0.0829708003196624	-0.14931288567317308	0.10795628101480431	7.351180899456095
CABJUL	0.027333042593530532	0.08254283133337557	-0.14966508063290024	0.10825097446377689	7.353163018864584
CABMAU	0.04598458046714837	-0.19546197574153124	-0.0628097766951406	0.0007967543150486228	7.872998996028693
CACGIY	-0.005499540276662884	-0.21601782360793215	-0.016238170038904404	-0.08187881849625672	7.7972080658149485
CAKJUT	0.2357246698587674	0.5679613288284738	0.13813488988359343	0.052870094812556945	7.336347618799072
CAKKIM	0.008423167241744522	-0.10120512624748301	-0.05132098918662614	0.057495181090942246	7.766836889765772
CAMQUC	0.24304131034457344	0.1951932361011579	-0.07606011933775492	-0.0006218094863676416	7.276460017449587
CAMRIR	-0.0661850641292614	-0.19761880681342697	0.06815782159585185	0.05631927521913272	8.161364898560498
CANNIP	0.004376084765693289	-0.12056896575802106	-0.03377203604071538	0.09372303627643123	7.900029006890438
CARBUU	-0.004803239209724364	-0.0842029962982456	-0.02076879212533342	0.09641699746009154	7.733684691998229
CASHEK	0.022002947989591792	-0.05087112249643247	0.09983212765141823	0.07939087915133632	7.980457022291904
CASQAO	0.11471307499323702	-0.1601518236879707	0.07402185026936478	-0.04386088073513862	7.994404641982255
CASWEA	0.09465917023280435	0.16514991619250358	-0.05653453719583612	0.03337913442046876	7.324944004775196
CAVWUS	-0.002684001346319853	-0.11297417525593378	0.010805245921375967	0.010014825011775155	7.818636804805173
CAZGUG	0.08050577281593041	0.029225181219095675	-0.006446051730205404	-0.008531191337807095	7.523452075424612
CEDQOS	0.23954174675117423	0.21996922047244682	-0.15983245787600886	-0.18078206228061885	6.875356013807322
CEJHUX	0.014031613208566718	-0.12560093940979533	0.14033297288569851	0.06437704282804943	8.141538932476452
CELJEI	0.24915619942139644	0.5359186322979284	-0.23039969213822514	-0.13521904551270908	6.648821937462694
CENHOU	0.2404496024956555	-0.18275758277022042	0.24775327424177396	-0.03744692351297345	8.535085460745005
CENHUA	0.23947978001700987	-0.18257053719962024	0.24766823324959825	-0.03556240097624504	8.538023285582682
CEVLIZ	0.0406454677042114	-0.03520098400236846	0.02954643292934364	0.017441224518610562	7.650830439548763
CEWBIR	0.3129336514330281	0.3396812244833361	-0.13602176823404327	0.005088086960595109	7.214628711237373
CEWMUQ	0.2876184057073332	0.3665421739393421	0.0019404926857260196	-0.05171973229752355	7.21427652323395
CEYMIC	0.3245795975029062	0.07442879970875028	-0.03473932616895059	0.030045323082314453	7.653470113387203
CEYXEL	-0.003979282477818646	-0.25209925693027635	-0.13432725176137866	-0.09072565834480562	7.730561868743006
CEZBUE	0.2789433763568341	-0.0671792180846866	0.15628807995533797	0.050190531724488105	8.321115279825348
CIBPIP	0.05134815168913365	0.07863211010761265	0.10472733544477116	0.05396220714207162	7.714015043459925
CIBXOD	0.006879446346763185	-0.158106525211808	0.04857133022998275	0.07163071469184354	8.069173826168605
CIBXUJ	0.022690218817186025	-0.08914507792271967	0.01973509991835945	0.08184000992942256	7.8989301690200975
CIBYEU	0.029015598745947724	-0.10190981656891865	0.024711241351754426	0.07720563716412272	7.912122249597217
CICZOG	0.3813038541466427	0.20367007962226494	0.10889361838744127	-0.017267767118359728	7.80834813312262
CICZUM	0.3867136071706505	0.19137277043654385	0.11238924472905554	-0.024035153530455974	7.824499718792958
CIDBUP	0.38708839103471293	0.18459898652595833	0.11477351572737342	-0.024856521309241902	7.841085567132885
CIFTAP	-0.010216749124521751	-0.0878780564705326	0.05678671460954607	0.12986693704734342	8.006644543021363
CIFYEY	-0.007459237456498347	-0.20369602365715228	0.023642353187467685	0.0258621600438012	8.024119741619907
CILJIR	0.0305004317193327	-0.0514804858125808	-0.0472432965277112	-0.03777253023873085	7.47175906733849
CILTOJ	-0.00986557121082976	-0.15154091899975303	0.004374417888986848	0.016906683827930216	7.875382056729401
CIQWIJ	-0.014190961032329419	-0.12538022501621987	-0.10736020721587697	-0.009450275831404259	7.456202227285078
CISHIV	0.07645925469718096	0.011011620557536572	0.05161236467296629	0.079156301836661	7.7621454074902605
CISKEU	0.07426255911159574	0.056592901624956185	-0.02489727818607318	0.04903608452904301	7.5484798561382
CISLEV	0.319235505168058	0.09054011852150806	0.15245385409249332	-0.02408074934456307	7.833865977203888
CIWLED	0.03623250403272982	-0.0649689860032042	0.05800965762205493	-0.01763914577668936	7.813050347176691
CIWLIH	0.2642311898312726	0.03125009024161697	0.18220517117091334	-0.030992215124412498	8.02681873295695
CIXYOX	0.0795445481316368	-0.09944234337617522	-0.09608095067567485	0.0632226018679122	7.742094716275946
CIXYUD	0.08409433606032612	-0.11285398986591527	-0.07557090265227728	0.05416440573655462	7.769827407244074
COBPIT	0.04709664850037276	0.017662669199937586	0.108582452770954	-0.011709108546292063	7.798712084965981
COCJUA	0.10388368007762994	-0.08951047891936609	0.05620847297691503	-0.05561053688088219	7.816024727445126
COHJUG	-0.20175417902570247	-0.08603600728040697	-0.14811960976523914	-0.013950754946117194	7.311097264477149
COKJIZ	0.009912857096494587	-0.21463717368842328	-0.014483037623202383	-0.07525379359898307	7.936838885361833
COMGET	0.01667363820128198	-0.158763539372256	0.006942563934466239	-0.03098223596241398	7.827262112203276
COQKAV	-0.11499163853495586	-0.1838143336244527	0.048508238137921766	0.14604354511501838	8.08948441799781
COQKEZ	-0.12042559947824971	-0.16798991787099476	0.06755709514992447	0.14519782457242153	8.088625492831913
COQNUU	-0.12084237397983832	0.0013932482480348563	-0.1401760137668071	0.04340547414014588	7.2326259260231645
COQQAB	0.32643449335616603	0.22858336086970582	0.16629502204838792	-0.1449194457618884	7.5565866237535175
COQQIJ	0.3155710793907276	0.04541604467686068	0.23288022340580983	-0.1287319652427506	8.026737414120536
COQQUV	0.14050256188709875	0.17663116125098405	0.14233276509630283	-0.10959871122641773	7.475915453151486
COQRAC	0.13366790544332874	0.1877009223201773	0.12358718239626978	-0.0965139238297362	7.458674070288299
COVBEU	0.05476962860460732	-0.25052319101546006	-0.047072197284396544	-0.057262055357643366	7.9282153251290906
COXSUF	0.11449259702208936	-0.0262823422013809	0.1099709020535506	-0.030226937994027286	7.853042457668082
COZNUD	0.04986165276260168	0.0009652014442836643	-0.07032237069515301	0.05576768695729452	7.5110878249898265
CRETAG	0.33740945243288456	0.20642557419840718	0.04589679591987694	-0.002437884371810098	7.584933623524009
CUBDOT	0.06696069767078283	0.0006798467212735526	0.08651162004842106	0.011243271395756468	7.866873133269978
CUBKIW	0.11480451166885652	0.08126591367846571	-0.055788334629041536	-0.04084834174634386	7.265750891053155
CUDNAS	-0.1438217222420497	-0.05249732188501624	-0.11022227169956023	-0.03024269117390277	7.245929820737302
CUMBIX	0.014070294797028815	-0.14401762083519004	-0.039715234730605065	-0.05949582296007444	7.632268061837734
CUQFIG	-0.07696484119097091	-0.1369639722991428	-0.08157455975326883	-0.023652469063217246	7.564891392038252
CUYGEJ	0.2829141104195272	0.09637747916753167	0.028432974086600865	-0.019965978691321926	7.684531203778442
CUYGIN	0.09411154885499284	0.10014987267750597	-0.05750309407448739	-0.009626230870822414	7.374519614872247
CUYGOT	0.35772313671834555	0.12766416521430074	0.014148744484963865	0.038421087130021556	7.972605389994788
CUZKEP	0.31985845294388193	0.13926696796503316	0.12279275482072563	0.0034344741619408287	7.754259893405838
CUZKIT	0.3202835940693638	0.1396527010354533	0.12396777235122275	0.0034221165329567926	7.755917135600997
DACYEO	0.04825402837332815	-0.1794803785343062	-0.019714493363680474	-0.06430076947236968	7.755877055530985
DAFBEV	-0.0057665719343829025	-0.0719487200896973	-0.04185469217274812	-0.06625747576728544	7.367755438443156
DAFBIZ	0.10216781799865027	0.01751245053055092	-0.0566280357064855	-0.034159902975159945	7.155880852899603
DAFBOF	-0.05365885596925013	-0.25032860910249527	-0.08753513477179131	-0.05832086986484272	7.780573885507476
DAHYER	0.05943579633268081	0.15755430977928295	-0.02668498320304738	0.04613324552149639	7.354988983824914
DAHYIV	0.17337813104697686	-0.24782896911183744	0.1420510669138011	0.15322297453007203	8.588604633170734
DAKXIZ	0.05373643722533972	0.01310312594839036	0.03382870448627881	-0.1072884632824535	7.4682884448592715
DAKYUM	0.08268006729345112	-0.0059912115171798785	0.03612594729649732	-0.016621273946271803	7.430292438234343
DALLEK	0.07070391971205892	-0.028287704830899457	0.03427730360661846	-0.022341961445623948	7.470507709690999
DALLIO	0.06739701257548303	-0.040185868201915775	0.04745069356848919	-0.03152409252056858	7.528036226831422
DALLOU	0.07061928848807009	-0.030291170765298442	0.05451011417108731	-0.017344746257050403	7.524822307991832
DALLUA	0.03522802435505268	0.03246906773714878	0.08352084982348187	-0.16012170682452923	7.447192038590054
DAPVUL	0.31864640982342385	0.11941260237341705	-0.04474038820694476	-0.006925559862574801	7.5404768356764
DAQLOY	0.05353694254710328	-0.09369524251145572	0.01590576245577796	0.009828553868856539	7.8190458380708225
DARTEY	-0.27143221565082243	-0.10643409498657758	-0.10559429982745006	0.007978071792799746	7.464361258531356
DARVEY	0.30739822417533746	0.304598254960998	-0.14560399568620602	-0.004783890363438639	7.134892627189461
DARVOI	0.26503901417432063	0.32238672278100794	-0.05972740277390548	0.019635895390128374	7.236708294524988
DAWHIS	-0.0525914573668671	0.04525879797407069	-0.14329853982958463	-0.009698777462563521	7.180206963453121
DAYTII	-0.07786558761411433	0.09405999750620977	-0.1491526694072024	0.02883750404316559	7.138277542949062
DEFJON	0.1076620634773433	0.32117410495865595	0.19790350432484954	-0.014633013126069433	7.54920865109377
DEFTOY	0.31731455018985555	-0.01617151264278921	0.19668209317943297	-0.0611841171037909	8.114794218871419
DEHDIE	0.019082714706420756	-0.2388401415865305	-0.014584725307818291	-0.03796779618104165	7.954200945377568
DEHDOK	0.3036600937920162	0.021274657114564943	0.15945604157604712	-0.004154894586290897	8.022703626185349
DEJPUE	-0.03474551493201483	-0.2780054279262163	0.21009553116111118	-0.01968839676522563	8.520100346606808
DEKDEG	0.05385072366062493	0.08443618959876564	0.040447360834557994	-0.10004089990548282	7.486651933951509
DEKFAE	0.06130177471686382	0.12001056450275119	0.047998392585852756	-0.09483018100508842	7.45176243048444
DEKFIM	0.060979210864590794	0.11676106354077989	0.04761087262899841	-0.09403787663260121	7.4518027109163825
DEKFOS	0.26499913888075044	0.18340986090439895	0.049058744521506464	-0.022232480904646995	7.609997571939321
DEKFUY	0.05672317264503812	0.06513299665284172	0.02976033626316471	-0.09778218131857666	7.372517074980014
DEKGAC	0.2793729332446202	0.17536169782152097	-0.002913101711579269	-0.07587725831797032	7.437900399873238
DEKVAU	-0.2495174549447574	-0.10884139527367326	-0.11150189547852385	-0.005882143564038059	7.400731933415313
DEKXID	0.08846288759411491	0.09544247711365342	-0.12767862421222564	0.039320192158493666	7.318184104292254
DEKXOJ	0.09243830582870372	0.09513515692099617	-0.13013427910507125	0.0167565992889857	7.298552242608881
DELJIP	0.03472657375023802	-0.21174384189596307	-0.00740009226894961	-0.038912586883700154	7.909220281676654
DEMKEO	0.37887773910476197	0.22662186320205968	0.11988567718889384	0.0004917556548235669	7.837730488026699
DEQMOB	0.058758857438692136	-0.011595080414964737	0.14543118680522776	-0.0026319401043344015	7.805025108305537
DERREY	-0.1442027695785617	-0.07030809654478806	-0.13982565463918722	-0.01798678072788429	7.2818272737583225
DEVFIX	0.05279588660332246	0.23712240372529111	-0.09102330801081049	0.04973156115282107	7.115470516085189
DEYJOH	0.07527148663543715	-0.002587232819029228	-0.008334144828026274	0.08339922916284782	7.666858069919945
DEYMEC	0.2685108997187071	0.1673858422532763	0.05876523900545441	-0.10624438954278023	7.391264736835824
DIBHEC	0.13716071513337846	0.34547699080436584	-0.0012779102778032736	0.057955320909350336	7.197706161294776
DICFAX	-0.035816780911641644	0.005281607328092214	0.0675658593471451	-0.1616383265195619	7.375385972288843
DIDXIZ	0.031093419146905443	-0.12242948073002707	0.10255624231658601	0.015204282717860097	7.993377645661033
DIDZOH	0.07890641489835604	-0.08775912214951906	-0.05601120426940409	0.039716968306949096	7.691033663845208
DIFMUC	0.29062124149644797	-0.06277599572956938	0.09426471484726645	-0.0009965666472296353	8.059856915142598
DISHET	0.10662294056745436	0.3478525670120436	-0.05247924120060388	0.18432670197228757	7.3650468752813465
DIWNIJ	-0.2715005406903206	-0.1101612905325669	-0.11215517472579917	0.01430349958794809	7.451802096133647
DIWQAD	0.10773219389877253	0.11037103604967355	0.05484726838604245	0.03482296420668906	7.58091977617903
DIWYOZ	-0.00517069741237286	-0.2160157741641508	-0.04096022187318693	-0.0075172496994821425	7.7643304184938
DIZPIN	0.0048939100598541785	-0.09304339711695783	-0.0806973716237428	-0.05719488739569034	7.515277826348945
DOCNER	0.014025205108775474	-0.1556715110111062	-0.046566208200369275	-0.1473705933250816	7.4616008897909625
DOMJAR	-0.00437996097839477	-0.17407909342142985	0.043311024519653074	0.07288683487077328	8.109350725473194
DOPTOS	0.06544058617082849	-0.18619523383247566	-0.102954054215811	-0.08269770736044635	7.658488300808988
DOPTUY	0.11194627916265576	-0.06810591031769331	0.04599195710749815	-0.008384403410458097	7.779211369921362
DOQWOV	0.02734771727448182	0.08310143646972892	-0.14967097751500957	0.10735898504355684	7.349190391276183
DOXXAR	0.13640494653109192	0.3212437146807322	-0.09399937331497643	-0.05022752741262573	6.8295520755356085
DOXZIB	0.08934166626412887	0.244378459471935	-0.10949362848272937	-0.0979690024044646	6.8399336255306915
DOYREQ	0.30131202788502476	-0.03465542486516959	0.18428178092469355	-0.0463663496932855	8.188094666687386
DUBBEJ	0.06553794117486111	0.01608399000548269	-0.09158611847627052	0.0012096635549384144	7.367921341026985
DUCQOI	-0.025178038314747297	-0.22548992955096614	0.04613580722584776	0.051193921583567246	8.156333602997746
DUDRIF	0.13383737573151278	0.31497213920296013	-0.08925714023159198	-0.04680797562533666	6.8465731601365105
DUFFER	-0.018488150511297707	-0.2448339630469829	-0.025566483083232505	-0.06491816725289382	7.894255217984914
DUHBIT	0.24888251872444433	-0.2614700564858356	0.24352586699571277	-0.05857395150585826	8.752434064438088
DUHLUQ	0.03221808662505721	-0.07126371476246277	-0.03336500973020279	0.07765167287175778	7.750020664728683
DUHMAX	0.03374969755330648	-0.04910333331370062	-0.041839136472348826	0.08047437897481324	7.724203152856105
DUJZAK	0.2940661945683769	-0.048807428778602835	0.13666310491439254	0.00020478491827574663	8.122141692132683
DUPMIL	0.0037626714275611484	-0.24683302808705843	-0.07599460211943226	-0.01715176540284294	7.934708086018525
DUQGII	0.18100948524216376	-0.24762446813196776	0.13121499605714054	0.14752156558124532	8.565661263793466
DUSZOG	0.028211769139231624	-0.07372935076222376	0.05856080199673713	-0.01761783792814038	7.799984896217727
DUSZUM	-0.05547611604123803	-0.27650670961282503	-0.015079133589436411	0.092099001451133	8.167318861856385
DUZFIQ	-0.2787977464626419	-0.11425223423750219	-0.11536452109830048	0.017131371499681317	7.435473590714831
EBAWOX	0.09751487707555873	0.04377442731498227	0.026063163127548028	0.031357645582613614	7.614194114593711
EBAXUE	-0.026150887930464606	-0.039348871150563014	-0.1462624127950638	0.13670706548205014	7.635428357686038
EBIKAF	-0.19380731044987964	0.0006570532437916166	-0.09519990417755264	0.0759553489672826	7.466602974631241
EBUROI	0.09574778120560756	0.28117170267312297	-0.03387785733883336	0.10468989468929152	7.390230460778157
ECATAG	0.1662770534714748	0.30465849470372464	0.009819913955353976	-0.054552935012812956	7.077907304500865
EDEXIX	0.25086144845923775	0.3575841599011532	-0.05610458507401578	-0.058036115478435374	6.939971121212398
EDUHIW	-0.016915413929732726	-0.1272369850809999	-0.014372937852220019	0.05980145671229349	7.916605100265752
EFAXEP	0.21937326304335292	0.31029022339173884	-0.035678046285811726	0.004697253888317807	7.1948166283917665
EFIPAO	0.16229888418255944	0.22360566327749282	-0.0037364435889361003	-0.0519865827931137	7.175831894769171
EFIRIY	0.12254651939693462	0.20788721178688868	-0.0008272578263521235	-0.07914779087460647	7.217752923258826
EFIYIC	0.03819655707948444	0.021731141954891967	0.14565708676271405	0.060904233302055105	7.95085475087163
EFOVOO	0.053873474710156355	0.1522278554500729	-0.03806693532588773	0.011966231417665403	7.246640237914599
EFOWEF	0.20585948411097332	-0.04057837030260619	0.10986381261646515	0.028972158609995836	8.026875504964876
EGEMUA	0.06161541774882151	-0.05430530819372595	-0.02904821894541576	0.016503390059271088	7.72044699129102
EGETOB	0.061351489771190426	0.04542600427656279	0.06400692874129049	0.07614470549621813	7.707736774374714
EGUZEO	0.124934123373587	0.08802462589854897	-0.13983154600162023	-0.013782338995205173	7.240946065263992
EGUZIS	-0.0032436402667350706	-0.15594379429283184	0.0016607343502415273	0.11316613116616667	8.031082684378873
EGUZUE	0.05976490572223403	-0.0008446180928936287	-0.0771215196228765	0.03735787245284995	7.532126956274884
EHABAT	0.12477387322671474	0.09135874160554307	-0.12481186814127893	-0.024559988648103964	7.248595883355013
EHAKIH	0.3844802314655946	0.35303475793579664	-0.05347055654016042	-0.021074904156595825	7.425418079777545
EHINAK	-0.2325203346253426	-0.1584438224563911	-0.04185447326842706	0.018832074472466882	7.71229088051846
EHINEO	-0.23254838989919557	-0.15869000334418198	-0.04216330682220337	0.018710501303894927	7.711940755359301
EHOHUF	0.07994608459445685	0.053892388489780396	-0.015027048461173864	-0.008201289175290893	7.464437206767893
EJAGOL	0.016223995304016192	-0.1326815310941558	0.025893256326012554	0.02531582546671589	7.854047030684841
EJAMAE	-0.13339089095677048	-0.06882796124943569	-0.13054097524840164	0.05229731688706453	7.262416550025775
EJEMOW	0.03196155282135171	-0.15953176867392838	0.034231424919611286	-0.07581126739493121	7.801950731778584
EJENEN	0.04281903847007973	-0.12240100655331332	0.06116013916103541	-0.10058792059639712	7.757788303189421
EJEZOK	-0.053338006011029115	-0.36230239158162714	-0.1042208237046891	-0.12254344013564941	8.060643289149803
EJIPIY	0.041395372410898634	0.06673048254147788	0.002155290851180436	0.07379561760437452	7.508806367418169
EKIKEQ	-0.03447076096145674	-0.016709608604601106	-0.1052034071011087	-0.0027771229967821637	7.115250531245646
ELEFEJ	-0.07420621287267082	0.1398092622070279	-0.10943949312411388	0.06747752822788715	7.135160574260341
ELEFOT	0.19051260620127897	0.3458462447494159	0.02975186661907056	0.03440912447548319	7.236319759922108
ELETIA	0.33167539086018083	0.5952419035744057	-0.14199351452029307	-0.13761547496068688	6.756087371805472
ELETOG	0.2596587384124196	0.2400397393301909	0.1934841796971788	-0.023407925971234644	7.8770563741779505
EMALEK	0.03110061605369152	-0.13583081365819616	-0.008819581207893668	-0.05629564984619281	7.720950837418173
EMALOU	0.03452879028130296	-0.12822297691836237	0.05363259691275163	-0.08098846905936002	7.768804020263026
EMEQIX	0.013358468215733943	-0.09318424370350578	-0.022862018581575855	0.11097341757277457	7.861953893221056
EMEQOD	0.011208024541486061	-0.12077004857465234	-0.002447715138328199	0.12193964334297158	7.939098331731125
EMEQUJ	0.008451048599200206	-0.12007076463115257	0.008886222932136673	0.14219027666291956	7.994607540734687
EMEREU	0.008444296446934452	-0.11295247363035726	0.009416081255186809	0.10145854382711923	7.926463762537364
EMERIY	0.00512752333939126	-0.12495776399444553	0.021845494175854324	0.10837460603555915	7.983052173606872
ENALUB	0.04605523756285068	-0.11043513506428665	0.06278379186861166	-0.0948014622886216	7.740337058806413
ENAMEM	0.044866822157555664	-0.06881544943638176	0.07147335774012803	-0.04555209132046474	7.740404736229238
ENAMIQ	0.05542722430342417	-0.04403880618966047	0.014314361792193253	-0.07739902362217455	7.5635052755924175
EPADAC	-0.01646806772029974	-0.2521977955613121	-0.03750683133193666	-0.09221170519853752	7.855054434710691
EPUDEZ	-0.003696416598053087	-0.15576143802290504	-0.19503901758944542	-0.007177649474064754	7.55491847706429
EQAGIO	-0.28682106491254755	-0.13732183421488098	-0.11500132892883802	-0.0026000074233786113	7.505417932615927
EQEQEX	-0.2593295072562296	-0.1759996475072414	-0.036452015468707355	0.02093780569437939	7.769666638822228
ERIDIT	0.28787394560298063	-0.10558578648406092	0.12332721281274255	-0.05081916366974941	8.215092834492014
ESERUQ	0.10287587618611704	0.14858119637852582	0.02715563351035971	0.030558458209142138	7.490971185820182
ESESAX	0.2592062945162925	-0.13259347224959994	0.12605644218995068	-0.03892391387903166	8.195943348722514
ESOVIU	-0.18396998800743392	-0.037145584107490026	-0.13387578338045208	-0.05414285151027706	7.202404236082878
ETUCEC	0.30284093035353665	-0.01345049802675169	0.18233470322194997	-0.06556860848430948	8.109508226335477
EVAKOE	0.07632031340389078	-0.053617648291637066	0.061106640756826425	-0.004308097320573051	7.7679283063726645
EVAKUK	0.3708880357038322	0.0158040856484922	0.18007338679190657	-0.07876492825447257	8.06437061086684
EVOVAP	0.035344247873263956	-0.050267426031658374	0.007777152400096632	-0.0005916187091599551	7.710377984612261
EWEVUA	0.04350958129051685	0.034039101568310054	0.07782713733049451	0.08417909222325569	7.775057311754452
EWIHOJ	0.002187472619696429	-0.12295965246441531	0.17883410964848362	0.01495019474947492	8.233129390409088
EWOJOR	0.4139488491546248	0.21519450005210616	0.25231800481238237	0.10076461373414597	8.204646234390372
EXAXIL	0.0721201182325868	0.0644059532404482	-0.039563363472489566	0.010099026279708087	7.461857032619133
EXECUI	0.20837191404883582	0.10804357329400571	-0.10468622545187672	-0.06665270248134827	7.112005904267421
EXEZUE	0.03672452830952855	-0.10303759887011055	-0.019314351815784198	0.009894162948372219	7.702757236989671
EXIBAQ	0.026230311695706998	-0.09243457005472605	-0.046309929070068756	0.11753578794296132	7.828255246831863
EXIBEU	0.08159260022664627	-0.010853774736015176	-0.12290952199337302	0.09083276789054837	7.540275665326343
EXIBOE	0.03994317339713893	0.022899625701018264	0.04031691434825943	0.07713841910253846	7.702761638113788
EYEXAI	0.06478247126535797	-0.00721668892953603	-0.08269391100747558	0.005453009468547779	7.54166378885958
EYEXEM	0.22155837010766044	0.32102047649865717	0.0775600753808515	-0.04288042122972814	7.21310041152782
EYOWOF	0.014693815934879062	-0.20226263176229292	-0.07719731710806671	0.024649594171220195	7.86938595841386
EZIWAN	0.12383220140464823	0.43081139187634887	-0.049903055432294785	0.00787917377615821	6.862884745120976
EZONUE	0.1016643035836986	0.23776677504472865	0.12715935111104248	0.05261589796877709	7.606533165609542
EZOZIE	0.21188923584483677	0.3030570248411259	-0.03754934999450821	-0.08933593891466546	7.034083183729555
EZUXEE	0.051037152694007215	-0.060126782454923644	0.05281606030880573	-0.10344108075431355	7.790082709537074
FADNUT	-0.11257295278768131	-0.19468939409021602	0.010981720352623098	-0.07398995081427795	7.776907431847664
FAFQUY	0.3513406837463342	0.2380443315098679	0.22821067032806733	0.15854160361631736	8.454395865168157
FAHCOJ	0.07725872890293006	0.06575746138143237	-0.019958933585096983	0.021920755072291895	7.454750571945797
FAQSEY	0.33615074274157797	0.5013497439660384	0.1347038397851396	0.03658244004977934	7.478307070947307
FARXIH	0.2871598424626671	0.02011499194267838	-0.0546871720002538	0.010895606614554687	7.636237799857896
FAXGIX	0.05133863621503432	-0.17741383663610594	0.1057447657691206	-0.0546679171677668	8.109704644354235
FAZTEH	0.053556640173076264	-0.045893608184600115	0.04591956770008429	-0.05789338530845006	7.622035795343026
FEGBOK	0.03092603423587681	-0.02339138320364839	-0.12582543700614734	0.004411827078053154	7.4325481702249885
FEGCEB	0.08786572100009993	0.04017160041645536	-0.013371267577699603	-0.04759179833143355	7.4288637416613135
FEGXEY	0.009401966661453098	-0.1365599627290046	-0.06620119273426889	-0.007208238248677834	7.4851358485646715
FELGAF	0.27800527049897417	-0.12897199531551662	0.11440116474017391	-0.048436699638389785	8.146521846962274
FEQHUG	0.06329524206953563	0.08454957785460042	-0.06676525738184286	0.05806684788195342	7.483738681861194
FERSOO	0.21855439324501758	0.16710571862023837	-0.04664022274516505	-0.09860975070766195	7.116566600633091
FERTAB	0.21298570730010669	0.26279512878782324	-0.009530234929442938	-0.06906038166550266	7.116897589766326
FIBPUE	0.26808933699306925	0.1800969944370075	0.15252553663398938	0.03737789058708928	7.794206718172878
FIBQAL	0.2648701214962723	0.20019413818867238	0.18403662976559548	0.028554754193063733	7.811378323206261
FIDKAH	-0.07118385199831767	-0.3154110332827116	0.03659555897886374	0.10011043297037543	8.446619929257789
FIGRUJ	0.203694004962935	0.20274644275560963	0.1100811572745168	0.010151950918666088	7.602667274796733
FIHJOX	0.2927474439116726	0.00837771171868032	0.0065129447764755155	0.04606057609815897	7.860396606471515
FIHJUD	0.2925172039664914	0.0060760106693905636	0.005354131161032533	0.046231785286107836	7.862210361847827
FIJTOH	0.13101731812860118	0.43023232526549315	-0.06421077042821116	-0.03245729447492718	6.979342126539547
FIJWIH	0.254535616490577	0.05759871671679226	0.03498071161661187	-0.02225224594911082	7.625164436272683
FIKFUE	-0.2053978625616386	-0.09109133592945506	-0.1449956999726672	-0.0267024146447839	7.328155735174911
FILSEZ	0.0194871381675239	0.06163935819807788	0.04472747097935975	-0.005614595037063602	7.455627243921233
FILSID	0.016945292708210324	0.0431318592004325	0.05290741102522009	-0.007340456810366283	7.506151305666139
FIMNUM	0.10741420211574004	0.08250812420457082	0.06079530433770969	-0.12446589762054514	7.345891209601286
FIRKEY	0.023397370515184424	-0.2764699086884101	-0.02614207771567298	-0.010979299638203627	8.084866024598472
FISRAB	-0.036024661402164426	-0.1292532488848026	0.10385223810093833	0.17566737442576968	8.202810562881123
FITSEK	-0.01777841602330632	-0.11091983059402627	0.07894584156821613	0.05761127455437218	8.098967332273952
FIVSIN	0.3306619266604067	0.34215629806512926	0.11538605918458597	0.023643013019266183	7.686469381996683
FIWLII	-0.005443902176345272	-0.22086564525245328	-0.013973447994549554	-0.09054994481405379	7.800304604013641
FIXMIJ	0.12709696715296692	-0.017362964090144317	0.18392293214411473	0.002674972801017639	7.967627013730464
FOBYOM	0.24753737573401446	-0.14798915347924202	0.21484718293953659	-0.09736784182567831	8.41874762178043
FOBYUS	0.036219325878054764	-0.12419054626574844	0.1801438717356161	-0.060367642976712516	8.130567871661492
FOJLAS	-0.2061868057581413	-0.03755917986150356	-0.12530668212428936	0.012457353203865075	7.278102410909464
FOKDAM	-0.010468575634463573	-0.20143767299627868	-0.04331481309345875	-0.08018254823989313	7.809286942942395
FOKFAM	-0.09650327717115559	-0.08230542493964929	-0.0007534659440193991	0.10250024807219316	7.7894141282230285
FORKUT	0.03464994739711402	-0.21151691647256537	-0.00712413848586238	-0.03862430430241248	7.910751661408749
FORLAA	0.06696974186289717	-0.13778669737741545	-0.030081642905909145	-0.05849836584692958	7.680067560179282
FOSVOZ	0.0721348188919495	-0.06812818789670519	-0.06650682360475468	0.10038335498516386	7.806400485948805
FOWWIA	0.35288899115762584	0.3681865440230252	0.04357179684766796	0.03974007785068702	7.5514096402338815
FOYJOS	0.08619523382936789	-0.10779672388187889	-0.03933683023160656	0.04379935988836852	7.777421003800477
FOZXUP	-0.013470877882412857	-0.1338939332655928	-0.0802538430862555	-0.015606975609607276	7.703245237367796
FOZYAW	0.00428851651475215	-0.1253999089601729	-0.08682815420212825	0.002001312641165931	7.608686715818256
FUDFIU	0.3512553381793704	0.058956003427525216	0.03902399958722558	-0.08686529367350529	7.674367491296242
FUFZAJ	0.037151853355540165	-0.12633830996770018	0.013718944679831785	-0.04272919340842671	7.767464885607248
FUJMAA	0.019918162155009522	-0.08242105033067004	0.01228953269771263	0.04110891482614442	7.8216140367734335
FUJTEL	0.01983134464189762	-0.07953397133873369	0.03836877167655531	0.03905340672320852	7.822496857698344
FUJTIP	-0.001804210157814623	-0.06781496648684734	0.009458901702877637	0.0659414365925561	7.753923515528007
FULTAJ	-0.023271350580245986	-0.2660703047689907	-0.03296047275480474	-0.06551335417773413	7.937833981095497
FUPMOS	-0.04475387523919494	-0.28571637883184364	-0.12237608949007328	-0.03308737684051803	7.951813193541124
FUQHIJ	-0.15518420964050605	-0.025822581533902406	-0.10805577507527442	0.05692745403073605	7.309648488084795
FUWBAD	-0.07708221459076237	-0.15113184768718685	0.0656217392706811	0.029533740945707022	7.929068111948367
FUZNAR	-0.03266271072028282	-0.20285296697002148	0.027963718690728112	0.07702641946790757	8.148711285007256
GAFZIX	0.05753078841207904	0.11302528345993898	0.01019318721119461	0.03773337310974062	7.5872514556555855
GAJHEF	0.2993612892610531	0.2962051956455606	0.11437138833066057	0.02201484986607056	7.66386216713735
GAJHOP	0.3435920367337544	0.21112944577097476	0.11161783299913106	0.11960290299347487	8.066532119108864
GAJHUV	0.31366149795733955	0.3722443874639346	0.027261187091976058	0.055030719892813156	7.532252924157497
GAJQOZ	0.08415141873575527	-0.05244960747766417	-0.06852100454506782	-0.006074079600942833	7.535351566235486
GAJRAM	0.3223744671436575	0.06808240659768412	0.10335791691194868	-0.028530567791524186	7.8148448391629595
GALKIQ	0.05019298870451072	-0.07714096855622402	0.04023331526358295	-0.023242583550323728	7.824964350049723
GAMHIO	-0.15506035287243103	-0.021149695399576923	-0.1262044628173798	-0.03358976140941364	7.099576006089622
GANXIE	0.3665915765240846	0.09658804937739598	0.1638524619338883	0.008493836585656583	8.084694937019044
GATFEM	0.1027961263120809	0.16030599562540498	0.08381737925409574	-0.10460343206321324	7.4276646525978975
GAWKAU	0.06575164520683385	0.05146834205436733	-0.020646120451421307	0.140960979842482	7.730717789095178
GAWKEY	0.06970987593660416	0.0704099679359374	-0.017209340604890044	0.13860473760526398	7.688379416877042
GAWYUB	0.30022060816546103	0.1350513267089518	-0.010964409723292268	-0.04723125419113626	7.529860556159199
GAZCAO	0.15333608603386617	0.16465023400638384	0.09886928607023214	-0.044587760365684265	7.504852306399233
GECBAT	0.11766588169581427	0.3097761225267147	0.02937007477594203	0.022127733616884367	7.1717394845960625
GECBOH	0.10623287199116005	-0.02251225418780592	0.043057333138696946	-0.0022851180079903194	7.702454414220511
GECVOC	0.287395149865461	0.07602074282505228	0.2544723945637633	0.03465360417859624	8.21005585019318
GEDFOO	0.16513508535809907	0.33217259752374395	0.04470230739915543	-0.06107440336891665	7.181351060219582
GEFJIL	-0.011966036147071257	-0.2099433810149125	0.0305334973989507	0.03283917981376401	8.065089512763967
GEFJOR	-0.01279077257322303	-0.2136931805000466	0.03376790912585226	0.03495320277319002	8.080897145843684
GEFVOD	0.04950941872311132	0.005850269824961979	0.03110882064613474	0.08704050532705718	7.7390948687525585
GEFVUJ	-0.017645001192209353	-0.14407319637307736	0.17041596714128682	0.15561730014686498	8.320291001723417
GEFYEY	-0.045715525636968124	-0.25724656128495355	0.04652693097204516	0.09794383050566198	8.287805122809687
GEGNIQ	-0.15386554898807336	-0.05787684574403562	-0.11374711398483561	-0.03763802013190455	7.248643197487954
GEGYOK	0.03632768114123275	-0.024487972216486464	0.08185667676751665	-0.012607756424239239	7.880637884836657
GEGYUQ	0.03688911999086075	-0.02343013350094239	0.08012998294363585	-0.01201781456569137	7.8716410163986845
GEGZAX	0.03611727956474953	-0.023807786207608927	0.0818351895969541	-0.011664019176766613	7.882235282535162
GEGZEB	0.03595764713351679	-0.024940967607819164	0.08231795818519438	-0.012511931173668528	7.883354020764382
GEGZIF	0.037478958527246586	-0.024249350470937014	0.07906647434083039	-0.01202895624136395	7.87399794277094
GEKTUN	0.04970015891258095	0.05151762095140472	-0.10805518090335398	0.023005020415862373	7.379534399291268
GETNOL	-0.011728469697941168	-0.26629991434974215	-0.012935206783403902	-0.05721669196720569	7.929877766298705
GIDCIG	0.030066341841790578	-0.03736312056889596	-0.009245984493387482	-0.21412411332425152	7.21709231088717
GIFRIZ	0.3533282449071078	0.3154920345706952	0.06061014095690667	0.033018179057930676	7.5857093835452245
GIJZAC	0.2703577053821191	0.04646690800330923	0.17290022100658423	-0.034823697654370364	7.980880452541862
GIKXAA	0.007793902585098156	-0.033663089293973936	-0.09112884724830866	0.02512770773180093	7.529759265652248
GIKXII	0.03064742057047587	-0.05665526219707115	-0.059917697757760124	0.07048360304280259	7.672217892438237
GIMHIT	0.2512377154543244	-0.15951370041002788	0.22699190786890194	-0.040126738220814445	8.450537903683642
GIMKIY	0.26322847437330354	0.2349914296512161	0.021480825127623837	0.12887364981025642	7.67479404584305
GIMWIJ	0.07647544604148182	-0.059476301563077316	0.03143741983425388	0.018062812460125074	7.801536491336504
GINRUS	0.05291550207296192	-0.09073054284172055	0.029461772045860868	-0.04691615686164878	7.7388840832115005
GINSAZ	0.067846197534847	-0.01876373635675313	0.01705319392505375	-0.023858447765046642	7.609039336770587
GINSED	0.05152302345554416	-0.09261328971533864	0.03148222704281861	-0.04579003945697149	7.747888469509695
GIPQAA	0.0897127470497261	0.12055916428453005	0.01669169676216059	-0.018730440500833972	7.3578926599402505
GIPTIL	0.061552349231800196	0.01568576315775616	-0.09212716911588709	0.02484565672028107	7.414159983863525
GIQNUP	0.3423093212155037	0.3387879782173008	-0.2014198196984876	-0.05658359147012296	7.106038911299038
GIRVAH	-0.12656585953241306	-0.11078365402333851	-0.0665951473723213	0.06808875609207518	7.653518324384592
GISHUN	0.03639901794967715	-0.06342078776607527	-0.00446531827412644	0.06050063253372917	7.72647069040616
GITCOD	0.004886480230106294	-0.1416017220658809	-0.06817437604578841	-0.06832462650037985	7.618664458996531
GITDIY	-0.14030661687935408	-0.03291223728853629	-0.14806585443394144	0.018073110893158724	7.199932155365108
GIWKUW	0.07081224680980602	0.1908334323616894	-0.16497233383012477	-0.15931669589024805	6.700552927522622
GIWLOR	-0.0892896090617592	-0.06717486216834018	-0.15958498767634693	-0.0633257631223523	7.234350279337919
GIWLUX	0.055208080260840564	0.2639980904112408	0.0518789168554851	-0.02371962548206212	7.16905451493683
GIXHAW	-0.08777915756798649	-0.11863081078378951	-0.0270522047884158	0.05748634743957054	7.763893032507147
GIXJUW	0.325885787278144	-0.0288851311355936	0.20741631453723738	-0.06500117175415066	8.169685587451783
GIYVEQ	0.08728833168575667	-0.20787136320234179	0.049328039671386686	-0.012993886740509386	8.086177247146537
GIYZOG	-0.011162444068050004	-0.34220525176602024	-0.06871010429040075	0.005614272290652811	8.18919722085049
GODMIW	0.058944717535656554	0.0659683803203947	-0.135602717179638	-0.036656970000421826	7.229493165252895
GODMOC	0.06423915967733551	0.05306168258520304	-0.06693562478615717	0.04934529661534165	7.45288700350053
GODMUI	0.06458807464694649	0.05317480729118723	-0.06785524462947118	0.04822612503877639	7.449306712979385
GORPUB	-0.04746872524479118	-0.26606278617353646	0.07041695517559876	0.1665006217910583	8.39680644683357
GOXTAO	0.25252335519504454	0.5053051560693504	-0.13252453280541643	0.01471662701954643	6.9169061139600005
GOYVOH	0.01876959519218202	-0.025611446820448497	-0.001897545944909207	0.10076648723393607	7.7408268621312075
GUBYIM	0.2939683036431169	0.039618723548371856	-0.11580818157262196	-0.09216892846625044	7.551861185895195
GUFDIV	0.03437831204867381	-0.07278517430555873	0.15349689067847055	0.021304173092359498	8.062268748380697
GUHZAK	0.09205182269463519	0.17905654523152056	-0.06293378515355491	0.13464497745990678	7.392363214470547
GUHZIS	0.025962029083100635	-0.095503708330233	0.09332460086396527	-0.031243402347022414	7.852385223014121
GUKGAW	-0.20539944476980132	-0.04986597865230752	-0.13531479753915693	0.007690110569487776	7.262224267545752
GUKGOK	-0.16111402846397782	-0.07955357714410194	-0.1562142930830226	-0.025324177214055915	7.179901392040248
GUKHOL	-0.08953772993307263	0.0407461721546957	-0.1551760317374129	-0.026898922747999238	7.061068682024064
GUQZOK	0.07411595865397702	0.06086866309102734	-0.03894663204267923	0.005818100808723983	7.482897587116635
GUSRIW	0.009870279930590531	-0.16631844055030864	-0.0012199431791375115	0.07151942356559043	8.032901021346063
GUTCIK	0.06273611623498221	-0.07619548857272906	-0.21194962198221917	0.044410658009633036	7.512140156246658
GUWBOR	0.27507443585671565	0.07695137402753914	0.03006694030682855	0.018259686804636806	7.752309476637794
GUXNAO	0.07420044251858426	-0.05200302647570193	-0.006459161217188647	0.012901113767723647	7.672670147799012
HABBOF	-0.037728054912006925	-0.1488570118326039	-0.053481065085171364	0.08502907473173046	7.892955847873169
HACWOZ	0.07818503825278844	-0.027126115124067762	-0.12883283236464133	0.11270315016498861	7.676513299476573
HAGHAA	0.11430513390555097	0.04847734072839563	0.06069814481767899	0.012543354241421549	7.668308249265993
HAJROC	-0.035259173053114434	-0.1365105428494645	-0.09454905108551287	0.06782370016570513	7.782504871677777
HAKXEA	-0.0070627078374645436	-0.16061805291735315	0.02380915336967321	-0.0020211736632347876	7.920086415579144
HARNIA	-0.25057096445913807	-0.05712368843899013	-0.13839173981431935	-0.008071467802456822	7.2670136454580385
HATLAR	-0.0002410144201498987	-0.14705151501639152	-0.019595158439804666	-0.050044748553692606	7.698443092332699
HATSAZ	0.4000330217025021	0.40015821185204997	0.06647917764401481	-0.002817307091327881	7.542115998198224
HAWPIF	0.11402691681962329	0.06988086192577678	-0.012012830783881961	0.01881360464900398	7.52548853622723
HAXQOP	0.22920034983652782	0.06978603905177778	0.09853790936436209	0.13663616420711788	8.011778418414744
HAYGEV	-0.2436180114843891	-0.09794077646332211	-0.17844139190834069	-0.02116059506815071	7.300338808869591
HAYWEL	0.034631789153830805	-0.21147710117654983	-0.0070134001642961075	-0.03870989284885193	7.908407552905233
HAYWIP	0.29522220889213147	-0.06751164255764597	0.15468053297884493	-0.06546057320175264	8.094078342576887
HAYWOV	0.32560887945863515	0.10964027327666531	0.2210859499553588	-0.06750491856391774	7.94565015650009
HAYYAL	0.07788342118104064	-0.03633013538212354	0.12905490182563104	-0.09291256771724213	7.719091685370073
HAYZIS	0.13782150657403092	0.186626755876753	0.057765678068665754	-0.008683090672247484	7.520772389474853
HAZZER	0.006614292969732372	-0.16905239433931984	0.13682926536048168	0.0012351354989145885	8.200177992746875
HEBLOQ	-0.19713927277980536	-0.0868203783137905	-0.11489831104421117	-0.036851392404823546	7.320764042430494
HEBLUW	-0.1362427862400759	-0.06771703229554166	-0.12934812661893974	0.05809469206327232	7.263872533844337
HEBMAD	-0.1289451711864893	-0.05670928941232006	-0.14253793026284922	0.06253641738224915	7.217238626719134
HEBMUX	-0.13306912980049468	-0.011635787006400222	-0.09648289443847907	-0.10398640614190854	7.149217132444688
HEBNEI	-0.19630957204078703	-0.07137754281309408	-0.12912403742979994	0.02713605632895428	7.3190767573507385
HECYAQ	-0.1811525641873355	-0.05161485321448708	-0.14516597185102265	-0.028711327963799535	7.239726765927466
HEKDEG	0.021444425221182062	-0.12690525121412288	0.07207914745535149	0.0422213652445077	8.023584718169399
HEKDUW	0.05996033383466637	0.21452451608432394	-0.021458449339474606	0.033638017953813944	7.222348566113802
HELRID	-0.10896677698806645	-0.28522161134884094	-0.12685034855400423	-0.04521388103573419	7.711154002106556
HEVXUC	0.0731837149711887	-0.030755299601421704	-0.03530235872138249	0.003515533505411547	7.643149814748821
HEWCIW	0.054372196193359645	0.17441896365773585	0.03431562086035722	0.06101936625128053	7.354114176603169
HEYMEF	-0.008249928391737438	-0.19046908124847833	0.029069510801927295	0.03697242500371202	8.030758679639712
HIBMEO	-0.0755039138344662	-0.11769925554522714	-0.1420414323968613	0.052612638762546425	7.346390843078718
HIBNOY	0.06474562620569779	0.0975715546739267	-0.09882753887792817	0.047951298381510715	7.319254607577756
HIBPAK	-0.2320067483665884	-0.09199428345114011	-0.10620259149516847	-0.000827099289423705	7.383736348167772
HIJHEP	0.0034799202295507925	-0.16998966552498201	-0.024656610427381848	0.09249795758655815	7.985726434697233
HIJKUG	0.34897843055984845	0.19487527616928682	-0.2040696219558646	-0.02326600307363158	7.492552307260396
HIJPAT	-0.03454258601655136	-0.33510134774260897	-0.13689804171334274	-0.04081442681403992	8.017093460341927
HIKREY	0.07428570625703079	0.1461845079808993	-0.04703068576766445	0.08627039856274817	7.379440082554945
HIKZAE	0.04791122160946193	-0.03126682139443923	-0.14189211151877457	0.023321768873204647	7.529694237109767
HIMWUX	-0.25449739999159204	-0.10482766322227013	-0.06435892550147199	-0.02900190424530108	7.458019466289527
HIMXIM	-0.23598810497343958	-0.07743378025944342	-0.15609435008661682	0.007417192153242075	7.28930584554089
HIPTAC	0.1336867071604977	0.2655533163102861	-0.12014866871385921	-0.015613327073945596	6.985520380443859
HIPVEH	0.021070556296160614	-0.06723495994302897	0.046956541340535674	0.031545332559974264	7.814877298818418
HIQHEU	0.07384625813741819	-0.0037172742594024366	-0.07012628261890141	0.007638732105377417	7.4822182785003
HIQMEA	0.06566410668855527	-0.12298966405551065	0.06722974785240987	0.02437000097245382	7.980875133295624
HIQQEH	0.014948272912637783	-0.09021513053346036	-0.12921701477030068	0.08194281499124406	7.581537945419
HIRKAX	-0.11961783470750786	-0.09598212008356077	-0.15288578709146894	0.0822083087769911	7.501184951690326
HOJDIV	0.05541890206456346	-0.0031134724137158176	-0.0873205846732305	0.11611979785535644	7.670194511165045
HOPDOF	0.23732565090343227	0.2496094547187567	-0.06590065891994312	-0.10194730151913733	7.080014713026352
HOPDUL	0.24544731434984923	0.16497650369469216	-0.029345515655653853	-0.04232635678590979	7.449745311022449
HOTRUF	0.24947373793864047	0.24149768938420946	0.07319802806753894	0.05722698147457349	7.619232973998119
HOVGOQ	0.044896140805799956	0.015651477394487634	0.13481502239553114	0.05454633715185242	7.892693366938151
HUHXEP	0.10481807003712129	0.31811244098954444	-0.15319891009401082	0.035284266682585795	6.926024317205438
HUJFIC	0.03992199168094812	-0.11027107971283479	0.05070517989564735	0.0579272434570732	7.903619361126595
HUMFUQ	0.3001596429270488	0.07732332818680966	0.103208663208369	-0.03231915181628793	7.762007059223697
HUMVUJ	0.28874695908005643	0.024749561863797162	0.20785241462626675	-0.029888229219962523	8.055987321396762
HUNZUL	0.18831994529553908	0.19931863472314615	0.02449842226331231	-0.061969605843354814	7.184145858882829
HUPBAV	0.0679993840172819	0.206852149880832	0.039739607159863105	0.05333261141177656	7.245081269559612
HUPBUP	0.242741802074661	0.023843923372113746	0.16075722331954934	0.09801968906371125	8.150566897259917
HUQDUU	0.3560170673138674	0.11703920375699499	0.05375891895014093	0.02468726738134195	7.844099101553483
IBAVIU	0.0537933468559193	0.035799108202851135	0.05560986623246422	0.04511209386829107	7.654722710330183
IBAYUF	-0.022917678030166755	-0.06650505769249196	-0.09989240321010173	0.18412989246055642	7.760140674695476
IBEJAD	0.1317489480688523	0.11598034921070027	0.10055362654145326	-0.04155751777854533	7.579916921885825
ICAFUN	0.26843745805147945	0.00880801544974244	-0.10467698359124727	-0.01577129238873838	7.60181642736334
ICIGIK	0.2449448989738081	0.08901456997681956	-0.09779070343270568	-0.01621676852493309	7.440958987199188
ICIGOQ	0.06480297767962151	0.006743873025456426	0.053829386497266735	-0.05874696999521398	7.514924099813752
IDABIA	0.0508363312582758	0.09597975897467563	0.1339883618971658	0.032369554968161574	7.700541352514675
IDAMEH	0.0029201279739909936	-0.16667803439212064	-0.006245730554220258	-0.02500248156995144	7.803483119951354
IDOTUT	0.06602289784305038	0.04782106926245647	0.02272848980018763	-0.03307467101346119	7.479171671962933
IDUROR	0.007475648969853754	-0.10365310563153182	0.037054333800184386	0.028235869228283535	7.912328555065327
IFASOA	0.060458654103564324	0.20685914447840648	-0.02137764322814517	-0.042098975627928914	7.097847518564753
IFEVEX	0.06974055974440097	0.051270655413894944	0.03341833534632954	-0.023605274461531975	7.507973306100836
IFUGEY	0.08240751652594769	0.2707725096893572	0.013439057941798727	0.022567331935251823	7.16093131780748
IGECON	0.212120528760956	0.10919479453433642	0.20492040599345043	0.07904039600163958	8.044010241010154
IGECUT	0.22272228639992475	0.12566327117685205	0.21455905686416646	0.07861221544352132	8.031102024724369
IGEDAA	0.22177801157142918	0.13258248907772155	0.21433418986924083	0.08657539610167016	8.026930645873028
IGUXAK	-0.29081637736412747	-0.13083210921211835	-0.11807394953951589	0.02756083008271666	7.4994666002470876
IGUXEO	0.000489511877847626	-0.17053940036068083	-0.09977007171761115	-0.10596519407222343	7.6756031784277345
IHASIU	0.1179558750735219	0.3136253679172787	0.020568589953814553	0.020520627333192536	7.264854056597633
IHOLID	0.21242946606175606	0.05056378172630552	0.14206380916312086	-0.008842679420749011	7.912452866951622
IHOLUP	0.2127333386074226	0.037255879213668824	0.14330555513984025	-0.025143518266141182	7.923374190122027
IHUPOS	0.0539713703017326	-0.04629692327930096	-0.048367989751439744	0.06713327359850033	7.705773127781337
IHUZUJ	0.07432115700997377	0.055515504910111604	-0.11804226561422926	-0.001631981665440485	7.244147901818586
IJABAZ	0.08409853144364154	0.05109459509600356	-0.08610292589143187	0.06433229285268177	7.439999333113404
IJEVOL	-0.20357681331311817	-0.11942503550939654	-0.0953750973898233	0.009256214901218522	7.507521495928037
IJEWUS	-0.1832608467537855	-0.1086224554549996	-0.0951410238855217	-0.004560684866158196	7.460983756576268
IKUKOR	0.10955086985592333	0.01908727719347944	-0.12384621542010726	-0.04985564055042967	7.015589252679341
IKUKUX	0.07710316986909183	0.005267335557119057	-0.08533386240658808	-0.14963439395182318	7.103263928618984
ILIBUB	0.22996952566987483	-0.03466573408643639	-0.02269515707935274	0.03352680573528031	7.735193416670164
ILUYIA	0.005777015043932021	-0.15362829594998706	0.012753362608718372	-0.010356674925827508	7.672595678294826
ILUYOG	0.0024923126929565775	-0.15159313774285832	0.014648882283732678	-0.01848021865034588	7.658551170761413
INULIM	0.11731922257067007	-0.01762832963768987	0.1096994156243571	-0.08589951483101893	7.636242014735456
IPADIM	0.15249801515012829	0.0865931040484628	0.14578160622197545	-0.09436312292071697	7.641997765387487
IPECUC	0.035470061983379875	-0.11141734130490594	0.038854348639301456	-0.050278763341669766	7.743517083381161
IPEFAN	0.061362218822866854	0.02052388646097815	-0.1067586692882233	0.022495045790100685	7.405824287992351
IPEGOC	-0.04494038684465318	-0.18786001937418317	0.16481147419022402	0.12897400129942185	8.380582096738271
IPEPAU	-0.16552546063834628	0.01478265592070166	-0.15656942220204634	0.12993874222698404	7.375263822482935
IQAHIS	0.38136541590996975	0.1671721063778606	0.08996157461474522	-0.09531211161732928	7.636213068989462
IRAVON	0.03922307146251791	-0.10940196317924045	0.052259009650158006	0.01321384683886307	7.884711803736483
ISAKAP	0.21316876337269663	0.41040311049523553	0.009152250249581217	-0.02629963459592409	7.161932657589321
ISIXOZ	-0.11511392742909443	-0.0529965344508706	-0.16416970745903986	0.011659439683107085	7.1238210980422005
ISIYEQ	-0.14678115343723608	-0.06056605829687292	-0.14378718360325438	-0.0170019800924497	7.1883390700567285
ISOKEH	0.000189182961972012	-0.14140775412150447	-0.0660226736601025	-0.035150592684538906	7.677482304900977
ITADAK	-0.11532020370592777	-0.12151218538489028	0.019887141037033568	0.0499712375455529	7.855810165756898
ITAFAM	-0.08887215571995633	-0.10200093407069522	-0.004545313139988516	0.0471424547759063	7.763824695236252
ITARIE	0.22388151053527094	-0.06110984942606604	0.1533850545415542	0.0755305620673829	8.219554127268836
ITAZEK	-0.14459448229717742	-0.06507467257230035	-0.14187703201392898	0.06701677238901081	7.246080983978038
ITONIP	0.2531182063635371	0.4354905901186056	0.05852413585886418	-0.033348700668075784	7.244835215037807
ITUVOL	0.06594687719396886	0.0634872552803406	0.09218968350809822	0.04943014546698124	7.72175422094265
IVEQEI	0.0937903870485548	-0.07994991246286293	-0.02810803640336701	0.046015461067388526	7.741339655625655
IVIXET	0.28882966820282485	0.18463389381817263	0.09230090360102242	0.04779584463411085	7.786388470441027
IVIXIX	0.2903197171049192	0.15857321892389184	0.14654623087613322	0.01595986410036305	7.901553454543118
IVONIT	0.06363971533499457	0.1790761049866172	-0.07549792254529847	0.0629347427298154	7.281489982698808
IVOSAQ	0.10569382345397971	0.17621657296917864	-0.06717517237501636	-0.0006818829244742697	7.266711448826132
IVUYEE	0.06665542152664683	0.07928672232869101	-0.07572420377575223	0.13536115272617963	7.618092528019923
IVUYII	0.07280617039211412	0.022421824485373595	-0.019500980451104294	0.008945689253541285	7.567389204896102
IWIYUI	0.03144906985322171	-0.07844025840976496	-0.13825358086717537	0.011343273139472303	7.466840383320653
IXEGUO	-0.267805256156477	-0.11937885901522538	-0.10894174818318231	-0.001282142799027497	7.442008109045774
IXIVEQ	0.041586291456817026	-0.17316963345981407	-0.008398705242476878	-0.05781091598398316	7.778220991952358
IXIVIU	0.0417560420591534	-0.028095466009781134	0.041386078378715885	0.0023834069112700224	7.765386716500341
IXODOO	0.12678095858928407	-0.10703250017736238	0.026242923694813958	-0.0739339353648065	7.809850282028099
IXOGIO	0.04894456866168051	0.11151445428892776	0.08994508909898499	0.05630870812958348	7.630554935380515
IXUTAY	0.05980787167563717	0.02457736084158342	-0.1039824822570884	0.02936086432650458	7.399227266602636
IXUTEC	0.06852168971631345	0.03806923540063514	-0.10146493596251493	-0.005353106631187765	7.29641441345288
IYALAW	-0.027674226517293565	-0.14748475439040415	-0.07903447889330106	0.17616894485247922	7.961492670328973
IYALUQ	0.07811240331827252	0.03985100529869294	-0.37994707839455777	-0.06811993784666281	6.983533423095106
IYAMAX	-0.05859451455320741	-0.16721298247046823	0.05722213824818162	0.058968047127917575	8.054276097816873
IYARAE	0.033177923422079925	-0.07229654766751298	0.02479391636912709	0.04238656386757467	7.835582647296846
IYIQOW	0.33295857957946984	0.2175068680246195	-0.018313139370037507	-0.09730594592829489	7.435923951773007
IYIQUC	0.041897053479786894	0.012471402575943424	-0.02488970587793851	0.10821743571640585	7.662324892388831
IZACER	-0.03361938729348779	-0.2800532832825994	0.17094560036387563	-0.005620792845772812	8.484986628161053
IZEYAP	0.05017353237626443	-0.04730435868714186	-0.20298400194166727	-0.11654275437975459	7.089587185799183
IZIGIK	0.1465051077812798	0.38332426819759696	-0.008164652158139829	-0.045288717359687564	6.961280932014836
IZIJUY	0.128128777965403	0.11768100557298623	-0.08010450513093226	0.05272841704859509	7.394114473666654
IZILOU	0.11968792053874067	-0.011635603532219707	0.09395110215662797	-0.07248668405211339	7.692833378854252
JABBEU	0.028733297060012486	0.06753650504579387	-0.027672896717328643	0.16406197937442507	7.628822772349978
JABBIY	-0.0847763065177638	-0.04803823921847877	-0.10300508668280028	0.09211566731289898	7.537468686624674
JABBOE	9.429442686892386e-05	-0.12566273331175332	-0.04145976118768602	0.06043813997465777	7.7663954207967105
JACDEX	0.09274602908303953	0.4908613325323332	-0.1336553569710694	-0.0730194901749815	6.622954717572039
JADQOX	-0.012489786200258646	-0.23599534081400325	0.0009622788090924983	-0.05816996865221866	7.920469841738195
JAFDAY	0.3204598209996514	0.4187457978075701	-0.18913920249353927	-0.04975061871996657	7.105624709693242
JAGFAB	0.012631224057704227	-0.1723060485770353	0.21496752928296897	-0.03777643631001444	8.21908310622854
JAGWIY	0.10015352236835495	-0.09358773860029224	-0.019683207286746718	0.01243559270333891	7.724043848867893
JAJNIU	-0.24415114530103477	-0.6207075665585706	-0.08936819587693107	0.0644287365408225	8.971057330451968
JAJPES	-0.20839700421087093	-0.6105633095151787	-0.07365680908668942	0.053369822164995764	8.94753956273935
JANFIQ	0.14304800789558092	0.30042610268193115	-0.04995370438574476	-0.014206107711334806	7.114777267141576
JARBAJ	-0.17183593051306767	-0.04585443793746008	-0.14311445192436767	-0.023400713001344928	7.2279060042549155
JARQOL	0.018455934265004803	-0.06604650694284953	0.0546307831697222	0.055446434085489285	7.8697220986269745
JARYEK	-0.1981141460023177	-0.07726168466812014	-0.15528055236045651	-0.014211636738156952	7.283043809759647
JARYIO	-0.20124309011751063	-0.06475808372179623	-0.14260193681983085	-0.012671971066507068	7.285442502540429
JAVWIM	0.09048530798255205	0.3144610322915301	-0.13721590074638235	-0.0183321064289462	6.853098516059955
JAWCAO	-0.40860580675777314	-0.6681785072067044	-0.20435574400794038	0.16876352172000497	9.22738423581696
JAWXOX	0.04125214009297418	-0.031726757518008075	-0.08476329324126958	0.0496997958353673	7.546357910251296
JAXKOL	0.051880153615221136	-0.19387497868490222	-0.037464683955803046	-0.04461804521794803	7.805188106004327
JEKNAS	0.002041209876890715	-0.08283246503962585	0.07362571995338632	0.05928944384564743	7.94480765461673
JELMEV	0.042521155559968715	-0.07383368419215644	0.05553909300892271	0.04394391154010989	7.8729420657623965
JELMOF	0.027962913622630925	-0.09116859767887273	0.074776702496441	0.026161534374638265	7.904639633590688
JELXIK	0.03147363080250232	-0.17813613103709136	-0.052594638750182165	-0.02802132055494118	7.7682918224512845
JELXOQ	0.08438056984040498	-0.05019514083656987	-0.014608495572654812	-0.004682522302414158	7.704399380731688
JEPCEP	0.050136606839908726	-0.030607423478030166	0.027300447693003882	-0.06192039612558861	7.474812028116014
JEPCIT	0.06618488934207756	-0.008123974867094541	-0.026679233404047736	0.0341709039698879	7.582218226028085
JEVCAS	0.09741542148541571	-0.015428060475811578	0.16487977418553523	0.019028144246835826	7.844966224950625
JEYDIB	-0.08655497154559288	-0.06844436539601298	-0.02035394021546713	-0.029359724436510484	7.5741808620470055
JEYDOH	-0.022054231628476195	-0.032315357339965683	0.02884724399037783	-0.02892562264477065	7.639187144198038
JEYDUN	0.045429996479055657	0.27144332196683674	-0.07313392308716377	0.026661549306855617	7.061964123790191
JICZAZ	0.07498987660568668	0.19284988740334186	-0.058739423448110006	0.04726485813935456	7.2621310474129706
JIGWUV	-0.031436762376942706	-0.013787203081076421	0.04547558708769095	0.14420253526166077	7.850609495025137
JIGXAC	0.011150869684888765	0.005915876244115548	0.05192745430805512	0.1310989857906185	7.809194322500222
JIKGUJ	0.07217491928477715	0.025883626036804636	-0.017587039687791656	0.019865555326595945	7.582207112020235
JIKYAD	0.17832127677935583	0.43465372884757303	-0.039933805117691956	-0.021161968006855617	7.040186878894273
JIMBUD	-0.029916264083930777	-0.09803308984752185	0.04306445348025803	-0.035541322756065585	7.762273568012554
JIPTIO	0.08295551128477152	0.0584126695991717	0.1466609022449277	-0.020027864062474116	7.758018230978698
JIQDUL	0.08793181872349587	-0.030406396531580865	0.04534474261426791	-0.008701567943309771	7.751364527858499
JIQWEM	0.11802666765874426	0.14414724272183616	-0.007944543729518028	0.010836385424436476	7.4214849408769386
JIQWIQ	0.0935798533636123	0.21555288315398527	-0.18354542221083675	0.10954271201843206	7.290596658411332
JIWCIC	-0.26014975827220965	-0.6414068707243615	-0.19383160825336204	0.1391656953522467	9.04409337949167
JOBQAS	-0.026058896754541205	-0.1925831065940825	-0.020084850187794073	0.09204670365944886	7.990678706235001
JOBQEW	0.08415761922385157	0.026285983984518438	0.1686999378207872	-0.16783815285059192	7.625909392389708
JOBVIH	0.26623483490852573	0.053523710323059845	-0.049949632879714656	0.08950002224687811	7.7314416615232595
JOCCIQ	0.009033520164188236	-0.1292741889158313	0.04844161086996224	-0.0017595441439155618	7.850947345947067
JOCCOW	0.02488370295334219	-0.08406431817665311	0.11881169829915479	0.0032803500433343236	7.93580897637759
JOCVIJ	0.05906263611670637	0.08179489938117718	0.09342112928159424	0.058376415780816676	7.650615816846477
JOGVAG	0.022263884054786853	-0.23521621716648355	-0.018591870180949294	-0.039860643677868485	7.935102518136147
JOHLEY	-0.22862670402700802	-0.051845283153264504	-0.11573257887872246	0.04947660324098141	7.4001917093634395
JOJMOL	0.28308486811288747	-0.1268295581233887	0.22045734805824863	-0.08473074611713988	8.342755240933101
JORXET	0.06529914856301611	-0.0912793374715726	-0.0495824951959265	0.07834640029247142	7.795400161824127
JOTTEU	-0.04425980707959143	-0.20640342730390804	-0.05526085547347653	-0.025675613175854747	7.81426010640386
JOVLEO	0.33391715249672105	0.15138382030742262	0.14248501883028863	-0.02996154993209832	7.864909700044595
JOVMOY	-0.27180766931479683	-0.11316125017663842	-0.10798957821251881	0.015145826558740597	7.428853820090559
JUJKIK	0.0698185744780564	-0.08354457293600162	0.14654490216293325	-0.03306436792167616	7.978512467982605
JUPCUV	0.09309090918164697	0.0490502201184643	-0.04526721186734789	0.022025687644142262	7.468403839832208
JUPDAC	0.18898961814232296	-0.19594881877523956	0.11125626753739738	0.0813159109217374	8.320054428031536
KACQOW	-0.19268500997652893	-0.02191118801181105	-0.106967728152422	-0.05835238768899423	7.255960293734765
KADDOJ	0.02590823581830426	-0.06621725846693036	0.16099242602545233	-0.020546313008451028	8.077206741275642
KAFCAZ	0.3407129685892918	0.17260048410674314	0.07564515982690062	-0.07464440665340397	7.557800251257537
KAGVUN	0.28213211037323793	0.019165929238036603	0.1639512260009028	0.03180877769721879	8.11076899877726
KAMCEJ	0.051466014415847194	-0.07228840988595828	0.14961511494054747	-0.04012938122179098	7.9357211982761005
KAMCIN	0.05799517446593461	-0.0750162562690139	0.1486389673368898	-0.04388964184206123	7.939189105928111
KANPAS	0.3878233618439135	0.23067241539228164	0.036649830968191605	-0.08280805740448058	7.49032281977245
KANXUS	0.17870218791196057	-0.2429741276450909	0.1387652343948828	0.15104064864282993	8.56174612519064
KAQGOZ	0.2738440543049463	0.35947808335279646	-0.047853242675032326	-0.005280057925760903	7.136892938763708
KAQKOD	0.07705911472014337	0.06854987374264554	-0.14241644673278692	0.002556606226544536	7.219073524403936
KAWNIH	0.32065532698971255	0.23871305464571163	0.0051430131217309605	-0.045045766626580025	7.3830976254989595
KAWSAE	-0.21438453477044295	-0.09249597229876452	-0.1443411744983512	-0.026647821308157613	7.33064005240522
KAXFEY	-0.3102011613954194	-0.1457132718784534	-0.1480432021480504	0.05136196601055903	7.4852866316665025
KAXNOM	-0.3010334178990304	-0.5879369909177066	-0.12994550532504778	0.07009349356100814	8.81747866751714
KAYLEC	-0.021212326192191266	-0.031979606390652615	-0.17830613770534487	-0.21858927350173674	7.0501802770868665
KAZSIO	-0.07983394336255456	-0.09294690377354417	0.012428731005891425	0.16115410192011717	7.888991498688357
KAZSOU	-0.08412893885415196	-0.0755020967829475	0.020326848695705446	0.15703639665771751	7.853066383077541
KEFHUZ	0.237917509385158	0.2726572390218355	0.22395999995373925	0.07286003518898612	7.885801938008766
KEHJUE	0.03459674465236562	-0.1966363447032179	-0.0118258958755805	-0.052823518204001496	7.831513371599447
KEKHUF	0.3203813639049602	-0.07106972163445979	0.2057526186074231	0.0058847966697760795	8.319930119159944
KELKES	0.07197184988687644	-0.06894394001785698	-0.0637800195982009	0.03435943687178022	7.670953520374521
KELKIW	0.05596925760394056	-0.0630011372276939	-0.07567732275685823	0.04872773254880075	7.665747318856261
KELKOC	0.053801474995845755	-0.05863587615671209	0.04760250792621867	0.0057358356441350455	7.7221478103630625
KEMGIV	0.29385197655461814	0.2568697337850787	-0.0597674054770202	0.00244880034976247	7.337190330811511
KEMJIY	0.3044667165095629	-0.07528674923914538	0.21856848159879386	-0.041215237548971745	8.308314117389175
KENRIF	0.2644113249505149	0.007510056503982954	0.22182017448917044	-0.10301878437412926	8.048346615507759
KEQWOT	0.04434373114769796	0.051495709355053584	0.11439895986705469	0.08036937652894288	7.850226621486746
KESROS	0.07734803133170187	-0.08756538297533314	0.0030374598174105205	-0.005652530255046126	7.777203508580462
KEWZIW	0.43137001371870776	0.4114125280236252	0.16325058366608702	-0.09010000030691614	7.568408771408502
KEYNUY	0.29790947273796453	-0.03732466442148588	0.18111788345717825	-0.031562899307677555	8.140746163125543
KEYPEJ	-0.0047642481290433025	0.25642424163843813	-0.2353337248914475	0.004976784657380287	6.778392639888456
KEYPIN	0.016812532695261506	0.011832954272401941	-0.07231491676631369	0.03219194260590106	7.303631037377768
KIBLEO	0.029550811990100012	-0.1904328076581167	0.1365679909737864	-0.010751791699747215	8.189836124822374
KIGHEO	0.21971790534591085	-0.08181275904836874	0.1422907397366879	0.06321415965105064	8.230573366909923
KIGHIS	0.055931855481815784	0.015556468113469113	-0.08581724019767051	0.05474471786666793	7.5543495090598425
KILCEN	0.18142075292670734	0.1491273612738085	0.005907133782647289	-0.008197215128819102	7.377618027018764
KILQAX	-0.33522120885610374	-0.41219290865422487	-0.04208096182880605	0.05839301538727892	8.416111063757855
KISMUW	0.26339917301358584	0.4950863577439491	-0.09336073230971459	0.029619459093107557	7.093525712738771
KIZPIT	0.04733074462001374	0.003184004418204378	-0.14793409132239316	0.05603936130849763	7.479046453047191
KOGCUH	0.0488878200386762	-0.03428495709750351	-0.1266829031887271	-0.01580687784127456	7.4447031264587205
KOHMUQ	0.11874164699227174	0.2465071334573428	-0.12891273894888627	-0.019680591200938125	6.983592809145165
KOJRIK	-0.026405052104800486	-0.100456699602477	0.05672492113948299	0.10891051565893559	7.968897568630179
KOKKON	-0.006265714051494786	-0.24627897962503742	-0.04329320933525488	-0.11460136074129595	7.76991712840095
KOKKUT	0.05474066800820632	-0.045864607826564596	0.06442636193492268	-0.06991941695072137	7.637675452365831
KOKLAA	0.036553985044351034	-0.10738487171414107	0.042489042634026725	-0.05464029219291408	7.758807553303391
KOKQIL	-0.3059834436549931	-0.14769421943749578	-0.15119669003467823	-0.030506915636821674	7.473442549999197
KOKQUX	-0.30649227036880733	-0.14423632816225646	-0.14825754665772678	-0.029101925420646158	7.466267442888273
KORGOP	-0.18395113583414746	-0.07810213106603414	-0.08770378720288746	-0.0025340410125991447	7.375650326859224
KUBGEV	-0.2563675909364438	-0.08504513388557153	-0.21259164261775987	0.010021697908499771	7.276111617572639
KUMFUT	-0.18835532855622805	-0.04436925614288792	-0.12154469550485075	0.08394292978646621	7.477567607287664
KUMGAA	-0.18387087640218747	-0.02343497717331519	-0.10441845911239495	0.06557753310619499	7.429642107425978
KUMLEK	-0.26903306001888394	-0.11566607175999116	-0.129400259536801	0.005073632962173877	7.408453925390437
KUMSER	0.04132238315752845	-0.11272086683228871	0.060744206860997546	-0.08989308789784625	7.721792796581521
KUNXUM	0.334230233713384	-0.03193932525240531	0.17696652203451296	-0.003978261148221737	8.235861163350394
KUPCUW	0.3255887570248066	0.10248114252935628	-0.13800701458494202	0.04067933525809189	7.524695852164651
KUQPOC	0.06306506312331495	0.03317345896197264	0.09676203188956795	-0.02876621316128021	7.618116382042249
KURVEZ	0.13653031517815473	0.139892225635246	0.020886135823712043	-0.012812396522561054	7.4806246047246505
KUVSUQ	0.06277378629654118	0.12433808503791613	-0.027101074662940483	-0.0011209895866817754	7.294657329948822
KUVTUR	-0.14339312284932015	-0.1366074752419088	-0.12042867210905883	0.06574319531339191	7.437031500507107
KUVVAZ	-0.11697641862019514	-0.04706668147146073	-0.09750110120505412	0.034177433011868416	7.253732632072772
KUVVED	-0.07195193296170022	-0.11664476051388323	-0.12880060504059754	0.058003587963615835	7.362660128960704
KUVVUT	0.0467251562406914	-0.11657298007486627	-0.03927000256719859	0.01875517377112037	7.4268539205667725
LADGAB	0.05872181018850542	0.08465540809463892	0.021599019085336346	-0.03837542815891551	7.3590912931789045
LADGEF	-0.008898497289645757	-0.2278465673034204	-0.056627718035045294	-0.09368366002640219	7.731366892203887
LADGIJ	-0.025193352063927588	-0.305938510057855	-0.07686383228087218	-0.13775562573358596	7.935434091271757
LAFDII	-0.027258918752361527	-0.02316060372360046	-0.12430164946218974	0.012983867764069568	7.105497669655632
LAFQOZ	0.0979631273531818	0.1127229668269547	0.09042243786793366	-0.10958776996855846	7.515192463515786
LAFZIC	0.3440771550436561	0.3631113466312491	0.0034111513320091436	0.09982252192079444	7.675493290270537
LAHCII	-0.10805534492850599	-0.23586177713558726	-0.11380421997956708	-0.11994892287086628	7.5613755230729796
LALMOB	0.29266705678490057	0.019539184995357714	0.19416957224869005	-0.01863140170428472	8.08478231402868
LALMUH	0.2922273741031156	0.017585841791165208	0.19762746887173016	-0.020033694010424	8.092140524251827
LAPCIR	0.38500230554739767	0.2345094682588832	0.1475984741416408	-0.04472950527001039	7.760714879710825
LARRAZ	-0.00412259881282262	-0.12408148071732505	0.007954639060014507	0.010032062237746733	7.850403867121099
LASWOU	0.012981876845454376	-0.10006445523851598	-0.09145570767145766	-0.0008844757059622843	7.540100135711872
LATTEG	-0.011231897543055869	-0.19832977931394907	0.07691058272293544	0.06748496127551833	8.200149522151081
LAXBIV	-0.1265792015347711	-0.2632091518985728	-0.059946533855941064	-0.0733435443090697	7.761224738458655
LEBDIG	0.28059182422246964	0.011223263578322679	0.0895949528255871	-0.058838650564348866	7.874150749994749
LEBDOM	0.2530758561396884	0.16743853747580886	0.003940069536861324	0.03136005163801493	7.688692704149772
LEHNIV	-0.004318557287357638	-0.13706292072564574	0.1459661039843564	0.11778953205977938	8.252841799256162
LEJKOD	-0.014654325866848339	0.07157229963783877	-0.03035183516224546	-0.005237548693571362	7.22324870886547
LEJKUJ	-0.13396447912804765	-0.004163486941678174	-0.03381021001820084	0.009736368102857426	7.3535461377583164
LEJZOR	0.006212860775264062	-0.15378279822635615	0.01214104567401672	-0.009494435598128265	7.670809366153067
LEMCUB	0.12475071965400142	0.11267811495334676	-0.0010640348845573078	0.061196198343311144	7.460230230875809
LESQIM	-0.10264917608565405	-0.15258866818800837	-0.21682882578148804	-0.05028659887309754	7.381728088858624
LEVMOO	0.021145755298492386	-0.15842461445099998	0.02367330155980646	-0.012526555687725802	7.919578102031881
LEXYET	0.028144856458132583	-0.03364151815892441	0.12876114050980697	0.040876385661643866	7.964000628948519
LEXYIX	5.954154000953338e-06	-0.08747353835737173	0.12059642447177686	0.032707904759063544	8.036376621413446
LEXYOD	0.008654970589166311	-0.1506999053940049	0.13936322914293797	0.031698948188983306	8.184433930819532
LEXZAQ	0.0888387689099539	-0.04177314167352125	0.11152496933537098	0.03316647510401335	7.935024830981394
LEXZEU	0.038888364712956314	-0.02221381467621547	0.12865304259047095	0.03258554823749358	7.9293708047743054
LEYBEX	0.056140246959943685	0.10216414599655202	0.10807221051537848	0.06406601238001881	7.673320840740974
LEYBIB	0.05946064683326613	0.10959950217916288	0.15110383929866505	0.03694895544751802	7.71312550406973
LEYBOH	0.023497139185460814	-0.049714676515083045	0.14338567919218875	0.019834203842693243	7.9931664007485255
LEYBUN	0.09375571577086861	0.16665963606605758	0.032628300925686915	0.009176451475617499	7.395769488321979
LEYCAU	0.26810353561571665	0.045641969104548666	0.18839362620951558	-0.009103287812982724	8.015130981331271
LEYCIC	0.03821984491903896	0.039442213903871606	0.12447902099028188	0.03525761722885629	7.782436434332064
LEYCUO	0.07638913580768536	0.15645296514027698	0.0807009703523342	0.012781211627515339	7.4130999572598
LEYDAV	-0.03711146353914119	-0.2657371332718998	0.3276384425674575	-0.031195078646576238	8.888534308966214
LEYDID	-0.0024790668141849714	-0.1319429419033718	0.14348102041689176	0.11835535106354267	8.241419350289123
LEZDEA	0.08617084567237354	0.14636472425675245	0.10214497679120335	0.041120421375204455	7.560342974100811
LEZDIE	0.08406115139597548	0.08078128459824525	0.04744416174989946	0.0743454882706295	7.6467757792714925
LEZDOK	0.20998731304708995	0.06300115981175924	0.14532983976678537	0.040514063318876484	7.855042466198339
LEZDUQ	0.09469791654390525	0.21292935877238975	0.057164511800703255	0.08662900850261562	7.485510995143009
LEZFEC	0.0744872105631198	0.1556743463777438	0.0827228883069655	0.015848871885126785	7.421543607482521
LEZFIG	0.06853613960467131	0.08120782975542408	0.12450264793588378	-0.0008126920333369758	7.670966457883948
LEZFUS	0.062311263028028474	-0.01668826379624716	0.13798160427213657	0.04451206994711406	7.941010556259934
LIBWOJ	0.008797362183563529	-0.26839095821648734	-0.025260838425687382	-0.035354194430301925	8.012088517603674
LICDAE	0.11595248333601438	0.005377300636739385	-0.05466802784510866	0.024576684423965836	7.510025408948941
LIHLAP	0.25562409637345906	0.14386950699324044	-0.05472213198830367	-0.06021759456837225	7.345073437830211
LIJMUQ	-0.03342203036588787	-0.27972909246166	0.1699029282321161	-0.006163691468346444	8.482420689774747
LIJNAX	-0.01504977721963563	-0.23837133642219738	0.17402574096125228	-0.0017266392151612658	8.395655112016646
LIJNEB	-0.03017728844871881	-0.2727157096676679	0.17681950074741562	-0.005510187700786165	8.476141684230083
LIJNIF	-0.028817453325119313	-0.26691908887594135	0.1729336664864396	-0.0029893374180376686	8.45966585094253
LIJNOL	-0.02717091185042042	-0.26212526042861944	0.17320975394363233	-0.0025991562083076958	8.45241606136049
LIJZOU	0.03116059647639391	-0.01848723566902291	0.1573509852536877	0.04985480378379946	7.997717887312884
LINVOU	0.00469978781663416	-0.18964792275405223	0.019821031126110084	0.07222465782140994	8.0717605881933
LISKAA	0.3022514640959675	0.3425870755247653	-0.17379344017541998	0.027493070309417486	7.093267465791753
LOFRIK	0.4254237247417998	0.455372920032581	-0.0243885426609165	0.055803247141624504	7.589402790624719
LOFROQ	0.39183930220756613	0.23061825927646884	0.14330554136052026	-0.06428915378778366	7.807356857147844
LOGCOB	-0.20308469519770256	-0.05475048126998169	-0.12409345864517013	-0.05450672038617514	7.277208486977826
LOGGUM	0.3095997345987258	0.04496486261119173	0.22220021904086382	-0.03376975151530111	8.153124214855158
LOHHEX	0.09645112477323314	0.006238790488578727	0.15521453899538978	-0.07016824476438419	7.787865864686039
LOLTUC	0.02484953871771589	-0.24119128010256308	-0.014119010503111068	-0.04281403936086281	7.959983359557249
LUBFAS	-0.01822115817659009	-0.19393384583180284	0.05936436694428307	0.09824444862798508	8.196333910366096
LUBFEW	-0.030842411619384613	-0.22025214639408786	0.06078233226015631	0.09811371256244261	8.26317579177543
LUCQAD	0.011223862873638524	-0.1381967724655349	-0.09445844814995219	-0.048184925816348104	7.628206346949834
LUCZOA	0.07723390062942093	0.060656224089975105	-0.067886695064303	0.12934056534606564	7.5938469297437114
LUGLOP	-0.004535439009281994	-0.06010386517198202	0.133091242727607	-0.18634326616373958	7.596581082727292
LUHQUC	2.5211878775799335e-06	-0.10638573338073479	0.014029732287215962	0.07998935256200555	7.891428201217183
LUHRAJ	-0.019019197307669433	-0.17328593740663056	0.030204328650521778	0.12828763654624725	8.12181171174229
LUKQOX	0.3565125999969392	0.67373001905276	-0.159951986165212	0.060846239706462336	7.101474173627672
LUKZUO	0.12021952729729746	0.09273714293069227	0.0693678374533333	-0.02297256908246871	7.587702283937098
LUMYUQ	-0.28156394379195415	-0.10863508618171192	-0.21196539152602623	0.0186253740036429	7.351552084777483
LUMZAX	-0.2759152828090836	-0.07453681771479181	-0.13269488679200603	0.01831689118734016	7.34806545300759
LUQMOB	-0.012271609145283247	-0.26870898709957425	-0.17043561704244725	0.017364683949536247	7.841602363662608
LUSVON	-0.2858311380764822	-0.12467277656348008	-0.13959083856395615	0.0035145219422530044	7.46970472994606
LUSVUT	-0.0008509168297501368	-0.22082671660425535	0.030352867046624987	-0.027754949685503794	8.035173607697795
LUSWAA	-0.12683449884468034	-0.2815029563876777	-0.12410414112401463	-0.034714634378298206	7.79143760729916
LUTDOU	0.1766799932747909	-0.2520477155611347	0.13685905777038623	0.1522968574620558	8.603269356436048
LUTDUA	0.03538665706942412	0.02775267187544432	-0.09913082288221897	-0.006920350088675517	7.173605042268506
LUTPUL	0.10065442818485293	0.030896969319304843	0.010633280793403699	-0.05694938863399815	7.504470017027202
LUXHOB	-0.2059110862759166	-0.11457362790344972	-0.09265582459390492	0.021687721809987702	7.498545462092224
LUXPUR	0.04229367931925809	-0.015463036043569772	0.0906536774721364	0.07604041956713582	7.833494291629113
LUZHUJ	0.2695997999824056	-0.18838241611908235	0.23159470549092004	-0.0643296330577803	8.556976943343225
LUZKIA	0.2911004687398884	0.6238197635834255	-0.23763675935462114	-0.044532986480913306	6.701333761942568
LUZKOG	0.2433130065514706	0.4573801297651289	-0.3396687597951705	0.0075711689799461	6.878083910216688
MABQUD	-0.1915282132173286	-0.06612296972056386	-0.180490717455636	-0.041785510700750775	7.209965392005956
MACVES	-0.18597047974484715	-0.08501204105246205	-0.13133561363928314	-0.01302710928868167	7.335254323958387
MAFGEH	0.03051254732093467	-0.13302196075651562	0.16434959384423903	-0.10932052482052598	8.018791783434892
MAHLOY	0.24620211553962923	0.0496891128268839	0.10470445921689898	-0.023520420607818976	7.887456952266904
MAKJUF	0.24389988697416642	0.3691748093063785	0.1925074404163631	0.03255608581181146	7.726162183583986
MAMLUK	-0.12579944045900104	-0.26744025214379813	-0.059933942828912845	-0.06257713860146955	7.784155728313226
MARHIX	-0.02379149808476999	-0.36253426633012553	-0.06954231964935331	-0.00322063593512463	8.230479831070298
MARHUJ	-0.000916882256964513	-0.3322751082234678	-0.07011808599481706	-0.03422379686416563	8.09692472390042
MASKEZ	0.022742277532100896	-0.08246375336247358	-0.08508289822897847	0.038546146095012015	7.390307270813825
MASSOR	0.011604031336797771	-0.14378801689747978	0.11312909217523547	0.0727010228524809	8.153918120994867
MASSUX	0.035514615551648365	-0.10785426838855705	0.02388114555580223	0.06155562502393073	7.912958109432095
MAVPEF	0.07344661989685841	0.05070572862119613	-0.04060019276198956	0.029955020838295467	7.52071268204976
MAVXIR	0.0766953837368054	-0.09058336368326883	0.16086998281331746	-0.07296908558991314	7.968582682818244
MAWNOP	0.0023131264100100246	-0.08484601930436877	0.09590003070977411	0.07849494610989621	7.989025325027864
MAWPOR	0.05321330426633919	0.05838201492756334	0.04392113231216607	0.045945333388465515	7.579766909010629
MAXMAD	0.05858434791665923	-0.16637938470966535	-0.061022423098846146	0.01426289632292048	7.8108007293695305
MAYBAQ	0.4067468935713374	0.13112251700059646	0.14940059462910277	-0.06644007024204127	7.872555747269544
MAYBEU	0.09191712647016148	-0.021365369033266912	0.13978603456631677	-0.008918247068217686	7.902678340747493
MAYBIY	-0.03753267315183306	-0.3145738314321059	0.0713360090127175	0.004217267425826954	8.371458664955435
MAYBOE	0.11268260423024179	0.1343489397352364	0.052336554016107345	0.03277023357200701	7.571682897002992
MAYCAR	0.002302546673892625	-0.20480928857401076	0.09975149286516329	-0.0028881872719376672	8.157411626126226
MECYUR	-0.08524519392419494	0.0817512766923022	-0.15168350458920898	0.050894764642779394	7.208088405129674
MEJKUI	0.2766816767681237	0.38018810472793807	-0.06085538950161151	-0.0021844530533317863	7.076738386371943
MEKFUE	-0.013598341597448105	-0.3233999099042265	-0.03914078210571326	-0.020130171541349037	8.156426445493087
MELHEQ	0.13023370622345842	0.09198164706992801	0.21080238300596135	-0.024706722697820663	7.788317847720908
MELYIL	0.058352390758790396	0.015299094409421787	0.042949796457012634	0.08633540264399457	7.715932997995673
MELYOR	0.02751815809387148	-0.03146404596962957	0.08363776041644802	0.06049517901281804	7.8074279477882005
MELYUX	0.029542389601673325	-0.03129060406549272	0.08117530719347471	0.05212562448664349	7.771093803317396
MEQWEL	0.039761861831274725	-0.03616314906711987	0.03007795148504483	0.018481866584367596	7.657705329632421
MEVMIJ	0.32944809487425486	-0.038940076105290766	0.037414625440343074	-0.07273747577417919	7.810470416752037
MEVMOP	0.30413467590173004	-0.16013323877490548	0.005042516169161293	-0.07931292873511858	8.002251694176064
MEWCIA	0.26799877916740167	0.3677134003529007	0.08710703019668437	0.105010741458996	7.700322255674847
MEWCOG	0.26614356811949813	0.31122535759273107	0.04791617230852299	0.10839700571871266	7.716876119529377
MEXKUX	0.05789015258328556	0.030972847071278148	-0.14452686434338552	0.03807218416517125	7.390886329107139
MEZLIP	0.03845796335037077	0.12397640966154685	-0.17844843435045604	0.08325835445322598	7.146469545631051
MIBBEG	0.009644726385150904	-0.1921742466184711	-0.01086050370967695	-0.12336547275790447	7.679398638439954
MIBVOJ	0.055155534318627186	-0.046956882380107895	0.10923333823701453	0.048720475744150615	7.932897846683255
MICNIY	0.05965378590120496	0.03166600083713009	-0.09185543957353332	0.059752245241027305	7.473178787760991
MIDDEK	0.07275223807976117	0.029815760875513242	-0.10912838962053695	-0.09256323851004039	7.284871796017317
MIGFAL	0.24718639055714542	0.3346105910374758	0.06367716349810773	0.07065065909210497	7.523782013022511
MIGFOZ	-0.0686689430726739	-0.06028289040500062	-0.06373598666285152	0.07250295663207255	7.588783883800248
MIGGAM	0.26630064552350285	0.2022807137716985	0.10395828174593534	0.06830788972472025	7.8286487690716235
MIGTAB	0.2857169406329745	0.08023229211588105	-0.0025167623845492038	-0.02353873996429634	7.537238950749734
MIKCIU	0.29431139729797495	0.19720212794919542	-0.01882945810225961	0.02200696018351113	7.522872064295202
MIMCOB	0.31969187787293096	0.14543589980454913	0.03811496843374934	0.028384275094794374	7.761549520450073
MISBAT	0.10483094692679584	0.06419475755676429	0.04242250535546693	-0.08019706147380548	7.494191248512597
MITYOD	0.30236444143355934	0.4794974359544346	-0.07109662667673389	-0.011434643861115062	7.091205609122094
MIWKEJ	-0.040726705982996325	-0.23258846877984402	0.022021782670153617	0.16661508131199854	8.250424027710649
MIWKIN	0.013153162994016032	-0.15568988747415646	0.03630905122022518	0.06612676717134086	8.016735681143864
MIXFIK	0.1299362975763585	0.02389900290047052	0.17667331445052023	0.04449650743642315	7.952648132330437
MIXMAI	0.30914116324450047	-0.16982361631984255	-0.003669180816458062	-0.07641244367178965	8.023948023201305
MOBSUS	-0.38124133670848437	-0.6215204431170339	-0.19780863031607893	0.148021627640098	9.059510620065641
MOCRIH	-0.006613976903873109	-0.29477209965895984	0.023070288916143655	-0.09569700439612924	8.056515636243429
MODQAA	0.29353570718212074	-0.04003407328071518	0.18601985575849495	-0.034470113251162574	8.154875993885765
MODQEE	0.039317109416651785	-0.08545314821353273	0.05947113215448124	0.06023157266154293	7.890709541479001
MODZUA	0.012828330149599054	-0.07702451514478584	0.04334200193675383	0.055305849824772574	7.833843885771579
MOFDEQ	-0.019918754533704508	-0.24641872354906919	0.18174561633361835	-0.004865878773033211	8.420359892186454
MOHNAZ	0.09462064000549697	-0.004109374773796859	0.0969395456697991	-0.012272782832457252	7.774846325198743
MOHNED	0.08126328073715117	-0.05778621128709138	-0.0913466989546251	-0.0247636745763756	7.473554385855684
MOWROG	0.06084595362425249	-0.011128934057537815	-0.15531351497623203	-0.024945363287558586	7.390731053490353
MOYGUE	0.27952662924815064	0.06375096794923402	-0.0485833478519071	-0.01904697047213462	7.530203108533449
MOZZEJ	0.0006547595713315424	0.20726639726135315	-0.1513337487360384	-0.11248268590804172	6.736324957582718
MOZZOT	0.2689616869162781	0.11531626039044043	-0.10413110208019061	-0.08060162873831761	7.283156469553291
MULDAZ	0.02019624024448108	-0.08945577951615635	-0.012736204271952378	-0.054468272761536624	7.5898707764231865
MUNPAM	-0.16231970473680013	-0.029785613514435372	-0.09887676517729388	0.013331794885107828	7.327371077027587
MUQPOE	0.11262290072086367	0.3075385286892768	0.015602161524294028	0.034578752093547965	7.189777834457904
MUSQIA	0.28930842968222015	0.08919104852889807	0.198107804381069	-0.011353168017836993	8.053809222227859
MUSWEE	-0.0779767142615091	-0.16548040581213108	-0.07617643235914817	-0.15700358109567872	7.4262676425689556
MUTHAK	0.27657434403647363	-0.06678352124396625	0.11303930617239627	-0.07727422636197617	8.017085863589745
MUVJES	0.18163851387809649	0.3777603781293792	0.012807144807529508	0.007058731477246581	7.2221965279261156
MUZCIT	0.06742557549220018	0.036872192497125214	-0.05508419858808461	0.00928887022042045	7.519497887809711
MUZDAM	0.06686305661393943	0.034399097137585835	-0.04211322307519727	0.05537676288874404	7.605931773303813
MUZKOH	0.2519798052341433	0.35382785450193543	0.11590839429508178	-0.026640107882761166	7.4363838662047135
MUZKUN	0.2558996452309814	0.04524684057000859	0.11714409280051813	-0.09887790825435311	7.852423227301731
NABGEE	0.0471326371534837	-0.023755623508124796	-0.13096445260010364	0.052237241617410175	7.554093547982478
NABGII	0.046912057459778556	-0.031230782576440658	-0.10576342859931548	0.05016794929330834	7.596137218654625
NAGGIP	-0.02943783984221815	-0.11562434505572727	0.026497808026895053	-0.026803665457672238	7.82110461176285
NAGHEM	0.2661990080095715	0.17654293403582433	0.03470957189619245	0.017563976700058603	7.592308305742841
NAGHOW	0.24882043289836675	0.27557999390211285	-0.06392053404608061	0.018061858221975417	7.331910042251736
NAGHUC	0.11336605621543905	0.3743252316390496	-0.07958267549067238	-0.01485076980482894	6.924592502042715
NAMKUI	-0.008967201413898174	-0.04274338320683943	0.01675510087409321	0.09588548081351694	7.825784610835269
NANNIC	-0.025553751342035635	-0.21439985979776893	0.019811507469775474	0.023779761559410834	8.074968464759454
NANNOI	0.013390776452223196	-0.09485878683009455	0.056141444389089884	-0.01284001681149044	7.818423793200527
NANNUO	0.22733431130475568	0.09107956389469618	0.21566658828365123	0.038910029800051704	8.045381373703295
NAPQAA	0.010440062030848463	-0.09452477564326489	-0.0020503687911544166	0.026101495939203384	7.704008311579443
NAQZAH	0.08749520114368492	-0.0460414892966691	-0.01748444938269822	-0.005662097869689284	7.70217590085189
NASBER	-0.03940422264657517	-0.2650554382702146	-0.04524112771543631	0.07497488009411879	8.147786986961401
NASLAW	0.05215022647499934	-0.016761134852584625	-0.13584765617328187	0.03509038621385926	7.5244635686169055
NAVVAK	0.038021773462089126	0.009209781476596623	-0.2111371123047639	0.01923179962057138	7.284259496350545
NAYCEX	0.11785675118201278	0.2714214189727798	0.0793077042490003	0.03930157088204886	7.400765207005972
NAZNOT	0.07647135720846476	0.004639417567190607	-0.09325941204784699	-0.01892670312233609	7.4882596232299505
NEHBAE	-0.12613386131820636	-0.2645555094185415	-0.06015646763055027	-0.07013197353855669	7.767129385434975
NEHBIM	-0.1388625451804506	-0.0692520942415879	-0.12824384542620842	0.05597157114752454	7.2688279249887575
NEKWUV	0.3074106219433115	0.00783991169761905	0.07360574504902095	-0.11777083615234643	7.743105293309914
NERWUE	-0.2557795038117874	-0.10308943610521704	-0.1217218850283282	0.00532352019838897	7.418850489755754
NETDIB	-0.03003259569212524	-0.18194822249739756	0.005385746312886436	0.06914120982703442	8.042427394969963
NETDUN	-0.020388081647218392	-0.09701716824505094	0.05458103622981514	0.12355829591600298	8.006455797028705
NETFID	-0.008533298034264725	-0.06600531566133319	0.08341361042498344	0.16602532559400907	8.04768516296512
NEVNUA	0.055554547292684386	0.10532854332081243	-0.09548718002825513	0.035460521156265044	7.327629774320508
NEVPOV	0.15877725460199743	0.4101850858830056	0.14687860539622127	-0.04651713220917937	7.30653684591801
NEVXET	0.09489468224915898	0.12017543868152095	-0.08514178595432609	0.02096018193772968	7.321502128141219
NEYSIW	0.05650787582398964	-0.008740043078220239	0.06688875210434861	-0.15691631615329912	7.480469724595994
NEYSOC	0.044690270590308945	-0.08297964683324938	0.03904760691778236	-0.07989235344706719	7.658119403850249
NEYSUI	0.04204668357055619	-0.06710810424893743	0.03268760460404849	-0.08380697099854409	7.664484331605198
NEYTAP	0.032109118378766954	-0.11914819978097596	0.039590716472860055	-0.054884179103809674	7.772369711254831
NILWUC	0.0636777167518594	0.08831917719920651	-0.1064016400328438	0.03128281742348235	7.3385592319126
NINWEM	0.30833013313822777	0.059176194171263394	0.06918264793637288	-0.05293464271855007	7.801602665305188
NIPTIS	0.020759654215725565	-0.15099726145551867	-0.005124160447015941	0.007404208508528923	7.626911554648797
NIQJIH	0.08785401667140613	0.2039022902210415	-0.07737584235782469	0.1825311660449714	7.397258742712049
NIRJAZ	0.06817954250020142	0.01070792014508501	-0.0853314488260919	0.03946219009326893	7.505831568785934
NITJIM	0.2384113671263104	0.39192399245726023	-0.01490686381724829	0.12380715208646598	7.428154501802485
NIWGOR	0.2648857211985365	0.4915024588723211	-0.12184584821531019	0.027983287377913113	7.127938796873509
NIWKOU	0.07922131169375346	0.06530900894593619	0.0522290560853991	0.1265274416177509	7.7338256640308725
NIWLOV	0.1140431857787445	-0.016613541679365823	0.11907270964078588	-0.024166444445088517	7.872307904649902
NIYTIZ	0.2629500140907042	0.00887795766915811	0.26533603327260924	-0.02184332279157046	8.2743964343017
NIYTOF	0.2914290429490971	0.11798415011715355	0.23652262665901447	0.03518597744112557	8.051903456892427
NIZFEL	-0.17968797468533104	-0.5567600799928276	-0.0902402363266731	-0.14481489104295628	8.501132975500187
NIZHUB	-0.07102474674398085	-0.3145263497383258	0.037459963362300536	0.10175097317502971	8.439814468201916
NIZJIR	-0.049136517433193916	-0.25749813758208323	0.019037929338299786	0.171657659603466	8.319559762665008
NOBJIY	0.26847423653961533	0.0681616045462263	-0.03951635232018247	-0.02631818671706304	7.5516801612482345
NOBMOG	0.041310000698639104	-0.09425571060283194	0.12303936146027138	0.06430138007242767	8.043192263277312
NOBNIB	0.04657534503113547	-0.07032233638174529	0.12028409319670531	0.03660287235329966	7.960246858519708
NODBUE	0.0071511464396532	-0.1788102267126907	0.05515426725871608	0.05532149170563644	8.074017713027985
NOKHAY	0.11578868095216821	-0.08098071753540179	0.1376623473110571	-0.07279380651183909	7.891793033475145
NOLGED	0.11550552490451915	-0.04421053587946591	0.06733896449698035	0.013869095493408083	7.85751865215207
NOLMEH	0.053533661952677836	-0.01062714317059868	-0.13064772984693335	0.0173375008122714	7.43184576605513
NOLMIL	0.05710960157877354	0.00853478755008541	-0.12461933863896757	-0.0057395519785348875	7.359421145550324
NOMYOG	0.12411909790818632	0.16733292861221155	0.015168246302183191	0.10604901577220921	7.594429459512188
NOPCAZ	-0.012660906483954903	-0.1900528884280842	-0.030639413919591657	-0.04119833450910028	7.687677505099276
NOPHIM	0.0788526320585965	0.09478981588851974	0.08768442799261114	0.0017355109777855704	7.638328794069152
NOSSEV	0.07838649223013183	0.031894593157936996	0.11732300988328792	-0.06305233604366317	7.78694548529363
NOSSIZ	0.32802385962006975	0.0814002523536315	0.09780497350446306	-0.03357270709674	7.871788181961571
NOZMUK	0.020417515288361	-0.06719137482194054	0.04611300995527853	0.032865707488447714	7.819398765552824
NTPAAG	0.3147281539038196	0.0043467752177005214	0.1907789347780003	-0.06316799923243296	8.043994204990728
NUCNIJ	-0.11988991248654512	0.034910240614171875	-0.02543104407024699	-0.12642242372287396	7.113779275740999
NUCRIO	-0.22384680441064297	-0.30155886992070846	-0.11674043699097852	-0.042805757915492654	7.914269835148857
NUHNIN	-0.1081495448920129	-0.07410092581960906	0.007175693969705188	0.14018385173629028	7.837538105366725
NUHPEL	-0.23854846173838018	-0.042298839303767044	-0.07187949770008889	0.06611119497891989	7.588865493751325
NUHPOV	0.27021965890475963	0.12868714726434088	-0.07486048659481997	0.030568586657745284	7.487525737781206
NUNHOV	0.14901428604923117	0.07168499904613435	0.019243931470073444	0.03650595717239969	7.56388149525535
NUSDIP	0.029265875204331326	-0.022876396690567707	-0.08530075933530029	0.08989535628858482	7.6353150551862115
OBIWEC	0.2595733285410735	0.13331803673861775	0.1214050768325205	0.04817312695758591	7.774838627688882
OBIWIG	0.2931599083412544	-0.10757999506176052	0.018162377758445064	-0.08488843921920194	7.870877052468461
OCEHIR	0.010665725728510989	-0.18852865906424832	0.12036800112085774	-0.10998960416766262	7.901109235604702
OCEHUD	-0.21492247827211397	-0.5797732672993158	-0.06423471156809546	-0.11976434503591007	8.646594744220092
OCUGIC	-0.16242895530457035	-0.06561596518315813	-0.09463649761662424	-0.021958793576876037	7.301503321290216
ODABUQ	0.28860924994799264	-0.12185938506322724	0.21869701914315598	-0.08441279557386933	8.335410203152398
ODACAX	-0.03304542016621115	-0.29377088663116446	0.10822336257294107	-0.010847813120391014	8.360940451039307
ODAJIN	0.058687818558908145	0.016600716568957646	-0.06964406302646575	0.054598367574043835	7.543213289011657
ODAYOH	0.028515551820353924	-0.0032114068653742167	-0.0446047314669375	0.024273032859420104	7.618844766291725
ODOYAK	-0.018103900836780706	-0.2010310297555366	0.03990303414261673	0.07381128860495476	8.167195447325312
ODUMOS	0.2699287122934195	0.412193821538578	-0.09232052303322791	0.028101050341871985	7.169372537214545
ODUQUZ	-0.07621254554236812	-0.08421435319344539	-0.02205262417471235	0.13470442536644658	7.811230831202752
OFASAQ	-0.1927744661718993	0.019433467147250583	-0.11365263688507099	0.1192381572097474	7.428309473044831
OFOFAU	-0.009866784294210618	-0.1317828125655509	0.08120751096129458	0.09206860831959503	8.068567333041596
OFOFOI	0.021930177897205194	0.018288268862237597	0.015665548047402694	0.10798941348208174	7.656043635976563
OFOSUZ	-0.0673634112103687	0.10699223821117354	-0.11599210729413612	-0.004644144828393357	7.099187993261227
OFOTOU	0.21144478753421359	0.14925321966324345	-0.08184932934441624	-0.04934082444548302	7.1758149508389115
OFOTUA	0.21928864136039694	0.17146762068679608	-0.10099829794287174	-0.03121607204574961	7.171499999055662
OFOYAJ	-0.05382140771325794	-0.2756897129273542	0.08098045834023468	0.1750066711602976	8.477833189033474
OFUMAG	0.06840510065728322	0.10965509602581405	-0.06249207872477458	0.009081553827114348	7.3479221548050395
OGELAN	0.002078597108946756	-0.21460864808978586	-0.005313477757189461	-0.05592772673150846	7.868161366853215
OGEXAA	-0.11023332424223531	-0.2721623886931853	-0.031934639895533745	-0.05842090704884234	7.963257072787865
OGUQAI	0.09975050228618754	0.10779526977435056	-0.08177060062890118	0.0043856465274760975	7.332601602271116
OGUQEM	0.011353508682553137	-0.013812067424268687	-0.0421016352073208	0.10135066732953167	7.701073892664918
OJAPUL	-0.0888773474344764	-0.10954159777879291	0.004281842770153338	0.11277120649858141	7.85246376131348
OJENAT	-0.19196627887886875	-0.09361656582269942	-0.14263570635880185	0.07404686364802422	7.335423828169946
OJENEX	0.023862227356821197	-0.22759884214395232	-0.11151825872560528	-0.008154199415729951	7.651254468382265
OKUQIX	-0.015163350793660602	-0.247927855726726	-0.038118419208615806	-0.038930440480410375	7.8807235975045415
ONUJIS	0.3436273786056341	0.12824295159514743	0.06065080798269973	-0.06050721299420231	7.682042777181253
OPEFIA	0.048489468364289134	0.2796844266183644	-0.2234576390463353	0.08976908012543505	7.036858451089187
OPEVAH	0.2962132165324953	0.029452516852036634	0.17318794034717383	-0.03830027098322955	8.048897162541985
OPEWIR	0.10323647905903544	0.1500114369387228	-0.08073402156763043	0.03368217660749386	6.9904037570309425
OPEWUD	-0.112147066702041	-0.038666226654643476	-0.10951143003641439	0.03780372717669718	7.219493173844578
OPUHIS	0.22533107225904336	0.10681679877600843	0.22736791159984732	0.010043736103418105	8.074406462291135
OPUHUD	0.09018642330857629	-0.0606472970941373	-0.06760180704149932	-0.03228035592363046	7.53951269807609
OQAGOD	0.04968038494006288	0.0042118858030306405	0.025935863435952417	0.03408623313009775	7.7357561015532355
OQIPIO	0.31740947498732863	0.038494668986089026	0.13785433072841716	-0.07068574979864933	7.91942803355909
OQOWAT	0.059942749745940827	0.08439311616325552	-0.08821655533489575	0.03552680800280114	7.297993094469687
OROQAO	0.2561692180722859	-0.0225923701361338	0.23672868041863743	-0.0748226743863713	8.11691746993422
ORUBAF	0.013400796896335443	-0.15172965139003575	-0.08911430036508339	-0.12082393804920036	7.451347041729783
ORUBEJ	0.021944036629587327	-0.042040231044803894	-0.03208426006775858	-0.04191634709898848	7.467075698580996
ORUHIT	-0.00313729462887391	-0.20917410313504586	-0.011397057169390323	-0.0732348985418722	7.806514031664036
ORUHOZ	0.0036357154602333352	-0.17647533232137136	0.002567631289625949	-0.07142311874216384	7.762504733351697
OSAJID	0.10466697564092486	0.10078602360192737	-0.0005328997630315302	-0.05017308272169019	7.337540836351008
OSOHEL	-0.0002872820934971543	-0.13574483555207822	0.03816892962583221	-0.07085874496835501	7.782637953185107
OTAHUN	0.08013170813852222	0.07550965438944146	-0.09428643323160568	0.009411982127600901	7.415949994238068
OTZPAG	0.23098452201205122	0.3339587368289263	-0.13178228581463824	0.030564925507696197	7.142729782374457
OVAVEN	-0.23718426053422803	-0.1072553448397599	-0.16025965704185213	-0.006619481857938897	7.3469458910616705
OVAVUD	-0.22742915598399405	-0.0923501384551188	-0.1740155515047802	-0.05419266809639976	7.262779014007843
OWAKUV	0.18593834880967774	0.1775009645574662	0.02175513829381648	0.011521587532898697	7.344039306089907
OWENUB	-0.09467594399249846	-0.12551303386653656	-0.14909592936507893	-0.1241865939458	7.400398788680109
OWEPAJ	-0.08496200504176254	-0.12838832040524567	-0.1494401112839011	-0.1559698505188426	7.3952434626946895
OWOTOM	-0.11053647842521608	-0.07637572701469411	-0.17129212864372878	0.07589846418622612	7.421378904205145
OWUXUC	0.05397876425642201	0.046169441671604805	0.009027006270127536	0.015621902611239039	7.509378003133412
OXIPER	-0.16730656877468242	-0.3115323391438296	-0.1131007035907522	-0.05639319107097007	7.865440166565959
OXIPIV	0.016126529243988497	-0.03486825298143567	0.10225882067142078	-0.003235142218947329	7.744547748601163
OXUCOC	0.16462218816018703	0.2239741399690114	0.006799661598916207	0.003711309927881476	7.203632765097489
OYAYAQ	0.03985382799585624	-0.24400261675273333	-0.04148455563121478	-0.04459756975526939	7.917972522416252
OYETUK	0.06608829892794921	0.07682512339815603	-0.1640407208739092	0.1010770110330791	7.444546894399122
OYIVAU	0.07722656186395715	0.034339113688105355	0.005863814758844621	0.0058064280027853715	7.506829092851659
OYUNAA	0.2759769673714554	0.5528093331235038	-0.1442582548281312	0.052268886152929066	7.053517173705907
OYUNEE	0.3992933839889452	0.5818629667242308	-0.2503068739761531	0.04215593916057302	7.046686765635562
OZACUQ	0.07195262802162583	0.08229891647132795	-0.08782171382743881	-0.025627368533658504	7.308675586230851
OZIKEP	0.21567848924939304	0.13783307055986888	-0.10140447827521626	0.04663959247023928	7.315609583011034
OZIZII	0.12009273648966579	0.06323376273537419	0.13779281819272005	-0.012775349275120113	7.733031596337585
PAGMNT	0.22241863917561444	-0.13055209029677023	-0.0772616560342741	-0.019060306068598	7.794045039422683
PAGMNU	-0.006693926532601591	-0.13365379211805595	-0.08517632975032441	0.051751122295622065	7.662949876194347
PANVOS	0.024603976416301077	-0.11140502712072897	0.059187723541767684	-0.0614710687624086	7.786575013302192
PANVUY	-0.003341351355817146	-0.2321734000823043	-0.07182179244519238	-0.1207678734907281	7.749698602307547
PASBOC	0.11569503260446234	0.1608148281592722	0.02048947585196617	-0.03337356935283811	7.341805418198327
PAWBEV	0.2962575310173263	-0.09365292023707777	0.0028760665892004766	-0.07959417237966479	7.829873606126478
PAWHAW	-0.017628005292925852	-0.17370289160333452	0.04516131183654762	0.04771053354400849	8.024234144297255
PAWLII	0.029095895631510604	0.15018315175954913	-0.049377652368357505	0.06193870036611081	7.262633409956724
PAWLOO	0.029785066227734358	0.18019340926712688	-0.04622163825874426	0.048978587517376326	7.189870381405951
PAWMEF	0.0034543346364790395	-0.011219301262338444	-0.03762158508103358	0.04359457423779419	7.508520763318784
PAWYOE	-0.008900194415240925	-0.3060111211962604	-0.09068457613109426	-0.17994271013693175	7.8156513405600085
PAYFUS	0.14073935318642716	0.09822138068496934	0.0802265646179034	-0.09276838444257418	7.469584705685719
PAZPOZ	-0.020556934648053637	0.03229011087735549	-0.16574643718671794	0.08112919439731385	7.2090389833715305
PEBDEH	0.08431470928329299	0.046311396575935554	-0.06595189309539468	0.05431168543922046	7.5104921614888
PEBQOE	0.07822587701972816	0.1594538823895701	-0.18041239978243245	-0.028089153391740132	6.927455853965575
PEBREU	0.25665785320331613	0.07722463171146242	0.08033536511939612	0.022514870059672072	7.86432815945952
PEFMIZ	0.022647375207788922	-0.01668273221085248	0.07670393181157803	0.0754688623925503	7.778322180142371
PEHWEH	0.0448105616475476	0.15990169522828016	-0.15603387382106942	0.05709953569721779	7.254521805319679
PEHWOR	0.3283384507998295	0.22327801083179766	-0.060078399361116475	0.012986588091931685	7.479997243390218
PELLAV	0.03303432668303108	-0.11677680089289005	0.04330927119123357	-0.05505929413750625	7.779343937179013
PELNIG	0.016604587132135418	-0.18267930640364288	0.09956960875721353	-0.11205281888869184	7.854806432331206
PELWEL	-0.01800013909733833	-0.20166985058486286	0.03990731372388137	0.07475602092034155	8.167854114594506
PEMPAC	0.012478093917169364	-0.1847334628955143	0.09398601290653257	-0.01288160832989578	8.086678318947088
PENJIC	0.05910919868277409	-0.14714327243927805	-0.09542437983371493	-0.055329672802971755	7.447028030101324
PEQHAW	-0.3194270987634491	-0.14817088463562472	-0.14605402217195962	-0.0317010948915792	7.490991236034286
PIBVON	0.04713279967356554	0.1244105696293971	-0.10594228810644657	0.009296502362330879	7.301311839843154
PICPEX	0.23449081679771444	0.18452546036127815	-0.05750852401017281	0.06733664664843328	7.338368589157747
PICVII	0.15709481226239363	0.26851819001384397	0.14713270384897142	0.04234388044562905	7.587249389714415
PIDDUE	-0.227952344989637	0.03117242733670214	-0.09524010358859586	0.10932256311917177	7.404615535698643
PIHBOA	0.07677721445656571	0.12903082163720617	-0.1274057357404501	0.05097183730456718	7.281388972917816
PIHTOS	0.3091262642390773	-0.033633547633276806	0.16625064080529028	-0.05277606689512039	8.14310071140353
PIJKIG	-0.05005173604794333	-0.14070889474036558	-0.056672857378834984	-0.1253476399440534	7.409177896649853
PIJKOM	0.002200419556080302	-0.009782929325017398	0.01459906502769609	-0.1691315645048885	7.22661999027305
PIJLAZ	-0.02287376480519665	-0.06677933040107065	-0.1344257864387754	-0.1422345784471993	7.143168265225728
PIJLED	-0.11853232081306864	-0.2296907908235024	-0.10703777673545567	-0.10001595409891778	7.673979353518273
PIJLON	0.007060683351646002	0.013614097388560897	-0.0027454102999233954	-0.1919433438789982	7.129187317286422
PIJNAA	0.07485774004968038	0.047569589714477306	-0.0728823390413853	0.020310132398180157	7.451164009310294
PIMCET	0.3184433560528164	0.19614001262547304	-0.040621430932485214	0.03330912627225185	7.753877063428506
PIMTOX	-0.034277578278751	-0.3198651999109819	-0.12178551975951801	-0.04381595754197412	8.001082898699542
PIQBEZ	-0.09405007837661206	-0.12811274016599133	-0.005395146034087667	-0.007318034927863884	7.627937638176958
PIQBID	-0.08656974887448232	-0.09097211888702994	0.028066189279063875	0.011966028287930329	7.641243096535172
PIQPIR	-0.03072909638600896	-0.31692546640435926	-0.0587725966560772	-0.11352973653970352	8.022691199339821
PIQQEO	-0.01386014874082786	-0.2738521458298493	-0.03131339003337108	-0.11202442791005002	7.874318741939771
PIQQOY	-0.03716087707326432	-0.31742150531958	-0.02223593355697806	-0.13185917421458915	8.042728147658293
PITGUW	0.26906096023402926	0.2163455448145582	0.05224050019689916	0.07724172442867905	7.636070785905851
PITKOU	0.2685648565504537	0.2168570064460378	0.05366270299591558	0.07558552789852177	7.640287891467394
PITKUA	0.3290348037535513	0.1483569335999145	0.07240856295160447	0.009119310875474927	7.7612048766435375
PIZJIT	0.34664022918744175	0.1889108357580906	-0.022471662439015827	0.013117738996051016	7.6052050984307975
POBZEN	0.03506665832037159	-0.08382552762552026	0.17307219634229642	-0.010075839343986717	8.030876117935163
POFNEF	-0.048649332868558215	-0.22349417267037192	0.02442057957471741	0.09198682264801057	8.177559730246855
POHPUY	0.0021328294386391278	-0.28623578746541883	-0.030111449293182102	-0.030202569034310414	8.057896689771002
POPCUV	0.41840700372663475	0.1266472138502735	0.12910871666546264	-0.06646565819934017	7.889025544062349
POQWIB	0.03491212516232123	-0.20862789716063945	0.01145834446591526	0.0815729735008997	8.089167174665201
POXREC	0.2618595368322194	-0.048094333663440875	0.21562776617437676	-0.07274488126279435	8.184304643145362
PRZBAG	-0.05032203259436585	-0.20746198825463485	0.15171317691583786	0.0657707375525492	8.33478090280338
PUHNEM	0.2523318323729993	-0.10933257387202783	0.08790062486838807	-0.05305380935234186	8.026783070179398
PUHVOE	0.004807872934199597	-0.3054736908207924	0.04273937422176427	-0.03401327967995063	8.254996784596822
PUNHOX	0.06473895481507563	-0.07678440366891215	0.019682786977876315	-0.03650950309003788	7.748558396207799
PUNVOJ	0.2818712674219266	0.1272617661032277	0.044199225409094156	0.0021896856595993858	7.64362306625636
PURVEF	0.05034497182484321	-0.02478743341646064	-0.11605679539842195	0.03883795625964799	7.556264037728817
PURVIJ	0.26590203356886777	0.054456266143692714	-0.03131291356359786	0.005903591772021377	7.570580392991057
PURYIL	0.09485069519460909	0.04639666468973548	-3.838471710992941e-05	0.03908709119126583	7.590660413396597
PURYOR	0.344439663103564	-0.01009245534495165	0.18091226478186967	-0.02624029026659759	8.161505222543976
PURZAE	0.12782608224835323	0.2901400491680316	-0.00422940633775698	0.07559791700338445	7.3325707358801315
PURZIM	0.001810889797511539	-0.20462284773318945	0.10072814439733248	-0.0018041752800691258	8.160830095587976
PUXDUH	0.3178493179289723	0.3466466104317541	-0.0648627115750553	-0.07365314162531894	7.222870536849349
QADLUG	0.2829574303902995	0.23820816719214782	0.03664529176653569	0.03176876798187451	7.60324213441188
QADQAR	-0.005741085519900491	-0.21354061895359921	-0.04883321384327011	-0.11131377211605123	7.704668708860389
QADROF	0.22440960155052325	0.3143924033233952	0.04160944332948591	-0.05701725387942361	7.2467825929350935
QAFDAD	0.18605081488977637	0.281403691259841	-0.0260910890068487	-0.06506351439070737	7.157076551109933
QAFFAE	0.2429009601660037	0.23187395480718004	-0.3024669075458324	0.12541814838227874	7.293655671284912
QAFGIQ	0.2277476239837264	0.25735051217100674	0.0886367550721654	-0.0460516619756013	7.437955956587582
QAFSAS	0.0462596965975135	-0.17009225072513584	0.0009392468158170852	-0.05345665467570025	7.8713134528014805
QAFSEW	0.059211044370850896	-0.07585561595229925	-0.005888631819476214	0.04528301496789072	7.776735923951318
QAGQIC	0.044235610444608664	0.012649889789977331	-0.14925721624296429	0.02053872348067553	7.4076679218825285
QAGQOI	0.05396868475075545	0.025751805509887704	-0.17624889181628978	0.06080405211039048	7.414725314833897
QAHBIO	-0.24780428794143683	-0.036912053397244154	-0.07829625677613239	0.02134983334816796	7.366021407692652
QAHNOD	0.13490095227115573	0.4238105960491145	-0.06871004756519616	-0.032201157672850686	6.988846511839901
QAHPAR	0.17823740001583355	0.3984242865143047	-0.10567800403143551	-0.0663744768753293	6.885088231196503
QAJKER	0.04828981476656624	-0.10440036483627266	-0.01856037740455399	0.023362669730187025	7.788029082387938
QAKTII	-0.1068093527827596	-0.16575416055621467	-0.02850518014695358	0.0374738880955591	7.8088026652724984
QANWAG	0.04342362218402984	-0.06495897281401039	0.06080300382168444	0.04387261503489104	7.855286721445388
QAPREI	0.06566001239311747	0.03172256602342259	0.043606037563046374	-0.14556224493661582	7.4227860704446
QAPROS	0.0732820613235865	0.024162768748054606	0.024525351628904984	-0.17294675000133994	7.360801387441179
QARDAQ	0.13781137741343796	0.1594089961270541	0.043521349052198066	0.07060598879428326	7.517849068562998
QARDEU	0.11418079458109043	0.11331801932002977	0.02335992318777161	0.022839114570383172	7.445889650572967
QAWSEN	-0.011176451949663324	-0.16845797700100423	-0.09327146928024027	0.017775071259822924	7.743086210702923
QAZKAG	0.03561608767368929	0.02866381272247305	-0.10069347981587168	-0.008979883733246388	7.1760348159739
QECZIH	0.14888624570074915	0.4135815647849632	-0.039468696130280145	-0.03784941782165824	7.066233804571215
QEGSIE	0.05633642547022033	-0.018695954535553505	-0.07019850477224743	0.03028007672843909	7.540327890268106
QEJMOL	0.04003075504498321	-0.1850407118519633	0.11328751674119095	-0.0895559268016787	8.007497584692599
QEPZIV	0.09048011545979184	-0.06595032428434092	0.055539276015352634	-0.009732081694035152	7.808776330361078
QERQOW	0.37198419877540134	0.19178130709669286	0.12959752912078648	-0.029969577953136484	7.83499881288949
QERREN	0.32470219469329953	0.39768327869747816	0.04250409606249145	0.038311854524295384	7.4634612804138385
QETDIF	-0.19705257102014562	-0.08184049739388605	-0.12745863704460558	-0.03551672036263695	7.291267095698063
QEWDOO	0.07111827764089318	0.04206175292542848	-0.05104297067703689	0.009711870942556385	7.511421811583273
QEZNES	-0.035000889112656974	-0.23983901653885858	0.0821612645705122	-0.08135576248115176	7.9828486856822956
QEZNOC	-0.03452589156121766	-0.27869432474627126	0.08063437262917988	-0.10827455739522057	8.041021361885015
QEZNUI	-0.0031651279282498557	-0.22026035363451613	0.12035004760835571	-0.11218277671695337	7.949028615113528
QEZPAQ	-0.03821272133725895	-0.3075578130407117	0.07822518241159199	-0.10799426955079044	8.10606248235712
QEZPIY	-0.015781992297164926	-0.11959183613738134	0.09430178489574863	-0.08656304735647616	7.749964322112073
QIBBOW	-0.019787133885432517	-0.1333365588047652	0.15310096715979687	0.04390017858633313	8.23742421106732
QIDGUJ	-0.02849508198641626	-0.004064576024420452	-0.0001165791897291546	-0.11998378302445939	7.392279878779285
QIFPAW	0.21916310119287052	0.34195434375068834	-0.18576039569604974	-0.06544407320533935	6.833953959720325
QIGHIX	0.04827445993904034	-0.17923988915140937	-0.019369024673654173	-0.06412326430773937	7.757594792881221
QIPXEU	0.028949110925353683	-0.26890713620292644	-0.028823578362459246	-0.017499178695574158	8.041275531469264
QIPXOE	0.03873499011918424	-0.24261020639895797	-0.02496282903557484	-0.019320750885924692	7.98016030790958
QIPXUK	-0.00013179835855092747	-0.28931827761559464	-0.030443162753552522	-0.029827418856234536	8.0649855125172
QIPYAR	0.11318890228159573	0.024534749053287577	-0.0482183789859334	-0.02363426285420213	7.484165963754401
QIPYOF	-0.0009264323552637954	-0.29075001149860763	-0.030183496585722308	-0.029059875959483464	8.07220862021399
QIWYOM	0.3666978812356896	0.28165892073350507	0.017324967483798054	-0.05728623255708412	7.361361504792286
QIXLEP	0.39095769804430835	0.267313882212229	0.029446632314265225	-0.07503013656143037	7.432221181943065
QIZMEU	-0.021274866083242472	-0.20160047050564595	-0.038122353652013774	-0.07036477656306817	7.805986726240206
QODVIP	0.29015691562664303	0.4700894124975789	-0.11369693626124	0.049995778165529525	7.218233474190435
QOFCAQ	0.393326252909985	0.04690209051296407	0.12596367461890323	-0.008400772676902743	8.074347034768412
QOGCUL	0.02210578894708748	-0.2749690856676566	-0.02897457583696403	-0.022853999852648535	8.054987376514212
QOHBAS	0.2790561020025861	0.13751427130522573	-0.10796720447413177	0.06511819880671167	7.5229657422909915
QOKJOR	0.0809159132500441	0.16704552600319156	0.00023034430732141176	0.13411031360424003	7.567060122089831
QONGEH	-0.006252810409506093	-0.0788554026925403	-0.06015127314090829	0.07772723300038675	7.663687219486795
QORJUD	-0.024030238654583425	-0.24483491006964025	-0.03887345123083602	-0.07091290460378222	7.8331059182052485
QOWFUE	0.016347549480500323	-0.16352968901570253	0.14338240762224155	0.04086985118326805	8.198225508857464
QOWGAL	0.012178937645261012	-0.1814580417348956	0.11737082745406269	0.01584303579509093	8.213239031590428
QOWGEP	0.016969605012489453	-0.1730764323057868	0.12663103947435275	0.006215977594923136	8.197627311054687
QOWLOD	0.09565462863427365	-0.08109378944672249	0.1185121410869716	-0.0800507691926107	7.786016555283562
QOXWEH	-0.028221331061346167	0.016585184578832873	-0.07769638120839056	-0.052134127154249824	7.258895794671984
QOXYIL	-0.09935189709305092	-0.19284905222306903	0.08688526025128288	-0.02355429929539013	8.073921144404087
QOXYOR	-0.10390895175386383	-0.1862707459266449	0.18358759849705414	-0.015252598579715781	8.204693528263972
QOXYUX	-0.17439716612010026	-0.2699520774992314	-0.005823369021298819	-0.02487404823343209	8.139229761128657
QOZDIV	0.08309148055749338	0.021850994430756596	-0.12033051120265742	0.0001911392984348531	7.354888851687355
QOZGAO	-0.28412760408357673	-0.13901801939625497	-0.2140551785157499	-0.03327878994581536	7.374313072948643
QOZGES	-0.33091888484220755	-0.1590036211239298	-0.11929157433864923	-0.005068308938652233	7.562504158559773
QOZYEL	0.0023510925475043187	-0.1907771838029677	-0.1437290557301954	-0.07722716168165195	7.528952838110848
QUCJIH	0.06326368305487717	0.04404945889994086	-0.07198712288559217	0.044556402684608434	7.469754255691747
QUGGOP	-0.021306824045104644	-0.27247656262108894	-0.03136084130736386	-0.058658635973275	7.9497333293083825
QUWVEK	0.391763479839621	0.22941293633189513	0.08057042670245593	-0.038521349992029566	7.713775750199073
QUXTOU	0.014384645008622243	-0.16075176761481969	0.025939744351339028	0.06233815311332194	8.003697994486199
RABFOS	0.12053961706160932	0.2582267416450497	-0.016381591826356318	-0.004861796738046306	7.031673627473688
RACGUZ	0.10570777005913667	0.09563011882703354	0.20762473728940203	0.01759681530208415	7.955350556882019
RACZIF	0.31975729130931674	0.17864719652158817	0.07446591992472701	-0.0698964661484539	7.5295319426147405
RAFXIG	0.062272636710026585	0.04371590328410627	-0.10965165737611865	0.0011671925518293713	7.298085650039161
RAGFIS	-0.17953183934024475	-0.0860934995554862	-0.19217437391543202	-0.0861320804812771	7.204288296914731
RAGFOY	-0.16442757118978735	-0.0648859731204004	-0.1573643455063145	-0.01988684260498004	7.245153786389925
RAKGEQ	-0.42412199767686687	-0.2142966680568073	-0.1336047011372652	0.05230744505379069	7.850667114536997
RAKLUO	0.2900246728179048	-0.16663256205845028	0.13097250993158183	-0.04792113681440155	8.279382470800122
RAKMEZ	0.0005719301504503171	-0.3122518200942938	-0.061808009515932405	-0.009943178720144455	8.094053112825701
RAKQAZ	0.10960288261968332	0.08028083012741216	0.03272215102810022	0.009751306559386386	7.5481473282193745
RANDES	-0.21489400640700485	-0.04782553595875644	-0.13171115930919486	0.010974141209107544	7.275320979337725
RAQWUD	0.1269907724218533	0.1440627302996494	0.10794463183299693	0.040007466280787066	7.621623645499679
RARTIR	0.048632698229643	-0.10950545552883423	-0.21303192987622976	-0.08860596423342978	7.255902158284535
RASGUO	0.23484725355210445	-0.2181903736162249	0.12108698170815578	-0.06245038483861767	8.312655924038294
RATFIB	0.06040847646441749	0.0027412666147077214	-0.09388736619416738	0.010828874257256246	7.409323015063238
RATRAH	0.049115496664453584	0.23264951289160551	-0.02051600423970734	-0.024061090619329664	7.0307062788150825
RAWTIT	0.22256145672270966	0.17153140466905223	0.1742769626256288	0.0022651474831871937	7.704579910155412
RAWVAN	0.35334511795278223	0.22339923057670064	0.1408254318797427	0.028463882570876488	7.852898390753161
RAWVIV	0.07030015910213239	-0.08487573245176391	0.13078750520804594	-0.02522364877860704	7.973217132408771
RAYSOZ	0.30729139336920896	0.04828979795863465	0.22754243360462792	-0.007371105081277085	8.209635287700216
RAYXUL	0.26070522308596056	0.050006968521909737	0.03277464263242297	-0.07333900220818637	7.672628940355734
RAYYIA	0.2290741015417166	0.18976710715088424	-0.11927688859800895	-0.14500733217925682	6.935307320575069
RAYYOG	0.22293924224216832	0.18920436138782637	-0.12084061794213308	-0.1436884969304305	6.934745038396638
RAYYUM	0.21996622860589854	0.25770373536080704	-0.08119528354917072	-0.11515213466013152	6.964976207534541
RAZBIE	0.35411232376507185	0.21549599094089067	0.11360891035571578	-0.08268208228605214	7.647277085962244
RAZBOK	0.10981721517392229	0.08725140546379662	-0.04434553632445348	-0.053910161812559865	7.287226466567867
REBQIY	0.17363787607160974	0.38281924059462713	-0.06209916175131358	-0.0725625285725367	6.999064600804169
REDNAR	0.014733510298255759	-0.1635769712247631	0.04385738276995041	-0.067932697603277	7.836537705185892
REGYIP	0.06184731248617803	0.021625139448359837	-0.16986474334220159	0.09623380317303867	7.486624243294205
REKDOA	0.03470845369785236	-0.12254551614164555	-0.10423913010154606	0.10012516363116869	7.817243439299309
REKFES	0.0338346397424405	-0.017091964843216206	-0.053284086544463816	0.10953020100832325	7.672707871633072
REPYER	0.060929133869715546	-0.0479205837220289	-0.08826778799802787	0.06166063136488669	7.666724506305274
REPYUH	0.07072178659093575	0.006043254853379171	-0.04637076205917712	0.005978361521103023	7.552959039702038
REPZAO	0.06067958920400196	0.01431841998890998	-0.03473726649586467	0.06020650939438848	7.633905866022744
RETHUU	0.028080301032089583	-0.09879511811462122	-0.08545842169113493	0.011404902117780745	7.602084554088637
REVHAD	0.28310440912794244	-0.09032085690206701	0.18717613767124294	-0.08242567680794075	8.202844741669109
REVHEH	0.2890591296850267	-0.060749760227576916	0.18264007459470447	-0.040738515204953835	8.177601671861996
REXSAO	0.01831468598877173	-0.11920867466795837	-0.02541203933932515	0.07529597607213356	7.833135673511885
REYRUL	0.06486896403964115	-0.15488409196531205	-0.07973644405878955	-0.07159356517311286	7.622275470106431
RIBREC	-0.031402304884411425	-0.12972505753876024	-0.04644949869223369	0.04610881860357116	7.788785273692291
RICYUA	0.027614343057103863	0.17067864875788408	-0.18933758176579601	0.030832312729489997	6.889335471927403
RIGBIU	-0.20363238438046993	-0.03789151516621861	-0.11447496071538321	0.029129777153143098	7.339866239004515
RIGCIV	-0.20996898976124756	-0.059076113221112087	-0.11732873862801796	0.035835017636448016	7.389694070592597
RIGCOB	-0.2032479581861728	-0.05565908017928595	-0.11457514662902335	0.028569141399582214	7.377055097803749
RIHQIL	-0.07680179712340074	0.030845242373674586	-0.12014131120309546	0.055682968538215395	7.266560754784562
RIHYAL	-0.03156546678469008	-0.06755301404249908	-0.1256857188587035	0.13294802842044207	7.719507896942432
RIJCAR	-0.01756838121479909	-0.028008260147347447	-0.047634443707852914	0.11930013596797745	7.72534269208733
RIKPUZ	0.07519833151112687	0.08475136122222529	0.03255857730535772	-0.04192962555966505	7.428365432897962
RIKQAD	0.2606747209739484	0.1620510676483276	0.13538959513580634	0.0143989960867806	7.774706837352804
RILFOK	0.08486146858835086	0.15345342747771382	0.01715207846550837	-0.05738119691513999	7.175125828452969
RILGEB	-0.031111846308373714	-0.25346632573375844	-0.024333476666729748	0.06472645078265805	8.121914238520173
RILXAP	-0.18888945135387258	-0.014823583887494662	-0.18018567964692817	-0.003431227060831238	7.094384611004049
RIPNUA	0.19690553017419044	0.01995606831050227	0.008161101168039753	0.04500598102947519	7.798453485931477
RIPPUC	0.02708934501948379	-0.05838528321844172	-0.07760519807629562	-0.058444163295645474	7.400565434395596
RIQSOA	0.057468613106331556	0.03817721950831564	0.026774378875062788	0.13084887535815137	7.772331331067585
RIQSUG	0.0629277317541308	0.04757579384087861	0.09614885486788939	0.07248865910347878	7.799903846593073
RIQYAU	-0.06764980083861305	-0.12952572186581907	-0.005574050849214446	-0.006651045937945091	7.67840020436005
RIRPAM	0.005171930535154523	-0.029002970685003016	0.20357202345868333	0.06290000256838967	8.00053948889706
RISVIB	-0.10275322916165797	-0.1775449515051471	-0.0932590990359497	-0.14041810743562058	7.494605263627458
RITFUZ	0.07355194169077128	-0.09301608766796005	-0.0016425845322341204	0.033712573046259436	7.8331215320287235
RITRUH	-0.03560816544810308	-0.09921300899211191	0.20107594706983375	-0.06558869896638089	8.085100756665595
RITVOI	0.11796901443798413	-0.023300001316548302	0.1563303179531555	0.024840121062620173	7.999127634040041
RITYID	0.053545057291394915	-0.17890298526177095	-0.12987004756988912	-0.07799215652777289	7.642613681901354
RITYOJ	0.05336857896769098	-0.17757985614708438	-0.12802482877847154	-0.07797035812232286	7.642686094786822
RIVTUM	0.12373438303627404	0.15185330886243112	0.06565865537384524	-0.046360149946768514	7.441666014363327
ROBSUY	0.03109829283562293	-0.20326849580748874	0.0329367986213632	-0.060678456512062245	7.972455884263582
RODQUZ	0.05748671039792397	0.059772998289041174	-0.13224051748453097	-0.012792751065449956	7.2225582104760715
ROLYEX	0.07562644552099718	-0.07159170088357994	0.01879663054674835	0.01020915772974456	7.733572404619272
ROQPUK	0.0783782938159141	0.06060452647026267	-0.021004665018952012	0.01956001257413252	7.496096415903549
ROYKOI	0.015057732537450352	-0.09987876856161815	0.020844589209597586	0.05922084485072722	7.927757323264183
RUBCUN	-0.08187308212323652	0.08900586236761131	-0.151766943619759	0.012542163064180427	7.119924695438064
RUGYIC	0.07094554662055819	0.07937615774483996	-0.10837348196744151	0.05245735994674326	7.427796681111053
RUJCAA	0.02081205697522792	-0.16223413576053414	-0.14792336820590513	0.007060977138274409	7.700863271893034
RUJSUL	0.07050083628517134	-0.10148830399276149	-0.009521541939259442	0.09767853843695823	7.861841299447664
RUKRAR	-0.120774048515083	-0.17057527168598124	0.06759504813299194	0.14326227082898285	8.090003034421828
RUKTEY	0.2445863651273288	-0.06559968319285633	0.1967252750697877	-0.024507205279546862	8.227904932738062
RULMUJ	-0.11572933248516248	-0.18492537297145517	0.04911020581878381	0.146848965116053	8.097348470783892
RUMPIA	0.13422264177713794	0.35027061358721356	0.033978041445048957	0.062438652189601214	7.2853977759843085
RUQNOJ	0.3040976850803596	0.0219274381175361	0.12842681769004083	-0.0021759312197723313	7.977811900387368
RUWCUJ	-0.08562120681081176	-0.04279345625338732	-0.13312336935807112	0.0009094496988345802	7.353389192451765
RUWDAQ	-0.06406059316337043	-0.036628664012806844	-0.12598283412187666	-0.001909781420586537	7.348124233084589
RUWFUN	0.02976052045488098	-0.07765166087548209	-0.026584793109978466	0.007037795037561065	7.6755618101300875
RUZWAL	0.26079330887771723	0.2060638153001645	-0.1685328558679386	-0.1387396457127521	6.961446439720724
SABHOT	0.06370832671605386	-0.06276975617370767	0.06271009300606248	0.09654719891234886	7.933455059165809
SACQOF	0.022833503903570307	-0.24859928425173	-0.04133677418045251	-0.052867021635481876	7.905717231139438
SACRAS	0.023251000006597966	-0.2470852338476568	-0.03664951790244342	-0.05110173775687116	7.915126999699194
SACRIA	0.0397369339474154	-0.24372201567399554	-0.04164008532173724	-0.04462775561222257	7.917443105648478
SADCEI	0.041001378586991155	-0.24185330609783579	-0.0395946733671062	-0.045640321641343296	7.9125958923101845
SAHSUQ	0.07028685256200307	0.053774676628536536	-0.10590226772476574	-0.09779973506280418	7.25227947853586
SAHTEB	0.0492605714077432	-0.061452019472470504	0.01919318638835088	-0.013507273520864713	7.558821399162469
SANNED	0.2911712701243174	0.3276873743336412	0.05608497095828591	0.0036099534772540826	7.449507126023418
SANNIH	0.31027088249520896	0.28039088754769437	0.11676860125797375	-0.06796739775717989	7.5409053574195175
SATGUS	-0.2430917318375232	-0.10748650076504146	-0.1129600361865375	0.008597972107120662	7.435074232086847
SATJIJ	0.27677857983046783	0.1239058837531289	0.05683757816893051	0.14101630997834103	7.928708485324735
SAVBIA	0.07466936008531944	0.15656300056224906	0.07809515522684632	-0.004330433961861266	7.322385346804418
SAVJAB	0.06632248274837549	0.05006921327956561	-0.05606416395265662	0.02303551789115707	7.5064537664957465
SAXLIN	-0.02832093643581457	-0.19554777669668	-0.020471584466878995	0.09387231871101998	8.003978861677044
SAYZAT	-0.032043800893170715	-0.19522112983248308	0.10637203392343852	0.022154926009321826	8.190863854919673
SAZXUN	0.0005784414396479143	-0.17474693648022205	0.0630975048888393	0.05936409612090282	8.1119837659851
SCYNAG	0.30859698332607666	0.03120487363638151	-0.0164520584358272	-0.06538790665345534	7.616897996285346
SEBNET	-0.14536077547598314	-0.09085177444292572	-0.08717264432581412	0.07868049938989297	7.622637942290537
SECCUZ	0.2793061746021288	-0.07179690198384284	0.09404420181099128	-0.006883429953433731	8.090328673537467
SEGYIN	-0.007455333368546757	-0.19499417654273482	-0.04040730848415014	-0.13844141523391787	7.645254880186135
SERPEL	0.2543972912977881	0.21935243929085463	0.057031034390889634	0.002505205535136279	7.5686259235477165
SEYLEP	-0.027349509104549252	-0.19654350426623252	0.15638819882515134	-0.05726279584207336	8.261704661014686
SICBUC	0.0036015967602396337	-0.14290960182434403	0.012992436080168812	0.1234626244015466	8.009966078424473
SICNIC	-0.22119620330059853	-0.5996540061286726	-0.0894620974380011	0.05371791481618794	8.894774821800713
SICYEM	-0.21053353303395905	-0.05309425011399696	-0.031450612767559116	0.07411207752065042	7.639308257545628
SIDRED	0.25885785075573287	0.1299493013276983	-0.08153147845653613	-0.08812009536140197	7.2774465359366305
SIDXIN	0.06852183747259799	0.0061743030802105525	-0.07670424031711354	-0.03885787696157671	7.361327771339631
SIFPUU	-0.003309569190230288	-0.20940672040924385	-0.010903430868664798	-0.07264543276092478	7.811279890773383
SIGCAP	0.21188260714169482	0.12461799915628367	0.1262496289932596	0.03840580687481955	7.703210494730712
SIHKEZ	0.04114591595186523	-0.055283171446374096	-0.09793330346235052	0.06219289147810582	7.668841897961789
SIJMUU	0.11583989010750129	0.13551575535364405	-0.11587834260053664	-0.017795988279483282	7.251650576963234
SILLEI	-0.013614394997135015	-0.060887248872351585	-0.14319044730547675	-0.04778154779789878	7.092294289937983
SILLIM	-0.038237673147967666	-0.03470574550814995	-0.11224977310125323	-0.18096016074794027	7.102549972400887
SILYAO	0.09750831692666528	0.08230278625395068	-0.040656264492315575	0.07093261268426639	7.555520365495311
SINPUD	-0.06086791195155028	-0.07992137612762143	-0.09377334847565388	0.03408737089720346	7.324741499564256
SIQQUE	0.048007255436817164	-0.11317365291964382	0.10408371958163494	0.03443856539857695	8.000638373552318
SIQREP	0.04615525052139757	-0.10681053219575795	0.1159562251732537	0.03718766918176452	8.004874777745279
SIQRIT	0.0373950597161854	-0.13468039828916795	0.07351651135583079	-0.005059911875841455	7.973128072228259
SIQRUF	0.08563365230177622	0.07436856488441991	0.09185452856615842	0.020101440649381047	7.609877332659207
SIQSIU	0.020838067427532803	-0.16160023082574676	0.13230896152919555	0.03188291598131593	8.146876786609637
SIQSOA	0.035326712015713024	-0.12830188074017906	0.14307098075094032	0.02316298206980321	8.068568727767444
SIQSUG	0.03756014165057264	-0.11522350640382478	0.07856918501054594	0.0016464419693217741	7.958017229314305
SIQTAN	0.02326399848910432	-0.1523669226956037	0.12493197744295656	0.02703827147332439	8.123825642570205
SIQTER	0.04500066080219911	-0.03714722812701782	0.12676524602075528	0.018638587869644577	7.879407319100542
SIWRUN	-0.22663251547947727	-0.11531487151274228	-0.0865189916920806	-0.02678625169713149	7.460505839869249
SIXPIZ	0.2579940902072706	0.05664244367954749	0.16342430159718574	0.0009167723111376397	7.913757652174745
SIYMEU	0.03309583474462974	-0.12137474288451888	0.02939515894210004	-0.08861046841093215	7.689766256169187
SIZHUH	-0.20828481348073824	-0.09994032881626766	-0.12292551597463341	-0.04548007019598552	7.3057656197525995
SOCGIE	0.0701001703059494	0.024527230097131064	-0.018925699507012977	0.020803336199104447	7.58668885958137
SODYUF	0.02434029400877913	-0.020548698895412332	-0.07340103450570767	0.07817911556895435	7.583544881253172
SOFKEE	0.026388550770513053	-0.07744677168916494	-0.05429949022320629	-0.08760870032732568	7.472318628596609
SOLFIL	-0.09626006146678234	-0.014124409614220318	-0.10557552548874655	-0.06905795127309056	7.133091637134468
SOLFUX	-0.09255954812504541	-0.17431399176351475	-0.10065671618735572	-0.10943499804418672	7.455820190730872
SOLHIK	0.16340469837355132	0.42367737899600927	-0.14127964722796854	-0.09406873059511126	6.753255284186379
SOLYEZ	0.24801745849577772	0.11248975116680211	0.23462514854510097	0.008027268558550099	8.111239840026894
SONMEQ	0.01970047251080187	-0.09044994508323895	-0.013005386286137427	-0.05375470567023506	7.591966384853001
SORCEI	-0.043937212543050386	-0.19868028096798912	0.024138736504600827	0.14723512130994526	8.19184821222898
SORCIM	-0.024184978482372443	-0.17304304569475765	0.012594057342244641	0.04606655498796382	7.993981720856477
SOXKEY	0.34306809303418495	0.14176037230166694	0.09425769579654553	-0.011980204536998038	7.78984811697786
SOXKIC	0.35043560364692583	0.1710563014941554	0.10706819870999068	-0.014093927336444656	7.774459638666851
SOYXIP	0.07648379841372899	-0.11641742673809757	0.08346729754395907	-0.02923437186353124	7.89028230426443
SOYXOV	0.07156259000019949	-0.1013835834331682	0.08115761144051536	-0.02244104087806094	7.8682395012164354
SOYXUB	0.049247439793191905	-0.12204143426696618	0.0634664461590673	-0.029254134240010263	7.879175560381615
SUCKOQ	0.07239393415164797	0.16478732268385468	-0.10293584776477371	-0.06094251167686299	7.07308298677022
SUDMEM	0.06461338786876647	-0.046439182623905784	-0.020146380474257153	0.026689638441064423	7.672811230955369
SUDQAJ	0.09575289147832367	0.2659596573117569	0.02619070278982813	0.016355670153997	7.399616065754278
SUDQEN	0.09744842602485759	0.266420512680363	0.061066792875421355	-0.0019578434746490153	7.437807644742895
SUDXOH	0.07228066724072724	0.11428664510768533	0.11129291801740905	0.050157588476575206	7.784709162526832
SUFHOQ	0.32639921272307726	0.35787638442523795	0.0063062562064920835	0.03270524270224833	7.484362673695785
SUQZOW	0.053256395919613286	0.020901766240146807	-0.09863531464301628	0.04873882856874931	7.4616822782312155
SUTPED	0.26279661310655067	0.13229179884395031	-0.05876827271215068	-0.05736271248401584	7.336606213545153
SUXFUO	0.05601175623458543	-0.16763088916324903	-0.008180383766703297	-0.04405970448156167	7.782372583327343
TAHMIA	0.2534413803083946	-0.138266022601212	0.05141095672034218	-0.010733169750587981	8.101196584165884
TAJJUM	-0.18336646448903382	-0.06340482274021289	-0.08940468810178387	-0.0019138842516835675	7.328817175566331
TAMTUX	-0.20473968598915482	-0.10537743004858433	-0.08717924221306994	-0.01166244965732044	7.418674931949178
TARMUU	0.23793474959036187	0.013802047198258671	-0.022952788464323054	0.03313302551400674	7.722402570689465
TARNAB	0.23145550812290105	0.010874581104229758	-0.04089282884176004	0.034759873954518926	7.699390838306146
TARRAI	0.0040434507606033065	-0.28153857007247773	-0.028840411080777728	-0.030682591053930827	8.045831593608794
TARSOU	0.03545180501145895	0.017676898597757146	0.085309514412505	0.045861292057080165	7.793375483150888
TASFEA	0.02683144743757504	-0.08442608838941423	-0.07078106441460463	0.04622983180267566	7.715499073676226
TASFOK	0.027357131645780353	-0.080475665026328	-0.0667988426363112	0.046439347439163586	7.714294478164656
TASGAX	0.0274195501961354	-0.0849275567019531	-0.07433367872246527	0.04628438767028481	7.707851623265354
TAVROZ	-0.2727797403429775	-0.15758689397440329	-0.13537668971557432	-0.06710054782628375	7.4110934751618895
TCAGTU	0.28892943807763993	0.06814718036136827	-0.021681813143448775	-0.0232115429801074	7.58563616081959
TEBDOV	-0.27387156434048787	-0.31125946665779364	0.0017112069746364478	0.027251583274198715	8.217053618777301
TECCIO	0.3155401424004789	0.14179016276227127	0.031501928652324845	0.029122405206100738	7.845542996270227
TECJUJ	0.01608620747365075	-0.1340363188855183	-0.10296430017220481	-0.11905858093276256	7.443443409756233
TECSEC	0.03731700049886966	0.13924870478194654	-0.14679832502534879	-0.0814457353147052	6.8176291951610235
TECSOK	0.07702691558191566	0.032950896733807564	0.038614834148442995	-0.012897925720996739	7.534188662204738
TEFJOE	0.05396303769177768	-0.02673048133269451	-0.1340388965157081	-0.02618489030446164	7.410337518528173
TEGNOI	0.2874561943396894	0.09396306722298399	-0.11939526397178551	-0.13023486004955256	7.293713456128807
TEGQOL	0.06862738174219407	-0.12477255436369494	0.001146369378430101	0.048464753454520365	7.850639474669622
TEJKIF	-0.10199737069640191	-0.05806890028765738	-0.17453522851905862	-0.044711149313414425	7.218864561357442
TEJKOL	-0.07525572747200204	-0.00936502471587669	-0.15728791268829873	-0.035136514381402306	7.184441878337373
TEJKUR	-0.0886201816038148	-0.1403861029147429	-0.14821029405254627	-0.1569043428434544	7.399105322366031
TEKKAX	0.27624453382900116	0.15371890709666466	0.1507287935003061	-0.0811388769510733	7.679919628832114
TELHID	0.061629979929186174	0.20018055958350223	-0.014621973593413246	0.02773863107455942	7.197779114346208
TEPMIO	0.2843794832221085	0.19997634650933993	0.04092415325104731	0.06628917858928089	7.714765755659559
TEPVUH	0.10429855371787378	0.09812487988031043	-0.07727340255043114	0.02302063798569178	7.432681153802973
TEQDOM	0.059556648365044484	-0.10380124204500324	0.0083488058730736	0.06137624245472911	7.865900726737693
TEQQOW	0.24715689759468829	0.1253866340994667	0.23229067537539144	0.018013884880845432	8.019577880718337
TEQYEV	-0.021021826575932767	-0.17690644865299615	-0.00335178568736641	0.028555564220127498	7.935396836343079
TESQIS	-0.034288681543811705	-0.20015634838317753	0.005133905260730265	0.11303657441146402	8.131272725293519
TESQUE	-0.04147517167190662	-0.20620359165271301	0.012347152602610267	0.13445554704672064	8.191230117597073
TETKIN	0.12045177158666709	0.17202887895934757	0.06280947300030956	-0.04281724152928042	7.452081138521222
TEXXEA	0.11159458554645729	0.21416794644223153	-0.027803762675308624	0.011333137634560543	7.329760881603108
TEXXUQ	0.10316415716160998	0.2630615034189252	-0.08184250689428763	0.039423491634413416	7.150295616798118
TEXYAX	0.25574922626154306	-0.08454896906927428	0.13423359937844886	-0.015193483566402335	8.137752808216032
TEXYOL	0.10000379526337833	0.2167338794694769	-0.05766862556493324	-0.010283825414705669	7.175001950360055
TEXYUR	0.06385669905629987	0.04905523260730145	-0.011813936399322128	0.08310395093698124	7.622801402397753
TEXZEC	0.12814001929139307	0.09184427953727331	-0.012576270560460123	0.04133975900823067	7.523347153290563
TEXZOM	0.10308298501187041	0.242740493579222	-0.03359569864978118	0.022430520009979894	7.256805477152662
TEXZUR	0.014260909172497893	-0.29564585156403084	0.04594550821115154	-0.05330554411446699	8.185742319914077
TEYBOP	0.09183217236233032	0.16105705341239052	0.0027600688237907622	0.015731101673114416	7.445102831627324
TEYBUV	0.1024361558606004	0.12763604407894424	-0.033517390241898315	-0.03397582882272471	7.369959561985533
TEZGEM	0.21770185425324273	-0.16296920094341344	0.23895065373051078	-0.0465331202036771	8.439577263075766
TIFZOY	0.015334138440882494	-0.17718922845031676	0.10067329582084457	-0.013749683008778796	8.079009128593977
TIJNIK	0.28171295580569966	0.3955896131766917	-0.1284736222667524	0.019125909314953476	7.029879932028295
TILLAC	0.022026397551860644	-0.021879174906988513	0.1478503653218593	0.04420063029509305	8.003510941653408
TILLEG	-0.005908121972900915	-0.09081253420869265	0.1343501739012568	0.011711168367455484	8.07528088992553
TILTEN	0.026802295390309094	-0.05684826344604971	0.07055653623047273	-0.0017664916377901352	7.788754802613527
TINNIO	0.07765182667034631	0.3745308959613938	0.1584344101783824	0.053928307626567584	7.494350558937068
TIPKOS	0.019391980714775325	0.07445081224188384	-0.04224769385273086	0.05825869720856409	7.3274701609836725
TIPKUY	0.021447385374035566	0.10563619311968991	-0.025833989545562763	0.04506338671987351	7.296707733276199
TIPLEJ	-0.00514704365454266	-0.06218705159957921	0.01351215344326892	0.04666972872045487	7.680055819388332
TIQDIH	0.05959226270181306	-0.0435335707931819	-0.03361937204638388	0.010320279116317096	7.624482235570451
TIQQUF	-0.0006267577812590908	-0.10824276959606172	-0.04304645465372048	0.06255271956361626	7.725305092592136
TIQRAM	0.03221209993411067	-0.08642796229107097	0.06524367714818724	0.027781143583260802	7.887264655099753
TIRMIT	0.2723312889585441	-0.03534185809788665	0.26824980487352695	-0.07336689859317932	8.310755979761831
TIRMOZ	0.010588545695131568	-0.16197673322818706	0.1773656818019289	-0.009555105997402169	8.226894392763889
TIVKOC	0.2929097504709621	0.08426376728999278	-0.13839235690032875	-0.07463975124808836	7.309261077602599
TIWBOR	0.2159316838167995	-0.1958366081254871	0.14582293296156962	-0.06258555535744695	8.423585698178192
TIWCEI	0.23898760435757582	-0.057905099846289915	0.20288892220141996	-0.021602436225216765	8.24645932051791
TOKXUO	0.26452436343519503	0.05010881939694917	-0.10519120786670427	-0.025764783273210412	7.431370365424031
TOKYEZ	0.2902563931827449	0.011315196965872909	-0.0782836986122677	-0.06154940440239509	7.534846070291439
TOKYOJ	0.2860778320964772	0.03986477158102579	-0.0276316739628773	0.019621082412282963	7.670976606753587
TOLCON	0.2944733713077414	-0.11921534943608758	0.1210466303362566	-0.0405570947949077	8.162678170683552
TOLCUT	0.2884584139820734	-0.12421303614970858	0.10742959487038085	-0.03487239658610024	8.152735887713238
TOPGAH	-0.07070103314012632	-0.3145759578265975	0.035476240294792766	0.09951936303847156	8.43245914560227
TORPAT	0.044620861697829195	-0.00690937216157092	0.0056310338657187264	0.06206000026164015	7.637742359532509
TUDNIR	0.35508239676305964	-0.0023413790209081964	0.05546797971054673	-0.015830618021675985	7.923445434849096
TUDPAL	0.34512945657021943	0.24851668331277915	0.03945535481490706	0.07472734129276165	7.683895174986547
TUDROA	-0.05960768589852705	-0.09184477919792938	0.061073154290898546	-0.18490194954432881	7.371677262188187
TUDTIW	0.038472654527461625	-0.09515646910551823	0.04708344933791228	-0.05885460117013863	7.729194454796383
TUFBEE	-0.012550730526472709	-0.18963620740308013	0.03834904747148474	-0.05844584058450006	7.929400054592804
TULTID	0.04380671439683992	0.08669306929696857	-0.09465407791178504	0.008825474636418786	7.352268173053961
TUMYUX	0.12216247267436087	0.4491982569383654	-0.03677437655094473	0.07604329533732912	7.222035056499316
TUNNOH	-0.04067194743571534	-0.34034357929185594	-0.06289996783586249	-0.12518445627913302	8.058390306838463
TUQVOQ	0.2647819525996975	0.23892116997261137	0.16951726019743835	0.10596670091468308	7.948537225506647
TUQVUW	0.2927975997985297	0.37433497559535817	0.06879950671198296	0.1305103572286588	7.658463974055875
TURDUG	0.054221190870775704	0.1447417486496098	-0.03309369894514491	0.07888352043773116	7.38586162365812
TURFES	0.04694119579202871	0.08160162971575294	-0.05194251849507858	0.14345799995588898	7.539380746167414
TURFIW	0.22183997136103928	0.12038188930254297	0.02970492028994698	-0.002145749302538802	7.52412631560394
TURZAI	0.04126017693317641	-0.14162815326770528	-0.011169488022267082	0.026862000422211638	7.894263567672496
TUSKUP	0.045555936530454755	-0.07909678861472255	0.06752746480362692	-0.015398301317329985	7.834257542623926
TUWZOC	0.267027858375402	0.3644115304246	0.017248449680096672	0.1542257108298522	7.706571772822783
TUWZUI	0.06569081661110543	0.11514925493577712	0.10111083053241135	0.059556015942806274	7.777357069356833
UBEZUW	-0.008408872572555737	0.21301631606244822	-0.160958911015615	-0.08160318598838526	6.693084318325079
UBOQEK	0.11155515663085103	0.21291983069006112	0.08616285427976189	0.056007666489094776	7.55865048167652
UCIWIN	0.0981376325098835	0.11351181970958166	0.09000407824943227	-0.10927967955618395	7.515625733270517
UDOMIM	0.07777753119456277	0.13816229159252996	-0.0428790886202835	-0.02715127287478586	7.268585676863282
UDONUZ	0.07265753354523197	0.2373228792850812	-0.04080613304684172	0.010726149988769855	7.1113602872934685
UDUHUZ	0.07676627221163157	0.1482516491598607	-0.06492678302720789	-0.022394343853512258	7.205285598998114
UFAVEC	0.30911846271310184	0.157849408352076	0.04346651534228968	0.032241769459393756	7.840294640609226
UFEYIQ	0.0685640724873493	-0.101069097888517	-0.07693660566827981	-0.02296094778378771	7.558700993919525
UFUDAD	0.08017305810088127	0.15581701398159784	-0.06554785905258392	-0.01453095427966189	7.212512945165483
UGIDUM	0.2751657005647128	0.07639854991244602	0.11654718535091389	-0.002427663276528186	7.77677195780711
UGIFIC	0.0575455626789938	0.10321141951219703	0.04329504591693428	-0.029396930982421077	7.509594254648814
UGIFOI	0.27406995014691526	0.06802346841870638	0.1294237973122061	-0.00778132172022053	7.792535488510851
UHANOI	-0.059413667683929194	-0.2798053611219722	0.08482416892587938	0.17937466531728452	8.508257604561376
UHAPAW	0.05035911186126585	0.1645855260659993	-0.11303373130896488	-0.047363547838607814	6.8361064215232386
UHEZIR	0.3205497720376065	-0.038331405069826935	0.20197708472730527	-0.03428921173475975	8.249593586070041
UKEBAO	-0.19883700535130489	-0.09608407401857899	-0.09462967023526925	-0.04432855607877366	7.3528313990394025
UKEGOG	0.039476193039257534	0.05307916340237691	0.06473752963467791	0.09181161810857023	7.71166643519863
UKEHAT	0.199964598382524	0.27819667243496815	-0.271280013399453	-0.024865441703823807	6.9783096794624635
UKEHAV	0.029012594118563495	0.011957248892732475	-0.023574339510550074	0.13026557746915318	7.712507641408848
ULOGOS	0.21596199959906714	-0.1186957787022464	0.1885250547300159	-0.012611235676125085	8.359556750225233
ULOGUY	0.2153801798093089	-0.12401330156529322	0.18775817512888	-0.012921087881724844	8.37516470866738
ULOHAF	0.21734514328591414	-0.11771581178458357	0.18586701500492736	-0.014696140575920641	8.34866328011415
ULOHIN	0.30850549195805455	0.21251317556796046	0.09346424574741864	-0.03956341310820964	7.660636736337446
ULOJAH	0.29170855661398365	-0.052473589653751734	0.14743960460965239	-0.025707795428068614	8.13695789785081
ULOJOV	0.2882928524663302	-0.004417126142922861	0.14379150513618477	-0.026649526463528916	8.013316365249503
UMIPEL	0.28262378932678844	0.07334156560463706	0.0009645608433260233	-0.0365592280611919	7.563808423534882
UNIDAX	0.0024978861670006403	-0.09830734503685964	0.09882315338477161	0.08149415735406991	8.022604452729572
UNIYOI	0.1423943852255385	0.2243042310672484	0.09371502452584138	0.0022252769208106205	7.49714292914887
UNOLOZ	0.010451346723385768	-0.06165517179239133	-0.07854790690250096	0.02268872207982025	7.430863127906606
UNONER	0.0644079994990796	-0.14522767596251507	-0.020795568108253393	-0.060664819274951515	7.705042595813118
UNOSUM	-0.024043387399207194	-0.3593320536429575	-0.07159017060853284	0.011953785339385542	8.23545496110613
UPAFAU	-0.25610491967298854	-0.10203812780338564	-0.1063291116292635	-0.02425361709145349	7.364702037006443
UPAMAB	-0.25402643547325443	-0.11522968289754043	-0.12796950472677493	-0.02345604518982787	7.37933175195977
UQIWAT	-0.04516162890302322	-0.09144773800772682	0.1088477916216877	0.12394757098395667	8.153331881975369
UQUKUP	0.020217219891325744	-0.1289196218678691	-0.09149957812215198	-0.1060548491062962	7.4548554789081996
UQULAW	0.024791868595980038	-0.11368278381661495	-0.08961362718467314	-0.09684584073747718	7.439211885786895
UQUSAD	-0.01390920561202158	0.032935661477026645	0.03515806897229587	-0.124145963385947	7.246758956287743
UQUSEH	0.02203198525007055	-0.2677602439912279	-0.07884161640255444	-0.021449242926648474	7.9535620408652195
USIHEK	0.26662088605498235	0.17335822846608454	0.07669358528555617	-0.0633476847325054	7.502276369409586
USUMAY	0.17871551019387555	-0.24642611170548367	0.1415373686628469	0.15592159138575434	8.593464397653833
UTAWAO	-0.12034442917882737	0.10798748309690931	0.0745606139108902	-0.077484414590996	7.386973626683813
UTOQAW	0.23797130770780184	0.134276876344131	-0.039351677093114934	-0.04588632565730312	7.391189337985406
UWUKUT	0.0003190513858468691	-0.2125110043298486	-0.02164423308512592	-0.09515619995285732	7.7593724724119735
UXIVOP	0.30922667807234516	-0.09211672165214577	0.0988015403611232	-0.03647781138626076	8.169977179919824
UXUBUN	0.041212825611089965	-0.20370042031037516	-0.08715668579215696	0.0001482078574288198	7.610582135327073
UYEPEU	0.003055364362727797	-0.18976511448539657	-0.020430457467949664	-0.09612144384004603	7.7085222661651
UYEPUM	0.04839541361073829	-0.04388182639658389	-0.07200885558048781	-0.014600273331237021	7.409055888481385
UZAQAQ	0.1736397960050371	0.24808696452756435	0.042916797762798664	0.021670820958241632	7.333170405194204
UZUJUX	0.16160789690643673	0.15943847856472082	-0.024445021648949433	-0.0996225724245555	7.195857813629892
UZUTOZ	-0.006708871073091149	-0.16769612841202391	0.024092730664874218	0.10098440340700085	8.095283062355472
VAFTIF	0.06081258515925603	0.04566413926706829	-0.11670983450721628	0.026974062435846664	7.344309653785452
VAKDES	-0.17602029619827286	-0.09225753688045846	-0.13527894954383574	0.06669755609886653	7.335871601302811
VAKKEB	0.011364874707084915	-0.27399886204869334	-0.02497477584534674	-0.03433944320604433	8.040977362455463
VAKWIQ	0.2911467392244007	0.0753913952556121	0.08236387907778572	-0.0790556609283957	7.799929245469432
VAKXAJ	0.06950451168286564	-0.06156874300571061	0.03720827734346743	-0.08797217155937465	7.7990778136187515
VAKXEN	0.02508519479007143	-0.12844436240501417	0.08614351195060357	-0.05312104158130421	7.953030261831187
VAKXUD	0.0652315427680592	0.24235202711205467	0.014773472539350768	0.053242232254153934	7.299748625461072
VAMDOG	-0.29119257524422526	-0.11846902497684153	-0.11480273276316821	0.014669376097467116	7.441934433744859
VAPXIV	-0.1886213107869441	-0.03448366701497593	-0.1328328752780935	0.07524643193149788	7.328795414646639
VAPXUJ	0.08493096078231988	0.09449845372507212	0.0024079775731395137	-0.021625344280195066	7.243088122170184
VAQGUT	-0.2789000264820798	-0.11365085851463624	-0.11393634667703878	0.01533480055030561	7.4321200569498975
VARVIT	0.31927067437084533	0.5178604786170868	-0.045725635752265736	-0.013302399814629232	7.110875156838437
VASYEV	0.09357286385809571	0.16883271250104517	-0.01842802387308845	0.018080813814322208	7.30662919348003
VASZUL	0.07540932267730716	0.2327448543227186	-0.037152680967639407	0.036007105402187836	7.397413446247366
VATBUN	0.0022753934838246614	-0.16416302363412522	0.13332732681093962	0.0667688727299289	8.21898233208218
VAVMEO	0.0426452073965895	-0.21417617601317906	-0.05928344676747266	-0.05830408887653776	7.7997265842407035
VAVYAW	0.22053106587079663	0.3388773559701199	-0.03194660989061329	0.00771436332665551	7.189576554630699
VAVYEA	0.05391402237319065	0.030055238267685955	-0.0762521046165387	0.05016352059398449	7.489024201121725
VAWSOF	0.01091984855884176	-0.14728263063392688	-0.02944013314015914	-0.06597304817868901	7.503386493586819
VEBKOD	0.25721287736596166	0.15422051039546772	-0.17053650012228172	0.014796007951443431	7.392603564921856
VEFHEU	0.3246140850409751	-0.15812760819415372	0.029780419897787513	-0.04046939740761277	8.178067189562208
VEJRUY	0.08821689471398697	0.05189496512641811	0.111534568592574	-0.07600352251000503	7.60943209910318
VEJTEK	0.040798104967474824	0.3187866627563583	0.13452608758358353	0.24198982252684145	7.815179704823929
VELJOO	0.05419261577857659	-0.12469376614521122	-0.02415656253370213	-0.04225912362270019	7.666960500801614
VERVEW	0.27721308294050795	0.27948844048094224	0.20905625678141646	0.11833950026765243	8.018193025996029
VERWAT	0.07953769277127565	0.06749286971542234	0.2795182132710745	-0.021485872893545158	8.083303330358763
VERWIB	0.3381510426225165	0.11733595954829333	0.28105577389526193	-0.048059393553891425	8.21835914912955
VEVVAX	-0.03814305679915764	-0.0436839528362859	0.081220265634072	0.01868528896098043	7.79283205342584
VEVZIJ	0.07106748687850528	0.08835190179565813	-0.09725011813281065	0.014065490434729946	7.384285610829407
VEWBAE	-0.02410190655727762	-0.004783579814724742	0.058299123979443396	0.082869277184988	7.737680896971257
VEXJUF	-0.21589464224324972	-0.10254436020137636	-0.13288786099631233	0.07830550199086722	7.372166611968595
VEXKAM	-0.1968449001464685	-0.09266322429615834	-0.13052303607244448	0.07492340043928912	7.345865164555858
VIBHAS	0.05225214616162477	0.0320554071084513	-0.18374542580349462	-0.13599043613822137	7.048002834478613
VIBJAU	0.04998674523132296	0.11431367688931626	-0.16275119173665592	-0.016726093247530757	7.0501272532474735
VIBQIG	-0.21234797605625522	-0.06655619752997444	-0.09938294633400563	0.008665428583187522	7.337716872361419
VIBQUS	-0.20839118029460701	-0.08697296867833337	-0.10448889047860183	-0.04561280705806922	7.32738582804794
VICKUO	0.07614539192171632	0.051139485475769186	-0.029294820487287154	0.03607519646583077	7.550564318111168
VICLID	0.06258636784892913	-0.0014378072096504213	-0.05585956816008586	0.023359814821256264	7.623065788481539
VICLOJ	0.07197799236341096	0.04793099268519885	-0.06744411769664488	0.052287625262629735	7.563696722299392
VIFKUQ	0.11768055160067137	0.3074812288028406	-0.14556650082446038	-0.033601999578051475	6.9649879280208244
VIJZEU	0.12100972848411606	0.15870080435645872	0.008004294185498612	-0.012769092128625814	7.36568815602244
VIMSIU	-0.09671711217688372	-0.08075078587443968	0.055603743228332614	-0.0532891505528693	7.630895475858985
VINVEV	0.2865855255303962	0.10129209512817325	0.14991960113158692	-0.0653239929826912	7.78522837653747
VISNAN	0.3091508240211538	0.2393769658859511	-0.009637342289420398	0.002818065887947155	7.457144794286043
VISNER	0.30952963919842746	0.21864169002633893	-0.03089054421463408	-0.002990486604043982	7.454216927088252
VIXZIN	0.32128321585392916	0.17366091588026317	0.07655707999853886	-0.06857918399084562	7.5460324763664195
VIYBUC	0.08803532215442411	0.057653018812783396	0.07710358028289915	-0.015902752130999162	7.681245445948621
VOSZUB	-0.12070864392108005	-0.0001291414234427246	-0.15698810678890174	0.045073115697821006	7.175965963628322
VOZNIH	0.270663466093938	0.2281982443323498	-0.016413481822185383	0.005427267837982544	7.602279226160611
VUBYEX	-0.10934805918329848	-0.007955621432951143	-0.12230969649741963	-0.03696679509516734	7.085707780553214
VUBYUN	-0.017560363437131077	-0.21994752002454238	-0.10170879689154805	-0.085473068148328	7.688437781291517
VUCJEK	0.02870708086896334	-0.10463736856077424	0.0014469338030506929	0.019511629661143927	7.551756994936689
VUCJUA	-0.024539269458261792	-0.23635029046895645	-0.0837456559895215	-0.01648658472695154	7.690803671689663
VUCKAH	0.01706271089546796	-0.11410842129000637	-0.016630428835066213	-0.12654158652982006	7.42921782304813
VUCKEL	0.011090074821785478	-0.21213250939642114	-0.07105488687664041	-0.013192565707341508	7.613845649339524
VUCSOE	0.39683719147281815	0.33555014076484746	0.14117561354836575	0.013104479941174856	7.758548238170981
VUDGUX	-0.12983586670076308	-0.06469748538319439	-0.12894134797332318	0.05516245035281047	7.254098177592759
VUDKOV	-0.028905777273359412	-0.17120852344452908	0.12285853581114285	0.0215610096029049	8.138259474452399
VUFXOM	-0.05889433026629165	-0.28108354448666084	0.10280720388943962	0.17353825012221846	8.498825286620118
VUGLAK	0.3605623778159486	0.14955218595154815	0.014973067909887311	-0.023279256863645417	7.588094567139345
VUKTIF	0.018644811505698744	-0.16933127206741116	-0.01246751290708098	-0.11247991445737354	7.648532259557123
VUMCEN	-0.027095575051620635	-0.1942539323261322	-0.021406166025924184	0.09194253964841503	7.995387092058815
VUMXIM	0.034785029313656235	0.02324099167344909	-0.10262647323687846	0.04359651131346699	7.478265998687383
VUTWIT	0.09072442059424679	0.06973903865031272	-0.13445650186504743	0.01368303517787866	7.261926740582469
WABRID	0.03719440544896058	0.10252237423901574	0.05408984567475178	0.09148832519255327	7.607182694265661
WABRUP	0.1143466607368393	0.23279915549037744	-0.15018072319439796	0.011382750572500495	7.00248284455714
WABSAW	0.06141877095273296	0.1639593829062364	-0.028041179954491097	0.017605158977358766	7.302561979956908
WACFOY	0.060429536761258174	0.1591725256745875	-0.05354660140014805	0.12090343926695801	7.36564446104662
WACGAL	0.060009304886975645	0.16563963353449968	-0.03415015031488444	0.06381967259570631	7.336161256084292
WACWIJ	0.0444835510854964	-0.02612774613003746	-0.11907681755481869	0.04884702340507066	7.561254812290443
WACWOP	0.04580711752243838	0.04324069508484189	-0.0787646355703836	0.043657030494544016	7.441151038724929
WAFWAD	0.28444644672859765	0.04938156494339044	0.09668039219724626	0.053323332232689064	7.9045644978938805
WAFWEH	0.017664859216314888	-0.2625478352146947	-0.020687789152404074	-0.03374564542606842	8.01656765283119
WAGFOC	0.2834571014301459	0.0585387154465315	0.05562375163411268	-0.09139245210100241	7.6016220871213624
WAHHEU	-0.06696317094871906	-0.30890339415473705	0.031042831816558897	0.09710547891264315	8.406592430235856
WAKLUP	0.16971868621062702	0.4393513235128989	-0.22128461392169674	-0.019906919896956032	6.584079655280919
WAMLAX	-0.09074871923264283	-0.07194453184057126	-0.04817653459199195	0.05972346655925774	7.58165480919645
WAPJEG	0.0584638987111199	0.021274231371570237	-0.055893053341090126	0.05444179579874672	7.5335341743726145
WAPXAO	0.07254055310989527	-0.004496075937395344	-0.05094187485819002	0.04964130779904895	7.597910616610811
WASQUC	0.12399029548971052	0.13831402741168797	0.16664158205130025	0.07982996432063173	7.898460663422643
WAVBAX	0.2220388022415407	0.169768912244184	0.17507471507712635	0.0025291793222573106	7.711093411910881
WAXKIR	-0.012918314280204957	-0.22726125456383883	-0.0572354593669373	-0.12001656291968427	7.737177419785072
WAZREX	0.03500245335468266	-0.031954100667012625	0.06407161708372253	0.1402668289189447	8.058122792285609
WEBQED	-0.15192552742613508	-0.049698620889357364	-0.1193821214484499	0.023898350135318186	7.222360504323789
WEFGOG	-0.02481572019631262	-0.2677227193523992	-0.02759882469373301	-0.05948093235008711	7.955534567745351
WEFGUM	-0.024518417102011636	-0.267551409065954	-0.026755569164494397	-0.06347872616780881	7.950638296474326
WEFHUM	-0.1797233122865185	-0.3267689343002213	-0.03137057278544064	0.09526229887584285	8.25120206730638
WEMGOO	0.04225406573223234	-0.08759944151704396	0.042132881717131476	-0.03916346079427402	7.728754718227996
WEMGUU	-0.010965483840929213	-0.2756623780336517	-0.06762978720433632	-0.0721958534373798	7.9044916987097915
WEMHAB	-0.002385650755252211	-0.17278016406892704	-0.10396001479289024	-0.03512839609330559	7.655111340466329
WEMHOP	-0.03529356241318027	-0.3174232245184295	-0.04209932042623149	-0.06349936487342633	7.98165482356279
WENKOQ	-0.11762847657478748	-0.036242966038713215	-0.106981352681503	-0.05308921979698272	7.191906992779582
WEVVAU	0.04989640340772672	-0.003834714375023307	-0.06806578325776658	0.013005483326266963	7.464229483102807
WIBLAU	0.29306902978143556	0.10736505446579177	0.10450996885635692	-0.07882960869381378	7.629623734195524
WIBNUQ	0.29811501593954715	0.14832387081974868	0.08334853492969524	-0.0923825801742039	7.49811716657372
WIBZIT	-0.1915445263645914	-0.10560608990908782	-0.12859523542825896	0.08457584693819167	7.411827124283484
WIFFOH	-0.02119206468094248	-0.25691762426158704	-0.03331692688967541	-0.07014185744645401	7.905243177433817
WILYIB	-0.26580383861995704	-0.1206759563269853	-0.10464858133051497	-0.015864938997534758	7.445973452576476
WIMGIL	0.01359369058908122	-0.10060279212625806	0.11712084691242432	0.08327478592006204	8.067538732292709
WITJIW	0.2995887110411197	0.1793515370812401	-0.1810097889869382	0.04707042267449399	7.304582178549205
WIVVOO	0.25791374121587163	0.054870734853028444	0.16374184194777366	0.00018283452708561798	7.915407384301801
WIYKOE	0.005841943279603079	-0.03418667866059269	0.0926845002938895	0.13264169085647914	7.957526611822281
WOBJOP	0.06779803212081914	-0.043588741877455345	-0.08987383420308148	-0.05428560195484035	7.521999297743221
WOBKIK	0.0754251080919981	0.028203136964671804	-0.06885742290158148	0.00914260192241801	7.4830165744668475
WOBKOQ	0.06808028891436768	-0.018874628356879114	-0.03667361905645666	-0.02675401770397859	7.576883214055382
WOBKUW	-0.019153226002294854	-0.2059850767599104	0.028730071494838	0.009382447474931561	8.078898911516859
WOBLIL	0.06699836652379476	-0.11488451068162359	-0.07006914395154729	-0.08872679531103117	7.659168003142761
WOBMEI	-0.059001411370994905	-0.30213681507788465	0.024332037863040057	0.15814216876763784	8.356989386411803
WOBTEM	0.061995082736214346	0.044181092936036934	-0.08059573191107655	0.0659757549931294	7.569744186982192
WOCZEW	-0.027675242351056006	-0.04974439843710399	-0.15214673007904045	0.13779239762249418	7.6428875143132515
WODCIC	-0.012488694111321141	-0.05122890107971839	0.0019155500621045596	0.08708213128357986	7.763127742656283
WOHLAG	0.24291623905984006	0.4240578202338715	-0.0442899157623457	0.0784234857604483	7.361148321442181
WOJJEM	0.06190163277191063	-0.0006255328119676717	-0.0792317219551657	0.061061908900700027	7.528275936456312
WOKYAY	0.12499958703117153	0.0906179443520922	-0.07994363999504117	-0.012676077320859028	7.333717924060285
WOMYIH	0.05773659927792929	-0.028498079161928147	0.05105313349267204	-0.05934662034040178	7.583315389468174
WOMZAA	0.04269845092995217	-0.08079600662244743	0.09225073137649928	-0.07966860219983318	7.751902636059197
WONYEE	0.008681466621236034	-0.1763349626572035	0.03147448237475947	0.04348031082617341	8.053689826343707
WOPBAG	0.10054660239995394	0.0685707697245577	-0.024236218417491212	-0.002271451450940473	7.4595841452269385
WOQBUA	0.04690362057418218	-0.04910733510131904	-0.016561571089033694	-0.07238007057988344	7.4376979409130355
WOQMOF	0.06366397163492499	0.01726637535402581	-0.009378391322710289	0.1955773009682399	7.8415187712382055
WOTJUK	0.27677779153889803	0.37756897394182065	0.15531978741056127	0.008156980548962349	7.639594570651494
WOXNIJ	-0.22643870198339267	-0.0997034304558514	-0.09891587564404458	-0.01069595935170281	7.405232770321166
WOZLOP	0.03408119203991822	-0.051353457255447404	0.06713208298817885	0.011293556588670747	7.783956190105547
WOZQOT	-0.006155180659791704	0.034460433514016134	-0.046426880127968195	-0.09904858806172498	7.226586399933421
WOZRAG	0.0042420046521245425	-0.015311877404624391	-0.055113733289811895	-0.028599073544847906	7.407695812580365
WOZRIO	-0.009676198496574973	0.0446334515506711	-0.05341198924035895	-0.11955652717909904	7.187598162960491
WUCSAR	0.2840636195006474	-0.04298803041558011	0.226063321017505	-0.003297225452200195	8.270025848348148
WUKCEN	0.07032936783725008	-0.14134280427850837	-0.13643314096617531	-0.08492083375973247	7.505296227106643
WUTLEF	-0.08290051211701943	0.06061828061598151	-0.11338680942708496	-0.10147076674653382	7.027417336951948
WUWYAO	0.013215244400733184	-0.18995243228329123	0.09631625390125902	-0.013659859085920253	8.098004528349072
WUZBIC	0.22582660679509425	-0.02935320075669015	0.15295707875332484	0.09513041164508589	8.18373074024216
XABMIY	0.3642681162262824	0.32154461828523606	-0.038152732626617114	-0.012401217984983517	7.389542734163581
XABPOJ	-0.14230254614121174	-0.04442580462124043	-0.1342589848721505	-0.07419390449758526	7.160796528017339
XABPUP	-0.1710958070636699	-0.07081176307241929	-0.12399962329245262	-0.03936252412699938	7.27410526138393
XAFFEP	0.30503630357910394	0.06428102404619701	0.05254885377151225	-0.08426836321953887	7.7237462018485195
XAJGUL	0.03174038307226956	0.009292769410075508	-0.06916785023621724	0.024883644066741505	7.56586477171224
XANLEG	-0.23068063469004496	-0.011317983384304786	-0.18351610780453464	0.12062052484866016	7.3497943384405575
XAPQIR	0.07704648520217772	0.02256281032916163	0.16590252114139947	-0.07998784661311728	7.76920922316085
XAPQOX	0.07068196439655017	0.02990762949714404	0.17363170604079245	-0.04263411285102012	7.77512937130598
XERGIL	0.056210397079003105	0.07286002427102434	-0.1558105500171909	-0.0011270577665423165	7.182953797461886
XEXDIO	0.06291869680224638	-0.0012071655949409121	-0.03620069049045166	0.06188328339905073	7.614428550429312
XEXZEH	-0.2073614015949783	-0.07971736187172818	-0.10916214160200499	-0.011688303730920058	7.371815849235673
XEZNID	-0.2362734117142664	-0.12467196193734464	-0.07356006213055066	-0.008171931504239588	7.53882051766894
XIHDEB	-0.033055251797079244	-0.31441601727199847	-0.1139841554895773	-0.04188166909249558	8.003328966843224
XIHRAI	-0.006296344005628729	-0.14664679522553875	0.1100255605124388	0.14609620205162532	8.226150892698008
XIHTER	0.2357841747287721	-0.11828327356046059	0.16419730386561676	0.028191661024240068	8.293195471716347
XIJWET	0.2946676146335512	-0.09497690551273466	0.005256869557769439	-0.07763558193974188	7.840640187354143
XIJWIX	0.30696189532904805	0.029111443185935934	0.11456693120486987	-0.07310413011110539	7.8662572716159085
XIJWOD	0.309455967315603	0.048627445989927146	0.08703148520796203	-0.07143223263331097	7.783226610335173
XILKAF	0.31763972449390954	0.2591253431115527	-0.12176766023077945	0.007864024826574667	7.338562356193866
XIPZAA	0.0602176059392856	0.04064168803547791	0.05068864405122561	0.051824832908453605	7.654425956556593
XIQCEI	0.20816040222215237	0.16776579591893476	0.07614414336590322	0.0498008877193622	7.565070480566906
XIRJOY	0.28557481753022396	-0.12514718866736035	0.1960817031329782	-0.05837981052570895	8.347668086187012
XIWSON	-0.001861470351799177	-0.18146487581112908	0.049075832866514624	0.07564630542667158	8.09864103424698
XIXREE	0.07522459244906754	-0.053781927352107406	0.06137537049037703	-0.0044397897475175335	7.76932829682678
XOCREO	-0.2275388082776355	-0.09688754727050997	-0.12825896385738755	0.04104950772897243	7.399466074900906
XOFDED	0.005200611245836484	-0.0411573894229246	0.0023047118868915473	0.09175015224998556	7.743347247956668
XOHTOH	-0.08871459891094169	-0.10599959102959128	-0.05392203999692663	0.11026333748137418	7.7511280883675395
XOJJUE	-0.04735764878698667	-0.2859995802999806	0.01088924293897453	0.145856576007371	8.253440860553804
XOJKEP	0.008963500363204702	-0.04461665736332868	-0.04640748825441937	0.04023873595366458	7.535191544760773
XONHIU	-0.00680843707476031	-0.184404382706377	0.061293176482523026	0.10084563245115816	8.172361446517838
XOVBAN	0.020747196212150154	-0.2763977989204911	-0.07783150041548037	-0.024221441544314964	7.971581457703553
XOVXOX	0.05450052390664739	0.23315652792195693	0.0037433859755730547	0.07250544035522676	7.533586232217145
XOVXUD	0.2842119992331731	0.23000781451246227	0.04066099676472823	0.021806980000596013	7.620590230397384
XOVYAK	0.1225822929955167	0.43410526681980555	-0.0199181444075954	0.009601543447875074	7.102500880135568
XOWTAG	0.01493847839421747	-0.09695416392380446	-0.01905700973324853	-0.02538149185716261	7.666089757662161
XOWTEK	0.02086246345350018	-0.05829487490719934	-0.0034041562193191655	-0.020332374507711012	7.620944772530488
XOWTOT	-0.20851518032258642	-0.0871610280094956	-0.10350853461044285	-0.0043081669722080385	7.401699185684253
XOYDUN	0.0369463842334361	0.03069810282280544	-0.006798238648897392	0.02711288353461696	7.5930929943934915
XUBSOE	0.0051860614215564205	-0.20763383285232329	-0.09584428860563438	-0.19105193336115756	7.5552457825759625
XUBSUK	0.03843219277761589	-0.038012925818703525	-0.04368530002117643	-0.0371954212591047	7.413160935163572
XUFLEQ	-0.025794750053536486	-0.21761679200693673	0.0920490709920711	0.021606007334226046	8.20286994182162
XUFLIU	0.001810045410657768	-0.027846548090713852	-0.002835208034172837	0.07811290693962568	7.683477075838274
XUKWAC	0.044075503097953384	-0.16836772092956154	-0.022940081520612415	-0.10481430056263491	7.7048901366001
XULPUP	0.040455641754593596	-0.0899435078841003	0.045160477189751	-0.05731951174052069	7.71059668876396
XULZAI	0.1823245181268649	0.2742369853989116	0.07939186067532508	0.027097644210920542	7.424961788399138
XUNGOF	0.03500518791449059	-0.07534308894093517	-0.09782243274797842	-0.02832227209930878	7.387303091714787
XUNGUL	0.07795882432983126	0.15285735114903545	-0.0959900409629606	-0.05521888342914699	6.993379162328412
XUNHAS	0.01872727527898066	-0.12013234189904715	-0.02358252125516133	0.0512687905810386	7.765192514802308
XUNVIO	-0.15117242072385872	-0.019229471042657875	-0.11210437354947078	-0.02188308049307046	7.111210377810294
XUNVUA	-0.1580631376662769	-0.010215256047812038	-0.13397534835035413	-0.055719704066133094	7.0524248676639685
XUNWAH	-0.18548816739738605	-0.012882309132014769	-0.11798061696836476	-0.03402573469144418	7.166184440891068
XUPJIE	0.020040899090750575	-0.05635409335861841	-0.06955845622429019	0.06362296297214855	7.739721914286802
XUPJOK	0.019428496921522598	-0.0587455668849125	-0.06642024272958214	0.05896431056877248	7.73915822352961
YADBIO	0.34190646218940435	0.5153696593221341	-0.2614791503880059	0.0037964188685009337	6.872162817209682
YADQEB	0.18135186625566435	-0.24282502498979325	0.13626870301898142	0.14950815175966936	8.55695443301891
YAFXEL	0.10346694679755286	0.2255192218209947	-0.011712920121590586	0.07655472778573365	7.360761090347661
YAFZUD	0.11729893981204098	0.1251575279348427	-0.041586338602196404	-0.02760335009124923	7.339976752138655
YAHQUX	0.053405943473747275	-0.13231088787162903	0.047889964060706	-0.06519812076070508	7.819498932295096
YAHREI	0.06548317469814835	-0.052173153751934265	0.12009135480575676	-0.06940645744068616	7.824786157779517
YAHYAI	0.08055692374826107	-0.00787421938875052	0.021202677394716762	0.054297553210891754	7.710618876781403
YAHYIQ	0.06774639620653877	0.1430494873714679	0.12063905034561793	0.01604059494242218	7.530751333808772
YAJYOB	-0.23111727128387516	-0.6037356343103568	-0.08720236434180934	0.06204096755340144	8.91895343218334
YAMPEJ	-0.013347271042892128	-0.2602957789995187	-0.02478762005303356	-0.06755910115987135	7.872628986110086
YANTEQ	-0.008113679925487727	-0.152034697521995	-0.056482664200565635	0.04577122163206657	7.635911067930847
YATVIZ	0.02865615681419209	-0.14491978236929065	0.07895946421714695	0.14824868267033076	8.17179245990003
YAYCIN	-0.19178059531502933	-0.07188512398029842	-0.11447417021957562	0.06171794455274374	7.481872922169104
YECVEI	-0.17513690361125756	-0.007202095353624982	-0.0872402217825779	0.06120960669898726	7.315786951360453
YECWIO	-0.15042617030717986	-0.025645645935466532	-0.14455343529203818	-0.04361811194331737	7.18093614212041
YECWOU	-0.1555524990662449	-0.03004444971851572	-0.14956072218230188	-0.04588806400427335	7.179820468160805
YEFFEY	0.37323250000263597	0.27171470959411637	0.08461610727179197	-0.05457931359761979	7.63375102220092
YEFMEF	0.3606292709377432	0.07517982775702725	0.12117854500188553	-0.1070087381910807	7.840148940302045
YEGNAA	0.23040398977856968	0.0009296938918880726	0.23531454202970448	0.012482317309728062	8.206761040568926
YEGXOY	0.09568314205733186	0.31329428604816556	0.058337954079813875	-0.022599362129386125	7.277138190003681
YEHJOL	0.37055087116290464	0.38328871968565725	-0.21058850820960434	-0.04000041764017416	7.098359167788037
YEKGUR	-0.2500860557301765	-0.06628935835716285	-0.11401126970330333	0.05118536718708884	7.4478017702422585
YEKSAL	-0.22581798286234323	-0.06455202295436976	-0.1252933398528247	0.03701026694542775	7.371255747264073
YEQGAG	0.06548249131995787	0.11091005519925455	-0.0724832446697471	0.014928506134041224	7.317327967546997
YERMAK	-0.16815680168144986	-0.06880973736657628	-0.1114134269893654	0.005722146829860164	7.329512407340761
YEVYIK	0.16722523287849134	0.20907645811581238	-0.00024350418892676862	-0.05723584035479384	7.169631827398825
YEZPID	0.24743571757520622	0.2816142087364586	-0.09369141911461165	0.027126091786589403	7.139003306806182
YEZQOK	-0.13613950868161773	-0.0535400563956418	-0.1123441792135102	-0.04655399504604457	7.230397020896444
YIJJOR	-0.30824661916647633	-0.12268545626696126	-0.11085745349440312	0.032507320362024805	7.512353424131346
YIJLAF	0.0002604638142096327	-0.20475940409489635	-0.032224181363134596	-0.09086580909486938	7.673911216620556
YIJMEK	0.29176086740149687	-0.05128544613114283	0.14771335470901403	-0.025401711397551707	8.136141203344197
YINFIL	0.3131812434161563	0.10017640170552275	0.13594387942072397	-0.0636008732456872	7.819964971891227
YIQXED	0.2127676426348386	0.12037235059766066	0.01589968366595551	-0.04785913603432314	7.413687378912106
YIZQEE	0.05225158770664917	0.00639830727859661	0.059909663463052404	0.048460455151116355	7.6810123220594875
YOBRAJ	0.29892410755202237	0.15113125397681654	-0.14042652165576786	-0.15463267346025333	7.098651180197401
YOCKEI	-0.23443391899400412	-0.0873213452259817	-0.17047220935816093	-0.036395382599457723	7.2792418226377205
YOCPOX	-0.2740561910413173	-0.13414497883158	-0.15624593096492	-0.05451528846864667	7.388973723689069
YOKQOF	-0.12781968530472199	-0.04314908446418145	-0.10823084503002645	-0.04073015086022076	7.224526694851969
YONBIO	0.012242129491450982	-0.09537101105830514	-0.08192215957132182	0.01930005721310641	7.6329641983934025
YOWTAG	0.3565831072583925	0.33898237278312204	-0.017283774817882513	0.0190477432464291	7.476322912472464
YOZCEX	0.2723744323233226	0.4318332034072908	-0.18679195044592978	-0.01373725989840012	6.936945000332117
YUBNUG	0.09031388241666649	0.2502835442157551	-0.03605950581213285	0.0025968685929320806	7.0753877682038855
YUDYEB	-0.010345059147573554	-0.21843376902295703	0.045309040202135026	0.038580810069905866	8.135768609811748
YUJKAQ	0.12729306590833955	-0.0012994955634577088	0.0883069446520238	-0.08331133493812584	7.657550741210424
YUMTEG	-0.04687449305341307	-0.3730866681318862	-0.13686876596509667	-0.1303582423672042	8.077250419504063
YUQJAY	0.05036525793238722	0.05095907219995753	-0.19359135350955026	-0.1316704977375094	7.030527233114774
YUWHOQ	0.06310838892709869	-0.07390796894411558	-0.015970544979539703	0.10227710083018218	7.83204214841921
YUWZOG	-0.008269064151446237	-0.28000530034265025	-0.055811523257833395	-0.05511853529088839	7.901775666439883
YUXVUJ	-0.029624930067115862	0.12509720528382243	-0.09914903171388756	-0.018518717319434455	7.031985981298294
YUXWAQ	-0.02647707418817813	0.15623218097284147	-0.07802881773972231	-0.036560642692224116	7.006236744916166
YUXWEU	-0.013426768440536918	0.20742444552410955	-0.06523238159569383	0.010942463985325897	7.061638015796355
YUXXEV	-0.03587828560693307	0.1184075329681805	-0.10875130501925417	-0.022897325993125606	7.0213541487705555
YUYKEL	0.16480576094565125	0.2964021552828754	0.07804295051226498	0.042573342369269726	7.389215127552263
YUYKIP	0.16308436039151486	0.2951201121359419	0.08006233269301355	0.04548467790760914	7.395036909655678
ZAQYUL	0.33609001908798897	0.3623285705055388	-0.13389354172069262	-0.04650600292715522	7.04994694567043
ZATZEB	0.058251504817107946	0.007959310408688303	0.06585602325293963	-0.1084580704048847	7.496357414352781
ZATZIF	0.04755739198859521	0.07497702413468885	0.14231030605201406	-0.09314114540521942	7.547860276924249
ZAVHOW	-0.026170276623188382	-0.28258291363763466	-0.03970541232776409	-0.036194401015191724	7.981004480427337
ZAVHUC	-0.022865320812996526	-0.2716534890977276	-0.027628016775009284	-0.05901493351736034	7.923999105806915
ZAVNIV	-0.18804575014605485	0.013678774607760374	0.09396121529942301	-0.0811404243463413	7.513340476252334
ZAVNUH	-0.079402095203569	0.16837720100794915	0.12696756413732976	-0.09212607543314721	7.322001664488089
ZAXPAR	0.06899859398209474	-0.12336906183363555	0.001383426034171048	0.04605477230294087	7.845828559008633
ZAZYAD	0.05095907439311942	-0.20034626947333206	-0.021519557327738886	-0.03334928177374341	7.855160299403858
ZECXEO	-0.08817270779747899	-0.106724702199965	0.05165894932292084	-0.030746304209596967	7.709285209496992
ZEDDAP	0.2778309361688458	0.32329185843377783	0.08562932608439913	0.06816844808705268	7.67417561165161
ZEJTOB	0.019338663563825076	-0.06774948992520405	0.04980083653003334	0.03254978428806517	7.824411248965265
ZEKCAV	-0.13660563217222377	-0.08229041224509351	-0.11312251698770237	0.01492556765495371	7.265581994158623
ZELLUZ	0.03791228369650268	0.008292769815503365	-0.043716161411506305	0.040488282995817415	7.433881023369502
ZEQNUI	0.05238922670646451	0.010153941178148301	-0.0016956363715336098	0.03503107677712485	7.605096373996965
ZEQPEU	0.253634042850877	0.06854042347854473	0.0053683043336391345	0.06027692515133615	7.706075811583632
ZETCIN	-0.0051154750295498985	-0.15542053998774924	0.054771556215172545	0.11530342695736584	8.008851174599846
ZEWRAW	0.02569269417238962	-0.14259785332270375	0.04830579523629097	-0.07589226776040053	7.781890119298379
ZIBGAS	0.10652492588725027	0.4249247234362639	-0.15043550950170914	0.021880576084652742	6.761011066248664
ZIDVUH	-0.10812440012611191	-0.0007487974915026396	-0.08925294993482386	-0.09468633713414223	7.1302916807516
ZIDZAP	-0.01157894450493746	-0.14091508212616727	0.24557028730080482	-0.014781742530419889	8.383001642508336
ZIDZET	0.0040021063465687234	-0.10099810954100613	0.24209023305600447	-0.004656734289868111	8.295243595680246
ZIFBOF	0.13702145533758658	0.4232057181160686	-0.06991890263927236	-0.03506018287878156	6.9744732183398135
ZIGHUV	0.057538533921046575	0.19382873394321698	-0.17054030515866436	0.030593166683654208	7.157482028198063
ZIJBOJ	0.06873367983916934	-0.02241290988271874	-0.028932503606691112	-0.16045895382791225	7.424431646986033
ZINJIS	0.26676137712338344	0.10891057607109907	0.14032257649659435	0.0274827432140023	7.940602707483842
ZISDOY	0.1539907453333922	0.09740445250383428	0.028989116132061454	0.02717893263772317	7.506880654961353
ZISREB	0.035538284301135814	-0.1157270505927917	-0.012738959103167413	0.05326116497801747	7.826880158894605
ZIWCIU	-0.027043812239859744	-0.3190783389043327	-0.11591847987401604	-0.01833403344028464	8.046211370038218
ZIWFAM	0.1284637179821	0.3383442699100089	-0.07887481413044722	-0.001427143093856581	6.928296164044769
ZIWJUO	0.07953758393876109	0.11831237705986472	-0.17663195794795328	0.00043930577357312317	7.096364841381762
ZIYXOU	-0.013575654159784012	-0.1472764844805423	-0.10233845908723388	0.04181564548352096	7.675022195295682
ZOBHOP	0.00749737007437945	-0.18472667575127155	-0.04261619386650817	-0.06131818109994236	7.712337277335866
ZOGJEK	-0.18738872746025326	-0.45456412529360335	0.03089635693595358	-0.0002693751755347418	8.572210345098886
ZOJLET	0.03853107505162923	0.04237672200327626	-0.1133509593713175	0.0628812176488773	7.368871148198956
ZOMCIP	-0.25262108732181865	-0.06904561848376242	-0.10332741851493932	0.024999669048040574	7.389343017408206
ZOWSAI	-0.19379192533668332	-0.03855708848111358	-0.1639657186696905	0.007183541937739554	7.189613517546322
ZOWZUI	-0.2787838443923425	-0.0725110531480285	-0.07460389353281077	0.037918502772450076	7.507477363292422
ZUFLIX	0.09121970951817504	-0.00708036538173995	-0.027674746347490647	0.01481025717528682	7.612249670226946
ZUFLUJ	0.07828548980003314	0.04171677641481292	-0.02569495617213327	-0.019763417054645238	7.476429906111973
ZUFPUN	0.09375422897899321	0.05779099953069783	-0.07250056069077954	-0.06510483035284553	7.2426383960503555
ZUGYOP	0.064179965745081	0.006806950778228155	-0.09003970483165008	0.040542665621394344	7.469416789563189
ZUJSAA	-0.05451405582107016	-0.26186295974240337	0.10988056280856279	0.16758662421260329	8.455789745964491
ZUJSEE	0.057845137297928506	0.03989342763200886	-0.04585437242959173	0.04108076041562884	7.5636333087874785
ZUJSOO	0.0715431843226173	0.05919222533919462	-0.030435812176383192	0.028583280939463412	7.518800238569884
ZUJSUU	0.0797117302699939	0.06667742655683512	-0.05403132428456675	-0.00088335439650708	7.449546168451157
ZUNSOT	0.42970264694634297	0.15044500468853314	-0.029050019302028246	-0.06504917012278191	7.561623859794445
ZUVREN	0.02845629214569767	-0.1420087971912971	0.028661349831571953	-0.04670355340448143	7.912698479279891
ZUWRUH	-0.19129062444608103	-0.07503265383807001	-0.0703061095191086	-0.007695416829827079	7.4171940513020225
ZUZRER	0.018547482112195812	-0.07623076768711345	0.004870416725877902	0.08101077483142906	7.824283486212545
