name	pc1	pc2	pc3	pc4	std
ABEJOG	-0.27685329593788444	-0.14380279146071828	-0.06339590034214604	-0.015328599648154362	3.8611316321569276
ABICAP	-0.23528798759333935	0.28363831892777025	-0.07507933359946639	-0.033913728945620614	4.489352935669229
ABICAQ	-0.003282043435929083	-0.006577755521574691	0.09801895842548847	-0.007449536672205381	4.822459281538193
ABICEU	-0.002367707100110472	-0.00029604061647736657	0.09903208980475742	0.007788981581697607	4.841960340272919
ABICIY	0.06208731186551297	-0.03561402984328321	0.06127813198850007	-0.0013066772105063684	4.957325118126109
ABICUK	-0.24016339151780763	0.05807815437541608	-0.0012585558166477995	-0.026870377039313054	4.17221897712797
ABONOV	-0.12511265619761658	0.2121188239381797	-0.13229817082320205	-0.07847173984600064	4.61233870390955
ABUHUB	0.07084544268177284	0.09236279220478849	0.11897539483038932	0.023160966870593658	5.204560465945843
ACACEM	0.06293998654212318	0.46691482207461776	0.045802307557683664	-0.013435983668950047	5.723106287036103
ACGXRH	0.1058657580938358	-0.18364628483114132	0.03524931340333892	0.15022797214660055	5.248346799529834
ACIWOC	0.2899706103120705	-0.15888311271275568	-0.015898780286314862	-0.04406172808532216	5.52196036855261
ACMYCR	0.2478093560832364	-0.1324598865029345	0.09147091660366913	-0.03236169459717275	5.450615429856497
ACOJOV	-0.20059322034482152	-0.054540992152355194	0.07751261633014828	-0.030611636575346046	4.147344746496887
ACUDAH	0.30791439132574894	0.07918176067079274	-0.05454614788036505	0.010208157196773926	5.917554783556373
ACUKIU	-0.3049845532722011	0.24935180104227994	-0.12860753189883534	-0.07613151923821748	4.20040534248952
ADAMEZ	-0.01763353868541584	0.1115581724027348	0.0429791705486835	0.007476886267352545	4.893970751175867
ADEHOI	0.1314714819438354	-0.48760993729004354	-0.06162264753198743	0.046853733707913126	5.005752464816838
ADIRIP	-0.30380439931855596	0.05561439029531812	0.08617419856075181	0.05283968316875398	4.158926205388933
ADOCOL	0.264039950214773	0.22051614994643476	-0.05489604184447905	-0.08629185456294164	5.828091968140766
ADOXUQ	-0.23649257371906396	0.08857077331316177	0.0717154964079525	-0.029680439197041664	4.2369189382295405
ADUYAZ	0.19939686396793466	0.02495463820984023	-0.10770285954292991	0.002468822584466568	5.470597363521571
ADUYED	0.3101015736858943	-0.0022688967673882843	-0.07324182454888017	-0.0053738332438959535	5.814559025835358
ADUYIH	0.18909295578806606	-0.07056399639060018	-0.05502730385663224	-0.06693661917503912	5.21052596538942
ADUZII	0.09549142734169491	0.14509399968260928	-0.08032960632240149	-0.04056985623913789	5.231453783248643
ADUZOO	0.18361164036311584	-0.035704006729258886	0.06915074313173575	-0.08196278395718226	5.193588075162653
AFABIS	0.2167753424622525	-0.12198175907249009	-0.10636015863324078	-0.05590012660991173	5.30281344027302
AFAJEX	0.24435667117254978	-0.022308654544993534	-0.05241561104293502	-0.06945621659993939	5.46075532748706
AFELAY	-0.29677093737338667	0.14766960514275196	0.026390589918208418	-0.003866893073761868	4.185616819871495
AFELEC	-0.3219341868092094	0.11831101589485771	0.0017571381847008016	0.03241921023436911	4.132732087568888
AFUBAE	-0.10723186120340844	0.20191687137066427	-0.10279650119713257	-0.1104280710833353	4.609231334993993
AFUJIU	0.11365023561358356	0.06770410363213131	-0.09103748886015728	0.01496663744796134	5.248417607315481
AGABEQ	-0.24058936148946675	-0.009781761699580116	-0.07828089984592279	0.038128343535018816	4.1859886648971925
AGEMUV	0.1312501540137503	-0.14579543607578982	0.0640350221437389	0.029853042043104017	5.15774950586663
AGIWOG	-0.013551759165590038	-0.05550997386626788	0.018279395782982766	-0.07172443469572432	4.581915800731895
AGODIK	0.10056758689000533	-0.05181688701623921	0.1285901301163015	-0.04458732462353543	5.020061783876642
AGOXUR	0.07716547364760684	0.04672331700785781	-0.09869696661128247	0.11180440479725973	5.321943942586143
AGUKOD	0.06212768223654486	0.0010532291663460924	0.12970533263783857	-0.006221979947702461	5.020377480331943
AHAGOI	-0.22803009425576604	-0.032926008574739374	-0.017962940548607254	0.033122658707006036	4.160487808438622
AHAQEI	0.21800213369732901	0.1936640060342154	-0.09675212944959855	-0.029595332745620095	5.700711606428246
AHASAE	-0.200786534024046	-0.0933355554837596	0.1049078853902834	-0.054831204106670084	4.109409203144439
AHASEK	0.19207676652397376	0.15278719807524777	-0.09177918842421406	-0.044538431221371355	5.530435696327661
AHASIM	-0.25506638947755067	-0.00023963138240201687	-0.06306511636205459	0.0572695867939329	4.195129947675824
AHICAY	0.19981393961687743	0.20456866068962754	-0.04176794667736283	-0.022391683909148696	5.678236284417472
AHIFUV	0.04945932595341773	-0.053490121749605546	0.1568552701217758	-0.046754337045651684	4.872109993761981
AHIGEG	0.0816364897690911	0.06629289292022333	0.04787805374658283	-0.035959601089372684	5.093815523523491
AHIGIK	-0.0007414764761004555	-0.004486110527346376	0.052093257978631735	-0.05692324734201426	4.7167946040159485
AJAMIK	0.1048541958277065	0.46518953290869236	0.055766747552836726	-0.10147998835416805	5.752122932685608
AJELOS	0.2415429507465765	0.004096759861959676	-0.0583685591735108	0.01154385333938368	5.594799571501325
AJIFAA	-0.14471715886207526	-0.13291066591395184	-0.15471642018400145	-0.06192796064385664	4.17688617669743
AJOBAF	-0.2856013874839547	-0.12089121868145236	0.05831682854911446	-0.052818164022242486	3.8564943470627826
AJUVUZ	0.3550527132778014	0.10288739486795917	-0.048889250116409544	-0.06422369398388073	6.00126245725296
AKAVIT	0.1692363740612577	0.3323236905473195	-0.03418432356651646	-0.09088134211623355	5.692005822419957
AKAZAQ	0.23423497696830253	-0.02440428404105388	-0.08583287613906476	0.005647424360717079	5.529237141814672
AKAZEU	0.24154534157057883	0.032956463668677216	-0.07833687457053928	-0.004561451132671479	5.6016531727447045
AKOMAP	0.09788620147006544	0.2567256086534737	-0.024277119045105877	0.05529308439166203	5.53907123836185
AKOVEC	0.1146370961644072	0.09125378284335328	-0.1072658591296789	0.0069641456887615805	5.271231760889873
AKOVIG	0.10843351913319044	0.15809687168159137	-0.114906682444605	-0.02473454860817259	5.296003817288213
ALAGIE	0.0651964688526574	-0.08631164421886339	0.16006278178196576	-0.025883658253106234	4.911469420400631
ALENIQ	-0.18407378896793913	-0.19203978762868723	-0.10057352212072757	0.020468009605845383	4.129591822039488
ALIMIU	-0.07004009587584381	0.007362193948933005	-0.0037619938704946954	0.10864591920487843	4.811957340671478
ALIMOA	-0.056949975818617826	0.02499253054530559	-0.0017337493343521082	0.10386777982750406	4.867891856450998
ALINIV	-0.057084381253834415	0.02490223129672886	-0.0015184411915383222	0.10409885034981559	4.867660670925987
ALOMUM	0.12035996314817243	0.13570613313153368	-0.08249383368482222	-0.008496979765055812	5.321802772353827
ALOPOG	-0.021898544645957863	0.03451737921385423	-0.018153853383731322	0.12857075985944733	4.978630841801977
ALUYIP	-0.3382033265607205	-0.03557442416192469	-0.0248455654447286	0.03926258053519094	3.89104387937024
ALUYUB	-0.23280966068009645	0.11123077983496454	0.0011788777438286324	0.09243397473985693	4.447528502740697
ALUZAI	-0.3264764775612288	-0.04613932879991811	-0.027213783554698168	0.01359230177809001	3.8711486359239093
AMAYOC	-0.3230206760998664	-0.13339022897097563	-0.05033039967281128	-0.01791985119308981	3.7781088547037904
AMAZOE	0.0019022715146133073	-0.12117245628412965	0.11909528505550937	-0.0189362988143722	4.700918818242182
AMAZUK	0.040197321934193564	-0.00832833876057082	0.16040087266011716	-0.0028225680487646843	4.983693733460802
AMEDAA	0.05934513062951163	-0.18885476889740604	0.12818965362138424	-0.037202378771308275	4.801089312700737
AMEDEE	0.06018924351375521	-0.16813962266214721	0.12505586757458853	-0.040499393669442996	4.813977661360732
AMEMOX	-0.28665252542693254	0.15638523250500125	-0.038200645127311805	0.08654646786691267	4.366314308282975
AMIGAF	0.2267813008087356	0.4000273210612608	0.014279436864587325	0.0075389772310041625	6.173174073607817
AMIGEJ	0.2762493549415499	0.2520661654579621	-0.11028392556286915	0.06668199367260363	6.172213031167589
AMIGIN	0.07572536222999737	0.06904998703740839	-0.016535085905909463	-0.007620263050518439	5.101408229908783
ANEDUT	-0.05882562752367937	0.0821091034970749	0.06974324888274008	0.14867373359612635	5.018297858908041
ANISEY	0.09001772896743532	-0.1012414383645952	0.10046145645258764	-0.011654997860995442	4.991504345076782
ANOXIL	0.16023839560891107	-0.1492191366147375	0.10003424017337514	-0.06015678267821556	5.095935895580627
ANUDOF	0.25948633166280244	0.12096203633416014	-0.10867686552188704	-0.012997958655915798	5.759639655524389
ANUDUL	0.32918028791896736	0.11358084148452008	-0.11365299819181551	-0.01156161372484299	6.0015641677861415
APASES	-0.08942098318343428	-0.14957561703753575	0.06054794347339709	0.01051977186337838	4.4249087442418595
APINOE	0.269598247816039	-0.02399464921768546	-0.046587059740435866	-0.00017346353635916412	5.640703799076565
AQECOQ	0.3324703199264891	-0.07902493220310536	-0.05813562901442393	0.00783532457599545	5.818844966539127
AQESUL	-0.050887229948381574	-0.006792709911599637	0.018273794236808527	0.03215263678253699	4.7301952836780075
AQOFIX	0.1350099586306981	0.14749623701273373	-0.023611799686549473	0.024684342441860907	5.4615495198169
AQOJIA	-0.1469203888677777	-0.06338663054054239	0.09029014760310261	-0.10956582554478145	4.205681186864862
AQOKAT	-0.1691915246506046	-0.050974601558871235	0.06869857893160569	-0.05032247469293316	4.214924805602575
AQOWUY	-0.03838294265526354	-0.04445135481807938	0.047982616786473864	-0.05552565910987062	4.5655852306138485
ARIFIS	0.2505904571987356	-0.15434512297235914	0.03444429248289338	-0.027957371008299203	5.392633405684217
AROFAQ	0.07718441232181394	-0.038936229579191295	0.05924217676195109	0.05860957965545932	5.11733797003692
AROTUY	-0.0251936788855307	0.12360975855711143	0.04111968995875781	0.03657063559483953	4.93992891531699
ASAJEL	-0.04654834374090511	0.20119133714490323	0.0401121595789109	0.19340772487526514	5.284993291612066
ASAJIP	-0.06935223994638706	0.16732670784796522	0.03695029965702301	0.18688472354897046	5.155639848680766
ASELAL	-0.31172014579162277	-0.023606879830337935	-0.04979798739362429	-0.08217193367707099	3.815868659371861
ASESOG	-0.3647469109772168	0.010818202455654902	-0.10721514124249043	-0.015273171001957908	3.7810788857588844
ATABOM	-0.05985386097723744	-0.037230043546042424	-0.1575296185296291	-0.07268935736260396	4.4625488320215
ATAQAO	-0.39719488970393857	0.049341222929627726	0.10638566296541829	0.038263863986045976	3.9319008430695854
ATIZEK	0.09355201783524425	0.1068534368351135	-0.035840093716500654	0.08484605910708709	5.4114680085505515
ATIZIO	0.0770630014876712	-0.042616039581488074	-0.02173347093105371	0.04733865655091529	5.087307474637094
ATOZIT	0.01654380722635107	-0.12078402451161185	0.0055779606074619625	0.041068418349531455	4.800465891814895
ATOZOZ	0.10701103093309294	-0.08763448423505782	0.013344494228332282	0.051968714120850024	5.144225944988344
ATUDEA	0.07075533366092968	-0.13729651182618574	0.15025998162959198	-0.01623301326726423	4.892582310986849
ATUTOZ	0.03961376138737105	0.08220564711930445	-0.06675924295210867	0.07491473761841227	5.163332677644258
ATUTUF	0.1521024561345703	-0.06218881172197044	-0.14043540686385048	-0.034924929335686694	5.216681042632027
AVIKOH	-0.05265666241415623	0.2890961522414539	0.006103909988853129	-0.07967480649329772	4.946452184407428
AVIKUN	-0.040157177652713205	0.2991622002535972	-0.006383902294320842	-0.08213600040022995	4.9867358712824945
AVILAU	-0.06027193999726732	0.2646948073547297	0.013161650950302306	-0.07456507105032328	4.89142499843853
AVINOI	-0.25330636062121803	0.01946564067866463	-0.020747658436589544	0.02730256421160049	4.206429105019342
AVIZOU	-0.21206521610224716	-0.3400037585639266	-0.06423014518553072	-0.04342183844904568	3.8919164922144915
AVOBAO	-0.2106556839432936	-0.31084390032402154	-0.051639791544212166	-0.010892084161836513	3.9602420840204684
AWANET	0.19633212067973194	0.286317552408617	-0.06848560300373618	-0.0032542689338964648	5.8217767439427375
AWAPIZ	0.20002059168726793	0.27722430050190905	-0.06728246547554573	9.912673180312304e-05	5.8227060520497425
AWAPUL	0.29268925277519386	0.057612895064661274	-0.037103099926899086	0.04170783405567047	5.8994972828480865
AWOJEE	-0.13369501123687066	-0.012237789631811324	-0.05429356788125794	0.11405764505419591	4.608921688465142
AWOQIN	-0.07927750032272707	0.11721642516609831	-0.04487540735717288	0.1348211043752091	4.94901085476426
AWUPUG	0.32558069355028074	-0.03778957191059362	-0.07105197430599963	0.005920845061418101	5.852015134952298
AXEDEN	-0.23046422729738647	-0.06444316987835297	-0.115603705366363	-0.05241863514967593	4.017956483754808
AXEROK	-0.1942754375022686	-0.35806182986321367	-0.054239035686765025	0.02568008015300194	4.012302244751643
AXEYIL	-0.0719422900751705	-0.14061643316284478	0.09904767566711281	0.015057302126183392	4.545508582653635
AXEYOR	0.03052789605237871	-0.11373638073973735	0.10001586299295173	-0.011946575517366664	4.792153702705142
AXIYOX	-0.1096755489235186	-0.14861815776287668	0.07270903667833073	0.018997188012892186	4.3680113705297305
AXOTOW	-0.12641121580339632	-0.018671882179023047	0.0418924087735546	-0.04808545602886871	4.362089903241884
AXUYEA	0.25634243608719887	0.11245762433591189	-0.024776712634906328	-0.007003010525712172	5.755443857043846
AYIROP	-0.25725096615451504	0.19777628526511526	-0.0028349179137652225	-0.04791356600008623	4.28135644992864
AYIRUV	0.2493077242756616	0.18682017981179522	0.06441374991818427	-0.12681804446802458	5.701281702026017
AYISAC	0.05663367435635358	0.24689557628098324	0.06248678753951742	0.028710291669480248	5.41389575759356
AYOBIA	-0.007310429608185398	0.03226559377938765	0.09900329592032575	-0.08804754831458406	4.727971123352189
AZEYOW	0.15069338572698676	0.1291747630114033	-0.09318918848416158	-0.11509803168886756	5.291811400111758
AZIBES	0.01889951479469909	-0.012490540289267216	0.06928752607923605	-0.08880434391513359	4.7521363847429505
AZIBOC	0.03898400565549176	0.05145551872623111	0.039087725789046734	-0.16267281491030572	4.787913216266291
AZOCOI	-0.4072567028919669	-0.02232217188669816	-0.07378297026202985	-0.06569594807500445	3.596750849007626
BABWIL	-0.22661961758270066	-0.08173123701557383	0.1117886657903242	-0.021885338582874447	4.048552611418454
BADQED	0.1388326894516001	-0.03798209787268059	0.06496349553388381	0.04184131308470729	5.288813921960878
BADQIH	0.09418208215956447	0.010773640382119254	0.05836604601196815	0.026921712859431457	5.16921242611486
BADQON	0.1090820795246743	0.015094941806746753	0.034426768420765974	0.008280662320784726	5.181756955536048
BADVEJ	0.17005497253354074	-0.07267484149918246	0.009722767368455676	0.23687593764017023	5.744229246833718
BAFCIW	0.025575773696030257	-0.06764874468071591	-0.010850711686417824	0.21511645856523842	5.206860487717546
BAFWIQ	0.0820958790179982	0.3801528275311825	-0.05368657376030139	-0.06467825766122137	5.518992187124865
BAHWIU	-0.060161956639936065	-0.12156708496122359	-0.1234988478921275	0.05427203924676671	4.593316383951866
BAJHON	-0.05108453267182256	-0.04340323440313476	-0.14150442829102094	0.061757006677021775	4.715020050842902
BAJHUT	-0.07655918173500753	-0.07839821302801653	-0.1307670482701213	0.05319020611396408	4.589234822540651
BAJJAB	-0.04030131381673829	-0.11433008173882486	-0.12569675513260337	0.07049755380378964	4.689493026293593
BALDAU	-0.15481664648123217	-0.03818090883304226	0.04906823246175396	-0.043096630796087054	4.249989938187592
BALERH	0.23784865752049233	0.018976285229864942	0.1213074229147797	0.02027013904552566	5.65429768629004
BALWOD	0.12451955524036995	-0.10123885788949893	-0.013192786504231835	0.2342277444742782	5.5492033378506544
BAMRAL	-0.004459181976038895	0.12007992447588656	-0.003794039346423972	-0.03782512050610165	4.882687756375592
BAMROX	-0.08655491327904619	0.00966655477686773	-0.12185126097784926	-0.08721222279867158	4.427769772416373
BAQFUU	0.13146383809499973	-0.030522718621285527	0.05259673062219816	-0.07639533399370968	5.088588098884689
BARTAR	0.029833430546798656	0.1002913233462035	0.11393155305760172	-0.055914057265842754	4.940882502863988
BAVMOA	0.12418134326852437	-0.34248292318100537	-0.05322461360614272	-0.003625677801586069	4.918943635619802
BAVNUH	0.12117461899672488	-0.3411776847125647	-0.04914390608246899	-0.004326239928233	4.908664128982684
BAWQUL	-0.2532594779939177	-0.025753035467806384	-0.08658227771088378	-0.013217108932390587	4.039753297048466
BAXDEJ	-0.17465667098213267	-0.2430195233814556	-0.07870236509698203	0.07581477928411118	4.206414084987034
BAYJAM	-0.3268505344902697	0.04842933959213358	-0.07420640561158454	-0.055468023716410575	3.9018959437551906
BAYXUV	0.39311738317091605	0.17380734152999056	-0.05567101248185313	-0.08119209285836992	6.24948656785848
BAYYAC	0.16004177064474812	-0.10602618139114428	-0.0072749272544463395	-0.017810545529783783	5.169591519617783
BAZLIA	0.10017364514982718	0.009247917575835096	0.045866989519276924	-0.04882882758267537	5.064049961403206
BEDCEU	0.08529781124831803	0.3022287431306756	-0.055522758070128964	-0.06373931318530357	5.4114030834724325
BEDGIC	-0.0333513511088932	0.05475599753638338	0.10661411333706394	-0.0966732379480445	4.6472140026211175
BEDGUO	0.0015556598274892863	0.0468781441183328	0.08278971969705862	-0.09282492779930507	4.744381463507167
BEDHAV	0.0753870336799567	-0.03113309205751902	0.0922672445469368	-0.0321429018992101	4.98972953350491
BEDHID	-0.43048431784656804	0.26004747352246627	0.11102591023066277	-0.05771667045435236	3.951754172248546
BEDQOQ	-0.31293900624761894	-0.06338979304923731	-0.17220527701338773	-0.08545009829420269	3.7639305459572023
BEDRUZ	0.11845265287288198	-0.07272415592331694	-0.03688775059619709	0.07705988818021914	5.227726897472126
BEDSAG	-0.03468811532169269	0.008300808600620435	0.00659138646750268	0.08842908799420124	4.866562917020254
BEDSUY	-0.1462117687301272	0.003221014971749536	-0.13522570702266168	0.10688825253268053	4.535055812184947
BEFNIJ	0.041510944232371116	0.06556046819258077	0.09338683442529905	-0.060750389128562676	4.919384736029472
BEHHEC	0.10180233535083083	-0.046634489998373496	0.12930113475510985	-0.015004634471112666	5.085023067151743
BEJMUA	0.02451277891105086	0.021360832668061658	0.0695149847963652	-0.032848799787702054	4.86285929876919
BEJTUH	0.03881274740501128	0.02582796919226249	0.13900908466410766	-0.015559317913995008	4.960995807568619
BEJWAP	0.08551557299436174	0.025499886957213835	0.04829537633930614	-0.05302394436084701	5.018767694915447
BEJWUI	0.21802893370470633	0.03167451902974028	-0.01467551400497702	0.1307103669041051	5.801517455009855
BEKTES	-0.19382955283392533	-0.10287910722837168	-0.14055334302419187	-0.051438929747088635	4.0845647848420485
BEPROE	-0.18363513722951197	0.039083947724382284	-0.022205492489081324	-0.008733741256151673	4.3121829141116645
BEPRUK	-0.22016125225388006	-0.0008317590252056029	-0.07206132693978096	0.0011621537700396978	4.192256372263247
BERZAC	0.1853196380980049	0.10068510533241515	0.008583446574892184	-0.005235033125370991	5.500932929550439
BESDOT	-0.26359967410433804	0.18706309371578866	0.14608940033524154	0.05454892319370952	4.450430861780367
BESKES	0.2889061094448837	-0.12462876616664076	-0.006024780300152077	-0.0234594318007203	5.575927261573304
BEWJET	-0.07793010388443733	-0.07679699453260724	-0.0325869830252985	-0.07608172658891399	4.350128193530349
BEWJIX	-0.10556025853156159	-0.07172480487167965	-0.01240661295591372	-0.057999411644001686	4.303094680472282
BEWPEZ	0.011392912560635349	0.08754169594774952	0.09821346983189017	-0.0014254593622453626	4.960424494103296
BEXJAR	0.11880896972709154	0.06523435568006031	0.17208290615656185	0.023830403259240462	5.363612056643193
BEXJEV	0.11992534136958932	0.0645478754360207	0.1686965754697809	0.025951648710436537	5.367560096585227
BEXJIZ	0.14970299203701654	-0.01315191077686606	0.1519634145107105	-0.029879526278003055	5.275401950203837
BEXJOF	0.08575651140322726	-0.014700819839609025	0.13273775817128963	-0.04206672349408691	5.018661124116626
BEXJUL	0.09261941658463257	0.016663872045814543	0.11698945953342288	-0.029185825930954645	5.097281034755625
BEXVIK	0.13276237729379403	0.31698397490211505	-0.04115287611726837	-0.012356589953226527	5.652403526246797
BEXVOQ	-0.11632690582513394	0.2354261218474898	0.06987635903826339	0.0004763580330403583	4.786584654309606
BEXVUW	0.13513225389410977	-0.010328384517248157	0.12311075535130866	-0.013550713304740225	5.237208139668969
BEXWAD	0.10634634581181235	0.04266034310248612	0.09896861668292112	-0.01883979532780533	5.181087778187489
BIBJON	0.24761845961888618	0.1907908850902591	-0.04841258549270977	-0.1126773121415201	5.691305776236238
BICJEF	0.18432209258299004	0.3605473269922461	0.004676141897879793	-0.1567313617035634	5.752816880877591
BIDHAZ	0.1785605041570646	-0.10341918062244071	0.08895381336174224	0.004541249205207931	5.27335705770012
BIDHED	-0.17433724618652957	-0.13839320222933016	-0.06923463465809676	-0.022213620152349733	4.154351123224148
BIDQOV	-0.03770421254560663	0.022241452535393336	0.05916856820989658	-0.019786129419517184	4.678431597691852
BIDXUI	-0.005474527777705962	0.03373729780184487	0.02110365945682502	-1.720736068311357e-05	4.838169218624368
BIGCUT	-0.33997020471893546	-0.17827865911522034	0.035539909228404554	-0.008089455235876897	3.7261524163196027
BIGDAA	-0.04361974941318092	-0.032359314167778486	0.07293889431173595	0.015576523226115802	4.726253980753506
BIHCIH	0.3030425023704737	-0.006039466927537873	-0.043517103918036426	0.019348124905877007	5.800317188088924
BIHSUH	-0.094607374241505	0.014556607355331153	0.09244465769238253	0.11773070249505069	4.770465239202869
BIHWIY	0.11414462677445503	0.08167976009198696	-0.16512013461671593	-0.011883415239949957	5.253697614671971
BIHXAV	0.2494787615049443	-0.16226426909772873	0.005775069182137438	-0.026954950774770392	5.415896326201599
BIJPEP	-0.24317852441894106	0.3856072512440849	-0.06373981650071348	-0.02415745923992818	4.665348400519168
BIKFIM	-0.1090764842686125	-0.35207425972455586	-0.03692233662054689	-0.019791997618129664	4.178843027574898
BIKMIS	0.05452633228020387	0.06441812874933905	0.046709766453414625	-0.08347844911274138	4.943352867763431
BILGOT	0.11662718261439808	-0.0026919005678931462	-0.1392961647258424	0.04963911143223121	5.235567927560979
BILGUZ	0.15900289432991999	-0.1695113603864573	-0.15275387032791743	0.04668680331467823	5.215288464021438
BILHEK	0.10211638082655217	0.06775533473612816	-0.04838261064211702	0.11369981786367389	5.39881574178078
BILHIO	0.04995381637125229	0.18587320284833453	0.0400349526732533	0.09736044916440567	5.386800766771314
BIMLEP	0.14324164161934094	0.019323898724076916	0.15903006897704897	-0.09608758730752831	5.174680564645896
BIMYOL	-0.020623353658852928	0.15756019798926157	0.13897023364835848	0.1092709212065549	5.193031741395868
BIMYUR	0.10848816293884278	0.10945241103965841	0.09137740988170462	0.16517749239665114	5.597352046726929
BINLUG	-0.2605510182035973	-0.06347193451509936	-0.03151418406310347	-0.055082760732179326	3.9216310456746806
BINPEU	-0.3278420937915416	-0.006579974430468649	-0.06276875531373927	-0.039984177952415934	3.86327381851721
BINPIY	-0.3194744205182858	0.010825067392557397	-0.05353071658290709	-0.036583824848523294	3.9112368538362694
BIQZIO	0.01598726437201803	0.13562303042099488	-0.049075705231012456	-0.03422052052218394	4.973910686544434
BOBJAF	-0.34966740332196666	0.006602130624809632	-0.08687440727190321	-0.05388020691688822	3.755284054267251
BOBJIN	-0.44705678351173295	-0.015319926585182664	-0.03476851555612104	0.018451596954847327	3.65617335254279
BOBSIV	0.14655535618095383	-0.21157595494619708	0.07513507344475845	0.023183504523198173	5.130591722507191
BOCPOZ	0.08720773913101088	-0.07242300467943519	0.12100343645936151	-0.01762128519142836	4.998881068759673
BODPUI	0.24023993748854178	0.04260551474153251	-0.034120325229767046	0.01268047266195127	5.6487128832814255
BOHHOW	-0.010451396180132466	-0.10746748043756016	0.06510500092736349	-0.06239920829332124	4.598284301859083
BOHRUN	-0.314253655485623	-0.1292396001100813	0.014130857562062449	-0.029058169795021627	3.74173175544557
BOHSAU	-0.3074159024013554	-0.11819502535222037	0.014311597933743148	-0.01921145913486988	3.79466464966543
BOHSEY	-0.26512224245838545	-0.06184358281424629	0.08609762461189252	-0.033730973034906575	3.920829296667915
BOHSIC	-0.2634172875809069	-0.05835396216037392	0.09870344911910678	-0.04242627847232161	3.927928536312043
BOHSOH	0.011454643331247016	-0.043539218581729155	0.08183658367372959	-0.037157136253933576	4.752554858345124
BOJJOA	0.12581809025917856	0.25179126795484086	-0.051875530327882835	-0.025844684443845023	5.486397154318762
BOJJUG	0.138274916569749	0.17161829707752485	-0.022971361132223533	-0.014213850232273173	5.432827759060189
BOKCUA	-0.3551846772270255	-0.0517775712466233	-0.035014257799901305	-0.010090856829154782	3.7999529034922794
BOLMAT	-0.25897081741986017	0.0501552802516958	-0.04653140828393365	-0.03984173280500791	4.080941138575933
BOLMIB	0.060156267462717405	-0.0286253086940067	0.04381370739396395	0.10638902777293213	5.174496956044174
BOMFEQ	-0.06279068005811927	-0.01440718454448131	0.11527131937496504	-0.03350130914432503	4.578207929003239
BOPSEH	0.29924168769590853	-0.06338516278922768	-0.09570476288063179	-0.02146320344875552	5.671358260294822
BOQBUF	0.033841947598829414	0.03878022747547316	0.1401086545420358	-0.05802977759258521	4.896128428344703
BOQCAM	-0.2850914596637224	0.10516846013886427	0.053636913584076185	0.012124835651834087	4.204854635032926
BOQCIU	-0.282556113448281	0.05902519799255801	0.0884984564509832	0.008755311172687907	4.16506372050425
BOQQOQ	0.16317748977863644	0.21176153311536572	-0.061280311049007	-0.005123293626641989	5.5839534463365545
BOSYOY	0.018075284626894117	0.06865168738000937	0.07136916273159599	-0.06242030594255066	4.853218868606384
BOTFIC	-0.22473416746600106	-0.168416118559501	-0.01528571327122985	-0.019598025517693518	3.9830933253645537
BOTHIE	0.10428386212260943	-0.08189227393527387	0.1384870384845973	-0.03459359006738827	5.053707659997981
BOTKUT	0.13549412143960549	-0.20428650241973778	0.10879050122332279	0.041932911498170466	5.141333714690559
BOWSAI	0.027406191306823757	-0.12187406861428007	0.11828935031859467	-0.02386830769826176	4.764853990612054
BOWSEM	0.10683222575798812	-0.2725050947841634	0.1353546873045044	-0.05159114555286759	4.852586694111291
BOXWOB	0.05114103813552484	-0.07185345989659941	0.1668795152487772	-0.017075624037162118	4.91464041428185
BUBFAG	-0.18519631258533908	-0.24703094387381475	0.02254441775589089	-0.04520812483676451	4.005684436365796
BUBFEK	-0.07528264856251221	-0.05850314763507081	-0.03418133967280235	0.06326327802782461	4.655497777550927
BUBFIO	-0.07637206987446765	-0.2146011805456891	0.08725428303679306	0.004104228109464647	4.435211006299268
BUDORH	0.18619358683050624	-0.1150319873942669	0.12132963370810912	0.02318209064901966	5.372833791246722
BUFNUN	0.015682762165362796	-0.09355785975096431	0.015210008453199642	-0.026036172060836638	4.699736043337049
BUFWUW	-0.36055837015349224	-0.039710605519217346	-0.026153066957685267	0.02273356120334913	3.831212414117927
BUJMAU	0.2041312693572035	-0.05994752868629094	0.07297591810774673	0.003248755316911933	5.432440094831742
BUJQAY	-0.13435742237755388	0.013231488231938648	-0.039433626213115414	-0.0018850444113317488	4.439136385069133
BUJQEC	-0.1722623238646761	0.07164768942788946	-0.11180279587819686	-0.06672352660258452	4.332522128425191
BUJQON	0.28413388372010795	0.04013269336937908	-0.10125485117806687	-0.018935995404135708	5.746104620169999
BUKCIU	-0.0016477316220653293	0.044919053986026025	-0.03827856081878345	-0.01477380068358003	4.812759547795116
BUKCOA	-0.1828384378481862	0.13623932850483644	0.06324157494994775	-0.035771636024496956	4.431753873418812
BUKCUG	0.052931814464170834	-0.014930886475163163	0.07374944008497608	-0.02230046388442697	4.940275163717749
BUKDAN	0.037633602203789085	-0.10331672944482406	0.05721495192230308	-0.032872892904031725	4.780166856524836
BUKYOW	-0.10566333694813412	0.3107717845768474	-0.09590759653928438	-0.05909081535829708	4.86633294893902
BUNRIM	0.06568703338755899	-0.09798314773454919	0.13939195882491284	-0.003621702887425693	4.948795089729813
BUPQUZ	-0.30576985034546156	0.04178412336774695	-0.06535838748721523	0.009993451239489248	4.07168143372071
BUPREK	-0.305319730382553	0.08224050044213271	-0.07640995708777876	-0.02435421576629382	4.069514294620949
BUPRUA	0.08383366275182391	0.27116063274992674	0.09365242179683286	0.07845907972789612	5.619219008069523
BUVBUP	0.02247360710017343	0.07591660911733955	0.09306798148923545	-0.10664011439542931	4.837182866112966
BUVCIE	-0.1880102047089076	0.18346970166637	0.0012929451500620637	-0.05391125561381305	4.450585470776581
BUWKUC	0.0860557892275331	0.15331635442784908	0.016871501977290704	0.11087931085633851	5.455168728933615
BUWTET	0.041886494533300844	-0.0914917761367442	0.12373098389862114	-0.019054890506740252	4.842195051062598
BUYKIP	-0.26657473142508126	-0.18753857259649664	-0.024911050723520622	-0.020134926780496998	3.853954564632191
BUYVEX	0.11430926268897634	-0.06864935223321211	0.08585995119237211	0.004796057975153145	5.120075682048979
BUZPOC	0.08447335565721081	-0.09625105625803121	0.11160081794391075	0.017992082516255614	5.008639222019684
CABBUD	0.07471473277879292	0.2176610041285394	-0.030454377498610796	-0.03915244669522222	5.272501515480915
CACNAW	-0.05364334428041584	-0.004448731713263321	-0.002680678450036833	0.04878433766600998	4.728542495729538
CACTAC	0.0030678811031541464	0.023124441689583275	-0.04571261664287207	0.09360459996502346	4.9838721855507915
CACZOY	0.2560794964045585	-0.17252684883134117	0.0013045812851180116	-0.014938933908146934	5.429434297057667
CADSAB	-0.018805977597381673	-0.20279942770401593	-0.04835376919724865	-0.06352639031204277	4.444172392403851
CAFSEI	-0.1642884399086313	0.16772547411144378	-0.03619017172483652	0.08140861338191308	4.700047012551572
CAHDAU	0.08066238667060954	-0.05917390226767871	0.11286613216061747	-0.022372302880664274	4.981565655512735
CAHDEY	0.11060113162612284	0.007764756433243036	0.13079419455581665	-0.06425890542104606	5.086903637723763
CAHKEE	0.0977520530216025	0.2256622373152335	0.011078294212678363	-0.0070694824325097105	5.409267869179416
CAHRUC	-0.0019281414383454099	-0.08497937660947841	0.1026478259186403	-0.004597202910314069	4.7402421819653835
CAJBOH	0.3117522812852682	0.17903132623018259	-0.08019894271109607	-0.02283235359572433	6.03095155983455
CAJFUP	-0.13915098137910986	-0.2875619998489418	0.024573433559541558	0.033324169155519945	4.221205705895611
CAJGAW	0.3531715967293181	0.11941348957142228	0.04160694825249722	0.027693966844048346	6.279302774004033
CAJGIE	0.24445688223308926	-0.08841957045693194	0.06744159300003161	-0.004790928256963034	5.544554233735552
CAJGOK	-0.036641884889993204	-0.2425162017602338	0.022710468123334326	0.04766296916375701	4.577319361086788
CALKAC	0.21559272817182107	-0.02150073209008685	0.08178615152505753	0.0240403135611178	5.516613987593077
CAMCOJ	-0.43139150649999114	0.056290937283188125	-0.014980581636047319	-0.07433861378404172	3.6290138223528725
CAMKIO	0.14494297686627977	-0.4384698029029468	-0.0913172110557654	0.05159398023187589	5.067069472211465
CAMTER	-0.022744789444878677	-0.1960547594332691	-0.11428256446900531	-0.019568158322002538	4.5103070535943575
CAMTIV	-0.037876656323616587	-0.2514258050654603	-0.10904124374945057	-0.02692798713993272	4.43983946692722
CAMTOB	-0.026518372874556384	-0.24047791212002712	-0.11480399090254645	-0.004783835523016422	4.500094305040084
CAMTUH	-0.02808566430377768	-0.24641705164305905	-0.09350876223912907	-0.025380381383131367	4.455123046135765
CANSAN	0.12851711338101168	-0.01703325219948315	0.16061744785784304	-0.011406509074095794	5.235262920657495
CAQXUO	0.2344151935276506	0.05801626873969834	0.11942294224317074	-0.11744419740925494	5.502532441270574
CASTIA	0.07845594166749548	0.12815288216915244	0.10051247852239364	-0.10350220142008348	5.111582622230066
CASXUP	0.23747910564701646	-0.01866575572532314	-0.031533807705678374	-0.002183089922392467	5.535585208736904
CAVTID	-0.2917471492375818	0.09121831806800618	-0.06834626097071306	-0.009929515678491874	4.0861378401839845
CAWZUV	-0.3197444347963463	0.02293225031158741	-0.08726916473430735	-0.04148105175612271	3.9062258420707523
CAXBIP	-0.08258888130343589	0.04629865676426537	-0.06018127092074255	0.1170593646061393	4.811890036671425
CAXBOV	-0.0939286137369244	0.06108164909217306	-0.04295762694486238	0.1134269357116432	4.795267555803904
CAYMAQ	0.06774147488113202	0.24035223819511664	-0.04005024143991909	-0.02171751714828718	5.324957027548679
CBPPRH	-0.14634164613196532	0.06494644960275675	-0.005985192868223965	0.07352015801794332	4.575480429680971
CBYPRH	-0.000856655040849752	0.1585197307917361	-0.023802087643163494	-0.000349440904850562	4.988554026236495
CCXZPR	-0.3225656198264415	0.09567808031052083	0.05541210013271192	-0.01934460324222176	4.049318077954108
CDMPRH	-0.3506009299340931	0.12361178445678034	0.08821043713925647	-0.006624938676246472	4.053735371836454
CDMSRH	0.025276884512969833	0.11438054228582306	-0.001727634526297761	0.1785724933328504	5.343443796924715
CDXPRH	-0.021557313094278996	-0.25730509617165365	-0.09666185522449577	0.07224198912835511	4.635577170240252
CECBAR	0.04400817404694779	-0.001474278667078277	0.15048720144046235	0.04399052434508077	5.043368213224836
CECBUL	0.03391690858654872	0.046746139906433726	0.1744045121157738	0.06169557739644693	5.15630510662931
CECCIA	0.04860047189108396	0.04000125795635645	0.1347399292051139	0.0884141986987631	5.2172750880305205
CECPAC	0.1351689075263769	-0.06967435115048026	0.026826103747146002	0.11652241403037888	5.3571353362748715
CEFCIA	-0.35443205574127945	-0.12015166775641495	0.06533987488128723	-0.046320049552506126	3.6799538465907906
CEFCOG	0.07565161499834705	0.04129006620892994	0.15004506353273395	-0.07200620717730732	5.014565215116191
CEFJUT	0.0681041838332237	-0.0969185843521223	0.021916550660438405	0.0459876470444458	4.986657116400961
CEGTIS	-0.13624474291264077	-0.08543932184803937	-0.0038176502156215264	0.08324386373813975	4.490317106993098
CEGTUE	0.011456933221865473	-0.041262594833831656	0.1026588464989191	-0.02584142290367153	4.829441996797176
CEJBEZ	0.12360348714456837	0.07817662374207623	-0.03494384569050979	0.04316592289871879	5.36042241090156
CEJXUL	0.08435736349433043	-0.07729386341157118	0.16032935116578217	-0.0035103337630687514	5.027356758271696
CEKSAP	0.24243489659027206	-0.06624095512255224	-0.109798729234591	-0.021419951540735394	5.497859669950528
CEKSET	0.22285142572952932	-0.19994739394186212	-0.0981497336309467	-0.1214432418034882	5.151230943137859
CEKSIV	-0.023843883823345013	-0.05182650194008387	-0.12021019535476385	-0.07824051378036756	4.564605657110914
CEKSOB	-0.0668452294305113	0.009579520319499935	-0.09229389029899004	-0.09356259572355363	4.4788352423512166
CEKSUH	-0.05690414142609379	-0.0013383424847126513	-0.1094571068725878	-0.09573381934999214	4.4958204377713065
CEKVUK	-0.07671495800709804	-0.06285625941365414	0.030376777768496233	0.03728079991478761	4.566331961292107
CEMJUA	0.017317827034410094	0.08217865711472339	0.0872845516598697	0.012837096298335848	4.981317336762837
CEMSEU	-0.11875378919233137	0.1945838633171708	0.00013230250433604596	0.04816104071609728	4.792465636122552
CEPHIP	-0.062317533994662444	0.1219866150505684	0.04353225899111224	0.03313307685554967	4.828575279094926
CEPPIY	0.28241128503589996	-0.12299457360161226	0.016310225942340217	-0.0185081682477386	5.550239609676953
CEPYUV	0.08463486970129486	0.0680365524328077	0.10444757182016562	-0.02026972513403913	5.143438684838886
CEQFIO	-0.28838142090413954	-0.06710214063942166	0.0535703402832981	0.06142463072655757	4.03616281573921
CEQLAL	0.0855607377393306	-0.21956608969075453	-0.03717835002458325	0.13834165717083002	5.126961283935339
CERRIC	-0.19509677861317742	0.00643798142854024	0.03380977144604902	0.028955959420817634	4.30576535768575
CERROI	-0.19311949240149828	0.01565407528678575	0.07324067010162816	-0.04579521920224505	4.227779708001651
CERSAV	-0.017754496083651095	-0.00915382380132268	0.054384176405933626	-0.015018536518139003	4.730356013693696
CERSEZ	-0.024189866635754953	0.07451217573662117	0.07358388649298586	0.005506360829659274	4.84372317258717
CERSID	-0.15498401149130547	-0.0332360344811522	0.0896241691994133	0.016870500583084702	4.37959537218241
CESFUB	0.2243595214978198	0.0788742014686421	0.02990740291217553	-0.09998059647553081	5.502279270408353
CESKET	0.2336244325553647	-0.16961619074266054	0.014191346497101076	-0.048284051018979146	5.320621866330111
CEWBAK	-0.4014635267315363	-0.036830106852435485	-0.009671478026055613	-0.02280011616534172	3.6622125453616112
CEWPAV	0.07395924604210347	-0.10796872092718646	0.12201165783540113	0.016677651721602516	5.002507303082807
CEWPEZ	0.07744202098109465	-0.11399843997869574	0.11802770675382912	0.021128198599907222	5.013927859684835
CEWZOU	-0.07794993036627318	-0.19679982453224354	-0.020783666833212866	-0.06130676566986881	4.35709459516347
CEWZUA	-0.06518110280347855	-0.18991663729743102	-0.061399275573490675	-0.08223456258396367	4.37763103015187
CEXCAK	-0.10638678788133449	0.4222311856053973	0.06973855267701734	0.17557460155859617	5.46702460221373
CEXCIS	-0.18155206253952305	0.537710177882432	0.006675853861530134	0.1802049591239453	5.47285219881554
CEXNAW	-0.04046304252313693	-0.18271951421148702	0.06508643477737297	0.017494902707029802	4.555449775811828
CEXNEA	-0.06491731920604638	-0.20600723971298196	0.05149310223726733	0.036947942651151755	4.496252894118618
CEYBAJ	0.13641005126673145	0.16753318650594817	0.0895211412928898	0.13062457887347345	5.703500880343518
CEYJAS	-0.15798366449020618	0.024206483636558307	0.03228706535404924	0.058070355135554697	4.478600678666433
CEYRAZ	0.3779709405008176	0.1741176854265869	-0.04934842822116958	-0.049283170733143256	6.194991083409312
CEYXIP	0.05208143263684839	-0.06975171808153302	0.11823734342930181	-0.04007578110487353	4.854877633159649
CEZJOJ	0.19879622054691692	-0.17973980984462523	0.09541715279835117	0.04127837844692739	5.368550624364498
CEZJUP	-0.18717819541893155	-0.161275535005043	-0.11142622901179489	-0.04697080498035344	4.0513597468697045
CEZQAZ	0.04171345286265149	0.20160969724535382	-0.17636244327516293	-0.000734088381883713	5.187280326024393
CEZRUX	0.2647714436781037	-0.07516037355392324	0.026668414619988257	-0.07100534318573604	5.467949777733021
CEZSAE	0.23753261559678984	0.24233655514611785	-0.08098672093834991	-0.07547607017772762	5.795557707893587
CEZSEI	0.3446964321275341	-0.1405576831104418	-0.054607624399826804	-0.09250747327673714	5.672591228837945
CEZSIM	0.25083360128816823	-0.07699272903267218	0.055600556720215355	-0.08012557898824824	5.388107790824059
CEZTAF	0.3074424738665673	-0.12575026141221057	-0.0010391178638202714	-0.0370525027207671	5.620404268179369
CEZTEJ	0.2289590798253629	-0.11625059318274245	-0.0527262981067107	-0.028914895223928094	5.371608514015049
CEZTIN	0.22868643643408904	-0.09277841611707816	-0.021155454325105127	-0.023611414887286908	5.391273046199556
CEZTOT	0.3315787724171857	-0.06778378721224021	0.016480891175010726	-0.02432739996562272	5.815723543063741
CEZVAH	0.2047559352052617	0.23627875071986226	-0.005394503600042455	-0.025845289721452724	5.768517750204461
CEZZAL	-0.38148482770149594	0.02634391715192752	0.049306194597863895	-0.0645785056648368	3.7311379490591836
CEZZIT	-0.20169377879407158	0.035365421945958264	-0.052214335946804136	0.012187468314314276	4.297642452588844
CIBBAT	-0.33900815233810877	0.11087597904488389	0.050523294576968025	0.0001689564488529527	4.018882716696683
CIBNEJ	0.25986300815887065	0.23662359329566174	-0.07846469487136476	-0.062076162169467874	5.863459935151108
CICZOE	0.10142340448832066	-0.04040845867759124	0.07787734915815503	-0.17045922885781473	4.8250707117406355
CIDHAY	-0.1659928470075518	0.07838118724603449	0.014847681299880566	-0.03486998660635943	4.381898155937057
CIDHEC	-0.3981247719097243	-0.08422030744594089	-0.005327795293554427	-0.056936257709893745	3.5369287071316005
CIDHOM	-0.008283483990400686	0.1436006188540664	0.07604904563170978	-0.025980036529288375	4.966499341845576
CIFZIA	-0.3350151716703682	0.14374756518849097	0.07203653271299704	0.00578250029445837	4.134443643427101
CIGJUZ	0.03768678507866596	-0.2205334515393249	0.06650901419253752	0.05157727654345112	4.860866979989602
CIGKEK	-0.11304765945715833	0.05003644578444044	0.12328925839245342	0.02069407704405346	4.611682432111127
CIGLAI	-0.2148637389402499	0.011743617907858273	0.002167027075249406	-0.10861377037726716	4.08851443015139
CIGRAP	0.33555623906895127	0.13276902513750333	-0.04706936900007652	-0.09234053957196087	5.963829510695485
CIGTOF	0.2293522471239262	-0.0745489483155759	-0.059854932035823705	-0.1284195784942982	5.268987643290435
CIHYOH	0.03438720701226572	-0.05380495526118567	0.09876215352902129	0.05391912639895691	4.981419246701672
CIJJIP	0.11867024635731838	0.10414014907659519	-0.08247204289730958	-0.00032770257618619514	5.304425447859989
CIJJOV	0.14575939675923788	0.24404112027185976	-0.06248732573241722	0.0364208903655211	5.644614777303761
CIJKAI	0.13907527664682773	0.07335959635711964	-0.06481876424759991	0.013225510532629103	5.339110872215465
CIJLIU	0.18217682189740758	0.19578586636390138	-0.039568212099590605	-0.028581506301491477	5.597273393706258
CIKSAU	0.2667679602115651	0.21206894099493745	-0.0038485043373308603	-0.03161511426583219	5.907347146061731
CIKXOL	-0.30219698877022116	-0.0026523627315855336	-0.02364585699722288	-0.010896465821980228	3.9497588739946825
CILTUP	0.052300077381807863	-0.051639959313309	0.07628662662964225	-0.057169383916853	4.833536114427381
CILYAY	0.043481348460531866	-0.005455391624075823	0.0555633660619963	-0.059983306231866096	4.8526776065516
CILYOL	-0.009180274963258572	0.004174230625232589	0.05017529337702231	0.18211595172644723	5.1450802827305315
CIMXIG	-0.0315682104635302	-0.06142064555772464	0.020384182427327646	-0.041429507166120705	4.585399302156985
CIQHEP	0.009169310367789674	0.030001419861377165	0.07220006604105711	0.002573706177086299	4.8991263088419705
CIQJER	0.001508595091817444	0.09361358377554829	0.04907116800836464	-0.005109057124278449	4.92086096573828
CIQJIV	0.012885328323345657	0.06302937307556622	0.05014156836870676	0.0011943165213507134	4.924001558272597
CIQPIB	0.2652725761001662	0.044283961425165774	-0.01578270930462744	0.1012921293450656	5.913382923484939
CIQSON	0.2892595131920581	0.008274128805827008	-0.04842620007983078	0.045232071355778114	5.8386005900793885
CISDOZ	0.0351944250448577	-0.08900765996075366	0.0982700821655309	-0.026357053782872897	4.799326249079976
CISDUF	0.030935472168053035	-0.06953828880416113	0.0925085563720518	-0.014849889423522833	4.814673039221854
CISFAN	0.023981685797228813	-0.10277950400355174	0.09432882579780921	-0.021423625041809946	4.7571532659947255
CISYAH	0.3038177363144925	-0.08404363526903857	-0.07633612703593773	-0.05110977521364746	5.64248447490849
CISYEJ	-0.4236094980622722	-0.030589598602744683	0.05684139502082597	-0.029437761987712197	3.643882056483332
CITYAI	0.113661615891965	-0.010617877331338565	-0.09497966537638858	0.061017021475394784	5.268798338833949
CITYUC	-0.19595081238481127	-0.27106683534331455	-0.04518217785527168	-0.004922039105897058	3.9764128252957316
CITZEN	0.136968139301616	-0.06700283129702056	-0.060546233909478	0.04419568171881538	5.243182834297742
CIVFUJ	0.12184692497929062	0.11754789211411776	-0.012540190945215413	0.07524635173056626	5.450591460811171
CIXROU	0.315956650483717	-0.01731162938203079	-0.09516343725209198	0.014624286378459583	5.837508223629364
CIXZIT	-0.0028652215366777867	0.14616482623031812	0.07853688846607976	0.003327855768514243	5.027053488365939
CIYBIV	-0.06909786274224183	0.00428759500217879	0.02957568160883728	0.002108729820551658	4.634591968096088
CIZZAM	-0.1463526283908727	-0.09232535507141826	-0.0517710735412249	-0.056672481406057074	4.183141582183584
COBQAM	-0.24419064367122023	0.005443711691604847	-0.05275345274369503	-0.10900962003141934	3.976015564887473
COBSES	0.03183065632094184	-0.03914959826356057	0.04972473899240848	0.009746414689356109	4.874618147774852
COCACR	0.2071949530644015	-0.07646151738810802	0.12123097243110026	0.041894123444960685	5.503281655794414
COHBAC	0.19131342383995786	0.22127943525820815	-0.0520924552341282	-0.049001395731063324	5.630301689865167
COJRID	-0.16134671767307784	-0.08442145517398947	-0.12788961719978031	-0.09398455711130538	4.137491432556857
COJROJ	-0.12805683514179367	-0.18180863136655678	-0.16555480444381132	-0.11129016641432421	4.117194689045741
COJWAA	-0.11631727368328026	0.334602449459819	0.045223413368494114	0.15676963871076943	5.225935666673378
COKDOX	-0.0976046903641632	0.014126135053911693	0.12616169438299552	-0.10658270302598194	4.41836330386192
COKWUV	-0.030154375268573563	-0.011176153875771089	0.059815727807233765	-0.003991383310015029	4.704248276859581
COQLOL	0.0738233667044863	-0.01897258953140346	-0.03790690873087588	0.026541374944548335	5.057805883711338
COQMAY	0.07066077989271413	-0.09058217795461365	-0.029508177867381136	0.03526261179638823	4.979668396718321
CORMOL	0.22081760255467264	0.27865468633097956	-0.07127318082773249	-0.009103758833856168	5.906950047942698
COSKEC	0.050297509336731494	0.18315225684690084	-0.018943655125163605	-0.027668995437662214	5.158807190705451
COSTEJ	-0.1769006500049477	0.3798894840894915	-0.1502656218013081	-0.09409492285322174	4.726911995069677
COSTIN	0.17501964217844623	-0.08637522193598812	0.06882106801659393	0.012865572980879092	5.3158451482525315
COTKOM	0.19214233615033693	-0.01061291870364034	-0.09854318043224719	0.0059791916292410985	5.398889639740568
COTPRH	-0.3960869657033952	0.02470792171041536	-0.11643470160991698	-0.0422031271511456	3.692714476561848
COTTUC	-0.2382601248510281	-0.1805744930887363	0.04103889176717246	-0.016484791981475788	3.9582762160145184
COXGUR	-0.05915217106681059	0.2972790063967774	-0.10341170313751391	-0.054361226326965384	4.990309323318632
COXKEG	0.0017077061113925929	0.09991567844713467	0.0479452688263462	0.1227024307763176	5.145514619008789
COYMAH	0.3988134992886878	-0.20241070770249459	-0.07950764825499301	-0.06892757195919541	5.847319930057765
COZCEZ	-0.3368388547898271	0.012543902303283172	-0.004871303204356137	-0.04289078571550131	3.819726613668687
COZPOY	-0.06254656499858102	-0.35182242099648864	-0.017572392432741557	-0.007226838642932054	4.335809915004418
CPIMRH	-0.16965001322176576	-0.06090515739373137	-0.09170812472612244	-0.018772201469267613	4.242386946204968
CPSXER	0.14486637888726195	0.3326079391829393	-0.025662190427047316	-0.127164686623377	5.58507699704654
CSBRHB	-0.015250684386083346	0.041511962939517755	-0.09231288960350748	0.09014507887759549	4.948706995494104
CTMSRH	0.23063766507487227	-0.15326771874157052	-0.03146717448590963	0.20337936888658392	5.783245116301766
CUDKOC	0.023534673771739456	0.07537448220858511	0.0504156215064957	-0.0192764528985101	4.9595489411292215
CUDKUI	0.02558142225031812	-0.08602069720877692	0.06555784992633229	-0.03494668208466689	4.7586169384579975
CUDLAP	0.03393905946168729	-0.0736754211190842	0.071384607212853	-0.0375493923591127	4.799055472604005
CUDLET	0.01874403306081751	-0.08413416070205537	0.07188400872755585	-0.03691243026815949	4.738892818898364
CUDVEF	-0.21429682105019876	0.6045314184032553	0.06494397659990514	0.17136336243602146	5.555374040209157
CUFTAA	0.30970973334621377	0.09461886382509466	-0.06057388624829563	0.016101843184457065	5.9481672034851565
CUFTEE	0.3258331658269418	0.06989649497419448	-0.06940933949694683	0.004971132352803109	5.958346753875423
CUHSEE	0.32225072345953	-0.1379526142954548	-0.09204441963273369	0.008846946491788299	5.734740789031174
CUHSII	0.3206278565624241	-0.11839905351311897	-0.0827577342062833	0.013494426732629017	5.756019863436725
CUJFUI	-0.3722094249507475	0.21059591324692173	0.05169758135915714	-0.0045010672220126	4.106482522382531
CUJWOV	0.17064947858113566	0.06511754864026731	-0.07638075528965649	-0.03509711018903139	5.3612101355574096
CUKHAT	0.20348283724753635	0.2651417087319823	-0.09124346409644901	0.006396550759740771	5.830947777744506
CULGOF	0.10184155914589432	0.2292424385975793	0.1139454298833491	-0.06573149705751269	5.327495535655917
CULPUU	-0.3238619036123116	-0.08132437399909609	-0.07135114800662645	-0.03158012510452568	3.7830452714207667
CUPBUL	0.018682860883888264	-0.10214437600109871	0.07594350769390301	0.12724587244373742	5.002507583933891
CUPZOC	-0.12350942808800247	0.09920411795869688	-0.028088924173173657	0.2038116224740506	4.928060356916769
CUQBAR	-0.2412184115824778	-0.08598795045761509	-0.03483129008334074	0.09292687152323875	4.171259128156444
CUQRAI	-0.28139954542739565	0.08752045808874032	0.025106983539566974	-0.04453923593416431	4.058869028751522
CURJAA	0.05903477284378722	0.408566323835033	-0.04676562204125667	-0.0386828783858143	5.547825845976845
CUSDEC	0.3021349101865929	-0.08438663698394011	-0.001871054012270168	-0.019514695201379273	5.66609348567787
CUSDIG	0.29264150317608095	-0.09353807804543868	0.0693136215168575	-0.025957998690419704	5.647680281342923
CUSDOM	0.2868446993225504	-0.08945636267743362	0.08385317010120819	-0.032446289201864764	5.608521162334078
CUTLUA	0.276844892594144	-0.04968629340734587	-0.040059802584622606	-0.030485687838474607	5.597416929839107
CUWCAY	0.18792055942868435	0.0020151591772359367	-0.07688083282699698	-0.024757226798809873	5.363470194747235
CUXLAK	-0.03774754445868744	-0.04321654982082368	0.016881067214916223	-0.025363184604874855	4.609634689194201
CUXMUF	0.050600639195634844	0.026517205641727326	-0.018721244187462904	0.12235433637262838	5.205523183592016
DABDAL	-0.4058964194351169	0.0214964810603675	-0.012042394598771988	-0.009688434797801349	3.744275864902104
DABYAH	0.13541811606295662	-0.4935344381327935	-0.11605826484887949	0.18503975715747234	5.253967889669035
DACCOA	-0.34559317630678876	-0.005086344586184399	-0.0857149338312837	-0.041915582166910825	3.775207607470727
DACCUG	-0.37612348610178836	-0.0475978589037056	-0.10127575894739005	0.003642236691214773	3.7282327041665853
DACDER	-0.3502540546304489	-0.004302787600326763	-0.06383434105787744	-0.00269917573050249	3.8566391838669603
DACFEW	-0.3634819328565573	-0.06301264407502716	-0.09277907778144501	0.003366596963635504	3.734368239754519
DACFOD	-0.014085901634574238	0.15531619530088392	0.011186899936139083	-0.03302003776181661	4.901152534423674
DACFOG	-0.2955016642426007	-0.10216106851283024	-0.11514651494365435	0.006711719338597599	3.8776553135522196
DACGAT	-0.32127779035247195	-0.08272020856429307	-0.08346995477829866	0.00843463436973868	3.8446282746910243
DACGEU	-0.24694468049164908	-0.06772943333892645	-0.004877281097591668	-0.01689632378172512	4.013003851881935
DACGEX	-0.3185445859317886	-0.08692894836324738	-0.08516468545533384	0.007155759784691518	3.8431304742563843
DACTAE	0.21915420895799098	0.06835316969819027	0.08598487912261854	-0.03478164524457705	5.596139605260571
DACTEI	0.2560166135233235	0.017777162097133647	0.12982287631210632	-0.062617772132323	5.626457400864026
DACTIM	0.17923179098531916	-0.3288593514549376	0.11495087623056821	-0.06451285634030668	5.1052014085745165
DADNAY	0.17533427004275337	-0.15637501283206356	0.12722859132648057	-0.02821700210889211	5.213162827312147
DADNIG	0.08298976604689834	-0.005895586166158928	0.06976013620261479	-0.07158956324548271	4.95529511048777
DADNOM	0.17157127125898874	-0.19801649189253356	0.12449226734394281	-0.03203464059620442	5.159508578038696
DADNUS	0.07815708973685442	-0.08967137861116692	0.11291329286661611	-0.015444621912574341	4.95008671517203
DADPAA	0.09205061477606558	0.005309163010851936	0.1012645015195488	-0.04355681073496387	5.048876842598449
DADPEE	0.09539820878991101	-0.0557570375168055	0.11650817847742156	-0.043281159638554056	4.996799892702124
DAFMEC	-0.12864766556783014	0.027792513041731137	-0.03278049309562281	0.114930167395355	4.652534670989636
DAFTUZ	-0.12082646362988414	-0.030330789977561334	0.021700165309564978	-0.053826543664320825	4.359739887229159
DAHHEZ	-0.19920548214784284	0.16867549441748908	0.16430443677383888	0.02365110959661043	4.569277854328423
DAHHON	-0.03952654315251625	-0.053756281825316776	-0.008823513364090596	-0.04434436772206862	4.581799146985051
DAHJEF	-0.04159969232209093	-0.046040305178921326	0.00017462727801831335	-0.05237246735053269	4.573332271541303
DAHSIQ	-0.09323470291368396	0.27503625178176216	0.000108135482462135	0.13342987906141268	5.123631772337065
DAHXAP	0.20555802376472654	-0.14489924431698809	-0.07301579378524825	-0.031013097496318642	5.270257448525107
DAJJAC	0.09693695174807271	-0.24447923786370174	0.05182941811415809	0.03053894325193829	4.959968865894968
DAKLUX	0.3218731508528343	-0.06936504576275215	-0.028270740348672607	-0.05259441743028603	5.679579721614901
DAKREN	0.14562642629219003	-0.037358859381012355	0.023179417162330074	-0.038728325550425935	5.170468187635312
DAKRIS	-0.11579070927623047	-0.1410218722665777	-0.03851894227040109	0.0019131178607868504	4.344973268697299
DAKROY	-0.08456569736590502	-0.07491103025807089	-0.0233190009227644	-0.004942167862777458	4.484722725696114
DAKRUE	-0.09258947307417098	-0.04705277048756873	-0.019786358313095498	-0.006936097800300578	4.492105269475724
DAKSAL	-0.12281406849796106	-0.1489279343085983	-0.042589686364838064	0.0007721327034855285	4.315598127378636
DAKTEP	0.20335233654595308	0.22240292271668327	-0.1131770175213207	-0.07812086121941453	5.6595665941188
DALHEG	0.33529744944222317	-0.2017408072987843	-0.05027262115113684	0.08238833469401818	5.872578875517776
DALHIK	0.36723294442443377	-0.0719898811045514	-0.051972256019512386	0.04612441260738054	6.0469729479471885
DALHOQ	0.23931628006889927	-0.10871219475780247	-0.05482312653453025	0.025024607091815643	5.506699674812562
DALXAP	-0.09378903509138747	-0.29026240023987127	-0.08006669816644019	0.057242500231210136	4.359990996052893
DAMRAK	0.17925648886194434	-0.15153534610939778	0.10078374516018052	-0.010974728403446044	5.248563274286182
DANKOS	0.28480721922444907	0.12337422278226473	-0.04027581159095295	0.20258999625676233	6.293066903805872
DAQDAB	0.13017978589815327	-0.05690983436091113	0.1144744489900067	0.024084843214054574	5.215289650465111
DAQDEF	0.15108709298574574	-0.18693237702815257	0.10853532908398833	0.029385864958855645	5.189857634492285
DAQDIJ	0.12090259653492641	-0.09900893307921965	0.09681395199984677	0.02255146213567283	5.134057998653658
DAQKAH	-0.29263950847782705	0.09957515350086554	0.04713184723510988	-0.05912485557442282	4.060022208589894
DAQKEP	-0.2709634233908589	-0.0025231075956404503	0.0773100280637784	0.10383736649450614	4.252241872726399
DAQWUO	0.260383658244169	0.03572632230868811	0.025783390080469815	0.01392361612992965	5.7180925447692985
DARRUN	-0.3572753946533409	0.06070048977214304	-0.0337407745644176	0.026578675981110633	3.9381082161847574
DARSAU	-0.441969117689337	0.06830140957845021	-0.017370113387511044	0.030636567981010665	3.784039103387635
DAVXOQ	0.24566380692239909	-0.1699713553604265	-0.0234947097265803	-0.01849908954217938	5.397914326893681
DAWBUZ	0.21549971574773252	-0.05005770077853544	-0.08829924695236668	0.023770517622475396	5.510454080001663
DAWLAP	0.2831142064027614	0.20414066043087464	-0.08120442289467333	-0.01036425023526466	5.96460288168189
DAWLET	0.30737317864661184	0.267557392379298	-0.06799459111328399	0.0009538685032202121	6.167120482033584
DAWTAW	0.08820264252208654	-0.09572191056857804	0.11378443302790364	0.18402404240992543	5.359471776426103
DECDUK	-0.2585159695200332	0.20225202816019472	0.0004780901934557935	-0.04754566265364513	4.288618502885014
DEDWAL	0.08054945417665094	0.029733585549517105	0.0470518159853055	-0.03248862034889877	5.047265519602223
DEDWEP	-0.004249859730122374	-0.027033022284086883	0.0982387294881446	0.04350040494285368	4.893185050928441
DEDXAM	-0.12845750805725542	-0.04986450197509695	0.042255491049077554	-0.03920146456456697	4.333147096543675
DEDXEQ	-0.34794758462666686	0.23383001978264772	-0.0552567721281465	-0.13801442413780496	3.968718972767093
DEDYIW	-0.25446219184344265	0.1655743705359236	0.02127716916403033	-0.0499615680056098	4.268546403641741
DEFJOO	-0.06662512752924332	-0.03125326188027566	0.00454833290972112	-0.1236473127979053	4.411815588126112
DEFLUY	-0.13158824104803268	0.44062817120204834	0.006017423721473181	0.04050668574071792	5.162148638200918
DEGQUC	0.15202781650616704	-0.06426074121857983	0.11624412296666242	-0.009901943998807727	5.243334983146359
DEGRAJ	0.1185397369024046	0.1499259470322567	0.1227451367267407	-0.03892721859265269	5.328684360843675
DEGVAO	0.3055819234789716	0.04290524661481143	-0.09623743487539338	-0.0036692875619719345	5.842189090056943
DEGVIW	0.29825891055104314	-0.013292639154853347	-0.115041507880707	-0.003748615941452149	5.749227501126238
DEJTAN	-0.18065598327728627	0.08680290273992597	0.03488330308332799	0.03304866630594494	4.4584948814433
DEJTOD	-0.24576169608234522	0.26116170983416165	-0.16404177543736798	-0.046442581360161994	4.4122186683718825
DEJVAR	-0.2596779083090115	0.367983323792481	-0.1408266798217097	-0.027628573563378223	4.580661815048354
DEJVEV	-0.3144419607871627	0.33590946646031883	-0.14638656813240902	-0.019839862690951726	4.399834740533107
DEKWAR	0.12312895916302047	0.1850028782574893	-0.045960536444237476	-0.18090634710906095	5.184497145292274
DEQGUB	0.0417805406188001	0.2096353393804553	0.04283920540082908	-0.05020898134745433	5.121847653536024
DEQHAI	0.16992032157997716	-0.09108904284009967	0.04103084366728038	0.04578103492809538	5.357787995600406
DEQHEM	0.10456794456326879	0.08407233977181328	0.0332229098023491	-0.006928743723898623	5.230241247352241
DEQHIQ	0.0961626624769405	0.059992484308599714	0.02304706978404525	-0.006337416940068619	5.17202122964057
DERRAX	0.2690740240273497	0.04765015366003489	-0.12387346774068231	-0.014349687399585198	5.704088141184896
DEVSEC	-0.16883334581519782	-0.07602235956318992	-0.13456906969384796	-0.04553289020213325	4.184125422822906
DEVSIG	-0.1935963617583425	-0.07209204809159164	-0.13973389064782382	-0.04804102775183716	4.115797654194779
DEXFUI	0.3165991086279174	-0.08430069283357966	-0.10430147239930343	0.003698148249447808	5.752822118357069
DEXHUJ	-0.12239539605380712	-0.059004803545884776	-0.08145864288719107	-0.05506643363763519	4.327419937899968
DEYWAH	0.07531759508965186	-0.05631708225671472	0.0952518682751966	-0.06261366268953339	4.9032050140323795
DEZHEX	-0.06787592596385972	-0.04367339918488833	0.0666453552444517	0.050933576668491964	4.633662992543789
DEZTUA	0.1281594708305951	0.2246038561171826	-0.019351126155781717	0.004662116125423776	5.511883172514172
DEZVEM	0.27643830408510306	-0.11632429424873125	-0.04925222428930276	-0.05308762086107499	5.4954160743468945
DICQOZ	0.12487796660326644	-0.13755618246119972	0.11787558895427197	-0.08879808934034705	4.993665319756059
DICSUD	0.17485278014501215	-0.12415470638816961	0.08664488753258093	0.0034597381432208696	5.241774397675482
DIFKIP	0.04725632117343004	0.046864098613396354	0.040764109227054535	-0.05859737573538315	4.897808347343286
DIGNEQ	0.08487868866717374	-0.19734017414519767	0.028132714729395936	0.01852813535588571	4.941011059835327
DIHPIW	0.2627212476371854	-0.09585604037956674	0.027861979626015332	0.019665635296922335	5.588172307925569
DIHSUJ	-0.2634115492375291	0.08516459677377464	-0.014961541672577239	-0.006538069340080166	4.164004320253908
DIJKOW	0.1363994352970721	0.26167649849764496	0.03452375255627094	-0.04767960953222794	5.528857252049845
DIJQOC	-0.39857912631591086	0.06460679108808165	-0.025370672522848414	0.013497210318340724	3.84801694116779
DIKFUY	0.14460428937194036	-0.0685727402527534	-0.005771117823927474	0.01923602308372785	5.25045376307708
DILWUU	-0.27446281552288676	-0.07087539539142806	-0.13399240628760145	-0.06948039658214145	3.8893235272423103
DIMSIE	-0.040250040959085354	0.07267931808104189	0.015528173804809864	0.022334806934253937	4.8118144731481
DIPLEX	0.15158112472063534	0.1639142829708411	-0.0555878291891565	-0.06950041078407165	5.370456572898017
DIPMAU	0.28137849771056356	0.058821890106101726	-0.09812718699937739	-0.11629623021995039	5.603643177759253
DIQCAL	0.08643314743576225	0.1327601992069991	-0.10090893669971313	0.035216793656155154	5.285774103467151
DIQVEE	0.11968044314500048	0.050160556471133155	-0.07400876253264776	-0.004590127804018573	5.259775062802944
DIQVII	0.24724898697863873	0.056777762774130824	-0.011825320039343223	0.06340362270828748	5.822155948478947
DIQVOO	0.26787005177081946	0.09112708119948199	-0.08263265762881167	0.05855612871797955	5.9027338145065436
DIVFAT	-0.044742894394946386	-0.05090978027769033	-0.008896043270238074	-0.050301046206815414	4.556432170365558
DIVFIB	-0.04577748055960251	-0.05228223680620969	-0.007843721611520138	-0.04502098708624824	4.564822472262487
DIVFOH	-0.04273191623299688	-0.05070623255853013	-0.008923891383384452	-0.04298959730305374	4.5806616906837085
DIVWOV	-0.18832063943997124	0.1383552900209013	-0.05368505359325759	-0.01229672427305184	4.44909410452442
DIVXAI	0.119351655203209	0.0640477499259191	0.17186935766269107	0.023458054776094195	5.359309912482209
DIVXEM	0.1065066889247217	-0.04646549314743664	0.12464169243032153	-0.018423659859774233	5.090487122523438
DIWBAN	0.08208021043638691	0.00351918195921197	0.11406524245718686	-0.03713977437311422	5.038544124255075
DIWCIX	0.3208785973716819	-0.08551306263655434	-0.09159349736540179	0.016937689914928833	5.790637639749675
DIYCET	0.20465070147779896	-0.1493677838618208	0.06522894387081979	0.005887573258187562	5.33495511155695
DIYJOO	-0.3330592459201218	0.15255741742570317	-0.026101560598343454	-0.04213251865820378	4.025803437293101
DIYQUB	-0.31194362339456116	0.13129037286892187	-0.020724771137720754	-0.04246877249564396	4.046751160878455
DIZKAY	-0.06885858090573249	0.007290525038629703	-0.0004812522650736728	-0.03381189218797298	4.550260828459542
DIZKEC	0.09250951838472643	0.2445514381831937	0.03109865792424693	0.017933619218533092	5.478777817401991
DIZLON	0.09155504929157265	0.17100893344398216	-0.06993716362597557	-0.09081762236196167	5.167456461663177
DOBPUG	-0.009743022227338027	-0.10536749352832864	0.09716387814399807	-0.030097447199533	4.634413426573525
DOBQAN	-0.02680852386909116	-0.03226832351654041	0.06813748901959382	-0.01660883936420965	4.678177062389577
DODDOS	-0.16258621096753467	-0.13451288987213017	-0.05642518605456481	-0.09563606112594025	4.054322420280021
DODDUY	-0.17210132049644966	-0.1309580570751887	-0.058488074698708425	-0.07202697705373085	4.076452353368633
DODVIE	0.3527990536197487	0.09189326675887788	-0.0785861901060334	-0.016969688131142635	6.054292823644717
DODYUT	-0.26509181964471296	-0.16509384224331347	-0.14551362618725006	0.15271261849518436	4.157489765250054
DOFCIL	0.018851308132356692	0.20503780671784622	-0.04321283804538245	-0.016443577735524517	5.1065944486625785
DOFDEJ	0.1956519892144435	0.29760907609476783	-0.08775664088305901	0.12325029168723001	6.082231144218165
DOFFAH	0.12496228457508618	-0.02725315108286752	-0.1624898618581505	0.060338234281879566	5.276479682463459
DOFFOV	0.09271052658912948	-0.0044595210020990095	-0.10774971613040285	0.0736364027968538	5.205473387974388
DOFGEM	0.11762444545931316	0.2191289783870496	-0.07272987092030614	0.10183366667867433	5.627356553405384
DOFGOW	0.0815203068332715	0.13672069711103108	-0.10361587800711392	0.10407852361511727	5.397875252235129
DOFGUC	0.150170528246107	0.17636982315713734	-0.11482796711619114	0.09878351314123157	5.653331722057717
DOFHEN	0.06983535502088767	0.05378975602204772	-0.18103987569676017	0.018478772589143877	5.12357658998678
DOFVIF	-0.2948842949931234	-0.11448171973321841	-0.1845524743391389	0.0038837343528757007	3.866345492694523
DOGNAQ	-0.26640885362790234	0.189012652330109	0.1546801094154211	0.0015522038691840878	4.336194457062177
DOGNEU	-0.11575278072140471	-0.07905475256479244	0.011731928252429524	-0.03928157201366733	4.316532706604391
DOGROJ	-0.18409051115074648	0.04509222199469454	-0.02408569957994433	0.01960421432630688	4.3663752538244385
DOGRUP	-0.025956132325384296	-0.10044484649480268	0.038899186613772896	0.014024311262640365	4.663240284286114
DOJJUK	-0.07362654709616079	-0.2533998785513325	-0.17272409910865316	-0.14952102448304416	4.1332780294513904
DOJKAR	-0.0783953151881418	-0.25077362830700056	-0.1684627684375548	-0.14262848259650351	4.1327498054676495
DOJKEV	-0.09910098369224762	-0.2227167564772108	-0.18626620753365697	-0.1471520343499898	4.0910582287059745
DOJNAR	-0.2719673694479048	-0.10838917238732915	-0.14753584246674234	-0.028144360221438625	3.9040731684646466
DOKMIZ	0.20264133861076283	0.005889477033824697	-0.04722474614443373	-0.019895882596143943	5.418710019741727
DONDIU	0.050877635081966854	-0.1266643763363664	-0.10279430993879579	0.1597303838674483	5.113194990972709
DONDOA	0.14755454533882917	-0.2732549418654626	-0.10568523806639707	0.09631718055022198	5.218962307786803
DORROR	-0.24971262100419245	-0.039221012163770386	-0.03824926588829736	0.0017912873104017901	4.057952178094839
DOTBEW	-0.061341149745660406	0.009802189371683756	0.004472199024791346	0.006238307207545479	4.635282466518416
DOTBIA	-0.05448257859305761	0.050908385685788815	0.007012376512808061	0.019779245420442293	4.743659856044773
DOVPAI	0.1310912713997192	0.10361145987983456	-0.09560702110444996	0.0006996692273194549	5.3264546436304245
DOVPEM	0.3493491734421603	0.14906420956797772	0.0045305236945643035	-0.13041838361864	5.963486837567618
DOVPIQ	0.1851176906973082	-0.1547666964736314	-0.010932564833420422	-0.06449395066623376	5.160954179219217
DOWFEB	0.35610396817422485	0.23673849298191518	-0.11419588770860334	-0.02132222126115002	6.292849941279505
DOWSOY	-0.10932552535469053	-0.028729578432483027	-0.009259518670287292	0.04248628247740305	4.560638659125372
DOWTIV	-0.3674903420431299	-0.045804830641876126	-0.025163402126683332	0.020894657671249095	3.807928556574055
DUBTUP	-0.34669208294974196	-0.14355347216910053	-0.09956818353083641	-0.014987229783137268	3.7040707988198824
DUBWIJ	-0.041181495741486884	-0.2304858631699036	-0.10800605062505197	-0.01701097607166524	4.453138041364546
DUCROL	-0.10486930538326567	-0.09373214686465214	-0.005534259634399019	-0.08458895186881821	4.2713079447147
DUDTIG	-0.20494444858111538	-0.07287407153946246	-0.09109423266815742	-0.026118097591998346	4.08112157486179
DUDXUW	0.06675171050588435	-0.027109384074463172	0.07805494962315329	-0.046293228524821206	4.951970562290763
DUDYAD	0.07555896956190411	0.02217732609469314	0.038892937263856675	-0.05502094836736482	5.017790505107757
DUGMAU	-0.2286735954733512	-0.06214981491595628	0.0004228881437378096	0.06663812075933329	4.2349332112341465
DUGVUX	-0.14028468248353776	0.2204688429130619	0.05377880653118883	0.12061803127084947	4.914815977530441
DUJFIZ	0.18181983681878267	-0.18237090132243128	0.07387843290750729	-0.012718103270367376	5.212280787916417
DUJXIP	-0.295396378425939	-0.041152774621071586	-0.04555820559960111	0.012312268126942305	3.9759402759594136
DUKMAZ	-0.2656587487267361	-0.15359477919697162	-0.08619617723385464	-0.02147324739585854	3.886460324815952
DUMBUL	-0.15962248963653414	-0.14845664013345394	0.14161220274873343	-0.031189289712710955	4.2217271670669625
DUMJIE	-0.001640852016539629	-0.03707326541620004	-0.09976053854764344	0.0403989409353096	4.835221608778569
DUMKUU	0.039053977336297674	-0.003324924143405461	0.09370371250585463	-0.024071950408443676	4.915350621811158
DUNDOF	0.03715737819007536	-0.171331311644507	-0.08347613671588827	-0.014828146088361138	4.7345513805788455
DURBEY	0.16505234031366722	-0.10150167906462837	0.1350253558222101	0.0560437068366747	5.356352229673043
DURSEP	-0.03360106091797421	-0.03112383917331929	0.10385735557653875	0.008161762771609293	4.700168235079628
DUSRIU	0.18242609553711908	0.18518150086915508	0.1102752504346396	-0.03167530267327334	5.594967435595969
DUXLEN	-0.07892287962942346	0.25084944752653193	-0.011302304377785788	0.1371229063670062	5.1321235769618365
EBAJEX	0.1223968050200619	-0.01199413953026296	0.08843596430545886	-0.04104944525549192	5.140807302594171
EBAJIB	0.08406593709741284	0.02187778662366968	0.08284559137769998	-0.04850330967877381	5.016190719470965
EBAZIU	-0.18588109516140516	0.026861852997374758	0.10016209279453259	0.013900089611071587	4.329838046199141
EBAZOA	-0.028937579203657915	-0.11162927534362987	0.02815066661746668	0.013528977136656684	4.6474899081719325
EBAZUG	-0.271684890986265	-0.015448633690214209	-0.09724960234640423	0.0212500439010046	4.073417586786218
EBUMAS	0.31617722447111696	-0.1285908918486809	-0.0769798279961671	0.004254932757385532	5.714425188044004
EBUMOG	0.3108968871392719	-0.14916312341524596	-0.07869570910667267	0.004123757479514212	5.675841412626676
EBUREB	-0.34071970597665824	-0.17079737286672114	0.035139563884655	0.029955760285515276	3.788859735468564
ECATAD	0.30780249555302586	0.17564085913641447	-0.07936341271897263	-0.08852626667660135	5.906015737178338
ECIFII	-0.48573572192271186	-0.03046518721445679	-0.009194720532267775	-0.010549819680949257	3.512802653294984
ECITET	0.26111832571498805	-0.1386474702029148	-0.014478018530943437	-0.0247371659157698	5.470713619416533
ECITIX	0.32990750691536563	-0.16377422487381899	0.01824460875345779	-0.07327259811190368	5.606683470493022
ECIXOE	-0.4489281880944027	0.2450953679861625	-0.13581056460121954	-0.0673883944554946	3.831735715418244
ECOBAC	-0.3448110399100952	0.40143773009330586	-0.09731100098036949	0.005042402644848454	4.4721788036202605
ECOCAD	0.2262348539986574	-0.32179087129138484	-0.04380571409728651	0.1729587978639926	5.600900365764251
ECOCIL	0.22886602229670272	-0.3083160756987593	-0.02922477127398526	0.15584930148351106	5.56637699416125
ECOTAR	-0.248583258227846	0.15572884218842864	-0.08049637472179216	-0.04111699782882128	4.231082455901257
ECOTEV	-0.22018128543242632	0.18214153332520544	-0.0790530892354191	-0.05760462197313443	4.334300514567362
ECUCIO	-0.1631268962955572	-0.05528502088151477	-0.001582205214041732	-0.025909435610229514	4.26499097168533
EDADOD	-0.25367292669971153	0.16442850639124762	-0.17862152207879323	-0.13854839060918933	4.1273230674491
EDEHIE	0.20831545612429947	-0.11036544143615323	-0.08283170409754614	0.005502224961352886	5.35152044232173
EDEMEH	0.022130523563103743	-0.08853247701995848	0.06717655762869779	-0.0034228200066911407	4.791344514999361
EDEMIL	0.017826425580326433	-0.03858865870226991	0.09493764027883467	-0.003205907031487043	4.842533070983908
EDIHAC	-0.010388443175597839	-0.019995664133946267	0.07650245126257649	-0.007979560708563649	4.7443595435294315
EDIHEG	-0.018942141792031908	-0.034522169388865986	0.07054488874709208	-0.00436983315419337	4.705700089255524
EDOBOP	-0.31386744841961467	-0.011079419259007128	-0.08656023440881433	0.018373394492531725	3.9376118591706026
EDOBUV	-0.25238748958792745	-0.06996929198278679	0.014884884195633719	-0.03750575464984396	3.9537945229208518
EDOCAC	-0.24424131337600996	-0.059575414831152695	0.027322915872822318	-0.039882786898446265	3.982348448488427
EDOCEG	-0.2545521845069525	-0.09683438910768594	0.028730977212177544	-0.067041716830199	3.883821979002041
EDOQUJ	0.24803310522271893	-0.040725214668349885	0.05211453288903778	-0.036760437863366247	5.5075291082476125
EDOSAS	0.2206156478938004	-0.1394505469145737	0.0918071178396378	0.024963877368115228	5.443824019006599
EDTARH	0.26000947859625967	0.23426223877347496	-0.058076474382372734	0.1450956218156082	6.247867532223406
EFAGOI	-0.11192838271141436	0.06475270962139934	0.028223754554172364	0.11881822333095071	4.672237386503776
EFILOW	0.07905042814490226	0.04054271003285015	0.06170158365900047	-0.054736705754237835	5.0341572029233355
EFITET	-0.3023961958398491	-0.028549659102171443	-0.09360031143750991	-0.03477269029032659	3.9143375285611213
EFOCEH	-0.16356336091613843	0.05228702898605553	-0.029404488103040638	0.16574004509220452	4.658922874995986
EFOCOR	-0.2050248962976211	0.04879620999091472	-0.09339840779463016	0.22189491408132744	4.639683819391971
EFOZOO	0.1773224501715016	-0.10223082379186499	0.10599274922516222	0.04338429525886223	5.364138526589907
EFUGOB	-0.2772811617784967	0.10673400964645507	-0.07556972789061955	-0.02075886329156107	4.144373986134327
EFULAU	0.04378018536101136	0.0046982127918950845	0.1504808348636002	-0.006311897184199555	4.979706054687665
EFULEY	0.047586986484311034	0.013035191609279906	0.15129968809245198	-0.010161138693500993	4.994107828650229
EFUPUS	0.07775813231515727	-0.019757397017508893	0.01769090769033288	0.06350285177647408	5.133485197992159
EGAPOS	0.10220554650810598	-0.09938479356598817	0.06742753692160597	-0.05055111967062986	4.95223478056998
EGAQAF	0.054718052754352264	-0.03072364394744298	0.0972434162184499	0.019838518173552977	4.994507044245386
EGAREJ	0.10843124783823788	-0.016528636894605153	-0.14282409856888778	-0.050579816978236325	5.060968710658321
EGASUB	-0.04887303126928488	-0.09076224714364223	-0.01891679692690995	-0.053194243718650225	4.4801586281632435
EGEBUR	-0.06248540301762828	0.04635404648122865	-0.12848545273903667	-0.07333464354951813	4.554276615691492
EGEGON	0.03384780883286709	-0.18896512048115444	0.08397761619071198	-0.01883499649542697	4.731616321509823
EGEGUT	0.03262474904177903	-0.2126498421203229	0.10810712520450627	-0.03537232123903289	4.696496166937576
EGIBUS	-0.005917196120414747	-0.23352084528661154	-0.0712368513133732	0.033585595232566656	4.619969539842177
EGIBUU	-0.24470288461455025	-0.03238941323101807	-0.019567808140190435	-0.08009339563393436	3.989637311465412
EGICAB	-0.22622975460012196	-0.0579673346214431	-0.03624706141624001	-0.10393108701314757	3.978033388778859
EGICED	-0.044320276320017005	0.10338708685533726	-0.05189563854922463	-0.076203649823117	4.670150625095519
EGICIH	-0.06833584384517088	-0.22316185424491164	0.0715291657026138	0.10507866974514724	4.61424955845698
EGICON	-0.07803449621689751	-0.16080344583385986	0.08079240412149957	0.07885610389509579	4.592348601005107
EGODAI	0.07139201291681596	-0.0697161848678669	0.13159544592129357	-0.01017166681909365	4.968036366402754
EGOKOA	-0.07991066588515405	0.1570871344601783	-0.018451814364550456	0.04582993156630155	4.839576429811135
EGOKUG	-0.05451664089019381	0.14053292739348278	-0.027818646630384247	0.1515200249158476	5.061777565421837
EHEGED	-0.09563623102129548	0.06794083814803775	-0.1018201408609456	0.08715591637949616	4.763190154694982
EHENUA	0.2933367995548144	-0.06402713003757876	0.03460291741496602	0.08809813591884008	5.876481221340212
EHEPAI	0.11185156137235586	-0.009479399459663362	0.00729129257429717	0.06795539417206575	5.2459254352748355
EHEWUJ	-0.011545633755159823	0.16391143785513718	0.07230093359262102	-0.0647080361780904	4.872410904525257
EHEXAQ	0.00658785206455903	0.15773349738258968	0.0872089150229094	-0.06517647049702757	4.929053603288979
EHEYAT	0.13800489548401895	-0.09627858776002851	0.10716166361216262	0.0059634098909469024	5.186554997065125
EHEYEX	0.11052574367635692	0.03414278106928892	0.08532791310236787	-0.037242380244082995	5.142493937471687
EHUQIH	-0.3953832158879529	0.04679508782444808	0.037516532431388194	-0.06228584683278593	3.732103001696712
EHUXAJ	-0.19918456711596	0.0007604998153385445	-0.05065850846884801	0.008236731819477816	4.266228530590183
EHUXEN	0.033546490970745246	-0.0267681238671571	-0.01658412521804853	0.1604385449104001	5.155978621072625
EJAPEM	0.17675587350312272	-0.05874246752756518	0.09285799324043942	-0.013555215290866784	5.304446419345086
EJAPUC	0.186586992702376	-0.025248165936473832	0.08402348904385226	-0.010768527971578457	5.378400667666133
EJIDEI	0.05872106060973792	0.0077647462642058684	0.04535032644114678	-0.05547374697791441	4.934248217288657
EJIDIM	0.19370305133840615	0.0452127949584078	-0.027996528019237577	-0.022414797942718057	5.435399389382139
EJISEV	0.16342914032733313	0.05173378190543465	0.08704123231456329	-0.010573817517755768	5.377500888424323
EJISIZ	0.12186115621057159	0.16327353412115952	0.13747932594098056	-0.07888339186365634	5.297773701284501
EJISOF	0.09644462283157473	-0.012552119995898892	0.10752940561616642	-0.03233532232331182	5.074359698828978
EJOMEV	0.13637219134105694	-0.15429484228563428	-0.1097031041526626	0.05541530317396848	5.179273646854806
EJOZIN	0.1730007941462257	-0.1725070023341584	0.10839541837066657	-0.07688470703167449	5.093108592593815
EJUJOI	0.14080642956420863	0.21001193357277392	-0.048526127592898094	0.040720970376854626	5.587516497034251
EJUSOR	0.31773712734371085	0.14945244256032275	-0.07939491477334792	-0.02647526849381232	5.995162873100708
EJUSUX	0.3344987731920801	0.13866930792076193	-0.08526537790504585	-0.02525293365255965	6.042890400348498
EJUZIU	0.10785468468808279	-0.11627575092443232	0.06598080516810834	0.0320092436312327	5.122915286612457
EKAFUR	-0.04170804593678357	0.02869386514423411	0.02116468962296847	-0.051419000663185055	4.628057741046034
EKAGAY	0.22031079534573017	0.07640543493348151	-0.05272774195185326	0.019691381496215632	5.62041647888824
EKESUI	0.0958858236033322	-0.1073086128839793	-0.017678072128020084	0.15281298504976737	5.237010185504507
EKIDAE	0.08079006732517557	-0.02480355228646447	0.10292243340181662	-0.03895048899581599	4.981122811563329
EKIVEB	0.09490092683328744	0.07654546333688117	0.13550637994193315	-0.032109681956476455	5.163654220554175
EKIVIF	0.13652133004582945	0.07997012823604344	0.0551492734424297	-0.08945842449857244	5.186602633811946
EKOHAO	0.3189731799190487	-0.14447226658311707	0.016116398692253675	-0.031812611346880404	5.64394277723236
EKOHOC	0.29520209367211425	-0.14597305220555556	-0.0024180047201090016	-0.0344778687038545	5.540656720782973
EKOHUI	0.40458613081345396	-0.16318342426193633	-0.0058156456125819656	-0.1109395285478757	5.821061746796887
EKOJUK	0.3190553355026706	-0.07022400264947759	0.03232231683634401	-0.044780640575641684	5.682564752816726
EKUHEY	-0.024253903237934082	0.3724949120786687	0.0568073724495477	0.1309085755821222	5.531392949380443
ELEDAA	-0.16469601154274693	0.01280387744686573	-0.006502734544231448	0.02005707128063816	4.361637374795136
ELEDII	-0.15970462681931896	0.14792873681857532	0.05911435429060963	0.08289306815325082	4.663832623852513
ELUHOI	0.2568931466961466	0.17206075624161166	0.044656533750160765	-0.10918837010356541	5.719726057979921
EMAXAR	-0.3329163572732685	0.0026956939869582364	-0.04110888829862769	-0.011514521047276793	3.868099537509583
EMAXOF	-0.30406800082627594	-0.033825449420009424	-0.041177535102751905	0.024890126326988282	3.9359761885082354
EMAXUL	-0.2922524627154741	-0.022057630364140213	-0.03440773511354012	0.046400934934922144	4.009799605866864
EMAYAS	-0.40533263870325653	0.0006324004155047191	-0.014247673513899883	0.05878974226883127	3.807088244139651
EMIJIV	-0.2650970460515163	0.011325876763738307	0.0952581962804151	0.06779663886790921	4.2238477166757455
EMOKAU	0.060641239465327956	-0.4321041876614893	0.023234759283751627	0.018487664215966038	4.766051393136012
ENAMEO	-0.3536898038607834	-0.050391346265025394	-0.07571421426803293	-0.033417217373535535	3.7256608259972857
ENAQOA	-0.1902170668340457	0.04092730942438472	-0.12382469663188322	0.015351204698221932	4.36979991205528
ENEWEB	0.1849685843156874	-0.2619005894647817	-0.05816940060414266	0.02974326390035431	5.239077045935316
ENEWIE	0.22972971115128837	-0.078402498757137	-0.04179009068869677	0.00012813575413783695	5.452577576632113
ENEWOK	0.1913079597579901	-0.08192634227839424	-0.009363010282393613	0.02244963316528681	5.341621757433542
ENEWUQ	0.08773105197486863	-0.17178915054400634	0.1306738143499646	0.05614407308592495	5.043588786681359
ENEXAX	0.10739360344234283	-0.16492121623019784	0.1440994810021503	0.02958542528074004	5.068927940268884
ENEXEB	0.07962416833222496	-0.17315517490445798	0.14181379046257558	0.034414150029892676	4.9772410183767715
ENUWIV	0.05212486552584261	-0.006602674666969399	0.1362642190283596	-0.006250338362406183	5.002535236486419
EPIBOW	0.3342676633074686	-0.05557472702440913	-0.07637610523858473	0.01880103453429194	5.876211420726225
EPUGEC	-0.18302960648717592	-0.11416949635932117	-0.10891032084763341	-0.054097183973188856	4.096864509405534
EPULUX	0.40668099528406465	-0.21916910710310766	-0.06433374728665653	-0.09703717070765361	5.831653401799576
EQAPOD	0.14877777156738503	-0.07274019504580664	-0.06155899376969898	-0.07961372474169714	5.078205193088752
EQAPUJ	0.1152989021864057	0.08984180489096394	-0.10759625330180222	0.00768221185154061	5.271752118653615
EQIKIA	-0.11102797974763967	0.10363871682281456	-0.04582786911628722	-0.020152357821227707	4.568628989100264
EQIRON	0.11258246624161661	0.2090131344589925	-0.0453229631665375	0.0031151467295348345	5.438295999260549
EQISAA	0.09528057631326226	0.19048012603700037	-0.04901558961605357	-0.0037589914272155855	5.343358721244352
EQISII	0.11825149243863642	0.17690744332975106	-0.050397969614992766	0.003940945793826867	5.407392036878397
EQIXIN	0.2958322476187152	-0.306958961190553	-0.01588624608093725	-0.021230480618005254	5.524405233124402
EQIYEJ	0.020406080010356487	0.3922893732798163	0.018359585808362278	-0.12988599425913971	5.338799048767409
EQUVIX	0.20038989249119732	-0.42024526031828136	-0.1581546261636635	0.058722794058163164	5.280055590741666
ERAYAA	-0.25473099898919727	-0.029173179747923328	-0.10763185436529144	-0.04842145551213528	3.9850541885457766
ERAYEE	-0.2747929849593054	0.012941904981349506	-0.11251420966193426	-0.0661641948973134	3.955479690068924
ERECUA	-0.004688296836924621	0.016895055916057444	0.020815523174063655	-0.013872328891723407	4.780802635465878
ESAGIP	-0.009185471817151125	-0.12104381700705069	0.04318636330357295	0.05891424347690999	4.759886431003524
ESEBIO	-0.2771207754213785	-0.09358378286722946	0.07036908411116927	0.0230803127804301	3.983700452502256
ESINID	0.05180792689977487	-0.02910603207941387	0.155211630717627	-0.014049983299278423	4.947939986822549
ESIZUB	-0.22540348919386433	-0.06483853499241432	-0.10140928602762922	-0.06551017665218628	4.011261757363339
ESOHEC	0.24383950338671312	-0.15682876811866064	0.012342049553118128	-0.04709082676859322	5.36063630139374
ESOHIG	0.25549360274984156	-0.15066363279259276	0.008809421778437798	-0.04034837571608907	5.416555670496493
ESOHOM	0.22857018927914208	-0.17349046786592504	0.010059523578741292	-0.047281236264926085	5.3013087851841
ESUKOT	-0.04602589487400177	0.26147389409660793	-0.014728371697743547	-0.06570841671228145	4.934140555330443
ETIPAZ	-0.3932196489683879	-0.015302490285377779	-0.04395730653138896	-0.043303403818613306	3.6697719393818957
ETIQAA	-0.39381045873450304	-0.016207804621158672	-0.045459803219964456	-0.04176045757023672	3.6690680716304964
ETIWIQ	0.2782876129902814	0.060914338587898964	-0.05027939983237517	0.005908065592130973	5.784476348732438
ETOQIQ	-0.28393680932620047	-0.18639755990232865	0.027176661781924683	-0.01646381688764864	3.8498508981074964
ETOYUK	0.3370331647371385	-0.0763163540262104	-0.07734909437913018	0.02180490386404732	5.866785737732083
ETOZOF	0.30526849148104773	0.07944726767241228	-0.10702610238598531	-0.013050615719509717	5.886092967458715
EVAGEN	-0.286879439632133	0.08181043951098754	-0.023173830735038203	-0.027450554349049083	4.093925755198262
EVEKAR	-0.2574690629616081	-0.2606891321698861	-0.12924668884318757	-0.07002050833882845	3.76817931100949
EVEKIZ	-0.33254057759561295	-0.18651498278980494	-0.11376113536702448	-0.0480964016379688	3.6392175066498207
EVEKUL	-0.19467500580465824	-0.10044113505259578	-0.011371854624523614	-0.05723845354191626	4.058084709062516
EVURAO	0.12482063862210335	-0.1316213756245308	0.11932167821515693	0.0018464434789229323	5.104418071457134
EWOPUE	-0.28883865028245825	-0.15248983250124315	-0.05596976060379899	-0.03594714959002887	3.8253197314190786
EXAYEJ	0.11485061723470125	-0.030116123361736413	0.07593012431526991	-0.030028671373247717	5.090531184769443
EXAYOR	0.13377416249571494	0.16619148931467453	-0.0275969792729156	-0.03992482480830195	5.3684994441653755
EXIXIS	-0.3493292537601078	0.03353005803407649	0.0022858948025630266	0.06831490093994208	4.039653316878895
EXIXOY	-0.24380667702926417	0.16335168358715402	0.14220723149446468	0.014646133165676645	4.36980258629369
EXIXUE	0.0938492090528551	-0.13235415708646947	0.1103146582757446	-0.009841058189810181	4.975309113276486
EXIYAL	-0.04426507626954379	-0.06354988308214082	0.006841040100141527	-0.03419029865121859	4.57009837377257
EXOXIY	-0.27693823452117106	-0.061161712337928886	-0.09307871037553483	-0.060751789745966955	3.875818947853506
EYADAK	-0.15919819240438082	-0.27403810736757395	0.06019049567230539	0.028128296507841544	4.194696684498802
EYADIS	0.30716003597385244	0.1628940184563752	0.14324803763654992	0.061050522055435485	6.217984942620764
EYEVIN	0.1612801381736273	0.22396268560691857	0.045095468578629117	0.06227282448505389	5.73885489655802
EYICEU	0.1944583398045907	0.03165551242449727	-0.037948947528703814	0.12441306763254756	5.662828265027761
EYONAK	0.25809932213004405	-0.21631354258438762	-0.0022386490268440085	-0.07547558287183209	5.291227420298809
EYOPAL	-0.24557386849951413	-0.16470374105445007	-0.014987310461659353	0.031171755173337257	4.009579776164186
EZAZEK	-0.2183220209311807	-0.14796570911220153	-0.1234237815991912	-0.033598688828061496	3.9417695318916186
FACFIA	-0.21058784114744045	0.06558744219409496	0.0161074815101776	0.04085453398083949	4.358543965000929
FACHEY	0.2832474177814168	0.06290346832163607	-0.04417163089916332	0.02527142463869647	5.838313288396077
FACHOH	0.019870140476983433	0.22695097713498757	-0.11482915646826619	-0.06806524839813166	5.070431816591036
FADHOK	-0.15549109866935784	-0.17581635584667699	-0.0360307202111283	-0.08963075668829323	4.0314625805648
FADJEZ	0.0074884493326385915	0.28693499198471883	0.025030861522544745	0.17427888517182122	5.537969888742576
FADXIU	-0.21588983365751635	-0.09299551512875004	-0.08443796853354368	-0.0394701562784181	4.055847957122242
FAFBAS	-0.1874614824849452	-0.12715441624781665	-0.11164658105863423	-0.030402967870490905	4.109741500182791
FAFGIC	-0.26383672771070854	0.032527016165348144	-0.030463291058985487	-0.013978462954454152	4.061824860988281
FAFLOQ	0.15680880500460148	-0.21165290761170374	0.10258360058254268	0.007411824924596244	5.162188952945707
FAGVOA	0.10390875171692349	-0.16980737755195707	-0.11436667236766063	0.13573958178576062	5.203019141653552
FAHYUJ	-0.1669581300956271	0.12068904905395961	-0.01032228225762255	-0.06063931604485795	4.408216688753854
FAJCOJ	0.08418480106912529	0.16638976344478484	-0.03529897554645811	-0.14461544355426426	5.087785046498791
FAJDAW	0.07639205086644729	0.17584858743358778	-0.04354600591081792	-0.12636332820553386	5.1179594107366135
FAJDEB	-0.4627426287495253	0.06646280574476604	-0.010582680583969717	0.021578445625178633	3.7165611764334643
FAJHUV	0.23381734440353696	-0.1325947952523301	-0.018910524272320872	-0.07539333142823779	5.326092994855883
FAJJOP	-0.3259351041660006	0.1990108933598438	-0.11354671120398607	-0.08051837250077454	4.02780416693758
FAKBIG	-0.2429292685086819	0.09654053926984751	0.005243933916921906	-0.06904814850560648	4.132648880940902
FALJOR	-0.046256501344952294	-0.07788994172686303	0.027078842573220907	-0.0424211468712985	4.508364923354625
FALSUJ	0.31860869336359077	0.033699444618565444	-0.0761726761616277	-0.03784678230438443	5.827136148577735
FALTAQ	0.35925860662923226	-0.09620140010623768	-0.08463208605383454	0.007342845363838446	5.913480252476957
FAMSUL	0.2750237356892793	-0.1526524829327185	0.018338525678832873	0.0717539728092137	5.69683305609903
FAMTAS	0.27422452143832166	-0.1535182219434943	0.024024831737323282	0.06696208951925509	5.681546388110213
FAMTEW	0.2791527447329938	-0.1545256555416752	0.009826518941084661	0.07812756997691617	5.717356065328194
FAMTIA	0.263619434586126	-0.16922031674685623	0.006904144633903986	0.07212390761168641	5.646000100397187
FANPEQ	0.06564819540897737	0.030836627319404286	0.052918332396919565	-0.03225648153949778	5.011967684502406
FANXUP	-0.0036323757987584138	0.4888726464079163	0.1422360952351378	0.21326942487362244	6.013499328316169
FANYAW	-0.021824184236276967	0.49278461699456866	0.12355770757850348	0.229062666989863	5.9918506467402635
FANYEA	-0.021679476863947666	0.49870775823455915	0.12479775132458504	0.21120001257721555	5.974583993573695
FAPWEA	-0.26378576151895783	0.1092665826126149	0.12075443094637683	0.02553208453694389	4.268223941887652
FAPXUQ	-0.27720586635290734	-0.02755755545110139	0.08758133770158527	-0.06859048446266347	3.9244340376442537
FARDEJ	0.1948518971005706	-0.1766249207096342	0.06876777547920643	-0.015741904657695094	5.253302263501448
FASGOY	0.012504101965158831	0.009666312140367062	0.00017224572998575383	0.013610808320430712	4.890676817820802
FASGUE	0.11535613116738164	0.1156582368092085	-0.03534395538246837	-0.004265611171324735	5.290244074472275
FAVCIR	0.01813230151294487	-0.06901033240352827	0.1696948894609016	0.030077620912730807	4.900666625850063
FAVCOX	-0.20323344211673455	-0.014473714415387029	0.14163327921582458	0.03402069453178602	4.321318884949484
FAVCUD	-0.295391326035813	0.05055654965555112	0.1229538816211051	0.16329432463295646	4.381258769330448
FAVNEV	-0.11183595779955757	0.1936978849516242	0.09063480272063829	0.1332488535248737	4.984523467790586
FAVZUZ	-0.338314853249156	-0.2469158250517247	-0.13225719619992748	-0.05279846460124471	3.598283126317928
FAXBUF	0.06802208856068548	-0.12334685072334439	0.13662059024854845	-0.02689996129065697	4.882325170724251
FAXNUR	0.1800894116455778	-0.16140063627836265	0.02190314285018724	-0.03541562274595467	5.143217515611368
FAYBIS	0.09589719021151133	-0.04770644924318512	0.0539033269794742	-0.007184102719479779	5.058196365888158
FAYBOY	-0.01435743660577593	-0.05655255634319678	0.04599037499305947	-0.027938857789171934	4.655783593343075
FAYFAM	-0.08399216056522318	-0.02751072854230019	-0.018529689587429843	-0.10769973544009515	4.3782821185580865
FECBUL	0.15515721866135568	0.02713200152094597	-0.06644296109215952	0.18629244669075662	5.655764953278248
FECNOQ	0.10273894030776187	0.061013637480769045	-0.08657008157962132	-0.0007283119589118758	5.195008748983715
FEGGOO	-0.30836123448446484	-0.03435804240416784	-0.03791566652230394	0.005369444761722297	3.9213792376955032
FEGHAB	-0.34737669029278484	-0.010687999237856793	-0.11945480087283311	-0.0012588691467813051	3.8287448774968924
FEGKAF	0.2812271448731183	0.06763387423339662	0.144256612204829	-0.043894522585725904	5.800657387745653
FEGKEJ	0.1974082431212838	-0.09222685886518267	0.10867100737386193	-0.048231987144293	5.309450493255703
FEGZIA	0.09987283470767183	-0.1214256367787998	-0.13461770607902457	-0.0512604510184107	4.912969723741209
FEHJOS	0.04688973067881408	0.030458602820733205	0.1405765287855847	-0.032343550372544216	4.970529128440142
FEHJUY	0.06574088275085943	0.04181650313263896	0.11313092577576711	0.004615872975810675	5.092485907494759
FEHKAF	-0.3970622278390692	0.054005363193219136	0.023550516219482676	-0.0580745186817736	3.737419698855213
FEKJOU	-0.24940132088424205	-0.12170765001780515	-0.16629010421918533	-0.04776755632871843	3.9245938826296562
FEKKAH	0.1625928234022691	-0.1243166694686515	0.12350688896332773	0.016540735425937814	5.261893116690578
FEKKOV	0.01119450669714439	0.15228766457940024	0.09522008908863411	-0.07115562136401332	4.9216502729352
FELQEU	0.1434990208617215	-0.028285991524512166	-0.026689396796025777	0.09128602049918355	5.379476503145112
FELVIF	0.34905219325308723	-0.1162641616329152	-0.016728988332336714	-0.0006132170320417574	5.8684521285469256
FELVOL	0.34432866022707787	-0.1125526728568591	-0.013058817442305859	-0.003121838788389786	5.843819611271334
FENDOT	0.08256326901725286	0.03846952585224139	0.07953876160675755	-0.03962706433434693	5.061749414764953
FENYIH	0.1845661830827332	-0.06422300013040205	-0.008007826078137104	0.020919115403502442	5.359646408095366
FEPDEK	0.07498181546697236	-0.10406420730118082	0.09682570943986102	-0.010691370912441878	4.941308784848237
FEQHOY	0.14867228606645178	0.07567283058281493	-0.061267907091500096	0.0500323011873689	5.467125265897674
FEQHUE	-0.09699705977494766	-0.04963314533171692	0.01805996352036532	-0.013474398136799959	4.43115217638734
FEQWOQ	0.2102728895200605	0.27399697766964737	0.050975923562990966	-0.14092452707615777	5.72943087018462
FEQWUW	0.19743561500735218	0.34957256438655904	0.014723271106825253	-0.17107236335405152	5.77056928734177
FEQXAD	0.036067262306610726	0.3632084819172223	-0.07152398234719781	-0.04999461057085952	5.368125214442531
FERJAP	0.20089787988438035	-0.03662472229893865	-0.08433467690534435	0.021734581081021886	5.418836775321869
FERJIX	0.2936999436559513	-0.06758000091826011	-0.08529818014869806	-0.02586247120746099	5.644406456531789
FERJUJ	0.18882173760297372	-0.051226760162295104	-0.04464154673929732	0.026768733937551303	5.3734650200034695
FERKUI	-0.11694660573430227	0.1640200038409776	-0.04371326378348517	-0.08033635021156205	4.523172124767498
FERTAA	0.2582182510205824	-0.004281133412237903	-0.04866537943771321	0.043141168366502836	5.7065968553794075
FERXEF	-0.17025408540951514	-0.06460971105524926	-0.10601235162483635	0.010455655148977727	4.262548617799559
FESKUK	0.06825583106729916	-0.09621446795093691	0.15002006916505262	-0.06055546812560386	4.866957961628753
FESTAZ	-0.3724902702041031	0.031983465704297664	-0.027919940796804044	-0.007945240068447434	3.8241364249870715
FETFUF	0.024267274358488855	0.04913992332184769	0.07036221449994007	-0.01371531691560679	4.923025163939888
FETMOJ	-0.2930139946682495	-0.03134950835985473	-0.003605358669501957	0.07480383964721726	4.063534874423759
FEVPUV	-0.29201737105162784	0.08220564413867582	0.06846367597758918	0.06428584999305254	4.243646324974496
FEVQAC	-0.3142016153104976	0.08385340228626559	-0.010788504054444203	-0.000616661631287263	4.068223456167159
FEVQEG	-0.31413237063845445	0.08419178465219845	-0.012523414034863567	0.00013536323278418028	4.069728330695218
FEVQIK	-0.31467842221689213	0.08491800600109611	-0.007516473853412142	0.0013357237424306279	4.071640380240758
FEVQUW	-0.3187916537131219	0.07753624216512156	-0.003235586681283653	0.029137600354793958	4.09748241727875
FEVRAD	-0.31507242514965794	0.08518603167873984	-0.007020050423682811	0.0009229673375351632	4.070522952377582
FEVREH	-0.3155673561768453	0.08545812948980469	-0.006815388930644373	0.0011631825423404907	4.069785984478847
FEVZIQ	0.00947327143769261	0.0065995486297771855	0.05264218881053462	-0.0021041407682709234	4.867079940272003
FEVZOW	0.017479592728503857	0.06616893719034245	0.07476281261332485	-0.06203947358414352	4.85144932826725
FEWBOZ	0.0007269650074057665	-0.06163973599804562	0.08381552589190555	0.004580051159523979	4.772998906907653
FEWBUF	-0.05466072011047318	0.11051829265516755	0.0882232829087366	-0.10000258461555156	4.631141178947386
FEWCAM	0.025810332554013105	0.06291527788308926	0.0728140957808403	-0.07091768066366866	4.86629658752376
FEWRIJ	-0.031907694666600595	-0.041048486766060766	-0.023939713134781604	-0.034986465451378956	4.635811834196978
FEXLUS	-0.03930107050214815	-0.029801056035660523	0.018702178487327137	-0.039059522922178735	4.598340414225687
FEXPUW	-0.13301724534043569	0.1622485276011636	0.05496722014574118	0.08318696050345153	4.767067398165694
FEXQAD	-0.12608065391201717	0.17580483624762389	0.062030061231660216	0.08502999614824303	4.812026492076127
FEXQEH	-0.12989448976328477	0.16456193508653927	0.060970372114686366	0.08288026608815557	4.778849797339643
FEXQIL	-0.11348480059440402	0.16977597929715982	0.06137284736299109	0.09392172300146973	4.852910182296702
FEXQOR	-0.11832217921649502	0.16544758943070326	0.063158112443638	0.09090114883293154	4.828137996181383
FEXREH	0.12602536134823206	0.0755152902932732	-0.11032473974289214	0.057868206165350156	5.403375738184247
FEYHIC	-0.019775566046900117	0.10892459677454625	-0.012640108701869046	-0.08084612893608334	4.7405094628110795
FEYHOI	-0.03743969398148694	0.02838498559479019	0.08208361081768012	-0.015417220446205526	4.7052477575751235
FEYHUO	-0.001255420092361792	-0.03235546095129305	0.049858490840581915	-0.02562049448554038	4.749206750717924
FEYJAV	-0.2907037453188146	0.10434829333400009	0.1243058012651832	0.006023863095070192	4.176711602513479
FEZPEJ	-0.07814477220248461	-0.015910846597500417	-0.006747301364755431	0.07107241354910099	4.6972696873220885
FIBGOM	0.1817766884031533	0.06056808866244889	-0.033274372485448955	-0.049429757848334144	5.37048824777409
FIBJEI	-0.02974370322580011	-0.2318947579215953	-0.0949117590589359	-0.023564718058004197	4.469100018738577
FIBJIM	-0.050504629225259556	-0.23613305894075598	-0.10498703717881464	-0.022997557996603746	4.411587434451757
FIBPAJ	0.24897563578196236	-0.15060060405401687	0.06792933240301813	-0.0998447857077801	5.289852197080294
FIBPIR	0.285503938203155	-0.16485891431295263	0.028387912931003623	-0.06665495944060351	5.465026333515
FIBPUD	0.21788105905510502	-0.11750318554087702	-0.030759529190810264	-0.15043766544862447	5.163395076141311
FIDXOJ	-0.26753526146807505	-0.13498220362800106	-0.03967501798101791	-0.018486617085657353	3.917145645460601
FIGDOO	-0.06849539577208175	0.2318697057564174	-0.016637291050315195	-0.12721266154832256	4.73542339939111
FIGVUM	0.1913982238111438	-0.20485430647496972	-0.06117055034073138	0.14959294950270907	5.465723992231814
FIHGOV	0.2628719537281099	-0.18044740164314543	0.011015108123760609	0.08016234765478292	5.644290781915736
FIKGAL	0.06768356541176335	-0.030763378292140597	0.11444929884505273	-0.0018931044018065668	5.000383436256799
FIKGOW	-0.001204867543728838	-0.11879422285039576	0.0024082366852691273	-0.03588342121735211	4.632601368207504
FILJUG	0.36509569786261586	-0.06533425301987084	-0.07742693735562578	-0.0673566833059116	5.868998243182405
FIMXAE	0.298528254432195	-0.1320496169125409	-0.02670082004737373	-0.026264075555909483	5.599350319837035
FINWUV	-0.010195069214639307	0.18092866607576408	0.10831792891693359	0.12040653747991636	5.236049257948953
FIPBAI	0.13688482784805567	-0.1019656555727173	0.13121021788724474	-0.09507218484283042	5.053949004932202
FIPKIY	0.17731200100624278	0.19558200756794353	-0.08387213481953393	-0.1560542883907864	5.407585130545664
FIPKOE	0.27859785547876825	0.10244421157664085	-0.013408449889453111	-0.14806259450981207	5.638294057570095
FIRGOC	-0.31796992479502095	0.12025578791989178	-0.025377973298099654	-0.04747192226943797	4.033518237056611
FIRHOD	0.18969417996318771	0.2418058309739628	-0.007125806039753657	-0.0688980107634255	5.665499897208593
FISQII	-0.3588810788485859	-0.11868992688555924	-0.05945832895255765	0.01673867385512151	3.7210087824532647
FISSIJ	0.3086786868934057	0.21225998275543612	0.0011754018250114129	-0.009543604231854408	6.102576212229091
FISTOR	0.22723534114547972	-0.24601771227493296	-0.14426442117598093	0.09636407594942309	5.525881541262272
FIWHEY	0.22295596523450678	0.10770085075185154	-0.06907406609021205	-0.016219633165116765	5.624040530379801
FIWKED	0.06083329298230167	0.3012343607406298	0.046847806840557116	-0.16583887858890212	5.234930527763906
FIWKIH	0.16342555805420256	0.3148776691280162	0.042252413941797906	-0.10986143570329399	5.667905776279338
FIXCUL	0.06981466045981399	-0.09392864889760988	0.05746489270902666	-0.028898806428056534	4.875841984014356
FIXXAM	-0.10820959319100787	-0.0011240415424453865	-0.016004360179191934	-0.022599299624472824	4.459032360112186
FIXXEQ	-0.19450834136791118	-0.023284946964272635	-0.029813198848869682	0.01448710382431917	4.241965979032998
FIXXOA	-0.18886530756057995	-0.03166253405045305	-0.039840603801031715	0.0018089568114064702	4.234453707520901
FIXYAN	-0.19440022492219633	-0.010194679599001333	-0.028512750653117758	0.006271314875488265	4.249503396869311
FIYCAS	0.13851691668803	-0.15886649638687866	0.11523541946448423	-0.02164426768938632	5.08033048026874
FIZYUK	-0.0005355881614135249	-0.06332300565188165	0.0952199724278231	-0.03643885992749074	4.7344978940445195
FOCRAT	-0.3411151343288641	-0.2078414267881672	-0.08501034357493387	-0.011392493610013599	3.681379286828437
FODCEG	-0.011683925819393703	-0.08761225638305792	0.028105128814409408	0.004855780455629843	4.690870804287145
FODCIM	0.25760859559359384	-0.08161660770190426	-0.05719256905512027	0.042129302682228253	5.61831475374561
FOGHEO	0.061061569668741544	0.24639735942606578	-0.017975644584836026	0.2022523813384619	5.641407067554342
FOGLOE	-0.01447863846354025	-0.31427857126081005	-0.12040611829823766	0.0029008641946774993	4.500656185458771
FOGLUK	-0.009468177626941632	-0.3162832835251643	-0.14023797398633198	0.01615190488236984	4.549082363837931
FOHDUC	-0.25471575577231964	-0.01034996316754011	-0.11190649394494212	-0.06502357775428813	3.98094480287451
FOJVUW	0.1258597930915677	0.015530470804958174	-0.03203838246895341	0.06212527039654214	5.372273529897589
FOJWEH	0.23658471056408859	-0.01602582669648589	-0.09079123734063343	0.0511745476936476	5.714397808292246
FOJXIM	0.053478961955221394	-0.08636125326184674	0.09709824743546824	-0.04415357856925595	4.831756777344315
FOJYAF	0.11670471153910933	0.12915372903922506	0.01284168032268762	-0.0760272711295431	5.195207388460678
FOJYEJ	0.07895334597385739	-0.15336682861811335	0.09895455907683881	-0.0641076791847851	4.835044570996549
FOKXOT	0.24163038588423014	0.2900281392087076	-0.03507396899801707	0.003497822644219384	6.0019821556032165
FOLZOX	0.17337324152149503	0.0639120738917418	-0.04707000933354544	-0.05426803346406228	5.336398368418545
FOMHUK	-0.28794321892025376	-0.036614574734126215	-0.09094356561395123	0.009642096866901761	3.9702018659190252
FOMLUO	-0.05041937599984436	-0.009952484164562403	-0.06746203469493173	0.15129066534693747	4.8672487677426295
FOPSIM	0.0023131931896940294	-0.059647454048362025	0.09162569656414332	0.05581912903153374	4.857932218480206
FOPWAI	-0.09281584886356065	-0.08338604100326874	0.11362722565329775	-0.0021741878187103714	4.459818054048075
FOPWEM	0.19811309784610298	-0.10951294107985543	0.0642395498462236	0.010993559237513217	5.338039470239981
FOPWIQ	0.2299899493064741	0.07017912413052763	0.03803749676315604	-0.016072563414787022	5.597032259665691
FOPWUC	0.1184399095983606	-0.20422784581546338	-0.003400053574565076	-0.02185951645915707	4.923517850399062
FOPYIU	0.3190886763085574	-0.11823083008003721	-0.06530863806550391	0.02692251026378456	5.766375191068452
FOQGAU	-0.012867992373744919	-0.054554608410077865	0.09229011576376367	0.017571057462903217	4.776853911186127
FOSQEM	0.2034079679792291	0.08461929815249158	-0.062449381341348476	-0.04151968932956829	5.49218580246699
FOTKIL	-0.27702004209317166	-0.017772105074174593	0.09327870071908984	0.011414590423226567	4.059824583351191
FOVSEQ	0.36212939629908014	0.033586187458718886	-0.10045220329913018	0.0014395977296118856	6.05243720718465
FOVSIU	0.24333737404273448	0.33870210953767677	-0.016875597123720887	0.009768422307397162	6.106209213798465
FOXKUZ	-0.2944586400001612	-0.10567327083883038	-0.1848554575376644	0.0026269177105360253	3.8768703072377537
FOYCUR	-0.08590310449104122	0.18738956566352982	-0.09671393433661413	0.006778462844368227	4.798650230583472
FUBBUZ	0.2346128359321531	0.16934199707136033	-0.02453984552641275	-0.08179648736639789	5.6445963599420494
FUBCEK	0.06657880690562079	0.2582762656622677	-0.0022152936039470106	-0.02780579727922161	5.3273505676575805
FUBKOC	-0.24384236490137567	-0.12659778375522546	-0.05682266995544594	0.08554469715679203	4.1320299544029195
FUDKAR	-0.3084474168994269	-0.045127861358216226	0.11085888336220351	0.05342899454986283	4.0482412982048785
FUDKEV	-0.3847358549303457	-0.008607495270612109	0.1241082760379899	0.02506542916017296	3.888715786944515
FUDKIZ	-0.35684743164785515	-0.010197157158565062	-0.06065136548508909	0.00941437082775276	3.8346411132593357
FUDKOF	-0.33888633101627463	-0.003823659548410685	-0.06998792343109406	-8.33817409686688e-05	3.8637616844436575
FUDNUP	0.1382771825538467	-0.03312676681084792	0.11838876076576543	-0.0317229835485523	5.179075372820476
FUFJAR	0.16155471374599983	0.34075677006582517	0.060301104871082645	0.18319943714900755	6.1452547732086975
FUHKUO	0.36392819751938177	0.2714901707027031	-0.051372274700607345	-0.17406349016195732	6.173949892197281
FUHWUD	0.11679988624452697	0.10086027683901877	-0.10556813910226115	0.004915723590293575	5.319512387458699
FUHXIS	0.1309601862942844	0.1342378256008785	-0.11591623768481796	-0.03727129629060555	5.333006888347687
FUHXUD	-0.30938518834762263	0.062480386022078616	-0.08087195154956728	-0.03709015766115731	3.963071711260206
FUJFIC	0.07771999935549134	0.21412467077030684	-0.16667733731404066	-0.037517103933603635	5.273604750614052
FUJHIB	-0.37334201007573053	0.04710217849262621	-0.007025648789820371	0.10576815166112385	4.028636474338755
FUJJOM	-0.013017177859369511	-0.008635284209693506	0.02851093876641486	0.0030656926395784545	4.750857236810131
FUJMII	-0.37321284317731496	0.04905854696325518	0.03342152327498704	0.07885900879936669	4.022318096021319
FUJMOO	-0.1820670044700854	-0.03373505366624485	-0.02623051079694494	0.020037853758927415	4.305978735750075
FUMRAJ	-0.34527761767042	0.064301007146228	-0.08283566892782979	-0.047199824694191705	3.8860075946054886
FUMRUD	-0.293021776177528	0.08414607101926297	-0.03483199241327939	-0.027770537540723783	4.077947874065516
FUMZAQ	-0.08605330498218766	0.026630691213177737	0.07561606935632903	0.0014823465422747484	4.593253124161959
FUNHAX	-0.03361578674482191	-0.05656386517830292	0.0040399762254066385	0.09439776605879546	4.825868402377017
FUNHEB	-0.12428408900960775	0.061502876579008436	0.01599928019748531	0.07353578671404337	4.645672860387463
FUNHIF	-0.13192431074484845	-0.030538768305083064	0.01851293895008732	0.020457094575083046	4.438316487687001
FUNXUK	0.16930850006215215	-0.12073615575774843	-0.03559149849850307	-0.052504518019714896	5.153242970309274
FUPTAN	0.3318549444679557	0.24093700854321387	-0.07917389145707676	0.000947706293125461	6.264204206346258
FUQQAL	0.14554477752549655	0.3424705688511587	-0.06035983421029156	0.03689354730978667	5.816995926293075
FUQQEP	0.1253599831579555	0.12904334123125194	-0.09843437172161029	0.002734744796520361	5.355024777770759
FURLAF	-0.06959727733065968	0.21142087545615817	0.0015434511997602929	0.14120410747762024	5.124991584609369
FURLIO	0.1431275777021126	-0.13410411995223148	0.1111787196828653	-0.09369835140463756	5.053102541381017
FUSKAF	0.14086076886276366	0.3758918453721467	0.04853940116955058	0.19198446608080943	6.1785608613038026
FUSQUI	-0.22145510719089634	-0.005476052260875441	-0.09893384252308435	0.053861835742251896	4.259714882894783
FUTLIR	-0.06091330170102793	-0.05396867750962997	-0.009099897129984935	-0.047567320038068295	4.503229792406723
FUTWEW	0.23791428392575886	0.3503683476492192	0.05749978451414228	0.15938486230945914	6.392465712559848
FUTYUO	-0.11427590167015111	0.08048707669956912	0.032257630016462535	-0.017298010279684917	4.564192330367109
FUTZAV	0.16071699972073272	-0.12892240762394902	0.06222795337148912	-0.04714667290619956	5.133350808641707
FUTZEC	0.013382596159320581	0.01046458674255879	0.129159781564542	-0.1365039662369788	4.70493748514784
FUTZIG	-0.052497555359537706	0.047556169519382685	0.08941804404370624	-0.11473898458551568	4.548323591728218
FUTZOM	-0.040161070864525694	0.0524295984769374	0.06145453510549381	-0.13481741629096655	4.548361074381626
FUVHIN	-0.18629153773824303	-0.1269042768641635	-0.008297096481394428	-0.007641514905254998	4.132944882850852
FUVRIX	-0.19747727601171583	0.049346032842994436	-0.039234775763946406	0.013499854507759257	4.315514205315025
FUYPOH	-0.08182202159850505	0.08419089344555619	-0.015115177595488971	0.010259959492333826	4.682009597752867
FUYPUN	-0.09110966241193941	0.10823831201433531	0.0020912896378599832	0.02302606654376016	4.724991722903324
FUYQIC	-0.14628350006591262	-0.19663661206162186	0.16108253061033562	-0.0015505826113647592	4.26824878559991
FUYQOI	-0.1435784969246119	-0.2016158114902975	0.15522726147940746	-0.01974020624730488	4.247703978322811
FUYROJ	-0.1368556353052821	-0.20733552341239747	0.1517898284834145	-0.011561711205663405	4.277151492797803
FUYSAW	0.005585105716217065	0.06800398445169131	0.06705749326173027	-0.06581126039484331	4.805017893418332
FUYSEA	0.015582867604679418	0.019365377704570808	0.022487379965448584	-0.06593022413727234	4.76134846157362
FUYSIE	0.13638768906740983	-0.08811895377858425	0.03822689718539585	-0.13027430311591248	4.9653059623241464
FUYSUQ	-0.13904644164428226	0.2034929794578031	0.009331931204284771	-0.0646143265868796	4.549370346957818
FUYTAX	-0.05001265771768937	0.08209867418774053	0.0550707028148687	-0.027708922683549186	4.7160962892897595
FUYTEB	-0.02873801614143945	0.01597293130437416	0.025887453169248342	-0.017646493605625868	4.707695928251809
FUYVON	0.02123205421251617	0.02448900340999982	0.02721644823281455	-0.06640015607452154	4.776567873873261
FUZBAG	-0.07644830572728711	0.1405107211071126	-0.004998641025800499	0.0009061838494631713	4.767437841329614
FUZBIO	-0.06990616231865054	0.13606236821940998	-0.009785667088545669	0.016020342095357853	4.807227335362111
FUZBOU	-0.07277113746937625	0.15330662817071872	-0.002085881321959304	0.02580989154502089	4.836763795860277
FUZBUA	-0.07283354334825098	0.12162366898354104	-0.009383218589814613	-0.004733928971670798	4.749002779672274
FUZCEL	-0.07609201215722683	0.09965304627120064	-0.011762491308146661	0.008609101495798632	4.7242608713902206
FUZCIP	-0.07604735912191041	0.08987519237260688	-0.011656473344126672	0.014513557400010146	4.721080416751741
GABWEO	-0.029630830473451386	-0.0950768497580814	0.0332600869689319	-0.022175426554724154	4.6003499148468165
GABXAM	-0.26555872943871606	-0.04737816286334562	0.09493355582674301	0.025233732153170152	4.08529683175128
GACCAQ	-0.2329194246277453	-0.028641776334015656	-0.03367885907112589	-0.05588346555963597	4.060972987479041
GACLEB	-0.12523100649142527	0.038235492282729044	0.020385927738162612	-0.038605178754512304	4.4351437621290835
GAGCOH	0.240156977184943	-0.05626400557087807	-0.04257407830080129	0.08577380977326221	5.649001750757201
GAGHOL	-0.27873491272396955	0.007147846070300279	-0.039294582694918256	0.006998020086187884	4.031642440387051
GAGMIM	0.18028425815256588	-0.07976856501991181	0.00686602859310903	0.2293793422022644	5.753391895675094
GAKJEK	0.18120703841992913	-0.07907164259318256	0.004973784922663649	0.2311298084756106	5.762218923218985
GAKJIO	0.15889580581148266	-0.07532539515981007	0.009740460164614051	0.23171486355284965	5.690067648112198
GAKJOU	0.15894141742937862	-0.07557042955880133	0.009389839952408385	0.23210223138228847	5.6906892394452315
GAKQUE	0.11134295388699211	-0.1784211087815124	-0.18105732709089706	-0.005785982296974135	4.987789047259821
GAKTUH	0.23775533099473511	0.07603369740355603	-0.0117975743234362	0.15829677507130147	5.95321146992983
GAKXAU	-0.25182726843275116	0.068002325172559	0.1455629649790089	0.06813008197394321	4.3772483252319905
GAKXIC	-0.3583797184967723	-0.03767019193252574	0.09624121675207453	0.09287037832793688	3.993389923018306
GALYIB	-0.005813688373398129	0.055043314192098514	0.14060567959427628	0.05225996558714996	4.993608146561591
GAMCUS	-0.06472846881833583	0.19782725666496637	0.06722338792918792	0.010715112545880312	4.9044482199626405
GAMQUG	-0.21272488813012003	0.13403852871405197	-0.06072135385402855	0.043044955074919455	4.4508750149748595
GAMTOD	-0.3559020471589651	-0.03459533642999446	-0.13045531539242816	-0.003593922290629825	3.779704281259356
GAMYEC	0.27351300768925757	0.20005303551580944	-0.012558738437735695	-0.0515668743916039	5.893069790197651
GANKAI	0.011476344533841498	0.008119343784341648	0.05298478813621954	0.04236518602446504	4.9348622793471675
GAQLES	0.31499100470108354	-0.04139666909405415	-0.09379354044326615	-0.001556671088551509	5.788062353673584
GARTIE	-0.018632818742668533	-0.11516326720228509	0.056048107241042366	-0.07262511198720567	4.509937592282586
GASBIN	0.09245723882255508	0.018335259242796553	0.06453103829802087	-0.05582048094812886	5.041751344576095
GASBOT	0.04782919590234469	0.012428925486228426	0.06752438919265802	-0.03468575637571081	4.925007643331937
GASNIA	0.1388243187860425	0.12743556420154967	-0.08382930103849007	0.0036884383110822316	5.403112282917046
GASNOG	0.1438439389719237	0.13270783292934674	-0.08205989010192316	0.0027161221653314582	5.42536265574408
GATHIT	-0.3160744802417941	0.23547472785010726	0.14262875816533982	-0.12237742072848157	4.120937910729199
GATKEU	0.0554629864426337	-0.034951648970100724	0.04211817317220112	-0.015284048608550815	4.918591797017378
GATVAB	0.0699237021056276	-0.039445436214686325	0.09707292072248408	-0.015914800582653932	4.960216687984534
GAVPUR	0.32570691412775243	0.05442270945932526	-0.05623422764442543	-0.03129999637050351	5.87940572462793
GAVQAY	0.3416295199997954	-0.028103130910922758	-0.05984477130098753	0.003846638430644478	5.898145573141743
GAVQEC	0.3294101307303907	-0.0023076381610533936	-0.05049310185463418	0.003965151299676006	5.8794743278464
GAVQOM	0.34156901269183715	-0.00494641709864263	-0.06527090696279614	-0.0008468293064139987	5.913766928259951
GAWDAL	0.08571867414134937	-0.10904508817378389	0.08325351847362294	0.06294511873943698	5.0767247842101035
GAWJET	-0.2270173010580716	-0.11598379873764264	0.03774284329169153	0.044552890363242725	4.146547205246382
GAWMAV	0.047854088977782094	-0.0021132630328835056	0.11453241317936635	-0.025118054416790603	4.941240318868136
GAWNOK	0.2564402244900372	0.14316288072332206	-0.0422598597184658	0.010768384174402179	5.8270695293565815
GAWPAY	0.3303871284995714	-0.002597562111626761	-0.07663648166380632	-0.007161246474395311	5.8898005898659385
GAWXUX	0.14163862439402486	0.0710311652378608	-0.0045120410973222835	-0.007281923924974731	5.299125418849638
GAYWAH	0.07707131190569338	-0.025272910405230498	0.09819402016143108	-0.041360663536054276	4.965942245021717
GAZPUU	-0.008561109686174628	-0.10560189986858592	0.03560064009662489	0.04290108345459509	4.7506432050920315
GAZQAB	-0.007204598369711324	-0.12140010371906129	0.054692031440229494	0.057273090195666065	4.767722142013451
GECJAZ	-0.005797288513731402	0.28061865746775316	0.06487909507473266	0.023752289654377257	5.2158697369669325
GECJIH	-0.37776148181994773	0.4273558767190191	-0.08038705474647156	0.02452191998217723	4.459043108412692
GECJOP	0.127207222143769	0.28765971508232635	-0.0611452736246465	-0.05223645865575688	5.528915924824741
GEDSUE	0.011646605840048174	0.029246672652497807	0.08327930378602222	-0.021179037720326366	4.8594782621846475
GEDYUJ	-0.04752229456651191	-0.07863661292044677	0.02660673103734368	-0.042807499965841544	4.503015699338345
GEDZAQ	-0.0537319870592623	-0.08325930569818363	0.027415961933970445	-0.03614770218508967	4.495518136763952
GEFHOR	-0.37704912939944735	-0.16661387338089684	0.023263947328615142	-0.03397366812562419	3.590718369815856
GEGNOW	0.0856099586053336	-0.04671850840814562	0.10750998291962799	-0.024000595399315094	4.999379513624691
GEHQEQ	0.0933578186390629	-0.06272952401402909	0.10798203038862031	-0.1074629721537751	4.873485098006753
GEKCAC	0.1814141541679093	-0.078445402298851	0.004884818879068442	0.2314757178876452	5.764079866454778
GEKDUV	0.18348537155619393	-0.1340356028243712	0.06498450108426179	0.01877196868191955	5.312588838514679
GEKPER	0.021944374191770866	0.19375257782218513	0.023159520386769605	-0.06752807658290416	5.017209624372568
GEMXIH	-0.07430386706441316	-0.2857208144514298	-0.033170139314965486	0.04911349287753719	4.454348677729796
GEMXON	0.08181771385684389	-0.15092139441306252	0.031886329933370705	0.21651244492630572	5.313022682916214
GEMXUT	0.0684418079912863	-0.14510453423876024	0.03517828197119455	0.2150431617946592	5.272467366781577
GEMYAA	0.03094793233840898	-0.08609892649772277	0.01527306924488614	0.18504371188616897	5.134190613868486
GEQBOT	0.20651374720470983	-0.42977073940759625	0.017511407993207273	0.06281610774575885	5.293074003182497
GEQVIL	-0.01431395754117526	-0.09611833199388276	0.061510197701624136	0.06822338859400179	4.82035333455469
GEQZEH	-0.3893151756799169	0.00784604577567194	-0.024179198455420936	-0.005520639974414987	3.7613503711573455
GERFAM	0.2124720136702214	-0.09533529976973076	-0.009858391648829512	0.022585422623295437	5.399610344481333
GERJIZ	0.010821747644299329	-0.33698006326048957	0.09115525470867536	0.05001834448143416	4.6958213841135485
GERLIZ	-0.001750882130520548	0.17866620534341626	-0.163326842437594	-0.15560740175765775	4.7933345999641865
GERZUZ	-0.37722788757843473	-0.027448561987163167	-0.03379439580851695	-0.0036811189932737243	3.735448675595625
GETBAK	-0.2154121943444438	-0.12895528929722722	-0.02606650204024885	-0.02089492178360508	4.022967243475167
GETNIF	0.3226050396065774	-0.07263922494190878	-0.08485922807044544	0.007534081080939781	5.794386472676716
GETWEI	-0.2032711552051052	0.027057205027408937	-0.03019108595193054	0.00015844465502712346	4.250710779612217
GETWUY	-0.26407836091304326	-0.04990527362185304	-0.11625901143675921	-0.04427969224928274	3.9389289460880335
GEVLIC	0.05594393696193034	0.006294865856666831	-0.05068854552155155	0.14990657808246044	5.230799944610216
GEVLOI	0.028723590042747382	0.0489735449897446	-0.05625378263126102	0.13382546983852195	5.167022361459459
GEXFEU	0.015752882531860024	0.3230224930798138	0.027400913562959595	-0.013104500012242615	5.321420882278636
GEZHUO	-0.1125142424741743	0.3878577823842222	0.07694611914174065	0.1564486922283299	5.362009433395846
GEZZOC	0.03443167154314075	-0.2070614555435728	-0.00868993214933278	0.06200512517504597	4.816592828798223
GIBMOV	0.11078647715495116	-0.030238261421704493	0.13798531049059592	-0.01439975567231	5.130895443775618
GIDPAM	0.029880328287619218	0.35504161760551733	0.08441561615044946	-0.016935232215149698	5.456026055920482
GIDPEQ	0.006344841194227069	0.28461401916902673	0.1240301274622222	-0.056073121607195464	5.217863985734263
GIDPIU	0.23325886827979536	0.17965969302325924	0.1682540290406429	0.01895203645318999	5.926941397434997
GIDYUN	0.09468256390665619	0.11624296522530608	-0.08159887418483658	0.003671464040159611	5.247105882831855
GIFXOJ	0.097978034941554	-0.002555757794320712	0.005224139720100496	0.057354615322894875	5.2054648359350235
GILKIV	-0.010028208383869863	-0.12706045066201965	0.07152087775774363	-0.0627100330178465	4.586882282694879
GILXEE	0.10517737047433107	0.09601223262018488	-0.06728768375443162	-0.0798060424105298	5.116247997614726
GIMCUC	0.09888795261046202	0.11976525741647093	0.017734981772446368	-0.05296302470063363	5.1796818082219875
GINMIZ	-0.1560279441803214	0.08900637495104213	-0.007708563805620239	0.13643631617511154	4.678981621829525
GIPSUW	0.28544561860930173	-0.07303774688696807	-0.06640930187552385	0.05082076404585234	5.748912944274435
GIPTEH	0.28462583699038735	-0.00961378525963319	-0.08087964690427984	-0.02539630534083448	5.68064806083585
GIPYIN	-0.38213194866895006	-0.009647900070895332	-0.03061853070600984	-0.013346279818090334	3.743694552197657
GIPZAG	-0.22083717037439254	0.06056441446156979	0.12147161715868804	0.10070751507015208	4.440000148954173
GIQQAA	-0.32152418961263507	0.15374344196765488	0.010040596592014062	0.02419612251332759	4.1839478231640985
GIQREF	-0.3153822237348145	0.1843153665448356	0.04371374808739459	-0.01508813711544521	4.178769232472809
GIQSIK	0.10249705196983339	0.08455653019133891	-0.11126999937112969	0.0028743491134629595	5.220878471531995
GIRRIL	-0.15596719184458063	0.13884078494768692	-0.044623446518511134	-0.09518840515148708	4.378364537494018
GIRROR	-0.1550013298035695	0.052015552137225196	0.008634774003284162	-0.05484632821349211	4.368528919075031
GIRSEI	-0.2364794479846093	-0.01450012644094878	-0.05569107529297157	-0.04440518348376499	4.06333766336147
GIRSIL	0.014657657590098516	-0.203637063158431	0.08040606328327682	0.015806198352151246	4.735913339177769
GIRSOS	-0.19843274895226082	0.07420014879059744	-0.10113613119562403	-0.10941847278442407	4.1948975799295205
GIRWOW	0.15963158758865337	0.2046877944980423	-0.03562472502939107	-0.012276849836009518	5.544334280149143
GIRXAJ	0.18708867704793297	0.18296369908279697	-0.03811265435951294	-0.022159239742454706	5.602969861997458
GIVPAE	0.04853116437742777	-0.02080778599453259	0.10049085594675367	-0.04206756162750369	4.878382286513955
GIVPIM	0.04837607964530832	-0.07436057324274703	0.12271590114321906	-0.013944377705435995	4.87462624600401
GIVVOX	-0.27675964604249703	-0.14283855943602974	-0.042974592080419205	-0.011885218061428171	3.904667493606982
GIVWAL	0.07748183729280722	-0.06613721770383796	0.14003881105466465	-0.02495621785649138	4.968177134223626
GIVWEP	0.055567369619221374	-0.09517829188323113	0.13052391291113574	-0.009968805940589465	4.892361781324409
GIXBEX	0.13393260320514733	-0.10858588826872939	-0.059806173219673964	0.17127353087149333	5.423200529370559
GIXQAF	-0.10610005225017449	0.16304282758050093	0.05703171783758432	0.12095602863302557	4.927815081755807
GIXQOT	-0.16067927782269575	0.026476233314876918	-0.01905440435422201	0.09809972307384585	4.5399106488901335
GIXTEM	0.18029912053697528	-0.1127761551272064	0.048271363268418854	0.0006584891177873198	5.280196045886499
GIYNAD	0.030062079073038817	-0.19945326688650833	-0.036545540580120495	-0.01206102200140724	4.683804599188528
GIZFIE	-0.28312645011536497	-0.13133588599546253	-0.07158307971531297	-0.030934968051546607	3.860044006239075
GIZFOK	-0.16965121991791454	-0.035881858235796926	-0.03664236554774347	-0.006532232248877667	4.274384084807375
GIZFUQ	-0.3389169299247221	0.007376338573493957	-0.06316760158957879	-0.0018766499160881578	3.8779222678127967
GIZGAX	-0.2612904697545173	-0.049850048934589886	-0.030944271823791114	-0.0014900464866609564	4.025599339343828
GIZGEB	-0.27371908771777065	0.024370852196876847	0.06789518665512007	-0.013535293477978105	4.05652791733597
GIZGIF	-0.2731967268048636	0.10005751513498451	-0.03496138035613816	0.013177822262009364	4.203047073234114
GIZGOL	-0.048740099163345985	0.11418260844260741	0.06490572670299755	-0.04223659448250938	4.741528947978619
GOFNAQ	0.3657593186515604	-0.19212905662313506	-0.15271580375226046	-0.059165657054908394	5.853276323527917
GOFNUL	-0.26091384212341984	-0.16690203556575955	0.0600916586965341	0.043334465617061	4.00569992440903
GOFPAT	-0.14097941144445802	-0.014324735344829254	0.08752875382433345	0.018196013842604053	4.432420591927413
GOFTOK	-0.3630446138075363	0.1453124456905881	0.028702536079333152	-0.02858395529951463	3.966107300896277
GOFTUQ	-0.27491910353990234	0.19006705036201677	0.04632468858410177	0.07624719875948427	4.453646300964834
GOFVOM	-0.42530269360900075	0.04359209604790104	0.019287873260588784	0.029168694489731695	3.7965229810298737
GOGDAH	0.1202357591881813	-0.018644358850655518	-0.07732595626575223	-0.04562440475582097	5.0793915919244075
GOHBIQ	0.042300835013226123	0.012029378323687556	-0.00308185768156366	-0.05772567807353379	4.850781651438465
GOKGIW	0.23054723887104034	0.21161214254537608	-0.10856994477029103	-0.0894642946065336	5.702489823349044
GOLHOE	0.08878820145882083	-0.17143917019956834	-0.11922002192402137	0.15594045090809638	5.182943924473998
GOLPEC	-0.08397334964964687	-0.30436407531910636	0.05910365185708555	0.025589108604999078	4.361815552051756
GOPQOR	-0.2758146266334047	0.1491681365072668	0.07110339402785182	0.08617166203347482	4.34426217585411
GOPXOY	0.24664690289763946	0.2634056721927802	0.07723895059349051	0.16056715636069352	6.296298131169462
GOQLON	0.1536467774686514	-0.25841852736142124	-0.1117075894239643	0.021158081704302556	5.138583778549142
GORKIH	0.18311453835895009	-0.10497324723856938	-0.013632922319203544	0.002522287685146618	5.265949217957694
GOSJON	-0.06440511015737327	0.31195059394898506	0.14040055273733687	0.14492639243982286	5.369991820335374
GOTTIU	0.33155957900298105	-0.07039559729958356	-0.08707745227003105	0.020862718508310674	5.849099651910596
GOTXUK	-0.22787269556203138	-0.018417885984450155	-0.04352918042932408	0.01553066899733102	4.225865817612558
GOZVOG	0.016520267258005372	-0.1158340278222183	-0.0731054115957388	0.09281846891822565	4.8707267059592185
GOZYUS	0.12026561861226215	-0.09671828863886933	-0.05363775251500624	0.07223068356691487	5.198365462497551
GUBFER	-0.39043250136981555	-0.02482863903453003	0.02278952571844628	-0.006242175306530373	3.746798803399004
GUCPUP	0.2465575007840246	0.4160516438417181	-0.047684059343471974	-0.05060592657694141	6.126163940083901
GUCQEA	-0.03108689295663858	0.1763712726767297	0.031788306161056656	-0.034307742547123765	4.876853639241672
GUDDAK	0.3439544107343644	0.0022135640819134217	-0.06644802164016239	0.016100501375656995	5.957213479671995
GUDPIE	0.10548017507367424	0.11464122049565173	-0.09181418516244677	-0.01870907056683968	5.244719717048916
GUHSIM	-0.284221554838602	-0.08660092531099295	-0.02450330872629225	0.011778381827757922	3.933138773589952
GUKMOQ	0.2249919621647014	0.17940754579848406	0.046010055582480947	-0.07551407007772815	5.653398144201234
GULJIH	-0.36345791376749736	0.06459871890274105	0.017610478243249794	-0.0009211017684856992	3.9131473547134594
GULJON	-0.30637635411784814	0.12438187129918177	0.03486533173620665	0.011654940811916426	4.150815348202487
GULVUE	0.0007563602794653512	0.22798645664757178	-0.00924380947523784	-0.017234208186722277	5.100315908098192
GULXIW	-0.26915475714438464	-0.12686297553183623	0.008442442822848673	0.052956221826158	4.03705597551237
GULXOC	-0.2528718685898834	-0.08862901026137004	-0.0431892919563146	0.07707587508145852	4.136596027359715
GULXUI	-0.2503164036644112	-0.08328005498496838	-0.050744900073097066	0.07862609185756098	4.150679989536491
GULYAP	-0.2513975823655148	-0.08211175803434134	-0.04584745181447847	0.07603188347010281	4.145222492729367
GUNWIV	-0.31787572140849796	-0.16647903333286496	-0.1091632446898636	0.030992467233679988	3.790830449323324
GUNZUK	-0.03960060915685881	0.20825643227050117	0.07659878697368994	-0.10688816747728447	4.792618080867998
GUPDOK	0.07869339622456284	0.14946478921933837	0.1614570112634306	-0.12181284077332322	5.102377670847528
GUPFOM	0.2604054436547152	0.27413434943049264	0.02536861296483317	-0.12789965976913664	5.888825521630477
GUPFUS	0.260467107404347	0.2736838638541763	0.02527090206336413	-0.1274480387449688	5.8884513475122855
GUQDUR	0.2091647694202825	0.0589956896224475	0.07275307922285323	0.03921087754649	5.634016654878966
GUSJOT	0.3743220422530604	0.11706485437509828	-0.03900939015407201	-0.05163498819696988	6.1082438947312365
GUSJUZ	0.3346450556090721	0.17815378974019058	-0.11439082911620391	-0.062243370346861115	6.046940276475737
GUSKAG	0.32684564391436677	0.31648093057216053	0.010816797136086853	-0.09823550022879601	6.2084551972238575
GUSKUA	0.23662324454796213	0.0894829368598522	-0.0773840751626167	0.058586263099492886	5.776955880875667
GUSXEY	0.026018133789920128	-0.06129186906761808	0.04459173531746319	0.1610765793763651	5.116727068450666
GUTDAD	-0.06931863838287144	-0.04094902811254286	-0.031292038025828584	0.07926316722028459	4.701645562389632
GUVQIZ	-0.0247201388284215	-0.013269814823833936	0.09058087541712401	-0.10957490036044093	4.603235442827032
GUVQOF	-0.0028848134123733438	-0.06586021154559996	0.033147533178117916	-0.015948939780784377	4.746585132154094
GUVREW	-0.3305119222463817	-0.23467141715554707	-0.13402186804227356	-0.05312834500631436	3.6198913215855693
GUXROJ	-0.2610590136216273	-0.012960857678785409	0.09334529056215923	0.010774104251047523	4.099501470315943
GUYDUZ	-0.010046881176347888	0.09290078400331359	0.06730403888937886	-0.019854390712869874	4.8549984392715935
GUYFAH	-0.021409204805248994	0.11710806181012945	0.0598931515154959	-0.046778649747165724	4.818875354090054
GUYFIP	-0.13812119913315923	0.015377417048286546	0.10007975139214187	-0.03543798882105198	4.410379911952733
GUYJEQ	0.1389125526461883	0.09415166054239998	-0.08042503687892033	0.07105411781005977	5.465304816134653
GUYYUW	0.17922761478284732	-0.20506351529461098	-0.0542145272845409	-0.07848928402684585	5.081549170480161
GUZKUH	0.16768093584006083	-0.1193347940037004	0.07575874264114102	-0.06880582083223175	5.126332416220216
GUZRID	0.09592634419679325	-0.018142602546552755	0.1467227133377853	-0.017405812243629804	5.097570412124921
GUZXEF	0.10525078940485288	-0.16822442634023926	0.1286347838142088	-0.03863332267505071	4.952039073049285
HABKIE	0.0033763056781235257	0.20013623788272028	0.0749266143993581	-0.05519177862710811	5.0437675539635185
HACHUP	0.15575099088077238	0.0765212097267205	0.0077798263691171154	0.037453718455198404	5.449570360674428
HADCOI	-0.0700642269554459	-0.34053921667972276	-0.0029168364217684317	-0.029948646275438806	4.28763091990161
HADDAV	0.1557536231884704	0.06207989721562024	0.051058634132184366	0.11746901327376003	5.574134003151128
HADDEZ	0.16718242235606162	0.04238272799203591	0.039450335329412445	0.09994963222249864	5.55216638443165
HADJEB	-0.3380863606697899	-0.04195368711962422	-0.1191861002771144	-0.03540495501297147	3.77064020211263
HADKIK	0.12046094438289812	-0.1790164771947098	0.022544513794928278	0.051875186938776685	5.105826254535097
HADKOQ	0.08875663984640303	-0.19258146562566858	0.01494276402018091	0.03851131144900899	4.9673013147966705
HADKUW	0.0811544296203408	-0.1927816832535405	0.03554149928261019	0.04074589354144642	4.9489484777780435
HAGDAU	0.2335346740056834	0.21384321235853898	0.06897204410566626	-0.12980078745084034	5.690468576149045
HAGKIL	0.01382546793555317	-0.01951404999132178	0.07388035759303957	-0.03854543251439291	4.791404726717237
HAGTOB	0.06866041702645997	-0.1164658420143092	0.14769957134531264	-0.005352221848846206	4.933170485083233
HAGTUH	0.0640037259919124	-0.09318323319990629	0.15608526637620557	-0.00448371443120843	4.9396097245518185
HAHLOT	0.18023578642162486	-0.3002279917573829	-0.10401470952505232	0.06321367418729906	5.219400201148568
HAHWIX	0.23320611343918118	0.021699638129540233	-0.06302703249069874	0.0226830702941917	5.603916542404513
HAJLIN	-0.18599936457838684	-0.16866346864813808	-0.06165933419783154	0.09445141285246605	4.301309823011797
HAJLOT	-0.0298797187961215	-0.2092951418613127	-0.13330664050622487	0.05007713849535522	4.637698003215798
HALQUK	0.25426812188918824	0.261997269394886	-0.10588983420956666	-0.026504787553549236	5.992921344291233
HALRAR	0.20966480478884097	0.2363305616519633	-0.1501715843654261	-0.01899586267925224	5.825093073125832
HALVEZ	0.4938659292365779	-0.07305266381647924	-0.11173012037760666	-0.07211751806115752	6.356577387628134
HANKEM	0.061131161761174724	0.09932519691825314	-0.027141116014024025	0.11973982502986702	5.285750495982404
HANPUK	-0.21246323832984215	0.05159877655945433	-0.007981082687162022	-0.019230389889597688	4.226909547091138
HANQAR	-0.24391456825567936	0.06988486883687317	0.0004130666380479653	-0.05519324660015379	4.119438587516624
HAQFIQ	-0.2962869824527474	-0.03811806765943526	-0.03651560366134121	0.026258290705701737	3.9906242055310353
HAQFOW	-0.23387961112112543	0.013174648257372468	-0.06156058136090525	-0.004464787222867916	4.172787837140575
HAQGAJ	-0.2877415039677169	0.01960936991930806	-0.0279748595488305	0.025217094764684922	4.101113439827681
HATJUI	0.1419193957379412	0.08655424542305701	-0.0972770667080447	-0.0035338610971401563	5.341613352877018
HATQOI	0.11501576747010755	0.13034319487834534	-0.033811551820396524	-0.08061054625858088	5.193307499265693
HATQUO	0.1679811034105918	0.05305217976912724	-0.08334407723191051	-0.02615432940242235	5.346352993946983
HATVAZ	0.14749125594894252	0.11991834792085543	-0.044749142683302434	-0.09120784703166385	5.272070602138128
HATWUU	-0.23515707451983792	0.24746236045852665	-0.07033405352716016	-0.043478963367346246	4.406269294768928
HAVDIS	0.09512481572707499	-0.14030829266461176	0.10460688254757655	-0.05595042818181972	4.889159515383531
HAWDAK	-0.255626400808167	0.0728314778688488	-0.14952531221233478	0.008211667562615599	4.185401733953626
HAWDEO	-0.14237047239574907	-0.10476638055479404	-0.03500661986974807	-0.0003502604957851263	4.291758181164734
HAWSII	-0.13655841381534817	-0.16227599152299899	0.014453311540632008	-0.05417674829070729	4.172942410564673
HAXJIA	0.11313020704968624	0.27451924057738886	-0.08351258902101866	-0.008811738421825921	5.540337020635219
HAXJOG	0.006584989027935251	0.3207855235599095	-0.09378282275875871	-0.01720830271888274	5.277890387653425
HAXSOP	0.33654893172067313	-0.03917258575965388	-0.052019178514848274	0.0044657934781962005	5.86788042863687
HAYQEF	-0.15699379312465211	-0.08977626440726905	-0.09339445756397646	-0.03240487197724795	4.225768214599446
HAZCIV	-0.283431147014906	-0.050628959297438936	-0.08846328004907189	-0.01454810345638391	3.957041299671011
HBUPRH	-0.20047883785680454	0.024821813541204385	0.1394191676573575	-0.00976625354922156	4.288652276689757
HECZEV	-0.11067102847885169	0.05536934670969407	0.018655223164433243	0.09501349765110856	4.703569895749547
HEDCUO	-0.20747172766438693	0.04224827878192672	-0.02166530057151994	0.03091479831206634	4.3181075059909855
HEDDID	-0.10197792325428034	0.2089532800555114	0.007633668049456421	-0.06941315660742908	4.671111849731482
HEDGIK	0.11167984370954764	0.14153182471322268	-0.04962831934288614	-0.0019348435943378206	5.325866519601966
HEDPEL	-0.1996134489099275	0.04266647515919386	0.1283397814708851	-0.04710751677510605	4.250662639243002
HEDTUG	0.1573601568775671	-0.1415481798590854	0.0277615992884519	-0.060800595952863246	5.0670632853660535
HEDVAO	0.13985454966184196	-0.03893497429231463	0.05454699641789129	-0.010679662062910933	5.180991525942514
HEDWIX	0.012325142431031555	-0.21729807661044243	-0.111410385950244	0.02509233322209936	4.67581248703929
HEDWUL	-0.2816923193377854	-0.028585653459685556	-0.014785885457797576	0.0674862789808065	4.079304022600654
HEDXIA	-0.23228660551121405	0.16983106769018974	-0.19304825178715834	-0.06977823135506334	4.259178325300001
HEFLOW	-0.32729061065441023	0.197223624846933	-0.11853463424742383	-0.07075369706001489	4.040910972590922
HEFMAJ	-0.29438264777745604	-0.034165245475885175	-0.035169406036429374	0.047332652306992795	4.013046233759176
HEFSUG	0.17799076688512505	-0.1166410942007321	0.05504356474825567	0.17811641122571986	5.615872408608481
HEHFEF	-0.27955222156575377	-0.038030756480513794	-0.07406248305928487	-0.030920723929348082	3.9340504734765096
HEJCAA	-0.1331704645299978	0.026862629444127428	0.018639465570327918	-0.02596856269590797	4.424671665572959
HEJKEM	0.19115382457382335	-0.16209306115258704	0.007203023550926613	-0.11627184365957255	5.0720302885511845
HEKQIX	-0.2194013525067966	-0.19321071377609922	-0.07842837798240931	-0.012903784045098066	3.9450833296977006
HEKWEZ	0.2671864932975363	0.30215312374986025	-0.021632524300214895	-0.006627530967245554	6.105403515748687
HELSID	-0.08987904782495981	0.0841551288156297	0.05557828494891637	0.03267559808688436	4.731077286036961
HELSOJ	-0.3450590490708225	0.09214327592913163	0.04596887191291765	-0.013363578820550726	3.959384925797542
HEMYIK	0.04137821574669154	-0.009537942972398294	0.11549108794093144	-0.07499183443002388	4.831709122927012
HENVUS	-0.1226981789857462	0.2186330865658488	-0.031189563124808473	-0.06729915651318641	4.612210914572081
HEPCOB	-0.018186705324458874	0.248190911529222	0.03681948753013464	0.012526763725390078	5.125776771254917
HERGUH	0.12220872830431517	0.07609825048678509	-0.08961165223077239	-0.005957847363146862	5.267147881774195
HEVBAM	0.021431875219287022	0.11301096689778412	0.10545471318151556	-0.06140440020181004	4.9216791155700825
HEVBIU	-0.31902321150096746	0.1104155574780763	0.05896809591831986	-0.001428189377361	4.087818777985422
HEWTAI	0.17613122098760803	0.20563044709585254	-0.039354044553852496	-0.034086824157798734	5.587336711580149
HEWTEM	0.07277697256112736	-0.07580292947634915	0.11038176033542224	-0.017559104687834615	4.946768480483846
HEXFOH	0.04377972361855287	-0.03169091701916171	0.15320286804602157	0.0168842859255528	4.972109133284958
HEXLON	0.3236728239649431	-0.028691133102483946	-0.0612066956290469	0.00011909929473508107	5.826852234739548
HEXMAA	0.036529464374596365	-0.07142507458319258	0.05867725437382543	0.0665518079248808	4.943926002219936
HEYCOF	0.059154457639905456	-0.19307144604472648	0.13460543064870056	-0.05571185387941768	4.778666027495165
HEYDIB	0.2973116069389996	-0.11742584618125429	0.01285395725851024	-0.01767609671376813	5.6196969411080335
HEYKEE	0.04540304616138746	-0.40174345805765577	0.12817472743218294	0.004031232380212191	4.733058829342956
HEZBAR	0.004844570816024074	-0.255152437677419	0.06344209029758008	-0.04195553588983192	4.56590745706863
HEZWOB	0.3157103890753836	-0.053310405159389784	-0.05850511820158988	0.013519562750374914	5.792445196512626
HIBQUG	-0.06184517594959571	-0.09144572361930337	0.01322070504847983	-0.023785758051853345	4.5055185039753916
HICMIP	0.13455688159328094	0.01784952732245504	0.09070604523776526	0.00043694244345737765	5.277429203635337
HICSUH	-0.23944166280066592	-0.3315860757252138	0.005722615779634399	0.05289826275039344	3.936293256233305
HIFBAD	-0.11267754866917779	-0.07986128801439119	-0.04564461455057889	-0.006269777502505791	4.409615763216877
HIFSEY	0.3102512523649743	-0.0020495410670955394	-0.08551657690911307	-0.0025382040930079786	5.810445462211645
HIGZEC	0.1987115022816086	-0.242165423476288	0.0171588534749072	0.14517061215243354	5.519718100698243
HIHRUM	0.2164801056035115	-0.0380106181353459	0.09023270659561122	-0.006139340805990434	5.486382766567814
HIJLUJ	-0.07752713055380145	-0.23898551307699734	0.037591041038764095	0.034410230045754164	4.425613716740599
HIJMAQ	-0.030510402310417017	-0.32117386309091933	-0.06577772630891388	0.09638679557643703	4.596466806513823
HIJXOQ	0.02592713789493173	0.15912631408242328	-0.05461193497841177	-0.009448493648384404	5.071646551036564
HIJYEH	0.02948176970833627	0.1670760228685566	-0.052912126373054535	-0.00755791765438496	5.098019002350147
HIJYOR	0.029035036916888135	0.12761022634737884	-0.0462023313519917	-0.0060038966274679195	5.043800486934715
HIKFEO	0.302532024275727	-0.011900963249263263	-0.026176029684579216	-0.036550564049940504	5.72256999221606
HILHAN	-0.38461321595383446	-0.0037627124782608767	-0.029935589755148095	-0.002261853459805452	3.769593628271238
HILNOH	-0.038693901661532415	-0.02416949259216583	0.1227474724365667	0.016160095914161232	4.7126504067117585
HIMVIK	0.22507397297825182	0.38176842863495164	0.02564721178588858	-0.16425071781431455	5.93312956424395
HINLOF	0.14508877494050187	0.14442959189458193	-0.022263520720988472	-0.08007413851304457	5.318655026512539
HINLUL	0.07384488726025973	0.1478428227643387	-0.012054643700713852	-0.08346265424945132	5.079028665148215
HINMAS	-0.21400345682481126	0.2502469701532699	-0.0565888825927392	-0.06540990551046677	4.434128989272494
HINNAT	0.18011838334043295	-0.10130262508101273	-0.02287763235028306	-0.010303067915769515	5.266544913126449
HINNEX	-0.028536378624380188	0.13020777784490445	0.0625795221689367	-0.10717877554714328	4.736744740291009
HINSAZ	-0.0897910764835872	0.09606694019661743	0.08056833763870341	0.0047179732419576625	4.683975747235439
HIPSUV	-0.25579396965373924	-0.10336983757317286	0.09055483247617335	0.02067067280773971	4.104069834986406
HIQCOC	-0.06722272370764415	-0.12812345352534038	-0.01423107899171594	0.030190720260183324	4.508233262252101
HISMOP	0.07863080043170445	0.06707068707128627	0.1131423027174765	-0.01358793877204556	5.1382770882591275
HISMUV	0.07048395326522039	0.05406267612880722	0.12595496218228197	-0.05081125781673557	5.033009184938506
HISVOY	-0.2623068750547357	0.021688743454176596	0.001279471214712613	-0.012516079955722792	4.119738569630076
HISWEL	0.1416744260923095	0.07747128404451686	-0.051492361347584836	0.04140635469535814	5.419239901705746
HISXOW	0.28129166086325386	0.13400714619266108	-0.047888893366694996	-0.006150349447882619	5.8884412284052745
HITCET	0.1331713960224934	-0.32295620481128595	-0.1259219067824704	0.08392177450376415	5.095004452880562
HITCUJ	0.10145939282877903	-0.20764760812639316	-0.10728786814209834	0.12323024662477777	5.133283656198738
HITDET	-0.011436169448589606	0.07993182490095796	0.0904153179960352	-0.034256749465322645	4.812967211862789
HITHUO	-0.25546097848353577	-0.1738188682321895	0.0884001602231621	0.047957273666851985	4.02240711332238
HITJAW	-0.2271229428816932	-0.06342619945869643	0.09942631723448381	0.025881643161183687	4.194671647618225
HIVHUP	-0.310207017983831	0.024406868726504438	-0.05305610034591757	0.039390915971564855	4.040886783878362
HIWNEI	0.06948895918864872	-0.008899110652677233	0.038155259414591525	-0.052588877912699505	4.9417944530680575
HIWNOS	0.25077973500690076	0.09061983345952429	0.008752927285267997	-0.10431251164600475	5.578135858710285
HIXPEM	-0.1811593218211649	0.03399974526442984	-0.0912043125433879	0.09824942023735983	4.489126208272422
HIXXOB	0.14390186701641516	0.3006433937423556	-0.05012088111388868	-0.0022896691357709997	5.669747003297227
HIXYUI	-0.14916605584601195	-0.018790935494822136	-0.0704846507514556	0.13456341561522656	4.559528195977176
HIXZAP	-0.1294155194871991	0.08733174160553103	-6.966135472485924e-05	0.18161289450799867	4.834871777537083
HIXZET	-0.151566061721349	0.25411295944346524	0.12047680609257139	0.0874660128031024	4.888295645753448
HIXZEU	-0.2785688292902466	-0.032752137460808406	-0.03682803174744498	-0.053327805182934895	3.923606429022447
HIXZIY	0.06430052952159304	-0.18409322726621102	0.14144211284634478	-0.038283661537975355	4.821732749844189
HIYZIY	-0.03722236031123449	-0.1406598450220753	0.15265343930514508	-0.05931009864040915	4.501414877723143
HIZVIW	0.019211071891377163	-0.09539787421933044	0.16045770778850743	0.023736776908057644	4.8569098495312675
HIZVUI	0.02731271464420182	-0.06237148978154794	0.16496259623411103	0.01079411591643964	4.892709897616598
HOBGAG	-0.34454774623195594	0.017827741052960366	-0.047964477185615806	-0.026617441908224793	3.857573370941948
HOBPIX	-0.4093378043607583	0.11454988851337111	0.019047134798108267	-0.04919819769821343	3.8059974814078754
HOBPUJ	-0.27518284122309367	0.08063036540501134	0.0013276453590083115	-0.07269975015905839	4.062158136362842
HOBVUS	-0.061572946025848285	-0.2833684439311994	0.03201061535147831	-0.03165992854997879	4.36247843126762
HOBWED	0.10241977341252628	-0.20913819483525886	-0.02685092570244274	-0.13000116123565153	4.754111996680166
HOFPEZ	-0.08001608259070947	-0.12949748362542457	-0.07729034488381559	0.03304574492110679	4.471855257554921
HOHZAG	0.26566035007490285	-0.18202566962160627	0.03585461558546421	0.0799477551179677	5.6324611505775835
HOHZEK	0.27845324701565666	-0.18912400801745055	0.026528230444283762	0.05977650670364265	5.639043708917379
HOJCUF	0.07699191254584781	-0.1386177792049732	0.09724677968144246	-0.02479061681080852	4.890107925095479
HOJDEQ	0.05070718862875223	-0.03610702003713806	0.09674380667658466	-0.061726178530078224	4.846995238139633
HOJGUI	-0.20099438138969017	-0.04057980750193346	-0.13006238473027731	-0.10573679042617368	4.062104628691836
HOMBAM	-0.3860117136217711	-0.04729299848445656	-0.11251960331746291	0.017356457469100972	3.7243714880415375
HOMFAT	-0.0001324210267470427	-0.3914942779726611	0.017589884360045938	0.005423306060680311	4.541387283138001
HOMFEX	0.07575668928882973	-0.42731349567133114	-0.01879958216915245	0.035590338800802535	4.825985112347979
HOPFOJ	0.23234190910497698	-0.08797267461561198	-0.0735065843828	-0.023208469705850332	5.431098180981488
HOQJAA	-0.037471946854107596	-0.05742156372718954	0.02054343254564861	-0.06185382787445015	4.529820274341952
HOQTEN	-0.06735937980078166	0.13599762030579088	0.10366129700184779	0.05873488851407971	4.911732505423784
HOQTIR	-0.17074162269940407	0.07422645891555124	-0.0052293910658562925	0.028665452836315275	4.443633425184908
HOQTOX	-0.24468155692233906	0.1142878848626232	0.007771972438267216	0.03706331359633186	4.338847465234393
HOSZIY	-0.08535158170582768	0.07288007171019384	0.136364751149191	-0.008169335728596128	4.660703745998723
HOSZOE	-0.3756886452583392	0.09920475981527943	0.017170205195456978	-0.03156417679027812	3.8905580649755924
HOTROX	0.05779420103516664	0.38464628664826384	-0.14626280610764453	-0.01137428319609013	5.544110700361939
HOTWEV	0.29116637925725497	-0.09875421803177176	-0.08574283041623909	-0.0029250876726020225	5.63868842780912
HOWRAM	-0.2444235538486461	0.05748939660981467	-0.05152968894335119	-0.009117914107625635	4.172509701859299
HOXLAK	0.1112653582312011	-0.04367528470120874	-0.07077351251316144	0.16650908892254257	5.393845732205778
HOXLRH	-0.3150453122991075	-0.16683216280513125	-0.18818923400592857	0.10006447999627643	3.934079377186287
HOXMOY	-0.16298639208049392	-0.24453261801720916	0.0017325235084122426	0.003316220775658296	4.1758243171355565
HOYRUI	0.2511478204675446	0.05539226897140148	0.012033388052610006	-0.0312499385653906	5.640451308716292
HOYSAP	0.034556119074811154	0.011252003568851698	-0.03914254125547956	-0.03663588224338998	4.861608760864328
HOZCAA	-0.26044285985427695	0.2654304727479979	0.11266054916113943	-0.03700213444716882	4.389990738100617
HOZCEE	-0.2356245452825234	0.08552760481173216	-0.012986196144359141	-0.07688172916378266	4.119887534867023
HUBHER	-0.14098682185549216	0.0012748537934550441	-0.05529622949954138	0.07650929323343725	4.539026147916094
HUBKUK	0.08448220768528225	-0.014494965873030008	-0.03799045127035394	0.08626576834700606	5.193426222612744
HUBTAZ	0.14595162572135356	-0.06629869191554594	0.06881788843886505	0.036846636075363315	5.2749106346937165
HUBTED	0.19176099453433837	0.02694985558633567	0.10386268171387081	0.07413046062139161	5.606689296669968
HUBTIH	0.190770553747317	-0.059665055014818336	0.050365031166904384	0.05321020672606058	5.4477811578419715
HUGQOS	-0.19372516910139037	-0.1640691719882923	-0.0189612481304422	-0.04780449399738529	4.028724460493609
HUHGOI	0.1090008636288724	-0.26012966965118434	-0.1952954199022836	0.06761461821488646	5.035086893399239
HUHHAV	0.09535803258711395	-0.2158775347364954	-0.14845724132346594	0.11874337558589476	5.09757066270852
HUJBIX	-0.3980411034839437	0.10814661258501301	-0.06168601540844221	0.03824431567868314	3.9449237259912318
HUKNIK	-0.0014126380297003749	0.14149015852280433	-0.11089179747154576	-0.01806965947335193	4.943081588418716
HULZET	-0.43581149496251603	0.046112120138799284	-0.07384690558759854	0.00021870316837113712	3.7157893631333194
HUVKEP	0.04508771275929169	-0.06675682760015489	0.08173897433784894	-0.061557314335144664	4.78978700365176
HUXSUQ	0.07871365650137063	0.0645655991070897	0.15934706506989027	0.017675755251218117	5.1915795441540435
IBAKAA	-0.003214378409603036	0.2220956549804347	-0.028404988199491443	0.11426223009201397	5.2994742125084855
IBEWOE	-0.2637927281668091	-0.12872671657591073	-0.1303169003791349	-0.025338862822593677	3.9053731816048156
IBEXAR	-0.19310248779181394	-0.29634179516805625	-0.01300997409788085	0.022226430906786776	4.0672066276740235
IBIWID	-0.25332437187801515	-0.06729968217790994	-0.0970237092102324	-0.04029417893449383	3.9528426636139358
IBOVON	-0.02542777542945629	-0.011125145490289867	0.06921804749037519	-0.025648631204578276	4.681321558708433
IBOVUT	0.055342486456257944	-0.07551312378356334	0.06057711264599064	-0.02946613179854629	4.839305042660052
IBUBAJ	-0.01759414691086647	-0.005442653975525236	-0.0035465437869328653	-0.004015770635605875	4.738523004118447
ICAGUO	0.2886764205157095	0.06534106591297162	-0.03730537339920126	0.044761628854699365	5.904072152256784
ICASEK	-0.29419415609098	0.01075582684763976	-0.0839667648642366	-0.051387603052836295	3.9422247796108336
ICATAH	0.17586027013533378	0.10684715859924587	0.0406647455131961	0.044328452732272816	5.5936466818897435
ICATEL	0.15829494462104376	0.2542883703445207	0.008974390339959948	0.07963661140746103	5.776294558411204
ICAWIV	0.11422132437194721	0.07639031886570224	0.16949236504010123	-0.05048435469584345	5.234903036497466
ICEDOM	0.20948783284986483	0.025706334986838275	0.10792358568940297	0.012914790551906474	5.553423179578937
ICEDUS	0.20747847795542018	0.026590800592242836	0.1123735592006454	0.010290375916409467	5.5356031807619495
ICEFAB	-0.27881762313137926	0.18758635626466136	-0.038342961766136385	0.02943040415941911	4.313905823696535
ICEFIJ	-0.08423944606257505	-0.021596417148626923	-0.07879389597072484	-0.03370113831893984	4.475140232195159
ICIXAU	0.12857989964000005	0.0025224695931078678	0.09759746931450208	-0.04200456353891269	5.203686858942591
ICIXIE	0.15915414953238072	-0.29535570476852335	-0.05872797470707103	-0.0019903242118134434	5.06160009320934
ICOGEN	-0.1372797326060411	0.0024197832991079693	-0.04673551977750856	0.1419074764645497	4.655875615257008
ICOGUD	-0.13041893017966255	0.0357933706908673	-0.048128922350604286	0.16855856163020677	4.781680003610383
ICOREY	-0.18836390171736062	-0.059029628760646435	-0.10697816210440436	-0.046554552326467435	4.1219406267772385
ICUBUG	-0.19112707654270533	0.10376580180609274	0.04612761795834519	0.015317392700111121	4.456860943389965
ICUCAN	0.05312288946114041	0.018701647836423696	-0.014106594188623367	-0.020442989975413273	4.966776182892117
ICUCOA	0.0053876964933383675	0.04314894906910949	0.04699938687366245	0.032726238694861354	5.001580816974583
ICUHAP	0.10895407495979459	0.04199868963902942	-0.0016401330617987764	0.06710232204219302	5.307239113540341
ICUHUJ	-0.27303614073719884	0.018981640280370637	-0.020367257183247833	0.03057792909817847	4.113998154532637
IDEKUY	-0.35739399876834166	0.07002568042338453	0.057610002527391346	-0.010479346460508854	3.9088426091345414
IDIMAL	0.14422770208574498	0.18644682247510458	-0.0219560505318519	-0.04827790233447071	5.433034211155985
IDUJIE	0.07285480446396742	-0.4279660123902034	0.003175826015253236	0.033123870376844944	4.80980284791715
IDUWOW	0.03016705607976089	-0.09535419051086302	0.042864688769933545	-0.05430443970339982	4.711574756646261
IDUWUC	0.023435936700155313	-0.07073935675731446	0.06958265507406058	-0.014851363246318083	4.788436276836164
IFAGED	-0.17403737602126146	-0.13267943475191246	0.0447574207895014	0.024932841758853352	4.23260263066277
IFASAJ	0.09687359971357523	0.1571733411929941	0.08931040509784971	0.12611266989461423	5.561353618222179
IFASEN	0.0921385886694468	0.15745102353765672	0.12518982699580494	0.13807109858118893	5.591821822737381
IFATIW	-0.31392041287579464	-0.0684411101946738	0.02158567501941744	0.005056385802667429	3.898957044822419
IFIGUB	0.2673852256520126	-0.1569526106183492	-0.016690621384334747	-0.02409399035193127	5.471474087649201
IFIHAI	0.2877527609373818	-0.15739491254069038	0.0142690749008485	-0.06013936991068414	5.49161639339974
IFIHEM	0.24791546886120663	-0.13415029627836783	0.006955956187525647	-0.10191497022181084	5.315896643976307
IFIHIQ	0.3767550268780071	-0.24096074185027017	-0.03465243608326518	-0.10895324922752925	5.677668551512182
IFOGET	-0.21570252734589634	0.1820556810153544	0.03517439978303116	0.12703952742744284	4.6323867748415655
IFUWEL	0.37610256597418523	0.13670252117190662	-0.08057932399633372	0.0004288692629822455	6.238153771549728
IGAGUS	0.20768934465823907	-0.03785360323502118	0.032556092262283176	0.2644280226577136	5.9336329664434135
IGAKAF	0.017097563565707574	-0.10130961424449403	0.14915403041709063	-0.013561031449471295	4.770697030583212
IGAKEJ	0.03142190745673901	-0.10634050186923094	0.14354324174659694	-0.017178838868761148	4.801405135162441
IGAKOQ	-0.06274239655161828	0.20620812005596667	0.09398538997533779	-0.023576486701551103	4.890136661847349
IGAKUW	0.09209320592298553	-0.11662742321545272	0.07238563665157849	-0.008058633477242227	4.994072571450909
IGAWES	0.14759207446050038	0.08378055207657154	-0.022948540129169137	0.11037260231634982	5.608151900705672
IGAWIW	0.02277632829176035	-0.1925679668498521	-0.05088139275550918	0.14706810997495168	4.937809875473673
IGAWOC	-0.03661317347791382	-0.15387056281944256	-0.03854997807843841	0.13592992927941572	4.771965492660964
IGICAC	0.2188616464473947	-0.0015192386457849594	-0.0060666824991226775	-0.07643600119865479	5.369389917041506
IHAHEE	0.15879827299867655	0.028136699777361773	-0.1262099095289806	-0.031145093192113782	5.264096665410637
IHOBEN	0.04125637205263022	-0.06410989795289002	0.16674688094014556	-0.012484190911620008	4.9029360957305
IHOCEO	0.03729775742551045	-0.03846812310350467	0.17368567838031623	-0.006381193576827648	4.925561897035627
IHOMEY	0.09323804133568814	-0.07896052728851988	0.08041642659135784	-0.0005337425381549687	5.022428752535337
IHONEZ	0.14443572781820935	-0.10175420008820524	0.0499506630386064	-0.07325090950776358	5.04559405721467
IHOREF	0.15104443954371893	-0.12153447322622402	0.09973049736735895	0.027023238502314362	5.247455594862128
IHORUV	0.0842158810159348	-0.08969749594829413	0.07131027695732417	-0.048619237361141376	4.91449135505869
IHUGAU	0.07670452559268837	-0.10137711260483107	0.13535252886278704	-0.004084027603631135	4.975573740167311
IHUGOI	0.07903838661816565	0.008674572898094368	0.09295891377681298	-0.05083303564212194	4.993685424822217
IHUGUO	0.06664418144969364	0.08418393313469741	0.12958627280271817	-0.04873175537620489	5.069938432827027
IHUVIQ	-0.3110503185939322	0.0830882395893906	0.11497221286357151	-0.03327842299440675	4.023151428672372
IHUVOW	0.044698616259431834	0.1234592936648875	0.11272435467635655	-0.07722696813055119	5.013939203493883
IHUWEN	-0.09140175446317245	-0.11666922458195073	0.17484732915285317	-0.04969661632736544	4.415965614059437
IJAKUZ	-0.5046946528363812	0.05909938967643269	-0.01794759080630226	0.014890804121569845	3.5975139724489638
IJIXIK	0.08709586283827608	-0.010595893303941839	-0.08234774850498527	0.0714720141026256	5.167949884972385
IJUGAV	-0.02899524830231437	-0.21822641707225454	-0.11470606832227825	-0.012456445535452665	4.50110933233466
IJUGEZ	-0.11601028794337997	0.08940758416551464	-0.011329820345295394	0.1035775348915805	4.762046370793798
IKEBIL	0.2155217646651204	-0.19205681576821143	0.08857801562203904	0.015048277840560176	5.361610465410292
IKEHIP	0.11280493699592409	0.05077098462594787	-0.10332181463540957	-0.004861203146402149	5.1925750417990235
IKEJOX	0.11649137753744787	0.05117424731604503	-0.10639426784302897	-0.004884572148691313	5.210615517407719
IKIPOI	-0.2759238932424093	0.11043915365408852	-0.024559771820291454	-0.013602925292609314	4.178316998719042
IKOBEQ	-0.00278420990267092	-0.06397967294785722	0.012997721073324309	-0.07176274913873504	4.639826984257735
IKOBOA	-0.048927161013321285	-0.06609780622199635	0.008157968844778596	-0.02683096215883851	4.560909566405978
IKOCOC	-0.2835953950917016	0.00146519579245874	-0.048735653675860524	0.03326547187608586	4.079013434900208
IKOCUI	-0.3107420385676811	-0.1266677305656998	-0.014643675348403606	-0.007121796008371151	3.8089484693918765
IKODIX	-0.3466624598695698	-0.15536354422699983	-0.026261567711020284	0.015469835107263963	3.7230684783288575
IKODOD	-0.2919573267678801	0.009033326792443841	0.04222997786548288	0.12846145188025326	4.252795708375768
IKODUJ	-0.3088809130917225	-0.12041554246253172	-0.03656673701816526	-0.04393919189592643	3.767572920863464
IKUFOJ	0.10701645438392449	-0.27789642481003063	0.10242749380754135	0.03864832025526932	4.960494978417316
IKUKAB	-0.19729881883153189	-0.04342751628138686	-0.03077676388570949	-0.03450106152873422	4.121106568825053
IKULAC	0.3927511935603949	0.046504467781009584	-0.014738254837507236	0.0072427026238605086	6.204889826533238
IKULEG	0.39179033977265965	0.01307321728937394	-0.008700721279547796	0.0025813888879614444	6.135739294297334
IKUSOX	-0.03950334046475801	-0.0786665762647476	0.07098538898215456	0.016873259264636786	4.670990029356585
ILEFIO	0.07272519655144061	0.036087471199237164	0.15148552255090042	-0.009207151348080811	5.11752541373469
ILELIU	-0.20611550816468793	0.02457757540072425	-0.06699702381803974	-0.04789204405872205	4.199682676367534
ILEVIF	-0.08856885804565762	0.26019873792276016	-0.11545075563244822	-0.07417081036825224	4.799206023375543
ILEVOL	-0.040080083250318754	0.1608603587556443	-0.061811850461578555	0.023527076049028484	4.915686176035143
ILIBUC	-0.2577735393242011	-0.03363042655866311	-0.12047907166689664	-0.047175995088087674	3.9802719638519983
ILUZUL	-0.1943072371955732	0.33118500553898134	0.09827683305126178	-0.04763891189748226	4.681384985118867
IMEJER	0.2731809357502333	-0.02575896690308266	-0.04595007555384112	0.0007950041786871642	5.655971727277365
IMEPAS	-0.1618592520710449	0.015284488300133514	0.14784584400044087	0.043061804002001214	4.481988186668345
IMEXOQ	0.14054995808903792	0.1087850211095085	-0.07234858381868348	-0.07712337512596934	5.24374952628526
IMIDAJ	0.018403629504605057	-0.05636701207356998	0.06223405100183199	-0.03281601479609364	4.785406076756231
IMIDEN	0.1078285469908975	-0.13259334468899886	0.08387786742981818	0.025195527657533856	5.084413141846085
IMIDIR	0.030202879415624384	-0.043245621349846	0.0797372607457516	-0.011984481403833458	4.879742350693149
IMOGOJ	0.0759617366337042	0.010220970812277574	-0.06145703243951828	0.033913827125616414	5.090571062098762
INAKUG	-0.1813493691973067	0.005678688346145044	-0.03300440092281143	0.12284601991085764	4.510876286730148
INALER	-0.13257235015297475	-0.02732106860128969	-0.056754465473143334	0.12803226144104407	4.6024946410170875
INDRHB	0.15276352628767498	0.05202928379331251	0.0632526012777832	-0.007879259241337144	5.350628541876103
INIFIU	0.028125522470345388	0.0021694923093149576	0.06965712055740059	-0.02076462201551421	4.8700568105235185
INIFOA	0.026483780363586895	0.0006162745091842226	0.053343388350893806	-0.003608607244192319	4.8967555265958636
INIJUK	-0.15441968162370934	-0.019356735518164303	-0.10105754751369789	-0.04920996803637934	4.287179775079634
INOPIL	-0.008432019213513442	0.07945559564475291	0.03691794171800966	0.003671245784038213	4.880578111283853
INUWUL	0.2241890590283271	-0.13410872744698743	0.015470353160121686	-0.021807207709489185	5.351536630523697
INUXAS	0.2745567432813414	0.06844831164064269	-0.04311020603220195	-0.026366870661996278	5.741401156471553
IPAFEM	0.3151634368375271	-0.14119192736550779	-0.0858495418974996	-0.03887475201500723	5.638566443501693
IPAFIQ	0.3198976101177453	-0.09857846280297622	-0.07671383041242419	-0.03312550790028368	5.702604890275802
IPAPUK	0.06336766877615752	-0.2285224993362316	0.01838727879308788	0.13343042288953266	5.081939256338702
IPHCIR	-0.42990290246617957	0.22375141780125452	0.039480209887013284	-0.023095139185567937	3.952562818349468
IPONAC	-0.02337942330133158	0.023728337863861526	0.06559184290394326	0.009684717607404747	4.76938923860237
IPRHRH	-0.3289032803915277	0.0318879280152462	0.05565857814596753	0.03386137486865959	3.9967781204768085
IQARIB	0.15037145892420067	0.045681122793248985	0.10596340603834675	-0.04893177501706536	5.275111838360854
IQAZOP	-0.3451928881677908	-0.02166269972450774	-0.02909803128613553	0.009049143408629945	3.8567195704533286
IQAZUV	-0.33686517740256927	-0.02972322371439784	-0.03124356199129541	0.0038718751838757726	3.857286347966761
IQEZEM	-0.06899330753587751	-0.06063670383819675	-0.006997220524759928	0.12248260839275471	4.7609718212637615
IRIDUK	-0.1612150806478141	0.21681540217534812	0.11574233711776949	0.08785940719477958	4.78335783390457
IRIYUF	0.45919375913905913	0.05314488569635323	-0.11819830260420594	-0.08254802709881626	6.330365853559469
IROWIW	-0.008726606060196929	-0.1995245815658797	0.0554981874929108	0.025800064915396326	4.634683916447727
IROWIY	0.054094767064185145	-0.24561683977178772	-0.06915496606882154	0.1217896084380472	4.943560388401408
IROXAP	0.03908303358109322	-0.45640557016912275	-0.13163489505731407	0.15592582584143633	4.8625586534163645
IROXET	0.08150408230142325	-0.1664587392311585	0.008465312993318097	0.08034065970169835	5.009040942794055
IRUXIC	-0.3833428602774036	0.09725527622091068	-0.030186067142090378	-0.011653010651046958	3.8837742508340645
IRUYOJ	-0.39488733099716744	-0.05751664073181617	-0.025289457615023547	-0.019982514859687273	3.6477128780347288
ISAPUO	-0.19414272751609696	-0.12935584328357552	0.1036710650308228	0.020920777257405265	4.205520560316873
ISINOO	-0.3411853819190209	-0.040214432879067896	0.08785620603076794	-0.030619706937382918	3.8105407517074403
ISOKEI	-0.18377960922951098	0.11398454186523965	-0.03642549929598382	0.1045215267157682	4.586263489554459
ISUCEH	0.160424288014565	0.15781077208868322	-0.06687140727694607	-0.042545401411007044	5.447009363940987
ISUCIL	0.19726115143138623	0.15451741650800077	-0.05808541681563173	0.0004456945362169007	5.624606407980096
ISUKEO	0.3383445316616118	-0.4837448915033098	-0.09903173611582017	0.09982497909180599	5.828130265729762
ITAJUI	0.006986021677531706	-0.012143522446177446	0.11104179291257044	-0.012025389632160932	4.830504740718793
ITEQIH	0.12318018829877353	-0.24435896745169505	0.05392035904327974	-0.0730445847255754	4.894402280781405
ITEQUT	0.1291018235123209	-0.23871956623976898	0.0684619817051606	-0.07596029824464301	4.912582891681177
ITERAA	0.1366859067267976	-0.14746768511444563	0.058762599494040835	-0.08787019366002191	5.014806979236954
ITERUU	0.15401387813010503	-0.07487524253065869	0.05485494607294106	-0.08182420722455153	5.1109561377104304
ITIGEX	0.06687005885614106	0.044154923598674234	0.16169175810285097	-0.017077217352746477	5.084782245556009
ITOHIJ	0.24245197680931785	-0.3403566766774515	-0.03204773803161465	0.04830216253564945	5.421155979702711
ITOLEK	0.07191588941820459	-0.06922636665336457	-0.0017558370091048658	0.15327248320294606	5.205893307465083
ITUHEL	0.07114753485528302	-0.006355041673192119	0.11359638261333571	-0.051369967066015265	4.952759080207344
ITUVUQ	-0.2403183964115223	0.05267798966602344	-0.08053624757580802	-0.06521438497106224	4.125420380961003
IVALAV	0.1840861552743709	0.1172479455853952	-0.09704279801645055	-0.01937247755949667	5.502201686760969
IVALEZ	0.23518776748055892	0.1483606100925372	-0.08389966828833373	0.028732286188100642	5.802024850794612
IVITAK	0.08266183494847112	-0.09897879832339074	0.10808835105805059	-0.04832012374367656	4.954255038985783
IVUDEI	0.18791465144319508	-0.10949638629620351	0.11111362199740693	-0.08548710792738357	5.1847811204200465
IVUDIM	0.14909660644411327	-0.04013512151944143	0.0900146565164226	-0.02353241730367328	5.211043868134754
IVUDOS	-0.08804770308330001	-0.08808155857838118	-0.13518513353013328	-0.10726498230117887	4.329636102503109
IVUJIS	0.32588568727088596	0.3802701080122901	-0.049328635131904	-0.07142847429654775	6.3538584198826
IVUVEA	0.41017952870644514	-0.04088404227449871	-0.04793402575474981	0.07128136368896043	6.295923590963729
IWECIX	-0.08734046080767177	-0.15111791511565253	0.07056118391114152	0.009734880246503042	4.403515636670043
IWIJIK	0.15660124687656962	0.20254011734011623	-0.0483755414425604	-0.02676423342819223	5.522877890457198
IWIJOQ	0.11278001727204767	0.17943389236141627	-0.020916516309188227	-0.049788498942749504	5.308870356599019
IWIJUW	0.09818898412754562	0.14682881962393113	-0.026641726981067926	-0.04872939024358647	5.212487607465074
IWIKAD	0.19259684921045483	0.10159390470540508	0.02630923273613961	-0.060864986617347516	5.447790920591167
IWOLIS	0.04811339045532481	-0.4313263352399035	0.026364469630853593	0.013245583632150781	4.709092913936131
IXADOB	-0.205098152044624	0.02941102095602144	-0.08646604198915275	-0.07917121324211707	4.152627786594205
IXEGEY	0.1705236817716278	-0.12579783430208424	0.05932553043553712	0.009989146386326087	5.243916138877246
IXEWOA	-0.3369556170292587	-0.104634411543707	-0.006769511272239903	0.04030857914633945	3.819354581884775
IXUJOB	-0.17466092283663004	-0.1260816874736732	-0.11736923957581635	-0.04418089480007692	4.05528847026417
IXUTOK	0.02929682917175347	0.24281368638831458	-0.09811772402603469	-0.08436903658997452	5.090828766642481
IYAKEY	-0.27466020500933697	0.12003698987827782	-0.05541613596358275	0.052158277531554	4.293327019470187
IYAKIC	-0.20247241315044384	0.10222534177521503	0.05945869788468161	0.028095581988230256	4.443180962190991
IYAKOI	-0.2141003724893622	0.11756548340098893	0.12162918110400822	-0.015267739727033436	4.358231849794306
IYAKUO	-0.30363871282627897	0.14084584105449816	0.1078763785496697	0.049924388358112304	4.236390799289494
IYATOR	0.0008551742873441626	-0.08131578143089291	0.08037186884752767	-0.007736212784318686	4.733558912409463
IYATUX	0.030985073513147388	-0.07656894292830918	0.04675618538183768	-0.08311696103023947	4.707399712744405
IYAVAF	0.10330661828177723	-0.014266219938457336	0.03728881042906229	-0.050837127150803796	5.059336902268835
IYEZIW	-0.043454456659129725	0.06696193846446752	0.06978854661957379	-0.01248378417722884	4.740412185326375
IYIHUW	-0.06764799935792265	-0.04221477498517867	-0.01974992853715718	-0.09796516850201342	4.448288617543943
IYIJAE	-0.023214243014550995	0.1787883630408853	-0.06772092697578569	-0.061319361612710566	4.897820755960348
IYIJEI	-0.2434457373736547	0.011558076569348597	-0.05288752430545873	-0.02868631536856403	4.083330479020798
IYIJIM	0.15312422104748835	0.07936957256821398	-0.0093994374756734	-0.11596338706174214	5.234656632574053
IYIKAF	0.09507073898467411	-0.31902657687901925	0.1478698874225779	-0.2320403929837842	4.606257148896925
IYIXUK	-0.25906649410596283	-0.10995225091235739	-0.10340211136691813	0.0044977160549126705	3.953138054116554
IYOMEO	-0.11567676018763184	0.037719593082191416	0.038329328064049095	-0.0036344353952149078	4.5133144193702925
IZAQAE	0.05032682125026744	0.048257566456150425	0.025906050672926062	0.014118520665804657	5.061671497042967
IZOROG	-0.3172371445471147	0.1459058814921903	0.13446321181910093	0.03715649465436788	4.220465346364681
IZOSAT	-0.3298844927177962	0.0868720395298257	0.12461099519765306	-0.010427306326589392	4.040627164628517
IZUPAV	0.091765769921762	-0.1268071062273659	0.0633976758863084	-0.01332877132872845	4.953392762678969
IZUPID	-0.32633216604180926	-0.20757360871682207	-0.11003282923413527	0.013952761854893359	3.722903655817328
JABGAV	0.19084316548160274	-0.10173605705166677	0.06977481101402416	0.015324732923716722	5.358948819375106
JACPEJ	0.3102329020537824	0.23407877921302012	-0.0010590703581381256	-0.06894005565678785	6.047593937069201
JACPIN	-0.24412140904014135	-0.2481814399892448	-0.12536045656443284	-0.0913844535466366	3.7401992154889947
JADZEU	-0.03552912606791292	0.19056813521992666	0.10648095659396217	0.052098023246949565	5.0811067069112275
JAFVUK	-0.00736228337215028	0.04150232603310622	0.05223143179133083	-0.006389659195522923	4.851337975418242
JAFWET	-0.32159297472647674	0.10533100884329549	0.024293633736696796	0.04341866252024762	4.137294137314845
JAFWIX	-0.17368209793449596	0.20608673764019425	0.06216425687755556	0.12700387990856188	4.8268753984917385
JAGFOP	0.11848348147244092	0.045362168887915555	0.0735217172228313	-0.030899194287794418	5.205989825984587
JAGNEK	0.20416159908704046	-0.05399502978878523	0.06912236954031892	-0.05903754839954656	5.34778277299142
JAGWEX	-0.2486604009111495	0.019882813510486486	-0.0015097892277586844	-0.05266773447372075	4.0914475813165545
JAHNIP	-0.1479003409442312	-0.023434560728185616	-0.059765108204975936	-0.04417593904777739	4.327923014687366
JAHPAN	0.07896272666692417	0.08650951488364145	0.0016475901525072612	0.15163360003692505	5.398863110096893
JAHRAM	0.3492067580825542	0.023274731840318363	-0.07830008484678785	0.009243714284044136	5.997361238750022
JAKPEU	0.2200392634051549	-0.5295828789691148	-0.14593924017108018	0.04986042031031801	5.317944847566467
JAKVUN	0.1246827567803992	0.09713436466038683	-0.09976513915932106	0.0050830091568493385	5.3069114872422825
JANMUG	0.2569475241561401	-0.1302573335963304	0.047686937599523915	0.056071813330355935	5.599683614037108
JANNOB	-0.3973404254714852	0.0311466485500147	-0.03777230864786918	-0.04198194051305304	3.7073437838153933
JAPMUJ	-0.15217112848441627	0.06010311783009259	0.11390500627041944	0.027483702497122398	4.506423469621364
JAQBIQ	-0.021260880601017718	-0.2573911781744751	-0.04348696717725953	-0.07630940525577734	4.403403723451004
JAQCEN	-0.11587899887741226	-0.062108614866724476	-0.06928858509943003	-0.07040991826929177	4.308007281445257
JARQOM	0.07815194802202186	-0.03828056446340877	0.10486233043796478	-0.036615829436446035	4.965239208630679
JARQUS	0.06890374560783963	-0.04926252551934818	0.13243254881400102	-0.04082213872526308	4.938975480309222
JARRAZ	0.09147554149289983	-0.02172948715207923	0.10916266285287635	-0.07090880999943505	4.985463489270221
JARRED	0.06751451438534284	-0.035776549381540956	0.12241684939522601	-0.04930541278319833	4.931808436489975
JARRIH	0.07154319993390112	-0.03352225897161931	0.12563442942731662	-0.049885607993545356	4.947559930290619
JASPEZ	-0.31060760029916623	0.038287212094417544	0.023893299769073062	-0.10860809171335029	3.858145547894869
JATHAR	-0.29363067950231114	-0.08702178378095526	-0.03677392320091455	-0.04167270364158504	3.852616767999136
JATJOE	0.12014053687462312	0.06897788204677635	-0.10080035998817727	0.020112693929047576	5.276237600795444
JATJUK	0.12082745139365736	0.0735823001520477	-0.09639881643746961	0.015476182651772197	5.2754622321256806
JATKAU	0.23219140133540828	-0.004875944965136547	0.0252266708490696	-0.027470980473371598	5.503037338623709
JATKIC	0.06376823901229933	0.1862938297010297	0.019512451909374118	-0.015495752179119804	5.211097353473452
JATKOI	0.2052895553518308	0.03991582071148825	-0.008556876077280728	-0.024866455070829185	5.455716273205011
JATKUO	0.19758080939039546	0.12355090441286576	0.006370560859542573	-0.055123145383776495	5.490275314965309
JATLAV	-0.009655592087044251	0.020627567090747423	0.004275273633149723	0.16407568296660802	5.090160797070804
JATLID	0.20062592916379973	-0.01816449671712439	-0.03218398426393465	-0.028393252642105127	5.368999279495174
JATLOJ	0.2054746999379189	0.012293797673007312	0.012175328376154537	-0.04566988249496795	5.404831650787417
JATLUP	0.2183600996005115	0.06348321940011159	0.05283610945883499	-0.0034753434404469763	5.587970492419537
JAVCAK	0.03240130233218963	0.16994502993121152	0.17090403118050324	-0.05335851347687093	5.094751948394978
JAVTUW	-0.2702353856586479	0.025599226102227313	-0.0517284465289638	-0.06252793676401391	3.9969181823890256
JAVVAE	-0.2734851005645773	0.02354344217188986	-0.023550838194229318	-0.007246940351668951	4.075000696312704
JAVVIM	-0.285814118303114	0.008123932460005978	-0.026515827934223912	-0.044862365713251307	3.9607406060941956
JAVVOS	-0.27697820563910036	0.02144637685511608	-0.041216931847355864	-0.0666898972357276	3.9697922132498276
JAVVUY	-0.28590697804765486	8.52432200253439e-05	-0.07673741394160194	0.005679222537197992	4.027331677018104
JAVYEO	0.26744028364157435	-0.0200070145450848	-0.10682814273845964	-0.03216296727886858	5.585934216535484
JAWGOD	-0.30459571125906604	-0.16242180545605933	-0.09863281445595096	-0.05534474739841677	3.6675204389523373
JAWNED	0.273453740621183	0.09671269071023447	-0.05130680973062263	0.012252702581615593	5.835186693577284
JAYJAV	-0.0036461678027741584	-0.23814074174331523	-0.05571280486494712	0.09299262684446252	4.7525256023782285
JAZREL	-0.2762782320207744	0.06698337794549225	0.16245823368236456	0.04200949620598127	4.305890829222773
JEBPEO	0.1017836792557012	-0.007958018595444205	0.08460803514748494	-0.04059685569066551	5.082948932027276
JEBPOY	0.024348422789563173	-0.003255789715412849	0.10601355035360238	-0.04510297119740203	4.819509416894057
JEBRAJ	-0.03557351352225968	-0.03927163767359776	-0.009735164211545522	-0.048423540720071045	4.568565361631945
JEBREN	-0.03755476721205575	-0.05963092271341486	-0.007576992590210718	-0.04605738861368913	4.569062413292972
JEGKEM	0.004869775689292144	-0.03494932286203056	0.14060645413442163	0.009537425338384753	4.842104070258096
JEGKIQ	0.02983912574001213	-0.007052359590113966	0.13591592516361617	0.013492918825143918	4.953808891322554
JEGLUF	0.1947676880040201	-0.18199963468690328	0.09685388361918523	0.0375578605078547	5.34762353233036
JEHNET	-0.12016846130109893	-0.15588120251699888	0.06638513395727696	0.05528438495950272	4.452331648122686
JEJDOU	0.30533921534062536	0.06518935527927461	-0.06771153619822967	0.03131375758587174	5.919543091277602
JEJDUA	0.286674235578698	0.09357483597781746	-0.05762563805961762	0.014294728228108178	5.863393848382009
JEJLOZ	-0.19474769456930807	-0.12044375959350173	-0.06383907163054503	-0.0654306464146488	3.999998992028683
JEJMAM	-0.16399475491166782	0.12618757834505523	0.027421720579774655	0.024450163519755708	4.534858843679571
JEKSOL	-0.015869003097098933	0.07569181105259348	0.016763777521688228	0.17771530990225548	5.167572728209084
JEKSUR	-0.12924860101357494	0.1523158563298055	0.04350175909367171	0.09446176268665496	4.77769617351507
JEKTAY	-0.11664745997881387	0.09978420386737641	0.0977852720363308	0.13601618995373432	4.861340022818203
JEKTEC	-0.07074888283943004	0.17998448701817882	0.06068508560428243	0.13687286514497687	5.062043493035717
JELHEO	0.01427338989448268	0.020199308249135406	0.002022760986549521	0.14534404491713526	5.129107026339993
JELHUE	0.05722862014525454	0.10447922297428702	0.02348293854717043	0.1662616909620418	5.412119851055486
JELLUK	0.19791226060505762	0.1541541047629491	-0.037210573498155375	-0.0042814664365428134	5.611822579501364
JELMAR	0.3520061404564534	0.06956805221966977	-0.058009278647661144	0.03567032914938262	6.105856599337195
JELMUL	0.32169577447346676	0.07436097397809727	-0.05839359187231752	0.02493060469609909	5.977745892731539
JELNEW	0.2981678119047033	0.08118191584075074	-0.08438913655751312	0.036268269431384836	5.921235414676753
JELREY	-0.18171174920693778	-0.07572007537074787	0.05584697461635657	-0.06087568694623491	4.166958079593095
JELRIC	-0.12392906125771685	0.0032428085350950653	0.06386966962303697	-0.062257642359094256	4.409404187559549
JEMZAD	0.12303420670330745	0.24003321661106014	-0.03859717031487042	0.05867869591451069	5.591730776679857
JEMZEH	0.11004330416661867	0.21683001565943982	-0.07038344205323543	0.09001640914986775	5.5530409710673325
JENWAB	-0.0017737634382135603	-0.23489570396821202	-0.13152909132708124	-0.009830216889778809	4.5826746552874305
JEPCOX	0.17189577545537382	-0.16962775688906473	0.05460855796958364	0.016405198369034757	5.229066201261975
JEQTOP	0.30896858363282576	-0.07548576672552354	-0.06914786575992116	0.013774738990219082	5.750023700989475
JEQTUV	0.23614736976522943	-0.04356565180296146	-0.08034053267708985	0.0465433299370589	5.580904578268431
JERNUT	0.03241484764697633	0.1710597272350416	-0.18878299177383306	-0.032375097370522354	5.08576974793063
JERPEF	0.22472138505432993	-0.1727798377063643	0.0018640472731927815	-0.1526852708813219	5.141672284342279
JERPIJ	0.3672172854234437	-0.22599925776958196	-0.029201428855503142	-0.09949374041567183	5.685897039969781
JETFAP	0.41681564394021553	-0.13187916757642726	0.03894027698315172	0.10636032862665923	6.326800366606556
JETFET	0.36054205124828176	-0.15526391742568735	0.04232173997601629	0.10903783001998979	6.092101291870143
JETZIU	-0.16428883684939155	-0.09354639102118911	0.06557046529745425	0.015121672265253627	4.273607376636241
JEWCIA	0.08210947908168009	0.09429304519303594	-0.057377004165940715	-0.03601656640748796	5.110423986772427
JEWCOG	0.06645068321908276	0.0799228511350365	-0.05059025322895572	-0.04437386365827234	5.0286813870766425
JEWCUM	0.05009052183180662	0.07185880471177608	-0.07896044645773825	-0.053045394583308036	4.949280073205733
JEWDAT	0.11934437841310652	0.09519464577157111	-0.08758735900430259	-0.031242311333975925	5.24480142862107
JEWLEC	0.07682988780223043	-0.08455569367893734	-0.11856087427339745	0.08811483241239504	5.0832278498580346
JEWNUV	0.14512666449676015	-0.13181544515730836	0.12485482679128213	-0.06697464630113092	5.05288501509318
JEWZOA	-0.008016955901413159	-0.008387922340683307	0.06654737208419492	-0.025381099680511943	4.757388545162133
JEXHIH	0.17058687334528155	0.061646023366330294	-0.10738017060707361	-0.0383476417523122	5.343509553817764
JEXHON	0.17005656636032995	0.06201415355279005	-0.10751287482502558	-0.03828962572600969	5.34395134014972
JEXHUQ	-0.3811583487070007	0.09661633595359387	-0.007504847553609695	0.05221122053338867	3.9953270660034463
JEYVER	-0.1117704134864097	0.0869109255200824	-0.06034183239657964	-0.01663565465465411	4.5466880366749995
JEZGUT	0.29618884873557505	0.12848245418961568	0.047681096760036956	-0.10790719728735887	5.800488239119014
JEZNUX	0.3569392751053515	0.3634337814961208	-0.09997221784922128	-0.20036895523305176	6.306562221108103
JICPIU	0.10952583726930687	0.1892343172934341	-0.10450146809664562	-0.17114824937496487	5.152852105485228
JIFYIJ	-0.1858913343299471	-0.0672219881383227	-0.08582581216315832	-0.0004156727548416672	4.21885759382339
JIFZAC	-0.22531122683368499	-0.05717389625319802	-0.07656345262710884	-0.02841634872196963	4.097701607964989
JIHTAZ	0.12107543419850542	-0.012734215038770813	-0.026830375875899204	0.03706691510689841	5.2440398007808104
JIJJIZ	-0.152448831496919	-0.20490179503621553	0.026447475579601143	0.011780715809550979	4.225811757511539
JIJJUL	0.07142514464243721	-0.09800050633425972	0.026141407251530913	0.02562051190810366	5.012426337287713
JIJKAS	0.008818220644422503	-0.28990117827706463	-0.04981791529040458	-0.011931967598864834	4.60653521172646
JILJIA	0.11754246367414378	-0.08181816514865847	0.041243749186045564	0.04503299718967757	5.190961685154067
JINJAU	0.18536767242048402	-0.045207392731745344	-0.09238050134417919	0.009494146670992243	5.337677961691206
JINWOV	0.1310083929423782	-0.0431003604954614	-0.07204616005167663	0.01213098618006192	5.170291952862501
JINWUB	-0.01765331133876602	-0.09024932463995672	-0.11985055364795683	-0.026409655302271462	4.592587463990199
JISBIW	0.16695587734351758	-0.014499916702625182	-0.06667490201275905	-0.06875083522261483	5.213782749257986
JISBOC	0.13387656491202815	-0.02809608079857462	-0.08107844581454726	-0.09316178374886941	5.055972615377161
JIVJEE	-0.22290059224356362	-0.03471262554779431	0.06381174385893096	0.031924171592005335	4.212523049244519
JIVJUU	-0.09652619786671224	-0.018281247924675004	0.07829607276913841	0.06923412708098675	4.647527533795385
JIWYOH	0.01461157394492485	0.16360989033974116	-0.054097347742430024	-0.027206128778424654	5.018373669724609
JIYJOR	-0.22237287054764	0.03620013720177884	-0.016460838744395856	0.023782203508905475	4.270998769263433
JIYKAE	-0.26528914625565236	0.08577706997187384	-0.0042777227546080265	-0.007444372220774431	4.171990483850116
JIZKAH	-0.2449890672603543	-0.04489942942878633	-0.04702970869332268	0.0241192330630543	4.08504071707427
JOBBEK	-0.3225652350947832	-0.03174638901206839	-0.0899213586923524	-0.00508567601324561	3.8842911497602466
JOBLES	0.13703230491486806	-0.043557414341259815	0.07496215905492853	0.052511883957615524	5.306481209218813
JOBLOE	0.3219072052869216	0.012474578626820776	-0.07696636112849475	0.013494526166789256	5.8991000406731
JOCHAM	0.1309459700490465	-0.11988444763732753	0.13122757530836804	0.04273367136844919	5.199808765825343
JOCHEO	-0.2590723162813746	0.0734854753690577	-0.04500938644292907	-0.048106957320999455	4.106699447508179
JOCHEQ	-0.13709856853820623	-0.3610723365463604	-0.04638593884680042	-0.008754657746298355	4.111854338126049
JOCHIU	-0.05180016341090932	-0.3477901186479897	-0.05033227998684087	-0.06192449537369116	4.27739117763301
JOCHOA	-0.25155107895788587	-0.1336524490257487	0.0036667076224303763	0.023288319539967683	4.031958053670243
JOCHUG	-0.14185147967666745	-0.08197463713195008	-0.024214584750893886	-0.0085980262146651	4.28703642506154
JOFWUY	0.10258731813109678	-0.22466659389870536	-0.04862195917246659	0.07419431346510375	5.03295226048652
JOFXEI	0.210527556766674	0.13775344886630325	-0.10765122598712584	0.021112305654114927	5.686382657715358
JOFXOS	0.2215086017064949	0.0443288308714167	-0.08336326155214335	-0.010774651994568063	5.508856995991699
JOGKIB	0.07806124519594615	-0.26306438410085886	-0.021672097792581946	0.03380188838097331	4.848738007543411
JOKPUX	0.07439825076454998	-0.10868798543689095	0.09781441219091724	-0.008104930820112877	4.941568799132234
JOKSAG	0.010894828033650938	-0.030971671994938443	0.04292786475260679	0.17583913714477795	5.127811073310442
JOKVOX	0.2869305008101457	0.06031156090021428	-0.04752985610500393	0.04015753572719105	5.885419446440305
JOKVUD	0.3162084181394924	-0.04765158724094798	-0.061169673860282714	0.025812279049591602	5.821410279604596
JOLYIS	-0.1840017365720552	-0.13396938379107048	0.0022405627966837205	0.0024527734604042895	4.130525394825957
JOPJIJ	0.003947437005153542	0.07315229207656015	0.0373391173153943	-0.07565015973338196	4.78131227292751
JOQRIQ	0.0953584472030391	-0.014581401997249444	-0.025919390568272416	0.12272726934737699	5.268722419217827
JORREQ	0.12330150800822581	-0.09685606311040384	-0.032961221347075575	0.15100418709979735	5.372630396268983
JOWLEM	-0.2680716447495177	0.08281070024390402	0.15319671850062866	0.006865580241003921	4.212514140969169
JOZRIB	0.22985207883106984	0.12462643408208285	-0.03656362396124657	0.024633284494480545	5.72898218538082
JOZROH	0.2768915660397413	-0.04687301894106799	-0.04021162017316682	0.0070464860734114065	5.6540240361256
JULFOL	-0.145104401019307	0.17460467076352248	-0.004303126032866533	0.12557604633494912	4.827708576413472
JUMBEY	0.011120695752275367	-0.13944491649166912	-0.03621106394673057	0.0747322511201376	4.8319725770999575
JUNWAQ	0.20351981201222147	-0.2153040797284973	-0.10141308463793508	0.03471169391582085	5.336199124552509
JUNXAT	0.26343715400121637	-0.16058986576904877	-0.00752052719667895	-0.030668042115322258	5.436843304856439
JURRIX	-0.19470427631805998	0.09731600411033048	0.039258790559028034	0.046271544819928456	4.4527452968718
JURROD	-0.08866064086464975	0.03891123599973323	-0.10291514922578404	0.0673455738254306	4.671814417994062
JUSQAR	0.16605168427659622	0.14231158631585572	-0.06830133786526904	-0.043167785394942704	5.435212671421469
JUSQEV	-0.01574603675264985	-0.014721936212554354	0.044053430076796074	-0.042521086288308085	4.676717181240975
JUSQOF	0.21975571736291544	0.0925370310298761	-0.03842333137849496	0.035350982289302335	5.664229599275782
JUTWAY	0.19362522952505135	-0.36875002812294433	0.021119815908201556	0.047687071914614965	5.253440521209334
JUTZAB	0.1856143683464797	0.1263687277621086	-0.056795081673696846	-0.04811527301310148	5.500863000655072
JUTZOP	0.16371250859177344	0.29681401013046527	-0.06033591746093214	-0.032895540869196216	5.70427975096076
JUVBEJ	0.22300946084360573	0.23304029160597217	-0.0679023001087058	-0.03190448240736232	5.792503921289444
JUVXAZ	0.15063222446709013	0.007729329215206082	0.12268047772199653	-0.024376026674029272	5.288242134760813
JUWLOF	-0.22075615925920955	-0.07915661852541245	-0.03252473727058036	-0.024334641122707112	4.053385465414074
JUYCUB	-0.44501975045724373	-0.028209692611783854	-0.009768707710218205	0.02570663316625954	3.6476581311118457
JUYNAU	0.31907896749254094	-0.01924572161587168	-0.013357460923609121	-0.026394459028407646	5.793662053535008
JUZDEQ	-0.3370880632050106	-0.1493639739317132	-0.11344924379020993	-0.04190828833799365	3.673534770876007
JUZNEX	-0.14137153097320287	0.06702235818075186	0.08374669983562777	0.0031757851107077073	4.482252482168045
JUZSUS	0.17345028669955997	-0.08985133347102803	0.09343760814337165	0.0566132238567123	5.365452476379961
KACFOJ	-0.028189773495878256	-0.07454301294747712	0.11631963318551497	-0.026191234003126174	4.642535940070037
KACSUC	0.11890805725233822	0.21102916285356832	-0.054015956983020974	-0.06446994540741302	5.3587329934649555
KACWAM	-0.10540035938473835	0.12377676274935068	-0.10947424229633906	-0.016848355964711015	4.623432694270621
KAGCEC	0.05641109657632715	-0.032446553231516795	0.1552979183408243	-0.002051322904038644	4.995239428181852
KAGCIG	0.08055260940669173	-0.039393050352294345	0.16861378542180772	0.01216446479538602	5.122268759893202
KAGXIB	0.006570386296132824	-0.05447281156982209	0.06529581992913891	-0.01514754627746917	4.758887834255368
KAGXUN	-0.01982201498658398	-0.042233545251034066	0.0679659586481729	-0.023540639693590104	4.666497875653071
KAGYAU	0.07756102828273459	-0.0800472432476691	0.010279945344577213	-0.062369331344346635	4.868869969640757
KAHSUJ	0.04724568288815778	0.13613611217655563	0.11784125269527168	-0.009733897946830217	5.1234059558479155
KAHTAQ	0.032954559000095696	0.02373897316706186	0.08660965197403314	-0.01767517808400465	4.910244623820286
KAJXAU	-0.0055466148450715735	0.07312250477843962	0.04011667840677968	-0.06734624464830041	4.757057978626849
KAKWAV	-0.03200707585483409	0.2579100284763922	-0.030025646623332625	0.26433003402886346	5.518255346696998
KAKWEZ	-0.06047110779813858	0.23712639404774238	-0.019560469887545784	0.24029604582464215	5.364641006928382
KAKYON	0.21756991838197592	0.07713645457416485	-0.06833952310751412	-0.028240722029506116	5.549000742377586
KALVEC	0.05042510761384289	-0.026935883777016834	0.12599082724648025	-0.017569081851639967	4.9316464763165175
KALVIG	0.06182524505661702	-0.04109074275140845	0.10782957759568679	-0.014793866579093096	4.9497288013178435
KALVOM	0.07685513205075756	-0.0968667167354238	0.09721112589938352	0.011127438700850867	4.982878484651513
KAMCOR	0.047209972393841504	-0.052643942658112675	0.07288780818029195	0.006002965693697071	4.904731217766608
KAMCUX	-0.24549060879259033	-0.03234410974042046	-0.04822510106341449	-0.006488460297142229	4.074271837677405
KAMDAE	-0.2259229378995451	-0.11014157179631612	0.04263283136299312	-0.022060725834256334	4.031822326222581
KANLOA	0.05895847672473975	-0.20944682614919286	-0.07825056271301101	0.017444710259149843	4.8339320481831525
KANPEU	0.07456061071842335	0.1719814054173492	0.10508116308018689	0.17691635773432768	5.578795325679344
KANWUR	0.3465872354835007	0.23701176011157354	-0.09917051104295282	-0.141889035256896	6.094127614062886
KAPYIM	-0.0036722177918901977	-0.0412856770175174	0.13071051856102267	-0.037527238122335715	4.727538942936705
KAPYOS	-0.02178672198468723	-0.07378710140204392	0.11090882467309893	-0.031786848081505226	4.65539859345887
KAPYUY	0.000255505339024964	-0.04264547676345121	0.12497644745509673	-0.06374055853307803	4.706120399737113
KAPZAF	-0.03205568401105152	-0.11285039820096987	0.164138421379588	-0.014640622569322082	4.640429830859304
KAPZIN	-0.03916480127672761	-0.08926438519339186	0.14458053478933075	-0.013883536683800601	4.641277732416249
KAQSAZ	-0.21475923517150974	-0.08641769405187327	-0.004027267235742871	0.08990920016871251	4.2771815980425565
KAQTIG	-0.4198634007927553	0.10846648458624442	-0.01993329888814066	0.12474513387606778	4.042971680256689
KASFIT	0.09845644569700163	0.12241665688384051	-0.11352678732831722	0.04553956560547956	5.331644878731189
KASGEQ	0.21388548251280648	0.0087350066410683	-0.058196785262654815	0.10738417279957246	5.697110019970265
KATSAD	0.20807241367282714	0.18547661633270218	0.06878870861516506	0.03773839443498295	5.797411109954829
KATSEH	-0.18221242642623436	0.14678071718609242	0.09215032593990391	0.08523808091111496	4.6426629192597835
KAVMAW	-0.2796152233491893	-0.049594552724816054	0.054840477435837975	0.017046680313287488	4.001732745420053
KAVXIO	-0.07310406870405828	0.34128961528620083	0.10896794031914503	0.14794562229497898	5.383179716665204
KAVXOU	-0.06785844003497887	0.3570402075899506	0.07793830557955905	0.13427452600911371	5.3923978916818465
KAXBES	-0.3285129582388908	-0.023421182446653255	-0.07513377752851969	0.09760738060607888	4.039184156924688
KAXGEV	0.21564052567479264	0.26865497153353557	0.0815025291588849	-0.047438769836093964	5.849054825494206
KEBBIF	0.010111514522577192	-0.028007317293676337	0.07357532146847401	-0.0211816247455614	4.794710109095555
KEBNAH	-0.33060646981291786	-0.0886341708872469	0.011386002867047385	-0.03925907094671288	3.748184723869714
KEBNEL	-0.3126887325632952	-0.1052234575739015	0.01844896384235284	-0.020240359243713146	3.801695106230238
KEBVUK	-0.2714065382281423	0.004701533607990083	-0.12154765991118244	-0.08853272604776286	3.9357403667919795
KECBUP	-0.3703380611570046	-0.060548791787823575	-0.08719417553245812	-0.02561839866991189	3.697466173051852
KEDBAW	0.17123013967991296	-0.13322359620758562	0.042009192057367084	-0.11756953896897959	5.025609849268019
KEDBEA	0.16744653286140876	-0.08466848390898107	0.06969155545602623	-0.123891883960072	5.037612075499789
KEDGAC	0.10247761256853982	-0.22448562166284547	0.07274631858083325	0.06478645653420811	5.028749313982306
KEDGEG	0.1023412086819544	-0.22557665555918605	0.07257110514686826	0.06533524891214915	5.027874803770006
KEFJOV	-0.23303256672588257	-0.15370503919548062	-0.13657521516302307	-0.05499675147133487	3.925467104182856
KEFJUB	-0.2487282398174171	-0.1617997960608082	-0.1426430653117472	-0.05527953173986955	3.8767412482711237
KEFMOA	0.04619957466966795	-0.16583471116615178	-0.13953001867419124	0.00876165982303756	4.783167970024709
KEFXOI	-0.03154738385832889	0.15160851687089627	0.01618132911219239	0.08389645019834735	5.02964560186429
KEHXOK	-0.13278489278955474	-0.061867413442726615	0.017908178181780032	-0.02522463354441662	4.3075902014796945
KEJSAT	-0.164318422032385	-0.09908173923112651	0.008028765858069109	-0.012570286314278256	4.192966260298747
KEJVEA	0.2909586626181815	0.40965763826991	0.006294730065535381	-0.16129796194046053	6.218318847130289
KEKKUG	-0.0022052813944712923	-0.06643285150402933	0.1396205588966104	0.03642940831847641	4.837718522480757
KELQUO	0.0546973125112209	-0.1414359295738945	-0.1443379895115322	0.07412239885929217	4.932368825257433
KELYUZ	-0.2478654834887184	-0.12149008171502684	0.04447163629338857	0.018694254707869673	4.038081705191869
KEQXUA	-0.2698245893757103	-0.125118798917371	-0.08255941280959211	-0.042290265592166976	3.864823771908657
KERPAC	-0.054467196202458545	0.24593600450356545	0.03889456469482688	0.006514076615582565	5.11028601611009
KETCIW	-0.24854851959584856	0.07022366266243196	0.09815008263164815	0.05594396452230932	4.2807489976412265
KETJOJ	-0.33854954566274076	-0.09236897095901009	-0.060231490289128775	-0.016972231066541887	3.7622347218191745
KEVLIK	-0.11596844314693078	-0.2862979024643546	-0.20960646692855578	-0.14544044411612544	3.993346054709607
KEVMAA	-0.18815507686176858	-0.08818589480488326	-0.07517771327001133	-0.02733362567725761	4.14630888885347
KEWRUZ	-0.16930810933690554	0.19461021760705766	-0.12819869651283056	-0.15192856940248223	4.378921477341576
KEWTOV	-0.047353333665624664	-0.05824277366413888	-0.051342858016403925	0.02609088900660106	4.649997958358965
KEXGEC	0.2203335712556287	0.026807176911064712	-0.07505768358775056	0.008601563664425882	5.535153561299092
KEXHEB	-0.005908996741685435	0.0992014299745807	0.03363492031885462	-0.024712715502922755	4.847875050880433
KEXHIH	0.02926707776303239	0.1469565049021937	-0.06093990202749788	-0.012371803523232527	5.055665693998549
KEZVAM	-0.027616220187823615	0.2752162381720793	-0.012847843782933577	0.1741160846543457	5.378553348307117
KEZVIU	0.08034303921302222	0.22224564480575637	-0.005427797606363027	0.13096227924564952	5.574973165482233
KEZWOD	0.07639402658611827	0.07174299397936412	0.0770104633861366	0.0016567062306072078	5.151198437870037
KEZYIA	-0.048446003242101465	-0.05441005654551523	0.05788859239206512	-0.01608409197336713	4.605822857800134
KIBGEJ	-0.01724090087400265	0.004187384820448781	0.10414218117046903	-0.009128984316483124	4.805331811521853
KIBMIT	-0.20014068288413256	-0.11927403379093837	0.0454274519886404	0.06700609464950014	4.2029232395520095
KIBMOZ	-0.21876334334255887	-0.0583596566740745	0.04462095747350969	0.050164874347226274	4.1807202773820284
KIBMUF	-0.21189228669166305	-0.04958266099430775	0.06347311583500082	0.06464143986906978	4.256447770213547
KIBPER	0.039773515447504515	-0.09415284552858516	0.14934161885621577	-0.002076095741155859	4.892274796082632
KIBPIV	0.023092066263308286	-0.1253714372964585	0.13915939284730028	-0.0009370316160816072	4.806915806034006
KIBYIF	0.3643456755361618	0.04362690786449219	-0.06583048240560485	0.018834472237659217	6.085451829813932
KIBYUR	0.32728020256022683	0.07242167271329247	-0.061783881566248366	0.026172050487734855	6.0042024010095
KIDBEG	0.03520505389931783	-0.23162622854344095	0.15834861521715649	-0.0038434737825771004	4.760080526051834
KIDBIK	0.04834899496075007	-0.22874497817335482	0.1383620443330913	-0.030507468249127423	4.753904111520939
KIDYAX	-0.3643031902922691	-0.22017227705831588	-0.05305371639076362	-0.031696624710348065	3.576929439289664
KIGJIV	0.20449172937176652	-0.29691368137819096	-0.013976832902617309	0.09130407656372386	5.387377081073473
KIHHUG	0.0823989480086258	0.10499572686278791	-0.05681072366142148	0.027607830394010824	5.230405492924672
KIHJOA	-0.2872566081708281	-0.07243666557907202	0.07054852470860973	-0.03509183991387854	3.9434135334603577
KIHKAO	-0.19427226349686189	0.0638258618984664	-0.06744259909430306	0.08528010154074517	4.47953132751316
KIJCIR	0.14087370502963026	0.1476423759756802	-0.09662925301481007	-0.0009245726317538283	5.432390631044133
KIJDEN	-0.27147441612691225	-0.04906265685242639	0.010146643441820036	-0.004495197726905431	3.954668442569259
KIJDIR	-0.1731647729769874	-0.19211346801080276	0.03483171789042094	-0.030857918014069008	4.072365514510789
KIJDOX	0.10533998200037553	-0.08537608383541917	0.12816510279661997	-0.014322531262848215	5.060925734249878
KIKPEZ	0.1248803538596972	-0.1744036728410352	-0.0759252956736749	0.1655818113005041	5.326703043786559
KILPOK	0.2710830395561299	-0.027936089850589596	-0.018636898917617994	0.007609060596809658	5.656913879280338
KILRIH	0.049972981762121726	0.1357364908529859	0.03906208713573456	0.0006783403008037148	5.1388342434141085
KILSON	-0.03715545595510816	0.2873708359263545	0.037106766149796355	0.10282332075768541	5.321129206163544
KIMFAP	0.02400174309513048	-0.015568043826751587	0.1561477568123424	0.020461178098086563	4.9346477791855134
KIMFET	0.03611611461928721	0.0009414734958355098	0.16121163702023766	0.019014134622791223	4.995730015815916
KIMMIF	0.2685998961516236	-0.15528081660533233	0.002688706895932258	-0.018415114295508128	5.479437015101727
KIMQAY	0.21046791658655062	0.16619213074758443	-0.05360812828567996	2.7669452609346834e-05	5.685096794790639
KIQDET	0.15675874219623642	0.02046088055584372	-0.08281651469282147	0.004143132736767918	5.325601054385928
KIQJAX	0.26172850152532634	-0.13681910281552612	0.03798921243322617	-0.007750025894121881	5.507539102723771
KIQZAP	-0.23155047138648932	-0.05896485037781263	-0.06576411616687028	0.1326691797049807	4.307449875123471
KIRGUN	-0.5099851301829403	0.029375467641916675	-0.003873038946772267	-0.06970763538953428	3.4255871242749554
KIRNAA	-0.003614369361145453	0.01164736847524983	0.007447164749891266	-0.022948863339533387	4.744044992858374
KIRREI	0.1357507198765222	-0.07622243557301767	0.15992453868096446	0.02650239876188254	5.252823476488622
KIRSIN	-0.017794790375698977	-0.04541067635074825	0.06378834174317216	-0.015207421885384487	4.676110198004075
KISYUH	0.11414963487292074	-0.08899322444770696	0.13411564897180517	-0.021248740501490948	5.074123480454924
KISZAO	0.08178951969417936	-0.07215915287641073	0.11969083178695827	-0.02033701618064987	4.981076558243436
KITNEJ	-0.22801607911982336	0.06750507210650225	0.043679356251640655	0.05562011290716895	4.3520653701223875
KIVPEK	0.24581161467326673	0.05119644089612985	0.0794076766008418	-0.09669285725333943	5.565512329957294
KIVTEQ	-0.09983524250234477	0.00040223791013627164	0.10785375188547008	-0.10474773626624179	4.387035819121601
KIVTIU	-0.10425021922191191	0.0031387069269346313	0.1225723429549761	-0.11736224530733297	4.34747745881032
KIWPEM	-0.38615935471963336	0.02488894004650488	-0.03426550806228956	-0.015072599973258272	3.7653028550566097
KIXQAK	-0.14363622433267942	0.012560294951951878	-0.060833582299694156	-0.024249914446608956	4.375998483354769
KIXXOF	-0.02728296564183763	0.12226415338277752	0.0018678503617581832	-0.045186418736562595	4.808528666238212
KIZMOV	0.03444553786432536	0.04748963430306974	-0.03981043266587059	0.01813833620090144	4.989525496526623
KOBPEA	0.018784768630562	-0.06201103537640584	0.08347394831968846	0.0009284419226611718	4.815294923196342
KOBWII	-0.23941708194194922	0.09454972095109593	0.012306311227481492	0.016428201689110966	4.299179830166341
KOBXAB	-0.2506060048664567	-0.0032018203883676932	-0.015171907987966415	0.02631396609260972	4.145068041163002
KOFJOH	0.055985147037834526	-0.09958314697780546	0.15634140164274202	-0.048087116991404444	4.841804989105627
KOFKAU	0.05335210388218403	-0.09367474632211303	0.1542268646862759	-0.045842898116076225	4.84270571045932
KOGGAR	0.3159370554636127	-0.04181834741429702	-0.05925998930342802	0.04104978443228846	5.865270268869554
KOGKAS	-0.07352947050591041	-0.25329873030465455	-0.17105624105253137	-0.14967823711778439	4.133143183105814
KOHRUV	0.26512487606128676	-0.005112310709210366	-0.05206830257457362	-0.02582658330470644	5.614997560138225
KOHSAC	0.2818801521664245	0.09766930499176185	-0.04521966441490921	-0.039386270152519165	5.780575355289605
KOJKOM	-0.34992590932801027	-0.055906374077615784	0.010223172411372827	-0.0016688411193082064	3.8036859404985663
KOJKUS	-0.3660123062974332	0.025904079864118135	0.02213057794581652	0.041869820394040524	3.9429898271187955
KOJLAZ	-0.3005927848076655	0.0028960565817182093	-0.0003889797906930781	-0.007045005183948572	3.9823338148999965
KOKPAE	-0.2458015061501213	-0.01517701610087041	-0.012636047481584312	0.04840352866445374	4.165684788277304
KOKZUG	-0.0037455857636445877	0.022926950388762357	0.04906408145372443	-0.014090752090000547	4.79288985213044
KORCEZ	-0.23289173251559636	0.1323623977126691	0.07108247300873316	0.07701351911358167	4.4895710235887
KORREO	-0.34344235945053847	0.14698989075108404	0.06704528493675288	0.04174156286348285	4.163882025539925
KOYBOS	-0.1490865235401675	-0.09069126241918735	-0.017141827305954926	0.03294804213085201	4.364115685252964
KOZPAS	-0.0699589846796762	-0.07516830172832822	-0.037041031668008095	0.026912255237692917	4.548052685508822
KUCFOD	0.11247154778723267	-0.12376351571810185	-0.1675017243536705	-0.04673752992367841	4.982518337877887
KUFROV	0.3603747141638838	0.09860862265828674	-0.019972658214556516	-0.05002943074408994	6.020942635166083
KUGFUP	-0.3641005040212755	0.07668974316518096	0.015618279095518606	-0.00034835851233072646	3.9342267012290604
KUGGAW	-0.418746951029773	0.1273827021927647	-0.03510370385743711	0.03163157855188303	3.9158053406625006
KUGGEA	0.0247704426644364	-0.03394350315246619	0.09756577538834699	0.0056600674965018305	4.870954792625548
KUGWER	-0.2576623303102572	-0.020931662609524615	-0.00855090714595974	0.049919031802454716	4.16395650042224
KUGWIV	-0.28322687420404935	-0.025338178685374135	-0.016158533461614333	0.038005824635607977	4.067395458591308
KUHCEX	-0.13096444419018494	0.11580162188950416	-0.005501537899874842	0.1132715624167484	4.763239685789006
KUHPAG	-0.056283413860944265	0.14402836929018603	0.06299502170993176	0.17347917814167435	5.1155233750455755
KUKFEE	0.0595474674500025	0.05189696624091056	-0.15041943336224062	-0.04437087823121255	4.973012866302937
KUKGAB	0.05606270543401992	0.1121376045646687	-0.19521757671218398	-0.0895439549277004	4.985647373489394
KUKHUU	-0.24636496818485787	-0.03804408194445319	-0.006847101451600057	0.01067900771991459	4.084178769791681
KULGEG	0.3365869228354601	0.11048225829630454	-0.09290990241936536	0.008719565914523275	6.053991986129689
KULKAD	-0.2222455872341107	0.0022816095924564905	-0.07957776029862584	0.09484384812445867	4.325328040036684
KULPOW	-0.029550418155555036	0.05846591869842088	-0.0005021675551635241	0.027644009847578865	4.837498732853325
KULPUC	-0.16546048657811974	0.24575457294636482	-0.07000029439694133	-0.005520589308925183	4.650036568417163
KULXEU	-0.28920836444544107	-0.011612820658781331	-0.030638851976589665	-0.013045644294524594	3.9653148061400296
KUMDIG	0.288706681125817	-0.14954767808455371	-0.004315081880658322	-0.01638606013398658	5.559647203641124
KUMDOM	0.2865924916530771	-0.151258168188956	0.004312962616446647	-0.010913355477492725	5.563896788180861
KUMDUS	0.3039150274388418	-0.14455009932020446	-0.00954348745510103	-0.0045281858144905485	5.637225027450271
KUMFAA	0.28708389303902404	-0.12716926131718376	-0.004921494565041984	-0.020376374846152845	5.563680137553623
KUMFII	0.28612399836619895	-0.12499931311833734	-0.012004464215667365	-0.012243284563292933	5.585421854680028
KUMFOO	0.28975911316679204	-0.14474188037232527	-0.005964139199539309	-0.008453187282177588	5.585121276164476
KUMFUU	0.2887488286325173	-0.11983614867348313	-0.022586065018127988	-0.0032835610992740794	5.604258267388803
KUMGAB	0.2826988326370361	-0.16236726889271025	-0.017188335350788453	-0.026503886713062252	5.519410011100591
KUMGEF	0.2672791120961304	-0.1447557513181441	-0.023450538577671765	-0.02532562398097249	5.481024437406841
KUMGIJ	0.26884418359123075	-0.15877822047283674	-0.009693710124311528	-0.02393612228155606	5.47809902780248
KUMROA	0.1973058454279224	0.09653323336092967	-0.10307859528342656	0.013358387226623525	5.574183836544644
KUMXEX	0.2785101726506829	-0.17146818795758367	-0.03554265130332013	0.0690090827205242	5.6894521755019865
KUNCIF	0.14505826051181403	0.08551309379094896	-0.02316502926375863	0.10979762111522562	5.601820032178332
KUNJIM	-0.2936255155711809	-0.15146357080040107	-0.06714598254521165	0.0016740083132135153	3.8416009831546054
KUPPUI	-0.0023971110324314537	0.004548612726645196	0.048289222359134465	-0.07179737638021977	4.683368983101275
KUPVAT	0.11632945862400801	-0.2133819701530555	-0.05018619154986692	0.07166979695135767	5.0773271334134495
KUPVEX	0.10724133970295391	-0.19856313221296307	-0.02628541246475158	0.05673338177604337	5.029004245314526
KUPVOH	-0.03185142435733734	-0.12169557415290422	0.06623391953452229	0.07598240915654209	4.7273134127114815
KUSXED	0.1093974411221299	0.07481168725842302	-0.030880238592464693	-0.02965787589920521	5.186555506804788
KUSXIH	0.11515227171989739	0.07220970980292041	-0.02997493634076953	-0.01966413405868328	5.2189741588534195
KUTXUV	0.04342901324794868	0.01891135057950022	0.12004588334246447	-0.02157813124335295	4.946010029363577
KUWPOH	-0.141503819593765	0.21239537717649926	-0.10371019545856996	-0.08442010654396448	4.569674102816261
KUXJAR	-0.2934872350266988	0.19736658106352678	0.11519164201520771	0.028556355466842764	4.329848404677757
KUZMEX	-0.18660399991471222	0.000734117828398162	-0.056794678457970704	0.15077754206923344	4.516037608024675
LAFJOU	0.3175768899277296	-0.04997531846682657	-0.06562509487023949	0.03424976145529934	5.85683152260668
LAFLIP	-0.03427973286857622	-0.12986347434456547	-0.06640021158189979	0.1232737562349634	4.778086539622472
LAJQET	0.17937437700898284	0.07759813237872848	-0.023836477135186218	0.024145357001980394	5.543790183732353
LAMNOE	-0.3307333849955487	-0.1742288655070563	0.06915534448906202	-0.06526612625513839	3.6627653336505883
LAMSUN	-0.2777323694064049	0.18055968510334175	0.05759922971495435	0.0714900060375473	4.409451403761128
LAMTAU	-0.2254781339509624	0.09111741046707555	-0.015164516032986963	0.06609407266149403	4.389792163478078
LAMTEY	-0.2882618565334283	-0.03691139565255952	-0.044646712436399394	0.061361144820643476	4.069831218555509
LANCUA	0.20013957595815057	-0.35525733731161835	-0.13062993625296127	0.08258943296425425	5.2933789553476815
LANSUP	-0.25870020135246685	-0.0759930136893705	-0.08755482437017337	-0.06883100178600221	3.889485791433009
LANTAW	-0.2568813152723548	-0.12766052009006135	-0.041311884079798356	-0.04674610442824667	3.886464814923245
LAPDAI	-0.28718569537356564	-0.29017064045332486	-0.10172103949602329	-0.012955441658485833	3.745084307466403
LAPDEM	-0.2731607652451793	0.012730725598671278	-0.009420649506808543	0.12120913280328094	4.304614021639182
LAPRIE	-0.040697578816414115	-0.05945822683584989	0.0002670539929212623	-0.04107948115098581	4.5382408770013125
LAQMEW	0.18904098008959913	0.2164783033383122	0.00420019304648922	0.02339737521741425	5.740342465916497
LASGAN	-0.00832078565118799	-0.06443359253228431	0.08102368432499785	-0.023571181360334537	4.697165717491419
LAVCIV	-0.12146873727664498	-0.04468261606985591	0.035043664330434154	-0.1263435695998103	4.250711354703077
LAVCOB	0.14717260589885583	0.15949129625856528	-0.06775709661583318	0.022093891474009975	5.515402274102614
LAVMIF	-0.10430142325822178	-0.037700598139994934	0.03281918166705422	0.0417575200291872	4.507633348632702
LAVMOL	-0.06399546990890004	-0.023945369817471196	0.03528373445407107	0.05645100668780467	4.673843567077399
LAVQIL	0.3425039776902512	-0.13648588553504282	-0.05352936438533651	-0.07555000001936751	5.685613360121347
LAXBER	0.13438939056688293	-0.05127289054172923	0.086321646547318	0.06564830347463002	5.294388846100204
LECFAE	-0.36781703140190847	0.0050330873262569575	-0.05078739756756678	0.0766733553655099	3.9506448967549375
LECVEV	0.25398036778294486	-0.11647679870068917	-0.02985698350545407	-0.09743004430163571	5.348630257283247
LECYIC	-0.19464040466294819	-0.17911618161430232	-0.190932486812891	-0.07978719559788716	3.9376771478691084
LEDSIX	0.02022826154780777	-0.24387311882221452	0.06863102283322675	-0.05890972100702041	4.604661357756944
LEDVOG	0.02568395482600394	-0.1536138549076005	-0.10187128941502599	0.08446930116772078	4.899156483397526
LEDVUM	-0.1331848772964137	0.035183499949861474	0.03146103851497428	-0.00021558328925963544	4.4721514957669815
LEFBED	-0.39494877618782476	0.0247081612142539	-0.1121450834436144	-0.03251971990540026	3.706837218634092
LEFBEE	-0.21784624524804252	-0.03573159842187579	0.1224870484300371	0.044669655282165155	4.2898744109607705
LEFCOO	-0.3516343163514162	-0.019781791482956113	0.0043974791070156005	-0.05136545920142366	3.760370421663801
LEFDOS	0.040330574831579646	0.12148606584709087	0.10966176271687966	-0.044415481140587354	5.044319842234259
LEFDUY	0.03662753862972146	0.08830879723487062	0.09795855066514236	-0.040644035644659016	4.995511680094422
LEGXUQ	-0.25536499297836723	0.28776917249253975	-0.11821783980432476	-0.053727356754008415	4.3747126580255165
LEHFIP	0.09873840281303403	-0.11128037804683721	0.11936868922388699	0.0031299525663948113	5.0378998074772765
LEHFUZ	0.1279724979928174	-0.12148533082596602	0.10479669051417773	0.04564971136545792	5.182486892609314
LEKMOE	0.15624877810409998	-0.13284339619508567	-0.18262246090054646	0.030419018428292532	5.22267493545106
LEKTIH	0.30778723284039344	-0.08545332534436945	-0.011317620872809186	-0.014282008352431208	5.693140523878586
LEMBUB	0.13699717906667708	-0.07072290196347542	0.05209159274646824	-0.1862947616643612	4.891838975282892
LEMCAI	-0.02393589483604064	-0.1296671784746386	0.09270813270762357	-0.1240234730303601	4.446255261662455
LEMTAZ	0.04396309145941846	0.049678456479126165	0.06320291563362068	0.03622724185562187	5.065645275342565
LEPBUD	-0.24012843146596596	0.2995018616047971	0.04271236017473612	0.12419759816349807	4.76600220151581
LEPNUT	-0.37272458216604365	0.28757995471706543	-0.10074188571914577	-0.06145229610213443	4.092224625256953
LESFEV	0.11086328980291382	0.17295120280843435	-0.04686648274687544	0.008838404677121825	5.388584188088424
LESSUB	-0.006520559243092361	-0.09631659146730032	0.0639500353678466	-0.016433844311178447	4.673283501233353
LETHIC	-0.18287061157834184	-0.2189664887368974	0.03330118463974707	0.11226685274521453	4.274873491396727
LETHOI	0.13975572334983832	-0.11519827546972561	0.043924882177999613	0.10530917985145849	5.318335600448624
LETJAW	-0.1504889001494134	-0.17960697875293974	0.02795046783349675	0.046137358047901644	4.2807256195121735
LETQUZ	0.22449843301968464	0.2270393835636284	-0.10457687860875464	0.014128770357544673	5.855894926259548
LETRIO	0.2742264407732473	0.2616832410244241	-0.02859581055275484	-0.046655636938620404	5.99329314037006
LETROU	0.2234677890798138	0.23031504072246856	-0.09503539757870483	0.00624077194867767	5.825939099041904
LETTOW	0.31546108445615584	0.026984030825353944	-0.06598602912034646	0.025212243079202556	5.893237070497503
LETTUC	0.3429997059261498	0.10857541048688457	-0.047830241097751136	0.030502602050274552	6.108004615993822
LETVAK	0.34108287436747897	0.11275260829344536	-0.051248736812143925	0.037526018633985636	6.116652444611223
LETVIS	0.3482509676577017	0.18272695379931037	-0.049983455358815876	0.02294472865091557	6.223879669994792
LETWAL	0.3689614781934605	0.16510566743016852	-0.048732322278968176	0.02505620236517836	6.280795116559946
LETWIT	0.33432338622579794	0.11634960550194995	-0.05260685887013539	0.024659382430307963	6.082177981250894
LETWOZ	0.3053299401399956	-0.015364485810384299	-0.05991023017185637	0.017672142619862607	5.7991398810617625
LETWUF	0.32603278834457194	0.0697586103917267	-0.050572631079397024	0.030704154607638756	5.996020078744789
LETXAM	0.3284991884487032	0.07429454082576337	-0.058094654622158126	0.03040164683564095	6.008003536465734
LETXEQ	0.3238386578846377	0.0620040260769783	-0.061707144929627145	0.030415054671654174	5.981673598747094
LEVBUJ	-0.19197563817095653	0.11984823999447425	0.03983868097355714	0.11929858638256241	4.610583651894171
LEVCEU	0.10689826019074111	-0.07047324822890566	0.09621753620491003	0.04827065817349119	5.195361637624664
LEVWAO	0.1657402120179463	0.19384050780949025	-0.02208059231505599	-0.02261413316225014	5.550566187001285
LEYLAC	-0.002871754503216195	0.4889600677669579	0.14094571619694984	0.21385430018711193	6.016466910291295
LEZKOQ	0.31807540153472846	-0.11690619485393627	0.03873666764143335	0.05007004109928126	5.828789079278684
LIBGOS	-0.15623173318283534	-0.08822079653271997	-0.02910354543203164	-0.010347896710950044	4.243821500555324
LIBHOT	0.15342384777434592	0.09615212026132047	-0.027770165332594576	-0.06086260574241764	5.308704493029135
LIBPEV	-0.26821380582813537	-0.04773393063153408	-0.07840143016597767	-0.031125276934210966	3.937216928992748
LIBSEV	-0.21845940868478064	0.12488476463215203	-0.08387166254641687	-0.06482508576652302	4.279513959544349
LIDKOY	-0.28401556100923675	0.015315412166521103	-0.1098323569507651	-0.027637846543417388	3.9975687117483685
LIGQIF	-0.15903124456894813	-0.1727573769041162	-0.08554330305201985	0.00741713021083612	4.192699982094822
LIHWEE	-0.3613981830863364	-0.08566834414227475	-0.040667554126550876	-0.0049714438025436625	3.730893831406231
LIJHOE	0.11019701322657527	-0.1648868180142089	0.04112333864125195	-0.007606372832651975	4.99219488206153
LIJHUK	0.17067876802180582	0.2795474771188564	-0.07729590792739272	0.006423022198169037	5.755041155234036
LIJJAS	-0.24597884201948772	0.002021162057816106	-0.09058383173258178	-0.05702067503066088	4.058806356931497
LILCAL	0.0642800730175197	0.05888000371129998	0.023509529850645805	-0.021791436772034767	5.076811546206343
LIMTIK	-0.02145346226205902	0.4992903668997726	0.12576826329059365	0.2103506910412256	5.973399088035317
LINLAW	0.1467263262000582	-0.11788811999740867	0.03693098861518451	0.006101231879199087	5.192229611240981
LIPQAC	0.18093856936245345	0.44405163836768	-0.0785859013560859	-0.14548996863117813	5.900668439040901
LIQYEQ	-0.2214580546776952	-0.15935928601909333	0.10977843631395356	-0.017000362535750324	4.039848879933632
LIRLAZ	-0.23165089872830058	0.22640774254690887	-0.0946621036744697	-0.08835174522595934	4.324693337230124
LIRLED	-0.18704848704200794	0.25922198304591815	-0.050912374585313724	-0.0677504084482583	4.5222801805129365
LIRVIU	0.1377580314641209	0.1870682315727774	-0.06020141945634161	-0.0063211077741230914	5.463647629367801
LISPIN	0.07926819659897077	-0.017230436415758277	0.16486250823377713	-0.012140241124762863	5.05553408813344
LITMOR	0.07963855624006033	-0.040589128323463175	0.10132468260903327	-0.056028227533920893	4.943710784805275
LITNAE	0.08168537106826967	-0.032998407557505605	0.10335679883849846	-0.04668636112617974	4.970443804264084
LIVCUS	0.27068276411497827	0.2924430327615988	-0.008851686696630834	-0.09288490790546877	5.964507929038972
LIVDED	0.29359169779657046	0.2629576358597374	-0.01905501978715418	-0.08248980358869362	6.009763874162052
LIVDIH	0.2669468020546737	0.26474895304237656	-0.007689654380395261	-0.09272595758715285	5.900643763210701
LIVDON	0.2928881527578011	0.2627076486568152	-0.014496140004510494	-0.08507395517911154	6.003360344651799
LIVROX	0.27764425001698	-0.03212981847035179	-0.08192707592957515	-0.02475686403507682	5.635107095589787
LIWTEQ	-0.18296566906552125	0.007198632570224461	-0.0023647664960089188	0.029662487360775036	4.343277250674583
LIWTIU	-0.19842938492778428	0.0005770339871777885	-0.05437435039137006	-0.08850343573702157	4.0976721559331875
LIWTOA	-0.19408334678149153	-0.018363740158267472	-0.0659274720937093	-0.06007265833017128	4.115441922748689
LIWTUG	-0.22130696300526242	-0.17750654834309887	0.04843297203528296	-0.06287062281665001	3.9064579602796123
LIXNOX	-0.3243702535217363	-0.05839186323964496	0.025017305039245707	-0.0009458487941753635	3.8394043206432227
LIZFUV	0.24470902813285988	0.09135686086872674	-0.06850831068076979	-0.003469220047635946	5.686918764331747
LOCFER	-0.0820740546389227	-0.0414180059845215	0.091573666964337	0.0985755885682178	4.71941575464378
LOCFIV	-0.12155486748355426	-0.039684542798133826	0.10203403229072183	-0.05166188045888065	4.328410391988337
LOGZIS	0.2688796880027664	0.22941520893289713	0.09703380313150656	-0.14177507197979766	5.871111714616312
LOHTOR	-0.24226011375811551	0.1606028633413521	-0.08439294114923812	0.08359959078818102	4.483855860517722
LOHTUX	-0.053231544150913024	0.025272000175818654	-0.10404610819320648	0.0715684629923965	4.790796032864178
LOLLII	-0.10421658365998554	0.15759584756666456	0.07858487488392885	0.17600315846474812	5.031536456715896
LOMROX	0.0446734988257913	-0.1420281573811013	0.15501778511320863	0.005186468101520569	4.850701490778187
LOQWIX	-0.29146278323353414	0.28973683242113113	0.013236101621101115	0.05227645506908629	4.480624145096129
LOWPIZ	0.07108637677096485	-0.10698371654095729	0.1262695606904891	0.0007308717207268334	4.957978326214671
LOXPEV	0.24097898285099362	-0.13149165506221716	0.0034940271513521637	-0.05154048821405077	5.367757469603424
LOZSIF	-0.03539301350381452	-0.07704898467298049	-0.1270905968929641	0.06862014364741242	4.709225734717804
LUDSUB	0.38100328724531396	0.08316303776114564	-0.014923425789198141	-0.06438388531930295	6.070035890382326
LUDTAI	0.3981685610121901	0.059450300162673386	-0.0563987452709962	-0.0655994841381018	6.104325077277941
LUGREM	0.20724099984430255	-0.006677393418058841	-0.035940273382707666	0.017803546167779793	5.484763985317793
LUGRIQ	0.16211976270474748	0.13833889231844454	-0.04693128609131647	-0.003397272640287108	5.486741811452547
LUGYET	0.15534033108924916	0.15588284189150814	0.01002451188751019	-0.09779842885506607	5.359178131475836
LUHROY	-0.03809927988846917	0.06816862706025573	0.02232888853382331	0.0917425856003189	4.910857335915148
LUHWIX	-0.16846883448368088	0.031775272596479276	-0.06229642170205385	0.11494486863018871	4.55618146271411
LUHWOD	-0.014367750571361082	-0.2940234441736431	-0.14562284264233738	0.03703224683787787	4.574529790755551
LUKXUK	0.20647706469567773	-0.0019518142276258033	-0.08473407244244058	0.003392780406042073	5.451414552569141
LUKYAR	0.19466190864857236	0.013366031189298688	-0.10132107331590468	0.01916114783564571	5.4660166907966925
LUKYIZ	0.18229715300792604	-0.07405557974037347	-0.053199778359726	-0.05841345022408373	5.194494739796398
LULWUK	0.13802964136095897	-0.015109761734967808	0.1444943148606499	-0.05161608476674073	5.164740004465128
LUMFOR	0.2996628739046767	0.010455582760889204	-0.08609314808579649	-0.0084943936849039	5.781167326345271
LUMGOS	0.2827173123377875	-0.13497459971735037	-0.04656580869184079	-0.013701415181211263	5.561432495012853
LUMXAV	-0.04908412428263231	-0.06985980811569004	0.009462175695277297	-0.052474415015135056	4.538268138826448
LUNHIL	-0.06294882668246515	0.16160260450351283	-0.015716029302818235	0.008500317447833972	4.877947916325873
LUNKIP	0.06384255512609727	0.02760939989312039	0.13975074406760113	-0.030406369576975623	5.030592619621176
LUNKOV	0.049731545634419394	0.005931568085912886	0.12208944988835979	-0.02664431922792676	4.963541767772657
LUNLAI	-0.35300012973910966	0.06715293230485386	0.032472465020324304	-0.07589321983152564	3.8327427169281276
LUNLEM	-0.33229177661688225	0.08131711454062396	0.06381385710408671	-0.07687075797289622	3.9040590878981662
LUNLIQ	-0.38066386030409616	0.017310175706754194	-0.023913241677925967	0.02428085766781618	3.8280190821358624
LUNLUC	-0.19218292152218264	0.04605803021662336	0.1087062455678065	0.041507018561914966	4.442253297654619
LUNRUH	0.16690110444107642	-0.2941488860113586	-0.060661525957235174	0.10301787199685208	5.263276400627692
LUNSIW	0.1880761155717403	-0.2742770734614135	-0.06268553279713185	0.11106649262493018	5.355863850942837
LUNTAS	0.25393271981113186	-0.03564541755598594	-0.06278803489327922	0.01864085664430315	5.606181370580806
LUNTIA	0.20488500617479888	0.004708671680861087	-0.02604506414602681	0.007870956744235325	5.47963479706125
LUPYIH	0.06723622127076556	0.01467738520465156	0.04896577405120306	-0.12576355802932082	4.899015546496508
LUQMUG	0.27803836666150206	-0.24144298125779406	-0.09149236621493384	0.0625983617097029	5.64592306777409
LURPUK	-0.28314283266235396	0.08441460813157864	0.021253035641391138	-0.04739954676410374	4.046222898679101
LURZEF	-0.23004300448757808	-0.10422039032351238	-0.12202304778723927	-0.020583905055977625	4.019934200317362
LUTJOB	0.1056472843708196	-0.02035801189691444	0.13428450235176514	-0.027028350120117617	5.094711602888472
LUTQEY	0.2784140703102884	-0.15371617925490955	0.018414724674024274	-0.01851530291772696	5.520656392236624
LUTQIC	0.2881982229313165	-0.1551369717464024	-0.0022828679538198227	6.578178879723673e-05	5.577231120039427
LUTQOI	0.2782772506793436	-0.15473515478928634	0.013614302827360314	-0.0155209524807014	5.520497198357887
LUZROP	0.02798817999989467	-0.019834233937791712	0.07512246496812303	-0.02406075731543078	4.8518409834758405
MACHEE	0.0033359261712804233	-0.06380124254011132	0.08495415713613719	0.007355134773154304	4.786355100250497
MACKIO	0.027910383310179476	-0.15327301682296834	0.12418376515666418	-0.0029066396267124484	4.792743363308716
MACKOU	-0.11835366609078868	0.06263739200697449	0.09013699426431221	-0.029566344222669905	4.508629560418014
MADKEI	0.04937404171795956	-0.3598932663035146	0.050142919188512325	-0.024903719833079152	4.682166322465611
MADKIM	0.041891472984914024	-0.44394006879106307	0.028558053307586873	-0.004337534561332457	4.658506948609478
MADMEK	0.22872865024598843	0.3605672876351105	-0.03712495043451036	-0.11282840030550256	5.933365004125495
MADVAQ	-0.09115255157988966	-0.0071769885133252664	-0.07672392329933242	0.06403108071295838	4.631441719251792
MADWAR	0.0596215833583309	-0.12027388536610273	-0.08923923640755116	0.06813903621984962	5.003650001008586
MADWEV	-0.09860393426589709	-0.04172710324219597	-0.08899741171992259	0.03834260317756655	4.536251825612202
MADWIZ	0.043129199769639026	-0.11026170131489099	-0.07418439190613335	0.09294299310781573	4.992216925551439
MADWUL	0.06191982333271184	-0.17197474538816793	-0.0987455457680666	0.057787536327651434	4.948689116149781
MADXAS	0.08554728609208961	-0.19855972958465595	-0.09205436804143075	0.06982645729000869	5.015278721459998
MADXEW	0.084661547024655	-0.18919169384191403	-0.09393270582884838	0.06782262700414021	5.016523369720252
MADXEX	0.08321092982764444	0.07515087290287781	0.05009599393358011	-0.08888145787950408	5.015139747917537
MADXIA	0.054713453007352086	-0.15350494451587582	-0.09247382206533272	0.049545915318668254	4.928961445348997
MADXOG	0.062134524301145966	-0.14918115487973593	-0.08572916283717791	0.04329627925454582	4.930063513963696
MADXUM	0.036696384064407894	0.1266408479218506	-0.0853114281724654	0.15313961367585505	5.334794742004294
MAFKIQ	0.3004372304666689	0.04253090656877312	-0.03149382181763549	0.04923222742055766	5.916765247217396
MAFKOW	0.326708731194679	-0.05329470295173078	-0.060804705205701026	0.01365648982840173	5.836310421844784
MAHSUM	-0.2267715153379457	0.08943659678975902	-0.010361369051704372	-0.06703809224285906	4.185254519564455
MAHTAT	-0.27297283289596885	0.08152377754762874	-0.08720620674889745	-0.05374787977632245	4.071267558920158
MAMKIW	0.1701956662951698	-0.21970441097069915	-0.0560567108786334	-0.08183611510234767	5.031287482538636
MAMKOC	0.16961869191977508	-0.21864843882866158	-0.0573201938633483	-0.08168541052617206	5.030720133196981
MAMTOK	0.12454859298295062	-0.2902213494635246	0.09084289526109202	-0.06918564516923797	4.878205052564172
MAMTUQ	0.0817215356324068	-0.2753285003026229	-0.08737732419216515	0.052502637812295694	4.9136124697352
MANKOE	-0.1119364043177915	0.0540231284669046	-0.050409485408916765	0.12647393142830365	4.785280454989121
MAPHOE	0.13862872901934242	0.0021422548472318503	-0.06655773966872691	0.1056060451184836	5.408890018330561
MAPSED	0.03953546520914619	-0.19244996624542332	0.05763026999963472	-0.043133398724756966	4.722506757919115
MAPSIH	0.19769721533425244	-0.016733737567236506	0.07531541222124072	-0.0061644791818650235	5.430383285720683
MARRED	-0.47623157522856796	0.06184949734681089	-0.000800298570329927	-0.04562207507073024	3.579309843088137
MASKAU	0.19481097735240338	-0.00048177763139367613	-0.060731321715554065	0.03945188989146642	5.4890632485463255
MASKEY	-0.1580199018531987	-0.024064017004595595	-0.017283771555455907	0.005574967665362474	4.346066461753953
MASSAC	0.07413418000287209	-0.0894795261991228	0.1068353713323229	-0.07064260447789128	4.888384943992282
MASVIN	0.030798366866553017	0.08234491447737557	0.08399880613984645	-0.00914631789014586	5.006621864214296
MAYMII	0.11193643650607576	0.3032635674016029	-0.06979014592556387	-0.07175435079337245	5.471899774956661
MAYTEL	-0.32846524129410626	0.40251409728129195	-0.034261568069808845	-0.01876101135586672	4.499666389133684
MAZLAB	-0.1104144939321372	-0.34209262573291377	-0.03277713887500555	-0.10020110135433602	4.068670440489146
MAZLEF	0.06797344614201428	-0.4295855771938042	-0.007808987090658581	-0.11177184201499846	4.571252782467309
MAZLIJ	0.09060602401978635	-0.4169771825821884	-0.09113379141999456	-0.03133091462652948	4.763430245602511
MAZVIV	0.02802253026222923	0.0762189435235312	0.08194504854190221	-0.014515182569794671	4.983940174054079
MCPERH	0.06730173362413261	-0.0912883406242404	0.07123518188591538	-0.16106173932536016	4.688609882735503
MEBTOC	-0.045233446058803306	-0.008477355829331845	0.05478847334529702	0.03593378371694844	4.733625063053904
MECKAG	-0.022245358190535747	-0.021044391047979172	0.07358038236528386	0.010649370095365263	4.722915805326364
MECSAR	-0.259784979558658	0.08711441804342712	0.07347217056915278	0.058665372623777134	4.305877648848313
MECSIZ	-0.2806755523784612	0.11161142277042524	0.044648340264159536	0.0214471883080406	4.211616178899844
MECYEZ	-0.1880968297721941	-0.03262867411448589	0.023262129199927983	-0.022156582674079717	4.180512199104336
MEFKER	0.27443490033043005	-0.09687032273959817	-0.1014801060048045	-0.0024851338958300495	5.590503538410658
MEFKUH	0.28051405243593974	-0.03816603839970201	-0.09714213424323614	-0.008804379809112084	5.663241947748202
MEFTEW	0.20137348894256446	-0.06709646256343538	-0.028618384377464556	-0.06316778663112277	5.269230911568265
MEGNAN	0.19098081020731827	0.16087568666670293	0.03614562569799884	0.12821303163047781	5.843640518601798
MEHHUC	0.11254225330551781	0.13606719184873262	-0.061010553359212016	-0.021193558593967876	5.302493724785983
MEHJAK	0.2170295976611465	-0.00445753366684043	-0.028716638728977895	-0.07521320815234178	5.382420803829783
MEHJEO	0.16241830237150046	-0.10967873194089028	0.08494953386500681	-0.07288070386892964	5.068554748732591
MEHJIS	0.18417796319296853	-0.07151092149026272	-0.05130477429789071	-0.069478329870029	5.1950977374769955
MEJDUA	-0.0692875568028013	0.1717730737963281	-0.0376794009143242	0.13502300539050927	5.038997578332122
MEJGEO	0.010664617528326037	-0.12231915582285602	0.05053043793068568	-0.07075686181502583	4.614447809725369
MEJXIK	-0.2630144702109214	-0.01288838449388141	-0.053669830318942235	-0.018873008859840668	4.007359448005468
MELJIZ	0.0810599629729456	-0.11231403596776968	0.09844352759161734	-0.048242102034415146	4.885743612106281
MELJOF	0.06363382462305855	-0.07410083536299439	0.09640412680939914	-0.004891274060219053	4.942578089131911
MELJUL	0.24286319503407894	-0.0879763770256865	0.005341936769751143	0.010083969579118501	5.523105565818207
MELKEW	0.21732250182682344	-0.1966500552447612	-0.043545989737250546	0.018631470176146414	5.345824577952671
MEMNEB	-0.06852830937937426	0.05223029559464765	0.13372919076297296	-0.11890872566376776	4.549577648805394
MEMPED	-0.08234230331280035	0.10340110649856271	0.10958763461861087	-0.15350329593805834	4.509827039535937
MENJUN	0.26301533772150165	0.13782892506532463	-0.06110145125883837	-0.0003750228831255198	5.825168892217934
MEQZAJ	0.11155814351559457	0.1006650842802772	0.08725428309441252	-0.05192328377303779	5.207874096900825
MERPOP	0.2591333641411482	-0.5372997684157139	-0.09097573523691116	0.0065629395033142135	5.357692353828732
METTAJ	0.3454335562692661	-0.04934776560605325	-0.045725843477973704	0.0014091611353654887	5.89417786427462
METTOX	0.333596037069364	0.06866554111383527	-0.0776080451680532	-0.03704411187258905	5.94191563697883
METVAL	0.36818596456328034	-0.09426161032906899	-0.03529818668608953	-0.052357387628159446	5.8667805212977795
METVEP	0.39403265046881586	-0.026670017493557907	-0.03911995477746033	-0.04218467899362244	6.049977786581098
METVIT	0.37691624949655234	-0.12910548701887792	-0.006631065779195255	-0.016032041986511647	5.9163962378172466
METVUF	0.4120648374155902	-0.1176556166476499	-0.056580718707569755	-0.023960324694609736	6.045025650680691
METWAM	0.3954499343670683	-0.11639928739709804	-0.029260335647506963	0.0014753784944628867	6.021214684949046
MEVSEO	0.26299182929137954	-0.13897474743260751	0.021321968106708944	0.0021233535294943318	5.5181286384022314
MEVZAR	0.3135594542074469	-0.027335246458992657	-0.0863537247903976	-0.0006785406999240129	5.801912730783329
MEXWUH	-0.15567553315141813	-0.3381746863711357	0.05723441536292606	-0.0791081809402967	3.981708097321981
MEYXEW	0.004683874215397399	0.014828797888941203	0.06532899345508714	-0.1008181110429256	4.724130094971292
MEYXIA	0.010008104864922984	0.0049691220307162	0.08394528743503038	-0.06647443188065671	4.7681018899482135
MIBRIY	0.18213965310609748	-0.028763956769326526	-0.13203619203472305	-0.012834964313023223	5.318077825566681
MIBZUW	-0.20422930785407822	-0.03817304665258803	-0.13175681376541282	-0.0667131450463826	4.114827296708994
MIDBEH	0.11070454281481501	0.05512444354410029	0.12334618761923744	-0.012833351434323181	5.2292997963181325
MIDBUX	0.20901880883691204	0.08683688737452222	0.12989136454346895	-0.006863953520091948	5.61789133145347
MIDCAE	0.11305553139669433	0.11550373049838791	0.13329274174193873	-0.04088794856777844	5.269919958628627
MIDCIM	-0.22952946985197964	0.015047888393966868	-0.03645188504536656	-0.0371801695387135	4.083228566803037
MIDCOS	-0.23610652853454694	0.02850190916987705	-0.05355855982961355	-0.0224504553358571	4.111648100913349
MIDPUN	0.2441726786353806	0.0040366804435714165	-0.06812826668057492	0.012311530436634022	5.6062336970081015
MIFFIQ	-0.08115707072846634	0.25906617326159065	-0.08572280245784092	-0.10428409964565277	4.795137894246647
MIFFOW	-0.12226617793140382	0.07144002244934322	-0.09141875532948007	-0.02986098396215675	4.490425226700478
MIFHAN	0.33554008256738044	-0.17959521913670473	-0.02998920503824909	-0.05303429455506148	5.675517387622061
MIFKOC	-0.042635321556808936	-0.07335767511967806	0.03957851075682428	-0.06327357475853534	4.496173026060398
MIFKUI	-0.32523822682510883	-0.019217213701454128	0.0356788464772686	-0.0858037506399556	3.757307030306079
MIFMAP	0.0023008089231546514	-0.048925474327510265	0.07736200165990414	-0.014145234791573591	4.752982517146713
MIJKIB	0.32411022510747767	0.07326560361963264	-0.04254296141559344	-0.014579394528026701	5.9446070581412
MIJKIZ	-0.15958559981736697	-0.03914034362123564	0.001302297378811046	0.011355124374958447	4.3348368916476225
MIJKOF	-0.1091451357182267	0.05065498320103412	0.03475953892738981	0.01859808569283794	4.605639164617392
MIJKUN	0.31256696633817826	0.09748091535456282	-0.040336390569707614	-0.01877988252952001	5.929011527817754
MIJLAU	0.3090980812934445	0.10338822031479067	-0.04027444056522156	-0.020418241830693518	5.921331177115896
MIJLEY	0.2299313272432877	0.17238333773076864	-0.026404112807785873	-0.03223094398638393	5.721333982403836
MIJMOI	-0.35033285010600035	-0.047949014934935974	-0.04013472217916236	-0.07732030653101962	3.6789040499939816
MIJMUO	-0.49470752700629084	0.03738248160020019	0.024740553651055652	-0.050528029905104965	3.5102791106462337
MILSAB	-0.179119298643307	-0.14052216613632407	0.05152771563415448	0.025465059498176124	4.1956685790102055
MIMHIZ	-0.1033293519713887	-0.0799817864013006	-0.00926054419370237	-0.08318048396150035	4.260717032101002
MIMXAH	-0.19908581043133222	0.3267544853686517	0.12462711385625802	0.06951983368633385	4.853552061849039
MIMXOV	-0.11690279074139154	0.4016209093948846	0.1027377514186465	0.01067012625537378	5.1303410791280815
MIPZIV	-0.1862657038442359	0.27843465462165096	0.0738850595267786	0.011040014432737943	4.695560505773678
MIQZES	-0.26182804832199946	-0.07766231745492247	-0.09703166299582744	-0.015527825832936104	3.967121995603042
MITYOF	0.14695281894682832	0.13767257115680254	-0.062317090480911386	-0.004052771567742197	5.4233762428817425
MITYUL	0.14002209845204172	0.16471060493834733	-0.09037036411521693	-0.031469468208969786	5.407250755982562
MITZAS	0.12913211477762898	0.1933468547438375	-0.11815803157651517	-0.0439371438823416	5.3927364693705435
MIVXEV	0.3029280115452728	0.16273955837468312	-0.008926033576777126	0.08450535156536243	6.167624178502685
MIWSIY	-0.438486283276452	0.00137389390703202	0.013518739761752885	-0.010205289315917132	3.6465234685579624
MIZTUO	-0.29324261612694036	0.39611964689708534	-0.10810821652201019	-0.02770065352788531	4.5430302017957604
MIZXAX	-0.3209764283028844	0.03316105061441377	0.12226470734756067	-0.10955538374451546	3.8543615545693775
MIZXIF	-0.36823915466054946	-0.08056047732646787	0.12257460453599456	-0.11754546375291552	3.6237384244326143
MOBDUG	0.3145023594392611	-0.0929318126430374	-0.046020972691730444	-0.013427018407464852	5.705922630495509
MOBKOF	0.00886131795885392	-0.05167144028157766	0.16334149201915027	0.02734330491953818	4.879058315162087
MOBKUL	0.004818376304580596	-0.06799292002434987	0.15269430528043948	0.03710524558978845	4.8549997696621245
MOBWOS	-0.12641604206495405	-0.018303263461868724	-0.028703834421283547	-0.015569146119093213	4.374993371752648
MOCLEW	0.06016728471926269	0.3194433731362363	-0.09566557607818527	-0.012934362668280963	5.432675615737642
MOCLUL	0.05189057120599028	0.34922610455819214	0.04200278176365502	-0.032002190807245645	5.42702303690699
MOCMAS	0.07343578106106108	0.4314649189085378	0.05537206218572854	-0.016666659936782624	5.678842857360737
MOCZEM	0.3024051039466924	-0.027860896795951273	-0.07239523564151429	0.017022964001095153	5.78517047784722
MOFBUH	0.12386048997842236	-0.4909752250556898	-0.0939030051262375	0.045094000336712514	4.9920595010922675
MOFCAO	0.12303529946798264	-0.4887940222114875	-0.09862946720481691	0.048324629424966625	4.992835351551466
MOFFOC	-0.04702957078993686	-0.009615861049588226	0.046453978871224155	-0.004828011553063116	4.686088043081787
MOFKEX	0.06239405936619402	-0.0414654123818754	-0.07886429587616206	0.020957713969945946	4.97051141095291
MOGFOE	0.0045281832207981765	-0.17909791091816385	-0.021848204169326646	-0.002085228811784301	4.639352783845804
MOGGAR	0.014568067161522702	-0.1548083464856631	-0.011439338266398202	0.003160288329162264	4.700431091829811
MOGGEV	0.0010885756475444985	-0.16800245369934963	-0.018050764300516997	-0.0030489639985069594	4.637087637609822
MOGQEF	-0.3425974995373937	0.10463099537852738	-0.13029886886940223	-0.026493857766790918	3.973070368570687
MOJBUJ	-0.06633427766476663	-0.029874251199994095	0.004492677452581084	-0.01442413217061067	4.537215906945325
MOJCAQ	-0.02907706006759536	-0.047817478557746096	0.0019974855424098603	-0.025011809686770192	4.609948865341976
MOJGAT	-0.29913366347548287	0.03184503610641265	-0.011367783675023668	0.0025321244775369234	4.030146056566399
MOKCOF	0.011356236722818824	0.28836022138086026	0.0986012181948368	-0.06965166973212944	5.162380219795736
MOKHIF	0.30939345008959185	-0.142737102910115	0.03225806923099195	0.05464325522660862	5.782343040569466
MOLPOS	-0.22140914434975034	-0.10545610411823203	-0.016443408592525355	-0.04555204147587755	4.016187620788339
MOMDAV	-0.17484599992172933	-0.15250454790077583	0.012179241332800128	0.03285194463076102	4.224088552633349
MOMDID	-0.18263674996694812	-0.009800197582993775	-0.04460306428272798	0.03488869662788252	4.350693538905219
MOMZOD	0.25078881180243373	0.11083243044400959	0.004419189812693736	-0.04108277832691298	5.683515884802525
MONWER	0.10106050153345114	-0.12140596578271978	-0.13915282858797573	0.007765301866361707	5.020461265259428
MONWIV	-0.12211204434314515	0.022136940151333384	0.028918420870589934	0.0024404754820529506	4.493732669265366
MONWUH	-0.3400708496636142	0.038745593948131596	0.020329022118939388	-0.006537716007535277	3.933918969365552
MONXES	-0.3312181581111415	0.07569324011406664	0.04638303986953196	0.02648207412267556	4.053074853437144
MOQWUM	0.22892613558764996	-0.021469348908648378	-0.03750495775479745	0.018804203243491524	5.5392546951581725
MORRUJ	0.36832698364319594	0.10283041423971007	-0.08842545193372997	0.0034022051497677452	6.154648277762597
MORSAQ	0.3688022257705579	0.10237262460167695	-0.0901615295164564	0.004275397491427246	6.158857669105726
MOSGEH	0.1096990863277405	-0.11064395703920571	-0.13813484816311572	0.01349581219277951	5.074164369181269
MOVCOP	-0.2629605845167877	0.049579664527041434	-0.08079447701222331	0.014194106496143721	4.143358188841732
MOVCUV	-0.16789379285723216	-0.05992537976812251	-0.08623368512372509	0.05929953889937867	4.360400526683607
MOVDAC	-0.3184140845013703	-0.02645710210326868	-0.09854613112083421	0.024317811349305885	3.9372766503248204
MOVDEG	-0.10851490701862332	-0.0038446275223291693	-0.028815355720118063	0.05778706544838008	4.591651852109267
MOVLUH	-0.28856607261724876	0.08489386485921058	-0.012868501036463753	-0.05785439236650802	4.010494967789554
MOVMAO	-0.27237651657785267	0.06447669549611268	-0.01819698371686873	-0.055943147111520264	4.025120659353052
MOVXIE	-0.05464995030579045	0.044900572831998886	0.053784585625140435	-0.0324589688291238	4.674999829810318
MOWRUN	0.0848213582367543	-0.16763408785805556	0.16276748386233386	-0.04723247484529425	4.867911659319482
MOWWUS	-0.3313521220865814	-0.24293609366301938	-0.010030542298408607	-0.022276013420674534	3.671360140820446
MOXFAJ	0.01189310142097133	0.01895462942155479	0.09333177338109899	-0.0089660178746227	4.877100562258644
MOYQOG	0.07356591447167382	0.057086450169920866	-0.15177483811110903	0.014482781685358659	5.105847148358847
MOZQEZ	-0.13641385365519665	-0.08461816214431472	0.01637928990502524	0.00043245719636253455	4.299470401265606
MOZROL	-0.25623045298927316	0.015553721084076155	0.006734837547774486	0.05848318016482423	4.197459857757758
MUDCIZ	-0.022005871221954187	-0.03367406928318495	0.09451718926528496	-0.014783599204726716	4.689250148919161
MUDZIX	0.32800047197547855	-0.06753069354077557	-0.06000758322851274	0.022186650728480584	5.832988777884565
MUGZAQ	0.04969453668107926	-0.10875282742734704	0.02642335075175084	0.03100387529250115	4.887004269103596
MUGZIY	-0.11116257764976156	-0.3925229976611082	-0.08271445499330388	-0.02003329260147868	4.152479153828568
MUGZOE	0.23962713971812777	-0.40248689318563113	-0.06799900066750109	0.06975492233509062	5.422565990823416
MUHGEC	0.10009264055572364	-0.027785229124797528	0.028078585244953214	-0.0025593451503107545	5.1031690928429265
MUHGIG	0.1991649633900492	-0.15335661638789566	-0.004153285547852548	0.008511932518488141	5.294481150124637
MUHGOM	0.2486858591415042	0.13256875894240228	-0.04690204944359433	-0.010936805464259347	5.765845680509333
MUJJUZ	0.3031283135448972	-0.09169799185792504	-0.05241899682275153	0.0270732113997616	5.729453860523877
MUJKIO	0.3036448370476128	-0.08585049814284984	-0.053890973142120435	0.017899093242204844	5.721585244961543
MUJLEJ	0.2709264813086829	0.11452730818074475	-0.028292235617795702	0.009227142860811166	5.832549144652694
MUJNUB	0.16350602042858986	-0.18207629704886008	0.05765962876183717	0.011047672831669186	5.176475325415186
MUJPEN	-0.2768354850766115	-0.2688015446557923	0.019319296341228087	-0.0014592552629183464	3.834710518818088
MUJPIR	-0.22834501628699067	-0.21864837349406385	0.023722797865666	0.007140723206749633	3.9779857014406264
MUKGUW	0.20203440314661014	0.06544554979455919	-0.06914406274947771	-0.020332449590647172	5.4904336991311995
MULCUR	0.18288020505507196	-0.07350078337583366	-0.12398239143094458	-0.04867103589963917	5.229203226468769
MULLAG	0.14108529596092856	-0.09953581159240033	0.05958273179946105	0.0007602699880869812	5.164415797968079
MULLEK	0.1569052028469229	-0.0968719956345141	0.11877367258562943	0.0029445561469746417	5.240007193744238
MULLIO	-0.2293803590092025	-0.058483450857920616	-0.08623421177194213	-0.05151697993015625	4.038305084048844
MUPBEE	0.03311267501205828	-0.048208300690619765	0.013271173613656151	0.11617137998564342	5.071277066095533
MUPWOK	0.0065296305144566524	0.09064746231236764	0.03501508629102701	-0.012106992190748067	4.934414424282741
MUPWUQ	0.04370345632317507	-0.07535581423297266	0.05700819378402633	-0.026231324462048344	4.837960700476329
MUQTID	0.08277518054815713	-0.26922355141392873	-0.01835569239316781	0.04645629362701642	4.923003941914983
MURHIS	-0.25982546867572487	-0.048971355752509105	-0.07060940478297484	-0.08330083758122064	3.911886111142113
MUSFAI	0.3175917332349134	0.046526754544513604	-0.04785816236929752	0.01178615863580934	5.918674870965947
MUSFEM	0.2957714720714404	0.08155362258940535	-0.06626035954749354	-0.008959425214871919	5.852371589806738
MUSFOW	0.304598040980935	0.10330198391942336	-0.06183246877771409	-0.01033861729520702	5.911170493034262
MUTBUY	0.37358460657278325	0.08600586404221788	-0.0670395698578683	-0.012538764596241259	6.121495630396016
MUXHAP	-0.04442091449408858	-0.07515878016123301	-0.03882661084318895	-0.06345352936573168	4.503959681374183
MUXVUY	-0.4472411520316044	0.06594613862912668	-0.015166681079389788	0.018785960380810818	3.7537241580850282
MUXWAF	-0.3427211983263412	0.15164424084095351	0.016879160717537145	0.03471789636134992	4.136459007898131
MUXWEJ	-0.2711656049924718	0.006622575966887201	-0.04719865043670657	0.05375516273014658	4.133508024543758
MUYHIA	-0.1761009575211434	0.017951909206304073	-0.019473415388675974	-0.010050456942541697	4.297304396481733
MUZYEL	0.12563385230182122	0.10170349742266227	-0.09061676328018953	0.019161833472377987	5.338026865731834
NABGIK	-0.19745842232246424	-0.1412397119669795	-0.17906177441859605	-0.025773030469812053	4.0268071249952975
NABPEL	0.13876431506801534	0.17907085690566005	-0.05448140189928341	-0.08371528916045978	5.341879977528257
NACNOU	0.1273745312059762	0.1818154935316545	-0.09862273012823031	-0.013344892802813146	5.437326013989557
NACRUE	-0.0714419226011227	0.03980661151049247	0.055455802135638166	-0.006523405321461118	4.639338096298886
NACSAL	-0.29414481484580124	0.06326499436637834	-0.11608994749855084	0.022785994670260212	4.100983594132707
NADBIH	0.21802762077370907	0.006480987501111812	-0.00953380403358639	-0.028727337528510755	5.455014575283131
NADNEP	0.1551653465901297	-0.025875435837996896	0.12090555993599184	0.010505465595432084	5.354289768826585
NADSIW	-0.3450815388723907	-0.07937358510341808	-0.04620591876683133	-0.01790624485303638	3.7584090571309283
NADSOC	-0.3436760670819712	-0.07994312513182411	-0.04844176181319315	-0.016580535264525853	3.757022843416823
NADSUI	-0.3944890132899035	-0.08579827796784256	-0.04154257630865099	0.02008792981436125	3.691553317602965
NADTAP	-0.26933893848272206	0.015088202697153719	0.051371510654514285	0.005447008270701215	4.099355734251263
NADZOK	0.05414092969284878	0.07800313102738876	-0.04599822386954111	0.045488408423664306	5.118765035768371
NAFJIO	0.42106567784757365	-0.2927465412966097	-0.034297990288734814	0.1183637809580883	6.246581087532244
NAGTAR	0.13482882425158937	0.25237866298539346	-0.06909167551516204	0.07364003446962386	5.681183458993153
NAHMOC	0.2566491913123601	-0.17354692028134222	-0.020679757853286684	-0.017790091809031128	5.431336984453078
NAHMUI	0.26226148953087325	-0.1627460950916575	-0.01042897617820926	-0.032317843169946125	5.436272367071584
NAHNET	0.2614542023550621	-0.15731220629946052	0.013528215600291382	-0.04625726430652799	5.4137328557356685
NAHXID	-0.03345680275156626	0.31337001653436536	0.09775265942925992	0.22276100579025204	5.5541614138277815
NAJGIS	0.06454817904233678	-0.09914708685991735	0.12466608411542679	-0.009819287459567505	4.91135201442733
NAKCOR	0.09459036901888407	-0.09270501492496974	-0.06695925955658644	0.07403568159253437	5.102179980703291
NAKSUP	-0.3908346409199921	0.02637167429929166	-0.03769962780623137	-0.013988725059908669	3.758231272451193
NAKYON	0.17001894267638074	0.1313869104363965	0.03884438643634769	0.10038501126871535	5.7080772943881914
NALGUD	-0.460358485056668	0.0027721992461477996	-0.0540054083277266	0.00542674832586687	3.5945521942121856
NALPEW	-0.0505383788471252	-0.07786009879210765	0.011844031503523311	-0.017409053479256253	4.55910417819498
NALXUT	0.32051725849935986	-0.41402507770383234	0.01761168110940381	0.11485965257365094	5.82035971686006
NALYAA	0.33286068023868465	-0.3874617554027966	0.020294467881970313	0.11370242479597148	5.866276370410768
NAMQOH	-0.2733955612027634	0.06750485698168385	-0.01987948010434004	0.060324942911774704	4.238652987172102
NAMSUP	0.20221060850499528	-0.18827252706868336	0.07000583617371814	0.019861497165786446	5.337516453794302
NANTUT	-0.006132744872147544	-0.002165169004332501	0.06826854128282411	-0.01312383336241596	4.7917862917951455
NANVAB	-0.0048318725309348665	-0.002609874511080079	0.0711172177281496	-0.015231163067045972	4.793944321577676
NANVEF	-0.004772323995410943	-0.001936461680858148	0.03961750733886649	-0.015937321892989575	4.783600498562666
NANVIJ	-0.011367999841556564	-0.026916997922540098	0.06458622038620399	-0.019303454907308337	4.738341641217943
NANVOP	-0.013120546125586774	-0.007385523019649565	0.06576771948148474	-0.024974571262497913	4.740657077664537
NANVUV	-0.023390728645444003	-0.10041384651145568	0.05002041773460597	-0.00440607833208051	4.628664047945249
NANWEG	0.08072657329577337	0.062017705926217914	-0.024206027659237295	0.06092599829843959	5.219539969933617
NAPQEA	0.2066475720471086	0.28921739132999313	-0.05203426224812069	-0.011250305995720411	5.85022366956101
NAPQOK	0.2139546948852309	0.323781378226915	-0.047558657201408616	-0.042623611626578906	5.8850601983468245
NAQDIV	0.13141349668631408	0.10579125108852683	-0.09634379933447068	0.012479714152715649	5.354066964143689
NAQDOB	0.2125761531603585	0.18487850201326506	-0.14929084910461698	-0.03470832957263803	5.661591473268147
NAQDUH	0.14579687501184102	0.25865957850255317	-0.08659138367783026	0.04678073985940501	5.673153001068144
NAQFAP	0.08461555658049535	0.39882346450756545	-0.036856631519260885	0.036659241792079356	5.738888349784561
NAQFIX	0.09714771561473512	0.3094983415178385	-0.10994902803904605	0.08357891372717896	5.667498752538076
NAQFOD	0.09088232172682487	0.06032930195101782	-0.16342144639100442	-0.00498072560698426	5.153893641386653
NARDOA	0.32196860139224137	-0.1572940360499775	0.023923265325151766	0.0642426303514021	5.8344288528988475
NARDUG	0.3240154134596196	-0.12531259732359157	0.03768643509448655	0.05515647434366888	5.858248327556037
NARFAO	0.3154300871626896	-0.1688838257167269	0.021815791380639826	0.06624915573744883	5.81201567380344
NARGOG	0.08644228652430064	-0.19800958208344976	-0.0998180390058292	0.13277276418966777	5.102556509701529
NARGUM	0.3114044332570449	-0.1661796100189037	-0.02129937637269963	0.08276820905493965	5.845155896980852
NARKAV	0.12592884759067235	0.14189375975600393	-0.10637725270355092	-0.001994596040921559	5.362996670499683
NARKEZ	0.09174193811641018	0.12347055081163649	-0.13230147997645547	-0.014877938930576984	5.2093866578177845
NARKID	0.1337181636524476	0.12739660928982666	-0.10852020597969392	-0.005427008318654281	5.362819982510755
NARKOJ	0.09895287743569359	0.17256198989675164	-0.11724199587173412	-0.006850076306667119	5.312268587532776
NARKUP	0.10050129924707152	0.37156231064928846	-0.09635192188851094	0.02842972883072037	5.708224375361246
NARLIC	0.04382995191131789	-0.0001433119373204228	0.06576473432764374	-0.06473179452868516	4.841871334754412
NASTEJ	0.20105495004543705	-0.16184253028760898	0.09762054678937337	0.037959856149681115	5.383211331741516
NATCIU	-0.23441212516244603	-0.05132289254487565	-0.07216093616280705	0.018612709219984924	4.098403855729998
NATCOA	-0.25048288775838	-0.03410284954884091	-0.026160023637110452	0.05419520697404756	4.115344905322325
NAVHOI	0.0977414770133751	-0.21146249184644295	0.0310892134878773	-0.0097491971867385	4.889438647996353
NAVPEF	0.34945978110405784	-0.061145653485581875	-0.07209997089063269	0.03142449639398137	5.954679223625263
NAXLUT	0.41794057094561277	-0.16572577007809497	-0.015448051810895258	0.09411485110188555	6.261588205682161
NAXPOR	-0.0043175141963591734	0.3932695785386904	0.09861247224553704	0.17274585769547157	5.732018597458134
NEBVAU	0.1714920584626327	-0.16726390513881428	0.09930297383018072	0.0603275110474496	5.321331813687747
NEDCII	-0.13969355353213309	-0.14244852446145795	0.05052206646367652	-0.01910026019136335	4.254977041682124
NEDQEU	0.0653461068633665	-0.23304748711045775	-0.12577227791508805	-0.05656308827365086	4.667938554663406
NEDTAT	0.24847589297150385	-0.02093670245319501	-0.1727034594949448	-0.0043952021384866535	5.6081014374402
NEDTEX	0.26099060885392555	-0.08660891214414601	-0.13778671258113073	0.015857041968179164	5.621995080871996
NEFTEB	0.32606644115361183	-0.1945879367312855	0.001450445809580314	-0.06365301302526438	5.591604120018999
NEGFEN	0.30397048756729106	-0.10659755626884193	-0.06051501534195358	0.007498209743099005	5.692531845962244
NEHBEI	0.06756405265282295	-0.0583483013803332	0.10347389101060345	-0.002922492653689268	4.976711654666765
NEHBOS	0.07897156095834612	-0.013328357293759474	0.07022750628973418	-0.07751551720447658	4.940654198015112
NEHWUW	0.28452850275353514	-0.0030404979940170662	-0.09913525645221588	-0.02558057713704054	5.68488789934067
NEJKIX	0.02483025267957162	0.006328851532533708	0.12338604688135835	-0.04044503500931107	4.849967271626836
NEJKOD	-0.33518084470316456	-0.017746213933112376	-0.04631977004561705	-0.11183116314930286	3.723089309800216
NEJLAQ	0.02454787984560003	0.007142816782698791	0.1237402804305956	-0.04046537314034526	4.849670314497404
NEJLEU	0.06650253755550928	0.010671667105159877	0.13054235272411274	-0.025573353813637567	5.021222733495678
NEKTOP	-0.02332069134984316	0.1718438512257432	0.11685727166854032	-0.07675574488592563	4.91603263863445
NEKTUV	0.3166537781877503	0.14798482643440636	0.030327299586860423	-0.15075630796167105	5.845278518065615
NELWEI	-0.39760309419742934	-0.007906098146229112	-0.057122122992813607	0.08457737139619015	3.8774294394454882
NELWIM	-0.4308796838135516	-0.026105134346747327	0.003942359287694597	-0.011345403005275978	3.629030095505356
NENVEL	0.32485028385107473	-0.06101522146747085	-0.0669339329761216	0.013112052477147196	5.814238721142825
NENVIP	0.3261768657417896	-0.061734516255762095	-0.07221346118746719	0.0133347570349589	5.8210331129126125
NEPBUI	-0.020295319304708848	-0.05330917255832679	0.06071759150911982	-0.027168707129597847	4.6671329418188385
NERJAV	0.20370533496625454	-0.02372565768419621	-0.08134162767704134	0.019974086175808536	5.4447730469612505
NERJEZ	0.11787954663721001	0.11106634713998176	-0.08823906249968738	0.014540641648382091	5.31872448246842
NERNAD	0.023323675784646003	-0.10629373361477867	0.1606624670136121	8.265617944536174e-05	4.813562523424927
NESCET	0.06465927457554166	0.07673067988335802	-0.04743456706987592	0.1503923482433277	5.356044517021851
NESCIX	-0.03763391920805237	0.00659615545900305	-0.0472840988016161	0.1130742938928887	4.873140062973671
NESLUV	-0.024028107846284286	-0.5638739289803445	-0.10556266864380692	0.07641474346701937	4.533077962720828
NESMAC	-0.006887370745991994	-0.5455693455423873	-0.09552492817076641	0.08341223166078304	4.596394884523072
NETKIJ	-0.05980812801855073	-0.07657328777544281	0.002826279779548857	-0.06710459614853082	4.446364851308874
NETKUV	-0.20395303420546784	0.24109497062634988	0.026449108905773677	0.02012638531453559	4.58621690775497
NEVDOI	0.17393961538329572	-0.09333532278265233	-0.1329365167283023	-0.06510643578205055	5.212342022789131
NEWBIC	-0.26048445939270914	0.24306763756535776	-0.09957207741811525	-0.0421194801542677	4.3203404061403115
NEYVUJ	-0.017134883728988193	0.21441545137043505	-0.005957865556490249	-0.03866159077121223	4.958981042025167
NEZBUQ	-0.1772597626546133	-0.15285260768315667	0.10593234491202042	-0.007941823578657137	4.178460023474359
NEZXUL	0.17749557650202297	0.005154217794781424	-0.04107401834658364	-0.003920847915935943	5.369458623234589
NICJAK	-0.30661815823113514	-0.021722696602348268	-0.04869814321749799	0.007211542135467486	3.9645776660371697
NICXEE	0.0983303222300771	-0.05216230913893494	0.13454942889897414	-0.019105876334074234	5.059707747444367
NIDJAP	0.2327956312883197	-0.1314119352237424	-0.017374585791367636	-0.07713923578852111	5.3225074507887316
NIDJIX	0.05228138933110271	0.08924039800021344	0.1278186326607751	-0.007458196669488326	5.100522157534281
NIDJUJ	0.05505158862970427	0.20977227890409322	0.11781292918907837	-0.017477867856743545	5.2716487533434115
NIFDIT	-0.295231303532427	-0.09538220280472132	-0.10056039234191672	-0.0702864403060739	3.794017204322112
NIFDUF	-0.3588757376073348	0.07726435008682131	0.01781970296494495	-0.00297195312315357	3.939116644949253
NIFMIC	0.39279119645688665	-0.1273150619680128	-0.10151213271695458	-0.0037481609786672587	6.0089180190541125
NIFMOI	0.40879553815735337	-0.111567789797685	-0.11417069097124899	-0.014175380575406349	6.065588796885643
NIFRID	0.010420858365630448	0.04264170997580585	0.023084018605079804	0.001957761101898381	4.876536273874569
NIFXAF	-0.24201026511602475	-0.33202668554442605	-0.05173907539503508	-0.04650971420388561	3.7606549872269244
NIGCIP	0.3043847797653436	0.1645200142478629	0.09969999097692095	-0.13953426301982552	5.878591964712483
NIGCUB	-0.3183213102452904	-0.02677282590721708	-0.030493484070399424	-0.013616115315793764	3.89062550497635
NIKZAL	0.04039530609662201	-0.04656155578447674	-0.11123732645458606	0.011642699970954795	4.874947343097733
NINJUP	-0.01587241206691159	-0.05587899580781297	0.08814368286077534	0.01918548905629902	4.76131655623081
NIPRAG	-0.3413250605137146	0.07820368353074247	0.030685795715666764	0.022258551916771396	4.02485263518055
NIPVEN	0.09398587214178855	-0.07307842568118383	0.0852391528779255	-0.041949718558768945	4.9782055420413585
NIPXER	-0.3450126568049432	0.08677270785823721	0.03156325218806777	0.03589385525147304	4.02628896458334
NIQFEA	0.12114235673666407	-0.050555656431781504	0.09176355048450979	-0.009166024312028065	5.134688151439765
NIRSUD	-0.3655694148744999	0.06198341366291915	0.07285858942411738	0.047113240951129454	3.9815143462031886
NIRYEV	0.27770890697006756	-0.12657892569620488	0.018520694281839667	-0.020366130599749344	5.530131591527579
NISGAY	-0.02530445661363867	0.0010122920366875121	0.12497934665177723	-0.003522115950542859	4.748250535419657
NISGIG	0.13882911530616227	-0.26174738250097307	-0.0011245798878192215	-0.06570638604151868	4.938248213373197
NISLUY	0.21237141004480087	-0.09384623378331369	-0.00286554265981831	-0.05195778522613781	5.309544151866477
NITGOM	-0.09236348863849653	0.0003992854052810024	0.07405400522661854	-0.0001213784154303621	4.547625393974736
NITHIH	0.25953068153870973	-0.005473614898482193	0.03794142366365083	-0.01663222454158919	5.609451909359379
NITHON	0.25220178309803165	-0.07275891925435518	-0.007084714060889841	-0.002946460497050163	5.533455726698087
NITMEJ	-0.45526709568790613	0.009560809054188546	0.02990863001207633	0.018486142889607815	3.6886750492431823
NITWIW	-0.0826594832687606	0.07859179857125076	0.10100416498162024	-0.08464512811981406	4.573424587307545
NITXAP	-0.10118755025994952	0.19253385014928437	-0.036492509135586104	-0.09899107800836549	4.655947224160572
NIVCOL	0.1714833453503295	0.2636830260539109	-0.037440579979613586	-0.023505715730956722	5.676289592620253
NIVCUR	0.11998328064823838	0.2815415078422028	-0.057439372189719284	-0.06196335904884698	5.470206760177747
NIXQOA	0.13130454525885416	0.14877655569208414	0.06842164452434196	0.23840041705633497	5.83710535175
NIYJIP	-0.35202055055375636	0.09909944347733202	0.06687326849574182	-0.06497764816122742	3.920788387237204
NIZVAT	-0.31898460544376683	-0.05760088291729515	-0.0004696753488029337	0.029359612613225394	3.9067563711218884
NOCPAZ	-0.27299103031466054	-0.06096451864957064	-0.03972317043571483	0.01962048079748513	3.989691664419486
NOCPRH	-0.19710136566672087	0.15951538135267862	-0.12981557110056885	-0.11322006821178832	4.284481425294818
NOCPUT	0.2702045998095235	0.10274131035671896	-0.06226967701228214	0.011048791016141979	5.811805974441763
NODGIX	-0.2577439533722936	0.013331144499332481	-0.07015091804640661	-0.04364516491966486	4.0614526157439474
NODMIF	0.23158073343771202	0.01968359403272313	-0.06099206069820484	0.0010898484610848413	5.560743660464875
NOGQAD	0.096352557890663	0.20504618729803736	-0.06852544893679058	0.020783854809793945	5.398222194845278
NOGTAE	-0.1261131292647859	0.14290047248039217	0.03192872641210531	0.17339243881914213	4.891191325994126
NOGTEI	-0.1299894694912711	0.17098690106185765	0.037211459535577696	0.174723312249062	4.948670766030573
NOGTIM	-0.1298194105450956	0.15322110009724765	0.025471681221353792	0.18194620743438306	4.930781537539762
NOGTOS	-0.1180966790098592	0.03841083127037859	-0.05382846922045359	0.21025425657094698	4.8592420157620975
NOHKIE	-0.25716920671137267	-0.07888200624752129	0.1219642213199148	0.022708978328228602	4.077198460678182
NOHPUY	0.2844434959082598	-0.03885698151057948	-0.03606074979759111	0.0053008553998917796	5.6867115265751975
NOHTIO	-0.3248618787104556	-0.13557131797063682	0.044360499733327785	0.013806018715452395	3.814632548041955
NOJROU	0.19641351375171023	-0.0710184457296168	-0.009895693218537449	0.03196348879316946	5.407867563138051
NOJSAH	0.293534446986917	-0.2088321219259608	-0.02968366644196374	0.05013089979989349	5.667020508279457
NOJSIP	0.20903196818717396	-0.07913169746392335	-0.06729903054480535	-0.02810125850225853	5.3438547389544055
NOKBEV	-0.28619890810636406	-0.12316983572686402	0.0013822603577904324	0.025917727446475025	3.94220003470194
NOKLUV	-0.09208135179973875	-0.04773912747688103	-0.04805254182409535	-0.059237635964275115	4.406809313140961
NOLPIN	-0.08185611223984202	0.22296500817687592	-0.003668041810805045	0.19967724344515325	5.17252440586507
NOMKOQ	0.33172572511432374	0.08356248232400976	0.027201652907532292	-0.0953721674702227	5.889640516968134
NOMLUW	0.18398430154303114	-0.1736969537327573	0.0940316901925462	0.009846004783442108	5.274867190619363
NOMMIL	0.18137147772255036	-0.17185063001492962	0.10145163883323383	0.004749118990339141	5.259253711609551
NOMQAH	-0.28773881012518854	-0.08961865639180422	-0.11661800782211529	-0.05807930884598089	3.8469565936857544
NOMZEW	0.06940806989096249	-0.08670703353388864	0.1372004449638946	-0.02758306595178084	4.915674277587926
NOPCAY	-0.18152282276660525	-0.08368245482309611	-0.09024110830381349	-0.027922521495887254	4.138900239125697
NOXGAK	0.09740996281692116	0.05295316217633417	0.169265988603589	-0.05147196723399683	5.148994408383515
NOXMIY	-0.033977368870721225	0.08718838287167108	0.05149095951218241	-0.0344224413134846	4.734556860623155
NOXNIZ	-0.2759504022360222	0.05344574036528238	-0.1078914070247381	-0.015323475847445311	4.081776172045773
NOXNUL	-0.2572549649007876	0.06233904841123428	-0.0038337418402123458	0.007703893206683521	4.189112998690357
NOYKOD	0.08612354448152537	-0.047181668544879596	0.1003685625102042	-0.06564180569491451	4.957221589555201
NOYKUJ	-0.2310440089963941	0.09960009307734063	-0.0781807249580726	0.011501138407845057	4.287631192211726
NOYMAR	-0.022010107249545108	0.02936801937064404	-0.04492015098530233	0.008950355296081236	4.787360348866716
NOYMIZ	-0.21102075698951572	0.11141542088207679	-0.02981217967843275	0.05023844051739301	4.416371255980137
NUCCUJ	0.32138380870633076	0.13432173185888852	-0.04077699140044633	0.13380515514822322	6.26930208262058
NUCGID	-0.35586404961897267	0.08736444354882611	-0.08000636825529206	0.06729648727968351	4.0624248777445695
NUCHAW	-0.22311586025625885	0.07302681751538209	-0.012993399824900331	0.00044633507652835913	4.271275017036122
NUCJEC	-0.2754525442552114	-0.012608945437282415	-0.02570177391571482	0.031029664307813287	4.082037972166463
NUDSAH	0.05051818573913991	-0.09810779627398958	0.11718204945305977	-0.002963027973959198	4.88282732676884
NUJCIG	0.2616334154933573	0.003118018094342645	-0.10787456100555848	-0.007160018302248328	5.645092523157439
NULCUU	-0.0269918439139607	-0.2837119291300956	-0.05768991381669175	-0.006183809080336999	4.470282541024091
NUPHIR	0.1659983696443934	-0.06194006614775516	-0.011427018042456494	0.024109917558555516	5.298300075904583
NUPMIX	-0.26564177400624334	0.10809045251512162	0.06640849322529307	0.041679691654526674	4.269139418177587
NUSCOV	0.2982189797973187	0.036257742492126876	-0.10492562671377526	-0.01770859064826924	5.79573032854564
NUTKOC	-0.21903862993684298	-0.05425999625514866	-0.08087430720148281	0.02464440404517476	4.153678783724381
NUTMUL	-0.30702220810129144	-0.13710348966566732	-0.17848211462100338	0.09844519269474794	4.014872931861525
NUTQOK	0.16643734907255636	0.28132102364672784	0.14160853694014564	0.03371247687962764	5.877980110120486
NUTQUQ	0.08884193060359591	0.19947404987209394	0.14141931225273452	0.05316030145754891	5.487811140533801
NUVFAN	0.1635209598644729	0.2369440302479071	0.1692545591247372	0.03838707171166156	5.803104898797895
NUWKAS	-0.0415982135094044	-0.00017176215625891444	0.05249527854993863	-0.031369443503149075	4.6399962401876
NUWKIZ	0.019533233500133917	0.31180836578405646	0.09148221717909055	-0.10486135910911831	5.204286346372236
NUWKOF	0.10201043590735992	0.3064744201182643	0.08175852387244764	-0.1130559891802837	5.444754123197317
NUXSEG	-0.27623632274389553	-0.24862562622006168	-0.047215289991066056	-0.004045294175140324	3.83486403703602
NUXSIK	-0.09352058946669017	-0.24968406056474657	0.08154692575247524	-0.029933839394201023	4.303631298374644
NUZFIZ	0.23710033949535392	0.21139607510972835	-0.028799407192518167	-0.013148906142778638	5.819470341394998
NUZFOF	0.2419657146990466	0.17109745146661037	-0.041587155220732086	-0.0064798963586047975	5.782500820366451
NUZYEM	0.08372656686882207	-0.064989313547831	0.1290178705963534	-0.00883817144523058	5.011490402407784
OBELEP	-0.28376450481910087	0.017383868728560792	-0.06876984170566103	-0.007733178005734254	4.0240582079454645
OBELIT	-0.25947146028090073	0.0751013512106069	-0.02689558997838226	-0.0026218533639217334	4.177756568047264
OBOJAS	0.17537725995613984	-0.10784447078554349	0.08539937353835714	-0.0958814104401311	5.130125214143516
OBOJOI	-0.04471790593051539	0.07640854603422653	-0.009558351662196873	0.10209854214757286	4.923268207849088
OBOKIB	-0.20109860026846227	0.030988201062683185	-0.02809483488823572	-0.0023312956373470195	4.25850800720562
OCILOB	-0.29651628350115944	0.0762341796742283	-0.01074287263973428	-0.0025570641312394615	4.071000980448361
OCORIL	-0.120617580887586	0.04885956410621928	0.015007459580233418	0.052794085372256605	4.5808529465279575
OCOZIT	-0.23216452175577484	-0.10371879554681795	0.028070769888497882	0.009517252319629188	4.045164281477913
OCOZOZ	-0.22610512714101794	-0.16685964322937896	0.03200777414891354	0.004571518435503186	3.9967736240448994
OCPBRH	-0.05034447414637766	-0.07454804358233691	0.01822558485083947	-0.03854284206471714	4.542595988267138
ODIGEN	-0.33940262805562127	-0.07488423320751769	0.03955744689627538	-0.01597441655749665	3.81666632762777
ODIWIJ	-0.05385907550628444	0.01566076256104809	0.09207516312085007	0.022564294321742895	4.734974628859428
ODOXEM	0.32064528413389803	-0.13921575760387883	-0.0796380277660158	0.008912805651485334	5.730756804829558
ODUXOC	0.32137724412588087	-0.21764796383919194	-0.07146928748834624	-0.032596298963234904	5.617832530093436
OFATEX	-0.006944537416579077	-0.09038063584623002	0.1290332094568718	-0.016455086638549332	4.710911989860047
OFEVUR	0.24617631189402056	-0.006635377595959557	0.09165159546289892	-0.12227940782414981	5.495625423455352
OFEWIG	0.21973287924833151	-0.01457514319348796	0.10755936005464783	-0.10261656321642121	5.393281808741662
OFEXED	0.049895331139709675	-0.2071879931787013	0.06948235094861399	-0.03629892476595642	4.737584891300006
OFEXIH	0.03422023580557676	0.012646434386727634	0.07148821234813907	-0.012113578542302772	4.913706319780504
OFEXON	0.03481036510180635	-0.002934806069436302	0.07672766683028875	-0.012223002787990156	4.901386527953164
OFEYEE	0.08482512808756226	-0.19309647523799334	0.06304036823360426	-0.02594371844023713	4.874270293325682
OFEYOO	0.02606368613706378	0.020528082766465783	0.0793730955771812	-0.01117996457230308	4.898904264658477
OFIBAI	-0.051712356140988014	-0.07689343506313318	-0.0005141773824353102	-0.014419669787336997	4.542687597097272
OFOBEQ	0.09516240461314807	-0.0020237020056756982	-0.008978573101974252	-0.1194785720655176	4.896734674653701
OGOFOG	-0.051188901992642144	0.022617019780489134	0.007309019280704154	0.00231163042995175	4.693671340815595
OGOFUM	-0.11693091567413383	-0.01556171097262471	-0.029953122506531704	-0.02369769069088523	4.3995009995087155
OGOGAT	-0.08892456253183578	-0.09576534944090875	-0.004252629267015973	-0.06859009227441482	4.355190877430408
OGOGEX	-0.07256987096635559	0.01642441649152948	0.012119966751396705	0.04768512347608933	4.691087920559935
OGOGIB	-0.08628540112170935	0.03864478101850244	0.008348824518210174	0.010241197845539896	4.612892331476754
OGOGOH	0.07961447767638141	0.17586313876385828	-0.060720948930282015	0.1304383594231905	5.488052095229278
OGOJEZ	0.007826580062102018	0.22471088957201202	0.014246640341269323	0.2088139328437688	5.509329686845015
OGUSIS	0.07033954097222761	0.030906045273802363	-0.15445634969503308	0.011825332653541243	5.06489439903505
OHAJEM	0.08036811010729927	-0.08371083231415444	0.07005021125593136	-0.01888061487366388	4.958556603718065
OHAJIQ	-0.2042495645855409	-0.18217602580133407	-0.04979364294617805	-0.017676527662380814	4.010301981440589
OHAJOW	0.13077791849085108	0.08000534992352026	0.10870190417854175	-0.016133214672275353	5.315479944202886
OHECOW	-0.27175643355951795	0.020013875420058724	-0.033535302795638655	0.04454800247373669	4.156817868601184
OHECUC	-0.262768965402121	0.012264712797891875	-0.04040295838946628	0.037279279609396254	4.158801587642481
OHEDAJ	-0.28014627109626944	0.013002410418653909	-0.03462349091532846	0.04417630604069123	4.127064824523894
OHEDEN	-0.2773761850261758	0.01037965802999885	-0.03661703739688016	0.042854917990660546	4.128452491355767
OHEFEN	0.12081038648559295	-0.08039851504143591	0.11977650931039197	-0.056791175300953345	5.029270389016089
OHEFIR	0.0356951050141725	-0.06475530728639978	0.030670707656901053	-0.04897678660564164	4.76476683897778
OHEFOX	0.03754030554746546	-0.017664792040791077	0.044341412373009925	-0.018546888451846155	4.864731352229771
OHIGOE	-0.31668953380422793	0.11192346292201272	-0.13921870822413518	-0.024457237769639484	4.033573585938254
OHIJIY	-0.04149871912812575	-0.08757064455324537	0.03051573362104887	-0.053203179264914136	4.500744271441095
OHIJOE	-0.21713675001450672	-0.16519572748345235	-0.14183701328647857	-0.050801952587205546	3.9158734322978765
OHIJUK	-0.40342481286789833	-0.025421422880760325	-0.11320784709373566	0.0012460376532497097	3.706542849362403
OHIKAR	-0.27062039772315205	-0.07965492985347256	-0.10122903496197422	-0.017469841140228648	3.9491816961796
OHIQIH	-0.21339878399573164	-0.14089413499456382	0.11326530443754224	-0.01425758809269917	4.087180945273649
OHIQON	-0.2903132123147072	-0.038144466913295094	0.06815164307624522	0.01201388227161948	4.007503426854089
OHUZIC	-0.27694999026904066	-0.09889722422803215	-0.12937709497253813	0.008996751241693302	3.9266014399747493
OJANUL	0.0881010487039604	0.06255878678039961	-0.1383296304108541	-0.03367779153337991	5.090117732609676
OJEFEQ	-0.20422924154009703	-0.27811893923209974	-0.01917174352993678	0.0021823275592686153	3.9706451466759543
OJEVAA	-0.19236677634140897	0.04764058424056872	-0.022737288499432573	0.010190461016181485	4.3218888790281875
OJEVEH	0.11089319170645284	0.058382227399774944	-0.05239538318378534	0.16635646084453837	5.516839727882626
OJEVIL	-0.0231940328478224	0.05363409456411761	-0.09268204228041887	0.09260211861925238	4.948313769733362
OJEWIK	-0.19223667094546815	-0.11888467659907542	-0.11186039608344256	-0.052808163411208864	4.068911085334129
OJEWOP	0.07588924155015508	0.030759087594911083	0.10437796345665928	-0.043474824456684824	5.06316140852224
OJIMEZ	-0.3440465596323399	-0.19137627242651245	-0.10102717281586027	-0.03482161400984074	3.636584193688485
OJOXAM	-0.04339415983814687	-0.06042075896737353	0.018514851230339913	-0.032045767585629936	4.554939457658292
OJOXEQ	-0.03810820953691518	-0.062361439543458186	-0.006994764646574447	-0.024335644138340773	4.581250739456277
OJUQAM	0.049365306670309916	-0.05378889527902908	0.15491476382809122	0.003420759862419631	4.962612438712249
OKEMOG	0.33156340007847795	0.026881445755003064	-0.09936143335023284	-0.0033903755499831156	5.90644041405135
OKEMUM	0.28177008518179836	0.1158257716592983	-0.06260407919724909	-0.004333067567388493	5.840258453062137
OKEWIM	0.20902082084970486	0.2571452725761145	-0.07774891672155526	-0.06946177896299532	5.732414995416475
OKUQOA	0.15748069350769933	0.052632662772015504	-0.0881495780164665	-0.0907349047290461	5.2102271347661
OLAJEQ	0.12300206052162244	0.16335421545768503	0.13334313721005797	-0.07552347603191623	5.309694396104316
OLAJIU	0.14881286559385565	0.09321081281374965	0.16836410403004054	-0.05408644390427375	5.343916200920235
OLEVEG	0.16026371486918967	0.33663502798954736	-0.012828368004311752	0.018298887795386354	5.835935596533845
OLEVUW	0.15345671622626122	0.32162443780315764	-0.042774242932109185	0.01101908231928872	5.767226662101246
OLEZOW	0.41070884114272754	-0.0450333554275244	-0.08649983593409849	-0.08164775559021764	6.032202644403789
OLEZUC	0.37622194840858825	-0.11064188871249225	-0.07564041025146162	-0.07880402973798672	5.825508075481068
OLOQEM	0.3222610207194605	0.26237648385113754	-0.0027348332631071948	-0.01210862574678484	6.201429987660787
OLOQIQ	0.28180688619341066	0.1139074337484165	-0.06070365700842717	0.010117510556648446	5.876032121344082
OLOQOW	0.2731969749616394	0.12664397624337775	-0.052336234795304026	0.010109871943931648	5.860872794308522
OLOQUC	0.09029876365594758	0.1484120472103223	0.07189469897711365	-0.034474538483252104	5.238669929125271
OLORIR	0.3125132061456224	-0.07074475776562661	0.017030102776455003	-0.0474456737112019	5.653382179619607
OLOSEO	0.29278200971000956	-0.12705972407042432	0.04771442194380926	-0.023540749237794478	5.564927476672075
OLOTAL	0.3334507900645618	-0.07710556038648786	0.08572537665144386	-0.02532094556314246	5.753942345395232
OLUDEG	0.1404501678301613	-0.14329634921182866	-0.11557562280333511	0.1314951473336058	5.367022318456923
OMATEB	0.07331018348243523	-0.08856808864884202	0.06924952582940902	-0.01974973426216342	4.9252896630059375
OMAVED	0.30435787066771747	-0.08078498019775981	-0.020282446677447163	-0.023814735122149155	5.6698141364627155
OMAVUT	0.28180247144611537	-0.1347186228900945	-0.0005279811887284325	-0.021991258432116023	5.543260587973642
OMEKOH	-0.22677209298096623	0.04172251980492714	-0.10728972140052795	-0.07879078408232987	4.117466594534665
OMEKUN	-0.23661070028404807	0.04308466794340138	-0.11449759439713625	-0.0897665839361006	4.07908265015434
OMELAU	-0.23242612295806242	0.03635004665947861	-0.11124565645885798	-0.07533182691689433	4.104390380994694
OMEZEL	-0.18761573666914666	-0.025491354750101447	-0.0388877418191913	-0.10719156829811016	4.11208466711898
OMIVUE	0.11365254941985592	0.06472800636888598	-0.11188448192885403	0.01361021107306748	5.244467797109968
OMIWEP	0.13546284350720894	0.10600248016208669	-0.08566527712451233	-0.0037420563247175798	5.352844572399959
ONAHAP	0.3678189569195087	-0.09822333419902618	-0.055047099986347714	-0.0029794689494783144	5.923353065687204
ONIWIS	0.13324276769337784	-0.06613955708829788	-0.013710862023962322	0.10343778261967995	5.346774812841464
ONOKUA	-0.2647789606884319	-0.07104362853326496	-0.059606257581309885	0.022557650534592022	4.005211734041177
ONOLIP	-0.289814833762714	-0.11356622632460933	0.048736239797928516	0.009358771315130188	3.9229835936199646
ONUVAX	0.20820229808471336	0.16835628482008902	-0.09937882900378248	-0.0061673882694068816	5.667587955037299
OPASUW	0.06750197527036139	0.0027143274510437188	0.00263455782962696	-0.08632129449834736	4.886841343497129
OPAZOV	0.1285842283788936	-0.044571620411316015	-0.051093547738105816	-0.025007384290064216	5.139576151625268
OPEZIU	0.2504642783168807	0.189200502791822	-0.007794999301599326	-0.015117822598618602	5.839284214962721
OPEZUG	0.20484444549595304	0.1668795364261042	-0.03653927507531529	-0.0237862847539696	5.626856150813252
OPIBAS	0.2440443662914169	0.14127147407453577	-0.022623823469581028	-0.01651774217689006	5.73632232513679
OPIBIA	0.3083716922629538	-0.0667584026281971	-0.04376768807430875	0.010475374483625122	5.749331739085552
OPIQOU	0.11601681392761254	0.48706860522239603	-0.027838178925759793	-0.14937417575411327	5.783349576568257
ORUDAH	0.042763176274461134	-0.01923453883196613	0.08900309482840685	-0.03665114267563985	4.887606442850962
ORUFIT	0.2706473638260096	-0.04662477227852735	-0.04059692307687324	-0.004489532505634886	5.620077529083561
ORUFOZ	0.303739919121103	-0.062340792163658953	-0.036615017858384835	0.011400898657883296	5.739739191879658
ORUHAL	0.32359876232413143	-0.05939644512856468	-0.08589505774185358	0.017481238049112502	5.824512871963456
ORUKIW	-0.04770339710626548	-0.04654182593919032	0.02014356718427468	-0.048861553721810225	4.534819164121636
OSEHAW	0.19276332493299986	0.014273181205116892	-0.11803550840144328	-0.06444621481836821	5.352370125635001
OSIBEZ	-0.0694727466782501	0.15334391404307102	0.0131643320322552	0.005811861783866279	4.824270119598994
OSIBID	-0.06884118145995988	0.09566441635454037	-0.005729135463366841	0.005443934578307497	4.731657499276717
OSIFUT	0.21674320177335327	-0.24597217972043173	0.06668861040759655	0.004722604411604547	5.299383676421057
OSONOA	0.31830605605713735	-0.11385894350335768	-0.046471590507003	-0.006949275651266462	5.715801526121123
OSOQAP	0.12138278170275818	0.17598538832617638	-0.018344287279591587	-0.016903687537065393	5.393255852293844
OTAWAI	-0.06683023902263585	0.012074246173700232	-0.05441059079732091	0.11994093614906254	4.836014693980308
OVEKUX	0.017540227879234926	-0.11582689498667298	0.05146207675217451	-0.07357348564024824	4.651053092833075
OVELAE	0.02174856432748795	-0.12043598346152162	0.05663522304734281	-0.06688714626354786	4.672095323737409
OVELIM	-0.007483172109527203	-0.022127327132663854	0.014960463602138319	-0.04513053752282181	4.707809273685741
OVISOE	0.09849598029849904	0.01409931601942116	-0.11400377161045605	-0.0029933669754499403	5.107674028142269
OVOGIR	-0.2463150418264577	-0.1594565169425617	0.1318871249208422	0.021170805966948314	4.041403498400065
OVOVUT	0.03196247455521073	-0.02940485910822277	0.048001426251849555	-0.034735622641308916	4.812821421461798
OWEBID	0.3059155956485733	0.19979591458646517	-0.17120067849556442	0.00583853537192347	6.080336290183134
OWEHOQ	-0.1471800435365418	0.005747073246535894	0.08416549062928724	0.0199950906514349	4.456230756108939
OYOLAS	-0.3538121827631455	-0.05098844615184728	0.1268412383940829	-0.1319080409030926	3.6734110254369647
OYOLEW	-0.2994004909594996	0.22346555603323326	0.15045534620923018	-0.09762440912846537	4.197911420974655
OYUFOE	-0.22587078306673392	-0.023002511438521278	-0.0003311546938353782	-0.039794002797509664	4.096404310518792
OYUGAR	-0.23028108188001806	-0.0366575251015675	0.005225118859043532	0.010553805402149674	4.154965835883826
OYUWEL	0.19258145744384292	0.23548046827280134	-0.028038771572005627	-0.012384252200487667	5.7084662864150255
OZAREO	0.0009553128461345928	0.26417919863571404	-0.03801374431243221	-0.10907211195950617	5.000773433391163
OZEVAR	0.08077475095194764	0.02545345429057644	-0.02454271939792574	0.006577567520595573	5.1158837350745205
OZIQEU	-0.17914935631745843	-0.03326497852194965	-0.10459044411873974	-0.0717387090361874	4.193568964180752
OZIQIY	-0.24834599383942613	-0.020997799741250045	-0.08056457024247354	-0.03180263673482597	4.0826263761208175
OZUDUJ	-0.21074640127012723	0.13635943935902795	-0.15004936807006497	-0.08239213632062681	4.243728773407418
PACCAB	0.2795192964558293	0.1846182001555592	-0.02609433423085772	0.0009251017094243918	5.9411959986885465
PAFXIF	0.3346311232807406	0.06876971950438726	-0.0783573141004077	-0.053894512322628096	5.924903543797401
PAGFIO	-0.141098572924665	-0.1710085095020426	0.06939128424165286	-0.08197284148775186	4.188814432774831
PAGHOV	0.18063296821130992	-0.17352898863756772	0.034931359175139454	0.0061593801881791865	5.232616072296344
PAGJOY	0.08613696346483346	-0.013365600673411748	0.1255992539872015	-0.0408206548363671	5.032431784187318
PAGKAL	0.03365258295497631	-0.08262447294081499	0.14172451333434144	0.007762211974845612	4.878289017197657
PAHNOC	-0.06238177894633745	0.36317845249144787	0.07237676256295367	0.1782555535295206	5.4572751315360035
PAHZIL	-0.23134502071885077	0.03953039266902714	-0.07313492414403377	-0.055480668854926196	4.108130270343712
PAJXEF	0.0823356340635617	-0.1043883642085146	0.16632268831792585	-0.04656125826966406	4.914323305299715
PAMZAH	-0.25206645768219316	-0.04177415330799006	-0.10267836526852814	-0.06755419733106327	3.9639274601084646
PAMZEL	-0.2610813414594648	-0.04487048342163824	-0.10555128480020937	-0.06469212640185673	3.9403131927447537
PAMZIP	-0.2659895583211689	-0.046518136263432375	-0.10433849752488777	-0.0609004818625809	3.929604819092267
PAMZOV	-0.26289180883741214	-0.0524115023274363	-0.10996420968561527	-0.06750411460036665	3.923385884444412
PANBAK	-0.24119492187135627	-0.037091539188957245	-0.09797886804432432	-0.06826983894185668	3.9970715030687907
PAPSEE	-0.09110763397910548	0.07610733682086535	0.035186329327244525	-0.011582310743027957	4.640444812574641
PAQYEP	-0.09083540971738557	0.00044794799344405334	-0.14110884073330277	0.004847005111917824	4.534667122192699
PAQYOZ	0.0280403036613861	-0.0017879047077951071	-0.13113241864887093	-0.014247152919728001	4.856106284903968
PARMAY	-0.011542306354112686	0.04557286845583208	0.09657404402264125	-0.009782135226068744	4.8194498960026175
PARWEL	-0.39535580683872795	0.1081442565468893	-0.09673336135423272	-0.0345304482923654	3.8385375556349284
PATBET	-0.07408556988059134	-0.06840755455119307	-0.10377270440313202	0.09861843105168311	4.669496018443636
PAWHOO	-0.04608431173088423	-0.08436245873427017	0.004378283770503533	0.03418904371065146	4.654420941417349
PAWHUU	-0.03833664451446017	-0.05966931705023226	0.028870110783428604	0.026454112817122732	4.705492332222459
PAWJEC	0.029144973907125227	0.16766812338436	-0.06462288387202064	-0.07713031738795495	4.9808777907239765
PAWJEG	-0.060405602163023264	-0.19093041180218306	0.007500069056931569	0.010797618500394623	4.50279215266571
PAWJIG	0.15827739628050264	0.23907480771735257	-0.08672842736681541	-0.15886084218635554	5.402268354000381
PAWJIK	-0.12247810398303938	-0.06308617148478168	0.09186831041109511	0.03974201990363113	4.48131680336288
PAWJUW	-0.18097979144683496	0.03077065197395612	0.09990033832861833	-0.04192778074974579	4.247538395650824
PAWNAF	0.3002135676074529	-0.047979722406336744	-0.07577213049092313	0.028757179982478842	5.780430672102221
PAXYEV	0.2920007136764311	0.19997730254021118	-0.043080008997006924	-0.011518488233133617	6.009704333048044
PAXYOF	0.31749050377730725	0.1607387064539334	-0.04063452076115848	-0.006642324730054994	6.053978896715292
PAYGIH	-0.2395865197405569	0.06035491115206426	0.026105776660564795	-0.041250018106935626	4.155263319804315
PAYHEC	-0.08736859519744922	-0.079539867091583	0.047640079033135496	-0.02681613773177305	4.427421136086361
PAZMOS	-0.32140048897090745	-0.19667064855626748	-0.007198760798151627	0.0228437231914157	3.7862674686197564
PAZNAF	-0.24085069353006894	-0.2649075271034278	0.0373100496965828	0.03651915372064152	3.979298172431305
PAZNEJ	-0.24209497281561543	-0.2772984882336651	-0.055601487284704376	0.0015786576864320612	3.8693471022815373
PAZNIN	-0.2869702742073119	-0.19094573139857007	-0.04616555022903013	0.012422959476660722	3.851359430297264
PEBNAP	0.03813121723424295	-0.056714315817213645	0.045373169514999034	-0.10501905200840078	4.74659769840351
PEDJUE	-0.029683151819712705	-0.24861397207610647	-0.1313616444473844	0.003514600927897127	4.4960419734213195
PEDKAL	-0.01654772020680051	-0.23121072396844689	-0.06899063413390372	0.027180314362637792	4.585307419926205
PEDKEP	-0.058997178378899395	-0.2797456883199203	-0.08546481002622941	0.004383189157856848	4.3902010355603736
PEDPEW	0.2608288460149244	-0.173177011468441	-0.009875795018159161	-0.024358270321419462	5.423568900107052
PEDPOG	0.26761318625031016	-0.1373670703080656	-0.016917247488288156	-0.023433395973679882	5.483852790648467
PEFNUK	0.09446882805821266	0.02219536502831332	0.06130822664104807	-0.020277025258296	5.118224609339682
PEFQOJ	0.21578775622249724	0.0025752687531146456	-0.07756758806868946	-0.1057145031415937	5.324398626302537
PEGSEC	0.2827651921572518	-0.16456890433925264	-0.015371014053063625	-0.044472758394540346	5.493066328777698
PEGZOQ	-0.014911469314896397	-0.19298991696334378	-0.0924752342004378	0.029941792243824428	4.619835966196269
PEJSIH	-0.017684598562311304	-0.023183078918313615	0.05210923479255891	-0.02406205967753694	4.689247200298406
PEJXUX	-0.15194054018094594	0.2570265574301738	0.11673159874411931	0.0923405609548833	4.913095706458951
PEKQOO	0.2551692157690475	0.15762488986379797	0.04303356325449492	-0.10872034162000443	5.6969837755825345
PEMKUQ	0.11526387869442223	-0.040148618525337465	-0.054547413693674995	-0.09703352105328789	4.9708519521881875
PEMLAX	-0.21269451442276188	-0.04874557169517546	0.07287460250852118	0.04663519765897173	4.20819070451747
PEMLEB	-0.0870121677701916	-0.039306181400965645	-0.0006579610958696858	-0.06042684397081621	4.44040391746929
PEMMEC	-0.08676197070969094	-0.054487387255887754	0.12321502451432842	-0.0023465674511827794	4.512665145287055
PEMNAZ	-0.20839455730980294	-0.08257959332075426	0.06530205965604274	0.0701297638818269	4.222356665406557
PENKAV	0.1509669684812711	-0.09070842287358127	0.08754184654340547	-0.043736116364515576	5.156488229996613
PEQQAF	0.14725378561641467	-0.00857579581009249	-0.07066920274772737	-0.00048481872531958015	5.251911544108095
PERCOE	-0.017288957507910485	0.004350819599947542	-0.012396625280499896	0.14660264581773463	5.010165099616603
PERHEC	-0.018945571594311872	-0.2220907839665207	0.03481722004343535	-0.023373784541548703	4.546015416538987
PESGON	0.273545278188307	-0.16573308749206528	-0.0173286254790479	-0.01629869920352256	5.495052586606514
PETJUT	-0.14443785488195937	-0.20327314701392374	0.0030008980994800094	0.006479558204679825	4.1988225154121475
PEVGED	-0.09848139867242	-0.1377104017653843	0.0030822212921719494	-0.07425709165792582	4.243596744459061
PEVWIZ	-0.006377286212916111	-0.020852651801287703	-0.03256007251203652	0.11671131058743867	4.965903805309211
PEWMEN	-0.05331721542459267	0.28410029643433843	-0.014516153789617015	-0.08084069158110674	4.915544352580388
PEYGEH	-0.34336769062449046	-0.11702561391679733	-0.06037962579076206	0.01972504395879171	3.764725102413686
PEYTAR	0.06388004915833978	-0.06287455045644341	0.16891946522282897	-0.026953861711294103	4.924159598330572
PEYTEV	-0.24741445601777623	0.009248584812824756	-0.0697524283853701	-0.08238755316222068	4.036858075198393
PEZSUI	-0.27760126386366446	-0.014045757310717555	-0.0499134315145604	-0.012521362335194741	4.024294929130468
PHETHB	-0.32048363637071997	0.18148710473327734	-0.19260684873010891	-0.11147503215948784	4.006468133911454
PIBQOJ	0.06775345529486243	0.44831095424022127	-0.0957217332234237	-0.0005812093707053823	5.721538460955784
PIFTAZ	-0.3826944974941775	-0.03404986909129404	-0.06717417807139459	-0.024442248866221927	3.6913935626857897
PIFXUX	0.046148660609483194	0.5000186115225609	0.07061304812654035	0.17952650698269923	6.107918502154375
PIGMOH	0.3183495272010264	0.1266384336737043	-0.2047047262628816	0.04735973120182424	6.171232448789171
PIHFAO	0.030762407165389583	0.06329842951258113	0.0879676242475913	0.030489821313613885	5.0350386346045255
PIJJOJ	-0.23343551974994847	-0.19203192795284574	-0.0395434366462355	0.030003038467864673	4.020857248714651
PIJNUT	-0.10004247063046745	-0.03212550275021764	-0.05146716400345297	0.12799958466044326	4.696083843640629
PIJPAB	-0.19526836723863839	-0.03660864902267802	-0.03853811600780266	0.05434664697606428	4.313564307262084
PIJSAC	-0.17144955980916277	0.1479361709681002	0.04285849421954291	-0.028104251894044308	4.471930441570503
PIJSEG	-0.2834316960674075	0.18613804529093203	0.029737975984562626	-0.025351927194153023	4.208221917856056
PIMHAY	-0.2725495806744491	-0.011717033447547376	-0.1259543101028997	-0.04828281316383509	3.95741805837811
PIPMUW	-0.28484396400533796	0.025215469769137133	0.09015211042614313	0.05518179169200654	4.165859382747901
PIQJOR	-0.20816500676175487	-0.0797768094540281	0.11143984416183161	0.026341040548639172	4.2121825277164335
PIQROZ	0.18155266649798607	-0.09432931691988955	0.0641286551853153	-0.01167011277520047	5.284824384937504
PIVLUD	0.15526683845935807	-0.21220106619266188	0.07829019750457156	-0.03855405806864398	5.065131675310021
PIVMEO	-0.20849311262301007	-0.1275453378805682	-0.07995714299455847	-0.05263481232339473	4.011162157623159
PIVMOY	-0.1951949631926384	-0.12296960864117246	-0.07495351801055028	-0.05164190677156544	4.053970821767197
PIVMUE	-0.1965014932318121	-0.11503646018440739	-0.0741687016064172	-0.05145017871426405	4.057573176858133
PIVNAL	0.1534663971422927	-0.22810453675460773	0.11491833937877849	-0.032453565810426355	5.0697378968193645
PIVNAM	0.17394716022841772	-0.10884650189198863	0.11827336852141657	-0.009699630424968353	5.268650343943736
PIVXIE	0.02188436920952963	-0.03431373311764041	0.10725913532141185	-0.06455538533549121	4.794779190057006
PIXMEO	-0.3114669074847265	0.15245565689115548	0.1041283962277626	0.07716397653239693	4.283620728686072
PIYPUI	0.010519877147451062	0.06659107144194998	0.026178244630645997	0.004686398771110878	4.932797066325035
PIYRIY	-0.014218122254373355	0.08491737151978374	0.09698268062632742	-0.004980564119620001	4.875183206885076
PIZSUM	0.012851515338610842	-0.29267843100602287	0.06562059530098296	-0.04156719133663911	4.593063852860385
POBPII	0.17476504739708387	0.19047706512957419	-0.04126624337081375	-0.02691977775784149	5.567867518134414
POBQIJ	0.21863588759048147	0.06269890496620434	-0.008023386560336299	-0.03751615749354564	5.522923328580017
POFXEN	-0.07398643125588755	-0.1319332405724818	0.08579249968988667	-0.04642754493793155	4.4317022450525405
POGPOQ	-0.08864760198057109	0.05206879459981861	0.12086920550767943	-0.003094443640116129	4.629269578670238
POJLUY	-0.32401159706760785	0.14360132228057898	-0.02456714554331696	-0.08317737588721419	3.9834060756917173
POJMEH	0.1488543234783699	0.03927933980159892	0.06327847963739419	0.06762698263762867	5.465507925080527
POJMEJ	-0.0507123339807678	-0.07585626225041242	-0.029267459169766807	-0.0522032390134225	4.50359552735302
POJNUB	-0.354124880698625	0.010281671387758706	-0.011064551625103114	-0.056612865975652404	3.798616635424082
POKFAY	0.014146912445985649	0.0716269319624323	0.12246621359074705	0.005962698052955018	4.963128778810154
POKMOR	-0.01243543748095366	-0.44233058588744356	-0.07654795527057612	-0.009213197728396683	4.449269613369693
POLNEJ	0.07709588095260633	-0.025290073180531003	0.11352892199709097	-0.03565198026465988	4.994655545405121
POLZUL	-0.1634856672340359	0.014660893413667608	-0.05084002265860432	0.039075565505880205	4.409210397715743
POMGEE	-0.13487557888230373	-0.08392214838912926	-0.1235310165668777	-0.10400798949959711	4.201006515022339
PONFOR	0.31515331631748467	-0.18688692020079323	0.012976605678544306	0.024492020913443824	5.706703021858361
PONZOH	0.2812929757528022	0.31427033928664105	-0.021795019189156495	-0.04394243376739082	6.137030136039156
POPFIL	-0.05350174057099677	0.19631862524496135	-0.04344832131995391	0.16746910225549771	5.186639050973388
POQKEL	-0.21744085173856242	0.03221157247899864	-0.021000148527409168	0.059118857603955854	4.325208019403162
POQSOG	0.21078217606702987	-0.4538926531352445	-0.08902422603323701	0.07903484033818708	5.346782127492914
PORGEJ	0.2906923023923005	0.18715550991540963	-0.07326318235045703	-0.027560851320553303	5.9595998276552
POTGEK	-0.03286214283249356	-0.05078786918490508	0.013217579551835001	-0.0264488413034627	4.62461332646461
POTHAH	-0.031595465523181154	-0.04209996950100692	-0.014484171195199291	-0.057189980681766506	4.566035116529866
POVQUP	0.09170186837907535	-0.017530525946793496	0.1217409816866657	-0.013471041489468316	5.08877815901511
POVRAW	0.08738040016882875	0.022845839517252386	0.13230102321009563	-0.02100853823618376	5.111171791378913
POVREA	0.08512072941785309	-0.07458674797665399	0.10705716073691396	-0.023280889454600828	4.99714811938508
POWXOO	0.06792244333276987	-0.1389894599616377	0.04285002501238466	0.0792625867203337	5.037814573225082
POWXUU	0.11078293204677747	-0.1444713378755007	0.032810530793250914	0.10988880581187266	5.198616119886325
POWYAB	0.1356406407326176	-0.206128278115977	0.07887011676647515	0.08973651897484891	5.222905461669819
POXQAW	0.11478013740911441	0.07024549213287212	-0.10897518543600593	-0.0009031745266739888	5.234374293650221
POXQEA	0.06807571972344251	0.037614890202192	-0.16604936761757783	0.0021096087316143652	5.056200662121569
POYFEP	0.06863453167036848	0.02884800969123047	0.08340131562019959	-0.061811913266868634	4.9832154191535984
POYFIT	0.0627461253688093	0.03423020969234569	0.08128488465728312	-0.05305720943016967	4.981202126456858
POYFUF	0.07505629165941174	-0.054297167492183274	0.11484509248847852	-0.060818945934232205	4.902299961401209
PPOLRH	-0.13951695430273992	0.00515969290045204	0.014719443254142206	0.00023523603113273506	4.398143823074114
PSRHCP	0.08219382962596544	0.35117477025073285	-0.010381862401444009	0.0028533997936338595	5.581610516837185
PUBHUS	0.2659852889377916	-0.13794866259025573	-0.06649031123242954	0.03201188062665927	5.56690858948456
PUBTUB	0.38631470953040603	0.1430813182469688	-0.07426904687418179	-0.03431387623732196	6.247704894682063
PUBVAJ	0.3746518920054345	0.0629426821963821	-0.1125137518336139	-0.04696703154144388	6.0814875903340635
PUDJOO	-0.30358976848695707	-0.13524670921274007	-0.14787256257200498	-0.027344510497848473	3.7596531490949516
PUDJUU	-0.3306578924204433	-0.07918521115456123	-0.16751077763255928	0.004166731974283522	3.814937948370937
PUDKAB	-0.3168372344928194	-0.08959373038509932	-0.1687045308517816	0.0066584071060925565	3.8427293577655988
PUFLIL	-0.4443196952335151	-0.0049585616907039665	-0.05432400472728238	-0.011402388113272433	3.6026407415121757
PUHNUB	-0.06194585303724809	-0.05501119740130589	0.029908312011521776	-0.01866522988454722	4.534004932890402
PUHPAJ	-0.05588549291901579	-0.05205547063414073	0.031188133541310892	-0.00019515069936215657	4.590158823681656
PUJVAT	-0.19050407385739643	0.13912064793000978	0.03342684542908114	0.02675188612257562	4.498564471144355
PUJVEX	-0.3253751728140388	-0.022280884803315804	-0.06650481011863385	0.022717561988149337	3.9212307197464344
PULRIX	-0.10757412272524425	0.2695003544745429	-0.11007888811189703	-0.04031679393394372	4.79954636567518
PULROD	0.10768507310070996	0.2264068989014958	-0.10322412418847526	0.022901124315862886	5.473414708192553
PUMMUF	-0.1353016883114213	-0.058697888535704124	0.010501796640127292	-0.011887000364993239	4.327997810172192
PUMNEQ	-0.038428265774987036	0.006005309203851894	-0.04738799189169063	0.11580197742170117	4.87866273197022
PUMNIU	-0.16732064935591473	-0.18479093306779393	0.0023124456293814877	-0.04279635152083161	4.067536039240133
PUNGEL	0.13741209357343775	0.06340742907737118	-0.1175531631214577	0.025329620810150666	5.340038866447673
PUNLEP	-0.04026132997936438	0.31100969355425745	0.13695562811147766	0.19760620424260322	5.523852733357807
PUQQOJ	-0.34246629560723973	0.07480589490334166	-0.053732930978990234	0.0635020740126635	4.07311767919725
PUQQUP	-0.30280037668269455	0.0012837138972310314	-0.0399686930750105	0.038043276950070815	4.044008502274248
PUQRAW	-0.266750838681864	0.07222721512423025	-0.07809276608828641	0.0038579097647573057	4.146266324932246
PUTDEO	-0.1767284808745102	-0.0013166274445581827	0.007210923514290979	0.021970134211770964	4.365913264288623
PUTDOY	0.06147387045285946	0.04551620056711059	0.023728003670737907	0.005093332676945339	5.054290331742494
PUTDUE	0.09626231155135434	0.08046773593418477	0.08145712947211847	-0.06946170426200315	5.133853847987955
PUXMEB	-0.3881165299136853	0.03852634598664695	0.016982110792709282	-0.06013498659801486	3.7278549412705266
PUXMIF	-0.33505656874433276	0.0768138720542817	0.05790212965315811	-0.07374066971272908	3.8935764360335643
PUXMUR	-0.22502867874909693	0.08947216210795528	0.09544600464838826	-0.01619146131101068	4.309583078656259
PUXSOT	0.3137911408527825	0.022205138052350026	-0.04704954360931324	-0.022634475764510165	5.812821975544384
QABHEK	0.1376293123839134	0.10173076448908613	-0.09221376591329933	0.009735011153553352	5.370618309721438
QABRES	-0.08602847594962748	0.30145999993964123	0.13984572956310082	0.13774489047282823	5.275743240563995
QABZAW	0.09038296724290618	0.08672406695126078	-0.05248057669370576	0.03697369078007029	5.247285517133368
QABZUP	-0.3485762098590146	-0.04703974611416273	0.02273615685626007	0.03835111149722559	3.881506123638673
QACYID	-0.11206585503170685	0.017256817497222965	0.15333464155064114	-0.08760272833513194	4.422022176089569
QADROC	-0.2556171863682404	-0.12570170220637022	-0.10251404296648436	-0.0065519265371730695	3.9479302037241135
QAHBEG	0.13493820740564377	-0.07516170102042352	0.11544482088600949	0.027599036592811044	5.2162526287325095
QAHBIK	0.1573521517110099	-0.019431655121174618	0.08547727773241398	-0.014404018391737328	5.277596511195781
QAHBOQ	0.09364746848785765	-0.10546802909544395	0.12220451593422887	0.002068059683027812	5.016344300496145
QAHGOW	-0.09093148525167649	0.33279349978511075	-0.042423088377958384	-0.00698786365951598	5.011501683109011
QAHGUC	-0.18112151080162642	0.24194969485651052	-0.06018108663817445	-0.04057615418263605	4.542728367409013
QAHHAJ	-0.142843726591656	0.29181674027833715	-0.0281004315092217	-0.04574559177375437	4.743553442139619
QAHHIR	0.18786065542317987	0.2573192220140692	0.000944846617274564	0.05673237279378951	5.860959134604831
QAKQIC	-0.38719433459823893	0.005437043981013634	-0.05338592183305835	-0.02786892012097031	3.72026752960845
QAKQOI	-0.37709524971190844	0.024942570286972554	0.006428567990708345	-0.020627212130276407	3.7941183694111387
QALFUF	-0.03912689304099315	-0.09208260830501214	0.0037771409508038367	-0.05621739408037063	4.529313262389054
QAMJAP	0.2268983861462064	0.18791775719062143	-0.09482360836390824	-0.054227297913889916	5.675513474982722
QAPMAZ	-0.22758774408366889	0.018325742343361817	-0.09149445639600562	-0.06434072961732329	4.114380361460917
QAQCAO	-0.333054974796718	-0.10134644816391747	0.03157417951820074	-0.023998124945575183	3.776220557016656
QAQMOL	0.09931670215556965	0.12330146303186673	0.11931153366358216	-0.056585861135736604	5.19418275322103
QARXUC	-0.21418031040931718	0.14432907573382447	0.060483207971979036	0.09396852630296926	4.578363823313877
QARYAN	0.31386347043675666	0.11233206708612098	-0.042574630823351445	0.02659274210856588	6.019489333899578
QARYER	0.24022095883260963	0.1567676293159188	-0.02339642230870198	-0.053734275623744554	5.691533220872876
QARYIV	0.2291497582830777	0.1371775254859533	-0.021611268246288562	-0.05322549864712467	5.626521388660767
QARYOB	0.23580497954454316	0.15351121654093935	-0.014782553478740912	-0.047568630118482336	5.677478160887528
QASGEA	0.30583243775403934	-0.029946063545548185	-0.11607734961082405	0.012885127489589143	5.78330593193024
QASGIE	0.3016713394285375	-0.0935973082827446	-0.11256886554868628	0.003920283258921353	5.688625106256402
QASGOK	0.29797050206102815	-0.1118486826831031	-0.11355702805541412	0.003737830571308276	5.658785227100537
QASHAV	-0.16025679473079313	-0.3221948278587292	-0.003672818624297136	0.01891781150047378	4.116835230067487
QASLAZ	-0.04009434040496496	-0.3043029067603473	0.04284929814024596	0.07015623401950821	4.5728778131730525
QASYEQ	-0.3351298600717447	0.00445407033327383	0.007225755601811157	0.08071825962505541	4.066252118373393
QASYIU	-0.21461771682997055	-0.07643769750185747	0.018806361103760105	0.04170158794483836	4.178122750330798
QATQAD	-0.11371826769150872	0.10130754440440537	0.007037968145306994	-0.12552230014348253	4.413373795306663
QATQEH	-0.05844385318608447	0.260960268889078	-0.06247941115198774	-0.11030856266131017	4.824924354762562
QAVQUB	-0.08602512043474198	-0.022822085810328296	-0.001557859754887314	-0.042824324630793775	4.46658373508539
QAVRIP	0.30554922442110666	0.12539415815964405	-0.046036094072591016	0.029817335703818948	5.998787334349245
QAVRUB	0.3224407983163968	0.1387994307493381	-0.04247334204863562	0.012534878227571933	6.050653486102426
QAVSAI	0.30220927218962546	0.08622948297062516	-0.04367094324503884	0.01638266430550772	5.91426433048728
QAVSEM	0.299859397213599	0.1230665090639973	-0.060944618517314586	0.007797941518305929	5.940552449636624
QAVSOW	0.311581968754711	0.05895639777631212	-0.04424933285142596	0.030151664365854924	5.938951304114462
QAXBOG	0.14530000049697023	-0.15782881130563653	0.0009387410977059751	0.1060622044949101	5.299634284487015
QAXCAT	0.1637349278062632	-0.2813834663280945	-0.05244322395971879	0.10707799509059124	5.260397637920216
QECGIO	-0.21902766381791694	0.11966148429160084	0.00767756757599769	-0.06289685454226401	4.228671564770687
QECRAV	0.39913541884492343	0.07828961036953164	-0.0745089949716462	-0.023244667675950903	6.215797765458775
QEDXOM	-0.21075890573792955	0.2341083068890102	-0.08470813136619393	-0.0734649074474949	4.3980468451402634
QEFPEW	-0.08707413395242103	-0.07813935387275617	0.04239702801770262	-0.007998172501215928	4.456998368704794
QEFPIA	-0.1892542627196081	-0.05176596616183016	0.01884666122690537	0.013004517533957038	4.2307975014880155
QEGVAA	-0.18728083018548136	-0.09123778575559394	-0.002039188101741418	-0.001187378548033191	4.176416494123137
QEGYAD	0.00450798824954779	-0.05416194959189502	0.15929102541336304	-0.014956541095898612	4.784321614592113
QEGZIN	0.13568217207879973	0.11460018356549861	-0.02170259839456956	0.026704387172852062	5.394876138759622
QEGZOT	0.14190574857577243	0.10833388044621017	-0.0245677506090769	0.028253578715835892	5.410088149230312
QEHLIY	-0.0153643456010637	-0.23665678672854829	-0.085384125286174	0.03167259572955594	4.586470098669633
QEHSON	-0.32757455734484986	-0.07315491686104858	-0.06961651304396455	-0.03971902889847079	3.7629401898522947
QEJCEP	-0.045465518692912266	0.128315680511347	-0.04128307666337894	-0.05843628096044706	4.733000671473083
QEJSII	0.0084361004492286	-0.13062165962063133	0.02037407920761125	-0.06304689195789304	4.60631849696363
QEKDER	-0.10951641422012326	0.05363815251726489	0.00553107199777636	0.08197271168287923	4.675919720871441
QEKDIV	-0.04559046890440044	0.1310744370637149	-0.04669901944249921	0.13806868257029048	5.0510194174102585
QEKDOB	0.1216083425190555	-0.056582262236742675	-0.024671030677764216	0.10005044413541553	5.292773319692415
QEKHUN	0.2525395697729622	-0.17078010371440366	-0.020543150883281847	-0.02115998822289189	5.4113218158840315
QEKQEF	0.448431018042426	-0.2285713928994888	-0.022322622947936965	-0.0870523378931749	5.99167990839172
QEMTEH	0.029525536062560143	-0.21690156456910015	0.07705358468554357	-0.07213434313681866	4.629453629127814
QENJOI	0.10136015253394381	-0.3804224357945909	0.02155649729714537	0.06877021991416143	4.943664881555008
QEPDAS	0.029570194168653252	-0.08625546993971511	0.06109222070039233	-0.02714083353443819	4.788481937090609
QEPMUT	0.1289786442066707	-0.3205008400282878	-0.06802994622379255	0.04509219977324108	5.046565653028775
QEPXIT	0.02583390586880796	0.1383420303339249	0.01679228471737515	0.14281379352133095	5.318863176172678
QEPYAL	0.003406545965924934	0.020186025040062727	0.058816519185032945	-0.024433579574808517	4.825433858557251
QEPYEP	-0.008881076768294971	0.024928189756958208	-0.000842633854938768	-0.019806777446300994	4.766202229026416
QEQRIR	-0.08790607211510526	0.1336709013475028	0.037988587442594035	0.11459411614812864	4.94174145416168
QEQROX	-0.020238176631553806	0.1306155920118468	0.06495070045809159	0.1345797980742175	5.197969833071513
QETJAA	-0.33874148686293326	0.07839767276763343	0.02841364499712329	0.05858460667149157	4.092134771565128
QETMEK	0.10530526844507726	0.11725904596617909	0.12234228075728493	-0.06840306076699154	5.194878726661577
QETPEK	-0.2701542071726284	0.006343895583639014	-0.07796691791527266	0.02511527335798225	4.098081057364086
QETWAO	0.038181356551847845	-0.09430569305745173	0.0297182580826183	0.04778204952946674	4.90244087711163
QEVBUO	-0.3943685205111713	0.12377602022649192	0.16463672620993153	-0.024651714676408032	3.9239589744348757
QEVCAV	-0.23583675895261713	0.24431357390078778	0.09743728420098896	-0.01622944246598923	4.466385119583846
QEVZUN	0.35232721036578685	0.09213889531466934	-0.07831537495125507	-0.017414039004152504	6.050612960498148
QEWGOO	-0.37381973370450083	0.005268369349092694	-0.0324651015021904	0.10748688672584228	3.9763401277380654
QEWGUU	-0.3877429110083208	-0.0016037401790742756	-0.02495311141801304	0.11119292683864801	3.9490272880574446
QEWTEV	-0.1321042729602957	0.03877940621057263	-0.11366041824837958	-0.08673301193623772	4.330052941774798
QEWTUL	-0.15591572984815838	0.04562663563518754	-0.120079565328024	-0.0409808630347297	4.350242882516945
QEXSUH	-0.27708773693456035	-0.17132627140397183	-0.0543150830230843	-0.035028548602923815	3.852773517393207
QIBGAL	0.24499790996609105	0.06581084526423187	0.1668424641406987	-0.06783087182315783	5.638791979053168
QIBGEP	0.2589929109931264	0.11054948186926516	0.1745745570411561	-0.08967236611523677	5.727762679218049
QIBXUW	0.29685002826310036	0.04028715758586543	-0.051822587947349286	0.010828221694860418	5.819678932127977
QICHUJ	0.09276018542766185	0.011868065918446913	0.1198447452949909	-0.037872283588138655	5.056881487798223
QICZEK	0.02737190543885948	0.18039695849341397	-0.04179483384303029	-0.020392952557531596	5.090991863796183
QICZOU	0.04059805178365883	0.10941382899570185	-0.047184286157187616	-0.018068112742235076	5.028445116346708
QIDCEN	-0.026562996002437167	-0.23300784291691756	0.044905086244598325	-0.02036246151239296	4.519434554597519
QIDHEQ	0.029857036264548054	0.11841745488244948	0.12183370686743844	-0.10257704620407648	4.940374084342771
QIDKUL	0.04096192332862003	-0.13496690779392462	0.11501891587990642	-0.057602748989013075	4.730816686345978
QIDLAS	0.04189149048484975	-0.09948664579711508	0.11028782314304286	-0.021760720490287655	4.816649226369027
QIFBOZ	-0.3135128671443408	-0.08636791611782879	-0.054883650194664124	-0.043957631475713854	3.783903389870788
QIFBUF	-0.27341893717891286	0.006349193993462343	-0.009734622045959762	-0.03461871052884968	3.993840610222911
QIFCAM	-0.29786392292306396	-0.025591626987496507	-0.034583357959749206	-0.038362799373288126	3.893923960117804
QIFCEQ	-0.16286064006849044	-0.0020278270391411723	-0.07131700459796053	-0.021481626032817003	4.306494770909059
QIFFET	0.20982866864942684	-0.09308876300257607	0.11126193978209376	-0.03126923365701417	5.386205279375113
QIFREE	-0.4857718379136917	-0.06610325235096504	-0.03365022116271854	0.07254746269632839	3.612818972190755
QIGPON	-0.09621249123464293	0.06803774391307593	0.15864998786935658	-0.06879090354316486	4.548872587890753
QIHPAA	-0.3619034717296359	-0.04933119545119746	0.08251737801430514	-0.05478211495834673	3.6886672093933077
QINNIN	-0.05498282767348428	-0.08572461177605817	-0.08642405406013909	0.10274035925854264	4.710985313093544
QIPPEM	0.15758526843326814	-0.058798362403699844	0.14483895383336498	0.007640008411171739	5.306735853732223
QIQBEA	0.0553692685834144	-0.09815733656960557	0.08887387690233428	-0.02356975285645546	4.886279709643603
QIQBUQ	-0.00011262366730191431	-0.306894574887959	0.03388532487640172	-0.02034331927108779	4.552860912854597
QIQDUT	0.3260791032361414	0.4206406330385879	-0.11333243908345558	-0.13002707224589427	6.385707216319386
QIQMUC	-0.08601118030905308	0.01618338600536884	0.14310401248671756	-0.11340289350962551	4.460930364481709
QIVCAA	-0.24922613432503793	-0.08739741190212902	-0.17959326815278764	-0.05738492921027849	3.9422020793501953
QIVCEE	-0.24925623964046828	-0.08727889389434074	-0.17947461946878196	-0.05767065859024256	3.941509258682163
QIVCII	-0.2488395870213267	-0.08824654269481158	-0.17962383018637484	-0.05753842508239171	3.9420200232436584
QIVCOO	-0.24909413721414686	-0.08762951293784926	-0.17949466565451533	-0.057427059968202854	3.942254196408924
QIVHOS	-0.17913477403096212	0.09901279942753982	0.1702403051907586	-0.036369705656334905	4.455066043444477
QIVHUY	-0.1211521530433235	-0.05516158984244113	0.05878063395273836	0.009098577133972552	4.4396890625323415
QIVLUC	-0.24388090308031707	0.0750598798409583	-0.04283435652667289	-0.02028356382311003	4.216393390083325
QIWZOO	0.2970364721421359	0.10726632327522267	-0.06898455268468995	-0.06816123171519306	5.803736547408622
QIXDEG	-0.026045129593345706	0.048036991942585594	0.04975334915477947	-0.006304707590955583	4.771365640246747
QIXDIK	-0.03845694572537672	0.09129956998727673	-0.008294053779839938	-0.0085072535394497	4.808532626904846
QIXFAE	0.00812590768964272	-0.008145943269848743	0.014421717886129226	-0.007906570889214981	4.792439587251241
QIXFEI	0.008145713026605605	0.018900284557884284	0.022450261589547216	-0.0006450421887966851	4.831936882544147
QIXFIM	-0.27084631901442036	0.1697588132713297	0.1577511995807641	0.0632909437350776	4.423647997553308
QIXRAS	-0.24958117925525136	0.08118791260129443	0.058272843062308954	0.035709937089395405	4.246349283622343
QIXREW	-0.28793317701584065	-0.13012212888373442	0.026516129802427235	0.009990980599177357	3.901102253841964
QIXROG	-0.17446314793513085	0.045975556824711106	0.02281523072052849	0.019735363531193317	4.3913171734015926
QIXRUM	-0.21602964770969946	0.1465812128851689	-0.03929316185244991	0.02477029431512967	4.407207899624741
QIYMER	0.23774100151830124	0.03506265139289777	-0.04058167564775905	0.014320926553332392	5.622492764464013
QIYMOB	0.2194058644105894	0.2195809504105668	-0.05761740006086247	-0.014850563503630676	5.777985801235823
QIYNAO	-0.062396457264619176	0.2202764878977197	-0.0464692996451368	-0.03805404251017819	4.856080923342281
QIZMUH	0.17826893446576264	-0.0176199333299194	-0.11918236880119415	-0.03512518075091331	5.285865691999583
QIZNES	0.1451879537752263	0.16725060259208124	-0.09094817852221349	-0.015922810489597095	5.459201379782192
QIZZIL	0.03036088555451144	0.01688004501636664	0.12232869946312985	0.039136193819091725	5.011367609143537
QOJXUI	-0.08625883683582636	0.20622746946494308	-0.10234175275021284	-0.10183896449881968	4.689986970941843
QOLDAY	-0.25348762149715043	-0.010521121659097687	-0.015523673959615625	-0.011908630942890741	4.037857690029664
QOMNAI	0.13077856592715786	-0.0740784725604744	0.113310403714596	-0.04228211326142839	5.114234773614679
QOMPAK	0.06635530387890887	-0.015178793304837956	0.10128354684816054	-0.06564412369383954	4.9198860562997355
QONFOQ	-0.11413142307526147	-0.05170065952071923	0.06231594723181777	0.026509707479920097	4.459160141877847
QONXUM	-0.21576891019173905	-0.09935009096484304	-0.019614290958465785	-0.047979241078326074	4.03119794061735
QOPJOU	-0.03917826329897389	-0.05443204419839853	-0.006818580134682506	-0.048548407587866715	4.5512597106881145
QOPJUA	-0.03273320908127575	-0.04846159865250188	-0.016363410166795322	-0.030186860332169663	4.61068836947347
QOPKIP	0.014718947048963038	0.08244456051863924	0.07126063441138974	-0.05370698770967397	4.861830296879354
QOPKOV	-0.02073419471371274	0.16641190431904107	0.06114798437195823	-0.013391275330089214	4.930831009159141
QORJIS	-0.05247131542227912	0.3934292707624967	0.06232600867479543	0.2494426506544576	5.67385416520898
QORJOY	-0.051152657902906906	0.39475681393019	0.056887809320179894	0.25501347157240906	5.696532362779931
QORQIZ	0.28118223817562304	-0.31702242810331294	-0.1074253918496173	0.1281141035895087	5.740114475870172
QOSROF	-0.30736622158508564	0.0320721375048163	-0.06299655859865605	0.015665798143001952	4.018150231833615
QOVNOE	-0.12790207018630273	0.2298862927714458	-0.15590693719234472	-0.03173964589067846	4.698364307579808
QOYBOX	-0.09486901402705983	-0.023759727098481953	-0.03740951814103055	0.003379965138984753	4.492596830354165
QOZRED	0.05956883678123903	0.1497317673163523	0.06587731066822822	0.06430008713141866	5.331491694463109
QOZRUT	-0.24541426790509213	0.1193830532206861	-0.02534991705491918	-0.004583361582772727	4.262649330434238
QOZTEF	0.18617603909247782	0.01277273530017542	0.027766548639381883	-0.06274885260628849	5.3705132323369025
QUBRUA	0.023175117237748566	0.2886305487404792	-0.06167898326257548	-0.024443136421305467	5.233307977420328
QUBTUE	0.28328214065396917	0.03585815191274566	-0.07561700047575015	-0.02920751259291654	5.725534164673638
QUDYIY	-0.11091665673324025	-0.1572826212683982	-0.09049472099401878	0.07536247083733905	4.455414501641119
QUGXUN	0.2846465375985039	0.22597141807450694	-0.020817864831038868	-0.03368930411674709	5.975863923155046
QUJMUF	-0.06386051814807914	0.11232738049371216	0.07733063931000284	-0.018830638593729354	4.738186046348532
QUKKEM	-0.04606649909258831	-0.07413679852026611	0.029404137409206443	-0.03942261346215303	4.523083618292203
QUKWAX	0.20856229342884713	-0.1929109414625041	0.001889749594956358	0.029693258072837736	5.333505709100989
QUKXAY	0.2648141103924706	-0.10314682560264954	-0.0018651411240659943	-0.028528028124929383	5.488292641565784
QUKYEC	-0.027365658372294543	0.02372998873031129	0.057959652642933124	0.030349827491972015	4.797144913366022
QULCUY	0.32983768330426333	-0.002085291806399603	-0.08334854694988403	0.011744611831654317	5.89722937291401
QULYUS	-0.1624847805252767	-0.048587641741929755	0.11009946380495017	0.044208645383315814	4.361844126031537
QULZAZ	-0.1895588435623936	-0.04277767488708584	0.11597962053136102	0.04644818022216379	4.3030275406826455
QUMPEW	-0.42551489124107444	-0.06947707402307035	-0.05440652852370276	0.021709260895639626	3.6427909280674924
QUMPOG	-0.284907170061901	-0.2931401139712919	-0.07173046819167306	-0.04018866449846803	3.7034006379321944
QUMPUM	-0.375452125774717	-0.10801120467877068	-0.08273165889347234	0.02371554718775004	3.7054900138525078
QUMQEX	-0.2675199089959466	0.15149552449558046	-0.17999103070163547	-0.10912422719179737	4.075885442169947
QUNBAC	-0.1821827472473534	-0.0923048639603663	-0.1043812770746988	-0.0263185115449317	4.160776154634046
QUNBEG	-0.20286093566607466	0.02039980280979581	-0.040102777352342134	0.015333758951542875	4.2744399552240795
QUNBIK	-0.21115799128426538	0.019318102786417324	-0.039686727591586424	0.024666254270721	4.267241981548616
QUNBOQ	-0.23019747302613425	-0.0631136052602197	-0.05101526798693956	-0.0010137219861429125	4.0787601127340345
QUNBUW	-0.22869785765293105	-0.0563532037174439	-0.06556302569982542	0.025299466318859154	4.130092062170216
QUNCIL	-0.22444728465054942	-0.05770046914164029	-0.06496170034845106	-0.03146030441045411	4.024226692690791
QUNDOS	0.12134000310364268	0.019083250047962963	0.1504701641996491	-0.03772719265495905	5.191898618833923
QUNXAY	0.2707169387644126	0.05367167299509168	0.08475883352758973	-0.02280178510739772	5.831173626590321
QUQXAD	0.27542069508778955	0.1164911194195346	-0.07191583280099856	-0.021717386493310453	5.799018357557478
QURMIZ	0.008048369979478665	0.09660606966483476	0.024620557441073387	-0.0011992096580949463	4.931535616838998
QUTGUH	-0.24454559307217627	0.14589791253880824	0.11260326265593723	0.035975179183177275	4.396665139978252
QUVCOB	0.18408403489660996	-0.05498196470378325	-0.11834337722978083	-0.030377242374803437	5.2675087541261645
RABWAO	0.0007450235059289767	-0.05505363352544057	0.06391483547215127	-0.00894760822985341	4.75247497360043
RACDEF	-0.30671182783694206	0.11223240982335447	-0.06672278597636261	-0.07173845959643022	4.005270781458801
RADCAD	-0.42149539335812336	0.09432406401032667	0.03829616328365604	0.03997307858306065	3.894974735871
RAFCIM	-0.3165039211482943	0.017543537218879024	-0.055575950708453226	-0.06255657725668495	3.836675840190875
RAFCOS	-0.3238754182746455	-0.014044436191137155	-0.03483122494816726	-0.028384276640119777	3.8699801893297305
RAFJAJ	0.03267695032402118	0.41164929049109134	0.055390032054808636	0.14310499855027847	5.781857524342837
RAFJIR	0.025340504289194765	0.3733257147852225	0.03677494782363655	0.1221036405309287	5.6517759742204055
RAGWAZ	0.23721673504472296	0.35021891724758314	0.05899843809262917	0.15792862171064437	6.388708170302633
RAGWED	0.2387467292087151	0.34921962260800266	0.05544858938574748	0.16025276022228108	6.3960819834960505
RAGWIH	0.23790414763610546	0.34970219117693	0.06088288217994631	0.1573481251945078	6.388703323365416
RAGYOP	0.1535098036586784	-0.09415090409025284	0.003585781182615655	0.23538462720371267	5.665454149068704
RAHXUU	0.09660711931086574	-0.07151121058619747	0.16811781189713582	-0.03382620320290752	5.026427580575587
RAHYAB	0.07265447748898746	-0.04678690048574019	0.1447391337360293	-0.033119913930705014	4.960650882392442
RAJCAG	-0.06396270212505373	-0.40076610781480526	-0.05523325823146252	0.03768058718992373	4.4602337478879175
RAJDUF	-0.2617352385613454	0.08516506923440126	-0.04830129402369643	-0.05453683707455592	4.126593646537799
RAJNOI	0.02627370464671408	0.05631327215720772	0.0074377446723776774	-0.03949360758491238	4.86962182008179
RAKRON	-0.2520474606593477	-0.1454823312193887	0.026063711991304972	-0.058858443134768734	3.902510213473996
RAKRUT	-0.25169102075568617	-0.13990009761406208	0.031727888980455754	-0.06085226585654446	3.90547467585618
RAMDIS	0.23573738349571993	-0.06674362852648352	-0.0815688745976959	0.020464391338641197	5.563306249379608
RAMDOY	0.24784326588033556	-0.0844527983815202	-0.07624191754685206	0.023013149834962388	5.592092503665395
RAMKID	0.07758108576489331	-0.001609687592377007	0.14408706619715628	0.030860967929803973	5.133107121327105
RAMLEZ	0.2663576003919612	0.2518259631883146	-0.06193022971027973	0.13893719396527715	6.292791383722701
RAMTOQ	-0.21733398468281506	0.04919899661051241	0.04126020285488341	0.003364099703046297	4.247177984044185
RANMID	0.18375002038773802	-0.09486693628582543	-0.12147688652594302	-0.07915448397414337	5.233781275064529
RANSUX	-0.05376096122244123	-0.07846614143625485	0.04996748190155409	-0.010042366072275932	4.558496448190665
RAPSUW	-0.14298839856464363	-0.235347414442304	0.04538507228687627	-0.048140821216397955	4.12890815334934
RAQKED	-0.3270204369048737	0.046790505406690386	-0.06174201981087224	-0.05978200962825153	3.8997502533779183
RAQXOW	-0.07573438333234384	0.32484498388515215	0.10280280140968845	-0.06333647509455675	5.041274420773772
RAQXUC	0.03097993060559867	0.23506556625859698	0.09824272497465136	-0.05912265635355274	5.190653899225038
RAQYEN	-0.13722453835629822	0.1853998603399578	0.10385909887498701	-0.11532449992252869	4.556238415741953
RASCUM	-0.34306426062965634	-0.18849569604053573	0.05044507688067257	-0.005004710945820001	3.7114873222144844
RASDAT	-0.2287737462352557	-0.06462811314746109	0.03073120612945579	0.06385960471149943	4.202030095858252
RASDEX	-0.2463832765399352	-0.07611768350209003	0.030785450159775074	0.10195111444636695	4.2281509100583605
RATPOS	0.14642099855262503	-0.16758976457755947	0.10485389862824745	-0.05452631438268929	5.039425838430541
RATQAF	0.14692742839043182	-0.16793541355496622	0.10333179037460138	-0.053412371859288266	5.04266964149978
RATQOT	-0.16603893936519376	-0.16200295493027217	-0.12244358340748263	-0.0683249037737289	4.058193255743525
RATQUZ	-0.19132997138432395	-0.23024510252974228	-0.02615987782797302	-0.03554490181954384	3.9830355575676597
RAVGAW	-0.060386471527372976	0.1579901741296461	0.0037760828674537894	-0.03281411979804372	4.800576086663512
RAWKAE	-0.09474797169373295	-0.22203846090816715	-0.05796766310800283	-0.05637051235636881	4.288432170825684
RAXXET	-0.17311302131648998	0.18692179393688058	0.0770499129261526	0.014020712035332394	4.601671574372765
RAYPEP	-0.14135665469230507	0.02235784338913449	0.05987389728242842	0.0663645364207952	4.540443339207053
RAYPOZ	-0.22596499584310736	0.1299475050438743	0.008081666004692956	-0.04903159945669022	4.24680093520595
RAYQIU	-0.19013237855093945	0.07892129256717384	0.05159748403259434	-0.033516612018655745	4.316946999084577
RAYQUG	-0.24025086100552162	0.09055760701553961	0.059834187838146535	-0.08742729498011015	4.112521708349287
REBDAG	0.11084002579917884	-0.11713161744329392	0.05884778587296169	-0.007390960168175975	5.032725817001082
REBDIO	0.10199158225389748	-0.11771888106894313	0.062305469785124634	-0.0016286939818130897	5.01522269678531
RECGAK	0.2821979141972708	-0.1502590404002413	0.00484276389556948	0.0013610069931152546	5.563808850913928
RECGEO	0.29030046737357784	-0.15143161829189355	-0.014996086861181368	0.0020776613739516003	5.603982184724283
RECGIS	0.3002838648317918	-0.06400915410098396	-0.021087485289314367	-0.0006815461405733636	5.7032508221134925
RECMIW	-0.20788979410571562	-0.26000489498892265	-0.0556334448826612	-0.013256258721516034	3.967699256495313
RECNOC	-0.03459526811205871	-0.11624517505452658	0.12845796594782288	-0.019726170246868513	4.6033456142860265
RECZEI	-0.3413589788667455	0.11406126131970229	0.05722818972076715	-0.007453440505700071	4.054877957971679
REDBUX	-0.005665559664872699	-0.23412347092220753	-0.07035103630557127	0.03974098749835697	4.63871364529565
REDNOF	0.07265620449350374	0.15222468232235986	0.09345497292219118	-0.06452607184270531	5.14374976664611
REDPAT	0.2989653070615037	0.24567579955939145	-0.06357141587363446	-0.02168256654708889	6.095391650012561
REDPIB	0.3378790109907759	0.1376066416733801	-0.07594788200793023	-0.011840759147307978	6.077293414249526
REFCOY	0.08991714599335454	-0.4270847261046584	-0.052459746644998306	0.03546907283169498	4.869030848349607
REFSAZ	-0.32058546729504256	-0.062118293572984484	0.007246400107478346	-0.050783006562755584	3.8051255499232077
REGHAO	0.058197111144719926	-0.17707283098466942	-0.056769645781569844	0.039707457145296	4.875405462344644
REGHES	0.06845841707168532	-0.22917412900600875	-0.049820349115667906	0.05927546853132193	4.900192870258709
REGSOL	0.17677939241574414	-0.01949244472787237	-0.07605596919249447	0.02417657872429968	5.4083501188540914
REGTAY	0.02375792977415303	0.172645719439529	-0.06224492025578199	0.17514742129503091	5.394923905569989
REHKAR	-0.22359592637435277	-0.0705368454865325	-0.107795117441849	-0.024564835348597103	4.0543576550702
REJFET	0.08380752400960967	-0.14312223740748964	0.0012263703917327895	0.18784582791777737	5.246613377097158
REJFIX	0.1618441170601761	-0.2265748711810458	-0.008497287747903481	0.1990092804473006	5.4715677086373935
REJFUJ	0.15618968887766993	-0.21343601922028066	-0.033265052826375374	0.18817325303476184	5.4437395137716855
REJGEU	0.10560157557904226	-0.11917865795402527	-0.035037826350497125	0.1816498917389694	5.333593919248197
REJGIY	0.1324392474328917	-0.23175883371788752	-0.08872505229621197	0.13271432886872836	5.2491361677032335
REKDOB	0.10773319932166947	-0.15173407852371046	-0.08017330137408529	0.11174149959104906	5.166600868593166
REKTOT	0.07334974660050353	-0.22524032285413842	-0.050060381311918256	-0.09635422701427088	4.660270509795577
REPMUX	-0.38008520743570506	-0.0220952523242679	0.01050757802013158	0.04551867454064917	3.8404839024078727
REPNEI	-0.015474121842184996	0.1367657769546473	0.021022841909344336	0.15323657390667866	5.194708830646253
REPNIM	-0.07296316442297002	0.03622074211318438	-0.03464319403392935	0.10480412206897138	4.794785585841818
REPTUC	-0.08991263806326932	0.017748242148253546	0.02302168359541934	0.07734574196541855	4.687383407869462
REPVOX	-0.31673427697298195	-0.10363518930326832	-0.06309462013113731	-0.02730986612636077	3.782117987758589
REPVUD	-0.0408898267135096	-0.03917532203323404	-0.03251035270532121	-0.032919530161812705	4.576823175102792
REPZUJ	0.33951055514494355	-0.025040740645793313	-0.08154194927963188	-0.05655700377764361	5.822361685186812
REQSIP	0.003748310471602956	0.24340896671201895	0.03547657672757021	-0.005354821610650706	5.154057331868238
RERDID	-0.1313493892600055	-0.016825202990497612	0.004158854491669528	-0.04680172096337332	4.340660635132045
RERJOO	0.0335056523464865	0.13890932054618954	0.09748479292127232	0.15362059165653386	5.392433461781467
RERJUU	0.06718020948299719	-0.0630823126804767	0.07898194001073056	0.0764865820815519	5.10903962106011
RERRAH	-0.16577100176570814	0.12858188220015698	0.1320180066268708	0.028402647425637473	4.549519429672126
RERREL	-0.23604474535869735	0.09731503691305043	0.09872587417357104	0.06477026240844252	4.385784113032612
RETMIO	-0.15043738320183375	-0.09412105898829104	-0.15703564726631836	-0.12088767379122911	4.096644618453439
RETMOU	0.016437070414103694	-0.13149727911329467	0.05355415908022554	-0.06456988822774323	4.64848290653686
RETVUH	0.1313024279627939	0.0620125675204064	-0.09281966634872929	0.000252847420533997	5.283577188767095
REVDEB	0.13102339732516777	0.30028251187304056	0.006935586315408138	0.028383048499287855	5.6676188410561466
REVFIH	0.0949823302684103	0.1543364847734252	0.03566829326855325	-0.010015837712946452	5.285075560088761
REVFON	0.0726112785499784	-0.06095939822422736	-0.004630898529562222	0.006668880240492503	4.958077364162029
REVQAL	-0.4286253381581686	-0.03872415821341768	-0.061903462757068484	0.00024352208682887344	3.6161424126200026
REWXAU	0.2708978249941332	-0.060884186226231485	-0.05692949307078532	-0.0007482064956229051	5.606109082652492
REWYOI	0.07804370297716545	-0.107504196633462	0.10818533837222755	-0.016169765342691877	4.94475031393131
REWYUO	0.0910649513978048	-0.08424006778420479	0.11267148248196635	-0.01934376560807427	5.0086098333633196
REXKOU	0.016184094699633	-0.04594823706749196	-0.03334520834770083	0.08816236563578239	4.9845562560461225
REXRIW	-0.20982153782377377	-0.07375185396859818	-0.06532904079661517	-0.03162610693939827	4.063180487327322
REXROC	-0.005928479982194812	-0.023971097770428162	0.0859278349512469	0.020251299660659527	4.81285294733018
REYFUX	0.12690834558914066	0.259791339036866	-0.09346921158691757	0.04657084602211636	5.625903576655418
REYYEZ	-0.12643676093460376	-0.036477258625738695	-0.01091007778890729	-0.08379585122965538	4.2918124531686015
REZHUZ	0.014839877875707064	-0.0855114061942559	-0.04724060809895714	0.07736675082581179	4.893825479316269
REZLIT	0.3220859949938215	-0.06909637695836857	-0.0766028028272916	0.022634649137715068	5.820019137047549
REZLUD	0.054990743394198294	0.23253905697432886	-0.010789745643900561	0.03346035302531747	5.365186995718033
RHCABO	-0.09922970372633522	0.17218977980864913	0.024811329208836552	-0.07195722644396241	4.668402039568403
RHCBOR	-0.16353742155166207	-0.3802954172155224	-0.035578328718074204	-0.1397387124184415	3.8520641395524615
RICJIX	0.1395422755038691	0.027812291380560072	0.03682240103834711	0.0090131028850724	5.310072231102848
RIFNEC	0.27387611261238165	0.21387705468702656	-0.024545964953688104	-0.03324913656655126	5.919029972214346
RIFPOO	0.39197532647270394	0.06066632254747795	-0.11199131178673172	-0.05713028503853079	6.106802837599197
RIJKEC	-0.41676884171888573	0.11079161433178841	0.15992294495865345	-0.039414585329161866	3.845775271392946
RIJKIG	-0.3280468178345737	-0.05002612219794633	0.05012345326180312	0.0023762967013116754	3.8581390211456466
RIKCAP	0.05222532611514685	-0.14166338638691967	-0.07081143053296057	0.09549922899619923	5.018044435885424
RIQDIF	0.11256261960444336	0.034440911568335064	0.13222394955151828	-0.0360650042815831	5.18703659084927
RIQJUA	0.21870054936934613	-0.18102501380299252	-0.060787642487184046	-0.07012859432890395	5.208469180720745
RITSIY	-0.4165753122368694	0.08186972741117371	0.018149438281386487	0.04716418647252307	3.8575592407050334
RITYUO	0.06790954964514961	0.1978068003932978	0.09582077209335238	-0.06269882106987079	5.188939470958305
RIVPOB	-0.06436807633785113	-0.19107687700959142	0.05144127352371308	0.019058312244516706	4.474645177292707
RIVPUH	-0.08088325894242532	-0.13403289651136663	0.019798707594843368	-0.004655366420368456	4.429303758763691
RIVQAO	-0.07722165322416119	-0.15175652624486724	0.071745491282736	0.004300742771399246	4.449063464652063
RIVQES	-0.07156225627913138	-0.1726235711196069	0.08359835538575688	0.014378678927526423	4.475111426139366
RIVQIW	0.34840792579232494	0.1771047198536646	0.09926357647063333	0.05953258757284119	6.367737363886107
RIVYIG	0.09758362002283016	0.13298477649756002	-0.10380405730793685	0.16234825543992482	5.558586213561742
RIXMER	0.06724639253781417	-0.05711205449286272	0.13485896848462509	-0.03365116010275804	4.931465187636288
RIYQOI	0.08696957909207326	-0.09496706229889718	0.14409197006556673	-0.05732051365923119	4.947914362702577
RIZZUW	0.07563035606472734	-0.09733370240334871	0.10882081257875753	-0.01109359597588444	4.948544797190288
ROBBAM	0.07389529316848975	-0.08524693458197108	0.11051688397617321	-0.017592211895984033	4.939503142544662
ROBBEQ	0.04556371677365956	-0.13102795219344787	0.09244645664808848	-0.009581044573243602	4.814974636188785
ROBBIT	-0.20625908260810455	0.1485885595769436	-0.2285471657806606	-0.11072203943667502	4.254012570192108
ROBBOZ	-0.33274433677190873	0.3172755175660793	-0.10932518475054165	-0.06855489798681125	4.2389787189996095
ROBCAM	-0.27212678124286493	0.1415527848547189	-0.19070391137802134	-0.14172590778805016	4.0302578834514575
ROBPED	-0.1692533288466853	-0.023915407228731755	0.02542604049555952	0.09888923726202403	4.480581776670727
ROBPIH	-0.16551319268152365	-0.015978457775045918	0.028187346701366245	0.09638031513831491	4.497985978563134
ROBQAA	-0.08845052210550097	-0.04606274609652106	-0.015374067790538737	0.08584962061462154	4.646527793139101
ROBQEE	-0.21452116478015593	0.10075523513275586	-0.011699392383470064	0.08430595313124478	4.461936107511756
ROBVOV	0.34586156067318496	0.09102659666085078	-0.07784399301201472	0.005185832039863114	6.0787681693869215
ROCQAC	0.08654649202925979	-0.014843810894715315	0.09245748815404364	-0.035656016273970303	5.024375862607705
ROCQEG	0.17406502166771087	-0.09324650716441152	0.09329256527781449	-0.04988118276356501	5.220554507421049
ROCQIK	0.12624006615222827	0.0014393960992964416	0.10017197129308997	-0.09961831192551907	5.07329427447721
ROCTUA	-0.2594311498848674	0.21610831715202927	0.12607411689672188	-0.024862948340178437	4.366475358172429
ROCVEM	-0.42268648969969336	0.2480149890000085	0.1207589595848888	0.03162030236126623	4.144517646177582
ROCVIQ	-0.44103797347376017	0.39334871075417555	-0.04068513248827599	-0.008519422868042859	4.224756606243765
RODDAS	0.06741423998144924	-0.1447937907160881	0.07132028163031134	0.0026658860202691814	4.8800128160432825
RODDOG	-0.2722450840762207	0.2800213911603575	0.10189691463550843	-0.011364410389817392	4.436786189278304
ROGVEO	-0.25328138820649326	-0.08032631757751796	-0.06893955687242159	-0.013217703966236338	3.985685349736725
ROHDUP	0.2511701989145254	0.0595181796404618	-0.08731860792155399	-0.018111180370225743	5.655556806122073
ROHFAX	0.24141653056136825	0.03652900438712381	-0.03696599635711473	0.00048557624713019276	5.622653126742207
ROHTUE	-0.2851843341621507	0.011944893672680035	-0.004056799903818575	0.004591324538812613	4.046082608647494
ROHZEV	0.3099159504097204	0.2254531723313331	-0.056439268205980664	-0.008633319079064616	6.122131629186789
ROJCAV	0.32396451274403226	-0.06134169489754937	-0.021505567500243572	-0.020284952057007644	5.762976479388637
ROJCUP	0.2712010960690123	-0.1580761381968272	-0.026775248637423754	-0.036096886367002035	5.457037037113493
ROJDEA	0.32170065033708006	-0.06462089854762176	0.06714495668127363	-0.04622607069619922	5.7095681555362585
ROJDOK	0.2976247120694442	-0.143246697448292	0.01687219779504079	-0.019931316681846	5.577135102581044
ROJFAY	0.24294794759567218	-0.16475006962130267	0.029821672423735235	-0.020060750061429378	5.386631527124183
ROJKOQ	-0.0759891281881	-0.0891092669620348	0.05640979527484613	0.0015446771281325544	4.517105680278237
ROJLUX	0.20065912974083444	0.16591099559471711	0.06244674298256747	-0.000516078552081578	5.667998445145164
ROJQOX	0.10548402241769628	-0.10218129549229316	0.047797418999180774	-0.03635924892952003	4.966713176704233
ROJVUK	0.12033906833250096	0.13825193296965965	-0.0638665993371843	-0.023634695111026893	5.303844361515904
ROJWIZ	0.10108376791615337	0.15578153005999695	-0.0724641869709366	-0.026399310936237153	5.260901199547028
ROKMOV	0.03898891874423693	-0.17309824782576677	0.15662624204200748	0.0011024061530060525	4.815669865261749
ROKXEW	-0.1078648676456111	0.18399478060190466	-0.03409953134648358	0.10197767836578553	4.8842642250669925
ROLJAD	-0.05272539481478011	-0.08704921836490609	0.00402783014162611	-0.03067322150595464	4.524260354550483
ROMJIP	0.22679490213897457	-0.060527933585960536	-0.04066847565340481	-0.010998746700481066	5.446233557183402
ROMTOC	0.1295646993832067	0.10529170608252247	-0.1166861584649197	0.028549427281109985	5.375150563823626
ROMTUI	0.11738843742385185	0.1660931222095896	-0.11039445681564852	0.005301518513059711	5.394966406555921
RONFOS	0.30886134852484304	-0.1578388561562052	-0.03383887113639328	-0.0005255781791795311	5.651142853467375
ROQDUZ	0.28729863712352977	-0.10448735169280132	0.016682193301851056	0.05228687119240638	5.735647204045681
ROQXEA	0.19388257613816773	0.2963982097993241	-0.12122383619406896	-0.06908760433272443	5.748807215541329
ROSKOC	0.29989798478011176	-0.08419586135748469	-0.01884305413467824	0.0016860108188770928	5.700404114658546
ROWNOI	-0.4128951891634034	-0.023212578139685913	0.028138914772738	0.011288119161834476	3.7245563762663583
ROYCEP	0.25159223090801275	-0.11507341927485859	-0.07826413039983016	0.08561807379003039	5.689618191140233
ROYCOZ	-0.163297870858935	0.10504403238395588	-0.07123655125769579	0.08524930447762313	4.582778705283058
ROYKUN	-0.07210862464542434	-0.08210389636382365	0.012288104286816814	-0.06684816499288448	4.43185158573296
RUBTIS	0.18993505921901788	-0.06067776461423913	0.07258870221039304	-0.012919296399975466	5.333737021617313
RUBTOY	0.17345342688662546	-0.08121383884641364	0.07918368237929241	-0.0016594161495352422	5.270658856726495
RUBTUE	0.19052604944402374	-0.0582623290610238	0.0911065882703368	-0.007841835507520822	5.348839221815341
RUDMAF	0.21733286480402958	-0.16077902642624853	0.08645626883560675	0.028553457250633407	5.418606223721738
RUDMEJ	0.19224709794704253	-0.11901679189295278	0.11043861995543747	0.018041627792749537	5.358005914319801
RUFKUY	0.03413255862397557	0.1964671496596453	0.046800529419439796	0.11797399609224701	5.39436109930012
RUFLAF	0.2662817828148567	0.08109279383509449	-0.004266191605054592	0.13306368396063395	6.012479495461925
RUFLEJ	0.19776136900712604	0.016280035213859012	0.00853018043761411	0.1548631920429614	5.7391806323352235
RUFSUG	0.0933312463143019	0.3128862433086086	0.05369448303207269	-0.056681747174677444	5.461315152466355
RUGVAR	-0.270130480667383	-0.0690704413295804	-0.10080542778547041	-0.04937748281621146	3.905330152046942
RUGWAR	-0.06864141025658688	0.0137133858859948	-0.144366230419257	0.21317584240163823	4.977258050542256
RUHLIS	0.28532111634027313	-0.0225207887530674	-0.010873183599127145	-0.016525463779091365	5.698430535716512
RUHLOY	0.3063209970996952	-0.025058865547746834	-0.016011426057554345	-0.003997810181977535	5.7852024624603
RUJWAV	0.15840012718537588	-0.07524812262654912	0.010825658692873441	0.23128318068657572	5.688450238599436
RUJWEZ	0.158720615212657	-0.0758620554784275	0.009637016331781822	0.23184101137099566	5.689644431114746
RULMEQ	-0.08901244500355343	0.18246761069477335	-0.03564129891293155	0.04524481552323811	4.8513509348861215
RULRAT	0.31478361609883754	-0.0808311881918562	-0.05626686914109902	-0.013490771356151177	5.714103721017739
RULRIB	0.2880260230965921	-0.12664708114148038	-0.0617439761938956	-0.012302732031666985	5.5814353526613445
RUMXUS	-0.24637738005086152	0.1281698049857365	0.13475511556993913	0.05259036409686613	4.392014417289182
RUMYAZ	-0.2132734615571763	0.1075295838903152	0.10581038392423547	0.05181029419131955	4.495281570551806
RUMZUU	0.041158311428274086	-0.05807628973101764	0.09601854024676504	0.007489746914563722	4.903290622987387
RUPWEG	0.08502333510012816	0.04162403765299061	0.10396030763583686	-0.02227326170777022	5.086821657124422
RUPYAE	0.08821279656908843	-0.20666952468388633	0.10366427781082899	-0.0253050291855903	4.902912166746455
RUQMAS	0.062276294033909	-0.042383339200952275	0.037251995227102874	-0.04626351299673859	4.880050763779416
RUQMEW	-0.24989771679607697	0.09917449495714248	0.018043192315309264	0.02188048786006591	4.284076116432683
RUQMIA	-0.3144655133958505	0.009701441993247073	-0.029304607344945	-0.003707350512606844	3.943522107077038
RUQTUU	-0.1546628382393862	-0.06504193643470169	-0.060556705811867007	0.0036297885970300037	4.281400789171565
RUQVEG	-0.08332690098548667	-0.052912656730594865	-0.10438235760431458	0.05430862532485692	4.566664545578561
RUQVIK	0.05549517157202599	-0.2086433914225192	-0.10716599609373678	0.010758646858487153	4.792483952118707
RUVWAI	0.29487948072109305	-0.09498112837983319	-0.07412428035180851	0.05365935613013939	5.761407934343534
RUWZIS	-0.24932598840297215	0.05460099683037356	-0.10227425725494133	-0.055806133274603376	4.096793567652147
RUXPUW	-0.24922056322310215	-0.08731612977916692	-0.17939948475129297	-0.057545143981516444	3.9419553392341933
RUXQAD	-0.24907021491987935	-0.08757342048057382	-0.1796178632066645	-0.057380422217869875	3.942312093215903
RUXQIL	-0.24902314585812002	-0.08777784055953752	-0.1795348378288848	-0.05750134771288817	3.9417938214927544
RUZJON	0.2482406003354365	0.10733731026248705	-0.04799166224738549	0.008135696096200351	5.749903979126414
SABFAC	0.0017576643880135023	0.134531691421095	-0.16095923642622822	-0.15197675094649155	4.7423628553884045
SACHIN	-0.03980207437358363	-0.08769517132557203	0.025184349983543353	-0.03390417915093202	4.559510194254156
SADQET	0.07025432908220397	-0.07580636569763843	0.0939750546024829	0.003191766016347075	4.996605656900101
SAGZUV	0.05553627152838425	0.18307712222705774	-0.06953884692514523	-0.0016284771287919941	5.211023377454564
SAKLAT	0.0014166140433484742	-0.1208999661563821	0.019744595886833416	-0.05463753057060705	4.600418998539491
SAKNAV	-0.268601791897749	-0.08401354845083953	-0.07609195505019506	-0.10684683886992652	3.817358958727407
SAKNEZ	0.0535208133958629	-0.12421842229923508	0.13900444757222963	-0.04603993963322828	4.804252618912307
SAKXAD	-0.010653943278201794	0.22415883590461316	0.031353897286295895	0.1741770902526959	5.365675569009401
SALMUQ	-0.21446550046348345	0.6009426549400438	0.06738962260428827	0.16791038305212258	5.539465813726121
SAMMUQ	0.06717278535366455	-0.12131287089716336	-0.05121670240042908	-0.017184817994126744	4.846814361088966
SAMNAX	-0.044349368053450355	-0.15329613596117553	-0.08141713034570564	0.06353358057597425	4.623630494609952
SAMQIH	-0.26373584459038213	-0.1279446754296747	0.0008652480243656058	0.05741885922875367	4.060822557713621
SAMQON	-0.2960350802163474	0.002353415675389936	-0.03292916368945775	0.04137128438301252	4.066682841089237
SANWAH	0.18878020905770132	0.22391793789208903	-0.03663021923740817	-0.01580168805337101	5.672783194626807
SAPWUC	-0.004215206965864304	-0.05116807654424349	0.09478489515196409	-0.029945258405052355	4.721347106332763
SAQHOJ	0.1697728444008817	-0.07240242640202776	0.010763197904182897	0.23596764425065442	5.741395985812755
SARJUS	0.3730898836507275	-0.2390310214563629	-0.028299983465323475	-0.11471718967015065	5.66378069438629
SASKIG	-0.0804142856456247	-0.0046623260219411655	-0.10376351098959469	0.16131443092956843	4.8086187555818745
SASZOB	0.2013496976519793	0.04650492154072339	0.09753744996987912	0.05281533123795512	5.637143915644455
SATMIL	-0.3161463725362703	-0.025819186692658924	-0.04082259472506777	-0.040522880907954306	3.8677194455160073
SATMOR	-0.28139947105203356	-0.027806698720996614	-0.10823364491810095	-0.06358658449068111	3.9006029066011965
SAVJUV	0.13272082589574685	-0.04723674311147841	-0.15986590846826765	0.04770780111172379	5.242573157618353
SAWMUY	-0.028194647561027075	-0.00018097504539227316	-0.047720542291856294	-0.0002832954515349373	4.712017190000892
SAWPOV	-0.18701163179042046	-0.15432273595276613	-0.02067383337324369	0.011044695737993382	4.123907615945306
SAYQUI	-0.30913818219951694	0.019844900216057226	-0.007315083645578202	0.003467992249484908	3.984282162888189
SAYTAO	0.016217072157127532	0.05827116466019833	0.06388432234243058	-0.025676416862015272	4.926399863388911
SAZJAG	-0.008799739528926764	-0.0019359183429403792	0.10794769719200947	0.0018800107144745226	4.813172092059208
SAZNAL	-0.28007775768870347	0.18611728704134656	0.08598722329339381	0.044584196438285706	4.353143870372276
SEBDOT	0.05589104084678542	-0.4282622281989972	-0.024305401098623447	0.06517632927453432	4.771178060866993
SEBDOU	-0.027873101384216614	-0.15665436487540108	-0.1426753146913291	-0.004662510335938452	4.551231992967376
SEBDUA	0.122348400695381	0.04208870565103284	-0.04082349277490982	0.06960806874203773	5.351124797935515
SEBHEN	-0.33079768704864776	-0.05955827964734395	-0.03227212540485502	-0.013162185441076613	3.826301724989506
SEJGIZ	0.1294016866902319	0.08278260051088715	-0.012370670880403667	0.06598920882208459	5.414077764826851
SEJHIA	-0.23840832925208888	-0.06462624780397741	0.08201362846648208	0.049852689876224154	4.1801997270970706
SEJHOG	-0.1930119470492453	-0.09184103668361843	-0.003679611754883627	0.05953133172041214	4.240463822933112
SEJPEE	-0.09707941726466207	-0.012831459069655882	0.04252262633002646	0.0013090929169299326	4.518885234656142
SEJTOS	0.3839429645577792	0.08003363237870431	-0.03445427496569442	-0.03012268208093094	6.137108820482555
SEJTUY	0.21959790350277464	0.03484086155892241	-0.0651538513384724	0.012082050101946962	5.553638843446255
SEKBUF	0.12410405149806092	0.11265762071050744	-0.07757020250542945	-0.03932945730207926	5.242685842681542
SEKPOQ	-0.31789732672631965	0.20545688106938487	-0.017052794561616347	0.05383229038336779	4.294476282903668
SENPXR	0.11175830933290332	-0.18540876435392262	0.015536466990257791	0.17624026956920313	5.303393411464984
SENWAK	-0.3669752669851265	0.057268442931235786	0.05573198721584971	0.024406245159007356	3.9415464321508216
SEQCEX	0.03838669825143626	-0.023507980360072622	0.03503118358930113	-0.01559561384694752	4.888521075979176
SEQSAI	0.09450014291542486	0.17045199203809736	-0.12765949370991359	-0.017181253783634998	5.286068747118143
SEQSEM	0.13229154411227384	0.2795969719766003	-0.0963551432699592	0.0009677667788906552	5.61077108597271
SERDEY	-0.2434483390909543	0.03073666131907382	0.002861875351784393	-0.002410854613068003	4.134491313578955
SERDOI	-0.18308470714506475	-0.0855712974827032	-0.1142292110403742	-0.0566583022794932	4.063458328589633
SERFOK	-0.3659307187814196	-0.01847716052224424	-0.07283111403081821	0.02644399860527069	3.80954016606844
SERKOP	0.2839720916537054	-0.0150535601638766	-0.03622990998350484	-0.01860156897516463	5.684591091225147
SERSUD	-0.07625049172408271	-0.2205233829477169	-0.005387425679842961	0.04590803674320887	4.487886485182382
SERTAK	-0.06665926356815399	-0.25474164168130886	-0.03534300766812404	-0.013657087333940665	4.364595380071477
SETNIQ	0.2596075504194837	-0.11166117765155814	0.030242072313784174	0.020223784661853816	5.567789392263263
SETSOC	-0.02171692749881249	0.024623613261110844	0.04072952971483024	-0.023195327992591386	4.732296335565198
SEWJOW	0.2908003594566999	-0.08748836953977168	-0.07711906501667087	0.052903353924679486	5.756607795433484
SEWKOW	0.10899317831370814	-0.11451409410810065	0.07606649737937299	-0.023479116305459846	5.0373774155496935
SEYYED	-0.00961416207311494	-0.05784580464125888	0.018987634210912097	-0.0826182341051157	4.574710672164209
SEZWUQ	0.05451226328952519	-0.048298125216612586	0.17048223330163115	0.00682253861918225	4.99477437492329
SEZXAW	0.16552897044770365	0.28902587394429835	-0.0052617099365774855	-0.047641766283894604	5.669340765108105
SICKEV	0.01506982334098339	0.10861243566408207	0.14065080455855372	-0.019395198518462164	5.024163555237741
SICKUL	-0.26329736598123166	-0.22135075672509497	-0.009714217179774609	0.024059047887434626	3.9073236615962013
SICNOH	-0.20534001726751772	-0.20275453395382081	-0.017109786865489696	0.028202886692556994	4.056714490626603
SICVOT	0.20037365890943626	-0.1361184587678983	0.10171413964244125	0.018550581654547926	5.3779473846039725
SIFBUF	-0.04320880703561558	-0.059208188959043895	0.007761189052297723	-0.03717545704783998	4.574486295379972
SIFCAN	-0.2560758183341063	0.0045943874621174885	-0.046226238296904754	-0.08900553939300837	3.973377517529877
SIFCER	-0.25309085190180314	-0.002016326343898811	-0.0504635529587083	-0.1005668426570353	3.958058150315728
SIFFEV	-0.2908085789384496	-0.08289883060155878	-0.07557717990957813	0.062687690629325	4.006562224737277
SIFHAS	-0.2663639234631645	0.17170655429038773	0.048604379116337304	0.15894713150064355	4.5849788452027225
SIFHIA	-0.24577819356286157	-0.0029590769587066745	-0.03869721063799103	0.0151148849188526	4.141334924033868
SIGCOD	0.16893528314282547	0.0009026721423786022	-0.04060546106316498	0.021443736449515027	5.365588386260591
SIGFIZ	0.21653546794065637	-0.3113470120763646	-0.08330621542021799	-0.09485517835281132	5.1412182010641985
SIGFOF	0.24611817181781248	-0.36181088125292193	-0.133623752964517	-0.0513708463327297	5.284724383065028
SIGFUL	0.2265709302607326	-0.34383062321821023	-0.08720372645217611	-0.08062203685025615	5.172783925651262
SIGGAS	0.2343026085097688	-0.35264850417660787	-0.11704338060776731	-0.058221957869484364	5.231198450490843
SILKON	0.15104885206647012	-0.06883242559507918	-0.028102393158744743	0.09143414822315266	5.390338918427284
SIMGOM	0.31593759449552117	0.0516787014309017	-0.06813360965025961	-0.07593718885318346	5.817838415927498
SIMLOR	-0.2638991068098935	-0.12214738155675864	-0.0007192576750461033	0.05924383953408874	4.064374429400524
SIQMIP	0.20959912028833827	-0.11059165718704378	-0.1049647399604634	0.05215686086499216	5.479411602072825
SIRGUW	0.03206725356054463	0.23672531227005722	-0.08853443205534917	-0.047379955397743534	5.147491520810733
SIRHUW	-0.1555246761477127	0.11361327726568282	0.07852266080013304	0.055623513135944935	4.596913286428716
SIRJAE	-0.06574532488861617	0.2557119593691195	0.051058773973994276	-0.0043429468132845095	4.955412872987736
SIRKAG	0.1732610800802319	-0.10579437672586556	0.05237434749625369	-0.10441859968562806	5.1109714247384925
SIRKEJ	0.0012642556339819144	-0.10343903333281634	-0.06171979420123086	0.011700474714576914	4.719372889511155
SISHEH	0.06835031253856894	0.021316755894744244	0.13184714559315336	-0.0074295755391671214	5.080591879750676
SIVSOI	0.06039460180583056	-0.07518289314058979	0.12284619540387154	-0.027385075346960774	4.8954540027003635
SIWROH	0.07399101836116229	-0.048296647529607384	0.07244218820430448	-0.0526332853660465	4.919928215958087
SIWSAU	0.015722587461799886	-0.10955574183850603	0.13352291289725415	0.041240866155010214	4.842912075152812
SIXXAA	-0.2364414920727873	0.07011249048795465	0.03850109330463747	0.042607819269614766	4.293567752645832
SIYPEY	0.20725766971696657	-0.3632674440959005	-0.09110997691813205	0.024896945362947953	5.261989939055568
SOCDAP	-0.27707825139503206	0.04484738667217858	0.05303621667643044	0.04272981331383496	4.16438850180837
SOFBUL	-0.03236835413707739	-0.02931696991140953	0.003640958493860591	-0.016751154636336363	4.656635702316714
SOFCOG	-0.0489453788506391	-0.020470727691247248	0.003255159142497188	-0.018346401922211042	4.585568409590989
SOFCUM	-0.03978486804095427	-0.02421301892912542	-0.002604011726978994	-0.0492426213184568	4.5761105746941615
SOFDEX	-0.0318130540884507	-0.03398237858400455	-0.012941544517234949	-0.0650922007860324	4.57670956952779
SOFDOH	-0.3081472861507175	0.030446838185762104	-0.023907098649811998	0.02674566659487454	4.050969358077874
SOFGAW	-0.2990509685299294	0.043971971429558554	-0.03487401452360017	-0.002813853879400252	4.025790322751391
SOFGEA	-0.27622004039247905	0.03944903658745513	0.007565432232107927	-0.027830362725219993	4.06237612589063
SOGMAD	-0.037245803922569376	-0.029769592167545156	-0.002964372129951487	-0.04581465119586703	4.585415417783595
SOHGED	-0.21294189079293457	-0.06726027195833373	-0.11104619745932398	-0.02765376097228378	4.091167723060909
SOJBUO	-0.32098957518056137	-0.07850532105263408	-0.061615645641177164	-0.03490127366247209	3.784919481919352
SOKDIF	-0.2411810890511521	-0.08757380661065595	-0.06229649372091095	-0.05384955774801581	3.952194607497815
SOLYIE	0.2602215611719738	0.146121535644407	0.09410564536696686	-0.120998404426789	5.6896194686298145
SOLYOK	0.27465977600435965	0.18756919991234922	0.11405460747886131	-0.11417378415475432	5.820091713800536
SOMKEM	0.25463686400407104	-0.14660188056523293	-0.009266633574345873	-0.036727377211613565	5.425791002588969
SOMNAK	0.2682105341036105	0.17719632237243355	-0.03122613609077285	-0.0692015300672858	5.8309410964627
SONNOA	0.17501632294086855	0.08145674633160649	-0.11656289425342847	-0.09861617225943309	5.282775375678142
SONNUG	0.08886958034299841	0.42519044952952445	-0.07203969013391842	-0.034312108046275824	5.673951327161097
SONZAX	-0.09519486852521353	-0.23940364086698107	-0.017312001553734246	-0.06838309696504441	4.1990224533248846
SOQGEK	0.097015583498818	0.03519370126490262	0.0803104760645672	-0.017878041491540153	5.137874814214155
SOQPIZ	0.1866760703029544	-0.08906586917777704	0.14599198178005146	-0.035406056758340076	5.313611637379933
SOQQAS	0.1873922556884149	-0.03603410149056163	0.07602081627027668	-0.04216766855419163	5.360326790444033
SOQQOG	0.1324330043036097	0.23699256612357766	0.06901707043135419	-0.0399017782425819	5.502628664039987
SOQQUM	0.1838577381880886	-0.04032186099315371	0.08303494095677855	-0.04283917689230787	5.346732397056078
SORSUN	-0.08994029983313401	-0.00982812891405338	0.11325497010445051	-0.022835573212983795	4.528716636526016
SOSLET	0.08273497011269493	-0.30627476105353435	-0.052126701633916195	-0.012829240748487458	4.773962473164234
SOSXOO	0.11445140555077504	-0.03464669391765929	0.1655231093109477	-0.007599890054789116	5.1747383999078975
SOTJOC	0.3415684013960085	-0.12188025226829469	-0.0645435266367782	-0.05307055254021098	5.746098034799425
SOVBOW	0.001230717444770768	-0.0859593308561104	0.09425841743767127	0.011202183146200695	4.774888978198961
SOWDIS	-0.2975988164758463	-0.2805145252729804	-0.09926272198738584	-0.011561543334476121	3.7113828183062054
SOWDOY	-0.2628325164173737	-0.24475492753809935	-0.034733680269258826	0.013885914750607076	3.876682702159836
SOWDUE	-0.3202453998665422	-0.13225568297425583	-0.0221675323679289	0.02599661437153522	3.8444864544526984
SOWZEK	-0.11873686425892216	-0.20332650201194902	-0.09081000619853818	0.04918124320853334	4.345960398752968
SOWZOU	-0.24837224046500816	-0.21165201266416456	-0.0717314948873633	-0.03375077591428999	3.8987025395330726
SOWZUA	-0.2998496913385391	0.010069141119732006	-0.08183626661009713	0.03665252536683461	4.059199430240341
SOZKUQ	0.31321526927292664	0.10072542837206777	-0.07491692343423861	-0.01658630021082319	5.932089687636637
SOZLAX	0.18520057306619853	0.23411792341202586	-0.044444891812834175	-0.024551038241982348	5.667444468958158
SUBFUT	-0.33750609075730886	-0.10798185325289023	-0.09831470369141293	0.0015910812269209762	3.763950690503468
SUBVEQ	-0.11743256286659398	-0.05739756172237076	-0.04972328350175803	0.0725657369112388	4.534628301308107
SUCRUG	-0.31892718662798036	-0.19134217766132156	-0.04175010886162678	-0.06465726141106354	3.6802686169838585
SUHLEN	0.3073127241479394	-0.013467621379049444	-0.08580510003426278	0.013697903724101845	5.8063192225882165
SUHTEX	0.061013415490212	-0.021447102041304067	0.04929773375780311	0.023454091458440463	5.010260077305972
SUHXAV	-0.05708755018105727	-0.113621075851003	0.018406618821601217	-0.07866292255271612	4.389259872801055
SUHXOI	0.21015305266990536	0.44000357904226517	-0.06808099746328455	-0.01194066454938214	6.159388592050739
SUJPAO	0.052495841426743794	0.2546873352548604	-0.10410588442460478	0.14209894718103666	5.527808543847591
SULBUW	-0.3476291923412065	-0.08002163101282544	-0.07492690841475125	-0.01988269940799592	3.743680617803283
SULCAG	-0.32253770332077014	-0.1924989302861413	-0.09349950251276318	-0.013836507928973174	3.7213607973517426
SULCIO	0.11084705400505657	0.15131757317305095	-0.09210770329129248	0.011207019820345443	5.352980742413884
SULFEK	-0.22143490044520253	0.05463629889967736	-0.11445233858636938	-0.06088506307475172	4.142756574574939
SULHIQ	-0.3949125470059318	-0.07524896643018009	-0.07623837236832531	0.022369846353010647	3.703284949158454
SUNWAB	0.10631724443295143	-0.2164210610843762	-0.15961496842054812	0.10873781407314032	5.131749258551854
SUNWEF	0.10749843466366071	-0.21695708675256564	-0.16301717214875966	0.11082341758706815	5.14016575436653
SUPMAT	-0.24867498138895128	0.013548280994272854	-0.0639554210586093	-0.04103833691398873	4.052574282614502
SUPROK	-0.2241540235585575	-0.06559677863660784	-0.04902026087460065	0.0032148876897836187	4.098201719229352
SUQDAM	0.049574768200037145	-0.11153538607153113	0.173306094088562	-0.005542258068080064	4.9105858879258975
SUQDEQ	-0.23897295499323334	-0.047248006194862135	-0.02944529678954022	-0.05077435914435724	4.034617909714295
SUQQOM	0.0864909111598573	-0.1055941594596379	0.14303214687245358	-0.04560472746699862	4.954729222037082
SUQREE	-0.05838363296390048	0.12449836594883301	0.07309304843988529	0.11346566340720687	4.984740277542657
SUQRII	-0.04723250149017266	0.14716001622371078	0.07776413898929979	0.1165291364357608	5.05803493086917
SUQROO	-0.06400383191057069	0.11642942700848513	0.06513113362868017	0.1114197338152666	4.951417345799702
SUQZOV	-0.20173560025348913	-0.010601640824155378	-0.03966459556780788	-0.010936204872256772	4.243703235229106
SUQZUB	-0.20489771950679692	0.022799423894498627	-0.05844650861519196	0.032154037030834304	4.328956152081969
SUTHOF	-0.020974324934109223	-0.039553945427602155	0.026615892935981433	-0.004306252686373746	4.685401814865666
SUVGEV	-0.3851452462077152	0.02568484101642987	-0.03586120512014368	-0.015871379907534955	3.7668986003032523
SUWVUE	-0.2386450888478988	-0.13968342610005613	-0.15647125555843777	0.0738627390972807	4.118705822739138
SUXJIF	-0.05562824697086555	-0.0763023664361695	-0.021195840602884708	-0.05663229592096797	4.481254153176199
SUXJOL	-0.05516213412470439	-0.08588151893696372	1.721790049291627e-05	-0.08064898690710098	4.425673827631089
TABREV	0.03553853421048592	0.04006219983639969	0.07532308844922309	-0.04177897231715344	4.917899960534536
TABZEB	-0.4539571809323881	0.018661273130657907	-0.05361708190200187	0.06634883936929781	3.735653909979105
TACQAT	0.15579639728538774	0.0956246997430168	-0.051739383163499575	-0.014421361773465757	5.3716763824595795
TACWUQ	0.1072665649963418	-0.03206832066967191	-0.12338673565353875	0.009167682229407781	5.114411248788104
TACXUR	-0.10869205108789814	0.11218387606864777	-0.12403856146783321	-0.02875956603088925	4.576935514289628
TADHAI	-0.13113461831245332	0.15172249905952828	0.049375277030362597	0.10906466671513892	4.822950807576627
TADJUE	0.15466273226195248	-0.2993469130140125	-0.10854823799204194	0.07095485786431421	5.155400183082427
TAFFAI	0.0767600288883914	0.02267159537279584	-0.07916694349622433	0.05333814974401219	5.1442499104419595
TAFHUE	-0.021885370653992098	-0.0813683090809465	-0.08398430467143059	0.029809914939284865	4.674984933186255
TAFJAM	-0.023140390778684683	-0.08000967298566275	-0.08035859653952881	0.026414349106897994	4.664165585351866
TAFLUK	0.1784563993253152	0.24235259052473923	-0.044069539073128494	-0.02061770516984973	5.667969342620835
TAFPEW	0.10269511567750644	-0.45508110419656633	-0.023755527815998212	0.03169869553518767	4.897659097854887
TAFQID	0.08392006225880788	-0.03079375561649167	0.11124381364460745	-0.01854807626301258	5.020295192004934
TAFQOJ	0.21075601661018162	0.11530456587532978	-0.028352921936771303	-0.08324764836508236	5.484967178646442
TAFQUP	0.2606973095670555	0.235858038747085	-0.07085415497616032	-0.061423823673889766	5.868082104379702
TAHGIW	0.12409766381227527	0.2832185236288707	0.0013230458686537272	0.05488334710168674	5.689086147847332
TAHGOC	0.07766315082848729	0.03677294501399331	-0.15752185245808037	-0.0042926204502095056	5.077991748258231
TAHRAV	-0.13784997533944376	-0.11938508037871998	-0.03217820657077963	-0.053359621349951314	4.190079220177613
TALSII	0.02133413368217063	-0.06346428327089937	0.12105236869706926	-0.030361990631718405	4.793443624819229
TANBUI	0.020509764682562714	-0.03508904708969096	0.15842314181268158	0.00944376358226906	4.886484187308991
TANCAP	-0.2796813832360985	-0.06549350225300232	-0.0446252283780495	-0.059790345652480426	3.8931950874708896
TANJOI	0.05249426813096836	-0.07672324680039644	0.16729607778317623	-0.0010179644495426077	4.945287613201914
TANJUO	-0.23827584498620435	0.05370199402038445	-0.05362543607206405	-0.10153622320449274	4.0918547957317175
TANLOJ	-0.2530154989383253	-0.006129961958914798	-0.01988978410993325	-0.029088853636883516	4.049373130815303
TANLUP	-0.24430149671250279	0.02862954550291885	-0.07518232675996894	0.005635940097674208	4.158589760279651
TANZIT	0.1765434326532591	0.11518030206346896	-0.0797885920164303	-0.027468099608285446	5.451590022822338
TAPMIG	-0.2382553002516956	-0.07400415578997599	-0.07539804090034496	-0.0027991382647241103	4.03751872644374
TAPVIP	-0.22898196288700623	0.034350953589645794	-0.09032758018063403	0.03488531253774485	4.234313546996606
TAQDAQ	-0.1713488123432947	-0.09675541275136146	0.029574746154446663	0.010544125443853192	4.238945736409762
TATGED	0.32654581813711303	-0.037615442056210924	-0.07515912627133181	0.009574833328417909	5.842911312904814
TATVAM	0.03180762022956429	-0.09341668686653914	0.03831767129459407	-0.0018695869822952238	4.8040951249742
TATWOB	0.04308939506099918	0.28670606872833737	-0.028828049493595964	-0.08724825426605065	5.21785088291858
TAVGAY	0.31703989127251475	-0.1011313957187383	-0.08860512827117994	-0.0983530010968019	5.623888599120045
TAVJUW	-0.33960829040291407	-0.1513416351185406	0.020776758156415998	0.07716376129615243	3.874617316957021
TAYFOS	0.15722105949256004	-0.09613291587939532	-0.07558332385025723	-0.0415907098265168	5.115257067191409
TAYFUY	0.16199838900647245	-0.13055553564102862	-0.0334962072341074	-0.03381295964035935	5.102962657547311
TAYKUA	0.10891732160439993	-0.2420831149230005	-0.12026668231206128	0.041518031155122204	5.010285200090426
TAYQOD	-0.12376107516130963	-0.07675887255295377	-0.06685182526179667	-0.0884056468984652	4.249042450421582
TAYWIA	-0.007505413499953928	-0.026510177897672182	0.014195208688985383	-0.023838845077718496	4.708626517675646
TCEPRH	-0.09599773759311492	0.1364051747750028	-0.05576070207724415	0.1557270263161865	4.946639714732382
TEDGAN	-0.21058549265666504	-0.24877385913573624	-0.011521541737661734	0.11949123094172776	4.2068703124353615
TEDGIV	-0.22752206587572843	-0.2558965628533678	-0.040206573522133304	-0.024008658341945655	3.9114467121868097
TEDGOB	-0.19824065452042716	-0.1080035726698032	0.034106351476082875	0.04327153424627217	4.191227890496388
TEDNAU	-0.19052021618512538	-0.23390465799785565	-0.08200946777908791	0.11200542615223363	4.239441473409186
TEDPAW	-0.1374373993007556	-0.04915939811074432	0.017588537126743242	0.11894786295616377	4.540523068028238
TEDXEG	-0.39380379398419985	0.04501034225608702	-0.025003531229849774	-0.029175997320960545	3.7580929157371545
TEFYAG	-0.24495353071994375	-0.036921529768595196	0.09823119364394706	0.014599906708323784	4.144067348394188
TEFYIO	-0.3920956407641525	-0.1094783750736883	0.14873052608671378	-0.12448811551558214	3.5297285458822723
TEFZEJ	-0.13708876496225764	0.09824457911224282	0.0004226021770652455	0.13765966810384644	4.752483570259949
TEJYUE	-0.0566173564421284	0.05203639868758403	0.1176121787838953	0.08223633676223019	4.871467691805257
TELHUP	-0.28722479127026923	0.04979749914650711	-0.03220192614375339	-0.047601944753107306	3.980150377939295
TEMYES	0.27052582800965563	-0.09450413204319608	-0.054609538043563166	0.0024026166780841685	5.5793618368355835
TENBAR	-0.07695122840996316	-0.04235597331208352	-0.05894754023212956	0.02032294825965686	4.554166335859288
TENBEV	-0.2284225409292615	-0.02264777619170566	-0.04848609109068902	-0.0005958489579782622	4.120317687318355
TENWIV	0.3290240105716782	-0.13786654724770586	0.014687473677266638	-0.04125973982704778	5.68000032018193
TENWOB	0.24327416373000021	0.03413516742160283	0.014817977448086328	-0.02546441201827987	5.587985810948464
TENYOE	0.3336540120732763	0.011786359121822354	-0.08907592788433538	-0.0332686411134997	5.853214898455693
TENYUK	0.32916898155824814	0.045847835733517694	-0.09569944472566738	-0.03321251470887998	5.8756489203336155
TENZAR	0.254168546954169	-0.1248987220769604	0.052569097370205986	-0.05813768065711422	5.411621354089915
TENZEV	0.265502091341824	-0.13544761691654705	0.028708937361249687	-0.056172825082210665	5.443026734204915
TENZOF	0.10131655952766172	0.14095930636026832	-0.06352729558230896	-0.09652867297784218	5.150382525075707
TENZUL	0.11837841733940113	0.14142700070295344	-0.06372220526936112	-0.08902693090594771	5.217105352169136
TEPBAV	0.02641913845952626	0.20878299572792836	0.02351559119160762	-0.0782895058490023	5.040483027906739
TERHOQ	-0.1802893970680135	-0.14837389309981597	0.05415015706152526	0.028792116343733243	4.207060956479436
TESFIH	0.07261627916888802	-0.0295571202456566	0.1351560527001654	-0.02448837197852005	4.9793123633543415
TESFON	0.003302296796423132	0.021406612622958843	0.10882102751751543	-0.13194414373640095	4.661990650666824
TESGAA	-0.2172011070494304	-0.0576956169434677	-0.06305403440056012	-0.11362744182002682	3.9759763154554753
TETKUZ	-0.10291409976788013	0.1267646635195736	-0.04523330812111248	0.13268935988908237	4.870444665007281
TEWDII	0.09688135880090165	-0.03854762995322858	0.12271858962628213	-0.015917523540113887	5.069157510990185
TEXQUL	0.16820805629258118	0.2048861188812232	-0.028898879818334944	-0.07713483520403996	5.489582803675292
TEXVUP	0.04844165655494326	-0.04846687327607224	0.09964536682397429	-0.0666373933222314	4.815323759789681
TEYKAN	-0.04167206888123376	-0.04811510276541764	0.0709097275632895	-0.014754583245843444	4.630563346754955
TEYKER	-0.284019960120657	0.0030990677443889503	0.07847936327185878	-0.0031016458953108117	4.0559050293091135
TIBREB	-0.10423228846710408	-0.02245286170518046	-0.0585488814604842	0.0770116223757561	4.609183262288621
TICREG	0.3310261397137917	0.05107967965761251	-0.06207894887716803	0.0026902467436342725	5.958317600036369
TIDSOO	-0.3230439804070899	-0.1028715231953714	-0.06896836995273947	-0.025034657585489173	3.7643819865044743
TIFVOT	-0.19710298657528247	0.20849439116768842	0.04132318709353555	0.15729571439723755	4.79314182019383
TIGVEK	-0.040451346193582705	0.1630180656223481	0.023350275441260226	0.18448969625822342	5.204857371678797
TIJCAR	-0.22629848653907403	-0.06322240979072768	-0.0509369780407436	0.10157770280399436	4.274953221819372
TILMEJ	0.2986050113468024	-0.11673390279211393	-0.03303685228335573	-0.030410370759805128	5.602707695135676
TILQAG	-0.010356392753054333	0.34766140778741894	-0.005042482281274463	0.2715810574129516	5.750664839601869
TILQEK	-0.06216033055351344	0.24195166421726322	-0.025888342501831696	0.23201251200144224	5.340563647999091
TILQIO	-0.059554774002877675	0.21550160618727432	0.004224422516996951	0.2386649280326516	5.323426751130438
TILTOX	0.33137234590556686	-0.015200694618132449	-0.0770853570447767	-0.001605870504924889	5.877137736596088
TILTUD	0.2998860458183086	0.16959376555698347	-0.08117753231150449	-0.023859840044916814	5.975105337011122
TIMTIW	0.08185107147207615	-0.16102061061802897	0.057860025874279186	-0.023417893355984987	4.89254215053275
TINHAZ	-0.3194046261964807	0.11381300384145598	0.03061270751306333	-0.030595626798799347	4.046427940454219
TINVAR	-0.2948933373800071	-0.1080040492835792	0.05913177320186036	0.005172496489354028	3.9196430888097424
TIRGEH	0.35423965416056014	0.03221474739765817	-0.06211710907330992	-0.05078305642617165	5.9547444632379865
TIRLUC	0.20618825108448435	-0.24526692947610274	-0.14529593326119095	0.09106342124587585	5.441705463856399
TISGUX	0.3424015874544759	-0.04901096878438915	-0.06076603332055819	0.003619055405979288	5.877872339261983
TISVAT	-0.013026066790704949	0.02628591021065052	0.019719887890224275	-0.009278989915833091	4.773027735527984
TISVUN	0.09909579122634993	-0.0427974149030268	0.1187944830466372	-0.0234495339585874	5.053520504645599
TISWEY	0.07853770708888153	-0.04314741223157359	0.1165570220920158	-0.011934043680476236	5.005478885706437
TIVVID	-0.2143753867227567	0.0943465176867857	0.06811138967674468	0.022964778320536117	4.340587827519169
TIWLIU	0.08894809650522362	-0.03667068380355287	0.14417351826746128	-0.016147035910851648	5.058335418346533
TIWWOL	-0.18105833319687403	0.045306460489828115	-0.03105609430111711	-0.048443935338496114	4.263849224098578
TIXQIC	0.2951809909244134	0.060236611981475896	-0.025397815075663743	-0.07545105780762762	5.744883488010552
TIYMUL	0.22323746880937811	-0.11179088313975516	-0.1373755070265894	0.02558535131529438	5.475489105021119
TIYSON	-0.21593220403239388	0.1215388315353172	0.06057863040430034	0.01907676404644787	4.4157610605418
TIZKIZ	-0.21225410645944787	0.24908979761501815	-0.05765534211622536	-0.06561330484387473	4.433570095992296
TOBBER	-0.3119446530656189	-0.14031896961380297	-0.02269625858930313	0.037176481190562716	3.8605997882174727
TOBTIN	0.3344656899319478	0.11135941648293013	-0.06218836667230532	0.003530638455619073	6.0565105107223385
TOCVAI	0.1835376947688312	-0.06384067384240755	0.054577731191441714	0.0983542087196364	5.518628496760968
TOCWUH	-0.19756082989243073	-0.16668141566541772	0.08514511053114027	0.0553374721978136	4.2043648116368075
TOCZES	0.23505954472302237	-0.2807376035540219	-0.1093528175045646	0.15310596414796107	5.589493670546758
TODYOA	0.13363878965755838	-0.13406728517663224	0.04451470862726192	-0.20428409670302194	4.813146321049005
TOGGUT	-0.08217199580105472	-0.013443048684513403	0.008534658817945795	-0.028119502627334647	4.507022190701973
TOGHAA	-0.21747578579069615	0.030038596870773038	-0.1000237059223994	-0.05169868044767645	4.171792090421093
TOGHEE	0.08772090947607225	-0.03340409154690516	0.15574642577617137	-0.033541484187721515	5.026696218030033
TOGNEI	0.05251667147192185	0.0474273733494468	-0.04689075367316975	0.09318877911582057	5.159800137344278
TOJZOH	-0.1662667669062925	0.05467426059744662	0.09887131383523551	-0.07381894609423134	4.319530166370312
TOKHAC	-0.3041291756418456	0.021832568451188195	-0.0622294042949072	0.04230779789299566	4.062986958639132
TONPIW	-0.24853522207458356	0.024394410108373954	-0.09410532810010941	-0.069646984672874	4.043627319320379
TONXUP	-0.22045202666704844	0.2643643498957555	0.15964454782870297	0.10360587624524675	4.719113872630774
TORFIP	0.08757145520846521	0.07443194916068174	-0.16858576801741876	-0.002147986706871885	5.1621603705526224
TORFOV	0.10203490575254648	0.05375650135953425	-0.17089715370894143	-0.005896734260332881	5.1925474781918926
TORFUB	0.15719814731327553	0.08265622167875453	-0.06465535536050981	-0.008141513643667553	5.383504901683944
TOSTAZ	-0.04028814670967895	-0.2316628078044567	0.0224502754491267	-0.02919537002304229	4.462183701546693
TOXBIR	-0.3519468723053516	-0.07968725329312676	-0.0772627369107135	-0.015640622263796367	3.7363593407194045
TPRCBN	-0.18517173606327764	0.18495236195206388	-0.021167800213379495	-0.08416743209903843	4.405946668662152
TUBBEX	-0.45438267902811336	-0.033708817338483854	0.025672757413104152	0.0016154382521160748	3.5959645676302934
TUCGAA	-0.021194913863942233	0.005093407259923577	-0.016946305433340303	-0.020901018105150992	4.71508521237427
TUCGEE	-0.3149792104463043	0.01028583859136134	0.00681360366073025	0.01486541747529313	3.992805745370946
TUCTUG	-0.018857428950453947	0.09034158292103767	-0.031376908683487637	0.22942598265024583	5.288344721996931
TUDLUA	-0.22002707077862294	-0.4191251769524107	-0.056130076992758626	-0.07753262459515597	3.7893968999593377
TUDXAR	-0.08173086281675568	0.28978562084699	0.07606963056480542	0.1415182452166116	5.238771813511197
TUDXEV	-0.08246533819504842	0.3022986813303965	0.08570931104810531	0.15035529025637662	5.285008276640074
TUDXIZ	-0.0726940740760953	0.31227997908011895	0.07271573064619807	0.1388501346935742	5.296698947526474
TUDXOF	-0.06516426246889395	0.3074944650282765	0.018391060536596227	0.15886080878477038	5.325743719357611
TUFNIS	0.10695253813965167	-0.1528899438647071	-0.07840770584527745	0.14335667583988976	5.221744277791826
TUHHAG	0.22852813965500385	0.12112628619392574	-0.10190146869554706	0.03486794479319577	5.726250671270317
TUHYEC	-0.14508854880526068	-0.20472244896571246	-0.02707118635125716	-0.0009441550617527161	4.212251779590048
TUJCUZ	-0.3230044543653101	-0.08537954348716825	-0.0851928241404909	0.005010094105311502	3.830288434583743
TUJPIZ	-0.015568108142652637	0.22349011367575455	-0.020429416436326564	-0.04653680426392337	5.0089432858759855
TUKLOD	0.31304832504328584	-0.026362425614246288	-0.08845886016615467	0.012747102308748537	5.8405043230183855
TUKYOQ	-0.1521449383839728	0.045828369962282345	-0.07897599458194748	-0.035425063931284084	4.350342109151338
TUPPEZ	0.3517988941242529	-0.24656531434303197	-0.04709285842958111	0.032306257180692355	5.850299636547043
TURHAS	-0.2227861443188326	-0.05870164795945554	-0.06422767058818035	-0.040497454993764226	4.053013902654673
TURHIA	-0.16862162132376057	-0.040685521878978115	-0.07093894927336741	-0.06334567298924187	4.184096221337361
TURHOF	-0.34751914670448714	-0.11412224321212294	0.11829094942359597	-0.07394713116009621	3.6711876995401727
TURHUL	-0.22747028878275177	-0.13002980963844823	0.0911927909468706	0.03781835301607783	4.1401575676257245
TURNOK	-0.26561895808104996	0.08963283951266332	-0.0655317064175649	-0.09652504709400922	4.071359684880264
TURSUX	-0.1529639210229754	0.35365896464614766	0.11946754526570125	0.0360799068645099	4.986363169561338
TURTAE	-0.2676305497869289	-0.01794957556838428	-0.05131406687851858	0.002554853199281726	4.068828703114526
TURTEI	-0.20212418568125923	0.35296993617637185	0.06315493051024457	0.016906242809411665	4.80355381451643
TUSSEG	-0.03639804222907239	-0.06410640991996042	-0.043843200313312014	0.08256603361941883	4.762631448350537
TUSSIK	-0.03779158060343191	-0.05933087172724383	-0.09241928219974249	0.06273395421755068	4.732917676421398
TUTMEB	0.18609694843934976	-0.20902458153149905	0.09062551200087476	0.013106196246431168	5.256711649983668
TUTMIF	0.2033822374664549	-0.16271759957563536	0.06711161841309021	0.00379565151544059	5.3081016973901685
TUTPOO	0.3222172733785529	-0.033764677335490045	-0.06715355708392257	0.006289842967354131	5.826717544724827
TUVBUH	-0.0018191082915994805	-0.023987312783226855	0.019264380359556244	-0.03304695901003496	4.713452962643293
TUXZAO	0.054191891855321916	-0.13253522569195386	-0.05040400758874508	0.12496969046549034	5.034316579110819
UBIDUG	-0.2836901317430369	-0.054348700915432424	0.04254994637289933	-0.07930464668181314	3.847070417522893
UBIFAO	-0.2898518487184054	-0.08402996697690979	-0.010103451253115736	-0.024084488984748242	3.87062077078327
UBIFES	-0.2565516782563635	-0.05414291745085231	-0.02443143625049915	-0.024054751540727226	3.9877927885149864
UBINAY	-0.17901679563272332	0.027572756609654636	-0.05306949254682847	-0.04307343366334959	4.263868274714412
UBOSUB	-0.04261313640979658	0.2646044831062606	-0.027510955634240553	0.0944103884337153	5.191877064486416
UCAPAP	0.20967124164614592	0.15199195964272816	0.09877119935280199	-0.11435189927230716	5.5353081249237785
UCAPET	0.06820755506534493	0.16092780172257637	0.12726587461457473	-0.10888101368053227	5.113585393205776
UCOPUB	0.09461607251552628	-0.07913683512628822	0.12309886377978851	-0.01177139890876	5.044619165155671
UCORAG	-0.399896155060131	-0.0378255775063967	0.005996368035980915	-0.03252616576560363	3.69257470948372
UCOREK	-0.04665803161084758	-0.07557828654239351	0.08290465510257672	0.012831958059691062	4.6158299733185215
UDIXOX	0.09533304532383058	-0.38802016241672277	0.02651049907229508	0.00027466940723064326	4.814985524869544
UFIBER	-0.22287044070966378	0.036124023411534534	0.0035723388226351904	0.049235190418325026	4.311857364476384
UFIDAS	-0.3325074379542021	-0.11782347247887781	0.061055103158920376	0.01837123417563935	3.8370175330935394
UFIPUY	-0.216521621193134	0.014802746121012511	-0.029684596828579712	-0.002465453354831948	4.1951393446988945
UFIQAF	-0.2139294350220391	0.013213359382577394	-0.024634875504635056	-0.005649791121352887	4.194948054393984
UFODOM	-0.2560318010222278	0.05527003261667751	-0.024709235798137108	-0.024374456445183545	4.108626691474295
UFULAJ	-0.277038888353492	-0.008320444861483534	0.02414386578859684	0.009898282750869236	4.0608795445217005
UGAXEG	-0.09324751471321902	-0.4826463019655871	-0.15059999939702884	-0.07285239927156273	4.090195727401025
UGAXIK	-0.09554998483383415	-0.48230752260619103	-0.1467206759086861	-0.07354999153608766	4.0811863884794795
UGECAL	-0.23443117501010335	-0.1095842443339956	0.001500833122814571	-0.00789717075564611	4.0345278365509705
UGEKUO	0.306990196782039	0.3055848082399639	0.07622899088618884	-0.13795542334484046	6.128671452484758
UGELAV	0.3856612853870347	0.24186906980760492	0.06843068960320942	-0.10398054207477103	6.332857183818074
UGIQEH	0.2232487099953424	-0.4780274055862914	-0.08355590015859438	0.20177704540525176	5.592494679651204
UGOHOO	0.300358560971397	0.17573874499416542	-0.06135262591228874	-0.00014672908989188382	6.012124492785844
UGOPEO	0.21216531044945164	0.25641804693441195	-0.001556950340544594	-0.013344027845903272	5.827436587555626
UGUSIY	0.09560045435218711	-0.10815668558047742	-0.017740111025954075	0.15296743892892095	5.23561113378146
UHIWUD	0.02399454268532697	0.008843150387324972	0.07380050777712288	-0.025701493110089735	4.86215666002181
UHIXAK	0.05362826675993215	0.06822698084335466	0.1281514728626032	-0.05096230548081171	4.976766417783731
UHIXEO	0.0416789209268682	0.028068266632398586	0.07265429784644906	-0.06422750837384739	4.860346881497858
UJADAK	0.1387705183232506	0.24541184418020157	0.037784601498553894	0.1264159125744163	5.807166115183492
UJAWUA	-0.18589339467309296	0.10996442879884993	0.05394788416302787	0.011208510856872245	4.423121773005531
UJEKEC	-0.03623733620305991	0.08402733767728154	-0.2389388580671663	0.19277354637005706	5.341469369043
UJININ	-0.49465504441920904	-0.0020809319908225987	0.10746211685030604	-0.04715021408942921	3.519660471886148
UJUDEJ	-0.268521219292851	-0.12788262274584938	-0.10928164519177108	0.06011683473400742	4.048745319899196
UJUHIQ	-0.2316680832212008	-0.13145029827488197	-0.11609756370541713	-0.01373841786062091	3.9884260037313317
UJUKAN	0.1425440052138498	-0.4764404296775513	2.8442909640657987e-05	0.04834589144320012	5.071895821375292
UJUKER	-0.02460253341376717	-0.3237572755753382	-0.018352175728944875	-0.005238966821841218	4.4722962054650806
UJUKIV	-0.019591615680839336	-0.31703125721432945	-0.011449478934772994	0.0037424132031963486	4.50731986445262
UJUZAD	0.11309919929784851	0.2732336295533466	0.009548433432536418	0.00843406892302323	5.565894931003686
UJUZIL	0.06769464551977888	0.27262994532896645	0.018929184698927015	-0.008975767844265903	5.40326019164253
UKANIF	-0.17402588953825937	0.023958291421301237	-0.04271747144345972	0.03501741747076925	4.384123736396452
UKIMUZ	0.24521361628954397	-0.0578198697956549	0.043307533847442015	-0.01545108884105828	5.503325937488162
UKOMOX	0.25280930563136517	-0.14746062798883264	0.03511128775713113	0.03123180461207209	5.531523534540418
UKULES	0.16124136031063374	0.2553192833514606	0.0339284423036581	0.020268761154915604	5.713050371594125
UKULIW	0.2801595944973374	0.3042314234647048	0.007413149493243898	0.007027929742857708	6.179836589120364
UKULOC	0.2659076696731306	0.305420049587787	0.0025060045418019428	0.008830145988699578	6.128200475963373
UKULUI	0.21153837863218872	0.14965281125162466	-0.004126309963179198	-0.034991530736790843	5.647302537527407
UKUMAP	0.26711482756594673	0.1361282187647741	0.003111797590240606	-0.04655058018562919	5.806216744025177
UKUMET	0.3520791842671378	0.12254981030161094	-0.011190439970329757	-0.06547531707115828	6.06989533508524
ULOSEU	0.11663980305975885	-0.08298080588318468	0.08859222238471443	-0.0327193284159063	5.039237476699697
ULOSOE	0.12946430372844775	-0.09464028250414014	0.09076132460094732	-0.02038086959221097	5.0966786947243845
ULOSUK	0.14187618276359926	-0.012305334838033755	0.06383168157724883	-0.0889064169341014	5.114592024611025
ULOTEV	0.10217932803499208	-0.09697737454059663	0.07503691218539599	-0.049535312405241894	4.9644546812964805
ULOTIZ	0.12233433573582886	-0.11010045725535011	0.09152843964773472	-0.008556997736449024	5.077906523081676
ULOTOF	0.09420138060376271	-0.10922650027387126	0.06244892774127031	-0.04590400052589205	4.923259607642473
ULOTUL	0.1308841571732997	-0.12122634062707816	0.06115545619092644	-0.07938600065681678	4.971211929310459
ULUHOZ	-0.2541542656905762	0.09287057220955797	-0.056570741888805065	-0.08944049879241933	4.088884045765084
ULUJAN	0.14896186806993095	-0.0712497274788193	0.09916819646635022	0.05562510592490699	5.321209415577428
ULUJUH	-0.3295272632771522	0.05770559974231526	0.019996660570231084	-0.016449267776228793	3.9535081663608485
ULUKES	-0.20334010711348283	0.08472645271789281	0.13894739377274257	-0.10063614019747202	4.252176304172506
ULUVED	0.1741580200157844	-0.09587287881161366	-0.028622852589188286	0.0038875711260760726	5.238842541153687
UMEBET	0.06140374464205811	0.024883175455185036	0.16993976401434496	0.009218107109300266	5.0944118523507305
UMEMIK	0.18133953568069883	-0.3427577339199792	-0.06435665399640511	0.03039874130851805	5.177470819135625
UMEMOQ	-0.3074528165116457	-0.15838779827614413	-0.07205824568022523	-0.05099067057882711	3.7016407995390677
UMEMUW	-0.2975625761632439	-0.18670103897380685	-0.07070302654225635	-0.0692191829658464	3.673280034166697
UMENAD	-0.25652235458956785	-0.0773170758585624	-0.11503839061988352	-0.05493690581554311	3.897384930722604
UMIKOS	0.31872085164219577	-0.07885860856097215	-0.060932675986632434	0.009474000946904648	5.7700879893080845
UMIPAH	0.09024182372104139	-0.052966575555145834	0.0726527581625811	-0.01807655840837763	5.029880957539008
UMUDAJ	-0.21868780846503433	-0.11856756252957323	0.06519882546610467	-0.032628754116735936	4.059136323796445
UMUDOW	0.03989383076097708	0.1959862956793379	0.13212671321137393	-0.05891061616045046	5.124122499492922
UMUHIV	-0.24645405925042785	-0.1140450068248513	0.10156050985353304	0.03893607803652588	4.143734363370754
UNADOE	0.1260237674753859	-0.07762797734843474	-0.06986807627179958	-0.02649172840252445	5.062400313442131
UNAFOG	0.24030917426869935	-0.0193451039067587	0.01062701151317591	-0.032725112158972225	5.522374591955954
UNAWIP	0.1477819485492824	0.12366650435330317	-0.057893152110491064	0.023079330292222977	5.465226795909306
UPEGUT	0.27706091413039724	-0.12922056346867072	0.007244895524495032	-0.01542912086566528	5.5361417802213015
UPILAJ	0.24326643575401485	0.15460147857042061	0.09121838606493116	-0.0989168879351735	5.679514256286193
UPOLIV	-0.2877906823995491	0.007972035637763941	-0.019695691113855718	0.03894656446575884	4.09211985854359
UPOLOB	-0.012903443119463898	-0.01602709861016427	0.03663757588185135	-0.016880112880856002	4.724190965595214
UPOLUH	-0.2672136335299584	-0.018970031825018996	0.021230696012105144	0.03837581711662674	4.123233116814655
UPOVAY	0.32086798773336467	-0.08788756298869194	-0.060729249845664635	0.004801325521031297	5.7647630412518
UPOVEC	0.319493449943935	-0.09293344693564443	-0.06631401410598414	0.005629544898025696	5.758790461171426
UPOVOM	0.31051472763143506	0.04190829126784745	-0.06479899723681548	-0.00418160204834106	5.870860637883185
UQEHEF	-0.26342732832890614	-0.13888671787503437	-0.027824172130741065	0.048767390534811605	4.005401602547563
UQIJEL	-0.03254663850822359	0.21950806942252532	-0.023708779320450235	0.11099475274212778	5.170714372247175
UQIJIP	-0.015058813587244924	0.27593001224124825	0.07606034383433724	0.13583271424002308	5.391093236536095
UQIJOV	-0.08602198803254968	0.33373988820321054	0.09925051166783483	0.1578761661563054	5.340403994307574
UQUQUV	0.09965241519321655	0.046231252411750745	0.1609608029967009	-0.02521733156338024	5.17810466356846
URAKAB	0.0006979519471039808	-0.2743764838534477	-0.03721128682020769	0.009968830421951624	4.59539283259876
URAKUV	-0.0006701120739465161	-0.2687742786768039	-0.03384766405436612	0.007052174321760862	4.582042882499792
URALAC	0.01444502343579357	-0.24596511822323008	-0.06057446762535412	0.02464329312437552	4.677769589143041
UROFUD	0.11692427093475555	-0.12855687575756392	-0.06450931851212904	0.14727402957864555	5.265850354478051
UROGAK	0.12453594347281838	-0.09750817967395298	-0.04669156773011918	0.15758219653730487	5.3391042366037285
UROQUO	-0.03841706330299788	-0.025025300647222526	0.01953218100946219	-0.033293193211914485	4.638323067424089
URORAV	0.013315367903381947	0.015170155278172448	0.08626875517332944	-0.07286323584870125	4.76997227450398
URUXUB	0.2909193998585695	0.043173429670116725	-0.02870552892749556	-0.0026726614746482857	5.807274586674014
USESES	-0.29828542657703405	-0.10154802772853078	-0.1135307553521947	0.006484104021279524	3.8699799252805556
USESUI	-0.2671576092675916	-0.03276927292395637	-0.09329867656001145	0.03096397646269744	4.074915967718904
USETAP	-0.269677183548233	-0.02795410831448919	-0.09179903362322928	0.030929532661391423	4.0746433172744245
USUXOX	0.24422676517249142	-0.009686973496590312	-0.033841383387615886	0.0015363201160388806	5.574886389285601
USUYOY	0.2860932965455354	0.25524289927745514	-0.046946833592472315	-0.008522318441402166	6.077107674093659
UTAPAI	0.2694619285508266	0.01827940919903792	-0.07682125341260515	-0.04574392832177543	5.6340148785278314
UTESAO	-0.40953508911089753	0.08081026779530331	-0.05914330255433642	-0.019193948081736356	3.779815829651809
UTIRAT	0.04264635326262134	0.030092695373187706	0.021804442371777588	0.014423753559195562	5.018166768940486
UTIREX	0.006599951099522272	-0.049177133401262285	0.040448550626509316	0.05939159450597309	4.900983794102785
UTOSED	-0.053596487588772224	-0.19959827912924255	-0.08774681677751728	0.02895456660993323	4.482488741098607
UTOSIH	-0.04237059281388289	-0.20973225425231523	-0.07534714402570653	0.05095461802801593	4.552219244969631
UTUFOG	0.1982124060060344	-0.09677779869657366	0.0529828390525251	0.010929613466131416	5.359146613603088
UTUFUM	0.11099998829538782	0.04221681370178043	0.1272200813173825	0.028039936553968747	5.274237536632534
UTUGEX	0.12453271695361234	-0.09302586061918561	0.027938176281647742	0.03300788733945703	5.154521845216637
UTUVEL	0.04781795288916024	0.04835968119449241	0.10308535619447867	-0.0086011361771402	5.0111299384911305
UTUVIP	0.04108281367226674	0.026363687291651505	0.10418220796408617	-0.00749150576096147	4.98202791734389
UTUWIS	-0.258940045304461	0.03619803229262519	-0.02929467557782872	0.04487656843051435	4.2096849169994135
UTUWOY	-0.2595293372033449	0.033687961343854766	-0.02950456075345964	0.043795123522255675	4.203143996020323
UTUWUE	-0.2586790986795078	0.029497385718938673	-0.024062767063685264	0.044697194980278465	4.20446765446352
UTUXAL	-0.25578231535547213	0.033836883743441515	-0.022466939968533106	0.04519711598569487	4.219907280586917
UTUXEP	-0.25351420964046456	0.031220088975152827	-0.02670990573071763	0.04413329327334836	4.215646984761342
UTUXOZ	-0.2816395250457713	-0.0006120587386333476	-0.04995685680749484	0.03777049756731443	4.098821421969726
UVASES	-0.3462241705264544	-0.03323172111985517	-0.0648107844389263	0.04743902481444928	3.8905991087830576
UVATET	-0.3456053770291574	-0.05136657312153181	0.0800044432687419	0.03844468427169012	3.8717059481798164
UVIHAL	0.2816202496158602	-0.040526175382805896	-0.091102825095833	-0.017106070481682334	5.639781725173857
UVOJOH	0.16666504016934436	0.23869194517740366	-0.036524341375650415	-0.020283828305964313	5.620703694624519
UVOJUN	0.1934407449254718	0.28471346601468683	-0.02982250606822312	-0.022869585780986856	5.790454875727165
UVOKIC	0.24179779878977659	0.25824360021322823	-0.007550953797683224	-0.009498751683446938	5.9362733797353755
UVOLOJ	0.18555871565996096	0.2399763220666502	-0.022758496920251003	-0.0559005340063351	5.641406255257094
UVUCIY	0.26592047165998256	-0.21778222440386097	-0.06776165924076727	0.1785066612393149	5.794567482198481
UVUCOE	0.2639370371057739	-0.19240594288760726	-0.057460795336774506	0.1745989371602985	5.797920425824577
UWELEP	0.19305910872272536	-0.20532019521848532	0.0877019059642361	0.011114272263257341	5.284449346466239
UXIDAI	-0.26869723175668403	-0.06012117344480972	-0.14098407601251117	-0.09087923981757473	3.883735383596346
UXOKEA	0.2129310803697675	-0.3377383893522339	-0.09909757112677364	0.12096916592115792	5.449621622642976
UXUSIQ	0.022091802598017463	-0.12827033037919078	0.06541152374249348	0.01906035501350034	4.785785844796371
VACDUY	-0.17029150109637792	-0.19558107071015174	-0.13389120124894327	0.03085620227085828	4.1851824607676456
VADQOH	0.0970146822295197	0.031231359471777687	0.09775015087688876	-0.03377305990895296	5.095827552938281
VAFVED	0.08074931316082568	-0.4075151743739267	0.04626812766550237	-0.007924242077330668	4.764740827975041
VAFYAG	0.08077874600361623	-0.07492343386839906	0.1160516816004229	-0.015773161781316936	4.981037259106897
VAGGIX	0.012126162817552633	-0.16630960422167074	0.09289935574402253	-0.11008273714837258	4.539986799170244
VAHMOI	0.29293517657228074	0.17993047954890118	-0.0006792494819263251	-0.1299695647268192	5.838919472876718
VAHPID	-0.2404309948095209	0.1806679665166202	-0.046179048450799565	-0.029848022361131377	4.335631952640848
VAHSII	-0.2694329422880659	0.038526711495933785	-0.05753531161387304	-0.019280509036082694	4.058039276940714
VAKLID	-0.11573562341805754	-0.11873162712225849	0.025355741306740676	-0.0921105122216459	4.233382266547823
VALGOF	-0.07444384379733426	0.11772649774929578	0.09588920822686253	-0.06264408236662034	4.641768039494988
VALHEZ	0.11676895014400612	-0.06922083882380914	0.08405660216737565	-0.05018033231647312	5.036055744593668
VALQOR	-0.28876909970483156	-0.1722409974421133	0.0045853443811394445	0.02106920046668692	3.8794272119275397
VANWUD	-0.03699875716116541	-0.04816653728256037	0.0647397862023329	0.026480631226463158	4.688958584655056
VANZIX	-0.2744373186413007	-0.15452935018863068	0.0235361285947413	0.0055396322420440125	3.927535582089134
VAQCAU	0.06009406716493526	-0.08417737217348131	0.06864842790739112	-0.05423966376295308	4.852743083407564
VASMIL	-0.27302412092881645	-0.05544783817783028	-0.13057121295344065	-0.05531723516265641	3.9140478859161263
VATHIL	-0.42111886520414865	0.005727544478139279	0.053336014939673326	-0.04025490431671774	3.682064482200574
VATYUK	-0.1895782291175332	0.16450740906663253	-0.1346342074971527	-0.0895818111348684	4.355289020892809
VAXNIS	0.009375774653630486	0.07198620228227881	0.026077440291012666	0.08549485966564097	5.043559335638092
VAYDUU	0.021744442534318953	0.21788610078442883	-0.07979731670535073	-0.032378068058380505	5.103514942812236
VAYFAC	0.002808373155848365	0.21528307404881808	-0.0930869144253843	-0.03570337498651199	5.032496368642263
VAYFEG	0.015606184303869952	0.0856591728565963	-0.08918959046413688	-0.051693511364407585	4.864741837075543
VAZLOX	0.010792145374013629	-0.11764757439217544	0.07646243377987605	0.016432989161453415	4.7726086718751874
VAZQET	-0.2948929476869242	-0.0441914971102042	-0.0512647002180493	0.02216847379880671	3.9926722294773684
VEBKOG	-0.05647890916678877	-0.214659483551781	-0.001933667250752391	-0.01771792510903014	4.450769119372408
VECCIP	-0.1753770785626525	0.21360668373399605	0.054011589154340456	-0.03279223438792245	4.54947768931807
VECDEM	-0.09339506323304159	0.14837762080097905	0.12874607217560108	-0.04983798579137577	4.6592174254967595
VECDIQ	-0.286446383307819	0.3130919682397755	0.021276148356601743	-0.0783125888465982	4.340482036446605
VEDBAH	0.03287991662495804	0.34661447461454253	-0.0850651754257088	-0.07049224080650762	5.317495997026915
VEDGAM	0.055380919828105224	-0.14754936159556498	-0.14624634549734794	0.06968032243733802	4.9158443461544366
VEDRUU	-0.2576906005050077	0.19185890382906123	0.1062749864550756	0.0757816356534744	4.500266176131794
VEFZOY	0.15099255514923993	-0.1475751913343213	0.05105323804576667	0.09338837263343336	5.306005022379803
VEGDUK	-0.24286030034008776	-0.2862407262196187	-0.12581844328312686	-0.009267315151726074	3.8566797219792623
VEJFAS	0.17700321740443759	-0.11796783104430686	0.09778506333291714	-0.07819881027737918	5.138949566832343
VEJFEW	-0.09488594278705298	-0.111268381866374	-0.1507835132324904	-0.12456798251687196	4.268852440273848
VEJFOG	-0.3093969503976659	-0.22490197257007072	-0.12627545879957713	-0.06397898013631653	3.6358376904365133
VEKFOG	-0.31079376512982937	-0.15919662663103873	-0.18231179638339734	0.09654824259227712	3.944461743724679
VEMTAL	-0.26183233703648545	-0.011698557218531302	-0.09222964425146607	-0.05818868458806903	3.964064961009033
VENSOA	-0.180581179298954	0.3470450217724266	-0.09445838642196658	-0.0657647620992482	4.7354429628460855
VENYAR	0.2903329945813744	-0.11046128441026504	-0.04983358137959315	-0.013733084204380575	5.6108475545543515
VEPNUA	-0.3900178768669038	0.0624258254016099	-0.023002154547678177	0.0253525342025942	3.8674954964067276
VEPPAI	-0.37037304638851265	0.06662624712291931	-0.03551235288680643	0.009884409455652499	3.8868268425941395
VEPYIY	-0.3058996349548859	-0.03384578303849661	-0.13126604629955918	-0.017863198408860637	3.867800367534997
VEPZUM	0.18411666029698903	-0.12352347579376177	0.08168439647064818	0.0078017433233376066	5.3107119791004935
VEQBAV	0.12705891182738815	-0.08203033234699886	0.14274219547925027	0.0059372695516884955	5.185650382316909
VEQQAM	-0.343684577772865	-0.016619901669265413	-0.10066085193753804	-0.02403574265280506	3.804224421008524
VEQRES	0.02254171381326131	-0.08722428126362036	0.14499591488753727	-0.03215195621404976	4.767522344180771
VESPAO	0.3534261650131887	-0.20421207701607935	-0.03902122811878295	-0.07702784567463672	5.675566602985795
VESWOF	-0.19719342001993123	0.25634951037176634	-0.0827133436143015	-0.06446526157109433	4.489766059799191
VESZAU	0.20189278425707347	-0.32890434032111693	-0.13099049717437428	0.10408715948743497	5.40589706432589
VETCIG	0.28368994676798165	0.12289100427806465	0.024604166172278896	0.00805016076376519	5.906620914805666
VETREU	-0.2700946864481564	-0.04003566978896078	-0.055305783824102894	-0.004789065137994819	3.998706461327702
VEVTUM	0.10404006099927754	0.21903114782776179	-0.05998324588673176	-0.06004038928920408	5.31694868418226
VEVVEY	0.1045223207080066	0.25032774205879704	-0.0620631319090188	-0.0666558801420315	5.365827954453805
VEVYIH	0.24275345905910717	0.21918226680375907	-0.031098523552375967	-0.01093118078550881	5.852325754785157
VEXNAR	0.10382899804527224	-0.2102757029197484	-0.014740096982942541	0.08006708453869071	5.083257068721925
VEXNEV	0.08191634339800169	-0.14150959718299871	-0.008527555481405269	0.07992804783697083	5.051492776306354
VEZCIN	-0.29273617818702125	-0.2304460867550875	-0.1093335957970738	-0.13581260334553236	3.5675063994628458
VEZFAH	-0.041486393655648435	0.11045921423210991	-0.023429697935026805	0.1515039648803267	5.059033088685169
VEZJEQ	0.03358927156725189	0.005685881131174408	0.07590049774890661	-0.012066873586733862	4.919445965699095
VEZJIU	0.006354450966849168	-0.048585323107164236	0.07567041639310967	-0.012865793301248152	4.76692939499704
VEZJOA	0.028033571222827902	-0.012827110641753237	0.0781863213533791	-0.014988346236421646	4.878600970851363
VEZWUT	-0.3425933774443919	0.00678162986619224	-0.04521376719944015	-0.026791777999279676	3.847860261363722
VEZXAA	-0.14290152213861185	-0.007352147424773303	-0.029030091969793448	0.02081180580740849	4.426192123034678
VIBHUL	0.3130555712012826	0.0465059403915129	-0.06994956452651957	-0.014267884504240547	5.868607993468338
VIBVOS	0.09132830315436946	-0.12183941899874728	0.1363381292328958	0.017141974850994002	5.027281964413125
VIBWIN	0.06152890861265581	-0.12505882712582217	0.16369279928616276	0.05686714086370648	5.018167292306313
VICFUL	0.2194713331051057	0.3729458576877347	-0.07090155330625558	-0.01982811789639416	6.027949038175412
VICRAB	0.077617039629986	-0.26328877744421053	-0.028421519343257318	-0.07881238184511519	4.7211188023621915
VIDQAA	-0.04382779726798036	-0.2482822291062834	-0.09133127509617389	-0.0433361145007507	4.38880621597496
VIDTEI	0.0268679227207147	-0.041855130197026025	0.07208096780085671	-0.040427749342386354	4.780050620535219
VIFMIH	-0.1621225266356665	0.047521854097725136	-0.12034448846293433	-0.08110230584936728	4.25739909720082
VIFYAM	0.23683533015857083	0.025041527649670936	-0.04708212462548622	0.006228615597510534	5.600157883648321
VIFYEQ	0.23130016132826325	0.03352125144403528	-0.06931352545377467	-0.007351549076274999	5.572032706005102
VIGMEG	0.2661077085843093	-0.16367348862447462	-0.01942755248986283	-0.015042768009496887	5.471571127437816
VIGWAM	0.013455815268026416	0.04231207375586976	0.06919003757550524	-0.008514907599336707	4.882246414504618
VIGWIU	0.003918038462351614	0.05973798522932938	0.05567991277622597	-0.0337308416514559	4.833975529081017
VIGXER	-0.38549778754060315	0.2953809494826247	-0.12692323201325473	-0.02326592175971598	4.138209736959483
VIKDIF	0.029182100933716093	0.21524021811416594	-0.044519019823399786	-0.11210120533844137	5.003306143923153
VIKNIN	-0.24113729887817548	0.25861417607390225	0.13270894639268604	-0.053090529569490785	4.454779310271137
VILYUL	0.2906138149229571	0.05247151648071391	-0.06890108867805878	0.014142558343362865	5.821866268461795
VINSUG	0.23776938351947452	0.0951182622384561	-0.09563078830649685	-0.008306659412505413	5.672147193515692
VIPVUL	0.2291629962895101	-0.2734831516133631	-0.14942547773167458	-0.06603321079883584	5.261076835234059
VIQLAJ	-0.22700237617180763	-0.03461989645129737	-0.056343167196390986	-0.0006877280479385961	4.1124007135982925
VIQSUJ	-0.18385082850008772	0.19185342741549016	0.06331141836402443	-0.0686403083248388	4.436133392792133
VIQYOL	0.26758292819057194	0.08867816903775161	0.010634762764721195	0.006678413948793427	5.798907783430103
VIQYUR	0.272649645568694	0.08230645123229019	0.01724621274257343	0.0074687045708193844	5.810962308703397
VITSUQ	-0.2565379611450538	-0.13260262299229386	-0.007583193529166143	-0.04048121353903911	3.8834579316219235
VIVQEA	0.031956146321010515	0.007282777692558806	0.1701413722513263	-0.009372166051416442	4.937609370896431
VOCFOI	0.19203416880965918	0.21008217157769815	0.027921399433105343	0.03206599469824334	5.740088122758117
VOCFUO	-0.26376252816434653	0.0425435325032133	0.02591614741960324	0.05039082949447393	4.216008278019361
VOCGAV	-0.0325394574357345	0.1435567099984647	0.012124823845866661	-0.015045010844367157	4.876320428424709
VODZEU	-0.007436199985483949	-0.09083953206997997	0.0922804075511181	-0.024503844363029548	4.664288476159885
VODZIY	0.017393550379225076	-0.11202829140357462	0.06611430929615869	-0.02068985878937779	4.739117628770332
VODZOE	0.016079497009089838	-0.0031529101660043857	0.09940694411295858	-0.16454526691938665	4.6193340288277795
VOFHUW	-0.32620746190049177	0.10063468233035389	0.053057442069505134	0.02262733789053717	4.090319307774558
VOGFEG	0.22851952346886595	-0.15079439239486803	-0.051601612237994754	-0.09507840047491611	5.233941229750251
VOGRAL	-0.12255736474446866	0.08002378532171806	-0.14115232839112757	-0.08917491050076809	4.39737016798099
VOHSEQ	-0.16018332415157155	0.0764714840680476	0.1283757778771637	-0.10541281918660317	4.3691789056291865
VOMBEE	-0.011058667083658769	0.10768155106473554	0.1088780404409384	-0.024383461345112045	4.895119761735351
VOMDAD	-0.33861588934829356	-0.11626423092517424	-0.03310158496908633	-0.016448935098268058	3.756873500380679
VOMJOX	-0.250386030192697	-0.08082792412905082	-0.00801856982125515	0.07878236129209337	4.160016268509069
VOQHOY	-0.3011527310188695	0.056219401106822886	-0.03256097670245017	0.06117538649295817	4.155275851986324
VORROM	-0.2770666761712961	0.13518839621535816	0.08311662716588164	0.1150212059259409	4.425011586326185
VORRUS	-0.046353660485291215	0.33776127949738166	0.09492529676690475	0.11773638580798329	5.374475120489987
VOTCUC	0.20126016048561146	-0.12303816857838612	0.10567063630934359	0.047659616028631446	5.4495007775224575
VOWHUN	0.271333013139504	-0.18999241163217806	-0.044428241137837166	-0.0435926503195726	5.427696744357951
VOYCOB	0.1436908967932946	0.22438799350224237	-0.06708596111950915	0.024752214743270273	5.587456632080033
VUBYAS	0.13097871042428233	-0.008698857763330903	0.14747946915325527	0.005168802738280132	5.270290609217794
VUCDAZ	0.23442246744133088	0.22698639021569322	0.022349301967500068	-0.023647619845930223	5.843540475304231
VUCQEQ	-0.22930403162063273	-0.03563154605573793	-0.06429430157186711	0.003244879209246876	4.120526093010156
VUDDOO	0.2546760201245104	-0.061163084164550074	-0.1297572233218156	-0.01146927498718886	5.552670981673376
VUDHIM	0.05435898082090551	-0.06087046979230326	0.14535027052150262	-0.0315109260037828	4.888258840711584
VUDHOS	0.04813610970717663	-0.06862462559247895	0.11365177389932879	-0.053497222691298085	4.820034231001298
VUDLEL	0.0660713018330168	0.11148444129758195	0.0709710831847925	0.09947080997010282	5.332140054051437
VUFMAN	0.019740765955745587	-0.02882801625794018	0.09347830922725575	-0.024180843695562615	4.8186547612084905
VUFMEQ	0.1407118489986261	0.34230500372538053	-0.034465525855233325	0.1252543946277369	5.973520456473219
VUFMIV	-0.2881120756457707	0.06195044735234356	-0.02853787619118875	-0.0371753237704876	4.021793153172978
VUFMOA	0.10241031987223304	0.019899502146941916	-0.07797552366668525	0.08407508336340808	5.285965667215674
VUFMOB	-0.28334757009728717	-0.07749101822831506	-0.045749865270369394	0.010929579485567276	3.9381592142368853
VUFMUG	0.15773299822253373	0.1771009477527632	-0.07914193422214688	0.09062428043275172	5.683821954393696
VUFNER	0.12178433650518228	0.13628931401756317	-0.10147814630550767	0.08535367576262609	5.479948833983697
VUFSEW	0.22947774924439734	0.2508095264310275	-0.07542235090561822	-0.03319505918579235	5.822355666035217
VUFSIA	0.2403958062333147	0.2609662099922052	-0.09684384128059986	-0.03013166222197783	5.887353287232012
VUFXAV	-0.12792099764403675	0.11590712984634344	0.08109596270328434	0.014819422085949663	4.6007286165958305
VUGBEG	0.17897163117748205	-0.23206880202857083	0.0003311510803722939	-0.050728204988977454	5.093845384337608
VUGBIK	0.19747160792264307	-0.22518120693396382	-0.01644344537149056	-0.057814763885064124	5.1428452193028225
VUGBOQ	0.22867979843167863	-0.21190527809163884	-0.0213299931303903	-0.06601409552908255	5.231040845852542
VUGBUW	0.1818728494044093	-0.2166450002825313	-0.03323750287533178	-0.05986228347405764	5.102921507875836
VUGZIH	0.17977219568256197	0.19347960167346523	-0.006057883637579975	0.0037447466917980288	5.633293183588011
VUHGOX	-0.21549932497994395	-0.11023802044763453	-0.14547671516441518	-0.022034845864704278	4.066810528534332
VUHGUD	0.154509569468543	-0.18137852024405077	-0.07608888184015927	0.16522925873611605	5.421077520462854
VUHHEO	-0.2251377223968125	-0.1267690938995476	-0.15454449719268637	-0.026793347310347215	4.019445535549844
VUHHIS	-0.22514600254182748	-0.12657245661317118	-0.15494625610898316	-0.026902660359632846	4.019391541716956
VUJFEN	-0.3301773180004455	0.018217200710044956	-0.0186078095358031	0.024326841064940763	3.9412861534703447
VUJFIR	-0.3202582608548612	0.016333869958617964	-0.02455716497506799	0.026902251953210943	3.9638906109228276
VUKCEL	-0.2560086534006185	-0.14170672975248788	0.02808334369370402	-0.060044983908119076	3.8989413848273218
VUKCEM	0.24035633161014003	0.13076694921756538	0.003460782600724688	-0.02736114451491456	5.700848135010667
VUKHOA	-0.09950611141320942	0.17252471074021836	0.018464886094286426	0.15287340676472594	5.019389528775519
VUKTOL	0.09410499817807771	-0.0014431545464170803	0.10493009672101494	-0.025087652391373783	5.07537480773099
VUKXOP	-0.38471956069725954	0.09315672445609025	0.04898544529358806	-0.05843906526430709	3.849618134386846
VUMFEO	0.2243749238155499	-0.06032982455467195	0.1319065176331271	0.0035898573352044494	5.518351296583924
VUMYAE	0.22687725395648206	-0.0755146441153074	-0.0861723622483721	0.030943899967941668	5.538882934677342
VUMYIM	0.24021008342143046	-0.0808325424614833	-0.10766981474026416	0.027057906624105676	5.579325208007855
VUPJIZ	0.35500705330601834	0.2980901416369619	0.033126113596953166	-0.07437631453403404	6.310475370295795
VUQBOB	0.18691406531916277	0.06744968146538755	0.15352917626088614	-0.012367187640051847	5.524892880248289
VUVQEJ	0.03398220985355449	-0.01889446349046109	0.07880933107025934	-0.01390406902635899	4.892810873407665
VUVQIN	0.04176325971766737	-0.009576925056384855	0.13394437403773574	-0.0016184657059234997	4.947903181093286
VUXFAX	0.11808531099115349	-0.17082515467008474	-0.11024137327920958	0.045951138948921	5.090194822396327
VUYWET	0.2659431147405411	0.046518685897761536	-0.06215039900953889	0.010185415605149628	5.733335921663814
WABCUX	-0.08090911741297191	0.2002825002859585	-0.0025329191995933087	-0.05085132405977921	4.736211035271438
WABKOZ	-0.16998644101574456	-0.16615587358764006	0.01232926230388487	-0.016686342720991232	4.1547594522861075
WADSID	0.2415898251240467	-0.07964602436924872	-0.08115494791880407	0.02193469504636425	5.5760590423623055
WADYOP	-0.27391604064985686	-0.16343349904939464	-0.1723412156389761	-0.07260175889571907	3.797254275498172
WAFYOS	0.14889934432695417	-0.44225804156096404	-0.03685166551822694	-0.0216281799052106	4.979896432296051
WAFYOT	-0.21120985115131052	0.03557269189841872	0.012492368507262874	-0.009996581027262197	4.232998113551822
WAFYUZ	0.03223658750010738	0.0813480836379119	-0.01026859437405836	0.16260951249886435	5.315224932077763
WAGJET	-0.10084983925663771	0.06676013425916771	0.02471133409493098	-0.02369096343214938	4.563935883132052
WAGKUK	-0.05280346082454024	0.1254943508904982	-0.02205160650274074	0.259312357147645	5.2584582251034915
WAGVOQ	-0.05822276202887888	-0.044276524972492126	0.0015164757834205123	-0.00934904451902141	4.614908290634881
WAGYOS	-0.17115453285086013	0.18373476178761994	-0.11420762198382706	-0.08998167062753237	4.428095321993962
WAHBEN	-0.06355423219671819	-0.026354282264749784	-0.04709681805747734	-0.10334536537157324	4.443434236318607
WAHGOF	-0.06796405272628636	0.05240999112997846	0.12724512892230266	-0.10285391594823257	4.556360227138745
WAHHAS	0.16414253476371066	-0.04239723741192902	0.10351147521566828	-0.056576939205647214	5.229792055461865
WAKYOA	-0.30561449743774705	0.08805532840653685	0.061231353101920405	0.08632227369338386	4.236523419026672
WAMYUH	0.1439235105076584	0.19713530808384627	-0.05651788007405911	-0.004286974217550199	5.504917374804808
WANFID	0.12442853740826898	-0.08106675623594972	-0.02676193397300186	-0.05343664325770392	4.994488748623644
WANFUP	0.12920355976678932	-0.2199579148234334	0.030316028846002707	-0.06448935477085593	4.882467908655525
WANGAW	0.11895847571768003	0.06065018720932924	-0.05029430331000717	-0.013228569829128345	5.205560573961033
WAPSEN	-0.09156331658369221	0.3231525367038275	0.10890455692165313	-0.01749501552989441	5.050229188651564
WAQXAP	-0.14193717455292698	0.0306230975595283	0.14431867145349964	0.03873640965091241	4.55895592445611
WARGAX	-0.053739505795391995	0.22530924846481915	-0.025262646086627205	-0.10426599037764916	4.8419613224971725
WARGEB	0.3050971736605752	0.1792591979982987	0.05106501767977312	-0.11813081846342621	5.887310218703754
WATLEK	-0.11849541929537355	-0.15133533856117443	0.0832775018398828	-0.013727648338236476	4.317919721137009
WATLUA	0.14385816461710688	0.010214693071487257	0.1148291840163671	-0.06722677459744342	5.223893526958923
WATMAH	-0.27710367090099286	0.03948247867600152	-0.038823346649897506	-0.07490055099582493	3.9907026158735555
WATMEL	-0.18133355026166353	-0.12931155622213764	-0.028419299720576108	-0.1207254389789637	3.9965581871256886
WATMOV	-0.18287403300088312	-0.14592982161892132	-0.04640610432094672	-0.1426491076601697	3.9404173241390055
WAVCOM	-0.28373259314433796	0.05711494617984414	-0.028946638672528557	0.008586471745178903	4.093388865301476
WAVDAZ	-0.28194486859998125	0.06219449100462837	-0.044919749463985026	0.0034506720367089017	4.090692790174511
WAVPER	0.20379441511604224	-0.025095035235034757	0.13821400754064683	-0.051149629044679346	5.375461731031906
WAVPIV	0.17890943254114244	0.020333998320985813	-0.006573612119530559	0.19235055271780488	5.773674127393534
WAVXOJ	0.1489354052119749	0.2724010718127139	-0.1078656930086983	0.07607866804983632	5.780824266106839
WAWBIG	-0.25598886171047686	-0.009782194445967729	-0.048413688437843216	-0.017960453294007417	4.067419714536575
WAWLAH	0.2218744505767698	-0.014081155978293847	-0.05489338977777103	0.04444389629254808	5.601947371069167
WAWLEL	0.15890682913414134	-0.25119698343213037	-0.06677205372879902	0.19996303159417395	5.442299867369695
WAWSAS	0.08416362984118608	-0.41356328988540847	-0.009304373964547752	0.028223134975068676	4.844589771634602
WAWSUM	0.082054848003839	-0.42214936021890304	-0.007435521265659606	0.031675102172172176	4.837515618809366
WAXFEI	-0.020653319726175567	0.001327638456918745	0.002256323119645298	-0.0032874334730674803	4.737726909989111
WAXLOA	-0.02969782331270343	-0.04293917799237823	0.13174807796717825	-0.008938063628249338	4.7031398485135005
WAXTOE	-0.36226879764067865	0.034884550381712565	0.01695021094146587	0.10248360478844987	4.035493607683431
WAYBAD	0.11301434574414282	-0.16330275979452158	-0.10332923699244834	0.11748588989090614	5.201753009924249
WAYKIQ	0.05470731953867425	0.04697955413408783	-0.12349231830664609	-0.023650809114170723	4.974815141702396
WAYMAK	-0.24829227756014882	0.040979726811923634	-0.11463401059513045	-0.07885719566984883	4.0441810049900395
WAYNAL	-0.324183703147376	0.018647261390923653	-0.08336618763906278	-0.0013376912688872755	3.9331859569898286
WAYPUJ	0.11692568351343091	-0.011300673392478533	-0.016412441209378015	0.029567955570672377	5.217911866760114
WAYSUM	-0.21697425115054747	-0.13379240783317337	-0.12362955217249705	-0.04302774785107044	3.9575107704219037
WAZBUU	0.2735794053048126	0.15089804869981416	-0.08046933097669862	-0.0071629983428112	5.86421605226648
WECHIV	0.21749574373076186	0.09661202519900902	0.06696607149904032	0.16650238228928205	5.947122472018053
WEFQAA	-0.4284474203585755	0.021406414989172173	-0.03251274212746713	-0.01666378098309007	3.684640663806241
WEGKIF	0.09244047031267266	-0.07835811719773522	-0.07267100405535953	0.01421349949638695	5.017320143856677
WEGZUH	0.15953802457027422	-0.12347803046109762	0.13373768457907897	0.015608998516078776	5.258035301735123
WEKQIM	0.2264001044974724	0.23372418965494113	-0.04899533539003653	0.002243474567037995	5.847938407047092
WELQOT	0.017001944189142915	0.06386126103482415	0.039743080157134125	-0.06002560099033416	4.861654153689757
WELTEO	0.31551928379060623	-0.08328388547373589	-0.03543850605908272	-0.02137308840049723	5.710013290449222
WELVIT	-0.017938561813314102	0.09082856623551683	-0.08606109024996766	0.14382479608999366	5.119462788287152
WENFIE	-0.2043147043820086	-0.053547331896028005	0.019804279549892945	0.007018505681676834	4.166016057446743
WENPAH	-0.27254945697043764	-0.08757922662840878	-0.018390412798634737	-0.0089620713098848	3.969566632935878
WENPEL	-0.2700218286484959	-0.07594503282875209	0.002096224057367646	-0.029323486668805465	3.9669488769273054
WENPIP	-0.21370389819255897	-0.04272597794202149	-0.06064724344466099	0.00534821780278838	4.1836478062451405
WENWOB	-0.4262257233362421	0.04263893974377231	-0.09974416520989027	-0.0702644668762773	3.5987535328991784
WENXAO	-0.3364906259861824	-0.009511351852961702	-0.07430298957188963	0.007692096391854086	3.8787481001107733
WEPZAU	-0.39347780748298744	-0.0046050491059164145	-0.0003700140461853074	0.03266299133041595	3.827828913085321
WEPZUO	-0.226696372441761	-0.17589222461339493	-0.1028466253460325	0.04713307656091836	4.055115115754505
WEQBOK	0.0948422448658155	-0.2530878804753207	0.015505864420234161	0.09804904848273421	5.051917461894887
WEQBUQ	0.08196610413656691	-0.2478355164624697	0.01476888050887748	0.0914946351104744	5.0010369521686755
WEQHEG	0.11947265930372009	-0.09580515200887385	0.13578876179416643	-0.06595905180762596	5.018735534903135
WEQHEH	-0.17133243008993282	-0.19505632174643228	-0.051349070707534805	-0.08418875187827002	4.006979660845594
WEQHIL	0.11442539472996183	-0.0188564298562075	0.10330139217465817	-0.07272321680501492	5.046566806225619
WEQWEV	-0.44864383460844337	0.2453741941889982	-0.13801902366866892	-0.06658043078338338	3.8347017428763013
WEQWIZ	-0.47221801473545555	0.30670366925707837	-0.16423031185403625	-0.07538241613782848	3.8788941936853534
WEQWUL	-0.30551884334000046	0.12978290183446628	-0.14589246585792748	-0.15655582847649074	3.9221389758175365
WEQXAS	-0.29969060440628725	0.13473830660651798	-0.14679723295527958	-0.13852150471624058	3.9663205493398546
WEQXIA	-0.38776771941757016	0.25474558850572304	-0.1570686821517775	-0.11809961873923569	3.958550100556971
WETHOT	0.026994179283025943	-0.057992760274077515	0.06836863312647279	-0.002802465301665169	4.8527580652649815
WEVBEE	0.2102263038934309	0.2236878431478515	-0.0014194037466566112	0.01766913301104356	5.8125627053433195
WEWROG	-0.264312480902815	-0.14002854914349427	-0.08917742707866538	-0.023486828499615253	3.9130197069290786
WEWRUM	-0.2953397933693096	-0.09659780270324392	0.032335804085610986	-0.003173061993557158	3.907495302301998
WEWSAT	0.11666734695441994	-0.24583549893938517	0.09222343579864245	0.008590717617060428	5.007838770713746
WEXNAP	-0.402352003978353	0.06534107392754551	-0.11775864740837139	0.011762710288951261	3.8256298924204923
WEYDOW	0.20753099257398588	-0.013347508640198402	-0.01443682052840356	-0.12950094885124153	5.222066351721654
WEYFEP	0.21520666160010737	-0.024206541132490766	-0.045400574001403404	-0.10181944590396697	5.308011592783616
WEYSAV	-0.16828183606185698	-0.06704721537488112	-0.10038676426219006	-0.0737214871519547	4.174099914323398
WEYSEZ	0.08330706791635967	0.05751323692101318	0.06862553619963774	-0.02682882958171595	5.103656010232885
WEZXEG	0.007363436884618935	-0.06210329168153006	0.1620008393429111	0.0015316218812616578	4.809839443748239
WEZXIK	-0.4414968148016438	-0.014577754908364327	0.05820779647465124	-0.04230149118592896	3.587507153004973
WIBROO	0.3269642268214752	-0.37697163501245434	0.02411980956547044	0.1123139242857416	5.859700133541747
WIFVOW	0.18510749741667043	0.4145319690268927	-0.08065367190397099	-0.05618041704332655	5.922223248128859
WIHPEI	-0.3533935707117766	0.009898700612414935	0.06753460924725019	-0.05115286145455289	3.8103656530278713
WIHRAG	0.14559702035994926	0.18755668037642703	0.03437379182051159	-0.04047440754698595	5.476120803185591
WIHREK	0.018822056187916658	0.11802219830304672	0.10239371726795676	-0.02326526739063728	5.034815893969762
WIJBID	-0.15806932088555725	-0.021652972206426035	-0.03343863282854187	-0.03324788534892931	4.26397695217831
WIJWOD	-0.3078234284741481	-0.009861386088151125	-0.03612574028841209	-0.0008869175296131182	3.948621524476171
WIKQEN	-0.03460088473376688	-0.020669606883167546	-0.012248301649509408	-0.058719807576161465	4.585618048105663
WIKTOA	-0.3042814981103401	0.04372377750829237	-0.02937096924972571	0.017346685235144266	4.047754896381528
WIKTUG	0.11456913742022845	0.17477399016426176	0.026747135924533927	0.03208911515325752	5.515081032940284
WILXAT	0.3053064625568158	-0.16343525028098105	-0.021726073083724096	-0.00380780547447801	5.6287026681338315
WIMTUK	0.0413147947288226	0.4616429921016949	0.14246613138082664	0.16415355296204537	6.012454096497318
WINGAC	0.1281089270009721	0.021351277210164277	0.12311814815539868	-0.025166336445539672	5.218156883574824
WINJIM	-0.18299209372775405	0.06442776221900903	-0.004788725168290764	-0.00857172252678895	4.333577123187072
WISBAE	0.2919776122829103	0.27395150562572557	0.016091890217624583	-0.06786753547985236	6.049596237971574
WISTUQ	0.15879739916755975	-0.07615762826175665	0.01044465214731849	0.23143963403636247	5.6882836862669715
WIVCUC	0.015557145354589963	-0.20916550117019028	-0.057918098177329735	0.14451751017026382	4.898681249177933
WIVGOZ	-0.032545668474415645	-0.029988253044912927	-0.05630561916331911	0.049796327263395446	4.747668558593784
WIVRIF	-0.06554331485446063	0.13031868944444236	0.08741943762128845	0.054022640057978855	4.878214402281814
WIVVAY	-0.34285640731336176	0.06453326757531253	-0.06871683505107962	0.037614056446584665	3.9906499835154703
WIVVEC	-0.39964881902731064	-0.005772444693806111	-0.06751131972244595	0.01060215431535727	3.7380430130174656
WIVVIG	-0.3440721708228316	0.050400016712356166	-0.042917080822215015	0.11438034732701452	4.136741157276508
WIWDUC	0.04029390949850953	0.06398104831036822	0.09369522790133877	-0.0018221553355328712	5.022822880144152
WIWJIV	0.088048290409529	-0.008234636034757603	-0.025020320133331442	-0.0029875570271129526	5.071290970609583
WIWJOB	0.07469076280002973	-0.02220019792898187	-0.00829937601141828	0.0009781117482660084	5.024366400458695
WIWJUH	0.08461400742018776	-0.044658286765198785	-0.042378910864849795	0.002346811813912719	5.037529986546125
WIWLEU	-0.020472417295739564	-0.2691679178561961	-0.0797569670537921	0.03920839983888802	4.5738470776367794
WIWLUK	-0.009975367820221237	-0.19360636601177394	-0.036729747006509106	0.08114946097811782	4.735427856410428
WIWYIM	0.09756282814287598	-0.056114870488817026	0.12893771829518874	-0.015294476847272809	5.070821303428771
WIWYOS	0.06119154941218552	-0.08064982511411722	0.10509246583238485	-0.021939536693277195	4.903762809182601
WIXREC	-0.07787565564344723	0.15381648276295223	0.0033574878789539575	0.1183610779787011	4.985783337848741
WIXXAE	-0.042605308074315396	0.12760209122734967	-0.006422767581739652	0.12933846136538185	5.067507629049887
WIYHOB	0.14117223432174564	0.08130491012504093	-0.01713618902435332	-0.06929874030098837	5.2272055840754685
WIYZOT	0.2689136516080328	0.04796572368280749	0.07813117666870295	0.004154143043907044	5.716451389742154
WIYZUD	-0.15323259722426785	-0.011213157472595103	-0.011541430586805124	-0.0656862697287125	4.2673151030981815
WOCMEH	-0.2939742710969009	0.02393727642126464	-0.06183813556966733	-0.008497467832263683	3.996217899210956
WOCMIL	-0.42196408921673534	-0.08632780382797023	-0.09751698693525834	-0.0037210620488572488	3.5832568656366313
WODBIC	-0.0007062985434891367	-0.03780678197210374	0.03934125824771173	-0.039130117050277136	4.6999448866887565
WODDUS	0.11782098608829727	0.250614875235605	-0.017951827837096035	-0.057431465166522866	5.452611796104203
WODHEE	-0.24315350353633414	0.009861732642018506	0.013714301814666596	0.11744346199390765	4.340996365940007
WODHII	-0.24929983044690873	0.012079680176445784	0.005869944564980578	0.11100182293181848	4.311451878407121
WODHOO	-0.3102779629794534	-0.00583328572069064	0.06894015867028247	0.03457773462193181	4.04611031674867
WOFBEA	0.12911570627573044	0.14228892083095346	-0.037649024887271176	0.060566628223667984	5.5037408694607555
WOFZUM	0.22196640893181074	0.08776167479675046	-0.035506879357255494	-0.019805053909681347	5.574031935054078
WOGBAV	0.2217140187422988	0.061966365610560015	-0.032451134192966524	-0.025569573710418125	5.5241499235804685
WOGGII	0.18033063286408346	-0.07033416622816713	-0.04908910721766335	-0.06971374551431231	5.1770630924160645
WOGGUU	0.24163967331763336	-0.09566962102291177	-0.00902052391181618	-0.012285700620572437	5.45747781381309
WOGPEO	-0.21591998893079256	0.18602453819632325	0.04706413849713331	0.12775848265070788	4.657289230445409
WOGTOB	-0.1749992242035887	0.2679523924604279	0.061715279753642216	-0.037359332549735336	4.6156298642454745
WOGXEV	0.14873342113714383	-0.04730276898541064	-0.0274686465040217	-0.00910369384129539	5.194536830907011
WOGXIZ	-0.24926644590655878	0.03205236575178105	-0.11467426467527608	-0.07446086965629173	4.039410838473836
WOHKIN	-0.3657485621437475	0.010517547457719711	-0.04322458351925129	-0.0014385262859322179	3.8229106147762217
WOKZEB	0.1051666042893209	0.0030010243538960424	-0.05758897346808056	0.02364452588439747	5.162861022683968
WOLCOP	0.21124885755071965	0.16572174436640585	-0.052569223803676124	-0.0016616052312187213	5.684051713353922
WOLYED	0.182288245098166	-0.027984669952627605	-0.04700213050538249	0.04568465313781389	5.424016056251395
WONWAA	0.2316068073371933	0.014147347187911219	-0.06603130277927427	0.006096296084667774	5.557118880981215
WORJIZ	0.08550645337009621	-0.11127124126825683	0.1595988476048329	-0.030450630841658555	4.957408820132577
WORKIX	0.18706411930262368	-0.26586499213648107	-0.06132183885916587	0.11041555900404998	5.35734028407004
WOXXOY	0.1338633401521352	-0.0033557626386309103	0.12557445234664089	-0.07196282737825421	5.154350077557785
WOZBEV	0.05730514526216801	-0.12243458287791409	0.13107339794659922	0.003849692983249664	4.911081387509124
WOZPOQ	-0.19300407545670617	0.002866316818880499	0.0908266167594094	0.013762766804691018	4.307137264491728
WUBJUA	-0.15798766198381342	-0.10960950759195542	-0.033598021455308213	-0.05013623293260383	4.168151377143907
WUCQAP	-0.13182397213724517	-0.11060834907707306	-0.02938133276695698	-0.04122867246617645	4.2272856600601925
WUCQET	-0.21490271793038662	0.03267890731865952	-0.03394438169549807	0.043062085687172846	4.322582779655926
WUCQIX	-0.24164449458225312	-0.028883681778520298	0.035194520082204805	0.01268586963750118	4.126114079635414
WUGJEN	0.12228092568868654	-0.01860314745739533	0.004940458120623825	0.14522892104488105	5.420134279751706
WUHREW	0.189903803336684	-0.1163119815168554	0.04633098780084288	0.027274894374866965	5.3854302924941155
WUJVAY	-0.11404986346999424	0.04898759430024269	-0.012586526576144674	0.11082006484183193	4.719927017563198
WUJZIK	0.3935788180727515	0.2649130695841593	0.01769750183680352	-0.11958874874003589	6.360702448842024
WULCUC	-0.22518035855423757	0.14274588748044614	-0.043085172939191674	-0.04812937345457946	4.30887152124557
WULSUT	-0.18390165013893656	-0.11567945322120865	-0.10662226364269811	-0.05428556066452417	4.09290863354507
WUMQUR	0.16601935058634698	0.3865118247602708	0.03644564291415575	0.17815920065452906	6.250101843516127
WUNCIR	0.08194692629050326	0.00889837262181059	-0.07751408240143554	0.02939230034507523	5.109027348064278
WUNCUD	0.13529608269433657	0.20771275810862866	-0.0842199886359214	0.04803105793931006	5.578004881784329
WUNVUW	-0.03633381523756851	-0.020982502952020088	-0.007682955060987373	-0.03619493999598744	4.621128024015992
WUPHIA	-0.21045692831398144	-0.10311603821849769	0.052448114653647515	-0.028751586248345506	4.079167823381525
WUPHOG	-0.20519467244700373	-0.09782032370603355	0.0445570172333738	-0.02210181588065263	4.1144029120628085
WUPREE	-0.43550457582754154	0.05877702343604252	-0.020534950442759214	0.02457258430847431	3.7687397626292594
WUPZIR	0.06586390013394405	-0.181715864976693	0.11976677504485944	-0.019125881588302418	4.849476425574797
WUQHUL	0.1950093191019393	-0.10252127520001464	0.1130440030829638	0.047015578406822134	5.456921638184352
WURBOC	0.37899461105923526	0.25939749154907465	-0.14444231744127056	-0.03629551175146606	6.393968755336635
WUSJAW	0.1915711103275055	-0.08035967559941204	-0.07852406140709589	-0.05027050491485141	5.235837441260269
WUTNUW	0.04874385128567704	-0.10284801292887247	0.11364448214349876	-0.04946951926287757	4.8274583096484935
WUTPAE	0.03902517936998473	-0.12194153050248335	0.15056927193556002	-0.016339700332501872	4.847968329804084
WUVBEU	-0.04212514276967605	-0.015727986941149297	-0.01540276763425541	-0.0819012412933452	4.549078258250381
XACLIZ	-0.2568521100342156	-0.04333360256025465	0.0006971240951343383	-0.016465746406100656	4.0272526545181115
XAFBOV	-0.21861489821781577	-0.10592163680738143	-0.08653096266725235	-0.030776456285922515	4.035370694040324
XAFCUG	-0.12848095000003745	0.01910305958594094	0.022272284406342102	0.12662055567165342	4.693674581171953
XAFGER	0.0893314836275736	0.0403107025132301	-0.12528401563497993	0.06385510288451779	5.224721848995553
XAFGUH	0.0954535037056945	0.06615944144660846	-0.1471541933346423	-0.002637216003088194	5.170107304281668
XAFHAO	0.0768359534726617	0.07240150201316675	-0.13677288693412648	0.046131191112599	5.188579145327537
XAFKEY	-0.3060879546200992	0.0077991975856130935	0.08621399590522105	0.051736814177091195	4.096689771835021
XAFKIC	0.004260031748108961	0.03430418433703197	0.09434344984022092	0.005477293085115464	4.900958383563581
XAFKUO	-0.14897673737306527	0.031269405800195216	0.022335470710854066	0.03527349036029226	4.485927050861678
XAFROL	0.3495737306973128	0.006493541178099527	-0.09208409922435656	0.0038316178149887525	5.961265160270438
XAFSAY	0.30357015046828906	0.029733364644023652	-0.056018304400058616	0.028926957366691153	5.8620305442713265
XAHKUQ	0.24369132658323567	-0.36719170536253953	-0.16061465218451598	-0.001539216398140253	5.355433905175799
XAHTIL	-0.0011126482644474578	0.022903089356483886	-0.03645398447897752	-0.04138659992152016	4.745916909827838
XAHTOR	0.024944446028531964	-0.06585926362243422	-0.05093011067053954	-0.02828647353111946	4.746840282677686
XAJQEI	0.3281761040053168	-0.03294311895308688	-0.07217661601742731	-0.006654922359723647	5.843909831978527
XAJQIM	0.3384244643903562	-0.007390489520042287	-0.08628729551325365	-0.0025718646093654263	5.9206881841116905
XAJQOS	0.2168664517867418	0.11501432016674817	-0.08231988189904071	0.03371719032304887	5.681888462514688
XALXOA	-0.00685606805357164	-0.17910900047651235	-0.033311605696952906	-0.016201544435952897	4.570202233177625
XAMTIQ	-0.2527609110409166	0.12594753167152417	0.0725051634385836	0.07964482109161153	4.392504914833816
XAMTUC	-0.24983116752205392	-0.025410901261359253	-0.009873238475883728	0.04149867695970233	4.135572653177294
XAMXAM	-0.21153882524532674	0.1792019017009947	0.022891299285380917	0.1357104113649953	4.659959556108256
XAMXIU	-0.20705795955152984	0.181398729161101	0.025745748929707712	0.14444196056641756	4.703914009427154
XANFEZ	-0.4151486104280473	0.09724524643414689	-0.053118617419724234	-0.025724870974912162	3.8045619217444377
XANTIQ	0.2368902265509254	-0.21515907228068176	-0.07954274546247442	0.11785998249013141	5.554928542656822
XAPMUW	-0.02081950449595027	-0.12945039349968757	0.09317031245339602	-0.020949331736493604	4.629820426252934
XAPNAD	0.3474569576997295	-0.2984994453621119	-0.2412167050587053	-0.026010614410781674	5.8113349877969185
XAPSEO	0.10859393456807354	-0.4522408603409098	-0.017574807958984362	0.032132792038066293	4.921174857069372
XAPYES	0.1667404725305408	-0.2929114241302351	-0.11695619242998556	0.09635642141498302	5.2498141399931715
XAQFII	-0.03680555506169281	0.12288297865438658	0.007583931268525079	-0.13404640953052238	4.661385761113814
XAQFOO	-0.12022108030982803	0.2388346166425075	-0.10396651055035067	-0.09810007367148477	4.616502012543642
XAQGEF	-0.09549637290937629	0.1867935065534736	-0.12489176704120131	-0.15114684374270282	4.543264946559683
XAQHAC	-0.14985612007687643	0.20171370005062617	-0.0414133679416131	-0.05534551056984294	4.561592502727152
XAQHUW	-0.13686333105173953	0.1963852407318476	-0.01865710110821217	-0.08947398530909734	4.5185695020878525
XAQZUO	0.0894615422254561	0.016443816852905968	0.129424606455252	0.005183454160595957	5.1546335682351785
XATCAY	-0.15959100164605755	-0.1381602299766571	-0.10569482535819219	-0.10321550419209469	4.04985686890229
XATSIW	0.3071174094956306	0.24316056698009403	-0.0026669446010718634	-0.05313804495639596	6.062301808699363
XATYOH	-0.3955378422118092	0.01942969416113627	-0.12508680816991724	-0.048466326195529486	3.685433763883583
XAWPOE	0.2617106205260957	-0.13822083210634073	-0.002983041768200634	-0.03682527307748751	5.455282869629947
XAWQIV	-0.10205585353488278	0.001798654506625752	-0.04983980275948241	0.10213221787074456	4.702837923375032
XAWQUH	-0.2114999300635816	-0.14452589818077266	-0.006120819561332258	0.020507594587298228	4.091712809859169
XAXHUZ	-0.14390794429500242	-0.13759108723412972	0.033929564625897024	-0.02519016537628993	4.219632046872984
XAXJEL	-0.1861498966584938	0.13279938350480736	-0.020195769220256343	0.01546135319650166	4.457404128869644
XAXNIU	-0.25230553048411997	-0.23307761958509032	-0.11898008417914285	-0.06552119255689759	3.8054773017303587
XAXNOA	-0.2983028624149353	-0.290434409572095	-0.07794321361582979	-0.04534898670151677	3.698606995418888
XAXNUG	-0.3001685366752287	-0.2714437015565552	-0.08192662632664205	-0.0210195776283153	3.7312176848441108
XAXPAO	-0.25676407865877326	-0.2023682309507564	-0.11083122609485985	-0.07809695790665716	3.7837738955667755
XEDGEV	-0.037467286614269124	-0.021586397773714072	0.038492537747648825	-0.029426936815007076	4.626282256395708
XEDQOO	0.02832232734581641	0.1486755187801614	-0.1530035089307531	0.0033779325338355592	5.068918800278571
XEDRAB	-0.015560475383056716	0.08254313095005683	-0.11827172915373096	0.0067402562359683005	4.843345313185108
XEDRUU	-0.3010435033461578	-0.04685743591059266	0.13786873550453493	-0.004653060246529672	3.9315066161261436
XEFXAH	0.09841633271742323	0.2044805216626555	-0.08228438600778598	-0.02157362314450384	5.32784011818016
XEHBOF	0.07330381034489086	-0.1076323196989315	0.14229008128775233	-0.008991362537006276	4.952873080843771
XEHCOG	0.2844999274563502	0.037135830378358214	-0.02884769117668462	-0.04954116916089968	5.697794670541957
XEHXUD	0.2830412868235599	0.10299409427285378	-0.20558981153883016	-0.16684494834404873	5.703414882995375
XEKMUV	-0.15230346661443073	-0.21728268269148554	0.13754923478270786	-0.023911765946420527	4.192256685918842
XELPOT	0.051604135570580745	-0.17752270460936748	-0.03308447386594571	0.0862428811881879	4.932000345205612
XELPUZ	-0.021372468649178966	-0.1004170988407389	-0.009193717998184248	0.08425113315503463	4.768149831140068
XEMLUA	0.39413588398137556	-0.06587807307642501	-0.050198311663759654	-0.013667540055956495	6.0612987537675584
XEMMAH	0.1948546068490633	-0.08770525749593316	0.010141543850292978	-0.022551155477206652	5.310394803121867
XEMNOW	0.29573075320286124	0.144459493139375	-0.03465403759028218	-0.0063415118548354465	5.958241977944208
XEMPAK	0.18153444230354632	-0.18162270152438276	-0.0047375006854764035	0.007581346724975124	5.212540139649951
XEMXOC	0.018799426285685872	0.04709290677831346	0.05274815469625738	-0.0159254203983622	4.881946625779432
XEMXUI	0.002704791995292055	0.05558360940269269	0.04186421200649759	-0.0013521749073757139	4.887503368598343
XEMYOD	-0.03479694165617575	-0.022136417955956222	-0.0173650556901499	-0.057802589186690456	4.581358738601972
XENBUQ	-0.2142630647766286	0.6009348917454185	0.06692510880023939	0.16838005601696315	5.540958957392529
XENCAW	0.3642236761139195	0.2640804744947469	0.009520583542796501	-0.14608024549177212	6.22368013185027
XEPJIM	0.17194083922177805	0.11279496863407346	-0.06673258738889842	-0.06894767319739281	5.377820942818675
XEPJOS	0.16933543688513497	0.2111896723490072	-0.06985768526512715	-0.05327652592167076	5.54024728013142
XEPJUY	-0.010610841250625391	-0.0021410518386537625	0.04341074309992887	-0.10123758773108893	4.638623191951908
XEPKAF	-0.11960601162000128	0.07967966657674852	-0.14353638706516114	-0.08713388521945886	4.406080830836184
XEPKEJ	-0.0349256188057967	0.2417217371627962	-0.048979075841965036	0.010530032548717205	5.041146986292223
XEPKIN	0.10966703227793273	0.1725930730213947	-0.04668032411548384	0.008425198454603211	5.3839221484952295
XEQMUD	0.0893536903750003	-0.17215496355079796	-0.11967617796377095	0.1563859393856426	5.183909253288295
XEQYOJ	-0.04629311822368187	0.15018701930634748	0.020582951556547213	-0.017236820710967105	4.85446793191046
XERMIS	0.031161903759470366	-0.42504274542746057	0.04361787437881315	0.0023381151586906457	4.648674384826405
XERNUG	-0.16544071529946325	-0.2548230695141316	0.007517258662572468	0.010178234735090164	4.149337866757404
XERPAO	0.015187148603508227	-0.14963201886445954	-0.058739752974432236	0.06536455504011529	4.837092504129711
XERPIW	-0.010611313105775011	-0.06972182316322817	-0.05621882070220874	0.13963173959919128	4.93245740785621
XESLAJ	-0.2592688328515631	0.10514492390811103	0.04544421399625276	0.08392254309662261	4.3446238386546945
XESLEN	-0.32345269394935294	0.08553479860520952	0.078323560451945	0.07111849363500466	4.127643191453552
XEWHOW	-0.0813506722668258	0.04757283963302772	0.01360160636787655	0.007195266976409043	4.641036691997813
XEWRAU	-0.37548009115638936	0.008144821105585454	0.0032946600080023813	0.06961825485743245	3.924285372340324
XEWRIC	-0.3834894473491668	-0.00651950759809683	-0.0244046123488173	0.08768417549075713	3.9111952884459713
XEWSUQ	0.2883085894504265	0.18233815958018385	-0.06709712984296079	-0.1012083969885913	5.841811963701407
XEWTAX	0.08385860952079138	-0.1022651517461255	0.04904313445151964	0.03208936935259821	5.030431211059501
XEYPIB	-0.04310058295332375	-0.23542753607427858	-0.08997954756317394	-0.01689925461090902	4.431194511544111
XEYPUN	-0.033985884815524336	-0.23355110817714975	-0.10839195370766408	-0.01907946590871179	4.472459340290352
XEYTUT	0.18162551529105242	-0.19450908947312295	-0.017665787679264078	-0.065239926960737	5.1215284035293465
XEYVUS	0.15511416324581706	-0.4974664413297729	-0.007659375952381531	0.06484439395084307	5.110775115945733
XEZSED	0.10650018470179257	-0.09734382656034368	0.16082473466776026	-0.04090563076729725	5.025641995584256
XICGID	-0.04074203961207612	0.10003528319716626	0.049044920121511515	0.11224846131110544	5.020487515289955
XIDKON	0.0063115429376945364	-0.05315068942929635	0.062410351469535774	0.007311293017402298	4.797090557833063
XIDLAA	0.006118903374686013	-0.03238953827322355	0.04000619300942665	0.0214293212925587	4.835342530998516
XIDLEE	-0.23585372359280887	-0.11434571953953876	0.06908188412914806	-0.023577127337665593	3.998442055153318
XIDPAD	-0.3104802554238808	-0.1920545294251914	-0.08594126658204626	-0.05258877788974492	3.6654101549947926
XIDPEH	-0.09273849091124386	-0.03491452996281952	-0.07443502066717556	0.009182408716775114	4.497443250685811
XIDYOY	0.23689345322759303	0.06328001175744946	-0.0010998352237665543	0.006361166399069806	5.654592678005042
XIFXES	0.24332651427981	-0.18462158693003827	-0.00883473752798225	-0.050864988135518985	5.348974404747454
XIFXIW	0.33829041069844434	-0.25621816181016377	-0.019087900608589115	-0.09786048538443237	5.527837797388785
XIGDOJ	0.269878549067732	-0.1547595613425985	0.03334888919254131	-0.0659100832836963	5.444073312677839
XIGFAX	0.2177816000913091	-0.05213903484494642	-0.0600998387892262	0.01018536467718012	5.449406639195953
XIGFEB	0.2092899781900388	-0.02365995478519256	-0.09115134769256383	-0.008062024472238472	5.415869198411292
XILLAJ	-0.12962214799781435	0.2583050909747273	-0.034133003591557465	0.026645076147579827	4.859534227610709
XILLEN	-0.21613051223097401	0.05866198639601805	-0.07401660848384761	0.0435140219189849	4.315371736808963
XILQAM	0.17548863251201752	0.09437868579998687	-0.05334905796049716	-0.03315349737227369	5.420203620931746
XINXAT	0.19222960339136286	-0.1494169520152926	0.0822113501423849	0.015937708154416086	5.328864734980519
XIQLES	0.0767894159329745	0.3416711900870322	-0.10052998402725977	-0.13309762129421987	5.361940482846267
XIQLIW	-0.0009710328090259956	0.157988815142577	-0.16488752132461926	-0.1566983700179343	4.761520007108211
XIQPET	-0.3286956656481774	0.0593759063743704	0.04121886063656177	0.02933552289650354	4.01568468990544
XIQRIA	-0.32039594015939166	-0.21369876192192083	-0.028134233235379114	-0.0011395707603096827	3.73944363815475
XIRFOU	0.07816245729210536	-0.058761395002533856	-0.01606906240875916	0.08110165893569299	5.130531963441765
XIRKOB	-0.26061824115036814	0.11639232601147054	-0.01373794722948718	0.01714094011297085	4.2625951969564895
XIRKUH	-0.2267037891980157	0.13353706895265205	-0.006016640080924063	0.02540948873165605	4.391280691896736
XISGOY	0.07979135780969537	-0.12191471120404218	0.10755443600080827	-0.05597945272447824	4.882897690534854
XISGUF	0.07779740097929944	0.2476236292734768	-0.06060674172970559	-0.07531221097780738	5.263406432455245
XIVJEU	0.33512454803092906	0.04353565881110244	-0.007118384517869947	-0.056978761471672024	5.851244411446788
XIVPUO	-0.03504005426762191	-0.23639220011179485	-0.1042935946890815	-0.01805105887316527	4.460945034213482
XIVQAV	-0.02861749708433825	-0.23953837527131583	-0.09948139114041998	-0.023225229776817513	4.4806144610902665
XIVQEZ	-0.034590901375974425	-0.23426699277314333	-0.09901958956205359	-0.023102295695459074	4.45069516041785
XIWHAO	0.330421877208118	-0.09995583866285385	-0.08058821029902075	0.008747380022677276	5.8044588589322865
XIXGUI	-0.05615344378708631	-0.004904834786364276	0.08814226782649426	0.03299849791844267	4.704842901898535
XIXNUQ	0.22922964690639525	-0.16009610349996284	0.08085046034095189	0.03677183788125049	5.468644630043589
XIXZOV	-0.08417319048421845	0.0990503244578873	-0.022027897717759704	0.0165391318252891	4.68351791225708
XIXZUB	-0.009711435911111455	0.08461932514358139	-0.03415675083456815	0.1389238907858683	5.100706341069421
XIYBOW	0.10926216467996674	0.15929891366764926	-0.1149355512024699	0.03291937448073001	5.4113175205014
XIYFAO	0.3817057063853566	-0.08597013997497793	-0.0937812625379233	-0.11045098547144216	5.843561698478803
XIYFES	0.3192038193967641	-0.08594760827559211	-0.046696407334941625	-0.014357222634834632	5.731182696313563
XIYFOC	0.2911159531183447	-0.07571261564314868	-0.04520212537479762	-0.033346172492489945	5.610314931649193
XIZHEU	-0.018165486791837715	0.05023908874733385	0.03599492495743939	-0.08618299722651634	4.7036868159078935
XOBFUR	-0.3497720683348027	-0.055276277846906474	-0.05331177201806958	0.012410447408866654	3.821586242905565
XOBJUU	-0.13825237319792172	-0.0636017405194802	0.001470362464324415	-0.037685690083858026	4.264769768685436
XOBKAB	-0.21646932776406458	-0.14446591436929013	0.0527876376653853	0.01440523928007642	4.09520606732189
XOCRUE	0.08562132264085909	-0.009162201948955673	0.10170648949542782	-0.04872590883313532	5.015093489062487
XOCSAL	0.1030439659490674	0.019267676051685445	0.10499471984513464	-0.03689013778042016	5.10511986941851
XODPAI	0.1083462901763177	-0.002978584010757679	0.10188074749419807	-0.05760043958132122	5.0692666592256295
XODXET	-0.10905503498193769	-0.039759637538928416	-0.036576873008038246	-0.03668914690535985	4.380379865770296
XODXIA	-0.41106640453585497	0.1614001396099396	0.08981980872681872	0.07158828568314846	4.08714561468713
XODYAR	0.1745992710355706	0.16411864400483278	-0.08536368062439736	-0.03223845654324531	5.4866627129549554
XOFHAC	0.3158990836180817	-0.05342295559078192	-0.09605312299281699	0.018365107854232843	5.80598548535451
XOFHIK	0.29765529249582023	-0.08949292520233687	-0.0944461356213051	0.016800528182826513	5.69779145689289
XOGCAA	0.3093166332733781	-0.12304125272962274	-0.048478903950249785	-0.007810639983812928	5.675728157211024
XOGCEE	0.31841321720398286	-0.1196723681234042	-0.042983668384161344	-0.005507897364480208	5.7126559840801665
XOGCII	0.3176782490148957	-0.11881733039894371	-0.03749748157949906	-0.012085178370850658	5.704516507198516
XOGCOO	0.32095698057472033	-0.1269020418728115	-0.03712915736256095	-0.00014157333626396706	5.729236812937819
XOGDAB	0.3221879548206372	-0.12271408561591235	-0.04182871300297886	-0.005792012946189584	5.724640365459834
XOGDEF	0.32469247323413075	-0.12572676885697698	-0.045599086301760794	0.0034400430233098023	5.748563588263129
XOGDIJ	0.30725316485142207	-0.10134867871870412	-0.0458363033247029	0.0033890171475673414	5.706019164467559
XOHMIR	0.08525680033004557	0.14980459251915512	0.07017801923603706	-0.1364977769174106	5.081837294010476
XOJLIR	-0.4005746620145325	-0.039851737514480234	-0.0052788934357932416	-0.12156329401596888	3.4912279792066174
XOJRUJ	-0.11129200181780985	-0.03486986278948789	0.050543441290629154	0.0007033547766790438	4.442375596873735
XOMGOV	0.06265866710492451	0.018729100131171794	0.09312033755358651	-0.027353689238503676	5.0084692351069835
XOMPIZ	-0.19790264007570957	-0.238494227128615	-0.02259182389224268	-0.10227649598464339	3.8703967319091657
XOMPOF	-0.19486467077295644	-0.23998462738335813	-0.030027184894689807	-0.09861529060168006	3.8843786094297794
XOMPUL	-0.17449572671002178	-0.22030888112730196	-0.04941635843435166	-0.06905680462317265	3.9987071867294373
XOMQAS	-0.055962984885996825	-0.15556468729967587	0.02660056977429437	-0.0941163620588823	4.371984810743606
XONZUV	0.08892423531291671	-0.0490299368182292	0.09045607167824499	-0.03568490175163208	4.997931338594454
XOPBOV	0.07455098394140203	-0.03910785298779773	0.15699938301498095	-0.0050856291723895275	5.036846806652235
XOPRIG	0.1130701194810313	-0.09189785629627423	0.12425463423490268	0.01366268223462097	5.13206946754504
XOQSAZ	-0.13350830838729388	-0.035177773859299766	0.0033047593734008007	0.01837087905561463	4.412284921289702
XORRUT	0.14375988917577498	0.3093123764874619	-0.06952580060564606	0.04985272667878371	5.767327141531482
XORSEE	0.11854403789612888	0.17657253966938447	-0.11546991953745311	-0.005936021634510458	5.380590073516705
XORSII	0.12421335866806116	0.16764649827746547	-0.11729192225845764	-0.007306249748208371	5.384215824346616
XORSOO	0.0869224039431904	0.20838839403437026	-0.1274799441891461	-0.005241570537221518	5.330616183445359
XOSTUW	-0.08261126863432766	0.07063155921519826	-0.07694559155454606	0.08261887049229621	4.765296546777817
XOTCAN	-0.04512909265382037	-0.06113218526706232	0.13966834701449393	0.011733777411380597	4.64973665798736
XOTCER	-0.06216615988063223	-0.1043224322310361	0.11986583589588684	0.010457675459348947	4.550238418041854
XOTLAV	0.08225279154741116	-0.025945806988053377	0.08358338651595165	-0.054759796627833035	4.967662128909132
XOTLEZ	0.07715007117438555	-0.016227826189878503	0.08045657532511985	-0.0424433802080324	4.979119289779323
XOWBAM	-0.3552102129960495	0.3239333602488039	-0.13924473815880978	-0.026023982602175755	4.23181205155147
XOWBEQ	-0.3412416603855146	0.18411778933889345	-0.20706106279432923	-0.08728955349233991	3.999267687050078
XOWTIP	-0.05863701753676809	-0.09203690142996912	0.03874565190765633	-0.035689508498825684	4.488486511382931
XOWTUB	0.06100207378162281	-0.023954404352845682	0.01339247141035993	0.04480229802952984	5.034322799535682
XOXFEW	-0.29222621394707593	0.00792121993561734	-0.021922645600190638	-0.049304745235127734	3.9704126165814384
XOXZIU	0.1748868407880657	0.20995147250889756	-0.07312482273974918	-0.010053451221949006	5.605548767453745
XOYBAP	0.20858894122721905	0.16027923144111478	-0.05366306926263764	-0.0014366360868544037	5.667481416287884
XOZVEO	0.15426895311979694	-0.06625429624682955	0.11154839137507588	-0.007200845315718629	5.253087068430693
XOZVIS	0.15242068831338962	-0.07834984658068889	0.11982259974349341	-0.00890331367763908	5.235607417358143
XOZWOA	0.16527648304550713	0.3316477722590849	-0.00360096243643393	0.04335782246554187	5.939038530301962
XUBSIZ	0.19182846521772623	0.20987272943969293	-0.02339949840437816	0.028809194443981667	5.741449372379679
XUBSOF	0.19528196903518324	0.20623111574449915	-0.008918671447244897	0.03385600402491462	5.759214361731443
XUCNUH	0.07795173481602768	-0.08849469230116913	0.131064376879781	-0.018722628145501408	4.984243736386556
XUCPAP	0.09221150179977755	0.018438137347977168	0.06592983245408535	-0.020812407778419306	5.110467781230486
XUCPET	0.07887315464275702	-0.08143811360368414	0.1262226548462	-0.02437826704096613	4.981586393200983
XUCRIY	-0.2724222842500654	-0.07025655895191729	-0.06894294182418004	0.02022521597473126	4.010067570408631
XUDGIM	0.15749427965750895	-0.12256129278634775	0.10681520384480958	0.04282054901040655	5.298226112376161
XUGFOU	0.21147768901173114	-0.022877723343173173	-0.08192031238917785	0.02007769634717116	5.4743482524389355
XUGYEG	0.35255691422778357	0.09165014756700751	-0.07987091136995605	-0.016433233523114654	6.055099408181039
XUJBOT	0.26185531245902416	0.2727992246990234	0.07470156640164194	0.1172054549143815	6.3170892903714755
XUJSOL	0.12912403175055953	-0.02944670746644107	0.06181340034905025	0.05802336493500293	5.289381708066591
XUJTEC	0.14961219304689832	0.07926369263585054	-0.028485329272402327	0.031234024652063708	5.408950742098237
XUJWEF	-0.329240390707898	0.010093873129995767	0.023365215918286664	-0.033628583538831025	3.880350317651048
XUJWIJ	-0.32251402119869477	0.013318200943908565	0.03399960307969052	-0.030646193625197493	3.9074670095168234
XUJWOP	-0.3639749884948682	0.04932398184254572	0.07772372848310516	-0.022439510539397967	3.870620587346497
XUJYAC	-0.0756360443555435	0.2297313396163405	0.0001959115960519231	0.19287476510016321	5.20611484465321
XUKTUS	-0.24981700344450486	-0.06980775074014334	0.012663584640100645	-0.03869250104688249	3.958164100376031
XUKZUA	-0.13971069556745652	-0.06322596730340724	-0.04158047388756647	0.011582748365028372	4.374671021753039
XULCEM	-0.09170930264289812	0.19050057958607347	-0.04562548974263425	0.11982643893920253	4.965658359092415
XUMGUI	-0.26982442071307755	-0.09672700538459544	0.07410421629177688	0.017560617166628822	3.9831238404476865
XUMHAP	-0.2753801604136872	-0.0888450278044508	0.10914088691019752	0.01423527552383197	4.001733389345915
XUNPOL	-0.19979643077043985	0.16638891238349407	0.0009527415563241881	0.04094504060235227	4.522891386311988
XUPDEU	0.06067831524336942	0.2862479276640495	-0.05668941088284929	-0.016127399785265006	5.352444954134246
XUPHIA	0.2965643740842214	0.298505808144248	-0.06624312814281508	-0.023183569779921753	6.175396683907553
XUPQEF	0.07536394245338274	-0.20802198509332603	0.06761352285075906	0.08089888110031496	5.0241081345587775
XUSHOK	0.2660836806750013	-0.15648969012270353	-0.023317709879853377	-0.0243504175231406	5.461669686064112
XUSZOB	0.3703218386733238	-0.355876078090291	-0.08205560072334217	0.1263174355384037	6.015464131023864
XUTDIZ	-0.29485171939388377	-0.2523497644573376	-0.1180816621397105	-0.0670938440768667	3.6495224095951517
XUTDOF	-0.33056454952292524	-0.24505350229618839	-0.1339666042312797	-0.07194266326369114	3.5616368086717003
XUVKIL	-0.052611538468334995	0.043379796466477494	0.11319976337234872	-0.07325152410018199	4.602554346468473
XUVRAK	-0.3804963767128873	0.02414786218502174	-0.04913648368221524	-0.09141250460422456	3.711696521766052
XUWFAW	0.08921357371413308	-0.006106862253940193	-0.06825354011146834	0.07124963331087875	5.176694451724253
XUWLEH	0.13143591283946376	-0.044977444153226465	-0.09440888695425365	0.09543160818751317	5.314948107843374
XUXDAY	0.131104780345344	0.30040338189349614	0.007655708884881429	0.02733441205638787	5.665748054908496
XUXZIA	0.05897809748792904	-0.16554711373477793	0.12330245310042054	-0.031799521835343514	4.824133639178202
XUZCUQ	-0.0849215694825931	-0.06228209766149373	-0.035822437947453434	-0.06718481372331975	4.380340076721559
YABQEB	0.2995311727330403	0.09074312403566864	-0.009717214950640596	-0.0005530290644353286	5.8998899467866
YABTOK	-0.3344655513092629	0.12507126574649785	0.048538948708898966	0.00905496815088036	4.117129811763711
YAJBAQ	0.2656368528625319	-0.04121015818852003	0.04408761885955581	-0.14476501578382328	5.417582540261355
YAKGIB	0.15337451928345835	0.18349476108573448	-0.07185615590244065	0.01493940481687972	5.554535505524514
YAKGOH	0.07837006866046758	0.22079992488455824	-0.06501346995302915	0.060656204027442984	5.43084228040102
YAKGUN	0.08905393484318669	0.21243638093314132	-0.06995273929583146	0.02919251970388026	5.408415941039166
YAKVUF	0.10592786506853846	0.2769649398876739	0.005281122621019874	-0.07269443933745767	5.435033571257058
YAKWAM	0.04256803681721566	0.3562630930027155	-0.10396991259993937	0.04114407791972552	5.521223083563262
YAKWOA	0.0627854338048075	0.3704547954609638	-0.103604528040103	0.021930169557205725	5.600589119829419
YALXAK	-0.12783608968887372	0.050969145504875524	0.024466057785989648	0.00410524579262217	4.49883569250823
YAMBUK	0.17625458902812952	0.17159757145067767	0.08885730376014545	-0.08857563814597869	5.484657863638301
YAMCAR	0.2822784212929239	0.20681263851842768	0.018955486898479368	-0.12297406512132203	5.849487236535643
YAMGEY	0.023882116376545692	-0.05952891824431861	0.07255009971145965	-0.008852635435182443	4.7958049842592025
YAMMAD	0.14301887344529574	-0.3431944717634714	-0.04893053089257271	0.02204217712785128	5.012385322113942
YAMQEK	0.0958708487376776	0.18700299826339517	-0.014933904985301227	-0.03610425090548852	5.25281676050044
YANCOG	0.08811239817556604	0.21113736240154335	-0.07053500304873861	0.030111787366213782	5.406246735491662
YANZUL	0.273322930086104	-0.18742894345243188	-0.0768385073596789	-0.05876347059738163	5.4177756166954
YAPDEB	0.18290087016421452	-0.27611507395999646	-0.09412532926788297	0.04126994019704877	5.256632526603353
YAPLUA	0.2635022247965373	0.15509497416614026	-0.11911282169687953	-0.0044581443344302585	5.83784662459009
YAPMEL	0.27792807579945755	0.16043232429584098	-0.12174563750399159	-0.00026244309165535107	5.905550398813099
YAPVES	0.3501905291747627	-0.06702329184380673	-0.047544571318332896	-0.05143645586993173	5.806539843127522
YAPVOC	0.40278162180395816	-0.11046443293685604	-0.0434668489848653	-0.03631457386881909	5.984093834774636
YAPXOE	-0.011380978144230003	-0.008875593211240318	0.02831754841917844	0.004169363190802078	4.757833933133055
YAPZIC	-0.08778570940607766	0.00027198738226630326	-0.117985430877116	-0.16521328877749486	4.295798755045042
YAPZUO	-0.08811938685171361	0.0002578084928694935	-0.11810396095778963	-0.1653117978133012	4.294655753381906
YATJEI	-0.11379583697911744	0.21587514583138523	0.07235117972294658	0.05889718609361805	4.871812922753723
YATRAO	-0.2739387188421716	-0.0670721265047809	-0.06019809333381443	-0.038668900466465206	3.9061052542495465
YAVDUW	-0.318505179513189	0.05240174371254991	-0.08221607022575728	-0.03416936010915672	3.9531246199185204
YAVHAG	-0.24443592539467107	-0.04650421011766204	-0.06449254669545512	0.006086971379262729	4.064702530821785
YAXNIU	-0.09675168451436433	-0.22053488683852485	0.09526715980208822	-0.08391921538856939	4.216045998175061
YAXNUG	-0.04791627841441448	-0.18140684105928795	0.14723576902049507	-0.05431637613235718	4.444938948155494
YAXYEC	-0.11250077448502771	0.03056843996103309	-0.03284749585099611	0.08501324762267981	4.683186217967661
YAXYIG	-0.02932482591447272	0.0231636311119523	0.06427398118539784	0.1446009049282191	5.017884351339678
YAYLIU	0.19358079055295496	0.058364031996406496	-0.10198508197550793	-0.007145632839853477	5.461269821358969
YAYMIV	0.14362270704569235	0.08301480113912163	-0.10116798789698067	0.0032315855824266437	5.355224484350549
YAYMOB	0.18400427305799427	0.10610296411136222	-0.07992185409149966	0.015895721992419287	5.542092369538819
YAZDAF	0.12415093282086564	-0.0073575081483086	-0.03846642947122336	-0.015331319874721028	5.154188047865509
YAZLAN	0.004289681351813623	-0.02853935800342189	0.08709204312613661	-0.010772676774983725	4.813606732542265
YAZLIV	-0.02545208623816997	-0.05195301221115267	0.08110823835040493	0.014191286300772155	4.7479849476069225
YEBVIL	-0.41297476462787697	0.041960629004993866	-0.04370147487132736	-0.04185395423390059	3.710031960876018
YEBWIL	0.20176361589034908	-0.013188646125981585	0.006807620606050557	-0.07660385924499691	5.287628175364682
YEBWOR	0.22285509309578666	-0.024345319187479397	-0.04551467046614577	-0.043379029091633936	5.416178657822139
YEBWUX	0.2574579941971953	0.03957706566944541	-0.017957211703487186	-0.019701435063357087	5.64568744612653
YECWUA	-0.17122000801056791	-0.0450827650468808	0.07705417980352314	-0.050241684305427414	4.218102118525179
YEDFEU	-0.2503680043150234	-0.022493399839696337	0.0749756550203815	0.018033060697810743	4.112044265202105
YEDNEE	0.2632348612629607	-0.16318180411627137	-0.00012034443081487822	-0.034063043268175885	5.431221221409352
YEDZOZ	0.16918051795763356	-0.07237608549922614	0.011958907320920753	0.23543819009212008	5.737622424761696
YEDZUF	0.18071064161417727	-0.07736673186394194	0.006111370480285094	0.23073521988536438	5.7614382344774775
YEFBAP	0.15925435448429992	-0.07609334315695993	0.008603266971209278	0.23264852597159325	5.692838516651416
YEHBAP	-0.038680185545816315	0.0686237398355849	0.012088015160157228	-0.004735975486329869	4.764640351602898
YEHHOJ	0.3524263863632324	0.09370345633092203	-0.07233665132476697	0.012994421621406627	6.100267592347099
YEHHUP	0.346285099721094	0.084329705484675	-0.07374141036019721	-0.004043592881997404	6.043819500393357
YEJVOB	-0.2744241523808746	0.17433878511974887	-0.16923858996032126	-0.06174532150529577	4.165265169802601
YEJWIU	0.04668614904796442	-0.2668604086148312	-0.04886046264590038	0.012856907656133343	4.723600488848962
YEMKOR	0.26024285156666593	0.09650641912251512	-0.01816563401428617	0.02684541280318331	5.817128441852952
YEPPOB	0.35742478471925576	-0.2209327889595185	-0.03608690274719173	-0.02892145075692054	5.76173219051176
YESGEI	0.24605958368310743	0.0722541026997896	-0.0880652216603881	-0.015350512484048395	5.652691671490853
YESXAW	-0.2763402807579849	-0.013013218436364493	-0.049471485225428546	-0.056545269866322356	3.950788779294071
YETJIQ	-0.2573579410602802	-0.07092934748133661	-0.034125580139719336	-0.019253167088468803	3.9456013071114557
YEXWUU	-0.2522847939977859	0.18626629118259386	0.16246261719417365	-0.06724673625921718	4.287156873252713
YEXXIJ	0.06741703977452573	-0.1535253445955842	0.1552087217248319	-0.05098316103751488	4.820772317939742
YEYWEF	0.06849158256668986	-0.15466870756188178	0.15423955638038045	-0.05071461852473169	4.823331249556269
YEZQEA	0.0902674513540398	0.050024576383340236	0.11529775817968413	-0.05168373627092082	5.0969918606148275
YIBFOF	0.3173087681217761	-0.006018317568718512	-0.06393820368250736	-0.001858657512912143	5.834455408234482
YIBKAW	-0.29681687800852785	0.023646271334343272	0.0032349516015115487	-0.0026673408418779188	4.021831162046091
YIBKIE	-0.2851286626024696	0.03637991100730886	0.002570690204256376	0.00330728974343919	4.073417240679934
YICPOS	-0.2958721131665234	-0.003546785107897854	0.023889886371417424	-0.04195891007508079	3.9797456272588363
YICTAG	-0.08284672833244411	0.3685963607127465	-0.021679969509114994	0.1509383356298346	5.347417583100724
YICWUC	-0.33562167651944597	-0.03522667015290448	0.04136891309661661	-0.07929084632052219	3.7535035146571483
YIDRIM	0.03050731373797433	0.034753984534589666	-0.09279274566001461	-0.015478567104044827	4.91055997891649
YIDROS	-0.1027674848911575	-0.03686069069215092	0.004091002878333194	-0.011590853715831906	4.430862177304602
YIFKIK	0.0012489722999720065	-0.011275192080404839	0.072435153903319	-0.00898940154505834	4.802964917873255
YIGGAX	0.03780252601298528	0.17662091916247702	0.01245332400641419	0.14841331296795823	5.424109815254544
YIGYAS	-0.18937158243299024	0.011980524686932448	-0.035159168790382056	-0.002746426077177677	4.284249140070979
YIJLAE	0.15336307945143668	-0.013106069343432392	-0.07989222240002847	0.006152267456257743	5.268582873840645
YIJLEI	-0.4257891780488148	0.02028873180455859	0.020135936397805754	-0.047869399342310825	3.640363891207711
YIJMAJ	0.14215040166429294	-0.4168008374441279	-0.09268135370836705	0.03523830629489033	5.0329546520396455
YIJVOD	-0.3252509397612293	0.1657969446465315	-0.18892059674897732	-0.13608337913434965	3.9423250826269083
YIKHUZ	0.3163457016695612	-0.09169111825127585	-0.05892799842830221	0.006145186707054773	5.74701469736844
YILNUF	0.04742258289799217	0.018282976186611677	0.04101060513148069	0.15965282232342515	5.311589716436187
YIMDUV	-0.0403327187387732	0.09606878801486163	0.042682182579802275	0.013114350586860613	4.861156875715038
YINKUB	0.139420183154499	-0.18504406554241504	0.0486073718459894	-0.08532920755782336	4.932526135410299
YIPSUL	-0.0019954666081374306	0.06288106095529367	0.10932137533863329	0.17820191581842615	5.209465797202368
YIQPIY	-0.2457365830232121	-0.07712232258449037	-0.065707786795836	0.0011891205241251201	4.029202195719037
YIQQUK	-0.3173219705040742	0.05808107038224275	-0.06656550222627011	-0.03206428238070591	3.9730762734063787
YIQRAR	-0.3152816243653913	0.06734781246401722	-0.0615911377141114	-0.030084374412854387	3.993576991183051
YIQRIZ	-0.3114900477396578	0.07528433469231999	-0.05741945908896895	-0.028476892471578585	4.016553384695085
YIQSEW	0.09618303081997182	0.08476702397409186	-0.12012323515401935	-0.029765520068056217	5.160879916425565
YIRBOQ	0.07196249161810808	-0.04759484284332638	-0.18037213947687936	0.09367606097635828	5.108059000792325
YISDIO	-0.24067463140149603	0.08316953363679946	0.07676766502544208	0.06007182064065597	4.361953341242847
YISSUP	0.05215102878730837	0.030108154756388394	0.08200089833157143	-0.0707800791178651	4.91516793985685
YISTAW	0.044630998650854625	0.029984542433166617	0.06251061206673225	-0.017943770824653815	4.968538935646828
YISTEA	0.05633224027297068	0.02262131260293021	0.10827491744326045	-0.0499052751516782	4.963284285723461
YITSOJ	-0.2574711385521431	-0.1046652017226335	-0.07115167839529324	0.028972866338538572	4.0038362681081185
YIVLAQ	-0.025248611608791105	0.015065762572601837	0.046031162404074344	-0.018398699103083227	4.7182566376320585
YIVQOJ	-0.37426878313000733	0.007544418459759505	-0.04199090798495897	-0.010746916677680796	3.789085751148942
YIVWIJ	0.07768403943441449	0.14643852265142865	-0.045093867937951115	0.004352137420207902	5.236478803123096
YIXTEG	0.2959674838553106	0.1726802002543275	-0.07466343014759058	-0.03003022154526691	5.953840637684932
YIXWEH	-0.06890091936363252	0.08653169651263237	-0.04834887091016893	-0.05305954604989971	4.597873129321166
YIYDIU	0.1020496034482008	-0.21423181375495304	0.12329608347653331	-0.05575168683325715	4.883490148016153
YIZREH	0.34144951083110087	0.053225505560975606	-0.05381381445553024	0.0366661538966232	6.049286957649437
YOBNIN	-0.19701420992463192	-0.21484915488309086	0.04195727257833437	-0.018517861656458412	3.9984508758994908
YOCSUE	0.17899545708854658	-0.047019398475820484	0.03730992333084804	0.0022991749964708097	5.3321332961545735
YOCTAL	0.1940021587025922	-0.1743759043721409	-0.005080032652378996	0.11241731675317357	5.481582619211373
YOCTEP	0.25852779242747337	-0.11240820981838695	-0.013487326263705413	-0.11011542816006448	5.345208771710682
YODMIP	0.32251159116049166	-0.018854596707535975	-0.03900669862740447	-0.013256842479828057	5.813380981434085
YODMOV	0.30244008882196827	-0.10503732429248469	-0.0208283701859171	-0.01691977999425598	5.640726724251248
YODMUB	0.30725008583373903	-0.038757561314275435	-0.0037102525388921226	-0.019940227012907985	5.721028780506783
YOHKUC	-0.21129157303597323	-0.26136137809087545	-0.040044043058992784	-0.0007095495124920248	3.9755733718681205
YOJFEI	-0.20860939758876995	0.13054944591350726	0.10240212123031767	-0.06919613809595104	4.317842193629382
YOJSEV	0.1974369528534119	0.12170108671733981	-0.08827105627850163	-0.009766688128613255	5.571644525835031
YOJSIZ	0.10628161650770185	0.22835843563235558	-0.047678765827853464	-0.007978524365693462	5.433518142344911
YOLRIB	0.1081162163810987	0.05659950868720687	-0.05035433226751462	0.03749371089376696	5.261797549501215
YOLRUN	0.2891551342242651	-0.148753628516745	-0.06564758930616543	0.04947301318467756	5.677302234989547
YOPBEM	0.28004478529963217	-0.025343248085727854	-0.08026411646137599	0.025661324205812464	5.7419440815295895
YOPHAM	-0.2006690548918686	0.04943037835763331	-0.03930902329689867	0.05231111240989461	4.386424151799372
YOPHIU	-0.19075443119084423	0.034640235575682965	-0.0612480204653465	0.10868391468554928	4.489706608779456
YOPXEH	0.05729432874450513	-0.062065109826329845	0.05214010932432811	-0.003322762487545372	4.901096686445417
YOPZUA	0.3243167456403291	0.16478450403576517	-0.09768039942545759	-0.037376042474787874	6.025922447655574
YOQTAA	-0.23340098009560561	-0.039893384300850876	-0.01040432134088376	-0.019397802713945533	4.089836556310457
YORQUS	-0.11602062060613672	0.06360310148824189	-0.10809450322150926	-0.07637041259505373	4.431988135901085
YORRED	-0.12454759154050721	0.051057825569758464	-0.12561019068091572	-0.06964311244439725	4.385917325452421
YOSNAX	0.3453494715223848	-0.04443557058184178	-0.0628820851559222	0.010222755403477946	5.905001415336463
YOSNIF	0.31015567316778814	-0.014900838564678498	-0.04624494630860321	0.022202285982903303	5.822287039909588
YOTGEW	-0.297413030132075	-0.19009589493263324	0.014751140186867184	-0.06058949761026178	3.750520212518127
YOVJIC	0.0023241886462175287	0.016978395776626964	0.15282464091837245	-0.00037007230330465823	4.874467355380688
YOVMEB	0.18110583647587175	0.1942488005402434	-0.07083786662382674	0.06752265384620437	5.708039541400546
YOVMIF	-0.031757276918301436	0.1976854116322575	-0.09853314176016625	0.09183043879507535	5.095789884433414
YOVTEJ	0.1562555476958356	-0.06917153189459624	0.11311939942776439	-0.02277741218619711	5.203685747188862
YOXQAF	0.013299425871622805	0.07735074809232412	0.07791486101350187	-0.012747606811654655	4.911149343279437
YOYYUG	-0.08658758534887445	0.07108106398908953	-0.08447893318179855	0.18012645362573865	4.940597241490677
YUBJEL	-0.1965660057066827	-0.019491794017666653	-0.009215356276888187	-0.041669733509678175	4.195434256529118
YUCGAE	-0.3306588984579688	0.019363644142599945	-0.08697443065649768	-0.04062258190568102	3.8768231235774784
YUFDEJ	-0.00910337785028048	0.06310601976245644	0.07697558577202157	-0.010828291320849615	4.839915183298961
YUGLAQ	-0.23023957280244978	0.09765522701020757	-0.12091827539976485	0.011506182730698034	4.3785177288178545
YUGLEU	-0.19664492107477716	0.09277244441296917	-0.10321927150625587	-0.0570206478927473	4.349229999040607
YULSUV	-0.22541527804799077	-0.13120350547762172	-0.16320547266099017	-0.09662905956633427	3.9073146423268637
YUMTIK	0.07220774484492054	-0.19484441063462232	0.17175365611710003	-0.030869897180139994	4.833663797734986
YUMWAF	0.1901682452143767	-0.228837470657814	-0.05325878807912443	0.20221464488396323	5.570402462603082
YUMWOS	-0.24278148482226425	-0.10892536618978443	-0.11172278208768849	-0.028852385075397557	3.967276173841206
YUMXIP	-0.030517943287094784	-0.0363343700429164	-0.029995272753014612	0.1281042830111434	4.907250150737532
YUNDIW	0.1765092300856037	-0.0808340567298993	0.13920395611003378	0.05255493110746812	5.408715547613119
YUQCIY	-0.3004613043370885	-0.16344036185409538	-0.042525390414278164	0.023919476296857978	3.846365503580682
YUQCOE	-0.25361012716887177	-0.22559686144495594	-0.0464804729520234	-0.011930134857725316	3.867841351724866
YUQQUZ	0.2896035947858775	-0.12513957409101018	-0.006555782142090294	-0.024828324459462037	5.569713346065253
YUWZUM	0.057793870196030994	-0.06364574609847828	0.09736738005244505	-0.013864415309031264	4.9226532887652
YUXSUH	0.06717119304058938	-0.0033503654758453294	-0.004645144522563038	-0.10797808537504539	4.848572749826329
YUXZIA	-0.34266738995056145	0.0704737090869445	0.013694771383836235	-0.10817880837841043	3.7886314882201315
YUYKOU	0.31245839877274584	0.06332189941104138	-0.08014245536079789	0.03630058737438102	5.956360947250495
YUZJUB	-0.19718285731520147	0.002421830973701855	-0.042771059446898185	0.016127790516164975	4.265404477055317
YUZKEM	-0.1864965278591726	0.04383421101420293	-0.01225903675391149	-0.017016589886455824	4.3021735788317335
ZABGIS	-0.16266232130113	0.09359349343483547	0.04852040381583422	0.08911830910537144	4.610710890662444
ZACCUE	0.28291447681880033	-0.23577973452102752	-0.12183536095835779	0.11346961328284655	5.77186713307403
ZAFFOE	-0.2572707353334991	-0.0019447002340364783	-0.018170518912396183	-0.08564103465704076	3.982127421255221
ZAJDIA	0.37398275440809314	-0.1008220754542215	-0.0802066289340233	-0.025311783051836123	5.926194226929461
ZAMGUT	0.1124450333842133	0.019367515653662792	0.056322519074638144	0.010822063735837495	5.191483902682449
ZAPJEF	0.10640694632081837	0.017192984290639757	-0.1390284869362457	0.002177319220708962	5.150487016803602
ZAPJIJ	0.08593533414098964	0.0239861167273534	-0.13671913664090218	0.004362080930399914	5.104605344958288
ZASMUE	-0.03257143833013032	0.04524973855453984	-0.06334827658768183	-0.0812048306921418	4.62137285299005
ZASNEP	0.03261634251251122	0.010703854937512247	-0.18175005738247263	-0.1461240999170902	4.691986463237512
ZATSAO	-0.037153086172397654	-0.05046003811987321	-0.02697160736923432	-0.04221376014112499	4.59035832552632
ZATSAQ	-0.11466363593550022	-0.3796030789286835	-0.1301054603505889	0.018103615568816456	4.195959348773696
ZATYOL	0.30289974198683955	-0.009187674226303955	-0.08569349179440566	-0.003415246880927203	5.786982403339019
ZAVYEA	-0.40363200931065113	0.023610674627660977	-0.06470534315570564	-0.001646895898185341	3.7422811023281857
ZAVYIE	-0.34337748628561293	0.1537063824671705	-0.026334712577025687	0.01653561845539142	4.1085495362423385
ZAXZUT	0.03320515877956254	-0.03875820314966427	-0.03065796142296584	0.22538977940404492	5.302524671809243
ZAYKUH	0.22499604535220508	0.060495547779034986	-0.06920507303525025	0.013273391520292721	5.607112578991729
ZAYQIB	0.21632486719556665	-0.16333637034230453	0.08365223573264813	0.026585404320200068	5.409428455906965
ZECMAZ	-0.2789943827229393	0.059165882421077676	0.04678379691426593	0.05320352204066703	4.198132139608454
ZECNAA	-0.29934048369781485	0.055077999335253924	0.007854798952893427	0.04931282921881808	4.126546197164819
ZEFMAY	-0.03884381684233018	-0.04864683373120249	0.007806963110523757	-0.027201253210461407	4.5982719690110425
ZEGSEN	0.1023818718455689	0.09339744726391563	-0.06613943445814341	0.015463508724203656	5.2456614225349005
ZEGTIS	0.2715104169282676	-0.1962446576387069	-0.027197490995624296	-0.01942709102777207	5.479914723872797
ZEGWIR	-0.41022913270149153	0.02544316521240564	-0.11160980522950936	-0.03799322865940569	3.672582763789295
ZEJGUU	-0.24997568652081759	-0.15179506787403185	0.038557015452515	-0.05054833692565652	3.929219048281499
ZEJHAB	-0.2551075786910961	-0.14433782359654979	0.05538762399287389	-0.06077752684960169	3.913713026753034
ZEJHIJ	-0.34465815823085144	-0.08744178192903229	0.12639413580342018	-0.04668787240209826	3.7486401984612217
ZEJHOP	-0.32606762740245276	-0.0732077467503891	0.08493388291193216	-0.06667813691797153	3.756178720319098
ZEJHUV	-0.25698639186828665	-0.14099520221652173	0.05606676747144679	-0.06203913626662083	3.9027489169476675
ZEJJEH	-0.35907525249242633	-0.11450291544073199	0.10388034042366501	-0.03234033950947268	3.724458295475867
ZEJLUX	0.10538980487455563	-0.22344532741061873	0.07442374140175034	0.06806492127284147	5.044597834566084
ZEJMAE	0.09502973462352315	-0.2172697740592	0.07048389844010416	0.0669100466983551	5.012513081035975
ZEJMUY	0.2815124846126045	-0.13824606835631714	0.011028678894062338	0.07768772121197953	5.742159957874094
ZELMEL	0.31403117195431074	-0.08136306763439105	-0.11294906855763198	0.012542674345679239	5.765512628931966
ZELMIP	0.2984274070725661	0.010984473389495708	-0.11142101010812389	0.002881790260151229	5.786132489952014
ZELWUI	0.05892193197220097	-0.09790676583769731	-0.010513033271512429	0.17334635527752495	5.2026278607114005
ZEPWAW	0.019222872939767655	-0.1161456335895874	0.13854021052765164	0.007239510186376252	4.791168042146781
ZEPWIE	0.06970687291896382	-0.13688526671118328	0.1405972411814449	-0.0036633197778650484	4.905634375985716
ZEPWOK	0.05759295516360918	-0.10490080527866885	0.11990345987941775	-0.012708635012772529	4.876879035595417
ZEPWUQ	0.05774336544206449	-0.10583773531801288	0.11731585714537562	-0.011385183379566177	4.876155663567413
ZEPXEB	0.0574078899738244	-0.11009392648888783	0.1235116519963173	-0.016020792173433107	4.866435579967012
ZERHOW	0.07171376861138468	-0.026990756647312875	0.1636025309907252	0.0025411106990463894	5.038220011160028
ZETXUR	-0.29648365404904164	-0.03810726285982646	-0.07070641572991954	0.02034686239045258	3.9634680153970776
ZEVDOT	0.06934218790428526	-0.09052142581095479	-0.03111766301876573	0.12168076972294417	5.137518441590426
ZEVVED	0.1322733043312576	0.2915783438091051	-0.0011050580460025827	0.1326594936242348	5.883525786816517
ZEWCEJ	0.27346002843767137	-0.010852069518493046	-0.13004953690224252	-0.06751487691209901	5.595531329027033
ZEXDIR	-0.10142159510616366	0.03211496807939662	0.029957493939176683	0.11110085797852409	4.750785614662281
ZEXDOX	-0.022069740439796703	-0.19754039549960045	-0.05944289471894493	0.05734925627677301	4.638006641678228
ZEYCOV	0.12553025608241164	0.17223987079363567	-0.1503833881452732	-0.12591972893768122	5.209215157456427
ZEYMEX	0.17696524154273208	0.23209676673948465	-0.06585091427895762	0.05675771272076602	5.775331920613487
ZICSAF	0.09215991333568985	0.14426925445873362	-0.06870169131157011	-0.023036012334606393	5.233237064064959
ZIGLUW	-0.09656435290272092	0.22871460121134124	0.02553222855851467	0.19163808503978963	5.149281251632126
ZIHKAC	-0.0949747561311769	-0.016361511335039047	-0.141275485705896	0.24992994016233894	4.992802537088845
ZIKBOK	0.29488103757494954	0.1130870007405731	-0.049075830129224673	-0.027703185545460363	5.860768265633295
ZIKWEX	0.294314606684837	0.2162511523951003	-0.027675170896294787	-0.033459191597810856	5.9919538568224375
ZIKWOH	0.3003450741655578	0.1661502613627328	-0.0218587482417143	-0.023680765946765492	5.963015318704862
ZIKWUN	0.307936126585278	0.1651423811118149	-0.024246473533175106	-0.023832895067940618	5.989869893624707
ZIKXAU	0.29810375296820535	0.21604951428386476	-0.026266760712768455	-0.031956701227143336	6.005668069335564
ZIKXOI	0.16395358620515088	-0.03209911331985582	0.07054579061678368	-0.04469735650426565	5.242411999655905
ZIKYAV	0.16489076013454218	-0.026643233633525387	0.06953988666155797	-0.04469359744255896	5.2507589251043925
ZIKYEZ	0.1579378200290753	-0.03352913463114948	0.0642695517491052	-0.04327917061903919	5.220186815569462
ZIKYID	-0.14341837832623372	-0.07738071685349102	-0.13528089988576042	-0.08086491888813585	4.2058210999893
ZIKYOJ	0.16294550601083602	-0.030669402444557736	0.067938161211754	-0.04247295266788842	5.242868151849943
ZIKYUP	-0.012464884045662039	0.29186898195316724	-0.0027431684986545246	-0.07557708152621634	5.075130365288826
ZINXID	0.2403733723197825	0.03936665813374818	-0.08535427369866855	-0.012718590894310822	5.600101255423152
ZIPREZ	0.2413639658198865	-0.1665279669861015	0.00975118778446804	-0.023004998306333624	5.3733091764193315
ZISWIL	0.3221196445922856	-0.14654806493346784	0.04384125530297012	-0.10670240056162072	5.553707607282626
ZITFEN	-0.3130963262627062	0.02294844844631383	0.09728603559616644	0.038758173537803864	4.050556026127369
ZITFIR	-0.20809760104970776	0.05615824891191368	0.08404143629259653	0.073378491741251	4.418615808047254
ZITFUD	-0.22025552429675166	0.16554934967899726	-0.0639139700754956	0.054078694036566954	4.481447599468156
ZITGAK	-0.20734180918601397	0.13140620524835533	-0.049940214148304296	0.03640131844639716	4.447032179884589
ZITHAO	-0.17223816642875756	0.08526512790936902	0.027626355978304984	0.05662944296453609	4.5209304858034365
ZITQOM	-0.3660154705731926	-0.2513834722426407	-0.13644147546431995	0.0195304902337452	3.630772890883642
ZIWYEL	-0.3189345827700121	-0.07990393481894964	-0.09312476258484903	-0.039568251255858056	3.7956607276568035
ZIZZIR	-0.25788442180885074	0.15425858199762965	-0.03375747321174094	0.07810186202698233	4.417696716480622
ZOCDIE	-0.24990520850957387	0.017828784623081795	-0.050827300916937324	-0.03678932988831274	4.067064173421495
ZOCDOK	-0.3019976703585363	0.008610875799603956	-0.065055810104375	-0.03845178671052418	3.927909459176224
ZOGGOR	-0.32391715896453244	-0.07544985806428661	-0.0008745537034404727	-0.007021372427019168	3.8564567872457207
ZOGQER	-0.1614486732189453	-0.17398012236303106	0.012726961333702214	-0.029929371570311614	4.122154505040635
ZOGQIV	-0.014055728573409088	-0.006264860447972254	0.045810142444803637	-0.030836007598508686	4.73928131718153
ZOHYEC	0.29880018528477725	0.16541568851211208	0.027122161620855456	-0.14282248021600008	5.836520748817462
ZOJLIW	0.10396939275630057	-0.02580912114230438	0.10770238159774914	-0.0020125273804231236	5.132894858617906
ZOKKUJ	0.33123010558231414	-0.06990882238231633	-0.07658861106845549	0.020466261921203155	5.850666747961875
ZOKRAU	-0.013909448048408546	0.00366120690729943	0.01349541410400068	0.08069712612289826	4.917505443855317
ZOLKOE	-0.23752359022895275	0.02311413234897497	0.13826861198002538	0.04001352969440253	4.266255179129128
ZOLKUK	-0.35119479166056977	0.11461735268508866	0.08842599174370624	0.03018921108938888	4.068429957521411
ZOLNIX	0.07796237389828065	0.18812184848983549	-0.11997779039808143	-0.08782156187294954	5.160880397385183
ZOLPID	-0.23857075031428754	0.027917786275717837	0.14499092624918797	0.05200723967609899	4.284260819764051
ZOLXAB	0.1303088633685454	0.12583895542882395	-0.09439980401931347	-0.0013548672429900543	5.364988885776973
ZOLXEF	0.10472675708779677	0.17460269548822716	-0.13471465622537626	-0.017694286911731583	5.3267743772320975
ZOPWOS	-0.0036310964225996223	-0.3152440187598724	0.05768747835905552	-0.0031261941563484053	4.542174680890846
ZOPWUY	-0.2229648730408602	-0.2959457782880328	-0.05927252633022628	0.022160115873018804	3.979240385558124
ZORSIK	0.03831421304637761	0.19829423403227642	-0.05018979381796629	-0.010826622854016699	5.16729621792688
ZOSGUL	0.05448372160147841	-0.01147798606569772	-0.06997803968423666	0.051791187406941885	5.035048288404169
ZOSHAS	-0.3355354438058815	-0.01630830553229856	-0.115851854220131	0.06364965796107924	3.9802772257236385
ZOSHIA	-0.31455241822815005	0.017799006914247073	-0.050306045746570494	0.026405906079883135	4.026938078360531
ZOSYEO	0.27430394996315277	-0.3648627944857308	-0.10607038533200552	0.07014062581915836	5.5573302087689855
ZOTVOT	0.04974131500721812	0.24245167836422343	-0.0007249376948998965	0.03676525506629158	5.372464269708479
ZOVXAJ	0.1915597563490321	0.28516778538004983	0.010614583803900235	-0.1616243038009776	5.6399827154073785
ZOVXEN	0.31762075922222843	0.21616572296884629	0.009057817024611392	-0.1679123916241264	5.932517595109656
ZOYRIO	-0.250571385132228	-0.06426733679608887	-0.071732908241259	-0.0004663955419782484	4.01827217383419
ZOYTOY	-0.3033058535555322	-0.03216357419871052	-0.013356653082994274	0.030246340285510764	4.010543814622883
ZUFZIL	-0.25396883511326895	0.018753088232839055	0.10283012276349957	0.03922651891750639	4.211798435487695
ZUGCEL	-0.250284529506539	0.026283498224618285	-0.0438401922260232	0.031811685990028815	4.201633737677544
ZUGCIP	-0.2392038255638309	0.010396083827586278	-0.04493296800262292	0.022151594227330595	4.196771561614127
ZUHXOP	0.1252496242942005	0.29461777690765034	0.13180281523797754	-0.030405388103732167	5.618812077435517
ZUHXUV	0.12290779292274046	0.29169503492222404	0.11898184221294472	-0.000929812037263833	5.65356496987867
ZUKCIR	-0.29062912351828873	-0.07819485947194904	-0.005564338845569283	0.011651950810679712	3.9584636759581504
ZUKCOX	-0.08165673762268622	-0.050939179069755536	0.06347912258800159	-0.06823580716095767	4.4236658375838305
ZUKPED	-0.019842699616026138	0.06263835779709126	0.0013061372963585338	-0.001843141578974472	4.836328986884547
ZULLUQ	0.19041706422040816	0.23351390657601057	0.03427130707542703	0.15057337851840813	5.996387113462462
ZULROP	0.2666459653768558	-0.08891263587360898	-0.040347725474253915	0.0025132400109374453	5.587663390070891
ZULVOU	0.059905855798481955	0.21863373044031764	0.04838863188567877	0.16153501791645397	5.565790216839159
ZUQFAS	-0.05400542536728192	0.10504342499338604	-0.05998010541465559	0.1371608335325566	5.002091535693013
ZURMUU	-0.2699625708032054	-0.2719566134076017	-0.05966135157492358	-0.008376863534231282	3.820565740960119
ZUTHUU	0.0033179972456296447	-0.06159252928202541	0.054547932189763504	-0.043060579777964625	4.7134866825678055
ZUVGAY	-0.23523967055245043	-0.052415939405404455	-0.005668188489026171	-0.015128960194015662	4.032266892034611
ZUXGUU	-0.24229235473245492	0.047334618991970334	0.11735949560261716	0.03496291080527458	4.273396193348647
ZUXMOW	0.2256986522405131	0.37443738434734675	-0.0762737134451763	-0.01915725549231473	6.050705178715202
ZUYLIR	0.031250679508052936	-0.07271833492650037	-0.04097327192732858	0.14124152835302062	5.052261357524632
ZUYMAK	-0.0861764966749976	-0.11069722343826705	-0.020432112030879246	0.02074248847379423	4.471077954950996
