name	pc1	pc2	pc3	pc4	std
ABEFUI	-0.08650091080947142	0.17249422782223023	0.26108598225798696	0.2627443902943957	1.9293868343839118
ABEGAP	-0.4048047269574764	0.1549545499614211	0.00956774436495511	0.10664353617877692	1.4174784459779617
ABESUV	-0.3126222948564763	0.3038893841384427	0.3729508181328711	-0.08019825151029587	1.1990471868721173
ABETIK	0.40911339713964967	-0.13376707602675908	-0.36301044707388086	0.3750783975317099	2.830545909120792
ABETOQ	0.42463446736121035	-0.15866317958722598	-0.23292951949137408	0.07137915028965325	2.30084244008943
ABEXUA	0.3699725645702969	-0.15387353240821477	-0.08297232742437055	-0.03502018305980259	2.07042226122501
ABEYIQ	-0.264282372892894	0.4442927587273908	0.2900398727548661	0.030204424582303185	1.4030605096005193
ABIGIC	0.2857706674822551	-0.14038999416144393	-0.15140038365111796	0.021873877145845405	2.053009458605246
ABOZEW	0.33719888869248527	-0.1667322503974764	-0.1570987156818251	-0.0013489733834578521	2.094290212134591
ABUTIB	-0.03294314773278595	0.20267635118934935	-0.048490437054862	0.14604756558932375	1.828340160035032
ABUTOH	0.26894974392281323	-0.04780571198193595	-0.1731996395419364	0.056183302656697826	2.085542584375863
ACOBIE	0.5126457425595072	-0.17440931801047033	-0.28425083243319693	0.1395510670289074	2.464988441923781
ACOMOV	-0.3100548070940259	0.14295223580005179	0.2866244600604566	0.21645630847227526	1.6617374525287227
ACUPOH	0.21814128469075955	-0.23235950203359823	-0.04178789336092681	-0.30766578926298693	1.5587710245467017
ACUQAU	0.24409943212288265	-0.20208674425030282	-0.07119300383755456	-0.21384229037020733	1.6682348044935966
ADALUM	0.17398795219515772	-0.08863630375063625	-0.15961024353908693	0.08580726319187953	2.0185333139362283
ADANOJ	0.12586002924049566	-0.1202407610965801	-0.13775805769197325	0.038792362622491444	1.9108364203007304
ADIXOA	0.42207198536909374	-0.3736482816637778	-0.12611981167161468	-0.3972270170131109	1.7251982963545602
ADOCUT	0.37605143417761155	-0.07646325025553335	-0.30597077964077113	0.14846512354313646	2.2995031120037646
ADOXOH	-0.30232176009773193	0.36805165686783825	0.23357150665185644	0.023219346069290464	1.3518500831066114
ADOXUN	-0.369797380627058	0.4987870747425662	0.19374767933987158	0.06946300910465042	1.4151959192682173
ADUFIS	-0.28335994690484023	0.3090685698335187	0.3606456940806362	0.05704767153668272	1.3955649986603729
AFIHEC	0.4361247796127703	-0.09980733899184413	-0.1620709943574581	0.1567120160000101	2.3919208143151627
AGEDEZ	0.2574031930865055	-0.13469824988459955	-0.08376237924319407	-0.1430756878594845	1.7802529408757592
AGEFAX	0.2645990785864569	-0.12826550972033934	-0.06569917426125627	-0.22213849614712317	1.669048201758884
AGEFIF	0.3189838476005624	-0.15124486852000396	-0.04146800109565807	-0.23447332365047469	1.7254675057535283
AGEFUR	0.22947473812497732	-0.13477995169044565	-0.06288666010778754	-0.22249917212364453	1.6391294713184692
AGIJEF	0.21674042142345185	-0.08874911579135858	-0.08835274555917705	0.05344295635226226	2.049857895013109
AGIJOP	0.12310410417667317	-0.07587449534159973	-0.0659730841005326	0.4103428724512387	2.5912635293180855
AGIVIW	-0.28587009954778964	0.3075357673342578	0.2557377904061171	-0.04449900773058707	1.3062000222408787
AGIVOC	-0.18102526594312396	0.23348612660458	0.235058820470182	-0.08154405526139182	1.3375358253106815
AGUZEI	-0.027060597525266683	0.34160355766454065	0.1317907595660135	0.28962631186471044	2.049431971635164
AHABAN	0.04620098301995057	0.21483450848535113	0.12701359866419804	0.33404876343416534	2.254569589955166
AHIVET	0.2706006067113038	-0.07338774853299157	-0.3373782939557508	0.332877514395983	2.5441794750377933
AHIXOF	0.25463783324708444	-0.13300151560573958	-0.008199597739755982	-0.15914281663300217	1.7782436164632454
AHIXUL	0.24200352004103332	0.030991422522867684	-0.19236893044666514	0.046663934020549	1.9353941382528945
AHIYAS	0.28727076189848555	-0.1366224633403459	-0.029563188003604468	-0.12611852979754362	1.85159471098989
AHIYEW	0.2715516481246749	-0.13800802197416917	0.0014989983276236796	-0.1630788953148652	1.7891708217805293
AJEBAU	-0.03094806809260664	-0.05929327407357943	0.04269470994792379	-0.33836249595251616	1.2687370400717422
AJEBEY	0.06536419440939945	-0.05938115486318574	-0.01997347972729524	-0.21874533716743477	1.459618511950586
AJEBIC	0.11047745653229057	-0.06679267648489784	-0.02372704806713055	-0.2029502159372286	1.521845748723305
AJENAE	-0.2912901529339065	0.35491783498660046	0.3654213897771432	0.01720018110786975	1.342539163199451
AJIJUY	0.13149115874991812	-0.09245215055825196	-0.09556787773332265	-0.19132357539609215	1.5894195251251628
AJODAG	0.3919512890096284	-0.17772396971310278	-0.12347234519154182	-0.0411291879185961	2.101567539148722
AKIHIL	0.34619729849965664	-0.1563923588616125	-0.13277596587592844	-0.02282804812448641	2.065090195445001
AKOPIA	-0.15594577489541628	0.138672317939879	0.18079864298002168	0.061407668598125076	1.5718813482159728
AKOPOG	-0.03173914466740069	0.14104333139883196	0.15759630963595028	0.04608832933722701	1.6660108463080907
AKUTIJ	0.32739010378788036	-0.20538494573011246	-0.2408918779215805	0.03639229972832303	2.1654264507495498
AKUTOP	0.1222265188445566	-0.19175455571797284	-0.10942898954275537	-0.23424765756117116	1.5656453142559947
ALEMOT	-0.43109882328981586	0.31172405281011195	0.40288166108216017	-0.025873328992785105	1.2002820147500672
ALIXUO	0.01902555279222895	0.0751602697321534	0.23443378784166158	0.0664215586122392	1.7821278205310027
AMEDUS	0.06025721663338146	-0.14399461437096406	-0.04055067024988146	-0.24965402460867997	1.5239704342714158
AMIREU	0.07668534528719428	-0.06283507887816142	0.006242653248188956	0.010232573258325495	1.7432558749765643
ANATOZ	0.048663514050522494	-0.08994569201883462	0.10925158741529017	0.0007780288037249339	1.770741351685042
ANAWIW	-0.44203891455999145	0.10318348024514779	0.14722148097764753	0.23320445813800084	1.5184569331882432
ANIYUU	-0.5350738538448141	0.22168807240861144	0.17620017777927144	-0.14154441110523108	1.09633357206735
ANOHET	-0.504253694159341	0.11554221489683414	0.22538868991160732	0.0034892112960908384	1.243574341401185
ANOHOD	-0.4021760046279077	0.1058964108371575	0.14325545887266444	-0.0020816655411189378	1.3440985638651524
ANOHUJ	0.16767759637227142	-0.1559016735936043	-0.04062785635594124	-0.13056179204551205	1.6980796575602597
ANOJIZ	0.3402960699081894	-0.1871314652859314	-0.21931195794911917	-0.023780259380287355	2.1090381821508357
ANOJOF	0.29610581696486893	-0.1327191357036207	-0.03036873316093658	-0.18988701210253675	1.790285039385829
ANOKAS	0.19452612666194113	0.048284767549946817	-0.19090997961401435	0.09693544029460388	1.9422438689679487
ANOKEW	0.3363501975477887	-0.18243969966556317	-0.22888519162252252	-0.02853908645229769	2.080030784972378
APOSIJ	0.1282667115332674	-0.06533519755171102	0.03159169633712677	0.1652649760154073	2.1186306074688814
AQICIN	0.04308639055499519	-0.1302505002322737	0.17229188461029188	-0.1575168326321873	1.6097227750710525
AQICUZ	0.055114135644490414	-0.1289204210257362	0.1357912958909433	-0.11328247161472148	1.6844359879907898
ARIGIT	0.020427135831776244	0.09596240235169728	0.15638982022305958	-0.07553414422919656	1.5125569839477637
AROHIA	0.0964149916446555	-0.17093852668424703	0.013636274098163925	-0.017637645685609743	1.8286113853363466
AROQUW	-0.009010512211132582	0.055857796842226914	0.19251891867409232	0.1130842731666834	1.8012386714218909
ARORAD	-0.02971105344224778	0.08962744925340993	0.2146381162665827	0.11245668932299946	1.794818187479709
AROZEO	-0.25859315675636907	-0.043415102205839884	0.28295209214889905	0.019738860784384304	1.5105084170423067
ARUBAS	-0.23477108601347352	0.06409458410653279	0.09224352417451787	0.4079055434803973	2.09766552952949
ASARUI	0.2658453461982204	-0.21873207362003788	-0.1415342093252827	-0.2827652237075522	1.5727322070386416
ASASIX	0.12634738142790836	-0.08929936193867294	-0.06856012798344868	-0.16805211560175462	1.5944135353057929
ASASUJ	0.008549157031208399	-0.19010715898588582	-0.2546740343046421	0.01741929334693576	1.7734019303420976
ASATAQ	-0.05065506668783826	0.0660751002779899	0.027802252094125235	-0.17733578266101985	1.3753514383546803
ASATEU	0.03612784370445077	-0.0960374190868244	0.02406411264862296	-0.23355898694832894	1.4599791370429782
ASEKIV	0.10248784507165531	0.03813405544206405	0.16176027318425357	0.07605907691124708	1.9545516373821905
ASOFOE	0.13444589802969364	-0.11697216932334098	-0.0659260815331737	-0.18730786616881623	1.621722731941849
ATANIU	-0.3819438865813112	0.24778743983452123	0.17946843552680813	0.16408673023549086	1.450526281473083
ATITEE	0.2622276541034063	0.07428717362240889	-0.21080834829808315	0.15330485058876975	2.117041836453442
ATUROX	0.2843430548429353	-0.13005506519100674	-0.056901252847987305	-0.19979945751022685	1.7473207658533376
AVUBOI	-0.5580874433529441	0.40670169679899293	0.14656050712439384	0.18559832457154884	1.3456556432404516
AWAMAP	-0.10009979259128476	-0.09897677987007503	-0.015229050408595013	-0.23704990532524303	1.3410583779276877
AWAMET	-0.07474462664797832	-0.11076489784305288	-0.00969202009123804	-0.27106571658873735	1.336157791592123
AWEXIJ	-0.500673068315546	0.0949007442276063	0.1839327298709459	0.1679451853575321	1.4509373215700094
AWUTIV	-0.2531952822419852	0.11706603299622387	0.20313278424020953	0.2572773579646536	1.7370394425741285
AXEVEE	0.09981152175639929	-0.057487399339388956	-0.05859253790198515	-0.2294523435433798	1.4499556568836092
AXEVII	0.11767429733054602	-0.09134930493799032	-0.04167241510004005	-0.2670148007118651	1.4495500419245104
AXIFOE	0.3452408311013815	-0.17640638301331935	-0.21785159145739308	-0.029606937766337743	2.0835183441468503
AXIJEW	0.2722918500692937	-0.09827365534904198	0.04470615329090699	-0.04183801204211143	1.9871486130728395
AXOVIS	0.12458165763473739	-0.16432255409543106	-0.05379931761773338	-0.2612855284206027	1.5310842353644216
AYUBON	-0.1662696425872392	0.17560227846481902	0.2589009149491648	0.01933312879462179	1.5239523815523264
AZORIQ	-0.11251829278727099	0.11143904590590326	0.197549902333072	0.03702706019250715	1.6051845849154176
AZUNAK	-0.22166255206468044	0.1247730134623628	0.08828768531953979	0.04231170611486462	1.4895723827035914
AZUNUE	-0.10420306712827454	0.0718983056282092	0.2716304767351245	-0.2583562251883946	1.3134616272596273
BABVOR	-0.3982153922957137	0.36689062243629156	0.2790366834020499	-0.09126814573081841	1.1290114889631218
BABWAE	-0.3614771337807765	0.37616124180976906	0.30952848574311	-0.13258748371803603	1.1131266420323982
BABXUZ	0.09568762298644051	-0.05041871560612676	-0.09199479930016641	-0.054973553020650684	1.675391091172444
BACXUY	0.6342419670443427	-0.26422394822624307	-0.4730309655515281	0.3297518614045354	2.924353158523438
BAHPEJ	0.5186496622904571	-0.23617182055207364	-0.30086379639314176	0.007588428920579787	2.2893248715302814
BAJHAW	0.18254150105265676	-0.05187274836750744	-0.25241289572135095	0.20859354304222527	2.1524704732698057
BAJHEA	0.08236308033942441	6.613176109171448e-05	-0.14733705409231557	0.23774431020199732	2.197725802955988
BAJHIE	0.16413942639673884	-0.0632337896445826	-0.18631709984980205	0.2378524016469709	2.233056978215156
BAJHOK	-0.04217546524359017	0.04473885863342175	0.0813259918098268	-0.06538552889631158	1.5657789026225664
BAKGUP	-0.2185712612777917	0.18639915855536038	0.29163268232537454	0.22534880354614611	1.7078854366123937
BAKJEC	0.3032917488301301	-0.1537140314211195	-0.19437440223499536	0.0756778968763685	2.1724980206727666
BAMQEM	0.3077060538967382	-0.15079445346500298	-0.20770896473581346	0.11175515502734795	2.2060184412336543
BAMQOW	0.20998449872951053	-0.10715759659567237	-0.13904208022829323	-0.09517293325101622	1.737580416905665
BAMQUC	0.29981437211229034	-0.19417363308412539	-0.2346712615820108	-0.03264434672722974	2.0009089519900214
BAMTEP	0.16303700562209356	0.09650454440816225	0.017460650467824745	0.012610070782518829	1.8242005694474206
BAMTIT	-0.15719556131214407	0.3256155292565921	0.2251434931727978	-0.034468029640137815	1.3950727743211948
BARVAU	-0.4766235330246693	0.14263808007772494	0.38347858703720217	0.13848195669090507	1.3734637991038743
BARVOI	-0.5140242552103147	0.18091098843559505	0.47591402865674914	0.1087724609470122	1.283938559943952
BARVUO	-0.5287789227397774	0.16675201561996988	0.5201305640994278	0.08764600067406786	1.2545354452827062
BAWMAP	0.24502668088969726	-0.07435660599279836	0.18774818846150088	-0.13376634705570378	1.8492993161125986
BAWMET	0.20761477854948573	-0.0456764678056536	0.018779364896175155	0.06593446497478112	2.0663711014104402
BAWMIX	0.3511434988877795	-0.18563296465170165	-0.18219083125234348	-0.031525681827090424	2.019877388971362
BAWMOD	-0.176823022937314	0.20632271386044376	0.0497062906205783	-0.008833945360679107	1.4513491424769758
BAWNAQ	-0.03310990896984389	0.056879574362110996	0.24939749172184866	-0.15691850708983085	1.4140236904895573
BAXQEX	-0.19803142221787473	0.15778873875954758	0.19512678908113856	0.04593296907960534	1.4627072139147455
BAYSIE	-0.41566051336012455	0.17843745104567166	0.2017245637434253	-0.023749884361130624	1.2646691485854102
BCPZRB	0.38408989597635124	-0.1248673960211567	-0.3245889240764518	0.32181309168520644	2.694015498202922
BEBHEW	-0.434414246149164	0.11939768613319746	0.3766929890235795	0.09107454874776133	1.2844557646056654
BEDLUS	-0.3411854216383574	0.09854943942154892	0.6638454127922684	-0.04700218170284551	1.3722282063078022
BEDMAZ	-0.18235527588264722	0.0916191896323324	0.5629548057690126	-0.057590466538030544	1.517593868314716
BEDMED	-0.3152926004908463	0.19677857998828663	0.5677383747480096	-0.017199475143915344	1.3069238103731622
BEDMIH	0.2190835784648093	-0.2440250327010346	0.010855614023410176	-0.1080400882312852	1.9771339816830484
BEDWUD	-0.2200089325559338	0.11225025536216615	0.04357952335251558	0.07417413096258002	1.515699028334468
BEDXAK	0.22837680735092114	-0.010219537504458254	-0.18189432398109617	0.25956204882513195	2.330110131292451
BEDXOA	0.15754533818981464	-0.08948925563519039	0.39799236522703874	-0.13474929247783454	1.6238904562843484
BEHVUF	0.25869726885929056	-0.22658029513411104	-0.17449130373996424	-0.11710824425339021	1.8082802583034128
BEHWAM	0.27388757177248024	-0.23054435990467514	-0.14237428224695847	-0.1811423852836491	1.7402440851303682
BEJQOY	-0.5876230350299041	0.28206322772124603	0.19035162327396837	0.22976741192964267	1.3473461748771802
BEJRAL	-0.359380098198566	0.153017887695023	0.31235733547218514	0.16121152272420702	1.486954852972995
BEJROZ	-0.5893150977572561	0.4106326107053442	0.3397476015379117	-0.12448804537269849	0.9395350641462206
BEKFAY	0.6080103715095904	-0.3175303815945504	-0.23747925333835318	0.17207182619926814	2.6332377627022976
BEKHUY	0.14880024881012366	-0.08768018950258516	-0.04062734227994058	-0.23528790409509176	1.5765365586069056
BEKJAG	0.09348189172539056	-0.07256981187250588	-0.1015533134377884	-0.043520015038670895	1.7323289015719507
BEKJIO	0.07726776117018375	-0.08200317594585049	0.00032879152831610803	-0.2407605881975478	1.502381713605565
BEKJOU	0.08543735096995686	-0.07906321442235509	-0.0031894327628019248	-0.22971088170396123	1.5165336665124793
BEKJUA	0.21554609171957972	-0.08764217053759826	-0.043318032656410654	-0.20265516040762405	1.6592338919071046
BEMMOW	0.2641437094737471	-0.1202276328927171	-0.07437805238014672	-0.1851745291861593	1.7508659884405575
BEMMUC	0.29386098713362374	-0.1421471039118133	-0.0573586607489196	-0.2004242408262007	1.791082098857502
BEMQIT	0.3575057676195552	-0.1749427243909184	-0.21856920088037146	-0.05086302235261739	1.9833460473422924
BEPWUP	-0.3517640061415106	0.28812874799440613	0.27786538845839703	-0.05457940379151438	1.2560904990029949
BEPXEA	-0.29004707806329444	0.16380609403487034	0.12594405107650575	0.03818601291292975	1.4195658675901015
BERGEL	0.0976013030914431	-0.09263781213736932	0.16132622735009505	-0.35815989929383707	1.3535166349703498
BERVAW	-0.03776268283063633	0.15799046555398522	0.37123737812284485	0.17757218896876048	1.885520884398556
BERVEA	-0.07452405706101217	0.2900152011898607	0.14861275161699017	0.006310518909332097	1.5546647114226133
BESGIQ	-0.16927005017695196	-0.07274051796545855	-0.009851124425130031	-0.23178342474554042	1.280638577462454
BEWNIB	-0.11323688344892435	-0.05697071474402993	0.09093330088456142	-0.19606622021273418	1.3851861781280363
BEZMID	0.33287338763264884	-0.16334907370780505	-0.06752763091268621	-0.11234639046080845	1.8804815864157862
BEZMOJ	-0.07449561442046226	0.07876252098406555	0.022899413043300232	0.10390040786282051	1.7498967076645204
BEZMUP	0.33151949039072015	-0.18261972065612853	-0.05516330935469327	-0.10967723105454051	1.886004484111527
BEZNAW	0.31957391387179657	-0.15662741365598531	-0.05897655940947222	-0.13828178125066806	1.825708632877706
BIDBAS	-0.17234222612503736	0.032579468199835815	0.5404165768103726	-0.027819329055309844	1.4513041699914355
BIDFEA	0.21864375377086187	-0.15577111082785455	-0.05530913747491861	-0.24885118092489014	1.611348682713464
BIFMIO	-0.31289485031232633	0.1885498112252889	0.2696835724925781	-0.23983384102817884	1.0397124716822317
BIFTOA	0.04488692131905436	0.15674424536258258	0.1460980450510283	0.4323041804319593	2.4147099894669433
BIGLEI	0.31651715376981127	-0.14243262649565958	-0.16432212815019254	0.05570722071984055	2.115370798452146
BIHCAX	-0.42076850978755775	0.27189261712966983	0.21026691128294717	-0.10638311356104782	1.1464662467319684
BIHDUS	-0.23712625163109546	-0.01575652801251648	0.11587305766730283	-0.2630581773104499	1.217206591246322
BIJMAJ	0.2939727134897758	-0.14902123819960145	-0.04416447427581205	-0.17037715159097253	1.809659434017405
BIJMEN	0.1897923799880017	-0.13198408857639743	-7.847153755169423e-05	-0.2356113935078375	1.6242526371833081
BIJMIR	0.3548966005180709	-0.010889676325350761	-0.034219646391077996	-0.30299651909850656	1.5693428010890205
BIJMUD	0.28687712886536376	-0.1435160069730973	-0.056501798372369905	-0.2038767668887884	1.7489270483836965
BIJTUK	0.3888410220708183	-0.11089156314311577	-0.27222449850393726	0.24489029837662774	2.490056656288629
BIJVAS	0.4174049610430979	-0.1593338244181819	-0.38536332363259096	0.3668167423686518	2.8346741225543908
BIKTAR	-0.23233833843822715	0.29892250611372484	0.16684749475875216	0.18084725641228955	1.59047319664442
BIKYUR	-0.0332766913793372	-0.07072607335565428	0.08755840379695434	-0.3483916079738831	1.2484054103962638
BIMYIG	0.24653001574313338	-0.07258940042299677	-0.3486713060484432	0.4008133562134013	2.690615161572651
BINHIQ	0.07909423874151411	-0.03984907676388827	0.028084807481436602	0.5773361878617186	2.8273049389398444
BINHOW	0.18612266688497536	0.046795381629978205	0.0019398359280446975	0.712987015736621	3.351856423575499
BINHUC	0.2310665682032056	0.02373302102071151	-0.11681415857528576	0.8030179570064873	3.835315276767921
BIQPUO	0.3755071716817353	-0.1646365299695861	-0.14372003078658357	-0.5506225091084032	1.3187581678826912
BIQQEZ	0.10479629811026658	-0.03508117612930073	0.02379775675294704	-0.4637267000277026	1.2316932695661595
BIQTEC	0.31504319853534035	-0.22245135467485821	-0.20432340122658554	-0.06654510883424511	1.9203398962671656
BIQTIG	-0.06224714179456958	-0.1328719182418654	-0.05920455949832282	-0.17245187720994626	1.4668597177310074
BIQTOM	0.18218850093708872	-0.1492638553206026	-0.16086226291074057	-0.04649418328344501	1.8221940452616634
BIXZAM	0.3215129347802872	-0.11429121857009328	-0.27463819734017547	-0.014660041955616487	1.954472501579635
BOCFUU	0.3315503455622011	-0.14239025935289762	-0.1473006853888874	0.030398054946703973	2.106079174998017
BODMOX	0.3072486985569505	-0.3326269276340774	-0.15296827405818014	-0.2910568243599698	1.706531845895573
BOGBOP	-0.2180020541082559	0.1262821472093647	0.24243901554700065	0.3200105833138821	1.8878253894666344
BOLNUN	0.2188524518964865	-0.16817357730369087	-0.045896715034861923	-0.17345131753216203	1.7397413288437285
BONREB	-0.21150242487497684	0.1177569022396524	0.2008095047889924	0.028840692091420567	1.494650762497544
BOPMUP	-0.11572559400401516	-0.012782788830398184	0.037057283463182156	0.16627420009328303	1.838398798000762
BOPRAA	0.4335386448100431	-0.06736658923485328	-0.30110109040759214	0.11177717399832698	2.2877689077681325
BOPXAI	0.41035291432640886	-0.18508059362730567	-0.12032004845453703	-0.033294595467940225	2.1320411087188607
BOPZOX	-0.5646878327234379	0.3007227730918516	0.23128848909898014	-0.11919900822406428	0.9924100612686904
BOWNOR	0.23121044032847404	-0.07453268827205128	-0.06223990879161212	-0.08621049268777146	1.8234513317522654
BOWXIW	-0.11325652011961829	0.09313268015054221	0.2050976141332077	-0.0925940468064669	1.4600822899610328
BOWYOD	-0.3282613034323556	0.2294813615018163	0.45392496180284136	0.021069743298660376	1.2923226011501587
BOXBOG	-0.49904164653825145	0.31163649782179337	0.28787140147156176	-0.1482580278885643	1.0337308261852134
BOXJUU	0.19605609631074605	-0.13995167087399363	-0.1481210998394975	-0.184569105179561	1.6802303346455447
BOXKIJ	0.26595522813281214	-0.184252161735032	-0.3086516163536497	0.001972681535039905	2.0045390660266955
BOXQAH	0.34749956732846865	-0.08338792797187222	-0.29203116966506903	0.13597455880498527	2.2405306145621564
BOXQEL	0.3537554984185012	-0.04422246627181525	-0.30109363641214215	0.08037040109598509	2.1519303824058564
BUBMAN	0.25997566682873785	-0.18774039547134103	-0.01912668924048977	-0.022963880888252686	1.9541187848529682
BUBMER	0.4597850251762088	-0.297291871616979	-0.3044772149504149	0.07045497621045077	2.3521667366037082
BUBTEY	0.45721775270936504	-0.23469450320122198	-0.23700491237555998	0.10367695041276281	2.4001779741324545
BUBTIC	0.2814055643563633	-0.1914850280811088	-0.19177743718842977	-0.13452350443362987	1.7729125722394445
BUBTUO	0.29416816831912396	-0.23290288455870078	-0.10357479360199662	-0.3890152230235784	1.4682691092920863
BUCMAN	-0.0443635460586953	0.2484469072096276	0.1748714970322065	0.31290336040831457	2.0983849422560645
BUNFEW	-0.20239186902530548	0.29709488416961083	0.11856056906181456	0.11681768591621355	1.5618342963151233
BUNVAI	0.0007876293263917589	0.021445600438003587	0.09844964870789852	0.06372819211816833	1.7684862881709167
BUPBEU	-0.12070574278088486	-0.015579655877456244	0.2560167831669182	0.03161035349656216	1.6745383804339877
BUPBIY	-0.140035504951872	0.035002259668784785	0.17978058119015472	0.12273095974118275	1.7237512038181633
BUQXUG	-0.004128011177747304	0.14931110235215483	0.006449946513554794	0.2727972449251045	2.2066968279417187
BUTZRA	0.4299516217916075	-0.11770764268814915	-0.3310491676636209	0.24808515234713674	2.5647941564687238
BUTZRB	0.47376181819069263	-0.18446409378815098	-0.29678931336486225	0.3064278269150415	2.743488489108559
BUZREV	-0.31405340121304137	0.3334920025369381	0.09913707374823755	0.13220342086268616	1.4852422495250495
CACRAD	-0.030365239075108796	-0.1146357464216694	-0.06072826657401431	-0.04944334441887302	1.6643491094351202
CADDER	-0.2780077641236032	0.04598744951861966	0.3390012881467468	0.16305896506144624	1.6560386603922708
CADSEG	-0.30598009686362015	0.46478973585123007	0.26379271744850374	-0.0018276513236766267	1.385140486495334
CAFKUT	0.1919937068657953	-0.10067674342011346	0.35891993935877964	-0.10773721111392649	1.7643815215776104
CAFLAA	0.07073269866554366	-0.06877497885698736	0.42024217778210793	-0.007157876691379211	1.8083409493012688
CAFLII	-0.0741098106309388	-0.18525134982979108	0.18152662632456473	-0.24639480392283275	1.4639412170463886
CAFLOO	-0.4270027757984338	0.021587512716887414	0.4969454606052235	-0.2852379759510685	1.0767216920854878
CAFLUU	-0.5535694325386897	0.10978605161870758	0.4761200112713264	-0.21346086579240325	1.0332445760334803
CAFNON	0.2340565152994185	-0.13176196038197696	-0.06539740246642345	-0.16580369197710446	1.757682468893178
CAGQEG	0.3631520304870124	-0.17739665135896698	-0.20780034452948004	0.062312294053948	2.2137296440299807
CAHLAY	-0.05143398176483238	0.19093770637153473	0.07529180251953727	0.07898355635504373	1.6270613285640505
CAJHEA	0.3923050891346964	-0.18698723260075545	-0.12489954674815307	-0.04065004422463003	2.104703040523516
CAJPUY	-0.029836099931540794	0.30106345571387405	0.22028373163823	0.09149173769536928	1.740750249726268
CAJTUC	0.37984785670229204	-0.1866689238921425	-0.17099741639185284	-0.059958809714165284	2.0168998679951833
CAJZET	-0.16226176464285302	0.2503218424377449	0.008722603895467973	0.007760232482030005	1.5135133943528079
CAJZIX	-0.19462971547770191	0.24770393887279063	0.03858493848556943	0.0006042797687635104	1.4675567570566053
CAJZOD	-0.19637357364461527	0.2601554789440308	0.026820662277093454	0.06391279459677301	1.5455779206560938
CAKBAS	-0.15436771753440892	0.2337419189308867	0.028710861594352988	-0.009143332356086248	1.4875953995836477
CAKBEW	-0.1418765318561208	0.24175773880790596	-0.006769505877609383	0.12094073205531353	1.6781491836564146
CAKBIA	-0.19648157913579478	0.23136622433535692	0.048689071093366953	-0.04708974917323244	1.407295616120987
CAKBOG	-0.1566336533134156	0.24735770354976894	0.02719889596304048	0.0327336294407988	1.5390687329812622
CAMKAD	0.307742523488006	-0.16819736857617196	-0.1041121740011377	-0.07609437589612028	1.9298136848988765
CAXYAC	0.2152588070078445	-0.10966310058974571	-0.013995505647784512	-0.12252173731553857	1.7604690379850638
CAXYEG	0.1767820888513425	-0.10975204226106217	0.06502845182893191	-0.2139720629776045	1.6101825772339171
CCPZRA	0.23039337464331977	-0.11214192693890179	-0.1975963016047797	0.055096344738765984	1.984199758910151
CECVAH	0.40390477656056234	0.015621417419137695	-0.37276107613876985	0.2159739724290871	2.42395630745237
CEFPUB	-0.5276190519377351	0.18146521039521635	0.019796764179130566	0.29001589743180084	1.565563931160663
CEFQIQ	-0.562435159602662	0.18980720704569498	0.03965629156558781	0.28748982824419334	1.515803415693106
CEFSIP	0.15206916160897732	-0.16400872494994245	-0.15647046409115561	-0.12514418027056706	1.6773599129131052
CEGQUA	0.1989011041960409	-0.16872007223031904	-0.1890542522372627	-0.10141897285610017	1.8066620016940553
CEJZIC	-0.3321180439168008	0.07193263936946737	0.37767591124155886	-0.24476115318647776	1.137380811822967
CELGOS	0.33873888894678705	-0.11511698009133053	-0.28021502725053726	0.20928491482965866	2.3375695853398724
CEPDEG	-0.05415662379366193	0.0008295489600443906	-0.30392427538255573	0.30575348900291366	2.1016758326282825
CEPSAR	0.4516381205892612	-0.29836640199606357	-0.1988126430528403	-0.1801129262604367	1.9727720285400219
CEQBIJ	0.2165269269471044	-0.21218746772939467	-0.14269042043475322	-0.17433781961121125	1.6789615034408634
CEQNOD	-0.39241350985389367	0.3560912598342152	0.318608810650453	0.04964936641393919	1.2535432031986224
CEQWAY	0.2044122322684987	-0.02492705640658721	-0.33333559330200524	0.3673367432175908	2.5276584157629176
CEQWEC	0.23777710085784198	-0.013850901572024843	-0.3541778210611416	0.41255170524650964	2.6573867526689403
CEQWIG	0.21187766602165148	-0.08162801198564495	-0.2553689837495454	0.17080491025102784	2.1907534809438123
CEQWOM	0.2308364295785572	0.01014475341026766	-0.362192599395338	0.4733179655004145	2.7987457225880137
CEQWUS	0.18634509526433973	-0.008780341003652992	-0.3329911810564722	0.3673690651583219	2.5117100031712796
CESDAG	0.0836193214033436	-0.05575109261774569	-0.1666245015070249	0.3325614285141051	2.370947291805911
CESPAT	-0.28180578573910076	0.3402860025907237	0.11285960446874066	0.0354761163681519	1.3881300417775897
CESPEX	-0.3606171733471246	0.327612442820038	0.2592225644218693	-0.009781061239976574	1.2897264729868463
CESTAX	-0.28352278351528737	0.2535315525705031	0.1334656150175586	0.09976957141340353	1.417350018182151
CETCIP	-0.3651538575710145	0.10143775792758358	0.1761527214165226	0.2666171084916228	1.631827467965855
CETDIQ	-0.13161656302783964	0.11178004518225682	0.5428989369658381	-0.12918772964019035	1.3428803035900378
CETLUJ	-0.16704794669441503	0.04829560406006328	0.15217462998784614	0.08226741649969527	1.6090106989038189
CEXGUI	0.2452246285511257	-0.1714672392090132	0.08193694985389932	0.0638398319965719	2.10761409331106
CEYNEA	0.30566317506382257	-0.13549064884029716	-0.06860754015457249	-0.1867485235025161	1.7949045970508992
CIGBOK	-0.08912262718583719	0.1275596544633658	0.09818030409019829	0.23691222143809926	1.8847720091218283
CIGFUU	0.20577607096775274	-0.19838568030429315	-0.11980783362597114	-0.2227692531309215	1.6625695128255775
CIHGEH	-0.5485795835146479	0.40884044385503127	0.30815423365917294	-0.16992588813009238	1.0103244201861863
CIHGIL	-0.45603196350435704	0.2842212623179603	0.28376481245578433	-0.09018378526486975	1.1014448312961782
CIPDOV	0.5090288635699745	0.03683765749107104	-0.33237098729032843	0.18844557777984056	2.4908851699967114
CIPGAK	-0.23207782460417947	0.14395609649228414	0.17600702318883865	0.1077852615255469	1.532743226791147
CIRGUF	0.354676044681435	-0.16345274348264982	-0.21602533044328132	0.16663349971698938	2.3565065422683054
CIWSEH	-0.0945442357666817	0.3651892936613341	0.1258162135072467	0.010494097207186748	1.550422009872798
COFMER	0.1997442068070927	0.004715738445217332	-0.19306628832377148	0.17650178901177555	2.1153527454180776
COFMOB	0.26907227892999774	-0.14803586035889282	-0.23515527710920847	0.16913208562741322	2.263020518751722
COFMUH	0.26330002958253074	-0.19178182262927446	-0.1326387748214255	0.02829909806164782	2.070566074258055
COGSID	-0.17064987119752706	-0.06286337308228862	0.30382570192757274	-0.1467210506040845	1.422807279596305
COGTAX	0.511125738598686	0.021457880659096817	-0.3749717704265111	0.14944273282213583	2.4212389250235633
COJTEE	-0.17944031102698776	-0.11964265310537092	0.05273461033007054	0.1196370815363419	1.7772305549599612
COJTII	-0.2813993764389693	0.018450717585495213	-0.02192743013636478	0.29589416909132454	1.8270076181182442
COMPIF	-0.06322715630520115	-0.056235957547853266	-0.10284604699146738	-0.09727281864454795	1.4919077441322701
COMYUY	0.3185072842927563	-0.14839017633239315	-0.27280941759143795	0.08383824931701539	2.2456113309443113
COQKID	0.25834428909320195	-0.23880327824095915	-0.11942821521217906	-0.07892913941023551	1.9351043594890132
COQKOJ	0.264148063405063	-0.2868503905928529	-0.08796412558115563	-0.13647244129754496	1.903833598147842
COQLAW	0.09137893604121983	-0.11592095390121038	0.021959093215926595	-0.10317635368100149	1.693259786962414
COQTEH	0.29938263777972685	-0.09562543591814832	-0.223442787894633	0.05202148271263035	2.058309849040331
COTQIL	-0.38120314896827967	0.13784688569359504	0.39337134074026436	-0.0841698737935865	1.2079718916456461
COTQOR	-0.3383501226040031	0.11422190455921333	0.3539855213016523	-0.0692986462241214	1.284133465644809
COXFOK	0.33134359762488463	-0.17234564672684805	-0.21445783080606384	0.12078690704414413	2.1803738795518477
COXHEC	0.49442487212785036	-0.18117495140212048	-0.2979222732568465	0.19182627324125118	2.5309819647783853
CPPHZR	0.008400219815468013	-0.042187251563642114	0.03748255896915009	-0.32810053801944855	1.2969059887981342
CPZRBZ	0.36099616699667747	-0.12187470935603939	-0.25966541041707636	0.06660619036372184	2.1320410476491736
CUBZIK	-0.22489962996079615	0.34633468508848986	0.20810981415220442	0.017418634947776762	1.4246413425429885
CUBZOQ	-0.21349942520112375	0.2927063953379203	0.2717894925844482	0.11680149608342594	1.502628127117784
CUCBAF	-0.32135511574828524	0.32081876669990717	0.24452300934796822	0.009475247823533872	1.338955463783599
CUCBUZ	-0.2874446672966382	0.19187109621030785	0.2786549132820766	-0.07391623622432365	1.2432749574988387
CUCCAG	-0.31718912967249757	0.23891122920278818	0.2925929362182187	-0.06599759142699058	1.2333620928855884
CUCCEK	-0.3179123558850301	0.23967021518810694	0.29812903682994185	-0.06649194274142627	1.2275004245605103
CUCCIO	-0.4744320730013323	0.27220103266370566	0.15991377820605157	-0.005279158392606648	1.20135566072003
CUFFEO	0.22053391860338234	-0.0340030812124551	-0.23571122286400148	0.2198937005027996	2.333659060883321
CUFQAV	0.18682325971505387	-0.20414272172944403	-0.12961764543262766	-0.21835741035671594	1.6343690228182317
CUFXAD	0.311164224883576	-0.12262218950600523	-0.30200459991611917	0.3141510739799105	2.60135625718234
CUFXEH	0.2783246779031878	-0.10248974178518744	-0.27926286288316593	0.2675030819892176	2.457918201880051
CUJQON	0.28827367874328846	-0.1630262866900528	-0.08160456397128102	-0.11245154713701123	1.8708424670548047
CUKNEB	-0.23534335280747642	0.04309071748039239	0.1718005640410345	0.24593634727950658	1.786448371054518
CUKNIF	0.20792452967924024	-0.12961036791327607	-0.10824635987957487	0.38916462156613807	2.6294378251159465
CUKNOL	0.02294699486151064	-0.07521594035077594	0.06670614774253747	0.05608522218671061	1.814104409431031
CUKPUV	-0.007310991997422356	0.1965844622607119	0.050488269543635056	0.14947095439209296	1.7493443304075238
CUQPIP	0.2749366191338831	-0.12560488844965323	-0.08663032953355176	-0.1724540441020918	1.776837768813281
CUSNIN	0.06323333253156704	-0.0997080171216933	-0.06421994977950285	-0.17765010215552832	1.5549322684747426
CUSQAI	0.08998429592333057	-0.10967917333424904	-0.05581735350332506	-0.18866375797887033	1.5777091851700455
CUSREN	0.05286123398153819	-0.14396312949239443	-0.14351049271592942	-0.024227944702109983	1.7477867207007314
CUXBEF	0.2606098549473872	-0.14130150637661287	-0.08667836881193369	-0.16332535163912243	1.803985411303961
CUYFUX	0.08862273018508748	-0.1660823918362735	-0.008703068710208761	-0.2477952406253287	1.5261763009910307
CUYHIN	-0.23076112167178664	0.20396789791918313	-0.037662852795801394	0.17319361912277653	1.5151317326992662
DABKAT	0.19443080679625613	-0.09657114703227399	-0.013376966438771731	-0.16591518563208635	1.6854874062388387
DAGJIE	0.09367234414347747	0.03454524503275758	0.2395081851715537	0.3578272224738652	2.328657046353463
DAGKIF	0.7139425027209825	-0.007404946624981035	-0.4552382184534497	0.18054227412498997	2.7140608436046447
DAJPIP	-0.2928059240925718	0.371213068021814	0.16567919050205693	0.01942177870689582	1.3524687131546198
DAKMOR	0.38771094734518297	-0.1541313104384615	-0.25460869464649805	0.058021496534104156	2.1753401978846636
DAKTAL	0.11337982613530784	-0.2290730791757486	0.014174559772995865	-0.44915445426063516	1.3563298819445622
DAMBOI	-0.5362407601749246	0.359095596793068	0.2734417848653463	0.018608141412628232	1.1852508223441096
DAMBUO	-0.3232128107394825	0.42997874809371006	0.17652030132978735	-0.038039081538195796	1.3510413164974728
DAMCAV	-0.28459457586750414	0.3344226630281719	-0.00963208534002824	0.02265699976281707	1.3662235338022604
DANWUN	-0.3937705878796316	0.38402455472843977	0.20893609631713828	0.005260424423525145	1.2256120596071909
DANXAU	-0.5318694080148783	0.4154290891133532	0.24146543707553114	-0.0789531518068049	1.0850658894038896
DAPQOA	-0.4044630059804408	0.1050991599323644	0.19727454265146727	0.38222139931718	1.8331432788525037
DAPQUG	-0.5207517469223859	0.0085827479711994	0.3705177023992259	0.12616155075603558	1.3816568521112564
DAQFIL	0.28190466589899454	-0.14576962740659283	0.07747178238699437	-0.32635368589537644	1.5749490931212147
DASDEI	-0.29780406521928926	0.05654509968712518	0.15564451324440376	-0.011701515639906845	1.3945370496411655
DASDIM	-0.25201727351988623	0.0923168413586275	0.0722904716457966	0.04708804061324537	1.4902762273807286
DASDOS	-0.20054683568986542	0.1163961823833064	0.031296292247760205	0.14712803336471753	1.6392297507441902
DASDUY	-0.1921135206349427	0.10459573395012078	0.04738494017810613	0.027697395703280087	1.5141268977340343
DASTOH	-0.17414556772126222	0.4862515512776051	0.29657644299725927	0.031147693245619557	1.485831786762421
DAVQUM	0.2766879112901286	-0.1525778889167868	-0.0934110657859264	-0.05491356467756717	1.9208854872515335
DAVZIJ	0.037136347761213884	-0.02853152980154794	0.021196139095402522	-0.37177665662729664	1.2668741542739916
DAWJIV	-0.5320805104822597	0.14465186442554445	0.3393463626808384	0.24861865222130825	1.410668090161917
DAWJUH	-0.5023980259338985	0.012746881934585952	0.28163169543488453	0.1693148194891474	1.4200176989416395
DAWMIX	-0.13344251693157183	0.33525227282757286	0.05465859979939136	0.13368872124894754	1.744684474792638
DEDCOE	0.5239510077089582	-0.2157494597370645	-0.2603414358863483	0.2088847770020375	2.640119926097907
DEDFEY	-0.5196989909112335	0.09226003240018976	0.3534742323607081	0.2629730886627649	1.5057907349469748
DEDFIC	-0.5195373877844869	0.09598151427790924	0.34322571715538897	0.2602876482903851	1.4751684342344253
DEFHEC	-0.3392001024808655	0.21448049481659925	0.2608808570842316	-0.059225910093054224	1.2618497669304807
DEFHIG	-0.3647636586628673	0.2964716073543914	0.21054624334966765	-0.04600664752975364	1.2632024588777282
DEGWIW	-0.30127302622520835	0.15674102648416477	0.22519404601655957	0.29424091763862387	1.768065933491279
DEHJAC	-0.1921869527892044	-0.0887142205031839	-0.07987844818868961	-0.0769763350455973	1.4266588676413579
DEJHIJ	0.14691646603330666	-0.0028008758703523817	-0.038941725363741186	0.32223722142115063	2.383922081225459
DEJLAH	0.22691297490538576	-0.1036917412032996	-0.32713357669957277	0.3028968020846517	2.421618685917883
DERLIV	0.3226752510538793	-0.17562706430183128	-0.29518987048447753	0.23855501015249148	2.5050288281230024
DETJIY	0.15799765141627065	-0.15384834806941983	-0.09038296473010266	-0.1849562624690773	1.6580123935380642
DEVFOA	-0.4807379582274369	0.21676671905040168	0.38257686946450886	0.03635209006548301	1.2134326654606884
DEVFUG	-0.44009622040239904	0.18756736428681364	0.3486407788803316	0.11430858668009153	1.3582114337750002
DEWPUQ	0.3989237339948808	-0.30750986408866177	-0.2139489885450887	-0.03635438893229004	2.1424437163518295
DEXTEJ	-0.44118699901126623	0.20787101783545148	0.2983346229768582	0.17228126515808062	1.5082394198062083
DIDHAC	-0.26178582777469694	0.2119627600798768	0.1840970755839375	0.006178185918921747	1.3749578969496405
DIDPEL	0.31931897706206547	-0.22064061231007093	-0.13713716871256265	-0.0895039482259695	1.9232487066969854
DIFFAC	0.15581770393654315	-0.15471965139993205	-0.22434316321805237	-0.0972332905413198	1.7057649998402682
DIGZEY	0.24398571585064266	-0.12478391819101686	-0.2766853591139613	0.2011540869422025	2.289045367902265
DIHTUK	0.31300843995814587	-0.10680993866673816	-0.3505026766491287	0.2012652714894419	2.3326608742925115
DIHVAS	0.42387957357836203	-0.03353750735294969	-0.38911210638830296	0.2768764962502158	2.5596876929680343
DIHVEW	0.4188863057167449	-0.33005199771130805	-0.2524004509049622	0.1944030934697995	2.5816893178787543
DIHVIA	0.4016639694774433	-0.12824191456421996	-0.31834341436882063	0.30103591839978483	2.610409472307343
DIJQIY	-0.18316805556069582	0.20139920555118185	0.15660454541390023	0.32777192640380126	1.8715762285903885
DIJQOE	-0.4420185331079449	-0.030280476784265264	0.13908415581218914	0.20209712403906738	1.5948162915394177
DIJQUK	-0.04257761238108282	-0.08963782509762885	0.21123842153437145	-0.2066522926367501	1.4679672146470806
DIPBIP	0.10727626615912911	0.005291434379421589	-0.2377610055509456	0.3179188220307406	2.308860531735311
DIPLUJ	-0.01129316714999895	0.1819145978507396	0.23580448939790566	0.30120956504150564	2.1270573361630936
DIPMAQ	-0.1672936383971355	0.07266242320524341	0.36036254965775405	0.2866194632956086	1.9630191482827357
DIPPOK	0.20421828134027065	-0.25548877960903227	-0.20833319528153815	-0.0636003619804062	1.8876524863138324
DIQQID	-0.027033876561128878	0.14994002743544088	0.22196491736672486	0.3064664697636464	2.1086857587628334
DIQRUQ	0.13553358866474197	0.08093066410572358	0.11730741428407154	-0.29367070028813175	1.398545922660878
DIQYAH	-0.5452703222303574	-0.0017497070828270678	0.3299746395023879	0.10006483838527636	1.368799572911139
DISQUR	0.19161036980973112	-0.1784409492387241	-0.07128179541100188	-0.26219778919565845	1.590972153247801
DIVYUD	-0.14203921958871524	0.07560756774159827	0.09018648687109176	0.24299761004084997	1.8077061922287192
DIVZAK	-0.18870305887247074	0.11393240144520611	0.16612817451051387	0.11805972719130697	1.5717354813432225
DIZJOL	0.29129761095881657	-0.1731681006403505	-0.3354054709012738	0.18867275091471092	2.3030089004714704
DIZJUR	0.2145285709168303	-0.15272675859412077	-0.1829441915493848	0.02368526853041225	2.0081297249158876
DOBWEX	-0.20025578235459607	0.3566533427984988	0.12398207594442212	0.023542229501101686	1.4855677055882808
DOBWIB	-0.5016642524901438	0.37554387626350394	0.3489252951381516	-0.1211411620355263	1.0525873673123394
DOBXUO	-0.3081475711115953	0.4120746089825358	0.2486963873710153	-0.1334508760151744	1.2047690654768415
DOBYAV	-0.44803947763690033	0.36512873645593324	0.238579384820516	-0.12328672872477793	1.086384344636193
DOCVEA	-0.45258825440283124	0.15845714780429265	0.5495438139711537	-0.19169444323022575	1.0127033811233048
DOCVIE	0.05877947088237745	-0.07392685008909183	0.20984405253545058	-0.18386998591253698	1.4105244469066065
DOCVOK	-0.17195597507279148	0.06022353388958401	0.47773577979366477	-0.1101012900522037	1.2587637943097065
DODNOC	-0.3521684286226483	0.03359387185046969	0.1671774941455939	0.10064693146338949	1.4974271978013203
DOFDUX	0.3129571442099688	-0.1844895508255019	-0.08062889830320352	-0.12576033559184063	1.9132213302154724
DOGDIO	0.33458824112884766	-0.06203763993639466	-0.22658799974664645	-0.33149816919672376	1.4839120646984312
DOGDUA	0.2570670125209027	-0.13583727114995647	-0.271073982299294	0.1550535324314511	2.223345361396204
DOGFIQ	0.2176511663622347	-0.13087836499752725	-0.1724151108387515	-0.039721590361937814	1.8699151580065612
DOGGAJ	0.26291862319048587	-0.09514136813287355	-0.2206435374056026	0.08971106557715619	2.10454901898971
DOGGEM	-0.22063980214801227	0.3680333869807635	0.050568054656075834	0.10581735150832794	1.5372375627527268
DOGGEN	0.2171813677480392	-0.07560044585237669	-0.13541029099514734	0.1962965033383099	2.3202367497521457
DOGGIQ	-0.25106537424794473	0.3623959016823439	0.04161462644364433	0.17110063616750842	1.5788508275066295
DOGGIR	0.2288834854676498	-0.1378964251727225	-0.08404502233542188	-0.17714345940947301	1.6749860087339623
DOGSID	0.2958185812763703	-0.17684642135499595	-0.19121533828015047	-0.24689102611312658	1.6079775870798567
DOHYOQ	-0.021240717590653713	-0.06879195012490347	-0.036463417242023954	-0.1162382489803942	1.521940197764335
DOKCEL	0.15581763772050028	-0.16362003518696366	0.06034852384814271	-0.11715709939773777	1.7258796920544641
DONBIS	-0.14788842772667632	0.08897313197924561	0.2640533758072541	0.02519940140575741	1.5506304585786155
DONYEK	0.29234197036932486	-0.05683799911495502	-0.2645799005551335	0.15236297616131222	2.212858572028942
DORQOQ	0.4626910329917706	-0.2517807627018108	-0.3038009935125603	0.10568166739884616	2.4836046163702465
DOXQOW	0.1561292413054538	-0.13069185999494226	-0.019342018371053094	-0.18176438655424207	1.6235811903544055
DOXRAJ	-0.12538905333656247	0.16322193474922175	0.43382820515258347	0.0031128887715344833	1.5159881798718384
DOXREN	-0.39444208677933057	0.24581244685500714	0.4881988309074452	0.0022502865725677335	1.2403854692794798
DOYQEO	-0.4059858308586217	0.0252590189139148	0.17137642083942217	-0.1325995655046726	1.2143694190326577
DOYQIS	-0.2829723874357435	0.01170586926139372	0.04382770102347644	-0.05445063774583808	1.3671267166689067
DOZGOP	-0.41046596403071245	0.42163932727379283	0.20306444712534644	-0.012318812931391004	1.3020321780425752
DOZTET	0.2980492156384229	-0.1286554147913037	-0.047963371378159314	-0.20106842633195054	1.7672650813665303
DOZTOD	0.19986252248573688	0.09214877592250181	-0.2107603464586092	0.124222180112468	1.9944832895577056
DUFVIL	0.17932771576177275	-0.11254570025577937	-0.0629611436221107	-0.1405720854395665	1.7549835162086258
DUGPIE	0.1911441511064531	-0.14716141429787954	-0.21620449869999692	0.0014215596166109734	1.9607666997960567
DUHBIR	0.5406950478056745	-0.1802183756229635	-0.2909885639817502	0.25046287143024254	2.7260295928022744
DUHVOT	0.4844210779409819	-0.13861476115838467	-0.30263139876732637	0.2538576344004436	2.671539266690437
DUHWAG	0.19838917713635684	-0.1228552360326075	-0.06054562117743045	-0.1417206627825125	1.7612498177512683
DUJJEZ	0.2440980798173631	-0.1390214724745953	-0.07343777560184228	-0.1383389606721762	1.8159126025600738
DULQOS	0.11963204012053019	-0.10629284362766145	-0.0120364767717136	-0.2153650026407936	1.5899318691110156
DULRIN	0.27008036955807	-0.14189286363533515	-0.0994906644221214	-0.18599030221363416	1.7157395853039865
DUNNOR	0.22991023811270717	-0.14381714511234056	-0.06830771116966017	-0.1635526380239883	1.7817016878425103
DUNPOT	0.08042756277268825	-0.10108976259755909	-0.0725982943062049	-0.1694895990143109	1.5802386960117658
DUNYOD	-0.08255547672292307	-0.08705754045864345	0.11002088288552248	-0.10313832592674307	1.4629328597754503
DURPAH	0.0885497475013799	-0.004927564439808019	0.04391631714867428	0.018631690507238702	1.6568496895160096
EBUFIR	0.08159534210525887	-0.03525321089385469	0.14809613503386565	-0.09225776453586759	1.6352720363280058
EBUFOX	0.07113182917878325	0.0016064516781951754	0.19377618382287154	-0.006294656332064219	1.7545862259700293
EBUFUD	0.16067475380427343	-0.0529037273393419	0.20034018804565368	-0.158192429913502	1.6407274153189422
EBUGAK	0.49862261857395307	0.04854057001275869	-0.207943152563155	0.07192046287624126	2.249789587276114
EBUGEO	0.41172661753303963	0.01668160698948784	-0.17413315996681233	0.14845747014104071	2.3209077346275913
ECIGAZ	-0.01610228774582456	0.1665659624568011	0.10778929841753726	-0.06834920057139213	1.5301676157959916
ECIMAF	0.22380993432552465	-0.19178787273522813	0.0021996244007518317	-0.4074571037735806	1.4382574697262795
ECOPET	-0.32416343104355505	0.2403815884127214	0.2589351681190315	-0.21901116931814285	1.1079804105581448
ECUPAT	-0.1874813787708547	-0.11672646741980885	0.27082892398440994	-0.5174053286893096	1.122107233059804
ECUPIB	0.12894190291697294	0.04018294391747157	0.1064818418134077	-0.5215790576809896	1.140588696254687
EDIGIH	0.4226753609017342	-0.16156549822305166	-0.31980400720164803	0.23609631778522117	2.513286495763377
EDISOC	-0.307227768154811	0.1317566389704644	0.15063534434731385	0.3298911039491528	1.811278217087736
EDIZOH	-0.1887616869415618	0.19897372687407033	0.2591490103751384	-0.1431908111314864	1.3063828963452453
EDUMAR	0.4233198529155855	-0.2298319688562519	-0.22983069160364344	-0.043964407124304106	2.156280612901819
EFIPUE	0.24954585268405483	-0.09681866732326527	-0.23464324652213842	-0.0379771639020543	1.8919933425789826
EGIBEB	0.37455400946632267	-0.1747560054157008	-0.09367102422423401	-0.12468101550652712	1.944117239210644
EGISES	-0.16264065724318044	0.2297710245635387	0.053654139842799875	-0.04362342236686792	1.4436903193326422
EHATEP	-0.34585985937523134	0.22085556176164522	0.3583000458954646	0.18847612364765454	1.5479596701470046
EHEPAK	0.15903243891840768	-0.14818073264695042	-0.06231652896127837	-0.17950055754304015	1.6663024113830158
EHEQAL	0.18913766390802955	-0.12393246065132169	-0.09320214566564755	-0.1259248160510843	1.7286139466610888
EJEPER	0.35354975661958	-0.27458283995452626	-0.06078051636152515	-0.22116908308991395	1.7857324652327025
EJIHUD	-0.44263342665709704	0.45612257157651914	0.25606516844911265	-0.032752446481137454	1.1578867998400337
EJUROR	-0.5966481878239946	0.44481877175341	0.2062630247797017	-0.038643393015351024	1.0969874128780455
EJURUX	-0.6124633764400986	0.3819140301659387	0.17888154011478474	-0.06700771569065639	1.0485541789691222
EKADEZ	0.36254088625711933	-0.12936137257455815	-0.1954621922053963	0.017609482116321018	2.0802337320048494
EKEVEX	0.26911012631801023	-0.0820286902933659	-0.28216399972171047	0.23671811058218833	2.298768711289416
EKEWEY	0.47214408805089114	-0.12363612108263422	-0.31287375478204527	0.2420240174425089	2.451503919741118
EKIHUB	-0.19096975656750415	0.06945051590345763	0.3869592563861872	-0.06606271431282024	1.4609645785404524
EKIKAL	-0.182217212873081	0.1777752087395449	0.2536993650915351	-0.12158207761733843	1.2788616854445347
EKIKEP	-0.28810388641910123	0.36708198975816786	0.1708433481776519	0.08838543984257718	1.4127565982349104
EKUHOH	0.24662231227835996	-0.14084209630664157	-0.1606717093854262	0.07087692227221254	2.092657705590945
EKUVIR	-0.2717225303692863	0.14709697024511492	0.2779731963163332	0.054392436360925	1.4423969400531937
ELAPUD	-0.18080770376101274	-0.14129504800154458	0.08030868826110149	0.0010830783985424641	1.631021896068919
ELEHEI	0.2952649841968076	-0.07715240755363795	-0.2565875203965493	0.2183496285232967	2.348345044826912
ELEHUY	0.32089349892068864	-0.15494496460752327	-0.28745965290675146	0.17689456994274594	2.345087895636254
ELEJEK	0.3729128195960034	-0.15199632241928707	-0.32053438423326297	0.26317037041053687	2.496246801292938
EMAGII	0.36788663539714417	-0.1641893388121225	-0.0864865907952197	-0.07662910077821983	2.003548715710033
EMAGUU	0.2773218308498224	-0.1560165809885219	-0.10181230075376235	-0.0724172387877068	1.919540312592181
EMEKAI	0.08000389775885841	0.04100900137871655	0.089634450078111	0.11031463307142308	1.8902007165220618
EMOLEX	0.16106699763575794	-0.11976837407196617	-0.08713066697504712	-0.19162702501894996	1.623144509511122
EMUGAU	-0.3374398763927058	0.3992001453040195	0.2857930746779307	-0.08358181809008394	1.1987303250198789
EMUTAH	-0.03032535315178997	0.060463244334611144	0.30608011872650875	-0.12096034155234182	1.423087890796758
EMUZAN	0.0272672206060367	-0.13245120046159076	-0.12746644819221786	-0.010982135706647689	1.7552747745182624
EMUZER	-0.02475926185038224	-0.06544449724804768	-0.12165181964770966	-0.033067559723537227	1.609473193010255
EMUZIV	0.11516751973338657	-0.10176566629263784	-0.14378378877710163	-0.07980115854410834	1.6722972805469927
EMUZOB	-0.011581271296160711	-0.09791116872154748	-0.1094795785211955	-0.07739217140925016	1.5566225569326417
ENATET	-0.28960241596661085	0.10371080914398612	0.35914979306923267	0.1547465580332999	1.6109360803756747
ENUGAX	-0.22165032824661646	0.029944627318884476	0.36176286952248504	-0.05639781104423394	1.4007304933387852
ENUGEB	-0.23867990913367976	0.1282087163319715	0.3904259879255796	-0.053675117725352745	1.3352058902386803
ENUTEO	-0.234245877405173	0.024868963327011717	0.16336041640793342	0.21918892850843275	1.7293076473755633
EPICIQ	0.23154349887621883	-0.251118319994482	-0.08134586833391944	-0.26731681723938927	1.6251054857107232
EPUVIX	-0.28434588354043777	0.048768257586604524	0.088818175876334	0.11703239818174682	1.5181578526676143
EPUWAQ	0.11942378173897827	-0.14791474679361027	-0.020013347729640252	-0.15812391034268175	1.6246819296921786
EPUWEU	-0.00256931887378542	-0.10965764882257001	-0.09618183518341383	0.028444286296789856	1.7275767007126275
EQOFOH	-0.18309748764027578	0.2719707028997449	0.2294290850481986	-0.28394736557795053	1.1210810425163575
EREGAK	-0.14746187392729437	0.019212105334905694	0.18763498425870218	0.1145971177097333	1.7099923543082685
ERIBOW	-0.1262651757536255	0.10495628882300123	-0.010230303196724577	0.14615649298684125	1.7315323851287552
ERIBUC	-0.03999897392990048	0.09451649802813566	0.00829268221263657	0.16878620928230803	1.8430030344048534
EROFIA	0.21713451169249787	-0.11220591920295664	-0.23570416452485343	0.1225309492494207	2.0961952897128606
EROFOG	0.22923062324046306	-0.057287180555555595	-0.3077270831456498	0.32822630873260383	2.435970142161136
EROGAT	0.13758153143562524	-0.30466457520020984	-0.010135832543150425	-0.43914604212192554	1.447805375675862
ERULUZ	0.21299940816246377	-0.1372833104296809	-0.07352569767508066	-0.04453072904109576	1.9354383889285183
ERUMAG	0.24582310663538198	-0.15939386590999616	-0.0897147491465129	-0.09755499641727983	1.8627717523948255
ERUMEK	0.2516489214305073	-0.11592087864349154	-0.09002396830646964	-0.15478006780714404	1.7754834203560135
ERUPUD	-0.14933643253046824	0.11245576577232852	0.2919611982252348	-0.03603762738956834	1.4603530036317878
ERUQAK	-0.5262368885449571	0.36050528625284084	0.35377294755560507	-0.11475543887914581	1.0553516197045547
ERUQIS	-0.5081390884406307	0.42997622261543933	0.28409500207592164	-0.09002606290719169	1.1327523613870971
ERUQOY	-0.4506582300069595	0.3185154844532303	0.22864051489236292	0.06526262172920305	1.2917896840891891
ESEXAC	-0.1857366905887492	0.09980597467719898	0.11235254515986792	0.006917356250458445	1.520333553647247
ESEXIK	-0.2476386852970962	0.125198964051918	0.10958577318468987	0.017376056286997676	1.4493120456799642
ESITIJ	0.37033591969234037	-0.16267020655237263	-0.13139389932998013	-0.028611839614651385	2.074582390429325
ESITUV	0.4935605498086115	-0.01323026423164686	-0.26679919535287455	0.22679999721084432	2.593401112011693
ETAVEA	0.19281783217573834	-0.1186478796062942	0.13503849937844858	0.17886329143368063	2.3225927623967193
ETOLIK	0.15366365650678926	0.1461437261802988	-0.05914242901024869	0.1509668047212231	2.0479197964679825
ETOMAD	0.26411948994862255	-0.045969694413322215	-0.15034668165286558	0.11317942512717649	2.1373724271440646
ETOMIL	0.11915724756223556	-0.07139302452336549	-0.18263398427414068	0.14482162994004605	2.0487704388039227
ETOYOD	0.34820987998006814	-0.023094574352351294	-0.24949668974705985	0.4414280830730697	2.861758839777079
ETOYUJ	0.3369664113314199	-0.06085712564048407	-0.1810258015459354	0.13722446351351758	2.263176160604808
EVUHUZ	-0.5208039260234099	0.4150204065518117	0.2725978073040378	-0.05367897226433843	1.1306243807771306
EWAQEY	-0.10779563851274077	0.08286199454570753	0.013275259474845313	0.036137841129740195	1.5933011909303276
EWAQIC	0.32199360927522713	-0.12291122688510558	-0.2554923914043359	0.21239562447319915	2.362435206094781
EWAQOI	0.01567052552501691	0.058315326119884436	0.0029083476462063995	0.032272423678365025	1.700525905648254
EWAQUO	-0.05457685998838535	0.05371152693636849	-0.013806542695017354	0.07257710164392106	1.6228233471700222
EWARAV	-0.37880671506825303	0.3787331581102602	0.22001119560639726	0.0036613141736069332	1.2495414134452492
EWAROJ	-0.38632007402782875	0.3027813101554182	0.1962896875816429	0.013458439422794871	1.2889533542974216
EWOBOH	-0.30387377745381006	0.4628837355932389	0.23460518870546565	0.037249322525384515	1.431353523570075
EWOFIF	0.45046426798130934	-0.08701211706107426	-0.2186126214445947	0.2087131732497957	2.490786955534471
EXABIP	-0.40266813616520425	0.1397594529620697	0.17318695709767717	0.1568538454605105	1.4731392651638182
EXONUB	-0.266104312438439	0.13144643192913819	0.07747940768121042	0.04060156056905931	1.4398061605145893
EYOQUE	-0.2562117726676969	0.4778860826874505	0.1336997023341695	-0.009917211035757018	1.4577952890908925
EYUSEW	0.12405199460545546	-0.1342587495381533	-0.03947877889434692	-0.06784188206568405	1.807288807283107
EYUSIA	0.23586729731860068	-0.14993452241399685	-0.0565120232545111	-0.14315064973234248	1.793458884475463
EYUSOG	0.00977413112987957	0.022076214268516914	-0.16727407212807033	0.3807876229835604	2.35573888150449
EZIJAY	0.19691771836432004	-0.12196012290304359	-0.02027574725639858	-0.10128084450097825	1.8101582882661496
EZIJEC	0.25478985148847233	-0.1517626096992244	-0.08322680259531667	-0.07699807954197906	1.9081630051766756
EZIWEQ	0.34628796298243536	-0.13284929422082548	-0.09610019435334327	0.09688593483020691	2.27070051209465
EZIWIU	0.38049334066235474	-0.15377965560044693	-0.045614445249183344	-0.17239374530291723	1.8600793143117578
FACFEW	0.3274478349357408	-0.16098153026476492	-0.09439800570294143	-0.0995786592630416	1.9233192820129867
FADSUY	-0.5675853549610732	0.5732251178800445	0.20505019886985187	-0.06826809341166981	1.1140365541461241
FADTAF	0.05532769833987494	-0.11080913585092222	-0.07579903215408734	-0.19479455735285506	1.4949069438615255
FAFWUE	-0.04207698388153025	0.21405665176222533	0.16759011740065488	0.20495764361170893	1.9247768442507476
FAGBIC	-0.13763885427633715	0.14684669381203175	0.36037211890428256	-0.16361137638842613	1.2819684029317449
FAGBOI	-0.0020228723831241524	-0.06747615356170222	0.3754115552972892	-0.11211456698993198	1.6074420666035252
FAGGIG	0.28886571260062555	-0.12748105471487836	-0.08042584744182246	-0.07201070722721992	1.9437553180027891
FAGKUT	0.25247699115770006	-0.21272517714147432	-0.17077439419697393	-0.06306647118765352	1.8707681232233178
FAJMUY	-0.30387579594643466	0.21486715663596656	0.3608051843551616	0.3303181786919629	1.8129611981296363
FAKGAA	0.10315168656606044	0.07680075013965926	0.09824491502868526	-0.08978663952927522	1.6572901598008722
FAKGEE	-0.30334018222315384	0.09525121305421025	0.24640021670978185	0.035635755238245886	1.4077713321507281
FAKGII	0.000541862401500115	0.035733303899809	0.1833939749901803	-0.023758004619828632	1.6477447670403742
FALFAA	-0.5557546277574841	-0.0007894054696421238	0.3079419549647331	0.09803547714907707	1.3437681508348986
FANSAO	-0.2002994357200376	0.15907915270688777	0.22417227332343193	0.38888607960346755	2.0926175024665623
FAPBUU	-0.3218599221444678	0.21308270171057542	0.07260887597573196	0.2307044451115926	1.584629984016331
FAPCAB	-0.15460470499413193	0.10641922558938266	0.19375275870072084	0.20062180165053106	1.6971559182100506
FAPCIJ	0.023214100783293556	0.08338666327474464	0.04609458076439066	0.05381653604500314	1.7250915262231405
FATBAD	0.24955885843017045	-0.212006120130111	-0.20737405585236046	-0.041774472374353444	1.9151247347383724
FAZMUO	-0.3150918847519999	0.04329174085293552	0.3316927598620125	0.005314697178465111	1.3865399421866718
FAZXOT	0.3652286644520668	-0.18507778717206136	-0.287752766471135	0.25032166122407606	2.612769377330814
FECFUP	0.322352104598449	-0.2857080347116745	-0.20219066654282858	-0.08053143424590123	2.0099950022103537
FECGAW	0.6722847594904131	-0.1601197411753672	-0.4402418168012613	0.3971424466535489	3.2240300007010134
FECGOK	0.3908019031167571	-0.28694936994159725	-0.2088814135751047	-0.16222165478407102	1.9404109237803344
FEGQEN	-0.29280773912698166	0.05054023398665575	0.39212139774836396	-0.16573230799044492	1.2678643479261111
FEHFAA	-0.41768955138855546	0.25664590453846725	0.3077671311373593	0.010377611387485108	1.2351759213589846
FEHFEE	0.03847573272246452	0.11382130659987055	0.1922935755396029	-0.015997484902539938	1.6483680926749096
FEHFON	0.10553175807465376	0.1197557412792779	0.11960871721220223	-0.4248069784048075	1.2189177902690882
FEJRAN	0.15609919796207805	-0.02992898595129434	-4.3749588450214816e-05	-0.21164465744142338	1.4957077492933186
FEKZUQ	0.36804162388336126	-0.17523912011117115	-0.2615797569638074	0.13491959444445933	2.3352463771147796
FEMBOP	-0.17079848556808486	0.29176246968317376	0.19684624879758017	-0.11739087899004377	1.3326007393174488
FENQAQ	-0.06280724628252843	-0.16945503032509357	-0.1464812511131528	-0.03457667527596936	1.6667415543503907
FEPFOW	-0.2116105366367358	0.35161126497353923	0.20674172656686207	0.010831713230698647	1.4559829505610202
FEQCAI	0.19744661567554278	-0.12281153873978401	0.022210453923892093	-0.18846373708114222	1.7095709482920887
FEQHOZ	0.47530483051397976	0.2609135618574461	-0.34929397023950726	0.5086990037728478	3.1197961085382815
FEQHUF	0.5389875855760806	-0.15228207281556927	-0.33696776320704636	0.3905495758157167	3.048477719918319
FEQJER	0.1860400004587146	-0.15136377449981775	-0.08583425377953824	-0.08456490824620433	1.805941706533208
FEQJIV	0.35478340658776153	-0.11805731927341823	-0.19869709665123847	0.15353562766211099	2.2879619127572792
FEQJOB	0.3485783593393479	-0.14473505283383292	-0.1818371372658163	0.0794486856014901	2.1740546605051505
FEQJUH	0.3861038920813451	-0.14711832713035078	-0.18287067080989527	0.05036309871075456	2.1731338735610444
FEQLUI	0.035056105999307086	-0.06552264118851403	-0.19430501987607052	0.08088305381398297	1.833080571438755
FEQWIH	-0.06694030447522925	0.013290073600461416	0.38331938653913045	-0.25346742508829945	1.2612870084959964
FERMUM	0.08142301464627488	-0.06752601068449082	-0.019501180162208698	-0.1958068345655307	1.4951817957124813
FERNEX	0.4551064913317546	-0.2453319897914803	-0.3150172586003879	0.0591979464660736	2.2890636457753275
FETPAY	-0.2565301086895966	0.23779497280087059	0.30865011727660296	-0.02843809875927289	1.345169560856306
FETPEC	-0.3578240133478898	0.08733750070062751	0.3720984893409436	0.10543227118818976	1.4298311753706396
FETPIG	-0.5957659247175582	0.30083804977318684	0.03613654340412453	0.15366109417019141	1.3130293313472394
FEWWOT	0.2483411209273778	-0.20464303138390827	-0.11738998019967428	-0.17609118909590113	1.7234266274035472
FEYMUR	0.34230701583932976	-0.1682722664846441	-0.03498059617162674	-0.10207132195459612	1.9582601331920841
FEYNAY	0.3760612201178297	-0.21444353726300702	-0.18140773163396684	0.02803767030225296	2.2317685265664045
FEYNIG	0.42552032749551216	-0.21297995491203403	-0.2158784363031896	0.06527831570603282	2.360975189380482
FEZDUJ	0.2413145653539468	-0.13466146761683861	-0.15028701054794302	-0.25438451788517635	1.5735482455669818
FEZWAI	0.25907985451077264	-0.1675449834198579	-0.08107520131480128	-0.07228503755750547	1.9292894932672129
FIBYOF	-0.11991898791348454	0.048412945952021835	0.3175060008431705	0.0022494149493063054	1.560086363350703
FIBZAS	0.18489184921799096	0.13623821648094958	0.24286536413444404	0.24261763845039352	2.2139996538069338
FIBZIA	-0.008946940537690296	0.004206971742335308	0.17585577391727858	-0.07016725936720575	1.604011009823708
FIBZOG	-0.23541169291501252	-0.1455817245885398	0.13144895906414478	-0.23710542416186736	1.3052622888745486
FICBUP	0.33948538092795344	-0.18615823658066433	-0.1748498336266726	-0.0032334749763454906	2.049282677736546
FICCAW	0.1716568363191162	-0.08995548770433659	-0.1271140632853054	-0.0999630799474615	1.6690011263048419
FICCEA	0.3468140626072027	-0.11957976318790842	-0.29745916804277894	0.20967693852859476	2.334270604663903
FICCIE	0.35149846323505685	-0.1817650140330076	-0.12325770128244296	0.015172942926225813	2.1159041338811297
FICCOK	0.2910199381511567	-0.01898706338112688	-0.28591967095440274	0.274507955123715	2.3607921083351378
FICJUX	-0.37713421266083236	0.12901230490487225	0.25146988863337416	0.3044920340400579	1.6644211297709197
FICKEI	-0.4326133105108543	0.15464038546810344	0.3262238099240442	0.3009843563488547	1.6584443444246522
FICVOD	-0.6002601781431607	0.1757691005415416	0.5340048506933539	0.035519724150162635	1.1150635325938818
FIFPEP	0.35471527079410414	-0.21225672999210332	-0.07278021512527477	-0.09706912389511066	1.9471650021422635
FIFQER	-0.45453994379659335	0.45811892923840136	0.14961278613983087	0.1679210606827452	1.4429351206816574
FIFQIV	-0.35743906209449294	0.3148208192089186	0.1706933207385979	0.022050114899630074	1.3046928950995258
FIFQOB	-0.4488093703124201	0.2894013988440245	0.3202929935086254	0.002526519115770509	1.2109285695844887
FIGHOT	-0.31947137873305564	0.2700144333407042	0.27434042119645796	0.13567968375312184	1.4858821400541617
FIGQUH	0.20961743338677152	-0.13344893757634957	-0.07808183312284633	-0.21484571803726513	1.6314558690389955
FIHWOI	0.3330296770519712	-0.18080916662931457	-0.13400484718288808	-0.0404654921036737	2.043311911816232
FIMKOF	0.18651017741602827	-0.12499817514299683	-0.17972371920966612	0.04383038565275385	1.946655067256252
FINNAR	0.2672084621072406	-0.12641835611350072	-0.1401047554889212	-0.004703448799835475	1.9765617376767781
FIPTED	0.3581962722556571	-0.19927151222433181	-0.27676229922080475	0.14471429381549816	2.3902272993834774
FIRQUT	0.36321208826122575	-0.06736855795137475	-0.301009800591022	0.03698126908895072	2.1186068778888516
FIRRAA	0.37211747935657646	-0.20244639964975053	-0.2878693137570063	0.12309210315104135	2.2584154566150065
FIRYEL	0.3800196002906038	-0.24033450735964768	-0.13689833850951838	-0.10267940659884918	2.040125064491722
FITFOF	-0.15963843864352079	0.09209813798276179	0.13196564746808304	-0.043885746505186424	1.4334634899621266
FOCBAA	0.03552255502343282	-0.028361050935320375	0.1251746785190755	-0.17126003149052438	1.5358238488256983
FODQUK	0.11059453428041444	-0.08042991771582975	-0.006023895230772736	-0.08487260984783025	1.718846432814323
FODSAS	0.13480050729730397	-0.08026752853198615	-0.012108859631462465	-0.08059162571080902	1.7479421651700229
FODTIC	-0.16563056313799418	0.15294133619510475	-0.02072252578964706	0.04396739070838926	1.4945946420969518
FOFZOP	0.21398447353259797	-0.19150619247598277	0.10449342256469851	-0.15408505390839658	1.761067673942101
FOJHES	0.13970137018273432	-0.13230168357846428	-0.03923399020377438	-0.1421206132628219	1.698213026715499
FOJHIW	0.1735977756839273	-0.1558516434108025	-0.05318320463679771	-0.13591551666188018	1.782729066680899
FOJHOC	0.02362251508955948	-0.03330580974120523	0.016912053510962144	-0.12496951747969177	1.560466125559764
FOJLOG	0.25620985546074593	-0.14441301001670936	-0.2613988225992696	0.21016366739019882	2.3538458237132804
FOKJEV	-0.4728355915317528	0.3522298939213502	0.1409818295418983	0.19849573904583562	1.4124765742889112
FOKQUS	0.22521906332090413	-0.10830041456073469	-0.05397954127675675	-0.1580681384245179	1.7284499074375768
FOKRED	0.21897971246633396	-0.12221419833404945	-0.06188271002802015	-0.20205286765398445	1.6734214587118168
FOMZEM	-0.7603584327359272	0.40691834796799653	0.3372901754654474	-0.11103112411683358	0.9432896012277494
FONPOO	0.28349303302707574	-0.11956154632871796	-0.054087582788075794	-0.21288764285642023	1.717999919533609
FOPDAR	0.20787357994007571	-0.18515116887774608	-0.17871522043608	-0.06876525913611334	1.8311639335015066
FORDOH	-0.45113392365377747	0.17603508112518007	0.37170264959618593	0.10866857277414688	1.3127922884427785
FORFAV	-0.4505558993479504	0.17420037117810516	0.37228685626737756	0.10820623856182443	1.3128675289663463
FORJED	-0.46074322817927715	0.24650607310709627	0.453520099259094	-0.04929665620037246	1.13553941236171
FORVIT	-0.45775074618508693	0.20072180199865064	0.5094397592973043	0.09013806683492942	1.2840607773076371
FORVOZ	-0.5578162129350686	0.16528004706436272	0.38199663646686477	0.11287588458589026	1.225253743654512
FOSLII	0.21710200793222167	-0.12408319642425059	-0.055533433748943706	-0.021980429134171336	1.9702653916305244
FOSLOO	0.19595975331314008	0.022973661983423432	-0.09798101943097226	0.18184872649609002	2.1609375864538203
FOTFAW	0.05940029645101408	0.11388942307903949	0.07703807812215668	0.2520683006587463	2.1149916227307513
FOTFEA	0.2938586453885197	-0.1174344442448404	-0.24488463868290578	0.30784352799938103	2.5727169640422094
FOTFIE	0.31538845382664693	-0.03182573018408286	-0.16672208417110124	0.2893859935504099	2.5534525062040143
FOTQIO	0.18626194416543074	-0.13875571896207306	-0.09790563308979716	-0.01727762301755062	1.9191807099215967
FOVDUR	-0.03774900608248988	0.08820924446134559	0.2397968115620115	-0.05553318314651712	1.6171728277511126
FOVFED	-0.11775452178522627	0.16871523335527738	0.1811791894008401	0.30794708450151725	1.9712487138142496
FOYHOS	-0.00588257685856286	-0.029192702070320653	0.06395035808557448	-0.07418032238488081	1.5939935053909182
FOYYID	0.16916751289101617	-0.057260286655197445	-0.0833629657985111	0.0954857118418373	2.019843607298578
FOYYOJ	0.21417537778407691	-0.07998628660820584	-0.09239519767714843	0.11879280527556918	2.130692233970445
FOYYUP	0.23565981275102255	0.028732727100522437	-0.1295199676794181	0.1525143307775948	2.1550789622155095
FOYZAW	-0.08776865129865374	0.008063790818062744	-0.06796400917765322	0.09792520153380618	1.7844242811478925
FOYZEA	0.2560672718156938	0.00437133320875982	-0.13283777709908162	0.07889049741735327	2.086892805524357
FOZMUE	0.3534438125865731	-0.027903906223695985	-0.16131045857345594	0.15354600655352707	2.3273200885438445
FOZNAL	0.22715432534607594	-0.059776469439619895	-0.14904647033044371	0.14206021230039229	2.1826400438400335
FUDGUH	0.007824256687587017	-0.009207020005853495	-0.0016517173420336206	-0.2964311195655225	1.3170172767685844
FUDHAO	0.13813335718337116	-0.09161692593334636	-0.06905447336004467	-0.2582954473465541	1.486250727947899
FUDHIW	0.1965367856823934	-0.10514159820349034	-0.1409978198459365	-0.14184708001567284	1.6669062909447359
FUJDUJ	0.25147961979024336	-0.14442606660864443	-0.21422973087250718	0.18344986721234302	2.2773621283750396
FUJNAC	0.1958567059372891	-0.13665645946039606	-0.1749554840529972	-0.033114478787143964	1.8226187293875649
FUJNEG	-0.41260452302287964	0.18676090533408385	0.19439641600682922	0.06122405735366521	1.3746775471832946
FUJRAE	-0.17632023870390645	0.04243779584655305	0.1680999305415023	-0.13186611965184286	1.3855018511655075
FULJUR	0.11800071740437135	0.17233634275060794	-0.09703820376751615	0.1617319747772567	2.005358694063332
FULYIU	0.3136931569858614	-0.11492961035828075	-0.2566907238790841	0.18161836656070635	2.3466243249281895
FUMNEH	-0.3896104011295991	0.22092386749628545	0.336407303443383	0.10784376474008234	1.3638767839771728
FUNSIR	0.26273005344827194	-0.15895504902390345	-0.054938013334373315	-0.12870821753307693	1.8368208367610805
FUNSOX	0.1955822204486899	-0.13813705699443835	-0.04644772100798056	-0.1292361205514265	1.7782089195715156
FUNSUD	0.20904865062161804	-0.13702106350784626	-0.0655123277144527	-0.10102094640285354	1.827326271317108
FUPVOC	0.31837972061298325	-0.20876977866938917	-0.20195295611958186	-0.01715847186585165	2.0187269731096666
FUPVUI	0.043947598335644766	-0.08075588929970479	0.1426708820713367	-0.3626967175335889	1.309048448480726
FUQZAT	0.27774137151899136	0.08186882770891646	0.1470442586717302	-0.2587035572641494	1.4739330526099863
GAFPEM	-0.2700382837090962	0.14147562624938026	0.03208418156213888	0.3104749733530532	1.7931493716019826
GAFZOE	0.0858196273052152	-0.13134596583104607	-0.06349665170930563	-0.2605094205762556	1.493508318339166
GAFZUK	0.1968082166878906	-0.1549222369861396	-0.04586379607351598	-0.2274337804802256	1.6577935145339575
GAGGIE	0.2992738331257363	-0.17744138144284705	-0.21026721694913797	-0.04191928580364754	2.0027283786936394
GAHCOH	0.36668048289326904	-0.11253467632530822	-0.17048730215602914	0.12513860423990625	2.2894009555103425
GAHFIH	0.23102612577705184	-0.13726933720842538	-0.05581768214627569	-0.1594685430649153	1.7808818329377434
GAHHIJ	-0.1398332702954379	0.1523129927295508	0.17554896799974617	0.08138396610646925	1.5119533187403984
GALHEK	0.23388953850715355	-0.1131928514142746	0.02946653103958008	-0.4632547818573116	1.3250534815663002
GALZAU	-0.09447928393006277	0.24555443783248299	0.683620556093439	-0.2809796824043145	1.2097818182186661
GAMJAG	0.16288033621403475	-0.13682774489817295	-0.06044558714887405	-0.20636062287656265	1.6511234119607832
GAMYAX	0.10547445843894998	-0.07419016074217721	-0.09969653065202255	0.09319019105470594	1.957815093983237
GANCAC	0.31552759860809143	-0.18562923874844306	0.11065265551489567	-0.09945581911287824	1.9967629415908688
GANCEG	0.3551294900061772	-0.1926036579549708	0.13947936209347822	-0.05291000039428956	2.056925220375376
GANCOQ	0.3782905322857335	-0.14349103356608328	0.2701224784441425	-0.48829626304959517	1.4410923966487381
GANCUW	0.27240838370763143	-0.16453309455847276	0.22828795665078583	-0.04913525565236351	2.003130867890083
GANLUF	0.14779112335636002	-0.0724633641480904	-0.03907368630440988	0.03903017486822022	1.9149098972468237
GANMAM	0.19271902157529563	-0.04188813909099243	-0.07328534768290274	0.10320206821443278	2.068273241874289
GANMEQ	0.12685434477587076	-0.003910023909017291	-0.034959800323784096	0.13758849074446694	2.0236515639055654
GANPIV	0.3119356294891147	-0.11602258694425749	-0.11791134927365676	-0.028780366532254242	2.011344056087978
GANYEZ	0.2446589636571046	-0.049734383120796144	-0.405935988041801	0.34781968489954485	2.5426539090347022
GAQWUR	0.1395726132116475	-0.12343072690496248	-0.022642645611945067	-0.18731327883478566	1.663654714451627
GARTUQ	-0.550673674559532	0.2077002495439959	0.3295726610903629	0.01851683550761654	1.1544812870157162
GARVOL	0.2479710755332576	-0.13754929618343237	-0.06579168263874768	-0.14130695692926126	1.8078955586457293
GARZIJ	0.07579499333437001	0.1681978917384106	0.0611096568216678	0.030588022375692553	1.7900166855286566
GATNUL	0.13555553708919188	-0.15130895262963162	-0.015894811404727482	-0.266343329296391	1.5461801827696675
GATPAT	0.220710966214702	-0.1748433907560003	-0.027350508862568956	-0.21879680859963224	1.70440175832372
GATPEX	0.1680783873315117	-0.15638901498225455	-0.023651945864071156	-0.20440656340022476	1.6668276605141086
GATXEG	0.24697023796746898	-0.012925901397344619	-0.34839274234128614	0.4141526769850573	2.679655441107349
GATXIK	0.18202382172396048	-0.009301621379163127	-0.33276575629409433	0.38016356597019385	2.5323946314819423
GAVLUN	-0.09576739344682128	0.051067389246665096	0.0827629667241716	0.2418458368156174	1.9550830356986435
GAVSED	0.05271372758677284	-0.008661229326762498	0.0782374386490774	0.04444135045150835	1.7659419850807057
GAVSIH	-0.027772333559629825	-0.0028350971086772425	0.10112664163641205	0.02105790752788239	1.6623887193182454
GAVSUT	0.08431949582603915	-0.08260423490218871	-0.20826769894050368	0.4076979298169495	2.444312693361479
GAWQAW	0.34172113344708066	-0.11228767242602244	-0.2699314105951276	0.18444853228157454	2.421505331867841
GAWQEA	0.3189019702084046	-0.142607618813699	-0.26531908468408005	0.15273039319880183	2.328770621759811
GAWQIE	0.31369535331361	-0.1508406727555398	-0.305557935882369	0.20754224795046666	2.4161955760455904
GAWZOT	-0.23174482603927826	-0.0657612459695549	0.035923471546907226	0.09033458896928248	1.6212945786490702
GAXSIH	0.37689760569416286	-0.1289769719107603	-0.3289843597911536	0.21332448070207194	2.4607760100297535
GAXSON	0.39644080501620227	-0.18628303915222522	-0.28303389898572995	0.19904276005180283	2.4701685121412433
GAZPAB	-0.009990492838604759	-0.13524898534077412	-0.08960359118931827	-0.2872216020879618	1.3506185378871347
GAZPIJ	0.13475962164862487	-0.22920314311338974	-0.04668666604946714	-0.26281203976618805	1.5638239063892707
GAZPOP	-0.1413121653902789	-0.17289877280599597	-0.13375951798338614	-0.11266275055978478	1.4599151096658207
GAZQIK	0.35301384575091	-0.3054191753200307	-0.24124469185568698	-0.09424854987782835	1.9493282157859828
GAZQUW	0.09203901737887588	-0.1781150733450667	-0.20309154303492227	-0.11428651202246806	1.6329293145934256
GEBMUZ	-0.463921128623229	0.1365143400132378	0.22113995612654058	0.1277932353316822	1.3831383575862055
GEBNEI	0.42583390764143125	-0.2775764830110975	-0.46179623646081136	0.2632563027438998	2.653674988784263
GEBNUY	0.5015587570986071	-0.1829867847419936	-0.3648806171372321	0.2638622515734729	2.693893044766158
GEHYOH	0.34561855929754515	-0.12869126862701097	-0.2771254971863384	0.11536270719005493	2.211744031873673
GENTEA	-0.03864483058975621	0.2698161008749387	0.07229343322727555	0.2611694206252487	2.062305817489989
GEQLAQ	0.32423725333692976	-0.1563879700943407	-0.1156681808226967	-0.16982316743047798	1.7863889710682708
GERSEC	0.3188201458344144	-0.1691525767234161	-0.19505945849500828	-0.09530009253587499	1.8828768482511018
GEWKUQ	-0.49215829467688943	0.28943063513642486	0.26025767888467133	0.05382723744008086	1.241754283014227
GEZYER	-0.14367698661330852	0.07701949950873721	0.30833897888611195	0.036026700537850176	1.5622515583259888
GIBKUZ	-0.09193338519320671	0.11673884224251896	-0.052887742908650504	0.08564892303998095	1.6737549472638413
GIKGUC	0.3001847875782455	-0.2679058424790156	-0.06416795786829232	0.5207037653829747	3.14592194840059
GILMEU	-0.28053864929674877	0.3250236378714355	0.12425518846458816	-0.07068724125534434	1.3220022230985347
GILMIY	-0.17580103830364013	0.25131735895160556	0.13311143649918922	0.03804739960597853	1.4734130410562232
GINBIR	-0.15034973055457002	0.16943302631391033	0.3517969443639024	0.22341321980837225	1.7528877739374982
GINCAK	-0.26261515723647344	0.3869470058340867	0.23371869998163675	-0.015588915643916179	1.3576384396369838
GINCEO	-0.3188349268890649	0.18399481998834555	0.4090348269923063	-0.19019814374628546	1.1137158139858638
GINSUV	0.22422141745348023	-0.08582384467326287	0.05120808285770484	-0.3028050842648632	1.5651539083110908
GINTAC	0.23373940361726087	-0.09653034267187921	0.0676385925373435	-0.2951122355459502	1.5791989464767102
GINTOQ	0.24370740619107822	-0.1332405770211461	-0.0847872481981986	-0.2557038605250606	1.5696564569650153
GINTUW	0.13928564697425383	-0.01119915726399534	-0.057019071658413356	-0.0735467543880245	1.6956948281765802
GINVIM	0.28298815028605206	-0.04894717750026556	-0.136866008542744	-0.37001061797778567	1.4546511852907447
GINVOS	0.2798398053167097	-0.08301152539042955	-0.16349929055535362	-0.29792873042762097	1.5270429499880633
GIPTUU	0.30785224810512224	-0.18608389733621156	-0.19131039963590069	0.1561721314467539	2.311333371028053
GIPWAD	0.4913935429121512	-0.23184192836573192	-0.33328295463811697	0.262069957042642	2.8202051424990895
GIPWOR	0.15901333998592904	-0.19035984476163825	-0.12779821452012574	-0.06992522945245291	1.7706219745236316
GIQGAO	0.20059328641768204	-0.0906849440831361	-0.07341452166519247	-0.1630612046042305	1.699118646356562
GIRFES	0.06949766839567406	0.012998379489062906	-0.057401334828992345	0.23603298352449392	2.100752983082329
GIVCEV	0.403319384785771	-0.20299447381343028	-0.2722196709312852	0.14001984468073836	2.3792809157743955
GIWDAR	0.23948163091415875	-0.14240510988064825	-0.11946884591442442	-0.0973326239363674	1.8552190622955913
GIWDEV	0.20098140735596326	-0.15577053755164127	-0.027073245785193878	-0.19920157556914941	1.69619461429023
GIXMEF	0.233186762866048	-0.07832128987613662	0.17787445875188213	-0.18292536614790558	1.6566901334394857
GIXMOP	-0.1276154683837789	0.09485376399126888	0.33341100065895857	-0.1795051023830889	1.3347304984155621
GIXSAH	0.23280355481531734	-0.1560183889896054	-0.06785368214297383	-0.10563933635303312	1.843384070573853
GIYHEB	-0.01949277255261883	0.049171428326638345	-0.009554809495345928	-0.0647918523512534	1.506134134495013
GIYNEJ	0.380577967125328	-0.17485445667496458	-0.32284358830634774	0.17729189068199952	2.4205199347536657
GIZQEN	-0.270928530538205	0.31087692155157165	0.19509617080718678	0.06135289730561505	1.4977649034116243
GIZQOX	-0.20766301882239313	0.3256732673814853	0.19532466105579527	0.15335298239033496	1.6253463157659958
GOBCUW	-0.3150773695486664	0.04069951140241057	0.430810825584486	-0.12133518804819507	1.284766499916128
GOBVEC	0.30202563148404415	-0.15714562537825005	-0.2576927060740477	0.19419421620997745	2.305362899746537
GOCFOV	-0.13803105568899987	0.02118779631631884	-0.07789309962595103	0.4267747433151825	2.1561544090201563
GOCJAM	0.29247878941569283	-0.13908709223574545	-0.04842931218650426	-0.18790279048194178	1.759195494718155
GOCJOA	-0.014256952309959825	-0.17230131259437576	-0.047612925317307875	-0.23998741861071876	1.4321570298920194
GOCPOF	-0.11742804486946667	-0.09851145992766919	0.02176303132152757	0.1259221792175763	1.761280070383245
GOFPIA	-0.22614603905224318	0.2517588449628574	0.31019493487309746	-0.1023706694504506	1.2807278094036314
GOFSUP	-0.008840184257673744	0.008604082875525276	-0.03993081885132077	0.0730452297767124	1.7829687984703493
GOGKUI	-0.3280952736830045	0.6353022359156781	0.11457266430905122	0.007236083848681019	1.413712729191907
GOGLOD	-0.3800042516262976	0.5284552702976024	0.1436754179326678	0.055153439727092496	1.3893830922260189
GOGPUN	0.2506136408633153	-0.17800899676397175	-0.1707108200768126	-0.027360952376073444	1.948651552651654
GOGSOK	0.3708345883616344	-0.26113584713204163	-0.14745938111083956	-0.13139687567218955	1.910823116914922
GOHWEG	-0.16570148095401738	0.18030674303909255	-0.049390941534338095	0.20200233059085165	1.8157974491507312
GOHWIK	0.028709788597224506	0.14671638978428236	0.008342986673557817	0.2120706186100756	2.071793800774517
GOHWOQ	0.1668546213932376	-0.03732365346344024	-0.17700447876134917	0.20941768418947826	2.2807765040759924
GOHWUW	-0.06273120551002709	0.1116768052914856	-0.04639733268899193	0.1434645802752077	1.8451959632597865
GOHXAD	0.003597214364190915	0.06283044508822522	0.1589788046202869	0.012300838381309631	1.736645379867005
GOKZIR	0.2731639656655451	-0.2606333346250139	-0.16488054190992774	-0.20440779394075903	1.7442788493331456
GONBIW	0.07473761808590007	0.15837516696072373	0.13134576342839277	-0.02484316253818697	1.6773621272206383
GONDES	0.10527872161562657	-0.062219059091944806	-0.03735506332756877	-0.21635715070985523	1.4922914588299128
GOPPEG	0.07039133169032175	-0.2485073091736586	0.12915657495764932	-0.5362722393852779	1.3062949575440288
GOTJII	-0.3518233505019066	0.05560444388137187	0.13118492401140913	-0.0610729846457905	1.3152567170012404
GOTJOO	0.08133468376667041	-0.15744105763744431	-0.12280199735037622	-0.1364281470519724	1.639774308721536
GOTWAP	-0.018390547781982125	0.14170099236848654	0.054605932258025236	0.12342878892378456	1.7658931784979055
GOTWET	-0.017464218242064344	0.2467015299433135	0.02336507166139712	0.1257189478943554	1.7556109161638322
GOTWIX	-0.24399854715689617	0.17286726505351424	-0.03589650366964259	0.1295930993082014	1.5729337217295212
GOTWOD	-0.1965711389980913	0.11996660274630477	-0.05379570441930559	0.046756888502430566	1.5355891446801884
GOTWUJ	-0.06683839573674799	0.1765717577407786	0.18050401310624142	0.11331690872011185	1.768326373984923
GUBLEV	-0.2146995448021074	0.12216178254798471	0.2578224735455119	-0.007015036733198643	1.4572261449798576
GUBLIZ	-0.17863679124337617	0.06373605910251756	0.3386194794416051	-0.04187416390990739	1.453944728388697
GUBTUS	0.45312712364257646	-0.20984002142319313	-0.3114337099604185	-0.02685065822656027	2.142708321996468
GUDQOL	0.29326068664639493	-0.11223231070367878	-0.0009892925800472074	-0.17367160572482795	1.8036951995687032
GUDTEE	-0.03379932412467479	0.02067168664503627	0.0026775880189793266	0.14797799738783585	1.873541608365186
GUDTII	0.3428441750240325	-0.173366772268445	-0.07714658852141687	-0.1295033293438243	1.8676024366698243
GUHYEN	-0.18149440943392214	0.11125754626006834	0.24241190725916195	0.2698449951290565	1.8724318317645259
GUKCEV	0.19150082562313253	0.055916193439310535	0.13030308644605348	0.12224290926402892	2.100609622770163
GUKRAH	-0.003167919138150843	0.07574201879711306	0.15204385821168875	0.23118636113952967	1.9785058054930778
GUMDOI	0.16716621521198816	-0.10729413989585435	-0.1531506437276975	-0.014890566159847685	1.8231552443144297
GUNVIU	0.10778637432356541	-0.11064860886110817	-0.04872831291073121	-0.22208572603215893	1.5783769767428069
GUTTUK	-0.47537121456836884	0.11434677254054759	0.30581425465781287	0.27006401215331355	1.5406666600322452
GUVKAK	-0.486063457305693	0.10527903130404215	0.2867027034990124	0.08159805349655003	1.3028434991332167
GUVKEO	-0.45306554947517785	0.11822624707471008	0.24925146293491052	-0.13267819112062074	1.116528699387379
GUVWOJ	0.30971447229933835	0.0628379720092117	-0.1594293585879627	-0.013822551912734321	1.9551737062197652
GUVWUP	0.191306164943577	-0.04423750938663584	0.03182146048281065	-0.06390228344092494	1.7959213587790028
GUVXAW	0.21244208407087806	-0.07557140183578115	0.05649681572736731	-0.06876806546427261	1.8277165417834622
GUVXEA	0.3035737350736607	-0.05333437282703768	-0.09135110449287986	0.04917551236027032	2.092661435585155
GUVXUQ	0.3241289038059434	-0.06656411238344606	-0.14976322871745196	-0.054947401184369804	1.890103858350553
GUVYAX	0.2743512641512007	-0.1557259897083858	0.06296627705888747	-0.27802234180847313	1.6130544165046083
GUVYEB	0.24362299326132897	-0.14701374498516362	0.10980228454552843	-0.3158208906303108	1.5526032706801267
GUYYEE	-0.14361665378342403	0.36183205404868346	-0.009212644502455625	0.21602858176886713	1.7343366717109951
GUZMEV	-0.42965742597465173	0.2655468245318051	0.0874815101320301	0.18185017044813317	1.4793865617387507
GUZMOF	-0.4813352716256558	0.41971476657611073	0.2425028513339289	-0.03040193139589334	1.1314584560723182
GUZNOG	-0.2751602866799687	0.4744634044353604	0.23482562614148028	0.012119168657209856	1.4156003851485464
GUZPIC	-0.34518822142167327	0.3249956470719153	0.14686586074177743	0.31411063047893195	1.7064279913430196
GUZVAB	-0.2279411455199849	0.05745806987646196	0.15476388970235222	-0.022618104337995326	1.363621717530128
HABWIQ	-0.07740337131337727	0.17462014379886626	0.15562855270586962	0.2954572904429616	1.9968064427917653
HACLED	0.3250125735096394	-0.15103403560550355	-0.2506587531265987	0.19945811262482438	2.374930773960063
HACLON	0.20486281925266026	-0.12462940113545529	-0.37297329337134266	0.2731529103738907	2.352762271898367
HACSUA	-0.41020919448859106	0.07982505201929357	0.07941716959737555	0.10405206467789324	1.3989246294806448
HAFVAN	-0.22576010148331216	0.26461162914136227	0.12763526754381171	0.18159889145432556	1.6481837184392356
HAFVER	-0.15339879030662562	0.2141807622139693	0.16753421866891172	0.09104985091176504	1.5762450893042348
HAJMIP	-0.3119370297756192	0.3480744550048591	0.1427445869355819	0.04834773269136619	1.420358688215823
HAMSIX	0.2518766447236893	-0.2616122685515223	-0.06642833035412599	-0.3313084484146658	1.5758227136853513
HAMSOD	0.16036470813431958	-0.26301957705962653	0.05908468299698377	-0.528338883219577	1.3332912076092096
HARREX	0.2888021400840457	-0.19049282407542056	-0.0478895855945638	-0.20245622138628358	1.7952602434153184
HATDEN	-0.30341073362743565	0.31131656670153274	0.35624187722678946	0.059331223102037645	1.381867969213167
HATGIS	0.2360284315792449	-0.07205892281731441	-0.13185822889554744	-0.09032067161304042	1.7594443283734704
HAXSII	0.3165200698061428	-0.18576676000584724	-0.052924063691392575	0.15494987285911055	2.295619114081836
HAYGUJ	0.4312730388554389	-0.24025652059899893	-0.2906840215561495	0.16112043245011676	2.453714424313386
HEDGOQ	0.053077925239299883	-0.09978362137353802	-0.06021044797495145	-0.15175425474566726	1.5012954235901783
HEFNUE	0.2597501852076243	-0.25377406618268017	-0.2451678072756287	-0.10208095048858762	1.85536016950388
HEFROB	0.0975614747171738	0.039357249332110045	0.164942295974015	-0.14350489047438506	1.5389197226592044
HEFRUH	0.08428008358417882	0.033881933840939515	0.17175349736028278	-0.14433474217749473	1.5341009922226263
HEGCOL	-0.6307701793414604	0.1298745631359447	0.3963615616184166	-0.09933631817279506	1.0530121519077333
HELSEW	0.05033805007345338	-0.1641685280480618	-0.07443992249973763	-0.2377745630379071	1.4826886879922094
HEPHAP	0.17112603571091967	-0.10563944628880306	-0.09743858881724221	-0.03683559236765507	1.8387645403270032
HEQNIA	0.1644769124861507	-0.1412908204196961	-0.07475661466089356	-0.15794544036092575	1.708372452462957
HERPAZ	0.004712946670475393	-0.13536866158332772	-0.2400015511915774	0.14914000269166006	1.9864151048453418
HEWKON	0.41459217977833784	-0.06061526868031342	-0.28374484928469523	0.05923765391259819	2.1748827215924105
HEXLAB	0.1489457245722785	-0.031241374531074895	0.0027157121737284573	-0.23271075840820238	1.4632758098334266
HEYRIQ	0.21749166999616243	-0.112827423618305	-0.04930735147198306	-0.2170536000902882	1.684227047133096
HEZHEZ	0.2766896896980522	-0.11889497268241855	-0.3006837487878604	0.2325856178977202	2.350133243568375
HIGMEP	0.26660296338174305	-0.13358434360812244	-0.10891175806754405	0.003864065641112191	2.0036109505911677
HIJFUD	0.02450323319776304	-0.06028932384149033	-0.021610049836313205	-0.2809526021791446	1.346494141215794
HIKBIO	-0.08792192913361419	0.06343411602395865	0.10887047735586286	0.08872175928992959	1.7165252140805811
HILDEO	-0.27032906720465855	0.14285380442629225	0.2877392714447933	0.07912181669741719	1.5092687177453665
HILJOB	-0.008034916087194865	-0.043302577975278145	0.4255320738964712	-0.08314313490705633	1.6023865978693848
HILJUH	0.47632507555811543	-0.11713594647726844	0.4257722361792118	-0.10794458198998293	2.087823167352467
HILPOK	-0.02976691474697768	-0.019246870126114257	-0.023722692217402086	0.23516908463175706	2.006832747270178
HILPUQ	-0.30148299161173275	0.1763475458412489	0.19116273577467413	0.06659179309513441	1.4283841224129479
HINNIB	0.4795485217312496	-0.23265365321202125	-0.3476254111259359	0.5768022685127937	3.336827611154487
HINNOH	0.5425315239209425	-0.01086268958451242	-0.40808403274941585	0.3857386839278484	2.9371876633005027
HISWIP	0.1633322472329617	-0.1145468033780277	-0.27005174026594836	0.0737033572335471	1.9710772348969994
HISWOV	0.14307624708767452	-0.05750292932646206	-0.04673540513862906	-0.1931773487112382	1.5399830962258374
HITJAV	0.26509861761912923	-0.13518165767471757	-0.09392297688121864	-0.014710984991492204	1.976392705100889
HIVFOL	-0.5253209344734215	0.3701845961731989	0.36496308962575985	-0.05075546576845033	1.108134096693284
HIVFUR	-0.4225343524158509	0.2926266039529313	0.24543760855713592	-0.07270264408787414	1.1303986733039724
HIWGEZ	-0.2952634399203675	0.12826489293982002	-0.05385089638777685	0.29879337240224957	1.6554378952430076
HIXTAL	-0.4080412675977083	0.10725325729014568	0.2670751261326134	0.03670285041772878	1.3385353949813885
HIXTEP	-0.44196892076786254	0.09355021062960489	0.30652229669282227	0.02052656906238612	1.3002545521810298
HIYMEL	-0.23075469214791866	0.09424801618302692	0.07139031655651196	0.2928689656672821	1.8257553215247597
HIZZAS	-0.4006546184458655	0.28938723900375707	0.0744069668897418	-0.07470562248985996	1.2020100827404632
HMPEZR	0.191471024485379	0.12291652794525487	-0.016562417387843142	0.1838593820976655	2.1978850210858094
HOBYAY	0.3658772901416065	-0.18363746075895193	-0.08293435799987758	-0.15941471807876742	1.8959711051251384
HOBYEC	0.17643609470332455	-0.16246762011508842	-0.020845145673784815	-0.26621503291801385	1.5944892404456965
HOBYIG	0.17700324116967758	-0.16483465620230342	-0.029068857400421866	-0.2627501318624788	1.5991816930693132
HOCTAV	0.2585327193324374	-0.10512481937461449	-0.15716357383512114	-0.20206112461165654	1.6079900613489793
HOGDEQ	0.24985701399443316	-0.1307898119188613	-0.10302151978402274	-0.1344678773089832	1.8012233491981693
HOGDIU	0.2413760660237041	-0.1272013909873646	-0.10160660733080196	-0.12820530226612975	1.8025873947935118
HOHYIM	0.34122455327386403	-0.15364808131591434	-0.1738531141229629	0.05292539210564412	2.187156279816637
HOHYOS	0.5393946625607242	-0.22086458234981443	-0.33197915055968685	0.38122726270639473	2.9998620122364033
HOKROO	0.32317116039345706	-0.2703610643426452	0.04510831279649441	-0.45584762217928476	1.5128150338445838
HOLLUR	0.16779336479553475	-0.11786097103053206	-0.27242224966900386	0.07273112830567646	1.9747466411239571
HOLMOM	-0.2341465106306968	0.3924180814397822	0.18599219792590338	-0.10410834048987111	1.3301883755294515
HONQAD	0.07159101136152035	-0.08859492854972284	0.4669137708235145	-0.11977134166833225	1.665619254690499
HONQOR	0.20682494008715935	-0.05551967206305075	0.44394790592161604	-0.02893554473198237	1.980353346508564
HOPLON	0.3461851648606906	-0.16944156189384274	-0.08330593760594773	-0.14932025706746663	1.8432212183687848
HOPMOO	0.3290637602919726	-0.10470937008666115	-0.1919034169718039	-0.19611222545160995	1.67943361717768
HOPMUU	0.25812153427773454	-0.10124496828059382	-0.11538946156430452	0.015058686624857737	1.9918167991816262
HOPNEF	0.34692571188455323	-0.128475137450608	-0.32246480804381294	0.20906103260472136	2.392859818335551
HOPWOA	0.27082838161412104	-0.18629126900931148	-0.17763962894425434	-0.16486614112456777	1.7211405125111978
HORWOA	0.573122971811638	0.003868491158505072	-0.40935574603014835	0.3191158564473626	2.856389106936997
HORWUG	0.5892477879518561	0.060627866027901156	-0.43642182292099985	0.3481855216679406	2.93092730859848
HOVTEU	0.20934496810884884	-0.08586557827871266	-0.010789773701712413	-0.11945729781884397	1.7795783154528535
HOYPOB	0.04115909073323376	-0.08005867721736715	-0.08612836067125729	-0.050829945816338096	1.7033072537681755
HUCPEB	-0.44458839883974166	-0.05355908863517567	0.18716624838079987	0.19895911669264194	1.5540228893689148
HUDTUV	0.3671432351153494	-0.09438617345987443	-0.2692645804770706	0.11028828390566009	2.2037073415515627
HUDVAD	0.3471622406567496	-0.09913219383657779	-0.2726240386456056	0.16403478353366868	2.2848537963149678
HUNDUP	-0.36293785747652363	0.09503407437500322	0.277181096630273	0.10068967608085194	1.4679071105071504
HUNFAX	0.05709732389802635	-0.08662052582411617	0.2611720142187157	-0.06758379996394667	1.6690646731248064
HUNFAY	-0.5794007907690188	0.20843018820304815	0.5118750149846643	0.10852065022750856	1.2153893585440605
HUNFEC	-0.5778325422618353	0.21003278777430556	0.5069429145003115	0.1111119706482338	1.2222611840589166
HUNHUT	-0.22409151672079775	0.16183784755146247	0.08260264016247909	0.030649146321946014	1.4836723883598506
HUNLOR	-0.5854638132059007	0.4848307137397403	0.12094811497933788	0.022220700475728827	1.1623034877283365
HUNLUX	-0.42526927044264395	0.1676255478056886	0.39831599649626415	-0.050618210906087785	1.2108838593852889
HUNMEI	-0.5239094437096972	0.39522129374336235	0.15786503143246722	0.05211551554225438	1.1956652124830116
HUNMIM	-0.356460662346771	0.23446804398820031	0.23136642052281253	-0.03896299159349076	1.231062623628647
HUPHOP	0.3400026270636225	-0.13378336886406827	-0.271240980994913	0.13194923343916626	2.2161633372699496
HUVNEU	-0.37774639262219	0.5487705124713766	0.3203056271407163	-0.0440026076750164	1.2315877546563745
HUYNEU	0.22548561747147922	-0.14725910249591956	-0.12374915347508919	-0.04245574144388245	1.923869899343067
HUYNIY	0.23326316781996725	-0.15041759411541267	-0.12553228164222596	-0.0471003154046187	1.9231291331821212
HUYNOE	0.2612623675355761	-0.13701351076327184	-0.05054706666733666	-0.10184904305934199	1.8787390623632851
IBUWOR	-0.2797990006193709	0.19359130312617745	0.20190176917383984	0.1148431445079659	1.5082458385258388
ICAJUS	0.12390502624879485	-0.07539049695839317	-0.13255367958346387	0.1686224184476825	2.0641544485186203
ICEHAZ	0.22734215923526602	-0.23455168293990647	-0.16349154076537342	-0.1514670730519832	1.7768491702348532
ICEHON	0.35710401972384975	-0.1142238162054452	-0.14151708295063625	0.08592475310817438	2.217815399987047
ICEJEF	-0.11585493557720206	0.18476026028370252	0.016421917042619638	0.02478310501021458	1.5478907778584325
ICEKEG	0.17926834408581005	-0.16253092730810736	0.023755745283284613	-0.2141639728551762	1.6435883174395884
ICEKIK	0.42021642210524934	-0.16612907128838517	-0.31593886259521886	0.2678293176913769	2.64066168416104
ICEXUJ	0.33583303820910526	-0.15706295497613398	-0.07333754664167924	-0.17253570440562246	1.8672731805546015
ICEYAQ	0.32509350747705934	-0.12816714264562545	-0.13206904868812086	-0.06246047443755809	1.9636189089277862
ICITAQ	0.33157722954237157	-0.1687337023712231	-0.11801202110471998	-0.14654638877925602	1.8812051407277617
IDARAH	0.2049381546830964	-0.07175426696766007	-0.24584679591613234	-0.001264342180265221	1.8805347321915673
IDAVEO	0.267235087053034	-0.1702161798165076	-0.0650393566866585	0.07054270371155708	2.146669680028165
IDIZEA	-0.4568004821713827	0.09304904228408106	0.3406576439482092	0.17415012173170702	1.4064331040634406
IDOZAE	0.1468952557579839	-0.16671475797819735	-0.11102238025335409	0.12183985993190766	2.0970545085119143
IDUTEK	-0.12141728706959931	0.28048998108593937	-0.014470617819305032	0.5730859852707656	2.721025352300181
IDUYEN	0.1471583083493213	-0.04962631256747074	-0.007860326556016206	-0.3022600577980495	1.4262904742747602
IFADUQ	0.2755465490293667	-0.27782178677242675	-0.30340957441761174	-0.06835635033826515	1.9489123560703212
IFEDEC	-0.10723132178803763	0.12945763240270103	0.2512954923035142	0.02916888868810011	1.5557618137995346
IFEDIG	-0.07927031052355593	0.12283496134102878	0.21151003944514812	0.05214947099264072	1.6147253046618895
IFEXUN	0.07187106330079818	-0.034154369241033766	-0.133816308792035	0.12179427405336118	1.9837519751105073
IFEYEY	0.20487800090068475	-0.013845581822603092	-0.2233412154081602	0.30552663171629435	2.458726772005441
IFIMOB	-0.14740470270451134	0.01868960246859941	0.1403678098550536	-0.04853736160890884	1.4559753395495154
IGITEY	0.7377476094938196	-0.17948624257407475	-0.6088077043869393	0.6964511391925449	3.9917259653377277
IGOBOV	-0.12927140598834486	0.14138156428515036	0.02396914091839819	-0.05518831169363847	1.4749670025191084
IGOBUB	-0.14670840644319805	0.001077395031926942	0.06922570070352507	0.035853636241585024	1.5864368508448665
IGOCAI	-0.07940450841038738	-0.054931620882148646	0.11016362963915238	0.015811346559361728	1.6462547407567047
IGOCEM	-0.08459639821445153	-0.05448082741597049	0.09795283900424612	0.002401094758815253	1.6148168855506073
IGOGAO	-0.336048442056077	0.08878425949452973	0.032268262737720654	0.3212152039667786	1.7720383675191984
IGUDET	0.3432635848542862	-0.1433738581033328	-0.15082275930027889	0.03876216676077898	2.175260739073236
IGUDIX	0.25104442956533735	-0.15208960338927424	-0.10037281477492788	-0.09918975562130354	1.8611755061564117
IHEJOV	-0.4370165741434562	0.04856080857944001	0.2532919667311295	0.2384101657717776	1.5512140053360517
IHIBOR	0.2821652338029801	-0.12151372679980321	-0.06064991058415181	-0.23497064605962886	1.6959743879139502
IHICAE	0.17370911350200835	-0.12135201483957792	-0.116346921995097	-0.1003053092380751	1.7516955176240792
IHONUP	-0.3563407585859797	0.3717931750093053	0.19319958568150986	0.08439522250916337	1.3807437087037924
IHOPIF	-0.13348304360567598	0.011746021866339218	0.05254091837139652	0.27940394348043807	1.9104055629370658
IHOSED	0.45628394970435604	-0.14160870484700316	-0.36795690150041827	0.34491412480759187	2.8191889623707316
IHUGOH	0.36140137396344274	-0.2199840006188284	-0.17691036087621104	-0.043944472358975334	2.0569108541786183
IJAXIB	-0.13309810881553252	0.07793810582649463	0.08662372964254605	0.19424160831336307	1.8381523439625083
IJESUM	-0.3847343110573318	0.11629889202510779	0.13039096294902786	0.2366865449722737	1.6096128122167406
IJIHOY	0.3633991299253623	-0.18972439614813397	-0.032411280064297276	-0.16191793946602473	1.9320820987271916
IJOTOQ	0.2986800090150359	-0.1298940821762974	-0.06128453368079323	-0.0038745553712586367	2.0103124479206302
IKIQUP	-0.1492977161862754	0.18829442159105836	0.20452911637185678	-0.0030043467725766326	1.5017966249552304
IKOJOI	0.24444914913093285	-0.1497468863432413	-0.04821616070574408	-0.08858650286763911	1.9023690364656254
IKOKAV	0.2578635386828765	-0.16038023117922773	-0.07284642223823234	-0.11774635375241714	1.8494655255590327
IKOKEZ	0.3313143138031909	-0.17137205508535036	-0.06895351764365665	-0.11282201245074577	1.9300083972614575
IKOKID	0.1749558027199436	-0.14881971159358176	-0.06636309171378274	-0.11771289229059312	1.7546916638610748
IKOPOO	0.18215723182197818	-0.051862443411451964	-0.08978325847370461	0.14431705318318583	2.132589362352511
IKUKAA	-0.47456942938757996	0.1771656371081609	0.5672019490175066	0.17187504086600386	1.3250366915728593
ILONON	0.20913710890415915	-0.09756816058909168	0.013735600445275997	-0.1388498770134426	1.7558433009019334
ILONUT	0.15923002364428873	-0.10543509972096887	-0.0005326166399350907	-0.16549446788138464	1.6773667816040143
ILUBIA	0.13751726288386035	-0.033518722078646146	0.1683337092828956	-0.05357777186957957	1.7479482073319808
ILUBOG	-0.1147416894790827	0.10548598755437033	0.26228185031855333	0.2068018647352013	1.8232096300194798
IMACOO	-0.25324851623454814	0.15200900789789762	0.20525290615466618	0.271877019865105	1.735582758604728
IMELIW	-0.08444201283173403	0.05171724226495644	0.13995642824785115	0.11384817643708722	1.7514088627953237
IMEWED	0.21215559768898284	-0.19689489554552797	-0.07611065644613024	-0.23552047799175946	1.6069212642906645
IMEWIH	0.21677022044069583	-0.03515612632674192	-0.1626454888300206	-0.06161135457332789	1.7956621445397567
IMEWON	0.20025657787238504	-0.038534565672160515	-0.25648114342993145	0.04968210279155971	1.906025433776831
IMEWUT	0.2817769628338369	-0.21506356300100493	-0.25883822872474327	0.05118169879555953	2.091455485180751
IMUJEF	0.20625022446543673	-0.10546065732163412	-0.022106792938333175	0.14321688425271484	2.167578434791477
INEPIB	-0.040530638998849344	0.11770360237580757	-0.10945518589593273	0.2233829953500111	1.9854076020316362
INEPOH	-0.065489442074524	0.07187167111391646	0.03660260036040763	0.041861232929848724	1.6475171689896846
INEQAU	0.1109594191184975	0.0026441173585616262	-0.03506192861738011	0.20983714129790748	2.1519619307936786
INEQIC	0.11565774757909475	0.06629726526650415	-0.08238183317579661	0.14076503298655557	2.0561721053058286
IPELIY	-0.23863470475608617	0.0505239445521235	0.6355803357605991	0.03206429680445402	1.4449917692669374
IPORUB	0.22406114776719344	-0.12422834425515128	0.15158009772101266	-0.38892823687478206	1.4665638081588876
IQEYAE	0.43226849135275636	-0.25747003679681757	-0.20810695938360113	-0.15103173863747277	1.9729889525477726
IQIWEK	-0.14494380149494956	-0.05476098046961497	0.3138135255656276	-0.2164997358801449	1.3665929779837391
IQIWIO	-0.15365799058505347	0.04873477488766498	0.08761790310205808	-0.006147450004759858	1.4712444190249838
IREZEK	0.023721462588043973	-0.07469559364150358	-0.105158943635415	-0.21643644127451053	1.4021890043824727
IRUYOM	0.27475485191144555	-0.19195367051223333	-0.08305560863313599	-0.14193590655944585	1.86312082805614
IRUYUS	0.27274974601934865	-0.18842808650773413	-0.09478602882222908	-0.15021459281459504	1.8366201740125816
ISUYOK	0.3657511477879578	-0.19835465202880365	-0.07383141491850242	-0.13852917610160823	1.9527696832198609
ISUZAX	0.18109931727637418	-0.04562159833715329	0.03586312632033106	0.08320165198702012	2.0079767020652186
ITISEJ	-0.23037486846945443	0.04301512764698401	0.2603838877531688	0.10088162405268025	1.5524357203552805
ITOGEF	-0.057555451603758634	-0.004278048554981595	-0.05180713778843349	0.025921557994290106	1.5944168241974002
ITOGOP	0.14625911980769235	-0.129029703359274	-0.22638666427579412	0.07422449699308148	1.9570747063735254
IVEPEG	0.1680838603419179	-0.1886548841636002	-0.009072565540890531	-0.45394128578577403	1.3627808389666658
IXANIF	-0.3821815157954864	0.12400979684176006	0.314466056958554	-0.0907865791017277	1.2505230655548991
IYIMOT	0.37802177775408374	-0.23060000682737924	-0.030491422359154807	-0.40500766630437357	1.538629786920394
IYIMUZ	0.27911821509866597	-0.11889778417624408	0.03664534233923722	-0.5065193288196808	1.312623269360708
IYIREN	0.016080002152119466	-0.040961605203432394	-0.009351871581738225	-0.12059425397111034	1.5745989234328825
IYITAL	-0.2659167610713653	0.3401302183036241	0.19910837820454863	-0.02608565499428614	1.3627406589779985
IYITEP	-0.25894493926406037	0.3889536535860991	0.15931938990067707	-0.011678250825468695	1.3800813967504197
IYOHIN	-0.48696594866133314	0.19376112286519176	0.36140514086843933	-0.1434947747461102	1.07415474283607
IYUMAR	0.07557824569241856	0.07866960898946374	-0.1660749123469889	0.3292460929717741	2.3001130763693802
IYUMIZ	0.22278445429069826	-0.11503811945893394	-0.129122432662236	0.002335339952328541	1.8663417549071801
IZICOJ	0.07653333217658886	-0.1108656220043025	-0.060460031117989255	-0.16130402413883724	1.5894412901467516
IZIWAP	0.2605292950177098	-0.11819224199428258	-0.0017793151587055522	-0.18698682125260063	1.7274183063584008
IZIWET	0.2658643182219316	-0.15016118136010326	0.01715086738170002	-0.21511712357212326	1.7478085668720023
IZUDUD	0.2396519480490391	-0.1054952639308947	0.00964769581140712	-0.19365202346393387	1.7163974413674743
IZUFIT	0.2753659806247173	-0.10904272677593407	-0.009465578427099164	-0.17655037349446337	1.7732212760581025
JAFKEJ	-0.013876640578617927	0.025864882052909932	0.14676462031802484	-0.13989365995686798	1.4423601026744903
JAGBOM	0.17481300224244967	-0.07847235319688173	-0.1564119102733066	0.1665885629155326	2.1175864624200615
JAJDUU	-0.21896526756156254	0.5033150811444338	0.14878576822186385	0.17988879521509932	1.7038641964171006
JAJHUX	0.4905702377123351	-0.06265338857436198	-0.3097201676981012	0.197547945752435	2.5133694502293125
JAJYAX	0.27362510736035883	-0.11659374681176482	-0.1167430823775435	0.037395406406244225	2.0580585918780168
JAKHUZ	-0.5170812900280732	0.172763331887416	0.09140074062603909	0.4079587387980942	1.7755007726258214
JAKSUK	0.038991884247886244	0.06633604263875315	0.18956180964409697	0.015882601693365195	1.7165193937300058
JALVUO	-0.08818178779586905	0.009779519277717919	-0.10661633337649734	0.048664686948535874	1.6279056782392531
JALWEZ	-0.0380875928885005	-0.034119528437888125	-0.08093219756635883	0.03266368580700063	1.682111270569957
JALWID	-0.32286939363916467	0.20847860092180026	0.3013227584833025	0.2379293410673592	1.7205975186600189
JALWOJ	-0.43742304644059926	0.22933738050539043	0.13452542107371213	0.17637689603350248	1.492088543490861
JALWUP	-0.3424712513855699	0.13170271085401686	-0.037869504104390606	0.03759803197748293	1.4189316173816804
JALXEA	-0.34214702558878196	0.1525843818140309	0.08695454475062259	0.01774959672932802	1.382734861602633
JALXIE	-0.06792753876065039	-0.04128021803074322	-0.1498519465563828	-0.017243461296595486	1.5848174058833557
JAMKIU	-0.5117223705999603	0.11561297141771232	0.10156188971424207	0.30647350471308743	1.616432379768758
JANXAY	0.1772753451081872	0.120715239740531	-0.011755297703658352	-0.002669298930080749	1.772550849968184
JAPVEC	-0.20215256607473986	0.23769789520018159	0.15588665773086485	0.02820409582343064	1.5122882058598848
JAPVUS	0.0017161006258032963	0.100464987653485	-0.003383205098997921	0.2498101350470397	2.0809887958238864
JAQSOJ	-0.05611604956992178	-0.09709449991105668	-0.1415928485357103	-0.040248901032979956	1.5740895762870153
JAQSUP	-0.0606304917013758	-0.09629464593525439	-0.14342045607614984	-0.04351613517848793	1.5664379940580464
JATHUK	-0.5374611209896689	0.25674679751440665	0.4451748546957883	0.025401899560304503	1.132699726728069
JATJIA	-0.5530058309154016	0.24838279867214652	0.1495964867442814	0.08208104777125669	1.2275586895893495
JAVDEQ	-0.18768029622485072	0.11458405776083536	0.18939716765184866	0.19578481783072216	1.6544529680445608
JAYCUI	0.3419343325924151	-0.13735778452092373	-0.15220810143498031	0.07755933087974748	2.210957506994439
JAYLEA	0.032798287099557566	-0.05787315540003224	0.0962219388279999	-0.06033160537777113	1.6813715449563813
JAYLIE	0.14411292547977084	0.0029246723189453316	-0.04730433716377758	-0.019702521350125346	1.8096624580491085
JAYLOK	0.027820656700870305	-0.07409777107155313	0.05723673430580023	-0.037912499403413874	1.6986445598190283
JAYMAX	0.08510410916420863	-0.13329047252493587	0.008531378936268874	-0.04352766219149079	1.7482045206782795
JEFJUZ	0.012155044961324357	-0.15302471651760674	-0.0804063983560086	-0.06749366412574216	1.6774233438051886
JEFLAH	0.18414120358096975	-0.138341412849463	-0.07172110753242911	-0.19787057218608423	1.6197855621472947
JEMYUW	-0.3281492485719988	0.21839470547346407	0.18688983891138866	-0.10998888530854432	1.193522241216301
JESDUK	0.28569543406862286	-0.09596767208838008	-0.08353222650484238	-0.15385440866409444	1.8055755114718006
JESZUG	0.18814681239360898	-0.12183876852490327	-0.08568907149619576	-0.19744978099033714	1.6381066430128848
JEZMAC	-0.4956474375348119	0.11948894876005212	0.5654074618463323	-0.022195116052431435	1.2133068527839896
JIDBOR	0.19994848398854614	-0.18851048499882306	-0.07499613686982842	-0.13871220367047138	1.8008767445060343
JIDBUX	0.2061509396466077	-0.1642487642071755	0.024015551343880892	-0.33010237977613366	1.5322102402918913
JIDCEI	0.26380817361230635	-0.19715233784000052	-0.08885309971335942	-0.16532694845385384	1.8099512940479061
JIDCIM	0.26308936375284464	-0.19424167032140705	-0.09097307383777098	-0.1476430677448639	1.841316544853825
JIFNOE	0.3650183015657804	-0.18287644316081453	-0.10172532621356534	-0.10656880036278585	1.9650430995886103
JIFPOG	0.15484841067615518	-0.14603573181309526	-0.014643014010927269	-0.1452363154206403	1.7402401174075977
JIHYUU	-0.10583215057026107	0.44408709382891365	0.28835786588043444	-0.19908083234304394	1.3345764158871984
JIKPUO	-0.09528543619195107	-0.12429986929528414	0.08089929092376047	-0.10974856844818548	1.4961929407496408
JIKRIE	-0.18741426251782123	0.07210652991399957	0.2203509662792862	0.22246674279626277	1.7741927292636535
JILLOI	0.10451186303617632	-0.020227214392562698	0.16178092472223993	0.012284916334824286	1.7908132465260411
JILLUO	0.3145525933340805	-0.15555161297879305	-0.017580041435483418	-0.08382081998267922	1.8828776146837343
JIMFIU	0.22375987877953918	-0.13834050251897345	-0.24971664399654747	0.19025128863450308	2.283952186519607
JINPAY	-0.27642941953498124	0.4187559792454789	0.18659788189829518	0.014278086308275484	1.3741256394841306
JIQYUH	-0.15384550450128653	0.009775070003444686	0.21932284723654627	0.21866431795066232	1.8623978710533218
JIQZOC	-0.16262758389838572	0.030893028673114276	0.20328690292497487	0.29179144355654113	1.917273091293425
JITSAG	0.02763325378751036	-0.14922571915410976	-0.09977532697846425	-0.09508920413661301	1.646454100869199
JIVKOO	0.15924327325268672	-0.13218734117133335	-0.1986087123662168	0.0582712299690519	1.938412473180735
JIWHIG	-0.08378233087179465	0.0494793589216872	0.1425744997272267	0.2844034013827098	2.0069403523349836
JIXYAR	-0.17482873485788408	0.3731654722830553	0.1835472737117183	0.2902354111283655	1.795784064261586
JIXYEV	-0.22568486984536618	0.4043240340619929	0.22276689936064642	0.23230487720445908	1.637975697963431
JIXYIZ	-0.0949699503691308	0.2919842936873296	0.14011568526901041	0.024261042438128072	1.5167739852097746
JIXYOF	-0.20964241911155002	0.3606141006076944	0.18577537671206756	0.2178724371039496	1.6397226025311529
JIZNAL	0.1765282719772303	-0.21169101287598402	-0.01055867480436068	-0.005776942464707835	1.9175727186642098
JIZQEP	-0.04752918664485639	-0.005107441229374565	-0.08301969909934437	0.03979098937769751	1.6663992379240193
JIZREQ	0.3180242907263158	-0.13904195012943632	-0.04406565034650001	-0.0970936792478106	1.9520756382430908
JIZROA	0.2980920593330185	-0.09597884984115423	-0.23434339817984884	-0.004018020591980115	1.952798112154279
JOCHUF	0.2839678722245824	-0.10022756911998942	-0.029329365305014177	-0.07229649225747298	1.895601695967854
JOFJEV	-0.19713250875350052	-0.03434909904819994	0.23497571804753825	0.0019116651047275113	1.4838456961652524
JOFJIZ	-0.08978082962021139	-0.06006386870578628	0.2666309461049319	-0.09544947653601446	1.4566379689474815
JOFJOF	-0.1148610754933479	-0.04877710526752532	0.24518181804112316	-0.057403081654582855	1.4874154825242678
JOHQOO	0.19485835464083223	-0.1183026702134502	-0.05217591290877843	-0.22852940667458221	1.644621587175589
JOHQUU	0.2124979637469333	-0.08209732188968244	-0.1403914526303931	-0.06342260054805168	1.8102858393197816
JOJFEW	0.24592335906727003	-0.13617561407238676	-0.07988394945151644	-0.19853998614917623	1.6878718636961914
JOMNII	0.4402229395111945	-0.17946035814948635	-0.3447967943586491	0.26575106526168546	2.625502669342592
JOPMOQ	0.1782435864247951	-0.1556465726302788	0.004643213428431325	-0.010408784192136394	1.8819142130671869
JOPQAG	-0.3668246164679769	0.050407926838985206	0.25098853845445035	0.13637151953180415	1.5208518344574062
JOPQEK	-0.5366879498427091	0.13445412311002958	0.4240032624323564	0.214611786247208	1.409947449072689
JOXLUD	0.31874061948598253	-0.1920746854605968	-0.1275827877633473	-0.06378360361507085	2.015348262485885
JOZJUD	0.28007643747042366	-0.20851289587458322	-0.2071594761465665	0.0543143983359978	2.169010577009695
JUCQAZ	-0.034381517715854404	0.405624889106615	0.03631024229293245	0.016355669596678724	1.6383625924207927
JUCQED	0.039806567823728045	0.06801548050601147	0.2160492704868553	0.0587300753435295	1.8239269330703396
JUDFUJ	0.20136082628554952	-0.08421373780840247	-0.08250216736827487	-0.07411529048507315	1.8129822921486605
JUDGOE	0.3041198570407868	-0.06777899867472914	-0.3592552763453305	0.32798506461964316	2.5843670080451533
JUGFUO	-0.23372982615722604	0.18167566713563432	0.20900981205014157	0.11323202075625632	1.5259707577894206
JUGGEZ	-0.030589653856706533	0.28442937017898573	0.1132221147368011	-0.09791786886936993	1.4900667817890694
JUGNEE	0.3307415161736955	-0.18182320260011042	-0.12091049370095575	-0.04898128839038468	2.0119492634596217
JUKHOO	-0.1500423769524506	0.23029361995395403	0.13668538137446307	0.039830548895140094	1.5418781122944387
JUMHAA	0.4235730458864566	-0.29779587625299647	-0.3120045008739698	0.02756747420626854	2.2504756771278505
JUNYEY	0.4346418458589225	0.06555127827231721	-0.19431628155424963	0.06573789284269671	2.190924912786513
JUQQAN	0.20153961479854487	-0.14009395274081893	-0.07274589044619906	0.1433923906789102	2.1810651660397258
JURPUH	0.5058380845760837	-0.18963362579750065	-0.3026725570951374	0.29748690307518977	2.8088314003709485
JURRAP	0.47925333658629565	-0.2011646306855831	-0.2905956222412487	0.26942717869671645	2.701896928041406
JURSOE	0.25316095954686224	-0.2118468678695572	-0.27479474915976754	0.17906655592199278	2.3051317943642524
JUSPIZ	0.29506286377015556	-0.19777471632504784	-0.10855864349642208	-0.1894975322661405	1.736576575268724
JUSPOF	0.11544680670205887	-0.197001927672251	-0.110909083891926	-0.17248313365564003	1.6142699630092436
JUSQAS	0.28234126879318255	-0.15699503653675528	-0.2863245917264603	0.023827506188238118	2.0222834689859246
JUXXEF	-0.2688286617388802	0.1541748665253081	0.10383251971103258	-0.009393051472136343	1.3785890196801593
JUYPAU	0.3541823160853168	-0.15501019997601306	-0.020610165543588632	-0.13177390860625465	1.921477865558514
JUZJOD	-0.05933364119489681	-0.04318212713711944	0.1258454247357761	-0.09660510769800149	1.501284478121613
JUZPAV	0.2316157325750825	-0.11583568401782707	-0.037841214325419426	-0.15701498771506484	1.747990923231586
KACDIC	0.20201628029177865	-0.13628038875859816	-0.06259129160652521	-0.14299008573966826	1.7460384871277652
KACGUS	0.307131976883094	-0.16580309738892818	-0.10635963634994305	0.19187544410402502	2.3886259066643616
KACHAZ	0.3358622189586602	-0.13411184788181352	-0.11015939857923951	0.0445072264760242	2.1980431908601394
KACHED	0.2781360815623244	-0.1370391237369898	-0.12836092544880007	0.02931797914727402	2.1022636407846402
KADKUW	0.24756091547689607	-0.17827589017264278	0.024954096117360658	-0.22739135764312074	1.7117854280896063
KAFXOG	0.2854973851830582	-0.1687520536981557	0.06033918111676262	-0.18358157376431247	1.8276631392863574
KAFYUL	0.1677166545272657	-0.09589738436854234	-0.059054711056781395	-0.21805827644870307	1.597406396071853
KAGXUM	0.15547626316561303	-0.09982008727097047	-0.05197054312372629	-0.1730558276400726	1.6436196374742382
KAJKUC	0.34717733953959673	-0.2162428691768732	-0.26581318138351806	0.0825377725738547	2.263038689241837
KAJLOX	-0.48080932994415404	0.21676764910056767	0.21859531001172194	-0.036232528865229485	1.163111076910508
KAJSUN	0.3133892551431394	-0.1280672588087134	-0.036746881425703704	-0.1136887246319701	1.9175094725138615
KAJTEY	0.13237317044208874	0.1536214140638409	-0.11239200895316381	0.19682019828547748	2.0662530271705304
KAJYOK	0.28257942577851214	-0.1609681849175173	-0.09647274170922682	-0.137099391970913	1.8249737453018318
KALKUH	0.31405015594303753	-0.04307487087030171	-0.21148445289641882	-0.07100162493673723	1.8479116955487735
KALLES	0.20459742118100577	-0.16084408168691555	-0.027638806677033445	-0.31155335835946846	1.5199849221325965
KALLIW	0.2942532887852338	-0.11576021727946062	-0.2687923990275807	0.0792685664798845	2.0941180755614526
KALTOI	-0.02586861907579463	0.03513912619370452	0.28827699090522807	-0.010251179965169999	1.629954492762569
KALVEA	0.04258809941856745	0.04451671702294213	0.3417682140815623	0.005016429595182392	1.7128375049065105
KANJUE	0.020783365521515496	0.1336383921776897	0.15479464095345685	-0.06198916416164127	1.5190409853725229
KANWOO	0.2875045629836537	-0.15626288759800988	-0.049052868629287705	-0.1762797865327917	1.8091818816184655
KARPEY	-0.13211152815459393	0.10681090213300493	0.32533434272023354	0.09935965137079555	1.691000225899918
KARQEZ	-0.08915390848301996	0.10901350778936003	0.3177835818870558	0.10061773870951118	1.7123038320509363
KARQID	-0.07360831909035026	0.29196569788591575	0.0947722116903118	0.0018859643645326996	1.5257694883468351
KARWIL	-0.4144377630704237	0.0771842366984512	0.4037766679196959	0.010995049945107999	1.3181944589986654
KATDAK	0.3444493736154861	-0.2017679726814422	-0.15299876430879888	-0.008573098389074135	2.04887683932839
KAXBAM	0.32132315128470657	-0.190460947609691	-0.06518396109070723	-0.13089407314123042	1.9369763372133244
KAXJAU	0.42730858784410053	-0.13016731181793517	-0.1560222020783255	0.1073665863338395	2.3522614326344233
KAYBER	0.2996364518493304	-0.08265474319316335	-0.2635734625045272	0.0671882355837276	2.072250436214324
KAYBIV	0.3989486716122572	-0.20575444380689234	-0.28097451809775675	0.09361124220332045	2.2672183069157144
KAZCIB	-0.0340629263749852	0.23419665587831973	0.06246968494607863	0.38006064812211804	2.156005280125353
KEDMEL	0.15764987912814554	-0.10220353254708225	-0.10721750550428233	-0.051000349654955535	1.8122809275149019
KEDMIP	0.23239635979236484	-0.11823728407648415	-0.014862742737472567	-0.13893750825730103	1.78466992242716
KEGZAY	0.2917395075015623	-0.14820469328049268	-0.0073988890801330864	-0.12278865725271407	1.8444592028487108
KEHLAK	0.2391552685628766	-0.13285366942346521	-0.15155778644811413	-0.08143156526826734	1.8264377996415657
KEHLEO	0.22874890679238513	-0.14858503317362837	-0.08720481092510357	-0.18195961022837467	1.6991175491296961
KEHLIS	0.21604289026261592	-0.07277037867830971	-0.11322753163035193	-0.2104453652104505	1.5562579572309945
KEHLOY	0.1880287721750893	-0.06445764663836973	-0.08579728661802588	-0.23850969796296698	1.5129045341355398
KEKBEI	0.04920256985731397	-0.04775355376731827	0.03887144598675385	-0.26616330750151707	1.4227004530002452
KEMREA	0.28586986484323296	-0.13527047618226984	-0.03303857604011817	-0.12533872752922182	1.843772939029804
KETVAH	-0.4801114446531223	0.4773633467028644	0.2398769304619912	-0.034667859632861536	1.1640869682181834
KEXVAO	-0.03459298876137629	0.008377529904684433	0.03178375965976743	-0.0025036892196223237	1.6566446216505286
KEYGOK	0.1092851331029343	-0.09820359817626978	-0.10964664746595609	0.0017669901214900086	1.8359006173999273
KIBHIQ	0.11904859061900064	-0.0321943556291896	-0.15273422466346753	0.04115063739177299	1.8327440472283372
KIDDOU	0.37655613451770975	-0.180058718381212	-0.10258509078355127	-0.06769934377725334	2.0402585927139865
KIDGOV	-0.32791358439068174	0.08836336471270323	0.29798465090796644	0.06660055355088113	1.4484984402667205
KIFFOV	-0.12092359052173496	0.19991836559991294	0.22953990630859877	-0.10257254879577374	1.3805976799057902
KIFTAY	0.009934033776813678	-0.041494365504340935	0.39351009104922197	-0.09533821630141559	1.5294485874147985
KIFTEC	-7.40573705662051e-05	0.02711918467042085	0.3206492512563972	-0.11444946498397467	1.5181115355522274
KIFTUS	-0.06604098823990823	0.15700375121524046	0.24933240359576692	0.09018503333142186	1.6240713970316738
KIHFAJ	0.21002129647067314	-0.14089339202227402	-0.0733568459250582	-0.15983266901128673	1.7588356992632832
KIHLES	0.22385424633532436	-0.1847581351116524	-0.21021426400695575	0.09610985966510743	2.056186776282565
KIHRAU	-0.05668262113183031	0.4776283752021273	0.12529543639313934	0.04748477091014561	1.6854270322955658
KIJZUB	0.1837330526375598	-0.03435400488861651	-0.011031213472997736	-0.04629267219192018	1.7872821697814203
KIKBEO	0.18498571170607736	-0.03229764620961295	-0.01274960197518138	-0.03093277859292201	1.812197525726235
KILLAS	0.36041459738375226	-0.13679708003403357	-0.14802332814615893	0.08859004394945136	2.2134212520094723
KIMZOV	0.049708277915129884	0.04738620275286243	-0.006886995448111	-0.1215665781539335	1.590171020373634
KIPLIE	-0.07170339395574432	0.19160544994013307	0.2090963241326671	0.06603955351591795	1.5704419175379314
KISZUH	0.16085800700787445	-0.23724406725569058	-0.0652681466066507	-0.1110048084698668	1.888980780109424
KITTIQ	-0.1032710819938285	0.075416613362709	0.23766605546511776	0.2572396339587388	1.9045523216426699
KIVROY	-0.39393396831930794	0.1860677176454456	0.28381646949244566	0.12793974729265134	1.4270547676133643
KIVRUE	-0.28621170184134215	0.10600930651380303	0.36135741253268017	0.018207934772567103	1.3993930593654929
KIWJEH	-0.09245091106306225	0.0556513348510872	0.35456630132880784	-0.15974634817990152	1.3154319546995232
KOBJIW	0.14970387152984665	-0.10169531516123986	-0.0784385024115144	-0.21554339705607561	1.5529083717678
KOCROL	0.2124547803945407	-0.07491555837771524	-0.11571835846826395	-0.08727296758692792	1.7347043960411739
KODQAV	0.5122060576176448	0.19714363424488357	-0.3891138835988214	0.31292781525105984	2.8517087656392297
KOHTAC	0.272392106181254	-0.14276410634532777	-0.10217667251989138	-0.04630831766319604	1.9630562053940683
KOKDUK	0.18324711375076141	-0.09119621059218275	-0.03003577677732716	-0.12069910522903958	1.7348721282718693
KOKFAS	0.34529080028459935	-0.14661003674149675	-0.10972881866595396	-0.007693979005001433	2.092267527518638
KONREK	0.1930250160929292	-0.11948340022266868	-0.3261412922407434	0.22765329049260985	2.266798472615559
KORBIF	-0.25783334162243987	0.20367135747942466	0.08684031563000505	0.2462394574057501	1.7254760207863464
KORBUR	-0.6127547907477036	0.4862067363331557	0.19792195890077435	-0.025637185705858878	1.1059136502988598
KOVJOW	-0.34842596030187023	0.19565536725325783	0.28977324101718693	0.11356410896602953	1.4708474483548322
KOVKAJ	-0.18671733879482977	0.003224801867209859	0.15795978990034043	-0.07274158499916919	1.4284427628190688
KOWMIS	0.3151419557296218	-0.16408160792718118	-0.2522555740362078	0.10083299800948181	2.193515129066653
KUBXEK	0.36754810385895675	-0.20445433755443865	-0.11815739292620431	-0.08377458451205304	2.0525976853722767
KUBXIO	0.3739897526836007	-0.19507929483491004	-0.12839238418950716	-0.0748658298366317	2.071121700937363
KUCVUZ	0.24510306247448632	-0.09602327082739626	-0.13138442986787258	-0.04657263552098173	1.8969871562214493
KUDGEV	0.28289379600089637	-0.26607228648287995	-0.06507512973223717	-0.2518893241788932	1.7375902985295624
KUJMUX	-0.008602453801445087	-0.07624743737124429	0.08357193609848435	-0.3092666908090018	1.3062921929019344
KUMBEB	-0.16951111572033506	0.20025659783986638	0.10490768619639934	0.35494996764859965	1.9707900902723356
KUPJOW	0.2966050978774888	-0.17025130186413318	-0.08084656810333701	-0.0829274757968658	1.957470458637503
KUQQIX	0.2526643262776189	-0.14465183476445653	-0.145015390856988	-0.00028734376998240663	1.9679688941905347
KURCUY	-0.3465060408627112	0.14589211260128876	0.240269304844136	0.25148683957414153	1.6425512831918814
KUSNAP	-0.28871844679331415	0.09813067667265307	0.14948314834373533	0.32835499837396975	1.8207668828205958
KUXZUB	0.2450727640826833	-0.07498085518032027	-0.09970720575920389	0.40139594645961385	2.802427500812205
KUYTOQ	-0.21756373932069595	0.13275617008343954	0.19181423097151296	0.2167854788400752	1.7370347320529131
LACNOS	0.14761543644392905	-0.08661221588859824	-0.06724162763627795	-0.24842555297382346	1.4513096179018106
LAHMAK	-0.3639975939430107	-0.03354103885976567	0.19718738387611534	0.1725598052425587	1.5988485577715223
LAHVOG	-0.18078563500714928	0.29348654179247147	0.31987292362493536	-0.011563506814216168	1.3627356824501784
LAJTAS	0.29732128317363227	-0.14382992957428298	-0.07705101120904434	-0.10952477157659637	1.8565974088860253
LAKLIT	0.3596193972752215	-0.21701074273393073	-0.1256693767078687	-0.19732277134022475	1.8341536035168349
LALHUC	-0.09376190803039819	0.28938509660693423	0.0010651457954287125	0.10352272989203254	1.7518772022411389
LAMPEU	0.35356824734137193	-0.1837782428032978	-0.07622258945132088	-0.18501413270310438	1.8059665372581624
LAMPIY	0.33417663789325847	-0.1704380552973792	-0.09714435327433635	-0.16267090631301542	1.7984888676918591
LAMXIG	-0.09297908903734964	-0.18758900875545803	-0.10696678690625672	-0.17111777796879432	1.492845783430564
LANHUD	0.22728516256339937	-0.059375367549841185	-0.029859374473727884	-0.037918813399962115	1.9371896715723342
LANJAL	0.2528783425909098	-0.11122023700395178	-0.28263685370220215	0.26780281371264475	2.4398189682020304
LANQUM	0.2953554708201014	-0.24360847987881118	-0.21345498173020427	-0.10051620724771933	1.894846106694051
LAPDAK	0.20418706612813686	-0.15396995525468382	-0.22648197034043238	-0.0030019088284793938	1.9497404712195117
LASYAF	-0.1129871072086841	-0.04558948004317276	0.37132203773169037	-0.1294703924719181	1.4626972008908856
LASYEJ	-0.22399480843209352	-0.04903909566499021	0.4236611993099386	-0.21381778417402944	1.280729788837863
LAWRIK	0.1813718653389409	-0.14624700667242163	-0.09682754555577477	-0.1617497107492925	1.6807316895815618
LEBYOH	-0.1199319304949733	0.3401538060052156	0.15139885946101095	0.11012650911222144	1.6439304740858496
LEGXEA	0.05886262648880036	-0.1636377474214008	-0.16257945304811705	-0.09355417713533394	1.6553908128153705
LEHVUP	0.3976043454703744	0.1224339680620582	-0.38323329482539903	0.36662979406937	2.704475990971872
LEJFAI	0.21976319781340115	-0.09545897819492533	-0.04936115455306678	-0.07807343704934078	1.8116717242400555
LEJHOA	0.3439137554452123	-0.09584911617326064	-0.35186694873313307	0.2661383898228659	2.456573297547234
LEJHUG	0.411362533329088	-0.121913350078517	-0.34116862214287	0.35507342381148554	2.726890349562858
LEJJAO	0.5134540036851591	0.13322046134892662	-0.4361338069207714	0.3095715357716341	2.687865514963781
LEJJES	0.395205705912657	-0.1661913008735364	-0.3256118793110705	0.28938735056652076	2.6823942766695
LEJSEZ	0.24589436305287649	-0.09185778421325874	-0.022138980524235796	-0.3496617932673723	1.4745899088514984
LELQOM	-0.016205849809384	-0.08948435197665772	0.14215711959335464	-0.14690569502248177	1.535970596946692
LELQUS	-0.09703957586993539	-0.24397665579531724	0.1514312326521936	-0.18144096517826083	1.5351828726407724
LEMLIY	0.38149046359073857	-0.2601938008959819	-0.39878811815042814	0.20201442933475688	2.5576294551191983
LENQEC	-0.21394313994188385	0.3254881843740107	0.10193015571496589	-0.09625506162228335	1.2397244309497997
LENQIG	-0.32854943694728656	0.21080570837959134	0.19390478357466012	-0.033536735709873255	1.2233518982726677
LERNIH	-0.36204914391647947	0.4131968395258174	0.21593580514491473	-0.08468174376384652	1.2403230907936857
LETYUF	-0.49958606529074245	0.11277912591151362	0.36742249059774723	0.1730435992548618	1.4040712387462237
LEXKAA	0.1443775368299458	-0.07924679242073507	-0.09411281657484016	-0.1743765273520516	1.6097600376975945
LEXMIL	0.3680796459795763	-0.1883521134104722	-0.1428743705414044	-0.1305396095465025	1.9069798912960667
LEXMOR	0.3959024404044733	-0.1356139816845503	-0.3136813162494858	0.2840424805412045	2.611594293049194
LIBCOP	0.12171702015598518	0.03569155891275433	-0.04193409133027748	0.22795320748243225	2.155114149012058
LIBREU	0.13409210257891724	-0.16401489456383067	-0.20318331439061188	-0.12640447272654715	1.659123154356073
LIBRIY	0.24297838208942668	-0.18047851286935135	-0.21282267139342004	-0.08230092867283537	1.8288935365476702
LIGJAM	0.10710901823791596	-0.11016631974143265	-0.036429470238445116	-0.20832402639890002	1.5271780277144167
LIHGOY	-0.11486349131297979	0.023546783566443907	0.31819796362337827	0.009898951996862582	1.5305450122108188
LIHJIV	-0.4532981566719019	0.2983735163132506	0.33064671343922014	-0.026486366790711174	1.1447016274147312
LILCIT	0.24674816796347088	-0.1721694398860426	-0.17092403638070874	-0.06050710722312824	1.9129259222587607
LILDAM	0.1693202876055584	0.03700446533235224	-0.07025408750521289	0.009501835785590579	1.8245338671986882
LILDEQ	-0.033786978269886525	0.050651597270255144	0.034712282602141986	-0.08696310304311375	1.4998395804508287
LILSUV	0.3482655675217692	-0.23454012010589553	-0.09095037000854544	-0.11868947353739841	1.8977809104725838
LILTAC	0.3647519861865969	-0.16386191559661467	-0.14212986888683798	-0.08684638618387695	1.9553089836471678
LILTEG	-0.13045592408495654	0.0818955165225459	0.07583457848245634	0.11661680591352569	1.6813794398104023
LILTIK	-0.24146130373570562	0.09328282836804813	0.17638833969882994	0.22761738065844234	1.7403406187839672
LIMBAL	-0.2576731093393345	0.3975067719016496	0.07286368528076648	0.09816026225828711	1.4847882486379969
LIMKAU	-0.35243234023762016	0.12521388533032995	0.27156049513927116	0.24186654932851637	1.6186682882969246
LINWUE	-0.21287724873815161	0.32914875869916216	0.1399775096746343	0.08947724754998337	1.5873184755964276
LINZUD	0.015133384186926335	0.0473797880540936	0.3105829494877468	0.2606155628986308	2.1046415677334798
LIPBAN	-0.5269612799826775	0.5498841709855766	0.34643798841345697	-0.0280800143953156	1.1616754796592832
LIPBER	-0.052826377656180146	-0.058339794057602035	0.420615635391161	0.10394196083540841	1.7851296604091729
LIPBIV	-0.05514285325017232	0.04798376975244456	0.38220648791215606	0.22548721571459884	1.9176496295080994
LIPKIE	-0.26332655759696877	0.46104736441874494	0.2022894948395053	0.012322107914911729	1.4111269211408897
LIRBUJ	-0.3929935645686222	0.10834366067607504	0.6105699579683008	0.04957645385715517	1.3366888856892207
LIRCIY	-0.5678608403761833	0.3923666308118383	0.4612098065294534	-0.05963389851403195	1.0623152462188465
LIRCOE	-0.21455740712080384	0.3599654306332596	0.2936638223775203	0.05697279107424305	1.4434779808137304
LIRDAR	-0.5139893211108677	0.005991617545714201	0.37825097436316635	0.11609006823065648	1.3780229530326644
LIRDOF	-0.3749120291748129	0.11021676123229529	0.472619240073757	0.18465648612961416	1.5111442280334404
LIRDUL	-0.3275368318260754	0.19034921434171825	0.15333263807841702	0.24122973964480532	1.6017854785160237
LIRVIR	-0.0010239728555241356	0.0972166822691174	0.05286050273690046	0.13093490123201795	1.8672411063107182
LIRXUF	-0.2933369513171544	0.3300375943401479	0.25010271524066763	-0.10419036865910355	1.2169048497036958
LIRYAM	-0.26366521027750744	0.03426375860085684	0.3221091720440703	0.009939794328980484	1.4452517497762967
LISGUP	-0.3174229772283135	-0.08215283757389225	0.1215022912797401	-0.30568480314777585	1.1455041467096614
LISHAW	-0.2274015714670914	-0.09711342249734667	0.050429091802740356	-0.16030779474893242	1.3935721546807964
LISPOS	0.09789166882425082	-0.1414712035625757	-0.1717248783925187	0.003143884876259717	1.8288410616495367
LISPUY	0.038489999907108885	-0.1273476841092398	-0.11005189298490592	-0.058146873778822966	1.7069224545087986
LIWXIY	0.12522085065191302	-0.1461244676612089	-0.09358765259332258	-0.20011716083614825	1.5774980631076834
LIXMAG	-0.15524980795986387	0.14554526632779652	0.3235353508123464	0.22959175544155597	1.7864029490914184
LIYKAF	0.4612595377438433	-0.12794882969759325	-0.27151266353117265	0.3355562055643151	2.7606773619767955
LIYWOF	0.044268516304516226	0.18594561475907279	-0.05003729095258591	0.013815608141111657	1.7139361533815833
LOCMEV	0.1606688745407121	-0.13824688869325374	-0.06273512095213807	-0.2009313704854862	1.655703969270168
LOCWEF	0.26800211740350655	-0.18559991759202288	-0.2654293509031105	0.059332001003158	2.061238919655243
LOCWIJ	0.32060110122479246	-0.18195677267580213	-0.2801326967865978	0.10239921129085905	2.1675920838929006
LODWIN	-0.12289850921965062	0.06620040778939917	0.3861965746784961	0.06584602953581997	1.6838014193961124
LODWOT	0.020219783571959304	0.05478496099910701	0.2972774136211256	-0.09695057501049213	1.5613499120691476
LODXAG	-0.12341654833072058	0.08312159704432087	0.3594804392319586	0.07172093610040914	1.6830737367552124
LODXEK	-0.17256708188885073	0.2623662561018265	0.19476588732409095	-0.04339747802401209	1.401945177071639
LOFNOK	0.1507231595098868	-0.1017539772927617	-0.006069936623392946	-0.19052048531540663	1.5966492379465056
LOFNUQ	0.25187133093411207	-0.12141685504177513	0.054630307431443814	-0.278232026263831	1.5884082335588832
LOHKUO	-0.1430021873861782	0.03379719052841612	0.23135201266465222	0.2257132533064506	1.8553358206334365
LOLLEE	-0.01507866863741425	-0.19397212410920317	0.35120047923795905	-0.40103939852369985	1.3267045122135543
LOLRAF	0.4829153632408154	-0.2826807867574753	-0.23098453268351427	-0.19816542044481028	1.9591419708471314
LOMWER	-0.013048746579030102	-0.14563219474643363	-0.04268299903216222	-0.20209713578064462	1.49582001244032
LOMWOB	0.18015240598465931	-0.11335561294970775	-0.0474028701763487	-0.15629813536070364	1.6946829445913107
LOPDUQ	0.16222888585717143	-0.18455251926207872	-0.08780745166472825	-0.22705618946707629	1.6584519839505274
LOPZEV	0.3277707437724713	-0.18075214420045393	-0.04674643552205504	-0.21675043496009735	1.7971197012965017
LOQYEV	0.1936162286401153	-0.13595059541402565	-0.042796084799693324	-0.072370242069538	1.8639796069253984
LOSRAM	0.04255413560484422	-0.04882095226857497	-0.10007648871998764	-0.1149018643613493	1.5560434185058118
LOSRAP	0.3410110205941841	-0.15776200050769607	-0.3468426227919639	0.3697415423464847	2.788012003956764
LOSREQ	-0.032400286442441306	-0.04553925500004519	0.0415206066733147	-0.33412565906020303	1.2568859989621508
LUCDAQ	0.06698723383981342	-0.1166781746511194	-0.07663699790916456	-0.26714836276049925	1.4165030765387938
LUCDEU	0.01599508397632743	-0.16590852502400366	-0.052979930717311774	-0.12078199335377038	1.5747937635732987
LUDXUG	-0.0889470997946642	0.0665348238477863	0.3133057485050015	0.1532788342942109	1.8037104380288995
LUFXAL	0.14320006056890655	-0.11462248304636502	-0.12173051580317473	-0.03437313182752122	1.8114638182690648
LUFZOB	0.1518138714473305	-0.10850536218718021	-0.12911618600881547	-0.04873538832576915	1.7587457898811687
LUFZUH	0.11480256622422003	-0.09409106120614508	-0.12029252981795646	-0.012266963967695721	1.7752371769913582
LUGBAQ	0.13805235747042754	-0.08580220679572115	-0.13963687507467082	0.002597868291634553	1.8279744827966442
LUGBEU	0.26672470302059104	-0.20509159811310196	-0.20810671589663876	-0.07625395052828082	1.8750123392584188
LUJFUR	0.1535300320432733	-0.1277148082276165	-0.2150118178707352	0.037476092075324485	1.9240184592510392
LUJGAY	0.09480687764324092	-0.2584733378899231	0.17813416010079242	-0.10961301370289377	1.8062132974238232
LULCAW	-0.3742149622955999	0.08475524025314773	0.32457488354668307	-0.06532628997427994	1.2437637039976557
LUTJEQ	-0.04673415353863364	0.0718053235948064	0.19592323684596624	0.08004730695795831	1.740101594954906
LUTJES	-0.12513071274950294	0.011646753686323175	0.028143673975731476	-0.04966842269571123	1.4905779199579945
LUTVAX	-0.270048867692108	0.21115934408408954	0.06883505703201664	0.3401024224180037	1.830296237070111
LUVTOM	-0.206027555968479	-0.04266562931595963	-0.1314571564623408	-0.05227111181434427	1.443477447509541
LUZDEP	0.4473356865293452	-0.09726536874372549	-0.176674659944829	0.18514880670162487	2.502595789799807
MACXOH	-0.14858550356477274	0.05014056083194118	0.26811488483403845	0.12736072302570683	1.7183175699756015
MAGFEJ	-0.47185601156800505	0.45939706722753293	0.26786216430764354	-0.028158021547674578	1.1797160897128596
MAGFOT	-0.3808659861797947	0.5108669237996635	0.3233072188376176	0.003789112414189305	1.3064432025749972
MAGLEM	0.16159358640246735	-0.05510743100082671	-0.07101396473698762	-0.12124689782716652	1.670453209594582
MAHWOJ	-0.22229904692276348	0.3087451884639758	0.11620729560423437	0.007048914912456655	1.4396699527824874
MAHWUP	-0.25156086122132804	0.22825385214789207	0.12409219696547846	0.18670441877013755	1.6521412083937435
MAHXAW	-0.10373715625893754	0.3228508585393264	0.0339492670081456	-0.025294792957844286	1.4899867793824064
MAHXEA	-0.19183695113492671	0.3069021714597657	0.11336147872219504	-0.02871564747396224	1.4249155909905644
MAJHUA	0.32426061600665435	-0.1961193334658281	-0.09015576068207576	-0.12913107505576424	1.9295249553175595
MAJJAI	0.3840930713762969	-0.23133465859445068	-0.0841175938664247	-0.14367754966691584	1.9721752933136267
MAJVUR	-0.036992154140464084	0.1237823594107792	0.14515058802558922	0.31986723148927265	2.0827569280973974
MAJXAX	0.1632543922983669	-0.1143028871253261	-0.11224439756731353	-0.08265770530830172	1.7711391198567115
MAPJIW	-0.22381075714123932	0.34118646168403544	0.272750250307644	0.021689566963634804	1.434296628254553
MAQZIO	-0.03729700662098878	0.11155985262307755	0.0772996350346058	0.1339817018539763	1.8206942966223356
MASKOI	0.06115688551741583	-0.10449274269473574	0.0032931958178563647	0.13931670875210145	1.9656421691609158
MASROO	0.11773625537905152	-0.04227612789903712	-0.0921255659012552	-0.07987258135463558	1.6811857893410123
MASSAB	-0.2337923874925596	-0.047882156718920266	0.27469283402479583	-0.5256685411716038	1.0193543958339033
MASSEF	0.10245681276541685	-0.1258141057245723	0.002642990724792682	-0.24494289161368157	1.5124647783264213
MATXOU	-0.36899834432790435	0.14853219138590323	0.23237707690989184	-0.20408277478580591	1.1316734001194082
MATXUA	-0.3672578226616565	0.1532130482489561	0.23154758999495884	-0.20315482660785217	1.1346648840919697
MATYEL	-0.19037312650001992	0.15288083925243345	0.1514985112838345	-0.10716685783269374	1.3375928543599955
MAVJIC	-0.5101054335980044	0.07788687346831757	0.08642138160395008	-0.10295665673792885	1.16876226637072
MAVYEO	-0.2545954566704691	0.18529105630834808	0.22924883254515072	-0.014014000475611105	1.3355210277895524
MAWXIR	0.47017328902604305	-0.2217385040868718	-0.3673472343826487	0.16075618881626386	2.425120718338261
MAWYOA	-0.3912197905843775	0.14736419750590835	0.347513572352361	-0.2836356757472412	0.9604374332778071
MAZJIH	-0.3380417027746203	0.14829593372924899	0.24870640525740528	0.22664390679967988	1.6727449460413613
MAZKII	-0.2991140262889145	0.26092547620454165	0.27048662491073716	-0.032748821452908805	1.272781909244305
MAZMAC	-0.0510817307904925	0.13727820724121553	0.06437990285199047	0.002291165716076654	1.519616534356142
MAZMIK	-0.13392634810608994	0.1896154512778907	0.15641376760938086	0.08930323000735868	1.6126730927479556
MAZNAD	-0.004239766096994835	0.2202791145635008	0.19472684863585754	-0.05593715460864568	1.4689920195341952
MECHUZ	0.18806049823857407	0.07811957948521897	0.07699080510135081	0.048410738921780855	1.947728330621671
MECJOU	0.2948923530728855	-0.12393195422416381	-0.08505754361197759	-0.1827930859712441	1.7748993886211684
MECLZR	0.4027676209280431	-0.1492596892261978	-0.250244059443707	0.07452551903723487	2.2120692077476085
MEFQAP	-0.029074913838123884	0.10034751792254604	0.068414795781643	-0.23920673670295914	1.3405771927702488
MEFWEC	0.47507500837958094	-0.1766381205325792	-0.29757148431684954	0.1920747350385666	2.6088057283752932
MEFWUS	0.1983187285241299	0.1065625655884892	-0.1153905723708959	0.17030883189562057	2.031549664844728
MEGXUT	0.33690794064406093	-0.24187743442534726	-0.1558932658748884	-0.0865770266465794	1.9636173670813162
MEGYAA	0.3784852009363	-0.24770838899063607	-0.010131598782441298	-0.39541388518806175	1.601619472811636
MEGYEE	0.3017180721995403	-0.1855569549255358	-0.17322259446507515	-0.2989465186242437	1.558469994756352
MEHGEN	-0.4487689594622357	0.12134230146181912	0.2118203240847536	0.25914206716393856	1.5520239823176911
MEKRIH	-0.31676280007557933	0.05288915935555938	0.30102460704458545	-0.1054455857039532	1.2462100321119327
MELFOB	-0.05878628415482989	0.016546265414242978	0.10826342409003042	0.29736849763978457	2.0832555586097357
MELFUH	-0.22857296565413332	0.06951434357550601	0.2531173706141219	0.1117955527344831	1.5794204573478325
MENCOX	0.10329083575327003	-0.10792254780458266	-0.1723641070829256	-0.045895931714487526	1.674830992543698
MEQZEO	0.16520536357966709	-0.14630440803507816	-0.07432811314542209	-0.11117631445928736	1.7531324657299332
MERXUC	0.5047927075717595	0.0009075734419166093	-0.3181043026146656	0.148684939004946	2.3680954714563103
MERYAJ	0.061081918530005996	-0.08994390357647486	-0.07494380042899929	-0.07600276565769913	1.6283976520648997
MESDIY	0.15125135391189248	0.001591292770088737	-0.25076432179814434	0.3064709064938552	2.2934520938583534
MESMUV	-0.11715377270842353	0.12588213903417	0.30235689674606303	-0.055453334971971635	1.4821448612128516
MESNAC	-0.1344212421405735	0.1495822384571439	0.35920496283229086	0.007829197793938647	1.5647119326198564
MESNEG	-0.0721752707832759	0.14195989205435655	0.2939216987901101	0.04991763640058333	1.6855214329959496
MESNIK	-0.0891871111153395	0.1203757917142616	0.29506535320532357	-0.006962274723162271	1.549254262740912
MESNOQ	-0.07606307238715582	0.1616487023942781	0.2779580741969494	0.04869332523249842	1.6687764736700905
METTUA	-0.3618516138549741	0.16586845399573746	0.15364082285896719	0.32595735300893247	1.7322762492612322
METVEM	-0.07423146670562897	-0.06989157960200676	-0.11223265884451794	-0.11372255744093107	1.4826480544592653
MEXXAO	-0.183821545032826	0.09789085739128267	0.3007019915312896	0.11149533344287854	1.6277185083187848
MEXXES	-0.24654206130958967	0.1050976598686677	0.07428875061411255	0.11840806097889056	1.524943762637823
MIBDIN	-0.16250517500042294	0.037096203887334034	0.20397139775933892	0.13685705410319488	1.6829613488191466
MIBDOT	-0.4760040328273183	0.1429621727418866	0.38616025191794767	0.20522557166644106	1.490294684169272
MIBDUZ	-0.11014530444041215	-0.03652477849984581	0.24822928308103065	0.11157452466701157	1.747379519826448
MIBTIA	0.2998595591376265	-0.032239118609280304	0.004318356765736997	-0.46010428747880233	1.3498609177495127
MIBTUM	0.15016409537432684	-0.09766029441991697	-0.06657623878695595	-0.15097850528483236	1.6462320572410656
MIBVAU	0.2221594600842285	-0.04376501245748898	-0.07548713495674542	-0.24883491290327728	1.6025906827438774
MIKPEB	0.2739518900186728	-0.16562407023533354	-0.182576001310516	-0.03701761966822617	1.9820967655704018
MIKVOS	-0.4518344461726218	0.17019126210845859	0.6060703931998033	0.07455411179067761	1.264076223247658
MILMIF	0.33528567443812163	-0.2056492025315706	-0.2840843786119678	0.18894267498175454	2.453845762849425
MINYOX	0.35492683479522524	-0.1594835705573967	-0.14201246224732067	0.0036517767844170823	2.128731468273259
MIPXUF	0.20116813554967106	-0.16445789229124153	-0.034775362466013426	-0.24415395866503414	1.6358813074801408
MIRFEZ	0.12928909589786253	-0.12061167508012793	0.49328835798319726	-0.25798261907283615	1.5816679092440515
MISNIL	0.21653267977583202	0.031022475207300615	-0.027567945967101437	0.07089190238610371	2.042983475677665
MISPOT	0.29978135800661	-0.0955328816466563	-0.30379301484342447	0.23076648382454712	2.411681602940263
MITTOY	-0.48144551593783236	0.09619747394779354	0.2290229057302171	0.25222612252235177	1.4976608629930241
MITTUE	-0.48143934328046933	0.051772139790027705	0.2285400630195673	0.19854311810972552	1.4898427743070728
MITVAM	-0.12661219826080394	-0.04706143401969021	0.14708937078004314	0.09871498410288321	1.7644964254327973
MITVEQ	-0.17802905757283183	0.18214965333303001	0.4144725291534137	0.029120386672520926	1.4523645168427741
MITVIU	0.12212326688130126	-0.12280428932281806	0.351391661170958	-0.008076296098438268	1.8885834559661014
MITVOA	0.19296226343484202	0.07826162412636917	0.25486107775014877	0.009318354946544233	1.7611195911593456
MITVUG	-0.2333244337315734	0.12759815998128798	0.1966913823281835	0.06369711145233847	1.4685505290979823
MIVHIJ	0.3468790742967487	-0.17924738974651855	-0.1071493418307643	-0.045709543796688235	2.0718444340735584
MIWREP	-0.5477484409891411	-0.007240256863599637	0.32265073529807164	0.10315550809570428	1.367333288828197
MIXRUG	0.11078781732889231	-0.05499539188171776	-0.10642420291057064	0.10699569359861061	1.9572648439516476
MIZVOG	0.32363188496040207	-0.16332362856752825	-0.1631208716801198	0.1111229347730967	2.263385855631739
MIZVUM	0.19174722160130475	-0.13810147304269793	-0.024167445715196134	-0.13751760108926048	1.7477688194164078
MOCHUH	-0.21549958550696413	0.229193295647534	0.23301757362633202	0.067415515175625	1.4642815292695788
MOCJET	-0.16058251337755536	0.10896059857509821	0.24771863379187353	0.062033505716495296	1.5347470421879454
MOCJIX	-0.2255374277908091	0.1487924199626265	0.22706112150819835	0.06844515722734523	1.504559440930307
MOFLUP	-0.2275412750672583	0.1334764484985267	0.0989594844896915	0.17692466375034377	1.6167054948809207
MOFMIE	-0.0021204540982964204	0.1523123235400924	0.11904361406423436	0.007065277007468063	1.62865033689759
MOGPOO	-0.30081123161751044	0.4713006937914599	0.31491156869505876	0.16743784875760243	1.5149896088742028
MOGPUU	-0.3435347362431793	0.2601207979443334	0.057725214413120174	0.21487504342371555	1.5640348420987347
MOHKIF	0.2241452392790455	-0.1593693737175108	-0.04366136539087773	-0.2199925637409637	1.7059594089046062
MOHKOL	0.263402847089254	-0.1169640731178565	-0.012257977798731279	-0.19713172895736725	1.77177698809277
MOJHEZ	0.4086172087471658	-0.16449850991605708	-0.14993239693995997	0.1546415434154394	2.377226209187092
MOMHEC	-0.17771982500479933	-0.12624221613331366	0.20520034435717527	-0.4491693036990142	1.1441431972867493
MOMQAG	-0.25590169618276803	0.13216402647149272	0.11804347966978446	-0.017494859639847732	1.3840573906511895
MOPTOC	0.3233466446584927	-0.1854080637245792	0.0034357589457316706	-0.24591511573274	1.7280471393542816
MOPVEU	0.20627792637882347	-0.11209364450192372	-0.10751722444754219	0.03059196402453368	2.006466433278188
MOPVOE	0.29178144727709343	-0.19969893000309513	-0.0634505701045418	-0.14188486489012198	1.8446519797130603
MOQSES	0.3191600132756518	-0.09018714973866082	-0.17983878171054535	0.11666994813574555	2.2082201486700077
MOQSIW	0.07208204066402946	0.062154921102672955	-0.0062556810848757305	-0.08804051622215382	1.575193119529223
MOWFUZ	-0.46550024520060473	0.6479361762128404	0.3194472201507088	-0.021451041009812155	1.2643139049190015
MOWGOU	-0.40605549992560386	0.21805339248437328	0.09765072429881627	0.07054898597739745	1.3798377597824907
MOWHAH	-0.5993100629989647	0.5214798829687302	0.3202907943249702	0.011473019356057101	1.1510309015334297
MOWHOV	-0.2346789250245731	0.26173457394852107	0.012167807616762172	0.2569030593050025	1.733257212988893
MOWSIA	0.3157464449575942	-0.08520961210640576	-0.14115518252400006	-0.14346368504603738	1.8094032790144934
MOWSOG	0.3611752690796606	-0.1479876713708499	-0.01262701705591085	-0.11751958298452143	1.9476025504085306
MOWSUM	0.24618355061365627	-0.09396468137869463	-0.1413421478100143	-0.10548634756807103	1.791031843660878
MOYPIZ	0.2780891114111905	-0.13058569085587535	-0.2604290134126537	-0.013191778259098064	1.9331454989836718
MOZFAI	0.250762122423978	-0.1561711385814768	-0.016323886259522524	-0.09389173558582209	1.8239329353862646
MUBLIG	0.29259702940513144	-0.11891163478248212	-0.20660469622880284	-0.0425669749900805	1.912234579108505
MUBSIL	0.2658194014660724	0.012692576061046346	-0.029891013204388805	0.16060429382351143	2.179054382080909
MUDVUC	-0.23058967352914417	0.2023912570242149	0.20357056924348105	-0.009849254844578714	1.3656427861202456
MUHPOX	0.13298481529467487	-0.0706932572164426	0.4302543927301603	-0.024545496550910095	1.7265297936974213
MUJPAI	-0.20985653715869068	0.18954381487887317	0.22033928961866556	0.1350252837556445	1.6570416698526245
MUPGEK	-0.06711944858310259	-0.019500058974965873	0.16949285461729224	-0.036511502006297075	1.5820008717928742
MUQMIV	-0.2079492043780422	0.17079064633696683	0.34869360545777517	0.22872845432318106	1.7010310691489343
MUVJAO	0.35756109059829067	-0.16959262263664399	-0.05107522602335357	-0.05078088306653178	2.017545018441189
MUVRAY	-0.3394434175417773	0.12172334787321026	0.3159424130249646	0.12342756488191198	1.452348365976098
MUVWAB	0.20588898479604234	-0.14705483360973726	0.5005574311115226	-0.25846716428106115	1.6601583750369477
NACCOJ	0.4482152966253503	-0.13337138461336384	-0.2292418652448931	0.15429604711405198	2.3952644068463007
NACHIJ	-0.3354160298162885	0.15757781700985207	0.40300822131240643	0.11692838773549469	1.4716349649699847
NACHOP	-0.05048444060916335	0.2328217413732634	0.10422905448504993	0.024819663497528788	1.6338796265148614
NADPAM	0.4725144035742277	0.23651297063412002	-0.26385740831078897	0.051309009511608134	2.2049802806390457
NAFTIZ	-0.41811227643093307	0.06727014957565036	0.4010771433860496	0.002947782515095171	1.3119119748685553
NAGLUC	0.2601560722432432	-0.16312571377269947	-0.3036647968915258	0.18641388735551173	2.299988276534728
NAHGEJ	0.14571455750720075	-0.12086262756854405	-0.09322125011024851	-0.12694088288147856	1.699590409249132
NAHQIW	-0.706896181390182	0.5098519092644995	0.19845681961583272	0.13302899736969848	1.2075172648966195
NAHSAS	0.24047927993134977	-0.1466664715058661	-0.02510174923687991	-0.20225467046357096	1.7073900081378979
NAHSEW	0.2918661980674413	-0.16523766082487135	-0.1195410408727875	-0.06359306413724256	1.973646903251829
NAHSIA	0.24113629694257943	-0.16813622392619976	-0.07840464804510683	-0.08115739332220161	1.906909768899782
NAHSOG	0.2340075207728738	-0.15434290214546864	-0.09397547276939267	-0.07167349455672103	1.896198452938487
NAJSIA	-0.032300925612581466	-0.17210579828225236	-0.061215820045916525	-0.17620310213895993	1.5021079761797234
NAJSOG	-0.17768042574809195	-0.09495992767678751	0.0017422788787249122	-0.19514216950475913	1.305753213114675
NAQKIZ	-0.23453172515495435	0.08186813096118184	0.13643503780571686	0.39702604804453356	2.0028435439240964
NARDAM	0.467164085424538	-0.1035884281422379	-0.3712203045616267	0.426873217241324	2.9707711766873217
NARKIB	0.28870132616984323	-0.12587170405909442	-0.10100960048941587	-0.11303907062489986	1.8457070674460314
NARPOL	0.36259091560343304	-0.1851684810611015	-0.07710155669851804	-0.11035340310975693	1.9822627954347278
NARTUY	0.2581814797215092	-0.07941948120759967	-0.07987010665014127	0.0030762733584448476	1.917568546408371
NATYIR	-0.09779650979128496	-0.06290210941770757	0.3083979500078802	-0.104918159695618	1.527686626904158
NAVZIV	0.10944026132082607	-0.08725966321060319	-0.17689061306752474	0.32544709892009205	2.334916955392059
NAVZOB	0.11133319647180162	-0.12732058903172228	-0.18718116843304866	0.24039347920420578	2.192778422492929
NAWKUU	0.041706579263365295	-0.13145612375264892	0.16290206398591733	-0.021187779696137332	1.7383998152816387
NAWLAB	0.1521059126430715	-0.2042346554816148	0.05204343556857127	0.022182143206078003	1.8336554472385584
NAWLOM	-0.04584657996213526	0.10783883072415779	0.024988879336155456	0.1761467919723153	1.8863479982134446
NAWREI	0.3599115702074971	-0.10322512397132833	-0.17561055215310217	0.13968634421122544	2.2990244910107935
NAWROS	0.4573233719535148	-0.11176430951628513	-0.2689892035854431	0.33723746474244565	2.7433637939355693
NAXHOJ	0.19633029553319892	-0.08704392405497774	-0.17854633996325076	0.23264940651082783	2.2947401459367
NAXQUZ	-0.5211464325889943	-0.0007401270301914398	0.33273654907744143	0.1443882828022952	1.4122207594121559
NAYHIF	0.2780384745932438	-0.17677570946910126	-0.08127447940974553	0.09971798496231926	2.2211372237706972
NAYHOL	0.26680526970723495	-0.1727163654761793	-0.09620317618594876	0.10949031149570382	2.202953433656536
NAZCUM	0.28308802534112276	-0.1721927731642532	-0.19915345283512598	0.05900808792111442	2.0680422043369386
NAZDEX	0.354865937760795	-0.16584592525320851	-0.0955249325016061	-0.025137360844077722	2.10245038605903
NAZFAV	0.1996955995237717	-0.16855583357475845	-0.10467613149861843	-0.0969469811379619	1.8023622526350542
NEBFEH	-0.08236934213363911	-0.08415089257074837	0.3589750888310641	-0.16256842311316597	1.5197691511457967
NEDKOW	-0.30633800279203394	0.08507234907018557	0.5727273079968558	-0.05907868367759081	1.3040865540973983
NEFLUH	0.31314471207488337	-0.133492827561132	-0.11111590052930342	-0.02575325336334322	1.9815904651576428
NEFMIU	0.21235338128650172	-0.21790035592973112	-0.1794383781656539	-0.06569676718190008	1.914403471441667
NEFMOA	0.28717866012828663	-0.21806215583262878	-0.15808022318970605	0.005034307432232571	2.0547878599179352
NEFNER	0.2020476250835821	-0.14658987422018244	-0.18307045860122773	-0.07843776813402549	1.7864733830732191
NEFQOH	-0.12767334620459048	0.41018934041270994	0.26377208203782176	-0.07558846913857578	1.3934028182587401
NEGPEV	0.15877439653149983	-0.020507083521830616	-0.15297573163805844	0.5654849535653772	2.976125714098236
NEGVUS	-0.30197222605720286	0.054455301951472745	0.24190504598961837	0.11216633311603758	1.5464943738500656
NEGWAZ	-0.4611131897157472	0.28088028448057556	0.28708832457486766	0.03062450143331913	1.2576204784896936
NEGWED	0.19977368766456927	-0.12011824843960117	0.06863943712610499	-0.08103338453477349	1.821538133839547
NEHRUN	-0.10162602134795184	0.16003774782273217	0.2503370406562717	0.22756086996128122	1.8158700816779527
NEJLUJ	-0.13062992557896802	-0.022421468091134655	0.27788431631844546	-0.018001552483869004	1.5649174111255368
NEJMAQ	-0.19649855559921203	0.20034425413349832	0.2525317923945618	-0.1401891377697964	1.2463657710400273
NEJMEU	-0.24600187475076174	0.12210927256440485	0.2942865900236422	-0.11450064141726042	1.2573615777402207
NEJMUK	-0.4397798992096371	0.23236591281604024	0.40095906793194236	-0.09689652253306325	1.109415658422975
NEMLEX	-0.11825349546715502	0.2326328245217173	0.1779858727312187	0.23743170437221933	1.852297901152336
NEMLOH	-0.16805686433757128	0.287251088121258	0.2570714812671453	0.13654464386498372	1.6531576699188921
NEMSAD	0.13910280740593128	-0.12442984061850759	-0.15854738649342703	0.004759315822505439	1.8587038854451152
NERTEK	0.06464957708613506	0.11826577813909389	0.1790585472990065	0.47488926626557293	2.5722475509119453
NETYOA	0.11739766762396542	-0.09590792898040146	0.11848090511954079	-0.051049993262440446	1.7513643481738552
NETYUG	0.08390045097652976	-0.045061353209607136	0.13543406752037046	-0.05338047981483057	1.679692122487099
NETZAN	-0.22406493200882194	0.1415709755915272	0.10040881793194001	-0.13655939897776542	1.2919977708000971
NETZER	-0.2812454468073309	0.12821538458705128	0.21386355304475768	-0.17186048531414155	1.2225393798742932
NEVDEX	0.22267000604417397	-0.0937094265993409	0.006920761883506765	-0.21621970513167685	1.6825617823544763
NEVKII	0.1199739075381312	0.09439942426303649	0.1536311907571668	0.23154330486842456	2.0966492798817233
NEVVUF	0.23582358389293345	-0.12269399636071332	-0.07153208969227842	-0.1949443506826953	1.7351095693945675
NEVWAM	0.2285999364754696	-0.13249157475382944	-0.09681984432094537	-0.19898935876620963	1.6947329734177112
NEXTEP	0.2687104186259086	-0.12611196339223907	0.06330559989978624	-0.03220441366585183	1.9703360678511475
NEXTIT	0.4175705333745041	-0.11050907175892355	-0.04999982327138408	0.12278434398768501	2.3760007630348032
NEXTOZ	0.006448179063754722	0.07462599299885031	-0.040072104394028196	0.16331465509217774	1.9151473181450276
NEYWET	0.3139852725495622	-0.22246879393905794	-0.21221030395903884	-0.0669375057622884	1.983580234186709
NEYWOE	-0.39479431243257235	0.009417342093213543	0.21512782172569644	0.11572479411365022	1.4790297855721655
NEYWUK	-0.3250952746380613	0.05067001628393153	0.5554648700052469	-0.027788075299342158	1.3405631597759164
NEYXAR	-0.21962330749887737	0.26549523337806824	0.2526566540260755	-0.0834384183629519	1.2756191391487952
NEYZIC	0.12618359253295441	-0.06623535160731786	-0.1724475767705269	-0.025169430913940555	1.7811290554436534
NIHCUD	-0.4360745199217355	0.07770453243767717	0.3543261593824134	0.2353501860924503	1.5880745075713956
NIHHAP	-0.20076671097343457	0.1818743468243018	0.41958060341081915	-0.06771383355128452	1.339779314069994
NIKXEK	0.23778712084175258	-0.14702722321675843	-0.14140231948014614	0.1664714285207875	2.247051279493231
NILFOF	-0.1539083784926829	-0.07426188329383698	0.08820271558342285	-0.13340503584463592	1.4233429670616702
NILGEW	-0.5588511731131867	0.13565115105228787	0.2816778016416899	0.060135296919847925	1.2425415057007272
NILSIK	0.2563417507040082	-0.11035056028822565	-0.08446868474804048	0.28588129585819544	2.457741505374681
NIMSIN	-0.1762462979560948	0.20289364010657085	0.40929685240007463	0.12735982987028066	1.6607548120693696
NIMSOT	-0.1880221989973343	0.1941473555718337	0.4072276498694487	0.12004210115072034	1.6458445446079857
NIMTAG	-0.1658817810104467	0.21102177591112414	0.40984918986743435	0.132369242784806	1.6706869976731547
NINKAX	0.37983634592191784	-0.1795921777711288	-0.10078774745771923	-0.06454409723531526	2.0551391755896837
NINKEB	0.3425661242026887	-0.15873787413001617	-0.1530213467778614	0.019160161079229243	2.1378185346780025
NIQVOY	-0.1696683461451549	-0.07874972374054923	0.3050349003159103	-0.04153621542833413	1.6058440958530182
NIQWUF	0.21057373678003577	-0.08503416567465216	-0.19181396215633217	0.23555321741832652	2.328101343125243
NISDOJ	-0.47860969435680323	0.3866050334781579	0.18921921289513155	-0.1148074888199207	1.1071292150277086
NISDUP	-0.40012481840998815	-0.08918014649059725	0.18302231907413424	-0.1720743490893664	1.1961558058169481
NITQAM	0.36454226571531434	-0.07746758263431064	-0.23466568062348747	0.2358742607866059	2.4696961669271134
NIWBON	-0.21899601346515807	0.27237325241107135	0.2193301140627275	-0.10402270896622362	1.2942830320309586
NIWBUT	-0.22748569537986274	0.3118927158436222	0.18555365969220294	-0.11212013315429592	1.2700135537922326
NIWCAA	-0.2537964692255761	0.2808014479381784	0.19906072580579304	-0.10158420983043938	1.2520220852758737
NIWCII	-0.2754433830143084	0.2627171402564934	0.34441545953231945	-0.1218346529658719	1.2076465254051056
NIYSUK	-0.5400794230902908	0.15753162676140875	0.4752171586093268	0.11127351766748844	1.272401295856556
NIYTAR	-0.5769279451904104	0.15502592562615913	0.4879970501170634	0.09521453638409183	1.2318419742924895
NIZMIT	-0.009508769325356159	0.0789135818966864	-0.010494050424351808	0.005367376748384112	1.66529005225865
NIZNEQ	0.08359475793230287	-0.016999568563489498	0.010227109917441357	0.129662612190297	1.9808809117073505
NODLIE	0.2713121852701592	-0.1066184235998876	-0.11912263733046058	0.20221108916372998	2.285101687677198
NODZAI	0.21619668523189617	-0.13293489900586486	-0.0880707989495666	-0.13095032388909053	1.7943169185544419
NOLKAA	0.07794216318852021	-0.04877460310558179	0.2457687631377239	-0.01833459858529074	1.774485203491825
NOMKIJ	-0.525711566748734	0.4770636615946404	0.23797626121353854	-0.09845030154533609	1.1077842745768156
NOMKOP	-0.2782597844139709	0.37461311578293954	0.2107979163845477	-0.1207281489658799	1.2547049670020634
NOMLIL	-0.4010809580514052	0.1198524155539008	0.4613678628901996	0.18593173009157288	1.4919263330075339
NOMLOR	-0.2959768615882403	0.10486169392558731	0.4643134911047053	0.19540674195139424	1.6052688046475454
NONMUA	0.09695039500679181	-0.01913804705859745	0.1803963448350645	0.18563098336889633	2.071970946635883
NONNEL	0.08398565058549323	0.08331881020102583	0.15657693355869817	0.07411658488919859	1.8494642439954667
NONREN	0.11690310207451615	0.17353633215849062	0.03721874461954178	0.08827209240769146	1.8714632241806146
NONVOB	0.192714695815543	0.23631089407245653	0.10724779820202235	0.023288790478497273	1.8595733114352277
NONVUH	-0.1425856738024316	0.3889434334248909	0.27864218491716164	0.14082687798961346	1.6520024743581092
NOPGEG	0.40038355803530656	-0.23508937242535077	-0.207155820720492	-0.10025519626502356	2.0080707249214003
NOPHAD	0.5119075307356757	-0.23683718030412748	-0.33866904660732977	0.07617699983098197	2.4111402687055468
NOPWUL	-0.10079893196931078	0.10965367875972598	0.037600753606912285	0.16226367021700605	1.7593260464859832
NOPXAS	-0.21231996042835277	0.10683073614823568	0.058813567865452665	0.16202374271744452	1.6766064780103096
NORNEN	0.24805777771371273	-0.14621189191615913	-0.04400366602395134	-0.09339009227573149	1.83671949156899
NORNIR	0.25201818545295973	-0.1396607256118101	-0.02517467684162855	-0.11081416101577679	1.8033511628171184
NORQAM	0.23455862658703808	-0.1694018556518263	-0.06507963574501452	-0.12046796049556738	1.8225910675184518
NORSEV	0.16372881320931	-0.03179358498377238	0.01384206087954376	-0.5793216574431033	1.125669853858717
NOTCAA	0.32999270551334003	-0.14048640739434437	-0.10067273489913409	-0.03303300800092812	2.0226810922324003
NOVJIR	-0.09457275425902978	-0.16178440013712747	0.30522182880929316	-0.10833310328631912	1.6313177016827787
NOVNER	-0.36853423312793554	0.11011370064136661	0.14455878607900985	0.19136604105674782	1.5371454280002954
NOVQAQ	-0.2533135009637588	0.19117594092529278	0.3296413624153245	-0.1860872762303239	1.1756952250485866
NOYGUD	-0.16159753104686603	0.02373272074264976	0.1819407827506605	0.062492092892803164	1.498506505363752
NOYHAK	-0.08830772466322578	-0.026877459142296223	0.18511504442984594	0.13620064124629255	1.8854953715543028
NOYMIX	-0.543142026689496	0.1561153395308258	0.4802478629840501	-0.08769774721677966	1.067286709218366
NOZHUF	0.32314790810755323	-0.2042047112256118	-0.3009625919532106	0.0931847401497114	2.2382621268250142
NUGLOQ	-0.22625997176373813	0.48108846545927	0.3371565596146582	-0.10344491468765808	1.3297858451482623
NUKNIR	0.49226275258717056	0.07559601348585443	0.035908299019730805	0.3161132300414795	2.897540075082659
NULSES	0.4802364566748576	-0.13101895797731233	-0.3878375577589519	0.4008813614919672	2.949212413158066
NURGOW	0.3045270132152442	-0.15940946700000636	-0.08473283292254297	-0.10589521542325331	1.8949480442739817
NURHAJ	0.2177390573957556	-0.09486494942599588	-0.30837857247847933	0.1983505192517357	2.2034992317331965
NUWDUE	0.3725775563949618	-0.1883790057736967	-0.17946516514163835	-0.03354352847398373	2.0856935789951145
NUWFAM	0.3809750487677972	-0.17493513978312747	-0.2390663928310801	0.1320956699487848	2.365808181628799
NUWWAD	0.2662108405734731	-0.1668197590376591	-0.1247238812060516	-0.057159759866437676	1.9289977314567528
NUWWEH	0.588918612342372	0.10747689818037032	-0.46380079340140334	0.3148061018999512	2.9229660295451643
NUWWOR	0.19823225922559518	-0.1831150178829941	-0.11272486479882238	-0.0082265418099072	2.0213741445161753
NUWWUX	0.19867235149259743	-0.1783421378773049	-0.11437465045431328	-0.008724364128460865	2.0184483882916266
OBOKAS	0.38968083170423995	-0.1670007251558322	-0.08849568983957501	-0.17374663185202693	1.850471818531567
OBOVIL	-0.1837648078785743	0.057982196504759775	0.2848398817895057	0.2778450669707922	1.8948308226285289
OBUXIT	-0.18423904748095277	0.26933921445902453	-0.00920555726977934	0.2686112682681857	1.9831986941438704
OCEXAV	0.018637519966486327	0.1258710266970514	0.1618987333312607	0.04226658993251037	1.7502418850152275
OCIYAD	-0.59901286138374	0.2629849995166391	0.24638405334486424	0.0246324006471145	1.1144329662651278
OCOBIT	-0.01290193921915117	0.06312763182870507	0.06182593868255881	0.06884896520387457	1.7950252424268975
OCOCEQ	0.1556551788081486	-0.21173708618216502	-0.11421172807756674	-0.28141539067926924	1.5132703645267436
OCOLUO	0.2372816554369619	-0.1983925422824825	-0.16989541983126344	-0.08172788442953835	1.8815121777201864
OCUKUS	0.1682764235655405	-0.07768286614172593	0.01432213806313265	-0.14158563680587088	1.7102235966779245
OCUTUB	0.10599032041173917	-0.06537206460867573	-0.11770692053622467	-0.1535628423321637	1.5706176543101722
OCUXUG	0.2018418195528966	-0.14300537239429134	-0.04601724692955944	-0.17263530382010844	1.7296735589363599
ODEWID	0.18883190169020825	-0.01629456755753278	0.07166635285244971	0.04649381805007763	1.945112263384119
ODEWOJ	-0.07974982532016117	0.09445132102987253	0.3233054547627825	0.07884572752297103	1.6678124038101954
ODEXEA	0.337521893632144	-0.17762513467242458	0.008709089893793154	-0.03271572775659623	1.944616801819779
ODIPIB	0.409203462903049	-0.30826199441975827	-0.19259238795131295	-0.033471488606912736	2.161105084135678
ODOBAM	0.45847725264174866	-0.11148643092081645	-0.40136865854397097	0.33005866846053733	2.7203568314765314
ODUFUO	0.2230091812119559	-0.0823701387727227	-0.058496261199258326	-0.10280041891013708	1.7828804942020517
ODUGEZ	0.1543310359275134	-0.08980508873210813	0.04266352940158069	-0.17255904610647604	1.6644630186420166
OFAQEU	-0.2708479076788106	0.1718133139181971	0.350815695907968	0.04665156072489823	1.4029594221941428
OFEBEI	0.3461843385427592	-0.2493650482625145	-0.19706423849864607	-0.15866916964906683	1.8808755861585595
OFILEV	0.17296586993350038	-0.13154629697589204	0.3708124469969214	-0.24191465633848952	1.6200377581080518
OFUWES	-0.2574972777323037	0.08300815419469731	0.2590082438039234	0.04709762246177532	1.4507889943879508
OFUWIW	-0.42881499794818323	0.12204964580536681	0.26030326293615325	0.08632959017184993	1.3800839844627115
OHOBES	0.2503172607942479	-0.19581616139391989	-0.030365974334979784	-0.2603860312976959	1.6569391763283483
OHOHUO	0.01010374880481768	-0.014275785994545154	0.12371054988028862	0.19787114103032394	1.9979932748961584
OJAFOU	-0.11384922558094512	0.019648323264354728	0.2015770816077047	-0.19145256550938763	1.3800722897292377
OJETIH	-0.253650627503446	0.34376118185404425	0.11011600308806879	0.09781226773795726	1.4681724217499412
OJETON	-0.2359303863059421	0.26356200926871476	0.13592879254798684	0.08006861747162669	1.4568368649959509
OJETUT	-0.2796360685739345	0.21483792304733784	0.1879803501645383	0.08328382307523968	1.4273441846220325
OJEVAB	-0.13324074474866787	0.1744647892633613	0.10728478350807746	0.11622580074311417	1.5995452620276756
OKEHER	0.0071253244154267925	0.06296385131675852	0.19238271026137643	0.07982828916333923	1.7849168890399347
OKUDUV	-0.1136665720478316	-0.0780494280871813	-0.05687684550687355	-0.11979946075223703	1.4628159806323864
OKUFUX	0.5010413463417667	0.18836370321209583	-0.3495385698291579	0.049282982101847284	2.2020704827191135
OLAMIY	0.01808856598637343	-0.019960196820475562	0.3670177853925416	-0.2249248764524165	1.4289173435414857
OLAMOE	-0.03241449088237003	0.1284235339671025	0.23457382679294447	-0.2472961378402581	1.2686648494640456
OLANEV	-0.3910613997440433	0.21646776704847137	0.16578620171797165	0.07987852491020636	1.3476984248489021
OLUYOJ	-0.2655469854825969	0.19428076503757952	0.0649723110055982	-0.02399777080202653	1.3637787457749773
OLUZIE	0.04444216709128268	0.06238345176933946	-0.14249134159104604	0.2859841133841724	2.226976338021066
OLUZOK	0.014348426066669084	0.09941925712306365	-0.13355951785513032	0.36044897116509833	2.3297452189525054
OLUZUQ	0.04913202054594423	-0.08681044886131128	0.1315466289427012	-0.246070985437775	1.4444490387570488
OMABAF	0.011556473538955725	-0.043040546366563626	0.15858685412150786	-0.14077065240312353	1.5120575367474143
OMABEJ	-0.034722543243520754	-0.05031898374568233	0.22330447796973396	-0.13215948606627115	1.4682080602914287
OMABIN	-0.025148327123698966	0.10183201291751354	-0.007907670815068046	0.11831536945278681	1.8090981600825309
OMOFAX	-0.3605664426732744	0.17654263679031246	0.3552357947108329	0.12767785416314564	1.5149862107651129
ONAXOR	0.1565001229159142	-0.1451138429344968	-0.15762611062908483	0.04950443726031306	1.9988444370867366
OPINOR	0.30852880318160025	-0.15808917165217695	-0.13212668914274373	-0.08863293796866455	1.9336118544279337
OPUCOT	-0.18029871195298108	0.1443134116894894	0.2976140124202158	0.05357016318957322	1.5122296040312446
OQEHOI	0.30934722183585084	-0.14663391428999117	-0.28171538126859064	0.21112629257138515	2.403752650430924
OQIFEA	0.2456589643118381	-0.1785311622825343	-0.041385381227064366	-0.25151850104826123	1.6850015972363142
ORIXAP	0.3616882267162298	-0.16001939312040303	-0.14225085257062609	0.01961827591355786	2.1263027331072415
ORIXET	0.19974128178934603	-0.032643314615020014	-0.07635095710164541	0.10111547183947872	2.0491933108237665
ORUKOE	0.1740763462023378	-0.1335878790627828	-0.2530078712903947	-0.10949605769715545	1.6741671433240004
OSIHOO	-0.5681963771109562	0.3491826097138704	0.3640168358505069	-0.01596803242065581	1.1026474633522854
OSIHUU	-0.09239333864373744	0.15850713345072875	0.214430818640033	-0.1462174108942466	1.342515055116017
OSUCEL	0.40947068744291126	-0.1948859352884582	-0.40655466725738176	0.44037389334501387	3.059529418610663
OSUCIP	0.256752425956448	-0.006722193601721771	-0.3820924166688481	0.7685283904309091	3.543913748912284
OTIDOL	-0.12572784129776382	0.16262270260762723	0.1532776689566595	0.2849648361813242	1.994764200992718
OTOQEU	0.24576644894566835	-0.13169187313418484	0.2321640077986895	-0.13890530609573631	1.789103029385633
OTUNIB	-0.19943362669340203	0.3213325880653053	0.14612897427010663	-0.014991898355900618	1.4352800209810643
OVINUD	0.3088923504867829	-0.05273585888247445	-0.28468460609344226	0.16049370786473705	2.194342356088065
OWEFII	-0.08031575045739503	0.05316296574455648	0.10578206366015497	0.06414024799155588	1.6858268346154237
OWEWIY	0.26193531567327044	-0.21173638498154734	-0.037844441689120156	-0.22043634937442252	1.7290099927833826
OWEWOE	0.27672751723195343	-0.16242745557950522	-0.12311786739311104	-0.007353199658766935	2.0042143988550265
OWEXAR	0.2517780362573201	-0.20043475372849306	-0.036414092293459266	-0.23499500911189902	1.6942439840385435
OWEXEV	0.2664440577453804	-0.1447216052529755	0.03568004231658084	-0.24505971296879084	1.675699208340129
OWEXIZ	0.627167396675925	-0.48245008994041233	-0.12401469851828906	0.13191808743420963	2.759942034606917
OZUCAO	0.24571390100466006	0.06551307676485763	-0.16433180097164546	0.2742104295117902	2.2999437001627734
PACCUU	-0.17772203405693654	0.0920691086319988	0.09369759386452126	-0.013258127490477806	1.5047086706904622
PADDUU	-0.34737820085086124	0.1625886531481463	0.2981503138655266	0.009651347992693848	1.3395273025365648
PADFAC	-0.34200438625087193	0.1724609614662468	0.22986150979376907	0.04584507518550757	1.3394308348938606
PADFEG	0.14522908031044102	-0.1482767898872699	0.16605229373330532	-0.05785846513455478	1.8066570538169149
PADFIK	-0.29974052534038576	0.12720690102463517	0.3352009032197658	0.0612503801354804	1.4248674633328182
PADFOQ	-0.01987525867766493	0.11643214637057664	0.0675451948788155	-0.09211264803696256	1.489703986214756
PADQOA	0.40820548965975956	-0.12430548051843415	-0.43005904267678885	0.5526760647409603	3.33868525263123
PADRIV	0.2676925884360095	-0.1774681431424019	-0.04432158954036036	-0.19655422359518743	1.7559406804795936
PADXUN	0.03393843988322187	-0.15491548908084118	-0.0636828053716747	-0.14003765651866545	1.6097283601429535
PAFZUS	0.1519692028660895	-0.1343165154679642	0.02879745194160166	-0.16276826243072434	1.6600263067605436
PAGBAB	0.1288690993431869	-0.09734002338044434	0.018381895385957137	-0.22420185285211588	1.5482846821918272
PAGDUZ	-0.19286026605341222	0.48538749032413286	0.22963815290753997	-0.09791588028485006	1.3595173281231898
PAJCAE	0.29966457227679033	-0.16551371525844372	-0.27849490568775503	0.049040642466009726	2.100169205135421
PAJJUH	0.11997822001096425	0.33541089331210383	0.024008360206830615	-0.005773045294913154	1.833043213287668
PAJKAO	-0.04373373592375884	0.2507817256557261	0.03863576841122818	0.09351897805849446	1.7128590748434456
PAKDOU	-0.23712072049959687	0.0758732314101922	0.26624936458658466	0.0008543587350374471	1.377455009790882
PANJOD	0.28471088019816504	-0.10990128774664876	-0.1045961284628707	-0.15093139389433616	1.7771940041179883
PAQBOZ	-0.19448689859051482	0.2535966646269183	0.0627762547451649	-0.001107146897965039	1.4608313701149902
PARGOF	0.1893429610256785	-0.1538249455553382	-0.20309069530869928	-0.009267960631487687	1.9043375231475355
PARGUL	-0.3716487498513503	0.38626023369702067	0.21215954704122275	-0.013664839267146234	1.3459199294705106
PATHAX	-0.24364994988338218	0.15481214564818502	0.4703666586408908	-0.03502480770170152	1.3398932110928963
PATNII	0.19042581096634326	-0.153071672338	-0.204691655876031	-0.008329300013594693	1.9068041107213065
PAXJON	0.24859473667284693	-0.161057974919402	-0.19735574295146097	-0.008305715214769055	1.9448392183525125
PAXJUT	0.15297387433093768	-0.09214346441359489	-0.15885979686714724	-0.08433891315353861	1.7375027021327798
PAXMUW	0.36336552579843895	-0.14145066093385872	-0.3944156144576667	0.3322010693602143	2.6270752899738725
PAYLEH	0.2879425920810301	-0.1279166347934706	-0.0794840947018991	0.20768166501749558	2.3976119711180526
PAYLIL	0.2139755046982792	-0.12563896724054335	-0.07723990994012109	0.1641446026817852	2.2172149960859118
PAYRAJ	0.10077627951331714	0.013187037273369895	-0.24607788018707932	0.3491006336769359	2.3561959758025743
PAYREN	0.18516459140364105	-0.055482150191007995	-0.29762754439316663	0.3239486254523195	2.443063034978539
PAYROX	0.19625655553943355	-0.10117739100581169	-0.3184698528097244	0.40651731125193635	2.571384414324572
PEFWOM	0.6496208614027168	0.01720766495251258	-0.44922140687647816	0.3075197658360448	2.835773027689024
PEHDEM	-0.42349708794978147	0.1759554295455774	0.3244188194952691	0.19749575838709088	1.479319967162799
PEHQIE	0.15904745367416462	-0.04448801326276164	0.1329652159044883	-0.013323585521858972	1.9184477410333345
PEHQUQ	0.1783675777066942	-0.04853245271466855	0.07640610856767971	-0.09763435894555354	1.7981086186975084
PEHRAX	0.2035162875134282	-0.03190979717089737	-0.024275969366216232	0.024282082238634844	2.017739547175477
PEMREF	-0.6439985457869013	0.3845929647191242	0.15105626189322496	-0.049686012914698346	1.0517956234933108
PERCOF	0.26583496324519285	-0.20057112269600064	0.1632187118783699	-0.2361486850014637	1.795571982866012
PETFOL	0.08089197251309965	-0.21249413505678416	-0.1394247593100415	-0.31651589963724847	1.4073362531908082
PETGEC	0.3833848732727141	-0.09736868230986784	-0.18338054072799626	-0.484684656296411	1.34839965724517
PETNIL	0.3576707163471835	0.0006106822543858748	-0.45109959282232415	0.6980250061390165	3.4357076165507627
PETNOR	0.26834295306990397	0.019824576222502333	-0.2731994422675168	0.24930981297704158	2.341897374120009
PETVUF	0.2121591703185759	-0.18236682488718425	-0.37458959990749097	0.15777588042740182	2.1334685960753146
PETWUG	0.29837624888197256	-0.24677654207346056	-0.25283041343694035	-0.06664176420731477	1.917061706314944
PETXER	0.35291881978055484	-0.09123531752473879	-0.25903850231299685	-0.4208122947966543	1.4332553352745516
PETXOB	0.1013945795679736	-0.16991181028159685	-0.2447766748197726	-0.031036850176785313	1.7587160856708413
PEWFIG	0.3989738678370989	-0.19778565530173553	-0.1890462180532717	0.05591957995788094	2.2488103065892586
PEXQUG	0.31014935253493325	-0.12217974600795634	-0.3608150990125215	0.2556214032172295	2.4331535048528767
PEXRER	0.3266777904611118	-0.15121677312290915	-0.3050314202800204	0.2739098711471727	2.5672938966959307
PEYBOK	0.1969552716105043	-0.22859929446098093	-0.16943972416576747	-0.070804420269062	1.8000361738166029
PIBDEK	0.39941201728841325	-0.17997379284801518	-0.06535984921324145	-0.12478389266211247	1.9873915236441724
PIBDIO	0.33545729895394194	-0.1759597969022444	-0.10017861414538554	-0.12975450190125767	1.8805846078828945
PICMUJ	0.08579122986816667	-0.08035456452552414	-0.006295375175415563	-0.13148606947329552	1.6445301527710534
PIHFER	-0.15720467656400006	-0.0962043938126147	0.07398389521750337	-0.39368019692807404	1.1599367252133084
PIJKUP	0.20038096293776952	-0.25969513640304476	-0.10255421070960491	-0.31026703001745126	1.5606523527209042
PIPNEJ	0.4977507238751455	-0.23960038222104418	-0.09165662244502926	-0.0458770575494534	2.202024540276301
PIPNIN	0.2217842954828697	-0.27052126430170254	0.34776056927231	-0.8220998931287119	1.2089648383623832
PIPNUA	0.08416665278769253	-0.08821041730247225	-0.0017738648609295637	-0.2453189397868717	1.4936898945533335
PIPPIQ	0.22639966477906404	-0.1239157980260106	-0.09427062958376764	-0.08685630078473962	1.8072819147370167
PIPXIV	0.2311102118789612	-0.09225733353078525	-0.04602836472590943	-0.11088494772993235	1.7967570834046331
PIPYAO	0.3712859361212755	-0.0387486462918778	-0.260390016046141	-0.4340470104628369	1.4126632511747674
PITRAM	0.056844802360054736	-0.08752332170717536	-0.04097854116473698	-0.09864133226130836	1.6581065006004572
PIVTAQ	0.1891462696361237	-0.10786321048733305	-0.16192935877620407	-0.07893906513412266	1.8266700607598652
PIVTIY	0.18213845074225743	-0.09682802376214317	-0.06869051623809153	-0.13556371890877889	1.7425311591125303
PIYKUE	-0.2685200896839959	0.16230550413530487	0.18867482899468646	0.058857869090334275	1.408957590931199
PIYLIS	0.34749355615559363	-0.158098340063486	-0.13705845046076925	-0.04657144257731463	1.9715073297450396
PIYLIT	-0.3336053366274401	0.0761108274699287	0.06260610374067932	0.24151476265664285	1.664222376881762
PIYSEV	0.2760905979539934	-0.15633877667465912	-0.3026201158834436	0.13833752060064752	2.1926816575365926
POBSUU	0.08000811998664892	0.027985333515247346	-0.18706525153940334	0.25238968830514774	2.1957297167566643
POBYUA	0.18910421315589288	-0.16103123481888826	-0.01162467826065594	-0.2728374858030247	1.5985701761124722
POCLAU	-0.3939379994130152	0.12818747243898798	0.3887475693783702	-0.2104414487691332	1.0767507200137838
POCQIH	-0.427413096436414	0.14600875621202347	0.47358113551457603	-0.3091795299190386	0.9980541499654922
POCQON	-0.41561327211366095	0.13734311476678374	0.3581193154240847	-0.13555128917753495	1.1482277307110684
PODTIN	-0.12437660653355298	0.3003678658146225	0.1662623502332321	0.16225687083913565	1.7243682804241485
POFGIC	-0.16420867364474434	0.3669726160170912	0.22312342807456265	0.03220053269181855	1.5007675194844934
POFXEP	0.3169028283446891	-0.2356696019122293	-0.21269509535128828	0.020315701584665752	2.09381326147312
POFXOZ	0.2949819649709995	-0.21324211078804067	-0.24008086020365638	-0.005034892113673056	2.00563084915572
POFZOA	-0.1392866280098648	0.18181658225459507	0.2306028364733581	0.04168511148777293	1.6103704516658404
POGBET	0.11180203505657671	0.04330734240142453	-0.03812435651630164	0.04857916959082767	1.910674565809132
POGCIY	-0.07061143629615474	0.028629399687875257	0.0698963065617586	0.11830396442302377	1.8389272468845956
POHGEZ	0.36445375375946787	-0.18463519311358045	-0.3685509885287279	0.26832722902585704	2.5803030603389487
POJPOT	-0.025576490278429453	-0.08449636576375086	0.048712421248068294	-0.18927584915283446	1.4773239615791733
POJPUZ	0.30099457809530294	-0.13386636261922458	-0.29595009003255246	0.23784347995589245	2.4888766388047046
PONDIF	0.38817213753003976	-0.29583387591556665	-0.09230032515017084	-0.16641791650435941	1.944114267538878
PONDOL	0.284169834856423	-0.2812469910269717	-0.08146134909375546	-0.24500543236164785	1.721113196560494
POPXUN	-0.10735951613146533	0.011105084843023083	0.1759809991535406	-0.1854898525343851	1.3613687544344089
POPYUO	-0.21958982999695742	0.20871437755428657	0.028856499414662506	0.36531122442761554	1.925201838905444
PORMAK	0.2305479760690985	-0.22215299521099374	0.07102644368521482	-0.13304786059871243	1.8667805142584721
POTNEU	0.02449817065169224	-0.04298295641271088	0.0174964649482221	-0.2428708011402989	1.3890208347279673
POTNOE	0.19173754932065856	-0.1308972635419574	-0.07996261352490275	-0.21646364726542433	1.570757702819387
POTNUK	0.04652036724033781	-0.0581958775784559	-0.022135951563049927	-0.29962896205085615	1.3470166316993546
POTVAY	0.19922936111587308	-0.034760983642174836	-0.1166135294674362	-0.22804277345550256	1.5259463508516924
POVLIW	0.21977763196882583	-0.05261285733618126	-0.10556829108120258	-0.19998470896036008	1.5983137094778295
POVLOC	0.13075347801835013	-0.08430216825969183	-0.08031479675082331	-0.2137569194025405	1.5400246538447633
POVPOG	-0.3618029632628046	0.45298581460860987	0.30301690022559713	-0.14079777001549862	1.166429579088993
POVPUM	-0.07277581508330222	0.14554855121747834	0.3016340086124343	-0.011717104348432844	1.5697060959436595
POVQAT	-0.012053897081502285	0.10602637954690797	0.29799669083456437	0.0034619457006930254	1.6452753196957843
POVQIB	-0.3397295971587355	0.10446975976527695	0.26317617755676515	0.04808707828520767	1.3907418310937516
POVQUN	-0.31319200880591636	0.141864461118131	0.40689911761723985	0.08391621819703454	1.5179097079080968
POWTUQ	-0.26060590539084805	0.5381846278821973	0.07283589581177874	0.274901131011459	1.9040016176860461
POWVEC	-0.056508149583029965	0.20314017040594268	0.15517244435762922	-0.05982400853212699	1.5121515022015979
POZNEX	0.26572223494834635	-0.06279680001165577	-0.26131812217199224	0.14070857530281078	2.1717399428198867
POZSIG	0.06106287255121945	-0.10551197096507414	-0.05457389332297646	-0.2435818073955893	1.4884172127059152
PUCMOP	0.28499469443082637	-0.16865256830369213	-0.2927467102762005	0.16240420960098018	2.2740160239640135
PUHBAV	0.18769364584933435	-0.11605817526147111	-0.051438034603498384	-0.10125276108809424	1.784130782586532
PUHMIO	-0.18465678788259776	-0.04515236546645551	0.03512553227186377	-0.18745986621241384	1.2619464165391796
PUHWUK	0.060486010739124296	0.1856494941401653	-0.053125581515783615	0.040836893110322986	1.768719406246293
PUJBIF	0.14180476906115524	0.09834115166471724	-0.03193325765796318	0.10456439685097002	1.9726794681077084
PUMPAO	0.3239077626252569	-0.17954666112010176	-0.1476794192144011	-0.15549318583474586	1.7954780177118927
PUMPIW	-0.2610055912519873	-0.1266195919402997	0.23624409212385244	-0.5449481045097284	1.0506177679103275
PUNFOT	-0.29042909764227653	0.2680523467222016	0.33268411740805637	-0.12200365522178783	1.18807824015136
PUNGEK	-0.5984571762949975	0.3399075202767603	0.377817196665138	0.07523082148008203	1.1498267889826759
PUPJIT	0.23063275499099145	-0.12161888692519285	-0.12673343763956435	0.05536620049364446	2.0432171651083872
PUQZIK	-0.13814126617421918	0.08768565042617316	0.34767547736502347	0.06939119562893531	1.6165863297397787
PURROJ	0.24021870056487238	-0.17260429969205526	-0.07715065934207677	-0.18811225888693134	1.7518609324438024
PUSCIP	-0.6744294086065885	0.41619809707766753	0.165608103538037	0.17971819067141093	1.2675713380922193
PUTCIR	-0.5129479767784115	0.0032804471670305757	0.3397034257082454	0.12554344623055813	1.3929106846633368
PUTCUD	-0.3971050158411189	0.061104976256345256	0.3232087432192323	0.09298008502578842	1.3917194097725756
PUTDAK	-0.48104708197497814	-0.009419694336002427	0.2853736321580862	0.37136246896199254	1.7374224565777654
PUTTEE	-0.18908993349773606	-0.013278885675376495	0.4275884719937333	-0.3011931807416769	1.214246891973104
PUTTEG	0.236903609921856	-0.15260924584142477	-0.12491704323401431	-0.20456428753679576	1.6758477680045412
PUTTII	-0.17705843713591918	-0.004724638779243118	0.40897383652841124	-0.3027362517382005	1.222088773060916
PUTTIK	0.24930116375490785	-0.11397789499433741	-0.22593023768984954	-0.09725198326301714	1.7604092587026798
PUTTOQ	0.3745012218747119	0.017628287553242195	-0.32234769607256286	-0.06346553280334646	1.8638593125130172
PUXBAL	0.13093431985327175	-0.11157023931144405	-0.06961810372212618	-0.09218863635417195	1.7566683486982722
PUZFAR	0.37825251323229114	-0.15547980648479687	-0.02727396325487308	-0.11236784708775442	1.986679821030728
PZRMSI	0.2015014161415758	-0.022371023577930527	-0.2123601609062291	0.156638755831137	2.0880322758096295
QABNEO	0.34619164436515293	-0.04137580927937001	-0.19425387753425993	0.14819758421149987	2.334964019081532
QACKEL	0.25513045083064423	0.25928521781190494	-0.0005574475061682627	-0.010762255177339392	1.8770752238077602
QACKIP	-0.210513900028805	0.1084997912310901	0.11315909694824344	-0.013870236357124754	1.4348866765487929
QAFCOP	0.31649211287628676	-0.1663067314940515	-0.10428148021903727	-0.10511101401361919	1.9292746277233812
QAFDUY	-0.43917121274574367	0.11303456161078695	0.5024906031352228	0.1840208261227968	1.4698267735896384
QAFFAG	-0.292898353879659	0.10092036541116334	0.430087078070962	0.19605961140760064	1.632181836732303
QAFFIO	-0.35229891482388354	0.20942142816935028	0.2907640552600639	0.0462827144034956	1.3499844179481082
QAGDAF	-0.3532266282586112	0.15592795719052133	0.14855823278441793	-0.06401351418878559	1.243274420724064
QAHJAK	0.22191417080977294	-0.14287334198795187	-0.016109105161918214	-0.23293671686301637	1.6708726585308096
QAHREW	0.18387047250870925	-0.13400499230761787	-0.08786683652457516	-0.1737120387795377	1.6884402288126612
QAHROI	0.17459601582189732	-0.13491173522847633	-0.18438458682671244	-0.05180304864943319	1.8295397918824752
QAHWIF	-0.21887082803379387	-0.065334342891468	0.26344846483529283	-0.5028227008738229	1.0463164998883683
QAHXUS	0.006222881552540471	0.0924098238408032	0.08512146748508642	-0.11753726307133598	1.5121711014893957
QAHYAZ	0.3559528605906954	-0.15943866834121256	-0.2178998184931844	0.015099707855271982	2.087073620837662
QAJGEO	-0.015529344218119245	-0.029882828035731168	-0.0892412384905199	0.08847859830181959	1.812678562808234
QAJGIS	-0.36232639396766686	0.2263683874575022	0.21563929976934104	0.24463793334963768	1.6695386104995409
QAJGOY	0.13094626560504752	-0.11797820384299817	-0.055611620020625585	-0.1509244848538948	1.6789186899704327
QALJAO	0.33370470333466606	-0.2544356816169435	-0.14599626724282722	-0.16288416531386912	1.8693028030366894
QAMLEW	0.08518269222982999	-0.026739211624084658	-0.08692127691738527	0.3395038748743405	2.3768736836517057
QAMNOK	0.15126724388804114	-0.10203400905296112	-0.07144344598912844	-0.08044174435195989	1.7923070085302921
QAMPAY	-0.21285445424280702	-0.11569805393505006	-0.19627558164861703	0.10890824490090406	1.6898081534808207
QAMPOM	-0.21878060951016032	-0.12475895387749159	-0.23276859886283896	0.1410383172342432	1.706812287479467
QANWAF	-0.44581068197521967	0.35890524469767415	0.09807699301918138	0.12154982738966369	1.354516701307303
QANWIN	-0.5467340712012874	0.42569804477750717	0.2899128694665958	-0.06685370625666154	1.0518727248925346
QANWUZ	-0.48375387005826287	0.35460647233154896	0.1493364777530135	0.15592306146159435	1.35409056988868
QAPHAQ	-0.022755372847153232	-0.11382403792971685	0.005472682640159876	-0.172809775236372	1.5335140615333922
QAPHEU	0.21571355972922923	-0.11037062035699863	-0.06292328613353426	-0.11787916871233788	1.7979989692864815
QAQBOZ	0.313810727607966	-0.18675174811833706	-0.02763135438649189	-0.1745347574423373	1.8318973629737825
QAQBUF	0.2761921510366223	-0.10847125119879042	-0.2548209947456368	0.3192408924682312	2.570029708481054
QAQVAF	-0.33095305096441496	0.002932079080884775	0.17277076133931568	-0.3192892956285573	1.0869276123327287
QAXDAU	0.18559796050373745	-0.2814321872800125	0.13210906182181925	-0.5174094684912023	1.3908970279114714
QEBSUL	0.2069878911833234	-0.12504535467740663	0.040499148081100333	-0.14381889622549573	1.7222491260754387
QELWEJ	0.13134310451895637	-0.12600568931372036	-0.11311639852246769	-0.02213493697911159	1.830250990136044
QELWIQ	0.03916973268332358	-0.0742865676110479	-0.05897788243373392	-0.06826611401567947	1.6711551936128946
QENHUN	-0.0842109168814007	-0.08514166813254331	0.2597807989826977	-0.104546905462753	1.4922178913418398
QENYOY	0.23099016599592037	-0.12534062137504876	-0.08713797855684202	-0.12209239741471141	1.808753039436846
QENYUE	0.2612159742026412	-0.1170013876395497	-0.043267215464199094	-0.1412630535315191	1.8006177916762394
QENZAL	0.20585656119619689	-0.07820797057740703	0.027331723889391757	-0.13779094266038255	1.7435315059331087
QEPHUS	0.2028935606130644	-0.1021130196493758	0.01811180978589011	-0.11603123758506821	1.7767198096108192
QEPJAA	0.18788522810404773	-0.06279619773982215	-0.1382169116266696	0.09190194954910003	2.004697632146458
QEPLUT	0.2333214833235071	-0.1782201067978989	-0.20335166547976602	-0.3239900517608528	1.476539950936024
QEQHUP	-0.5829688094056635	0.30291460867934106	0.257150175180225	0.03331687389814514	1.1081938815212942
QERSOV	-0.19858865679753457	0.12975958608366034	0.19610104235193093	0.3721077271388944	2.0144756438315605
QEVNUB	-0.17503862850110474	0.1153396454350546	0.1529716983323457	0.053998204906196445	1.5823482699461733
QEVWIY	-0.48963402329874306	0.08558169234142754	0.37951156328709934	0.2583309040225981	1.549558543823428
QEVWOE	-0.46879136437607505	0.07171172720480323	0.37800854109482795	0.24172390385999726	1.5074371000495972
QEVWUK	-0.5126731696211357	0.049383649516166694	0.31566698448846364	0.224011750336503	1.5152670188084993
QEWPUD	0.26114777533913447	-0.10861794386586143	-0.10215580541648861	-0.0957695624410138	1.8473490785653062
QEXHEH	-0.22547483418543202	0.25686516127832104	0.16566853965516293	0.20291648844592908	1.6173321751202447
QEYJAF	-0.1678478379971473	0.020206526188386476	0.27906940120332124	0.14901388730858728	1.6998064065813776
QEZFOQ	-0.1465199914997033	0.1282673175240474	0.17167579068867145	0.050654304781292375	1.5448283850086897
QEZQOB	0.3220475260134892	-0.1604124614435225	-0.09630980346354012	-0.09898965954545458	1.9136042081461335
QICYAC	-0.5776541510990936	0.16763860850686585	0.44328002585580917	0.06204402776766449	1.1760767681166104
QIFHEU	-0.35382135195708564	0.21819100306852546	0.1381653320161822	0.2489921371576524	1.7304962444169845
QIFYEN	0.11960521979362149	-0.053390754798390394	-0.13654155371640497	0.03579051581974685	1.868680755621122
QIGLEZ	-0.10374620202306462	0.36587881948217627	0.07822226899340157	0.07422749658693739	1.6894068689518211
QIGREH	-0.2913089804729645	0.17855892807484042	0.2817240919014634	-0.023310034112631273	1.3081132565925468
QIGWUA	0.1300173053633129	-0.1802189254964005	-0.0885483361541417	-0.3160847983386382	1.4345049536077266
QIGYAI	0.20605290879505844	-0.11532524058316529	-0.01953549792269249	-0.17192646035640924	1.7156486364419756
QIGYEM	0.19214037911447557	-0.11254757686704231	-0.030899686165108964	-0.16971319502810142	1.7039155159751838
QIGYIQ	0.21070413894019913	-0.10836741267719052	-0.04818881411288012	-0.12167247069944542	1.769777542513459
QIGYUC	0.25120818557712177	-0.060629289565826805	-0.010645089061378066	-0.07284123712248623	1.8478726876186755
QIGZAJ	0.25413485832997695	-0.10316425342597313	-0.09339225476674362	-0.08229351607467941	1.8520691819242416
QIHBIW	0.31662561033190784	-0.25523195856595227	-0.19352132575978254	-0.04278570175537369	2.00742221767855
QILKED	-0.5632916956750056	0.2391564718592878	0.1582414403807475	-0.054446766782811434	1.1034123980900343
QIQVIZ	0.13535354673440203	0.04625784184236792	-0.3202546232453848	0.16184205527888879	1.9825019207572678
QIQWOG	0.5433296358361446	-0.25962295064231156	-0.15413859019324683	-0.03684113635705044	2.265001901160761
QIRFIK	-0.13295308337553458	-0.08671428304864615	0.23070401966059362	-0.04523807571240748	1.524541258034275
QIVYIE	-0.15285701480185976	0.34667520736612656	0.09778045810272018	0.05309376669741195	1.52288920820253
QIXBOO	0.08147642785922127	-0.13834921565267577	-0.0855022753405903	-0.039010963497275813	1.7805980007589968
QIXBUU	0.06539504261976026	-0.06121020057991222	-0.021734107472855202	-0.0039683518669820506	1.8127690657919984
QIYDAE	0.35360698548167147	-0.15576271943366093	-0.3464356728480288	0.2297611508993916	2.4523638668684633
QIZDUZ	0.32329262042250795	-0.19528888757074991	-0.08824710412906045	-0.1328624266541896	1.928317248304003
QIZPEU	-0.40793005971765073	0.23518002820058737	0.02351056889755898	0.11230031215643888	1.4264561343022621
QOBLID	0.23975826664429434	-0.2403718246701151	0.24262397585678497	-0.3824047950000626	1.5609332834501648
QOCHAT	0.23593073188453717	-0.059642975237873985	-0.14829469358816882	-0.10599961478781442	1.761503149496183
QOFLOQ	-0.265125919481199	0.15799551116249388	0.12805552392565023	-0.025515569352258904	1.3718053430304922
QOFTIO	0.14806190281928844	-0.11887644086126226	-0.013265589875915307	-0.24488134471583645	1.563537380213503
QOFTOU	0.22987633910067018	-0.1475609055292988	-0.09266634785401173	-0.10791809283567774	1.8151247501200651
QOFTUA	0.2729727055525255	-0.13622638005852106	-0.15830799135031803	-0.015352857051492641	1.9677699242881301
QOFVAK	0.34245795659282274	-0.14412955527789106	-0.18159213186555956	0.05213629722742852	2.162447999953388
QOFVEO	0.38907808761157714	-0.1594510474216222	-0.18504200929993564	-0.0006535783980282373	2.1336156753913933
QOJKIL	0.11355834124883124	-0.03604874988467632	0.19756870449620179	-0.03351571975632697	1.7231798974586374
QOJKOR	0.20867461310635527	-0.1911645334245543	-0.00409511711442101	0.0024545517992470844	1.9516212810501894
QOJKUX	0.37439601250013776	-0.2903473214233355	-0.23406691373809818	-0.00392000128244574	2.160087904660553
QOLDOL	0.3510602567436707	-0.19737235722915725	-0.24088205672404261	0.10073195705566934	2.2760626465632168
QOMJEI	-0.5972261247593691	0.25031077384423495	0.11923900942167931	0.17466868570932503	1.3025730842094851
QOPYID	0.24735662847559148	-0.07937640519790468	-0.051652365536088096	-0.09414893803310698	1.8379350793269362
QORHIP	0.17204484504655326	-0.07288013302171659	-0.09415291400134862	-0.21831966782994816	1.525959975385661
QORQET	0.41039714389753	-0.18270970133282904	-0.2198417196488156	0.11732255118480783	2.3372278492150778
QOSJEN	-0.22202602183334852	0.3336402941914083	0.10291637390036934	0.10827579416874611	1.537569924854626
QOVSAV	-0.07264223765050071	-0.10950713674680934	0.06140992664818734	0.1340127004239317	1.838959736660947
QOXPAU	0.1696535865169717	-0.07911383137225769	-0.16145124712154102	0.06099650128277534	1.9674710561616684
QOXSOL	0.004722460774583492	-0.15071494382966222	-0.07944695850119943	-0.13164579323514658	1.5712500119963209
QUBHEC	0.3334243891557733	-0.1445031502123717	-0.18762960496179737	0.020204569621336238	2.117522087910203
QUBHIG	0.3282277947891932	-0.11874716922821837	-0.2088941237966313	0.15878574222249653	2.3203293175343354
QUBHOM	0.33628840117746117	-0.15202482576904686	-0.18440704829347565	0.025388397637426396	2.1358637075614513
QUBHUS	0.3331592806499448	-0.12596652295927213	-0.2108405153048225	0.15448028145003528	2.320845515454172
QUDHON	-0.2020211118796822	0.18768780517290617	0.2361830610870872	0.042669671841627704	1.4144500521203396
QUFSIU	0.11441248821187422	-0.014722204787069426	-0.07993132537346281	-0.02023123555545514	1.7475607765824155
QUFSOA	0.007370861492486558	-0.003516257771900788	-0.17787253803532654	0.06199959941800964	1.7720676647927796
QUHDON	-0.5556557755249814	0.42627773659641655	0.2778934734412406	-0.06631824147329407	1.0467290673737364
QUHDUT	-0.47723876763752227	0.3699756099575062	0.11933375913880351	0.17262876985425402	1.379851071262014
QULRIY	-0.17317657556999633	-0.014858717855516401	0.1974751758598765	-0.17985346843727684	1.3266222580692122
QUNPIB	-0.14535946860008853	-0.01206058394057219	0.028114057423896055	0.07174443535015662	1.6591204644271988
QUPBOS	-0.5787446852794593	0.410366925584426	0.3082424907400685	-0.12421654134541527	1.0176629243602398
QUTPEA	0.30114062741258163	-0.1619964780168568	-0.028991733360931082	-0.14462134146158462	1.8471805058580189
QUWMON	-0.237798153260516	0.22688360598439927	0.26715545807427543	0.05816694831644509	1.4717042703688927
RABNOY	0.24399832024024093	-0.22399327938840685	-0.13682158064368832	-0.24435916494625876	1.6445090888141922
RAJVOO	0.1993463465545786	-0.13217838023326323	0.008954890651406089	-0.17825041299620628	1.7048234520708265
RAKMOH	-0.3847313376524979	0.17117542073566006	0.2582890339928383	0.16209822284306125	1.5435362143184246
RAMVOS	0.11824309354237839	-0.12424454211954583	-0.06357939919950506	0.16153431118171074	2.0350662857547728
RANTOP	0.13300622511265114	-0.17182680785092364	0.013493596866402724	-0.009594129309872163	1.8775666675315437
RAPDEU	-0.47609130121858634	0.16063506875964273	0.3259041098091109	0.21939781609149261	1.4294170845927947
RAQXAI	0.6113520596328401	-0.2930267135604696	-0.4063573779353794	0.49007812942738793	3.3900093610242825
RARFUM	-0.3388945895562081	0.18941387510216	0.1908409607339816	0.27687352439651935	1.7150896091570709
RARGAT	-0.46517803438260996	0.2504870915408757	0.20527902494650707	0.19877201797375627	1.4354133768608097
RARQAC	0.2242725339886169	-0.12389189197632622	-0.07091218646614661	-0.13144758841971496	1.8080512385210867
RASKOM	0.11724666242317072	0.15699283843051448	-0.13347848383533067	0.48404981581174866	2.5741749380190235
RASLIH	0.23831216030086866	0.18540337664176842	-0.12688847200498454	0.4968198730949859	2.798879420193997
RATXIT	0.2716385549647389	-0.0959325244335184	-0.06923371204421858	-0.12632397910812118	1.8042232722237652
RAVCOJ	0.10372231667895537	-0.08215363031177414	-0.037514017999962235	-0.28158079615399867	1.4229543895976007
RAYDOK	0.3467893722093338	-0.23181000633176252	-0.07481192844028772	-0.3398775583461626	1.597338445258007
RAYDUQ	0.26301643403986175	-0.1931542732138798	-0.1817604267972528	-0.1516442698229986	1.7362106107895399
RAYGAA	0.38947846409770737	-0.12366194959058852	-0.2832242838964891	-0.019376996483477876	2.0608237898503816
RAYHII	0.10141261787711464	0.01601817414227913	0.10131625287060086	0.016836809333013958	1.7658863344064168
RAYHOO	0.043618310993771114	0.17330209233475968	0.060240591439038926	0.07792970271817035	1.804354096581609
RAZFAZ	0.22109692279938464	0.005504154873709366	-0.05514996177666798	0.26276602132772287	2.326174932728193
RECHAK	0.07217277451991677	-0.1657177971366034	-0.03207339770291595	-0.2790423911432504	1.480357660964179
RECHEO	0.11395745848439232	-0.2081560437532738	-0.04739054720882496	-0.26035209832043643	1.5425841846101864
RECHIS	0.1709472017775897	-0.17643157418586053	-0.07664139427228278	-0.2759400868900668	1.4986705166962169
REFCOU	0.18293019533072474	-0.13639047914437652	-0.1865143510824545	-0.16989686908435023	1.6395059695739762
REHSON	0.5307048217078911	-0.11598799240962021	-0.3232648844985955	0.29105182032653265	2.719029810694839
REKBEQ	-0.6417924698953872	0.15487527025665337	0.2094824602936305	-0.005820076007965275	1.0984761094702773
REKZAJ	0.1002061334647828	-0.08964095628399893	0.5845500183695722	-0.2995381344678551	1.5039612853217554
RENGIB	0.3272386464313719	-0.15478632063538378	-0.11070575171503405	-0.03396975421522605	2.0558568078235453
REPDEW	0.21732553686220246	-0.15886982522058635	-0.029144240502805063	-0.23883096657724057	1.6522984920864703
REPWEO	-0.11358605213090911	0.22398744765283474	0.26222770145149576	-0.14832789277171182	1.3708135408464535
RERFUT	0.5179138197303104	-0.19411966303209605	-0.2093476108964638	0.14180358216698769	2.4244445729714297
RERHAX	0.2130534945214917	-0.22893802044055134	-0.1072864480636504	-0.15023955908628542	1.7393841905335372
RERHEF	0.12191459787395154	0.00549393399340059	-0.09001211450988866	0.024303355497861112	1.8343852653369903
RERHIF	0.28606748020052297	-0.14178261914882062	-0.23400775344501135	-0.3209904280331529	1.4932336090537457
RERNEH	0.061732572426189236	-0.035712293905566295	0.21736904590316986	-0.2268725572738428	1.39964786019972
RERNIL	0.019442152768005094	0.001883411086719744	0.20180698315825651	0.10924600300303355	1.8733705712275865
RERQIO	0.27136248132584084	-0.14145036987255422	-0.15787046639710667	-0.07381259336243472	1.906988015538146
RERQOU	0.25549924006936253	-0.14611323987830627	-0.12427642375833758	-0.1150290838950205	1.8448387667420745
RERQUA	0.27432883037947997	-0.11013523333738362	-0.16445410589975995	0.02432005264687223	2.049540420230298
RESCUN	-0.343186011015578	0.1696962868294175	0.2463972972574746	0.3584243764241942	1.850948169939955
RETVAN	0.09754424695512887	-0.0963875484995359	-0.11488499322696843	-0.05006506645141365	1.7180382997377786
RETVER	0.09119772417653449	-0.05769751755155994	-0.1450036807491586	0.025984957244129442	1.8096458126936037
RETVOB	0.065183577930926	-0.062429497577326076	-0.04324049078650116	-0.13877305890245212	1.5443931422615726
REVBUP	-0.13181379033797214	0.1910495723124811	0.4588847698030518	0.031019515169780937	1.5021325752854988
REXNAM	0.15459120044805408	-0.13311594187854203	0.5775298120911718	-0.3170803612934283	1.5576679793712593
RIDZEJ	0.11615107679790793	-0.09843007880341481	-0.06373395722557995	-0.197132852382803	1.5849903100874816
RIDZIN	0.3147348163198145	-0.19779573648805837	-0.09800147761949218	-0.1608168321478879	1.823671098011461
RIFPAX	0.24245755468096641	-0.12618745539420118	-0.09392275491121937	-0.06549794376988105	1.9233498059118785
RIGREI	0.04442625858380067	0.38941832358365747	0.023210248248329624	-0.15724598604560472	1.4422669848850553
RIHJIE	0.2277958960706603	-0.12304648551016717	-0.0628205308699199	-0.20451074742832795	1.7048640387033298
RIJNOQ	-0.6551120746501669	0.4846840777347263	0.275340176079123	-0.061386713136031834	1.0287297483428122
RIKCOC	-0.33004711849435076	0.5281453707886521	0.18613609047550117	0.17117581628584605	1.5464670233117082
RIKCOD	-0.33441597942130974	0.5287794214148673	0.18509120657736688	0.1746183669514862	1.5460591902777165
RIKCUJ	-0.1176517376667241	0.2490661957762519	0.17191983958821866	-0.007481707762874518	1.5169827120050976
RIKDAQ	-0.09718241652740822	0.00940779345142051	0.2096237475815157	0.00867970548666927	1.6030472148346997
RIQBOJ	0.27243698496416746	-0.1608882120935492	-0.06668188448581436	-0.09814875088848898	1.9200435309943993
RIQHIK	0.005074882045386531	-0.04461787581381016	0.16862035043131618	0.121089995499788	1.9264848585710415
RIQHOQ	-0.34194875921135504	0.13358869259905404	0.4676203197706805	0.022556517258415454	1.367815199285018
RIQHUW	-0.2172267783321189	0.09561862924869358	0.49713029811002185	0.039948656411292666	1.5117100745405956
RIRPAK	-0.16719126977755794	0.11262806492273958	0.19875586372832688	0.09149283565711575	1.5715250636075049
RIRXAR	0.2669851538732546	-0.15383640398716947	-0.0759438869169502	-0.0814523680029446	1.8818391683249414
RIRXEV	0.27185453848665686	-0.09513210075125189	-0.04192965641651014	0.13089404764320212	2.1853541848195905
RITSAR	0.23960719240053896	-0.20676093442729826	-0.11079396540762865	-0.21932146428103413	1.6780554355376363
RIXBIJ	0.32602800622965633	-0.2680466924861471	0.04610052408325416	-0.44305101640363725	1.522197952925018
RIYDEI	0.24758776726169796	-0.17961484292391217	-0.078006892988576	-0.1784508695985154	1.77480572958804
RIYHAI	0.42838709740661596	-0.09484655394025665	-0.12349512983473176	0.3584961585639642	2.841687825656444
RIYHEM	0.3689979681299165	-0.12345381224357188	-0.01126623834208118	0.09967858401471014	2.27616304535767
RIYYOQ	-0.08957977893346358	-0.05817897915149728	0.2198177451271881	0.022253875085095853	1.724299072212765
RIYYUW	-0.2217246540234421	-0.036896650328018366	0.37219852935447695	-0.12391751782396163	1.3701795735426927
RIZJAN	0.2792226010174459	-0.20973654321384394	-0.16381682396951436	-0.13085289522773197	1.8359090898937813
RIZJER	0.258301787077869	-0.19614385466262518	-0.17679153943605108	-0.1538896727559118	1.7630299080158989
RIZSAW	-0.20157611296334021	-7.238337150861085e-05	0.15092508192988396	-0.007570779645289433	1.456861208921811
RIZSOK	-0.12804504554793272	-0.12204632709045793	0.17326177307837387	-0.12887178566453514	1.4718655472967
ROCLIG	-0.07266393683404226	0.052040556244953184	0.14818792775998535	0.01430636491542775	1.6560785965679654
ROCLOM	0.16251395494167475	-0.1572887886928458	-0.03794095986354962	-0.18837114697859525	1.6921376851408176
ROCMAZ	-0.23629670299971295	0.1469138617385639	0.1980907424043541	-0.05478200881929446	1.3978835015389284
ROCNEE	-0.4692473215439841	-0.02755210267635344	0.044035083045596224	-0.18584436220774378	1.1519898014962757
ROHLUV	0.24247272794972874	-0.1797702242669691	-0.17117605086501775	-0.03467242570567286	1.9563561654311328
ROJGAY	0.3421680375775962	-0.18052735749557236	-0.23083316181694213	0.12169481664388687	2.2919820946892635
ROSBOQ	0.2527869388114601	-0.14167530387138327	-0.05385978159066229	-0.2065651472674435	1.6816628864152385
RUDGEF	-0.5888183307436377	0.19820729799413273	0.4574410534956559	0.10540030124066879	1.1955247523855337
RUDREQ	-0.02501166509073327	-0.14062679655607802	-0.03323882420182622	-0.17619748908535252	1.4881903246450319
RUDSUF	0.08433990170243844	0.09651577463877403	0.10055522733287137	0.09830324820195024	1.8706212887545255
RUJXUP	-0.16572947580744568	0.16162790458695908	0.3345401866660658	-0.007000186999867486	1.4241319281616476
RUKBAA	-0.14897642492692276	0.09689123059332072	0.3190945203129194	-0.19244989875922627	1.2877405623220137
RUKBEE	-0.14771155107472866	0.09991153298539068	0.32000170789963334	-0.18937092416839368	1.293064763292672
RUKCAB	0.04905585993116279	0.11330218105723877	0.1640216630535567	-0.12927029742750512	1.4943006424459784
RUPNIA	0.14066395321721892	-0.1114236469506561	-0.08475239637697407	-0.11179398784027733	1.6726511282683887
RUPNOG	0.14484667113801342	-0.10256652141653333	-0.08787109925136605	-0.1140522904469442	1.6701296466388222
RUPNUM	-0.07488000477860979	-0.07575488224729665	-0.1118872784152889	0.004594589079060241	1.6202965413814865
RURGEQ	0.10948255182938205	-0.09256656599915492	0.0026970310832596933	-0.4974822634281371	1.190141628301057
RURGOA	0.35316223670553715	-0.17781934085158602	-0.09060173504570757	-0.13292117875165363	1.9107326973419978
RURHUH	0.3263922525881382	-0.13770267687117466	-0.23772940797091957	0.23874681564105582	2.394060024562655
RURWOQ	-0.20644616927223636	0.07015832057718185	0.2403963414446968	-0.11225256601197843	1.2846191675702132
RUWQIJ	0.40280831587427723	-0.23676192825314146	-0.312756447526086	0.03572599914148941	2.2136796273344395
RUYROS	0.04224688246852404	0.16261480495745606	0.22101381383166685	0.0067699200396236225	1.6256601376363915
RUYZOD	-0.07117886105605553	0.19609343487092812	0.037130322653807335	0.2552063804871358	1.9541308837159737
SACYOM	0.11154758793043218	0.031708901758913055	-0.0038445097185901833	0.047594167114605096	1.8628214224188193
SACYUS	0.03386597443358985	0.037199657515038176	0.07533977236038014	0.08938375150260314	1.8676209384711435
SACZAZ	-0.02555562557659563	0.04190325327316302	0.06566721181845225	0.08639389993854196	1.7697065018064295
SACZED	-0.052452091114936206	0.04507921550736904	0.07472970960067582	0.08321556256511708	1.7392425897777704
SACZIH	0.028497574689887006	0.06722531119503639	0.2136105804741466	-0.07644709577901776	1.5792973007910922
SACZON	0.06873142669345711	0.04721641182642833	0.11338592940079262	0.01622871441030954	1.7573342418563693
SACZUT	0.047077536662297526	0.05919650283858968	0.14088354726137076	-0.00689627444913693	1.7176680519260907
SADTUN	-0.10293567686990857	-0.07042514891976048	0.17422595889212666	-0.039049198649123124	1.6100021341549153
SADVEZ	-0.22104911555592555	0.0814415877018646	0.012307622107727623	0.32096260292038603	1.8975564198425823
SADVID	-0.1908255619919501	0.2584611810910209	0.1601121960841052	0.1571135672562649	1.6047951713606916
SADWOK	-0.07345433066648388	-0.11677040316800413	0.0955942468400437	-0.37056736232080434	1.2704983810692456
SADWUQ	0.391256802497999	-0.3335861601007813	-0.2408142994822713	-0.06853608197939465	2.0463498485354084
SAFDIM	0.2772563225891749	-0.09821044083507091	-0.24753382006512714	0.1470039025939166	2.213691872146705
SAMZEL	0.19202509598488948	-0.12106741321018277	-0.2542695299444384	0.040573711377724364	1.9588241271936924
SAPFOG	0.48054245512479454	-0.1752510422337421	-0.3801109062823166	0.3355989226306535	2.8104257599212197
SAPPUU	0.34829361856541174	-0.18919342124823157	-0.08201492718294823	-0.11679733192386618	1.966121759953967
SASSUB	-0.42788664860281056	0.13783314105770073	0.3457512735634869	0.018164368093057104	1.3357587459331497
SASXEP	0.18388934197422158	-0.11753719536674034	-0.21593768629514543	0.0466045516874031	2.008451786402228
SASYIU	0.23643027727190136	-0.15338300005883332	-0.21601133825842944	-0.3239047682918078	1.4634833920452945
SATKEF	0.2120916480382995	-0.13236931644451055	-0.1003976032335081	-0.14238051342516794	1.7121422782021818
SAVJIK	-0.4193765738233366	0.39849510498042795	0.31795821158534654	-0.07426425686602983	1.1409356728127016
SAVJOQ	-0.4121073246071578	0.13301505899912658	0.32648356659451316	0.06839052458260919	1.3502336729671323
SAVKEH	-0.5505274372919797	0.36495698635527973	0.3366085808957511	-0.037028897912623315	1.0850374462767824
SAVKIL	-0.578191565481319	0.3447213103538862	0.38503584521594947	-0.013328062081021885	1.0930384245967046
SAVLAC	-0.650585649183578	0.5878136489855572	0.2354970445888509	0.06781423059961866	1.1642673866430246
SAWHOQ	-0.453226089554311	0.14185965382600718	0.1845586207848271	0.3765552145616857	1.7331045241231846
SAYDUS	0.14739206939124339	0.164692632927678	-0.026666522216654887	0.14571027408136294	2.0902716981259415
SAYLUD	0.32024474592343877	-0.24648524761173662	-0.16259308507371162	-0.11250083427493447	1.8867810747726983
SAZPZR	-0.252315076832319	-0.06345892863879354	0.30796557841220684	-0.01842325157045116	1.4727042961510528
SEBGOX	-0.2747463046972425	0.33492446090461514	0.16219232955405727	0.16786759672612822	1.5760493659351964
SEBHAK	-0.31535244808128127	0.2892398559894511	0.24471175040256843	-0.14382333447160095	1.1339236986080328
SEBHIS	-0.4740387246427349	0.22535551492742623	0.15219652605504308	0.1557932937834426	1.4632848516813253
SEBHOY	-0.3802447318767692	0.2625093665820899	0.010734868646941287	0.11502876896817138	1.4036782669036847
SECKUG	-0.07950438890373457	0.13780402508324585	0.15872702022374363	-0.016992792276896956	1.526759445493957
SEFCIP	0.26902067380899775	-0.14739886293348947	-0.17997863259565072	0.09059441233534676	2.149772219564589
SEFZOT	-0.6088582200356112	0.034456282378229286	0.4490163879057003	0.18223318394233484	1.4024086366425095
SEHZUA	0.2725715162139166	-0.14971482425069071	-0.10151179453893433	-0.16099699864576147	1.7837755089691765
SEKCUG	0.054703363562335294	0.03188521112147624	0.06927725432541787	-0.47152781882126854	1.1760125688083851
SENQEH	0.15732757204740633	0.114812405276431	-0.10606805269513453	0.6453150571269348	3.170215231025784
SEQLIN	-0.22202112074410207	0.0934347732180496	0.09931495886182518	0.21617130856522715	1.713851663393227
SEQXER	-0.33957113317091236	0.06167532022609823	0.5035014803505931	-0.036903586781323855	1.3424820036400897
SEQXOB	-0.07311494011458919	0.041462116348039424	0.10503548192709533	0.012259757045048031	1.593850450613495
SEQXUI	-0.22939934603009027	0.08894138348901215	0.18652241305449047	0.08396286790625795	1.521442211728214
SEQYET	-0.48422159449295954	0.18892557674523802	0.3734423203495467	0.15572192213070468	1.3662029840097683
SERROW	-0.1168461602877584	0.06270686850596241	0.3524887438544675	0.11965159821387211	1.7219024685504376
SERSEN	-0.44120569549356903	0.08942488458749087	0.4060426937269155	0.16899623652391854	1.434700644669912
SERSOX	-0.4968869944698806	0.056686131980573706	0.3082019751669607	0.2217772130946758	1.4928038847930907
SERTUE	0.2740777204204763	-0.10063831307460758	-0.057802024900052595	-0.1142567774825445	1.8493060128850431
SEYCIK	0.2935660472331989	-0.18996068403362787	-0.029714892455774633	-0.15845876292387245	1.886755148749859
SEYCOQ	0.2910543911159218	-0.16687351659250282	0.002876679870861265	-0.196818929282248	1.81561347654196
SEYRUL	0.2050672574605894	-0.12217633239720282	-0.33397356737500716	0.253483936561838	2.3400249228560566
SEYWOK	-0.278900277327804	0.14593385431988803	0.16886963333809368	-0.03631383668203467	1.3506598667448677
SEYWUQ	-0.28009417853606555	0.14192757103524356	0.15471493957598947	-0.031686786446418924	1.3552286074601771
SIBMAS	0.38782956575277794	-0.17423117674960986	-0.08649979728959845	-0.07575493368530115	2.0447202821686403
SICRUV	-0.5102896080652615	0.08204507631356939	0.30342983603865714	0.2658691191557908	1.4937940695641778
SIFGUL	-0.3564998421172616	0.3765299837038518	0.23693095056699875	-0.01363715921031175	1.2850282913906952
SIFTUW	0.4823601138711169	0.051359504341241924	-0.2349554644997871	0.1536371923025816	2.456509510764103
SIFZOY	-0.2286077135465585	0.187212035360088	0.14203522248529077	-0.0769199271561783	1.3218456417686664
SIGDUH	-0.5547710530987349	0.35603552505167424	0.2993369029173001	-0.3279537054958343	0.8563858056804777
SIGKOK	-0.20911319782577564	0.18900949228327524	0.3192184428969729	-0.09067387389707614	1.3186267291456228
SIGTEI	-0.12680401615733494	0.09976333049854436	-0.0283392045976687	0.11155694872089611	1.7876645193033815
SIHMAZ	0.03701215820082737	0.2124307199340809	0.12815756354534646	-0.12788347114112197	1.4484166385717567
SIHWOV	0.05752016549790895	-0.06319861179531483	-0.1333077639375866	-0.005156965611723158	1.7531842429341935
SIMDAW	0.49089472103075504	-0.01647521106616734	-0.3376296730152579	0.23262785611752573	2.5476685144410154
SIMDIE	0.19129318170754894	-0.13493521608834336	-0.12276875437435786	-0.13146743769089916	1.6924560554808652
SIMHUT	-0.34337814233233477	0.36157942239473617	0.20840268954633512	0.012533844079025358	1.2592603063363974
SIMJAB	-0.3080173862211315	0.4000100364044239	0.16491017477283254	0.15125464020141394	1.4777608576634813
SIMJEF	-0.4881070705673478	0.3513243584814971	0.2849016319412023	0.14123903299075075	1.2894489489796719
SIMTIR	0.15647464617933737	-0.10418836367183282	0.015551892490710317	-0.4498963707873143	1.299770742933657
SIMTOX	0.1975073992957408	-0.2041691327602423	-0.10388077030829557	-0.21489399352558972	1.6513836827208759
SINCAT	-0.0508931808013835	-0.07241169265641778	-0.01568535113878755	-0.16321643472490346	1.451685151570112
SINCIE	-0.5261830938421284	0.12041219047213414	0.5286273778359101	-0.37303244309941297	0.9182363112334974
SINZOF	-0.09659503499306332	0.5089085586159194	0.14094049635104877	-0.014006034252744687	1.7092529131181498
SIPKAE	-0.002812080587703658	0.01518349307192779	0.23712944780756162	0.11223274735018457	1.772709066988165
SIPTUG	0.17419113283088183	-0.1794420254344442	-0.1346415996721484	-0.23317353396942547	1.584120960927868
SIQHUV	0.28343877943305973	-0.11960040004800354	-0.19590571164016324	0.10343061644911244	2.1406866568495344
SIQPEO	-0.20974052039002133	0.17088720362328225	0.26720052632130575	-0.015317105962293798	1.3482714796918174
SIRYAT	0.21641314745846563	-0.12132568156590395	-0.22498783006094025	0.26517750086731795	2.379581004103211
SISHEJ	0.0010980534558484578	-0.0969462540683721	0.04068284128708899	-0.2613824553747375	1.4146952909281685
SISQIU	0.2557588773071533	-0.13608853013898858	-0.14847552346777948	0.007108205616883856	2.0514877768924613
SIVFIN	-0.35752420819826014	0.20574571893069404	0.14262887842229044	0.03795956763908129	1.3477378995798401
SIXMER	0.4755284211278594	-0.14043624978578195	-0.4250357378280174	0.28453848130038906	2.670994308591679
SIXPAQ	0.34280279926103896	-0.11876747236484486	-0.37516695721594706	0.28989672128082083	2.50135103238944
SIXQAR	0.20466741909469066	-0.05141008649174694	-0.2481081748201457	0.04461588800801061	1.9239566067268004
SIZBIQ	-0.4832867761590105	-0.08707702481759727	0.21051055756116033	0.12209134610284195	1.4923672663699956
SIZCAJ	-0.21115939846925702	-0.01595056777374404	0.15275431038863907	0.30470386658972753	1.9012871235412012
SIZCIR	0.14825669235414285	0.12044455506519813	0.1785787784366517	0.4181668773084548	2.6051036529014207
SODMAB	0.20876288070799154	-0.16504878434946102	-0.029453430196325625	-0.2281739313221485	1.6476596465778433
SOFDAS	-0.48073328132439386	0.12472423188621073	0.4132577538346176	0.009138170070283697	1.236521240815358
SOFDIA	-0.4511949406636142	0.11754759737322762	0.32959999005011764	0.06920274544479449	1.345032571810062
SOGDIB	0.19035491495329637	-0.1289077281148462	-0.10355934449669646	-0.13596806682560542	1.7730168974915843
SOJGUU	0.2160529076481641	-0.053630057836592804	-0.008812918860765961	-0.05090302184197967	1.8304492722775942
SOKVET	0.24684756903338245	-0.14120159330085058	-0.1334266446013832	-0.1845445824794997	1.7370818941716548
SOMDON	0.27781008659221307	-0.15120041692918218	-0.0877089174491874	-0.15251270394743532	1.8155199776351898
SOPTUO	0.11139380603726279	-0.09884861416075397	-0.03688946297715012	-0.269055291675206	1.444730191733457
SOQRAT	-0.6350106957038397	0.3263696812413952	0.20227237585730085	-0.001683674128801077	1.0824517618146705
SOQREX	-0.617054919501737	0.320102983501348	0.24909660396352007	0.011848229574358299	1.1013598085378877
SOQRIB	-0.6265632138219432	0.3311945608260036	0.19502588817010258	-0.0041007995035685085	1.0877218786370557
SOQROH	-0.6225793084824334	0.2530208134747878	0.3038985134947787	0.045290911389297306	1.1282316056797639
SORMOB	0.40284821314082464	-0.11318292535191088	-0.27571825651439585	0.4041225614202717	3.07598858661634
SORMUH	0.2170424015578427	-0.003007225537378644	-0.1197860548854075	0.2354854516881334	2.348679932966551
SOTROJ	-0.05980298136501894	0.05920107792169538	0.22791570050513177	0.03894505211754573	1.6687004032438835
SOWCIR	-0.27455925096595557	0.3841734814400768	0.06951757409235926	0.14548099786449858	1.5252272986484527
SOWCOX	-0.2614743984541499	0.4147073245166606	0.07339616080308775	0.1089710479708062	1.5039475739032264
SOWDAK	-0.2338223136148816	0.3935271594984793	0.09509968273693215	0.14994128986680977	1.5867456380971396
SOWJUK	-0.15547338662691512	0.4465909438683755	0.19458686604760245	0.12261362974410656	1.6534121187158703
SOWKAR	-0.18856460303211753	0.14704115174839405	0.2483709995167267	0.21231341410262639	1.7895706915076177
SOWMIB	-0.1425239618838683	0.053624699921139496	0.18126588781287323	-0.02618485419642852	1.52646305705488
SOWMOH	0.15854558156093246	-0.12071748545486038	-0.192103936654207	0.08737614501192381	1.9870173537215368
SOWMUN	-0.39319496592108427	0.21759526714032096	0.276376791209928	-0.19550034037594752	1.0784683882512147
SOWPIE	-0.37819945383774156	0.3223348722198667	0.28724445793583775	0.257378222612636	1.5998241578860726
SOXPIF	-0.173294358295907	-0.09839277973736682	-0.2081372283911178	-0.16208677677456654	1.3594700902730614
SOXPOL	-0.2813909174257807	-0.054420994480609886	-0.046904272739702435	-0.24073386938181157	1.1935643252924248
SOXQIG	-0.17431628998470927	-0.09926358098507126	-0.20739912844037844	-0.1650658759149098	1.357797602821795
SOYXAF	0.36321865881158777	-0.17702732525287979	-0.0016598357305745992	-0.15525593639294094	1.926805485822268
SUJDAC	0.24327375854428368	-0.22572629586184767	0.002048400800798822	-0.26327323097306743	1.6552689658880892
SULGUB	0.260310094479431	-0.19123973886500767	-0.16574647371860984	-0.07790408172376213	1.871250770774753
SUMQEX	-0.02100549602111057	0.24948165060296845	0.22320620680879633	-0.08877632282282173	1.4693224898303305
SUMQOH	-0.13585807259410254	0.24021901129924084	0.18663007995268321	0.06336170710983496	1.636956670482224
SUMRAU	-0.32647137186630903	0.19961774070003124	0.2939254075812381	0.11399119876215213	1.4728049821819145
SUNROK	0.4204029317826121	-0.09026402988573812	-0.40443233156884595	0.38125297131446145	2.7704168746564997
SUNRUQ	0.57724147683233	-0.019105517575003672	-0.4509047435814001	0.5858388113196544	3.4603687310444307
SUPNAT	0.3594308149525438	-0.16673015030831484	-0.3191451198816989	0.1873354108308793	2.378627484510621
SUPNEX	0.3434998480394609	-0.2242467101374569	-0.25204871702532405	0.09091828695752818	2.2470894703796143
SURQAX	0.296436265373194	-0.16022846756846787	-0.1915600874511887	0.041861763759970916	2.1214997858352094
SUSXAH	-0.5012555125457876	0.32046491864407267	0.2150330267550964	0.14684273779659096	1.3343603979315943
SUYZIV	-0.4685929940024711	0.14572130143590767	0.3882827477149873	-0.08353687641878947	1.1395269850782526
TADKIS	-0.5046065864776619	0.4810000820518243	0.12512103235345506	0.012863056357046376	1.222434108306611
TADKIW	-0.4426590876659495	0.13670687216801547	0.5036102514184402	0.045043034293332035	1.2784527546036701
TADLET	-0.4509062183690493	0.12507888317769578	0.49968223221059493	0.04875076174894313	1.2830997182498014
TADLOZ	0.29630669663815423	-0.09083619772065987	-0.2087647353306994	0.1148778365469646	2.185045340326524
TADYUS	0.05915323494792801	-0.0705578910927861	-0.031301430692608934	-0.1433463340119403	1.5405503139067371
TADZUT	0.028956057545833858	-0.050303975621944774	0.015702727792231252	-0.26012251197420655	1.3728715787436867
TAFCIM	0.08063115934227971	-0.05998239799373506	-0.04888912226861031	-0.13433446431214435	1.557888233433358
TAHYOT	-0.01943242530354805	0.08186925032077763	0.18909940801483938	0.11339941985087021	1.8134280257468927
TAJNEY	0.2998590076810239	-0.11734090460532842	-0.05874007380106572	-0.006081277943336072	2.010980001850923
TAJYAF	0.32502023002750535	-0.03286934360999194	0.016788182915618233	-0.23301686653725442	1.715079415093681
TAMCIV	-0.12390848027702095	0.1998410808666934	0.19509848124243034	-0.003005245814988622	1.4282286459143156
TAMCOB	-0.2945088585507194	0.3176725169251253	0.32747988551922735	0.035254956586157044	1.3292290959304665
TAMLEY	0.1519767977253843	-0.10680369678316104	-0.24212810023974307	0.14990576891274493	2.096780377037018
TARVEO	0.5063810886244893	-0.2469465872096248	-0.30817695727465133	0.10996524530152141	2.4259969553819722
TATBAU	-0.629803506229655	0.3778089028320608	0.2677521853097744	-0.03965827813896319	1.0323055324693833
TATRIR	-0.1469402096580894	0.23512046069571757	0.156930708993126	-0.015872184153246705	1.481620349612098
TATROX	-0.493206813540918	0.261716006539884	0.34636463783085225	-0.10934574048400791	1.114358337829466
TAVNOU	0.23486631557219972	-0.18001895718619665	-0.05992039814914474	-0.21071394015169742	1.716505470944482
TCBPZR	-0.09449962365965225	-0.06751734025548439	0.17887233031682426	-0.1263782023996045	1.4693024438917228
TEBRAT	-0.015723090530770367	0.11888829684985946	0.20933313231324324	-0.06512314521259871	1.5103253990422782
TEBWIH	0.21145341871420564	-0.025596491958601364	-0.20370788582946542	0.21907057496877463	2.274417277962439
TECLEU	-0.1685148671227683	0.12970371289791438	0.31518624297996656	0.1521150178177475	1.6469635764191706
TEDJOC	-0.30211018647010945	0.14084606693538204	0.30350132657720086	-0.08895767840511024	1.230562839281508
TEDYOR	0.42579322455312507	-0.23770399561699707	-0.21745069569905717	-0.10353151417057155	2.0541064481756597
TEFQUT	-0.5176126242965347	0.1673712300765956	0.39675449178137767	0.10750149534789316	1.2707180510604932
TEJPAC	-0.10887458584975684	-0.05485840722552926	0.20807177573415436	0.1155510607639838	1.8820449734942752
TEJPEG	-0.1322237448384569	-0.051663632308749596	0.19988825333409443	0.05595591193143887	1.7341978609767597
TEJPIK	-0.12014355509110874	-0.08572419414984855	0.3341963158183221	-0.06599565146873818	1.6161885925054293
TEKVAI	0.38530220994789666	-0.20935154132441547	-0.22556393781283113	0.07776511652125773	2.218848078375504
TENSUA	-0.34197868653814556	0.17758410742030295	0.5871339029993405	-0.4268187375658837	0.9330409213395473
TEPPIQ	-0.15759963013808953	0.20051554656423032	0.1373870900042513	0.1314926331648939	1.6398716253933272
TEPXAP	-0.13876283497994502	0.22450465915711182	0.14991089513396294	0.05441499884806328	1.4954875133978243
TEPXOD	-0.3004495343061575	0.23288510677945462	0.17620601383108125	0.0058489130101460896	1.3354105416240745
TEQJAA	0.11509042802317948	0.08309160141951843	-0.15809388008001757	0.35722594121512663	2.360984749045185
TEQPAJ	0.19503960350767358	-0.14709020553326346	-0.18695401598736128	0.06477368277297085	1.991588261799465
TEQSAL	0.22001514056210292	-0.1531328022066003	0.05944076637287421	0.09697962537208216	2.0626902324635044
TERCID	0.3322734938543537	-0.16719797518686919	-0.137558578799168	-0.05810802330965306	2.0162170625888667
TERHOO	-0.433915735970142	0.5256586239271137	0.2418029501134884	-0.03281953469767518	1.1823793958152908
TERHUU	-0.14110612573406955	0.3773948873326536	0.15239994497682696	-0.04160794980376248	1.4688767194298933
TEVDAB	-0.18056630472644875	0.23221287394653012	0.16635629198790713	-0.07906158317704469	1.321508944981325
TEWMAJ	0.21659814625473262	-0.13130520085393516	-0.12983704899645843	-0.03036227543291181	1.9011988231274393
TEWQAO	0.10101405868714597	-0.18589964249739332	-0.028797387197280866	0.0015802999447821764	1.8777538996679755
TEXPIW	0.2313934593945235	-0.10231797891237981	-0.14531348493684626	-0.13158003179041072	1.6783080925376206
TEYXEA	0.3456384381992015	-0.16378938694235845	-0.11496163644027257	-0.09539272855934099	1.9560257577584412
TEYXIE	0.3487808384449216	-0.16371736640432466	-0.15890375503184107	-0.0435628410899902	2.016593886677027
TEZDAD	0.25321143043489736	-0.15466002124469114	-0.054928262377996084	-0.16208563866330702	1.801529827306475
TEZDEH	0.20161401731279005	-0.09327502473236271	-0.06719672013534517	-0.08704146042023064	1.8049334572926987
TIFFIX	0.09973756672604805	-0.05857662436374933	0.08910876933884149	0.13039106448596866	2.0237427848711764
TIGWEL	-0.0382306694157335	0.10969328411104884	-0.05129138656088639	0.1407506458621554	1.799824057343414
TIGWIP	-0.17104647794485262	0.07226253029378438	0.06235944022234774	-0.02280420195917207	1.4616916586708284
TIGWUB	-0.2097204925012619	0.15192164941254693	0.09966418142560896	-0.23915284643683787	1.1096801046162867
TIGXAI	0.05356456466084847	0.035633464408615256	0.01835295210789889	0.023044535609969274	1.6991659492317277
TIGXEM	0.24763111858963116	-0.15637666196557765	-0.17050565044781574	0.00538735714917235	1.92963085158026
TIGXIQ	-0.01907954626415176	0.13173596431636203	0.003943974882835377	-0.08109452736575333	1.507271292029532
TIGXOW	-0.05823077575161317	0.11234012871386645	0.021863278420705345	-0.10163236176196487	1.442343917721938
TIKREL	-0.7309483579061351	0.5373431196357534	0.22735967563570814	0.03028622171527215	1.0801588068469044
TILFUS	0.013103720388670581	-0.0560643123844331	0.04311225648536232	-0.3476433097406305	1.2819742892134125
TINLAD	-0.24066225721732648	0.12463016043719222	0.24886176982280195	0.00192291937643288	1.3823273550795738
TIRFUV	-0.10726930360041997	0.1392775678743674	0.20976248759999727	0.2943186905216328	1.9795677777795069
TIRGAC	-0.022711268596864453	-0.057154871140120744	0.3188641192978987	-0.22777006581947418	1.3644175132823049
TIRKIO	0.06407358199729973	-0.03650472774259139	0.2048667703942857	-0.22763691676993325	1.3950803829497336
TIRQUG	0.1517872035682717	-0.09534555349692087	-0.1117590864467839	0.43965681704320414	2.6967081274571494
TISHOV	-0.06413969930338315	-0.12922337918141413	0.05301548521893351	-0.2265764281136079	1.456394286470211
TISJAJ	-0.04747642664075524	-0.11837401157446104	-0.03483027938484606	-0.18741723644323655	1.463726631095235
TISVUP	0.31362980915972205	-0.14614692368184778	0.012933331899105172	-0.24925462684630878	1.7100449680004353
TISWEA	0.336464683105969	-0.19109816084281672	-0.20049225266967907	-0.034984632965742	2.0400635278035963
TISWIE	0.2849933310405932	-0.055972403289587525	-0.2522549167153667	0.16215932012000234	2.1931997588583023
TIVMAM	0.4401124463309891	-0.18804017528727035	-0.2169044283074102	0.05136735945944726	2.2982369083298946
TIXWEC	0.48365250297018036	-0.2964430825206822	-0.5009943148013876	0.3385494958621593	2.9228397492767515
TIYGAK	0.18131464504771433	-0.015488940813966012	0.06139141544978344	0.25232222341656196	2.137121130123468
TIYYUV	-0.005567108085172023	-0.010889124033359732	0.029254375902588947	-0.10031297528270505	1.5726540488504017
TIZLEU	-0.1810923863162861	0.08504452154993725	0.3611497504877108	0.03278640236099592	1.5189995713883486
TIZLOE	-0.37577594902831857	0.04740353849736534	0.23339340415360166	0.0060125726304520455	1.3199285571164765
TIZZUX	0.2069341408976597	-0.14316754748530214	-0.3172338926085779	0.19404069622725173	2.261510708420159
TOFKEG	-0.1893743550529523	0.17222432592221704	0.149176249918483	0.12228155828373588	1.5750411150696224
TOJHUW	-0.5510784627212049	0.37857206476647276	0.3119822072038392	-0.00492987875777362	1.1034324753589264
TOKFUX	-0.13583092653494022	-0.1060169952672585	-0.25270301246462257	0.16255128688433146	1.8054392964912185
TOKGAE	-0.0546600814875573	-0.16276459065225635	-0.244255319989493	0.0999640113298112	1.8175297740682221
TOKGIM	-0.14757912666879447	0.05184040521828315	0.07946584652663535	0.23602947115028883	1.8604669197577717
TOKHOQ	0.21197884794538702	-0.10382930139988289	-0.0773593080322621	-0.14043254996264587	1.7372646557366465
TOKPEO	0.3490924086911984	-0.06240654432133963	-0.3118363999274232	0.2732855789108941	2.4991111772717742
TOMFIK	0.3107765526180222	-0.14045017395254777	-0.08099440191439711	-0.16709919679790577	1.8285503192691626
TOMFOQ	0.2228088390047076	-0.09443398894013111	-0.04168554939614788	-0.2249390729785489	1.6381073298578015
TOMJIO	-0.4205017228510668	0.4772610475465957	0.10284298201618869	0.1420699624234239	1.4525492967285167
TOMKAH	-0.5181570003053553	0.2554211729993552	0.21504552033957958	-0.08521173956891674	1.0586038047928863
TOPVUP	0.3327216665634367	-0.1477331000276334	-0.08111858788966742	-0.0274532902464098	2.033368094921873
TORLAN	0.006148459304569531	-0.009590817187048017	-0.00857666021287029	-0.11546530525576254	1.5460322061681606
TORLIV	0.014170071993518718	-0.042129163367576994	-0.12843095781774205	0.016167291803500933	1.7016779196084106
TORVUR	-0.36268995239938917	0.11625354707547775	0.4618163896589993	0.07824469202422846	1.4383131448483253
TOSPEZ	0.2701962771494819	-0.1769911838050815	-0.18665271248609971	0.017959930558293535	2.0482388694101505
TOTBIN	0.3919612154420964	-0.1830371988375299	-0.12771119467556424	-0.016436224412817252	2.1458626866766473
TOXBOX	0.18793470958940928	-0.08716283774707168	-0.25970799272140144	0.1493716531552362	2.0867641353439867
TOXHOD	0.3227730046906876	-0.21794075401725732	-0.2851027925708107	0.1396904806685338	2.3183054145017827
TUCNOU	-0.06292576201352462	0.07144593748619654	0.12653969376961882	0.44080475808551545	2.319561591996379
TUDQAL	0.13900946662939573	-0.05826249614900347	-0.1271671018631524	-0.028012211518676666	1.7420450710558757
TUDQIT	-0.018324344551358784	-0.09306104777708335	-0.1400670542774045	-0.10992275338070315	1.5030685491617124
TUHCEE	0.3972276635567029	-0.16799689346507984	-0.15208641225354547	0.018120646594521922	2.1832598718982035
TUMVED	0.18842082317396036	-0.07710246042708024	-0.15690793085336074	-0.012466274219355394	1.8648328410165518
TUMVIH	0.05880693347486998	-0.07577343797187408	-0.08831779465120948	-0.1294597931265537	1.5800066367401993
TUMVON	0.08291649984907234	-0.07282162388007496	-0.11419596361739859	-0.07843697507791056	1.669551698091535
TUMVUT	0.09505058155186985	-0.07274473771817547	-0.10715429460561277	-0.09269659147034018	1.6578823092503072
TUMWEE	0.20993225306889896	-0.08606653431372879	-0.1869708730810573	0.026073066824463004	1.9330973308757002
TUMWII	0.18538825745648158	-0.08942360869122301	-0.16603355069591075	-0.019767866126532474	1.838781972886515
TUMWOO	0.11580650009662374	-0.07155648010279847	-0.1376833925834482	-0.0435471746424467	1.748014358033574
TUMWUU	0.13414849062554257	-0.10739885313914133	-0.12070672808492144	-0.07135082070256799	1.7433463814865569
TUMXEF	0.08971836473141437	-0.06777631638838755	-0.11216721575448929	-0.08075054794601952	1.6661043813432377
TUNMUK	0.00832534372372784	0.26634780649414047	0.19811444387008548	-0.0016346415994378527	1.5977940027306152
TUNNAR	0.3091164563082951	0.17759525766296202	-0.09015430646695788	0.05189889940603268	2.0919224498320323
TUNNEV	-0.32032883835576254	0.10040008177732995	0.15170013352828238	-0.14406517725121382	1.2010219100887893
TUVMIH	0.3449658618310991	-0.21830506851103737	-0.20249834615279316	-0.03138125211740683	2.044427349404127
TUXYUJ	0.22739409930641985	-0.06100412709435743	0.13557071678998533	0.026280078425962722	1.9957796145304862
TUXZEU	0.13057936698866213	0.02885885863441373	-0.07452409697769702	-0.15188143508973856	1.555727250480165
TUZMAC	0.3103165718176446	-0.08681368356585417	-0.1798388046026056	0.28959105281061814	2.4366932342056296
TUZPIP	-0.3147665532212116	0.04149397835471491	0.5332843401503868	-0.1634262758134613	1.2283268949679178
TUZPOV	-0.31621380859006765	0.037878878069690924	0.5404798073325254	-0.1647036319045629	1.2285268621240129
UBOHIC	-0.15032701207581667	0.3926497272599525	0.13678262379935346	-0.053271212323446865	1.4245835363281678
UBOHOI	-0.20268883613364608	0.3889347003946222	0.21934767961442647	0.13936284418824335	1.5955555789915403
UBUXAQ	0.3240896513720113	-0.1380978056831531	-0.01139959808583102	0.019551205240257524	2.0999632687295855
UCETOM	0.2538044748390349	-0.14359080347881048	-0.07736373691630027	-0.13867067146557496	1.8044966133895823
UCIREG	-0.34284303835399177	0.21567033233694466	0.3364656899735867	-0.03404654875023247	1.2868832346353747
UCITUW	-0.14064605639513328	0.10231713272341936	0.3403793135479569	0.09634559109068774	1.624987707249347
UCIVAE	-0.1461576080581004	0.10558468366933138	0.3176074223777421	0.09449001838122983	1.6223009440450704
UCOLUV	-0.500448996950519	0.11652900369561803	0.35330504498885573	0.22021195881348316	1.4346825291953238
UCOMAC	-0.5074965703792262	0.08876198494006504	0.3415917464035356	0.17750862372674447	1.390720094882917
UDARIC	0.23152584296429835	-0.041657480806101765	-0.06847196493414631	-0.030558448538895	1.8887362911741412
UDUZEB	-0.4920446545601851	0.21631044108621733	0.44024030547134196	-0.021586171051697634	1.166045464308567
UDUZOL	-0.5026915554501481	0.1119215346559066	0.32343113792399136	0.07672010771534415	1.247362159623392
UFAPAV	-0.26971074491434077	0.12459940236712852	0.1980821212831323	-0.18949916064520453	1.2058404817455566
UFECAK	0.28791192912060515	-0.14058615617989279	-0.13872540985033432	0.0102964082977752	1.9709705944340201
UFOSAK	-0.04274095898832142	-0.029134155425963537	0.16496718528512133	-0.004008192476913641	1.636259741943466
UFOYUL	0.15721492799138748	-0.08124414568484939	-0.09370484543386004	-0.202743241541822	1.5652602006032579
UFOZAS	0.24685353059955162	-0.21963688541963033	-0.15156561512362732	-0.2425049970510751	1.666734382274417
UFOZEW	0.3084229687108424	-0.2240107854700807	-0.18343464543944532	-0.22517226233623577	1.719477450166192
UFUCUU	0.11844389606555383	0.0751508704197007	-0.0931173773919105	0.22924431457101135	2.187729646428609
UFUDAB	0.009518563495154897	0.06797751010240238	-0.1168980506818309	0.15883323959837192	1.9527170511297576
UGAZIM	0.22591722128053782	-0.14859332268632985	-0.06324822033824562	-0.1771315868349612	1.743065577722652
UGIFAR	0.12536783800441942	-0.16837436434677266	-0.0924866901279271	-0.059816898487441816	1.8016522214034394
UHEHUK	0.13099391352737877	-0.136552798010947	-0.016057108422412147	-0.16444476081756942	1.6763939139446995
UHEJAS	0.17749480047687216	-0.17567380448247072	-0.048808558986915385	-0.21370207810877068	1.668497283968703
UHEJIA	0.19397749927393315	-0.1503106690960817	-0.0520965930529691	-0.18978562489718045	1.7073194440144126
UHEJOG	0.24918355863698283	-0.15981370896000457	-0.04666449361427105	-0.20436706084537193	1.7439548564309886
UHEJUM	0.18962362118681542	-0.16467963429358923	-0.06328479425876621	-0.1477965714200431	1.7740232410387669
UHEKAT	0.16434864223900458	-0.16133388651551617	-0.008904470679660381	-0.23168599562183498	1.6433034487108316
UHIQAD	-0.15437061360072146	0.10045311092095977	0.15083213942185147	0.01790789186638736	1.5545305020465048
UHOPEP	0.30632036563861886	-0.12542674413686572	-0.08767132773167985	-0.20505513728927763	1.724914698021644
UHOPIT	0.14889550554469277	-0.1319090836642992	-0.09501435995790897	-0.194592155264222	1.6217308989619206
UJACEO	-0.0028307714042759002	-0.009077321586086762	-0.008934173171563753	-0.34098606096418443	1.2670900392041087
UJITAI	0.26632599218476427	-0.12132411750000505	-0.27556864679545323	0.1728371385922136	2.25685749011962
UKEHUO	-0.46921131519227677	0.39904319824393664	0.32708706025645284	-0.11313471223937606	1.1108918819691522
UKEZOZ	0.1966573641031668	-0.08731537391751831	0.0795811684947576	-0.12603814765017177	1.7318671907726062
UKEZUF	0.1844777748101536	-0.10528523366357723	0.08592826997609149	-0.12069616514348137	1.733141901508071
UKIBEV	0.17716442354562778	-0.17636052300153593	0.07531575109902167	-0.08705903469270167	1.8308246330150841
UKIKOR	-0.3261057646372034	0.3558138727587081	0.23185012847788622	-0.10907518847407945	1.1957168609316304
UKUMIY	0.13817744711032764	-0.09963961637710472	-0.13994736927978502	-0.06862498888539077	1.7393956696549455
ULALIC	0.2054737690336692	-0.14364573392756153	-0.0637931470437616	-0.1853321685065689	1.713230645534491
ULOCIH	-0.04510128297297333	0.061634514025315834	0.1421636560620605	0.07124692942101557	1.695802583189459
ULODUU	0.3474351061055412	-0.18361358194598354	-0.18377218500322834	0.017850384893223742	2.148939149403321
ULOFAC	0.3701102495650943	-0.18213633180815825	-0.15657632651185494	-0.023261342716003497	2.0876673710986173
ULOFUW	0.3054774561732643	-0.10880855823514979	-0.3733295056183693	0.3577153238273899	2.6292962874267074
ULULAO	0.31018212544953006	-0.1618061658446387	-0.09341129201143672	-0.11474576107036069	1.8809253172119789
ULULES	0.3694811873174628	-0.17298980607410908	-0.06374195878805478	-0.1977860860908524	1.8098485926036907
UMEGOJ	0.029191661212645048	-0.07221100836599725	0.3278480070648735	-0.1799134170857299	1.509111704991176
UMEGUP	0.008145705811863913	-0.017543695611474286	0.3619319584848728	-0.23850864404365982	1.380778438042002
UMEHIE	-0.1122357411950321	0.0785693117413897	0.14535490598393164	-0.00456873535415786	1.547300779122522
UMEHOK	0.022501145133607015	0.01158545216202922	0.3194238420431674	-0.1393181620270243	1.5167616935803767
UMEHUQ	0.04654980971773526	0.12545463975469884	0.18525245124089573	-0.17009665152613015	1.4410712427704169
UMENEF	0.0028399063278734538	-0.08538576742099524	0.21615560230846365	-0.2676428095382115	1.4001502704490114
UMOWUO	0.24168451246377431	-0.1636386077480756	-0.27429786849298643	0.04722696012685079	1.9919801897931197
UPOJAL	-0.4515184988444476	0.1479202934727356	0.3477516321034271	0.02378377864363082	1.2874880532848032
UPOJEP	-0.6701720368855812	0.15861595506661308	0.2211831267186799	0.0372454293090104	1.0644031454035054
UPOJUF	-0.29015247727731897	0.0461266853168949	0.22367661100491842	0.10799583326150775	1.5275780497267886
UPOPEW	0.109828304402527	-0.11642906950650689	-0.16130604874449284	-0.007169507736137448	1.8081476205287692
UQUJAS	0.23868732485503008	-0.17507414781301756	-0.05000305248373649	0.05265335693035611	2.0819581620255967
UQUPED	-0.010752816175220836	0.0373216358598667	0.14276789657771483	0.09324264292022433	1.8153053635226948
UQUPUT	-0.5484204940280915	0.310185153133995	0.026568499081961683	0.24792833627527033	1.4793803611570386
UROSUQ	-0.20068122034881686	0.2934435801966102	0.21261089569439307	0.08137044574093605	1.5300075354627216
UROTEB	-0.6563040578667572	0.3714559115222509	0.07262501363143015	0.14468711641675447	1.2785081586222835
UROWOQ	-0.289842730866849	0.046992567296659016	0.5275198142062061	-0.15129626076840846	1.2038176357319479
URUHAR	0.3040210084289723	-0.1498232495041616	-0.04237354440874763	-0.15419498005383406	1.8580038433750357
URUMOL	-0.3448776344822484	0.012763907773930772	0.3019059231163148	-0.0579760488244041	1.313320737626195
USANUA	-0.37402209972172473	0.2994998274791494	0.28958355660721713	-0.01293932274603532	1.2732489134906047
USAPAI	-0.49298715460630005	0.3375664268111127	0.34455262348051807	0.044405206878709996	1.2190483602318054
USEGUV	0.36289052612639905	-0.17624388728132223	-0.17197553651368747	-0.023497836514121045	2.1138021913949876
USEHIK	0.3421837615948391	-0.18564056594367928	-0.13574036428412106	-0.09319268466068217	1.9795364010154008
USUPUU	0.143566452389972	0.2545874126808465	0.049250508114248914	0.05525894085308533	1.8320438976146123
USUQAB	0.042618400866972106	0.05908570328327478	0.10622057728507683	-0.05556034010806993	1.6281366391184886
UTABEY	-0.28168070752561913	0.4260829945243061	0.2294135976525571	0.02495866313689396	1.4170153814247985
UVEXUQ	-0.23308302974592898	0.3319732048056492	0.19827253196980155	-0.003629923169429422	1.4022939635256895
UVEZEC	-0.5793161543623095	0.4024728912486615	0.2752261543842407	-0.021025984566655026	1.105906519261423
UVEZIG	-0.36018226246347096	0.13310881621551107	0.3699737826391476	0.11262553733935227	1.421018953830747
UWIJIV	0.23635311637180756	-0.15043379200644913	-0.03560353168348618	-0.21238633687703395	1.7155107995054082
UWUBEV	0.2353797768237973	-0.1436736304304972	-0.22493704027224792	-0.048923929693654944	1.8149627558582528
UWUBIZ	0.196624182659475	-0.10528923543702107	-0.22525203662637105	-0.042091197379901024	1.8002144893689938
UWUBOF	0.3942289313670866	-0.30560081818569673	-0.26500105134638785	0.001809649404647895	2.1713551351289464
UWUCAS	-0.09260780168131699	-0.12262215956398614	0.09832162640231923	-0.5060680914166553	1.129850340814854
UWUFEZ	0.36184818247225614	-0.04837992058098861	-0.30703368160543887	-0.06547379113515636	1.9002850327646277
UXIXEG	-0.012373437200360993	-0.02061025931007221	0.027600234534265855	0.22806101437547766	2.082749063969051
UXIXOQ	0.025520819899291336	-0.011946983888310947	-0.010745571206366655	0.2652325869379744	2.1830061429262027
UXIXUW	0.11573116908493519	-0.09609757439267608	-0.021175716815881263	0.13227507378644754	2.100946227888785
UZEQUN	-0.496158588635494	0.35324249832307597	0.19296610071709108	-0.11565213285050754	1.0805819106769756
UZIRAY	0.339432773574706	-0.18500181613714906	0.0633300698255661	-0.14784470377793166	1.8571830834158722
UZIREC	0.35107401317781806	-0.17540180088431934	0.08527815521249771	0.012304085231690243	2.155436842061004
VACTEZ	0.24113606225872664	-0.10368998698370002	-0.06572312134577829	-0.10852203085884606	1.8088824552665632
VAFNUL	0.3301145214528174	-0.20035022697015314	-0.2091612175424069	0.06535398509471324	2.1642632670895012
VAHMOG	0.07927367517120487	-0.18665169146527694	-0.04151994969029893	-0.22160762859864858	1.5048916939191808
VAHPAV	0.38634852777013684	-0.15553044118068038	-0.22854846653975747	-0.19509985391382037	1.797223237223224
VAKGOD	0.3548670209015228	-0.12314008894891448	-0.40517953292231756	0.33583641296001865	2.680217551250233
VALPON	0.15287834965638547	-0.11092319840553388	-0.2760089766176348	0.23628096272012566	2.245850413950673
VAMVAG	0.4289140043089974	-0.2108457217270101	-0.35379360664851556	0.38628007997627434	2.8467782288915884
VAPFUN	0.4047469346047645	-0.29550136460363363	-0.20326920694942308	-0.16816593393451248	1.9138141590084974
VAPGAU	0.34754599408023656	-0.2822730674292623	-0.2347941382156189	-0.07340781652391423	1.9895440994213938
VAPGIC	0.07757744538051625	-0.0002816151145745849	-0.08141577464691752	-0.38275276705085737	1.2532313361748366
VARJON	0.3390047160978309	-0.152447596579523	-0.2129424593429372	0.06945947923191254	2.1672123781661385
VARPOT	0.1478389939127327	-0.10431658554548351	-0.008436287224002692	-0.29382099824729385	1.4367462745041375
VARQAG	0.13464890340671376	-0.15020763253434077	-0.22054467584468007	0.0887080309001208	2.0061332944169186
VASMOR	0.36412778927468503	-0.1665436574491599	-0.13109582913902185	-0.050497273938990284	2.0224137208233905
VATWIX	0.09057429141555895	-0.09657983732337849	-0.017175774235843155	-0.20988445730473668	1.5433122627853255
VATWOD	0.16459701119980208	-0.13148101368329101	-0.08076673264019907	-0.18138748568927546	1.6363350721916174
VAVFED	0.20546778233063367	-0.18218232901037013	-0.06857865371544647	-0.14541638884288835	1.7952631689423977
VAWPOY	0.2976519867819363	-0.16600472756206575	-0.21642792356846452	0.03711871498429958	2.1009929090489474
VAXXOI	-0.46379204411456465	0.06860447414842774	0.3047221440136847	0.19861151565470941	1.4986075411750108
VAXXUO	-0.44508018337317434	0.06237897587442964	0.3426902281987667	0.22645809127282557	1.541188758246138
VEFFES	0.1785955401811603	0.10305109774156873	-0.04535985260360964	-0.26733968125072816	1.4331732231070609
VEFFIW	0.2948693037055148	-0.24388007167544035	-0.08551695631579737	-0.17435040463096968	1.8075432832234772
VEFGAP	0.3472843209176042	-0.20897959022085388	-0.1457933833868399	-0.031096693452214497	2.018354121763901
VEFGET	0.175631464468343	0.012058031840783578	0.17832037321895067	-0.24596678707365233	1.5342914814565296
VEHLEZ	0.35235268562345023	-0.17973397704564675	-0.0729295531549865	0.13158185663596483	2.3589187214911584
VEHLID	0.29591644708926523	-0.1704057731075147	-0.07233553640772494	0.1315616492033609	2.280549245429324
VEJVOV	0.3716217948819529	-0.18589629984924383	-0.22016724305599444	0.07412112351874012	2.2370886354035067
VEKHAU	0.3357098749297589	-0.19349319428423195	-0.09875352278933613	-0.0883621678561949	1.9776666289985152
VEPFIF	0.32576199037812126	-0.17186885902053806	-0.15218805902685117	0.0006023991473586288	2.078711927333126
VESLEK	0.46211230641639567	-0.2303790263885961	-0.20904950314608262	-0.1985847146131111	1.9281163577719798
VESNEM	0.38549222881597256	-0.16661556893611573	-0.1997650160224429	-0.040788262882423404	2.0154048137998264
VETHAD	0.27057708827675375	-0.11904245433928262	-0.0564906562414238	0.2166833922575621	2.4063433789446553
VEXKIU	0.2620251654612389	-0.1910703654194411	-0.0926300009500125	-0.15468751065869743	1.7992649615377443
VEXKOA	0.03122352077280377	0.032857458651312066	0.0037230649128474624	-0.43661717742766737	1.1498252606906192
VEZQEW	0.2113960462003588	0.04287400968147881	-0.08882470382067931	-0.3793080598727315	1.334851122749292
VEZQOG	0.21145245790621736	-0.03930177111738231	-0.0820903793521297	-0.3393831643723436	1.421385505511876
VEZVEB	0.23392924100103674	0.056126480416507585	-0.19941134520198345	-0.2422786558476095	1.4888741776898469
VEZXAZ	0.2387763560104803	-0.2529166817902322	-0.1360996277166584	-0.29743244604542257	1.5690488441686608
VIBGIW	0.2165355767215642	0.09721942510815773	-0.10921260016731593	-0.48543347893601446	1.2339067134414523
VIDYOA	0.20526072830500341	-0.10728271929949951	-0.12849117838403568	-0.18896128514741672	1.5884058888770505
VIDZAN	0.21526611134001294	-0.10340940217808481	-0.09718494058636007	-0.21329210705309917	1.5916642356713753
VIFZIX	-0.3408331725658651	0.3537577781907233	0.04201657575160289	0.175454185989126	1.5460345390911843
VIKXIX	0.22158123961321063	-0.1972833070054374	-0.12638804491903777	-0.20295208691920388	1.6899337110755646
VIKXUJ	0.280708065767048	-0.13730440416548273	-0.16437769934580015	-0.154120133028902	1.7311524727584233
VILNAH	-0.0717652062314893	0.25323399703685356	0.011241697687227159	0.08476272349054947	1.7054472151097764
VILNEL	0.11497473619890952	0.13930786705284315	-0.10095319540552339	0.10554547649724966	1.8920631703760211
VILNIP	0.057297902159452185	-0.2813396639664695	0.05510539415552862	0.17441215999983328	2.0381956058504103
VIPBUS	-0.004446233674665567	0.027269510061300517	0.16212603960794247	-0.03305393607215226	1.5689722750210273
VIQGEJ	-0.04154690912067638	-0.08510042347492408	0.1319426921707081	-0.0474692722603996	1.640242513338798
VIQGIN	0.03807051592134503	-0.0939419314561113	0.0644287654452369	0.055929377624975185	1.8685375976328913
VIQGOT	-0.006846879305614451	-0.11655879536209679	-0.041371056094610115	-0.012369519022094544	1.7088195487312328
VISPEW	-0.35691971875844564	0.14668109753034342	0.33826395764638906	0.0689677917844202	1.3943377130680075
VITQUK	0.254935895514774	-0.08081134970851311	-0.10244945694603413	-0.04205425955659339	1.8830358511755847
VITSAV	0.10297286779288539	-0.08068760785045437	-0.034032664349927355	-0.027640810715297143	1.7753484951956342
VITWED	0.2700732182743648	-0.14472872618014687	-0.17142231274297814	-0.0008562257085553693	1.9987287727734908
VIXCOU	0.17064761804047457	-0.031198310820473862	-0.03816556937253024	-0.3796903312806228	1.3396539591412406
VIXLOE	-0.17610757922423304	0.013347724468056987	0.16686480024999106	-0.056567221204031515	1.4399569131864287
VIZWEG	0.15163859335438712	-0.04393668591176614	-0.19410155168295606	0.15903645568114438	2.1215795306724896
VIZWIK	0.17823018075410735	-0.07876686198170757	-0.2177323752051643	0.09734660089481773	2.0167911124770037
VOGHUU	0.04586670366128143	-0.1347907999533703	-0.12172792936624721	-0.10378132441914763	1.6395399330564473
VOLHIQ	-0.08936048170118882	0.09259306191167971	0.15681156943100083	0.019612600249444112	1.498556554361488
VOLJUB	0.026286678559936938	0.0013726559949057693	0.14695073172529294	-0.30523189481023894	1.3605342872014141
VORQIF	-0.3708183075977667	0.15263572027394434	0.18117063920360033	-0.03811999826580026	1.241108425445483
VOSVAA	0.16581762813051482	-0.10847949214740571	0.06578733381946456	0.13482070781629785	2.118959788552734
VOVNOJ	-0.3680635148612912	0.11096463875170726	0.1552969979506933	-0.158629871923762	1.1892796453092964
VOYHID	0.2175188744047971	-0.11708504836905043	-0.08915205549110472	-0.1870192274292919	1.6802961107078223
VOYHOJ	0.17569728782743965	-0.12538982466603366	-0.10079521100828104	-0.20090391996846807	1.6249077652335262
VOZKAY	-0.22996687840180208	-0.047134073032417234	0.11467365116137374	0.13889808191405045	1.6696442570750278
VOZKEC	-0.47763145389511497	0.14976277079551348	0.32970929838933616	0.15436433175824432	1.3566675320911803
VUCMOW	0.3697979245846641	-0.18140226662863324	-0.10383056806327495	-0.12480254030295973	1.94005592311546
VUFYAX	-0.3832696855550437	0.5120269393880059	0.38026067249536744	0.054233202572642664	1.3652767047828458
VUFYUR	-0.5790118260936317	0.3452168460481746	0.2754929762559637	0.08507990096524959	1.1952766528105505
VUGYAY	0.38964723829626546	-0.2653664069587788	-0.19960610543416046	-0.04650475561228554	2.10453472752312
VUJKAN	0.090606016090097	-0.032667014467472	-0.030877487431822503	-0.11026682463566846	1.6333476726808398
VULGIU	0.011895068424856436	0.11920005904205677	-0.12503387653030762	0.4803854789088514	2.597309632055342
VUMMAS	-0.4533973712646957	0.30800401066988803	0.2748251650193869	-0.061809530965246856	1.1040525257289078
VURGOF	-0.3487264010458584	0.18972463471124923	0.19303492668028355	-0.06115865556267466	1.2100032283445101
VURNUR	-0.21759908642514292	-0.06281899838944749	0.062220005167770154	-0.07637638205368667	1.4171543940573517
VUVWUF	-0.29247083308423116	0.17550116617831857	0.28102909893597494	0.02762757588571743	1.357113533244381
VUVXEQ	-0.37323820466596214	0.20946282313022846	0.31981663890359924	0.06881764893873643	1.2976065610423715
VUYJOQ	-0.050284994395472626	-0.14863352146659203	-0.11603687396942397	-0.2008041095986813	1.4680712129588698
VUYJUW	-0.06015463336483995	-0.09842655921199117	-0.14234704707190726	-0.044434244785652555	1.5660700996622876
WABBUX	0.07514623681314037	-0.034405491324087545	0.027531739573869674	-0.07868412529748112	1.674043980908923
WABGEM	0.059427693583793406	0.0737116831448138	0.17420538241759043	0.44331527167712204	2.4725444828822494
WABROH	-0.19307351387125138	0.0703632577439971	0.146092310570068	-0.07476443345005739	1.3670253379241384
WACRIE	-0.0048776276881650205	0.1859656633803054	-0.055391176220392024	0.09017294764837913	1.7792895534437507
WAHYEJ	0.44782002857769854	-0.19245142419172834	-0.27788917883276487	0.38793240876007495	2.9878839189807627
WAHYIN	0.3309264845890332	-0.07163947328167852	-0.11337752714966376	0.14456832970631617	2.265458214785994
WALFIB	-0.6224999927822821	0.3276024790041241	0.11449248928002298	0.023444282027166058	1.1604584240022948
WALMAX	0.13568449069771304	-0.0940986111683223	-0.08787665056932714	-0.10315528684514555	1.6814825242894105
WALMEB	-0.053075774648718266	-0.07695663496895722	-0.12417768652530325	0.027527954202032773	1.6719750570716667
WAMWOX	0.09953163357844241	-0.09565074232782111	0.05777603827853861	0.029889419570298004	1.864621124320243
WAPXAM	-0.002975902304741762	0.0073243066259612855	-0.026080015296860104	0.2726536560921687	2.165593131750954
WAQBIC	-0.10152267526452619	0.14466313607737324	0.10415164200096316	0.02659440968803614	1.5525454376751213
WAQMAC	-0.3414298726961662	0.18772252113025156	0.22449862689738165	0.14257710582759098	1.5301194467954864
WAQNAD	0.09725597201886549	0.0736999469853915	0.05787484281512545	0.00755533114247009	1.7765865837472876
WATSUH	0.48094633654844987	0.09738225229419828	-0.33247701995264534	0.19472616234479817	2.4336578507840567
WATTAO	0.5698364823023336	-0.010805413022182186	-0.3540552114653692	0.36377026119033695	2.904835630679607
WATTUG	0.1914279671703052	-0.16625897134843515	-0.03308847439177609	-0.23233838155191364	1.6695081095945186
WATVAO	0.15447949584650766	-0.15697886942090233	-0.06498247031528948	-0.14892096290875542	1.7412714393981887
WAVSEV	-0.3610977869603986	0.24183092625090685	0.317420875623202	-0.07217873413502429	1.2169282925532392
WAVSIZ	-0.32851780440005296	0.2736416252252729	0.25032797791614225	-0.024017703214340297	1.289136964238986
WAYMER	0.39821318978578635	-0.10277251722356018	-0.257372094248403	0.2668778002710329	2.456486162888858
WAYMIV	0.38985035684782776	-0.1693581568669995	-0.3063818714756972	0.17273666065121623	2.400191390274861
WAYNES	-0.11677751866741293	-0.12119179508988087	-0.3292041557421975	0.31880198482110844	2.068049056358639
WAYNIW	0.07104158121455484	-0.002855625108435733	-0.26741898134777564	0.42913217511096513	2.448192307165608
WAYNOC	0.16134603200622877	-0.07956068446300579	-0.19797298523908724	0.12135686929672151	1.9827906145061671
WEFQUT	-0.38012027270538384	0.25292638416724644	0.014763209690721313	0.29224158855793025	1.6602523111783123
WEGDEU	-0.08534189604846887	-0.05993813591334762	0.21120712797256913	0.10519376845800804	1.8918053118251672
WEKYOB	-0.09542162552032707	-0.09518630480532819	-0.08490448343169565	-0.056900038865791924	1.5219735627535371
WELBUL	0.3071490309349181	-0.1523658013645527	-0.06472604927851888	-0.16272005933335065	1.8427724602658302
WEMSEM	0.2097136736826788	-0.12201210412742924	-0.04632293586726699	-0.21958193180177632	1.6484350971912567
WENZEW	0.30826510806158636	-0.07829453197502134	-0.3082484362407296	0.04562351957021596	1.9969107253035583
WENZOG	0.23327539527915464	0.06565174929147422	-0.23160849316653698	0.24831376120070764	2.271880961316168
WENZUM	0.2316561177078098	-0.035262944879386415	-0.18584579090191555	-0.09017848573428576	1.7271687065951935
WEPFOM	0.24703936956620476	-0.1409566904029591	-0.341692171283824	0.31396323801188686	2.551308682956939
WEQCOK	0.29173975190997137	-0.07802033241129991	-0.3304730709688848	0.35434083146214	2.5608526806683996
WEQLAF	-0.19787170597737624	0.3548711310616428	0.1632034973446923	-0.00302510520388391	1.446759097542274
WEQLEJ	-0.19218197816487947	0.374734899710915	0.14719750299644385	0.04769066268484484	1.464843764768127
WEQLOT	-0.0658937194886331	0.2659138985297358	0.20307838931150113	-0.13401260380092211	1.361597638509382
WEVGAF	-0.3347327829024378	0.1544225526582318	0.11808543587242326	-0.04614077067995656	1.259875040512926
WEYQEX	-0.02100223888764985	-0.04471778895507783	0.12296392800879596	0.016264252564290815	1.6907487691253982
WIBHOH	-0.3347593383533156	0.35929778051908823	0.35854843995787666	-0.13126331629842716	1.1517221582675108
WIBHUN	-0.12332928119733566	0.08696518045715285	0.23736860052687603	-0.06900722800020452	1.4413129077571467
WICRUV	0.2531950945844139	-0.2218532690715772	-0.18256459566764738	-0.11034261130623041	1.8110576810014343
WICTOR	0.24902881218795558	-0.15127142292202334	-0.057091323241581504	-0.1444652206870511	1.7966315752170703
WIFVEO	-0.4068652042505456	0.2349573404155194	0.21216578939077468	0.0937337746739515	1.4276146331435347
WIFVEP	-0.5245427180449491	0.4581730171358296	0.2284703532856449	0.12046772796948152	1.3383486632670107
WIFVIS	0.0796252285289718	0.10277023484839509	0.18363416264084154	-0.046454452866434515	1.6086506838274495
WIFVOY	0.1432808271487449	0.036651259215020326	0.06230921478005724	0.29055237427350933	2.3493252089492125
WIFVUE	0.1348213140725938	-0.002269853015129497	0.053624881765263144	0.19877270537342345	2.121822612085138
WIFWAL	0.04479962868059095	0.11537597144618195	0.17713941204037176	-0.030215780488637184	1.619002186893769
WIFWEP	0.13802347764285638	0.022577792059148893	-0.051747039249064875	0.1586191652494971	2.0015093912686592
WIHVEQ	-0.02237256263518672	0.1118782339078549	0.12797708288037835	0.3659570061806695	2.17239382856322
WIJTEP	-0.019499581828260837	0.15731192574439445	-0.016590452296167957	0.14586367314560383	1.8831764207159047
WIKBOJ	-0.4252429352351661	0.3308915153681382	0.20033287609538442	0.020438374340238236	1.2241350505145927
WIKCAW	-0.26829649075095263	0.40944235640087867	0.15561829785068837	0.0640519723094648	1.4192549710208928
WIKYEV	0.18642678304166083	-0.07895255813752722	0.13296139370012483	0.030995503233449462	2.0025014794439455
WIKYOF	0.15027960534906049	-0.026741702398797362	-0.1226377878790923	0.4023737554752046	2.6536367970729566
WIVBUY	0.19556653964651094	-0.13220505442067176	-0.16953202407528112	-0.3707545840133648	1.371736494923098
WIVCAF	0.27170205008747983	-0.13173428008984167	-0.2431936007242963	-0.28941084254381877	1.5402575624019932
WIVCEJ	0.24310540659131075	-0.1407471394544203	-0.20575006830218423	-0.27302542267044405	1.5460362797229321
WIVSUP	0.40070302018817383	-0.3337289814012615	-0.2007536500392877	-0.15400371644456534	1.988558923583676
WIVTAW	0.4225985292325216	-0.30854882384398774	-0.23832474465206954	-0.016375468162060924	2.2169533594023108
WIVTEA	0.3800912197354025	-0.27352360517616925	-0.21208817121992762	-0.03834707668325185	2.143930275246305
WIWKOF	-0.3280015222403776	0.2822080578870554	0.1379021462972212	0.09111220580593293	1.4119707370003665
WIWKUL	-0.20567682275502452	0.06690961412295937	0.21622425615740437	0.11383921329824787	1.5805038914817722
WIXBOY	0.23946002275529255	-0.14133799339955888	-0.05909379728434572	-0.2157590196823282	1.6655757068236456
WIYJOD	0.38712760775965904	-0.1703342119489737	-0.07160934982257094	-0.18751424337012929	1.8341728882832258
WIZGIV	-0.5475448267304954	0.1091679497822221	0.1733864806464862	-0.22634534548841978	1.0382647968067669
WOBSUC	0.36227673419437334	-0.25904001844929103	-0.12250813035529529	-0.283251722641751	1.714234521343996
WOBTAJ	0.2961262971174383	-0.20765337981853527	-0.20141273355801137	-0.19001989913310793	1.7276652444372236
WODNAG	-0.6077855390745701	0.36112897757724793	0.2929495265652937	-0.06125793713556821	1.084825077501573
WODNEK	-0.3324015876823956	0.23638156348031658	0.10358744159824984	0.04793711871100062	1.413117242012908
WOFCEC	0.12383206270714409	0.18376407591672783	0.03994753891221858	-0.02474455513217816	1.7619649541342373
WOFCIG	0.1632029310619747	0.34078142034988956	-0.012079251495025867	-0.019259874894735934	1.7842724702663846
WOFLEI	-0.007044038003046094	-0.03859303084371113	0.1266666208605831	-0.06656961642008502	1.6237383337273061
WOFXAR	0.21940109250065465	-0.07804323979114469	-0.15148834079644447	-0.16013111239170702	1.6219450126710246
WOFXIZ	0.33436034127412695	-0.09492573724744069	-0.2173272195421505	-0.040520556359623594	1.909596971496744
WOFXOF	0.3359925010547733	-0.17458947604240593	-0.20566141424690243	0.04992226005634939	2.088595799504196
WOFYOG	0.3335907325258085	-0.17109868277462414	-0.18139709915282465	-0.08168387807075453	1.880087215756988
WOFZIB	0.5365672077260664	-0.2295392531446795	-0.22225336705423793	-0.027841329557719036	2.2892575322314146
WOFZOH	0.25272660161846083	-0.18092727441393752	-0.09242806214314214	-0.15067362160244702	1.7515581204152502
WOHNAJ	0.28209842399238205	-0.1064691415380371	-0.12639987583394796	0.05064361822393462	2.0708992256456904
WOJLEM	0.06276519209646292	-0.17343356053232128	-0.10597745545392456	0.0345251815503381	1.8290255462056761
WOJYAV	0.17888363022583542	-0.1357020088469436	0.022554984727997995	0.017117533710114874	1.9203802289821503
WOKBUT	0.11331346793065178	0.04058735018816717	0.14836652612798673	-0.08522620264210967	1.7012075326939065
WOKDEF	-0.10457022038009667	0.13598095386788944	0.13383280401387232	0.3479500175244211	2.0621118065937623
WOKDIJ	-0.21673562209599062	0.3028687744689951	0.09647127254524146	0.1710277215621917	1.707731675119417
WOKDOP	-0.21914808098593674	0.30733151630212996	0.24528376303483723	-0.0019920926515638038	1.4030678983333718
WOKJIQ	-0.2968804494678561	0.05209031608471659	0.40500000521436474	-0.004880715174854694	1.436954952893097
WOMQAR	-0.13422289808591925	0.2869952861898917	0.09137619288700383	0.06529455602459555	1.60058648734071
WOMQOF	-0.09779885760715956	0.19483151940288146	0.10981089197095595	0.06618059841407542	1.6260663068969712
WOMRAS	-0.1326807398235359	0.364089302241577	0.09470672750852382	0.04716506147346383	1.5875186184318522
WOPWAC	-0.14227052265630125	0.14487022392884408	-0.005800589027437741	0.45530428608200857	2.205761372317039
WOPWIK	-0.34811961199157704	0.2309341419094575	0.22211317440458034	0.17967753048919904	1.4908345987669847
WOPWOQ	-0.2697677540046719	0.18564664675360665	0.23355487039749567	0.08236641033788117	1.4314944079677965
WORBEK	-0.05872207979231492	0.21966711915181292	0.1333215649724484	-0.06427099180616264	1.4844439111790884
WOSFIT	0.053505960372346006	-0.11297345263872549	-0.05601677501250801	-0.13628166085928184	1.6435638898106912
WOSFOZ	0.12348281989298249	-0.1515151106633036	-0.08029654866687808	-0.1919867623030694	1.6284972011171963
WOXWOV	0.07740024030527604	-0.03179710272417435	-0.05956793794136361	0.17671244073858994	2.0477625777580677
WOXWUB	0.20798766469066043	-0.06070328977497885	-0.05164682653794772	0.20579606951326118	2.25903100266868
WOYMOM	0.19413416422106744	-0.1527523463358853	-0.09774725059302902	-0.08784839376276864	1.8079272357419136
WUBKAH	-0.2818208857920781	0.08400666490385089	0.34803949401459233	0.11053787345290267	1.5563403506339717
WUBKEL	-0.2869039643153428	0.09703365076701231	0.2924439595467643	0.104056846425985	1.5251332900441494
WUBKIP	-0.37919678292035597	0.10134906306800595	0.4289803629947355	0.11627185799562106	1.45266750365206
WUBTAO	-0.21949681017403222	0.2794827029618343	0.10179136762985497	0.34362367770130964	1.8730649380913498
WUBTIW	-0.3519999357001571	0.35584047387862694	0.2522788331556056	0.05609201400575073	1.337304582096649
WUBTOC	-0.40006313031425167	0.40648419000103875	0.17553735217712507	0.05848378730415679	1.324334391932432
WUBVOE	-0.2894860395396601	0.33176956829581394	0.26783148722885963	0.04738255387644544	1.3742915089078112
WUCROD	-0.3436988029238832	0.4920387812012963	0.2591291764729331	-0.025810774531546427	1.3157203679819696
WUFBIL	0.31511009297245973	-0.2503489425043026	0.10747368533900503	0.008843576575951473	2.1027742045865927
WUGRUM	-0.5562785979393672	0.12715653011403438	0.25791921257397576	0.13830755765096198	1.3488710608973502
WUGSAT	-0.5293023098222323	0.10374817155365335	0.27411762512800086	0.14927872955266946	1.3933389471227178
WUGSIB	-0.44262610800423685	0.18118963542598965	0.17555526679674194	0.3157509321877361	1.6877766919388402
WUHKIU	-0.5656615212031033	0.30059446134957035	0.1463994040206047	0.2167657767041078	1.3498967406838809
WUHREX	0.38382222568280433	-0.18465209890997192	-0.1290998952548581	-0.04456409777113349	2.099708910513848
WUHRIB	0.37543585489872466	-0.17297581995658995	-0.1586062125138452	-0.04174712403742373	2.0647462575894804
WUNSAZ	-0.07671503495663412	0.005568321396853593	0.08741286579343899	0.2464222323803984	2.0203787091713408
WUNSED	-0.09604469355665213	0.01066934744555037	0.07952193062306434	0.2161922380296737	1.963158814189774
WUNSIH	-0.15863388770760523	0.0023078660901153514	0.11554938655784497	0.17281323080137634	1.83499154959283
WUQQAA	0.27936377564892734	-0.18020695439453593	-0.2601909575885244	0.1155902608681928	2.19886159601379
WURSIL	0.04333457636386928	-0.14223011200143099	-0.018099751597443925	-0.2110293716144949	1.5291776185684578
WUWHEB	0.5172192087855141	-0.03807235771716089	-0.3550431555756214	0.11728539231741192	2.3624804152353107
WUWHOL	0.22666813914873263	-0.05288462157851437	-0.13823726861572005	-0.014544790378639677	1.828195299509292
WUWKEG	-0.1638507089647092	0.22365721124141902	0.15443145461620644	0.009902913987023948	1.4246744704664538
WUXGAZ	0.2586236307549541	-0.08887158581909005	-0.1518279466412804	0.017069873028318555	1.9771124165682221
WUXWUH	0.3164937772775671	-0.15189374905738806	-0.3146041410237972	0.2630474175277637	2.5000024943627057
XACFUF	-0.23059920534849354	0.14378166913877632	0.19580717983714724	0.38058300204023665	1.9658639901367991
XACHIV	-0.09813347057386901	0.1263496639986672	0.15920140945182726	0.27566916844841943	1.9618629657605058
XACHUH	-0.0439033267462845	0.156450304037844	0.07484484577065653	0.16158899732416737	1.8275516543902937
XACJET	-0.028629349124219772	0.17673227677779646	0.014978996768245656	0.053320781493661124	1.7004044032116936
XACREY	0.1625551205812914	-0.10216027439580311	-0.02921842472193803	-0.10743050776662817	1.7475060392765134
XACRIC	0.2831955970091813	-0.16129806898714194	-0.053294769888407645	-0.10507268851921148	1.862095637073717
XAGZAG	0.05459404800349432	-0.14410769430982417	-0.008830831395888916	-0.26704612434407377	1.4949160249248639
XAGZEK	0.2538120373296695	0.10866840343610695	-0.29445814563571915	-0.08106436588596017	1.7772629372918547
XAKVEO	0.12182114102332031	-0.13025007711549685	0.09614860127814939	0.2262357387709692	2.205788823587761
XALKAW	-0.5215628685234237	0.3670292806392419	0.31333224257385783	-0.10126902209031004	1.0581225604400673
XALKEA	-0.37566853140713086	0.3341771494367263	0.1694442380052903	0.008761813212045472	1.3119171450449734
XALKIE	-0.03557574216128767	-0.1836066093421319	-0.03394364020573715	-0.30005994660895113	1.3854953229635
XALREH	0.3204382054730601	-0.17815921804243673	-0.0016809026011150863	-0.1737818965587039	1.860077428590333
XALRIL	-0.16958830275406855	-0.1026612697016932	0.2700876997045534	-0.47040648937666074	1.1375806433714846
XANKAA	-0.10720523287122674	0.016883114963248902	0.15674908911403063	-0.05249447806934407	1.4958665098483717
XARKIL	0.22834102051608607	-0.02843573389362919	0.0608097058770547	-0.24465944199914127	1.6000769856153005
XARKOR	0.27818213719032325	-0.08194852550443765	0.057679119659640454	-0.2901402477525014	1.6215028904278563
XATTUH	0.24206778961228403	-0.2395869767907327	-0.1485489547819161	-0.05816045930399602	1.9214180176602182
XATYUN	0.0811147274513937	-0.0016970628229913132	0.4789531159450502	-0.20966270695143613	1.491496200582276
XAVLUF	0.11248551907893445	-0.0748167528310627	0.10917832717821141	-0.009546589708807784	1.6992038951802182
XAVMAM	0.0873675000533205	-0.06393791201428878	0.033578764384826654	0.10102173576915913	1.8344077997231043
XAWDOQ	-0.46639190477187187	0.19111893073063801	0.2278432409866209	0.05281408268104859	1.2679879270311392
XAWSOE	-0.4101655785786358	0.3453871740582952	0.1941994010158936	0.19547531589390676	1.4687950633650646
XAWSUK	-0.3350350992499922	0.3219526141206248	0.14049852965453247	0.2986653027192684	1.7054561588626127
XAWZEA	0.25180398147162686	-0.12399858384178275	-0.0695567053168753	-0.17980485762811532	1.7524712416598118
XECTEE	0.3036110758969528	-0.06556620570274241	-0.1777203744829714	-0.06348466417348383	1.902501020280406
XECTUU	0.24185208779538137	0.05626269739717382	-0.2059263159956637	0.2682937564333751	2.3806736645134228
XECXAE	0.041011147586715424	-0.05554206650642746	-0.28117940201601477	0.34950821405846966	2.3082103989631584
XEDLOI	-0.5149742618596345	0.07161028876938369	0.2573270683393012	0.2796748309487014	1.522115944540144
XEDMAV	-0.5102969869729801	0.08996044627452315	0.25752452866811204	0.3492799789542126	1.6366129937265868
XEDMEZ	-0.5456241379630677	0.13934970510553746	0.4638747102704788	0.25164918359479055	1.3525086488761755
XEFWUE	-0.4999456106430218	0.06226254630081063	0.41590402965802964	0.04778634072485555	1.2757041924335744
XEJMEE	0.3991535887840163	-0.21567959817128823	-0.27158368820371104	0.14510138249484272	2.403578175861372
XEJNAB	-0.11498221796858576	-0.11947100529256072	0.13587453114621217	-0.44159230955209283	1.1608036655299265
XEKVOY	0.33630395094238263	-0.1516442861012295	-0.04655929548179172	-0.00880063590522459	2.09508738973655
XEKYAN	0.21086600440283565	-0.14684757703572227	-0.08114604129067415	-0.18869882905754753	1.6989506681028697
XEKYIV	0.29905528698747963	-0.1454798522282429	-0.07625960996038672	-0.17246080113876436	1.8202421672482854
XELGEA	0.2267166853761724	-0.20160347949605828	-0.2496828548516219	-0.15309887974949196	1.7141487210877324
XELGIE	0.2315164008178794	-0.214221816443664	-0.24073313351178882	0.05446366541014966	2.0497315198735673
XELPUD	-0.03182914248058211	0.04405902299587816	0.015583336630916156	0.00946114646909299	1.5905845252842568
XELQIS	0.07367050837083866	0.002460517281801966	0.16463942218836047	-0.07539411268171729	1.6519220180859024
XELQOY	0.04671733412489054	-0.17136893161924416	0.14426812235456032	-0.2497067124001636	1.4788641541550107
XEMNUA	0.11858011885090658	-0.08860934909426366	-0.0575071215444769	-0.12682460627222128	1.629937794860341
XENXIX	0.020373284890606858	-0.13165070591881856	-0.05954717570513979	-0.1779463224596622	1.4812500306913425
XEPCEA	0.35364526320632184	-0.17050717868053777	-0.058242224407601295	-0.21093131323911876	1.777295679902981
XEQROC	0.01581675600725241	-0.13848423526776799	0.11332070993890442	-0.10170940192032428	1.579415331675453
XEQRUI	-0.05749653863368698	-0.06689803949501705	0.1498526929558106	0.05546310848817859	1.698938746181447
XERGEG	0.22778654315907287	-0.2640318407691704	-0.0972909159368538	-0.22549577241124974	1.692373971512681
XESDEE	0.32071557150878327	-0.11712043366329783	-0.272328693144984	0.23157825582658909	2.3509956506182084
XEVDUZ	-0.014047128205393111	0.04241845680760448	0.49319726327740665	-0.0032711650373332124	1.628998928763211
XEVFIP	0.28540907764035595	-0.146919037795063	-0.24840801776434684	0.1567339239255382	2.236243028291301
XEVMUH	0.3297703446096829	-0.12632885691535767	-0.07701513254783343	-0.03066152112652068	2.03044986902439
XEVVON	-0.20537518628000972	0.320787571185003	0.1501300949071107	0.06216799656170252	1.5273862700934315
XEVZOP	0.03465275390020972	0.1473550066514634	0.17760269169577136	-0.009176005942027082	1.6298998972206793
XEVZUV	-0.1973257620714115	0.1689894672555594	0.3356942195034487	0.08656955208701361	1.5264303860492232
XEWLUH	-0.14705545032464729	0.17667343065911423	0.22228068400092016	0.02666655237507587	1.4808292681667445
XEWMOC	-0.013443303525610961	0.16762584609541475	0.295466121464552	0.09460105324786683	1.7112199868935898
XEXPUM	0.21741210933924782	-0.14106930142583352	-0.1948535114008294	-0.0019528263562577364	1.8656297533267094
XEXQEX	0.36363795952418343	-0.28388187328210823	-0.2778668451944435	-0.005383150449698865	2.125423589152095
XEYVEE	0.48337046123481997	-0.07835517135435544	-0.2969823123659636	0.22287363500125162	2.5481234936754995
XEYVII	0.4807844475928844	-0.09079815968827087	-0.2867448570321809	0.21845890609854085	2.5054046896316526
XIBQAA	-0.18193133325531186	0.1580394268655123	0.11762646123869813	0.006749693390981332	1.4930340268390154
XIBQEE	0.16534397151617242	-0.017266995445902378	-0.08995727476278215	0.03474509687670932	1.8911805609197176
XIBQII	0.3129377683889305	-0.16483726170887547	-0.1276825584207173	-0.03786896232175174	1.9842330421797418
XICCOD	-0.45532732215087846	0.10304864150214277	0.4049724072209602	0.05422023343257615	1.3028654116768421
XICPUV	-0.14320057098842653	0.1114621016687456	0.2681773722554208	0.02504514237184527	1.5541642483924054
XIFQAE	-0.22182612991393746	0.022374414679104282	0.14548320264492332	-0.05238850160058586	1.4823964263237615
XIGCOI	-0.12092583320559891	0.22261620803941695	0.1084395027891738	0.09707208714208443	1.6104713794462404
XIJFUR	0.21648999733157925	-0.23253838640035973	0.12093617720479255	-0.24745288209557503	1.6945416321848135
XILDIG	0.11468576414191256	-0.07933302888522908	-0.04726517132465102	0.07303672582844883	1.8720721505133493
XILYAS	0.20729499165757748	-0.16586147127215345	0.07494378898546983	-0.22121161312900048	1.6347014116105114
XILZOH	-0.41302415220291877	0.17648957245778896	0.14038898851310333	0.3014352968595828	1.696019558411772
XIPMOA	0.31368934854973407	-0.1310380040534379	-0.11066309993422063	-0.14868483082951703	1.8149601068378884
XIQDOS	-0.18809660142905393	0.12463366472082371	0.37037476663265423	0.13501730508946286	1.634276922988846
XIQKOY	-0.10756697407326543	0.17100287764415223	0.2782106685287298	-0.06475137858854899	1.4662911831110104
XIQROF	-0.3913403200832848	0.3828509169190002	0.30218232831008773	0.020156005096004737	1.2067873930418396
XIQSEW	-0.36359664722213614	0.29593220696385925	0.20778167713653883	0.13279633506774918	1.4247152587355618
XIRMUH	0.045043924871357	-0.12291829069657523	0.09449586585837144	-0.007563372253379302	1.7925990301323012
XITPOG	0.3321023936917191	-0.1577589476122706	-0.08521944855900321	-0.14858490865728569	1.8809255794212596
XIWGAM	-0.0888900936219037	0.2534000716922171	0.004429430821416336	0.06752154816654221	1.630101254886237
XIWHAN	-0.11288656111783846	0.18999618351835335	0.030888197645678073	0.00902821023569969	1.5571293553847172
XIWHER	0.12343488760712606	0.007695706632293575	-0.028027076442818544	-0.28902450436752614	1.424300986220294
XIWSEC	0.10776895999587977	-0.15977992088420667	-0.08387970768368436	-0.15075053670571723	1.6547723738795108
XIWSIG	0.15593713018145072	-0.16354803482205282	-0.09634312255074962	-0.152445425337762	1.699944027157625
XIXDIR	0.2532345209055622	-0.17492285055040124	-0.22604936877858295	0.2644956952270289	2.438933353730643
XIXDOX	-0.13213248486405682	0.30343079263065187	0.16416134062612975	-0.055644062445622866	1.4160181617724334
XIXDOZ	0.11971725496520325	0.004091423189277021	0.022184076503309003	0.2856691674861862	2.2365833248419733
XIXQOM	-0.06364159252712964	0.1442623438266799	0.3141193192160592	-0.11535435062909734	1.4217045117146323
XIYHAO	0.03852464501436215	0.0675318876413401	0.28364731021728495	0.2190600588258318	2.0227061629732805
XIYLEY	0.2870244348603168	-0.1682903279478387	-0.12052932079977507	-0.5207452375419117	1.3225246804646986
XOFJOR	-0.1318665969909003	0.013101100306442737	0.3505331044230027	-0.060733783201396024	1.5269304613712715
XOFKEI	0.08839754989224202	-0.09562739468476678	0.06534380404399975	-0.0954987081797721	1.7333397424893655
XOFKIM	-0.19312580030178017	0.05869209973938183	0.10980513132734959	-0.017573316046646886	1.4905137805542097
XOFLOT	-0.4026365623943824	0.06969300189903282	0.3673234405251804	-0.13724798834147928	1.2223702832823742
XOFLUZ	-0.18081495898151534	0.04265775849847042	0.18966126419816498	0.06373376409738174	1.6402760512888712
XOFPOX	-0.29299342846301935	0.13398800060138794	0.20994801720991574	0.0935896266321613	1.5152247667281986
XOKMEQ	-0.2633111116045894	0.020499233289319352	0.22032081172407825	0.0036287147576447853	1.3878024262858069
XOLXIG	0.21952213774763818	-0.16662422635627205	-0.04051563468673436	-0.2322450359770326	1.6803018160646699
XOLXOM	0.21106517451582363	-0.15031824600598653	-0.03147476098455759	-0.2069718134206303	1.6794724336332953
XOLYAZ	0.2001409203083555	-0.15694626826947733	-0.020550738861002893	-0.22106484575547797	1.6819423259495816
XOLYED	0.20208090459383277	-0.15688615013304075	-0.014711633306891736	-0.26391787243013026	1.614558919982919
XOPBIN	-0.49015034244627076	0.0925877225432179	0.20222384422463513	0.2800014506591023	1.536287944502741
XOPBOT	-0.47558707326011307	0.08613460667757189	0.1886357090491093	0.280412559754186	1.5563607027353876
XOQSUR	-0.002327986020745687	-0.05698801198594272	0.06494432496556368	-0.2964180630208764	1.3027578250743312
XOQWOP	-0.15744721119924066	0.17876997898674418	0.1526116711653589	0.042319709873944594	1.490229337918008
XOQWUV	-0.20782288125042836	0.1832340036027411	0.17111480120756029	0.06500333387597196	1.4987306117199959
XOSNEY	0.20254775328194619	-0.0022977164411133177	-0.19484695161445997	-0.10125965816745792	1.6541327247021331
XOSNIC	0.2655019433712602	-0.06119605680538254	-0.1997379152805412	0.2032367271371	2.29340887482037
XOTKUN	0.18722472642542654	-0.16206092735837863	-0.026075322061025696	-0.1274806062856916	1.796484188008677
XOTQIG	0.25274771107935345	-0.15247475251185516	-0.05036007838467893	-0.1588625483180747	1.8111867744211088
XOVDAN	0.14268759642782802	0.18606136008569685	0.08645903825343337	0.5540807831160017	2.8700267685673344
XOVFAP	-0.08212846046835676	0.18829262691313509	0.013442304861765564	0.5031279288647955	2.457060910808672
XOWFAR	0.4523347567152447	-0.25375415413750924	-0.21457672565738628	-0.06541860600721794	2.1678656609943747
XOWFEV	0.48441630326373897	-0.27299962028854496	-0.30377270228308784	0.05878468044802676	2.3904751644453537
XOXPAB	0.29303874437354027	-0.14908174915719363	-0.0884245389838354	-0.09025842277505114	1.882335837355173
XOYNUU	-0.030416570829208567	0.2496044863368072	0.15151194386763955	0.010439298397585645	1.6445334429607623
XOYQEK	0.026866380566256787	0.1114613280501544	0.14887242177197102	-0.03957840172634414	1.606743339015477
XUCQUH	0.2892618248967951	-0.16966364172466553	-0.07074030827601718	-0.1829669528891008	1.8022840885563751
XUCRAO	0.2795615990085918	-0.17188410213820393	-0.07498141566012251	-0.1589220198904934	1.8243784240631138
XUCRUI	0.3044349025269222	-0.13361434297663655	-0.1389352956610892	-0.04443742047547794	1.9548002212930984
XUCSET	0.23827813697574207	-0.12826233654585562	-0.13260511332216085	-0.05018412413997872	1.8857197110046848
XUCSIX	0.26480996410044755	-0.1499750478238554	-0.12264981876158187	-0.11600002597843101	1.8336283926981822
XUHCOS	0.05158234509667059	-0.06575991966894146	-0.09346979563815716	-0.2563687862063637	1.4073476685765285
XUHRAV	-0.05063175997965974	-0.023576094335999942	0.14739775651218845	-0.08165077574241049	1.519462288123346
XUKVAA	0.022899962825322806	-0.015246868470289332	0.14359692383642875	-0.5113518720589076	1.12545131773375
XUKZAE	0.21740568775652092	-0.13155395751693189	-0.18509160610487374	0.05323479593206934	2.0629396020868125
XULTUU	0.16600151838223365	-0.09426532301627732	-0.09714242529242556	-0.07669202691769168	1.7101642532093557
XUNDUF	-0.1658007703183375	0.09786068598779085	0.14974873845134162	0.014174539905670247	1.5259833939762688
XUNFER	-0.18793265764993006	0.07762146075819476	0.17120702164154267	0.22209297914103282	1.7896571751446797
XUNNEZ	0.3146637657065319	-0.14292994781328427	-0.07993402864593313	-0.176329460990901	1.8287216281517908
XUNNOJ	0.28806719986183005	-0.16884501010551378	-0.04658791700536713	-0.20858781861317946	1.742917778001565
XUTBUK	-0.49548314167976315	0.30158180454403594	0.13082397786606115	0.03249864376197656	1.2613372870002675
XUVGAW	-0.2596678437884208	0.13775250215396528	0.030085140694891432	0.07407706887696686	1.512000330928839
XUVJUU	0.3836641783354109	-0.164518357486248	-0.08393141784637725	-0.10420910004974915	1.9815176492164406
XUWSAL	0.1600580823880149	-0.007814759852897146	-0.016038673930170333	0.26128124626332005	2.322217038225796
XUWSEP	0.24473144571416716	-0.06202215057072191	-0.2471293578924818	0.07815515526424527	1.9918706816992262
XUWSIT	0.15132981175822913	-0.03829350345563631	-0.15481484052244543	0.1413780421360285	2.028821349239561
XUXCIE	-0.5465867374028415	-0.006706730126003535	0.3389716343391076	0.12217167571472531	1.4021296311611406
XUZTUJ	-0.28763208518522676	0.2563505361323404	0.08228451322927754	0.3463899669270112	1.7858199157525139
XUZVAR	-0.18726332951523084	0.10993521718324573	0.25764795500968685	0.07984366004712656	1.5326099828582096
YACDEM	0.20849994028667274	-0.003754064865368001	-0.2388166968075618	-0.2136617986611457	1.549643035663682
YACDIQ	0.20190491126421595	-0.017572921452520207	-0.2257406276901821	-0.22624334010693192	1.527287558942753
YACDUC	0.23920829871147653	-0.04515911557812469	-0.3200232752305763	-0.14421261029201646	1.6743544290642782
YAGNID	-0.13424604343299906	0.021048382651575603	0.1803722420623235	0.20036590632399431	1.809217291529442
YAGWAH	-0.5604161123866533	0.6652073812009969	0.13634183718284643	0.1682766821379933	1.495972484955502
YAJRIK	0.23288975500740383	-0.15083133011105232	-0.026981649370874772	-0.185651780793558	1.7635265218332603
YALZIV	0.29245833612485317	-0.16036354980317957	-0.014496811588563752	-0.1275346663322407	1.8688104367511937
YALZOB	0.21422976797857363	-0.1588532645042614	0.004738322851709054	-0.1214674607814886	1.819212221771564
YAMCEV	0.14619953781852368	-0.07646467139397073	-0.1254468553357304	0.10053338665615263	1.9820614221245811
YAMKEF	0.2947445959205073	-0.15234221688682736	-0.15307321238722316	0.02091529411267573	2.0704718813141474
YAMKIJ	0.2718046657227382	-0.14038354952946663	-0.07923876053311485	-0.1420939322372579	1.7962891106762702
YANFEZ	0.2241046095826036	-0.055199910576117395	-0.1388474611753414	-0.022513719124637482	1.8326507549370872
YANSOW	0.25675123633876185	-0.13637344206391144	-0.08937231714828875	-0.022832752395650663	1.955675796821974
YANSUC	0.2649141647657913	-0.1370209330190506	-0.07989700584710979	-0.03765884618933599	1.9420480628931749
YAPZIY	0.24096727852862232	-0.13483846766590357	-0.050135197608655924	-0.08530459560462898	1.9051259750462215
YAPZOE	0.2617997075980458	-0.16802795594060926	-0.05654743787010741	-0.1830406978227641	1.8026977411223273
YAQCIC	0.2313501247980545	-0.1474304285229291	-0.20974996195299522	0.09688947791207264	2.112026514078452
YAQCOI	0.20758051760035423	-0.12365389380191683	-0.15505538689723442	0.04389875317761657	2.008397250813432
YAQSAK	0.08509055404854049	0.03963350635527829	-0.0635575098365797	0.1772067339200299	2.029638931412287
YAQSOY	0.21153318794280018	0.22588927203340914	-0.0909612079725135	0.05758359105064864	1.9418943154373047
YASNIP	0.3686435936630392	-0.2027413012248903	-0.06096620830929278	-0.12076833319466072	2.0159399698327016
YATBUQ	-0.3156796386360736	0.05609341144135738	0.3635124949837436	0.09947635495594853	1.5479068218578418
YATGAC	0.20306746700739664	-0.12681619882180095	-0.10671855791859985	-0.10363906674395368	1.801190088366404
YATGEG	0.21057488883888675	-0.13436222378568485	-0.09224703397399758	-0.12648114909137653	1.781862747463749
YAVFEG	0.35357551074786997	-0.27921433433918563	-0.21242124148712005	-0.07482188377750358	2.01055850442574
YAXKAJ	-0.04220209864292146	0.08666803872434492	0.04675600590296569	0.134769236543125	1.8277800708072816
YAXVAV	0.2869847182570453	-0.08778505922555713	0.03803932160804968	0.11562202212557177	2.133498455036491
YAYYEC	0.27157649044383314	-0.1886871870599327	-0.21668032938699788	0.021216735882162996	2.0953328403091485
YEBVIK	0.00917521196349913	0.2844573767942056	0.042522021040587665	0.25387956755166846	2.0079172751803243
YECHUJ	0.13843453434998176	-0.14414264778300978	-0.05166172523065571	-0.16721708809545577	1.6703058096040526
YECJAR	0.11216042889222289	-0.0904991845005626	-0.061357544665928465	-0.17997254833651116	1.5984633673427362
YEDMAX	0.17056870575592642	-0.03509055068416389	-0.308050867296783	0.16405054285820947	2.1273360394614027
YEDMEB	0.2855822659135425	-0.1867082825346279	-0.30474047483457967	0.2706057588529539	2.49948985036023
YEDMOL	0.10804412704261379	0.027527509126987648	-0.3634143225359825	0.4583438654225579	2.5727782864334148
YEDNAY	0.2900235895989556	-0.1951729818065734	-0.2761280589619326	0.22202832856362403	2.4307537940213115
YEDNEC	0.18531330938751545	-0.05765396177430615	-0.30078770082538675	0.10623198760906233	2.0427532368098933
YEDNIG	0.10913045576309255	-0.14003885975811214	-0.16804069097017682	-0.019232252424099316	1.816611509522925
YEFJEY	0.1680446329155867	-0.10811084681170346	-0.04568433724812415	-0.08852660519965702	1.7797958681032453
YEHFAT	0.33201696348872334	-0.16652860593546515	-0.07212085492818865	-0.056951709644948695	2.030192389818206
YEHHID	-0.09116260300886259	-0.002420366507577709	0.293404493431199	-0.010097598392372592	1.5410485806451946
YEKKAB	-0.42217225134780767	0.16871786272491218	0.11883234747451188	-0.0509760036805601	1.2410652739898738
YEKSOW	0.045489464708607485	-0.16454537461904817	-0.1383809615432141	-0.1050577389573796	1.637225080986829
YEKZEU	0.031114045456806405	0.11063654917613575	0.041323690469423635	0.08523558888229721	1.8406796368281928
YEMZUM	-0.061555168455967646	0.052360606749252026	0.31613147407640674	0.05552818024096909	1.7034550295997162
YENBID	-0.13987998558158354	0.09981328272994072	0.22846087162885764	0.12105014702517225	1.6959996050529784
YERPIV	-0.190869024357474	0.1666532494664471	0.35283788354650825	0.2188420955342601	1.705200595476561
YERVIE	0.19878428377213142	-0.1564097300420475	-0.050248636312307804	-0.19743983004762483	1.6993898210991876
YEVKAP	-0.33254741058966664	0.3950218014076865	0.11378973341552934	-0.046704093874412406	1.3402365525953208
YEVSOK	0.34330405580547785	-0.13362259902077056	-0.36067392535092324	0.4081546427874665	2.7947981859047086
YEVZII	0.29082275271394087	-0.1625714006637765	-0.1295901969758202	-0.023356248353924303	2.0322371109009625
YEWHAK	0.24788000506759467	-0.23157038782585393	-0.2034028576710296	0.08253669070682457	2.1993997621752
YEWHIS	-0.027486831873726913	-0.04671431814817095	0.06567598533378582	0.1443979104391263	1.9258930991883725
YEZMIB	-0.22930419695489723	0.1079016203452704	0.20493701846547507	-0.0008159055326404652	1.4017124462019295
YEZNOK	-0.23945349704853225	0.22770635495360203	0.30933112411717834	-0.2100863000756969	1.170501819573243
YEZNUQ	-0.21048336434013626	0.3521138331800213	0.2105961506071281	-0.12385650832696798	1.2076318427105417
YEZZUA	-0.5166659702259895	0.41631287521710814	0.23016172747492014	0.2034478984136019	1.3834513612696524
YIDBOD	0.18353311041748555	-0.1307701664684069	-0.21447107217010775	-0.07741988757574769	1.7410076651473474
YIDBUJ	0.25323857003739647	-0.15609674278014618	-0.2665784986254045	-0.01700971852752131	1.9036040245065462
YIDCEU	0.04990253520412624	-0.08735411393477366	-0.1366742480401042	-0.05350629250075867	1.652018040894602
YIFYIV	0.3211823326041614	-0.17639237592870172	-0.26310526752302255	0.07635741947584063	2.203303917889985
YIHYOD	0.1658425080821999	-0.045505454138274004	0.007672768957425413	-0.21306953893827427	1.5043968152827003
YIHYUJ	-0.048568678960883904	-0.03171067652808679	0.08360867066095157	-0.37717778948186675	1.1863162757090884
YILZAU	-0.08673500890322128	0.2121301200134782	0.006613541560132052	0.19273875307276778	1.8065233596471006
YIMQAM	0.17655680689597997	-0.05930795445143	-0.22353756007959702	0.0353131249068708	1.8744403043736249
YIMQEQ	0.14278952839325543	-0.08338375100764528	-0.19342900291687926	0.0370427710088819	1.8498651701284392
YIQWEA	0.2674242752068099	-0.10065401088781667	-0.19152155263385406	0.037732767102370335	1.9959367739274554
YIQWOK	0.17664715367451578	-0.04838172764763271	-0.18003290388211868	0.004192633877274421	1.8008597312482735
YIVWUV	0.1353065218657128	-0.1342980677420611	-0.0753593568704427	0.0013283094585236077	1.8252714685823528
YIVYIM	0.14277502961860922	-0.009211799250028019	-0.105860049796622	-0.3063435343831865	1.3790160913295697
YIVYUY	0.10962552713801177	-0.14094113030688238	-0.18101493984348327	0.007344004761606876	1.840096706852851
YIVZAF	0.32692319334364317	-0.19022843277402846	-0.22651279867385932	0.09795550499234218	2.228756479971244
YIXCUD	0.10411965028024106	-0.0006504194848491185	-0.061177376112338644	-0.11253892051207597	1.6028280054117405
YIXGAO	-0.2601925837192134	0.41366528359999055	0.1484742849431513	0.036050231852983866	1.4677029702894062
YIZCUF	0.27086711604546965	-0.16421632554814047	-0.16277728940409486	-0.048787386696186874	1.9460284744592777
YIZJEW	0.15017554085258134	-0.09650974844864901	-0.09750902123103078	-0.05069985446000416	1.8025234506147827
YIZJIA	0.1607450033322495	-0.1163354951640484	-0.10154967399687176	-0.09161533034558651	1.757372364272153
YOBTAL	-0.11508371629140868	0.06736074992166652	0.2227905849244376	-0.17117242179300976	1.3549151626005151
YOBTEP	-0.09330835735116327	0.1204422597901883	0.08720397980454964	-0.20711081079209884	1.304219020398621
YOBXUI	-0.4010481499842369	0.030325967614250438	0.20001240365807327	0.17763141854252423	1.5468040866057176
YODBEZ	-0.1366108706338527	0.04386520535380645	0.1827642949777455	0.19850317993847494	1.8949347964670915
YOGJUA	-0.3632993242001943	0.15013180876929755	0.3635052837021646	0.20148681451762085	1.5460050293760046
YOGMUC	0.29717538849189973	-0.13959312956695857	-0.06952952915566324	-0.0627144205395308	1.9454640483493835
YOJMIT	0.11293153472649253	0.2718373969041432	-0.0056184823320135635	0.011296279836485235	1.7246765784594142
YOPHUG	0.24954593361375776	-0.12243707337805276	-0.09990623571323565	0.006977777793864937	1.9883150631368922
YOTGET	0.2945565025490309	-0.041697198075385744	-0.20267008326622338	0.16471289490892044	2.2333174741744237
YOTWIN	0.33687898878171607	-0.16547344996477542	-0.09078642130684988	0.18412863074664648	2.3976166988154635
YOXWAJ	-0.5362246833776281	0.3816779530723762	0.35608110955067573	0.0008732921324343945	1.1260251823375955
YOYBIX	-0.06587697515047086	-0.06499829961234149	-0.1273359259023148	-0.036754765621724805	1.554104567642023
YOYZOC	0.1747751432543878	-0.07695828869471633	-0.16665161320055843	0.007312566817744115	1.881676165689969
YOZBEV	0.08519872799581263	-0.07510566911777383	-0.12337719536846081	0.1232352433438349	1.946808614179853
YOZDAS	0.24043374330333123	-0.12406210835802589	-0.09273398332044525	-0.009809361055740012	1.9564170322886532
YOZDEW	0.2628835311781814	-0.12343229101368536	-0.08997573320090257	-0.004535682500625082	1.9860957857162622
YOZDIA	0.2613470282752135	-0.12606764980430418	-0.08515312856789192	-0.01064670521362604	1.9759206383343524
YUFXAY	0.05233303479782547	0.021613790881981898	0.08223450680479716	0.05775323546439021	1.8147088051346052
YUGWEF	-0.5497416728085929	0.034565112385824937	0.3517056032310186	0.15988937453863555	1.3765868468345763
YUHROL	-0.26926469046016077	0.014645167381393986	0.27238701952411914	0.01854047046233817	1.475470379144868
YUHRUR	-0.07003022227660427	0.006485292104621676	0.25344764840972855	-0.1031568573030492	1.5027403046132757
YUMPAX	0.025398122233221354	0.05862601299304382	0.07196231976539846	0.3099751767554286	2.482354592303639
YUPVEK	0.32109445812845694	-0.1610321228301369	-0.18606551440136854	-0.02280229832483252	2.057718761987
YUPVIO	0.3703969722541349	-0.19829912506367298	-0.3260658916430772	0.16959134638246703	2.441285332441407
YUTHIE	0.25892696670905213	-0.09786265301567654	-0.3340350612186288	0.5643780109975243	3.0239542674824667
YUTJUS	0.26152429943151434	-0.23878488029882605	-0.11430515626184423	-0.1619811524234806	1.7930057070035958
YUVDAW	0.21335307285785454	-0.18134920265103172	-0.17809558572082085	-0.023950041029453223	1.8975151485424782
YUVLUW	-0.48928743648719664	0.1901453846556076	0.23138041423691225	-0.06199558528672877	1.1141621817089653
YUVPEK	0.10032772064185869	-0.11710179075468685	-0.10119717598959466	-0.12866044039711458	1.6353523629007762
YUWDUP	-0.1255076643223325	0.03328296949648557	0.02468536760054829	0.03503046414061883	1.5810172916120766
YUWFAX	0.2128722145758024	-0.13725097407756504	-0.20107202860576656	0.07655788916083256	2.030031680792285
YUYDOM	0.1941348032692991	-0.11216884846232955	0.4391646080963867	-0.3608589140535853	1.4540950241370463
ZACLIY	-0.4610513051471741	0.05402472050423612	0.30915260488160134	0.15038820591637936	1.449257919918383
ZAFWOS	0.31985738606767544	-0.1549999988057874	-0.06335718801260137	-0.044517985069390476	1.9946764188888397
ZAGTEG	0.31430410596012237	-0.16570113595802882	-0.18846031580625722	0.050820628720901095	2.1441920171377564
ZAJMIG	0.3866137914577852	-0.1634009346132138	-0.14190885168284062	-0.005024055707752717	2.094404921179848
ZAKNII	0.21217197157792356	-0.19838694694850012	-0.12865286117341723	-0.1332353244431367	1.7329076710537068
ZALYUG	0.29193127272846064	-0.17721110532159978	-0.12510799107717752	-0.10064449923228301	1.871762862740515
ZAMWUJ	-0.22459591840962512	0.14994809610222337	0.4766019064088174	-0.038358406437818016	1.3515341317107485
ZAPCAU	0.10173461424443442	-0.07376547833986924	-0.18923562551330608	-0.017378962504236595	1.7390042339768854
ZAPCEY	-0.02254767737384622	-0.06360925065636369	-0.06092261482889416	-0.08417779817629405	1.5610185210603318
ZAVDUV	0.2821626782775013	-0.08986731123257485	-0.3221267963093879	-0.09985504009773828	1.8011489806239234
ZAWYED	0.23230169993100747	-0.10388422902902683	-0.29462762476312365	0.15703213621079898	2.203911745954171
ZAWYOL	0.03355814014502334	0.1662248288681324	0.11918901503401713	0.17793519515334244	1.9248000345248828
ZAZZOR	0.19914076881080334	-0.09309168480915941	0.3253949392493354	-0.015479242613293892	1.856708516826708
ZECVEI	-0.009252825678499832	0.14610059991023927	0.01854089342779175	0.21370224027599816	1.9387047684991023
ZECVIM	-0.18879220752538828	0.11499460828879116	0.1051354839513734	0.016379284512093806	1.4966647878065713
ZEDXEL	0.37806951502872366	-0.12486605806243889	-0.3517857479877762	0.3635988665816984	2.752360711049228
ZEFQIK	-0.1115931042724374	0.24237762967789744	0.07158371003934794	0.04622705867252466	1.607420588782926
ZEHXAL	0.24745020616713997	-0.08059219569906528	-0.1462053277239188	0.006717821181941197	1.9513627655686676
ZEHXEP	0.20941186555287672	-0.11731662075150462	-0.0330115804085378	-0.2419225218618734	1.6270632390028246
ZEHXIT	0.23067696990494468	-0.08501088438801607	-0.06144320305203688	-0.09609842566289235	1.811019998836288
ZEJLEH	-0.08953007441225402	-0.07954462911485471	-0.20466296542217433	0.13218139623474684	1.8565508531061279
ZEJQOW	-0.13304708088546757	0.17535982865573052	0.13243357411917311	-0.11809987755880932	1.3664074410916291
ZEJQUC	-0.42468880997502767	0.018269716136898317	0.15800275399905206	-0.16028273110781788	1.1811250137260951
ZEJYUK	-0.7296722679020826	-0.09329069448876581	0.47815713750641087	-0.21362712346814744	1.1012848223399778
ZEJZIZ	-0.7692412267730653	-0.0657322908693384	0.5093997617609061	-0.27883407507651947	1.0176594565387145
ZEJZOF	-0.41381916550396625	-0.11144814822671723	0.1666070687103074	-0.18735656651857235	1.1890270248436894
ZELNUB	0.4360670197231684	-0.09500590304670553	-0.1984474684816553	0.07133418557436483	2.3009347522401296
ZEMQOX	0.17081327857137296	-0.08907232880317217	-0.06837226603780833	-0.1406599759990524	1.6373829385491245
ZEPMEM	0.07411729597389671	0.015927355800837262	0.13519746470116845	-0.08979806853226076	1.6230744264476584
ZEQBAY	-0.21425298155726447	0.20324984398379753	0.23527548664484232	0.09246009990720844	1.4364048477864861
ZEQBOM	-0.07995512557747775	0.08096975670655127	0.22983925884936207	0.14168814779118438	1.7597018519648338
ZEWGAL	-0.6038884841007284	0.582423565210161	0.22106892934593292	-0.17870096703035893	1.0059039296391719
ZEWGOZ	-0.5168195708475749	0.3780673464978819	0.2731828703538566	-0.11650936409009613	1.098014688999605
ZEWGUF	-0.5440206197574784	0.37460352728936086	0.22900414050808982	-0.07878971852357043	1.0954766804303617
ZEWSAV	0.29652179836682047	-0.1531131049137463	-0.08238260386668239	-0.06695709297752628	1.9436567576819015
ZEWSIG	0.08445250222318679	-0.06045079083227489	0.21598203817112838	0.032279639379733355	1.851625863092473
ZEYFEO	-0.05731191004491931	-0.13022348057453126	0.040114347842293396	-0.20021136520753957	1.4781348549429456
ZEYSEB	0.2745827166017114	-0.11649537741952631	-0.10737316746653369	-0.09030157337193791	1.870992290285339
ZIDGAU	0.36817101537904895	-0.18256351703610807	-0.10916116918886676	-0.1610617748601656	1.8744594605258298
ZIGYEV	-0.03606259053868799	-0.012182242621939676	0.06945526415127001	-0.03841523132274538	1.5976320320777013
ZIHJEH	-0.16950395480267133	0.06958062189377057	0.3172388723306201	0.07504465208507727	1.5935429776713037
ZIHJOR	-0.07899804641362573	0.07474381816072873	0.3214125117690545	0.07086444204781661	1.6611349762487655
ZIHJUX	-0.15048898130435528	0.09906567340190464	0.3394488851517614	0.07094374982404722	1.6059084754961912
ZIHKEI	0.1626493467153276	0.007904076847694563	0.04710157447701668	0.17391984157152052	2.0911336405243923
ZIHKIM	0.07354572227688694	0.13102668177637056	0.17489694602078143	-0.0012283313446337651	1.6642782119899489
ZIHLAF	-0.1752641792885652	0.04247753457879955	0.21763561914136953	-0.04432376540371527	1.4329465777312738
ZIHLEJ	-0.16298998364725614	0.022850039448867543	0.24590930580893855	-0.02944972986287997	1.4568068354344716
ZIHLIN	-0.16968578647835564	0.005375306036926042	0.32571469235575856	-0.11721541335763228	1.3795355954104398
ZIHMAG	-0.0687640483632701	-0.0009637327823239783	0.28947984826179884	-0.03685126283439458	1.5915322138171444
ZIHMEK	-0.09675453960656677	0.034799140723115074	0.29815955580080833	-0.08328607927605038	1.4819158501203231
ZIHYAQ	0.2720220260793451	-0.1499514198683518	-0.10635767530738605	-0.17356854797792054	1.762374665820071
ZILWOG	0.14273892379326902	-0.12612394349351175	-0.04119611420703828	-0.24889189425559344	1.5672558434836432
ZIMXUO	-0.11812502484411169	-0.07894259062315168	-0.08626966668534952	-0.07320157311047139	1.5121487873665285
ZIMYAV	-0.2065196137507206	-0.10505654751982274	-0.01984935980457192	-0.21006164299259328	1.284190152210802
ZIMYEZ	0.1850875507024119	-0.16861000147369376	-0.28094629177376906	0.08313402313680723	2.012444984452075
ZIMYID	0.21606506314468987	-0.175179804671038	-0.37691605486610047	0.18653539181398976	2.2150579693204504
ZINZAX	0.10636110902294726	-0.16706422006254285	-0.1826823703947642	-0.07453597543795076	1.7165170272912904
ZINZEB	0.25400343971061057	-0.21493435413008521	-0.08510837072728239	-0.22553438533922598	1.6759341808564034
ZIQCUX	-0.1360898125983141	0.02477515759384219	0.3003838129153469	-0.06431280269676234	1.4446499237479538
ZIRPUL	0.11542134377562441	0.09732062879847991	-0.12940176120235636	0.11310476574787837	1.924543694139126
ZIRRUN	-0.033390609038671304	-0.16586311871596238	-0.0340109842624019	-0.19171660045379962	1.4914094145148047
ZITHOC	0.1051337675012487	-0.028620123693446797	0.12726992818904215	-0.09021755562589366	1.6538122668786317
ZITSIE	0.3856887896412502	-0.17983972799711778	-0.12001499748087929	-0.02673655820920956	2.1145833285192333
ZIWDAK	-0.14943830405030445	0.27964484930808453	0.10166391696599675	-0.02878148050062207	1.427945479171568
ZIXGUI	-0.27639648824423046	0.28784848282244346	0.2503895705460759	0.1525261182382075	1.5276999637224753
ZIXZAH	-0.06061925586418493	0.19932802358939705	0.28000463713084556	0.21127958197251234	1.8933712033933798
ZIYCUF	0.3466408331514561	-0.17889626063882447	-0.07668630518481323	-0.0385389108164802	2.024248074694186
ZIZWAJ	0.007611729375083698	-0.008973193002400404	0.21062234696381488	0.12180612708863475	1.817295075778822
ZOBNUB	0.14821609745856668	-0.07109134057244126	-0.15362951785538348	-0.046129940298218125	1.7603337900951277
ZOGBUS	0.16717838957379705	-0.09204131119077574	-0.006978316986398614	-0.19526068170186894	1.6004674913260035
ZOJCIK	-0.33229290146220825	0.424849926229788	0.006139212369580704	0.12802619616987315	1.4804812531372722
ZOJRIZ	-0.4960737264714141	0.10120682172698003	0.3521094492217334	0.22287422485446345	1.4380623389009182
ZOJROF	-0.41841585566939354	0.09934192275274567	0.33781828205185516	0.3001331067820793	1.625195611453742
ZOLDAH	-0.21733935335888876	0.10918359612444373	0.07713832768071938	-0.08655947425783062	1.3739348193153917
ZOMGUD	0.23221935745080913	-0.13851691378189945	-0.015792219421800757	-0.2909913177264961	1.5396839926263632
ZOMHUG	-0.0014996687563200162	-0.02562386602464295	0.16557966425467519	-0.5145175791928485	1.1075534407088434
ZOSVUB	0.14518540295159443	-0.12418612802079954	-0.1084431336418421	-0.18681726516808192	1.5795163603753628
ZOTFIX	0.37670986329613676	-0.24631654694963645	-0.14123851715138924	-0.0618129433293767	2.082058994465637
ZOWYER	0.2063050372747588	-0.16750620494496193	-0.12336934096849506	-0.1497966955744121	1.7229324992646915
ZOZHEB	0.010125449596145142	0.12311982862213289	0.19632360640000068	0.3992960624701646	2.3207643339874946
ZUBGAE	0.31476332901987103	-0.2216407122410765	-0.2823036993684376	0.08853732079413268	2.198195450533099
ZUBTAR	0.3152638906371923	-0.18732232598110998	-0.17198427308573128	-0.089157226183575	1.9112023350490306
ZUCSIZ	0.3647664128550878	-0.12881612362592354	-0.2966077261086142	0.26806938101417593	2.5397226255761263
ZUJLUL	0.28613021901191127	-0.15594521480433743	-0.0781826806951027	-0.09751596978611346	1.8890014913661386
ZUJXAD	0.41616177489420636	-0.014335224741595876	-0.2440018750197983	0.18833991851980086	2.343078439549355
ZUKBEM	-0.011502120487906886	0.0793867880199347	0.19767925884830428	0.11275545977922857	1.8210651727941536
ZUKBIQ	0.02773945608559769	-0.03807804686334182	0.2248059655979433	-0.25294263989934	1.3468918351488925
ZUNFAP	0.4083370957721355	-0.2897565677256223	-0.2644186418775716	0.08059965762862137	2.312904281321243
ZUTJIH	-0.09374350708796131	0.19900353555648964	0.02607792887439797	0.07959986321096074	1.6440814801600334
ZUXPAJ	0.1748021139497693	-0.03383425804463114	0.009909056760928348	-0.2634605090563987	1.4590298122650953
ZUXZIB	0.09804403816383989	0.00715037736059021	0.10142687547221807	0.09932492270570836	1.9325100158642972
ZUXZOH	-0.235676101742206	0.17732567452918524	0.23535866809534722	-0.16737566025648937	1.2414055664819907
