name	pc1	pc2	pc3	pc4	std
ABOBOK	-0.2913347126886974	0.29028622616860333	0.07288024552184424	-0.07335529633109795	0.8805355178962239
ACELIH	-0.34358943382108365	0.21162809235263202	0.13921468369396986	-0.07408402208715006	1.1269598743062503
ACILIH	-0.5975180060636043	0.5661273986173451	0.17002541885187952	-0.009027587681736657	1.0885585615426747
ACONIQ	0.9183405213191485	-0.6365555486092829	0.5405239388346468	-0.1394316238639745	2.8461416571446643
ACUJUG	-0.039360544014582555	0.3412552601361106	-0.027546296537356726	-0.08966516749037387	0.7866842288087632
ACUKOB	-0.029374920852730302	0.3434593110422631	-0.009318501894123699	-0.08847790137033537	0.8130870324108284
ACUYIJ	-0.03992386210265364	0.31639176350581677	0.024407488388263232	-0.06929521924005495	0.8917393523942082
ACUYOP	-0.073192617049338	0.3757044371579422	0.024249141297440824	-0.05998159294538613	0.8582277610746097
ACUYUV	-0.0688318304325155	0.2702005341947932	-0.00753407227588393	-0.02955514718971447	0.8839335317456826
AGAHIA	1.13870545038333	-0.7282682051903985	0.43749962971701617	-0.08705979672580139	3.1777604805498374
AGASIL	0.8302273340936535	-0.7747568218941325	0.031185050873163006	0.012319628573129814	1.9544134767850783
AGEGUO	0.8312374225759265	-0.38528958806340935	-0.27528277722828	-0.10360354652739656	1.4588152223572632
AGULIX	0.032018844363913335	0.1327161571598151	0.01318397121486517	-0.11077838410976107	0.8734267186967754
AHUGUG	0.6577122273525253	-0.2859172374313124	0.07535389997797126	-0.24002883194229707	1.5783743027864698
ALOJAM	-0.6461342598682882	0.5639471332338403	0.11703244692327061	-0.04557352997793036	1.0359117323581943
ALOJEQ	-0.6945315464641664	0.4997810651142357	0.099062389260036	-0.05689838968996924	0.8734606928191542
ALUGIY	-0.11147099474851485	-0.38014764501485876	0.4711140182958089	-0.1428793298112389	1.4055326921054527
AMUJUO	1.0998860849277619	-0.2750477044438244	-0.07967719619748458	-0.032247119378831124	1.71514517804549
ANABAU	-0.14753308482156058	0.3423015371313093	-0.0985142132467822	-0.07221748691740604	0.7346578364780264
ANUCOE	-0.06357887360718006	0.36915008514601266	-0.10065357684725518	0.05360297369038804	0.6874024364873335
ANUCUK	-0.03526450629947142	0.37894523556191795	0.029385549350190138	-0.0332626782294901	0.7955157341916242
AQACED	0.7812017929994215	-0.607145761077383	0.034984654535646365	-0.20097457026110468	2.0271426143539992
AQAPEP	-0.15767662780475478	-0.00898674477742345	0.4520247594547454	-0.06800618025604797	1.354658061595463
AQEKOZ	-0.07703205807167679	0.282005698549178	-0.06368616155057376	0.03137922963992623	0.6863561411012382
AQHPRV	0.5458559000453298	0.2897225908816835	-0.18570812041159318	0.0960578910940379	0.993052774938006
AREYAY	-0.2068933644378812	0.2928276261678543	-0.03645693564516515	0.03702439508331703	0.7838179961277763
AREYEC	-0.28208151559003136	0.30442595995841415	-0.08237346874219159	0.07271429566047	0.7289181722490192
AREYIG	-0.2572170506245559	0.3318930584589207	-0.055192225090958474	0.026934902838375036	0.7743301105402394
AREYOM	-0.23735121250512536	0.3124184331378915	-0.047029303808896056	0.024153637568966897	0.796535584141463
AROJOG	-0.26920118599809806	0.1522710240162114	0.20774978154723237	0.030508780963047148	1.0455534242857807
AROPIH	1.0427307561190653	-0.413218985074544	-0.010691175478066417	0.0737870859532708	1.7766149279211956
ASISIE	0.556306330272577	0.03028361440134919	-0.1368017864103914	0.08303249401038534	1.1086093262346353
ATENET	-0.6630007510599194	0.5294665531783275	0.1789264546529651	-0.024216993936008263	1.039502627101354
ATEPEV	-0.6121489710739496	0.30255338007571886	0.20479447056802794	0.039555560925347635	0.8942915493876752
ATEPIZ	-0.6066149136404633	0.20453750497647738	0.20160961625514248	0.03435797484756485	0.8701777033810044
ATOROS	-0.33732088254021164	0.03441001705891711	0.4422986083006816	-0.03685911785842656	1.2248223579191224
AWUKUB	0.2922470913901747	0.3054414905832471	0.28086403281519534	-0.13580678123721365	1.236162879891065
AWULAI	0.19635102961957962	0.3284191268368727	0.1978582089906278	-0.1201195758571105	1.0479244915897026
AWUMAJ	0.38887505331362293	0.2384062051926329	0.10729999033396781	-0.028976592976075757	1.065068700087899
AYIXOW	-0.030992942269817192	0.4264716385513706	-0.00837260966187095	-0.04845168735154673	0.8360558000804983
AZUPAP	-0.5599940554967668	0.38788906580221216	0.14301336629009867	-0.0026437897060762675	0.820958233274411
BABGIY	-0.1270821022978912	0.32660907850074594	-0.1304603660923579	-0.07806190313036722	0.7208829093682432
BABGOE	-0.12454992995988023	0.3876674407324071	-0.11326886372213921	-0.08463201167774899	0.7458233228308604
BACYUB	-0.0356668235363613	0.34729624994917907	0.026519206626614833	-0.00011543398238469949	0.8959290763073895
BACZAI	0.0037467109941395904	0.28977202934832513	-0.03628736171174489	0.010468258163217323	0.9287980367794901
BACZEM	-0.13175833027518724	0.3527118373718853	-0.06949409024876484	-0.024976699249110418	0.8298528255092703
BAFQOO	0.08897989429273068	0.3124084596483673	-0.1585026669814695	-0.14112160434653115	0.8532630156796257
BALYUK	-0.48499575727434996	0.25365515945747463	0.2761087891367737	-0.0788126693250086	1.1097537309775387
BALZAR	-0.2992444070511975	0.21895960770671274	0.16883878367450658	-0.03877830115759978	0.9241833380180074
BAQVEW	0.5616735123828493	0.027484286961614757	-0.12168400729388942	0.0164058248608713	1.192084643062204
BASTIY	-0.13526233750583172	0.20916894676321052	0.02698776969098407	0.06307851694750989	0.8438977074000413
BATMOA	-0.28408369837197256	0.18628508988199965	0.18685338063657012	0.047554915484100554	0.947602809329306
BATPIX	0.25408482742934835	0.17550120587066986	-0.14913893906927614	0.0718451054150196	0.8568693787836771
BAYVEG	-0.5218057707341135	0.3656236787987087	0.22813475029791228	-0.01148803638834111	0.8461426098150449
BEBWOW	-0.06379342818212752	0.4021537847001332	-0.12042930286286965	0.07640201974108764	0.6877611162129768
BEBWUC	-0.0369303035263151	0.25822606020427596	-0.0740978565503053	0.048022654350378495	0.7259794556351887
BEGDOI	0.1537069820681487	0.03181066073225225	-0.22119543492249505	-0.0927013714877638	0.7362555196459682
BEGHAX	-0.5568930497195601	0.369873681523435	0.1358113239795374	0.1300195485642952	1.0747668589296866
BEGSUE	0.25288202225615386	0.03402350760260198	0.0012851906446429973	0.1159546867036815	0.9237583301177765
BEGYOF	1.0050826787356786	-0.24159810991081787	0.29976208833984175	0.1330489327258641	2.040560292037771
BEHBAV	0.911347787669714	-0.43918427894167644	0.3304343293500943	0.004333310639744521	2.1446157088011693
BEHNUZ	-0.030199523759497193	0.33010006074991416	-0.0258097997400962	-0.09317015676643317	0.8042207902837429
BEHPAH	-0.02109860859284174	0.3390639448199907	-0.002824050462044647	-0.09268226086123771	0.8340461207182688
BEJQIR	-0.6372020428096987	0.5406913140026927	0.16402433896394422	0.02006944269448362	0.9501497962466847
BEJQOX	-0.48285743664887537	-0.025460038858096556	0.3055757766943823	-0.11111730523500207	0.9662950582280132
BEJQUD	-0.5585234053870858	0.26144384060789483	0.1432834953521018	-0.05552073733326171	0.8108341080615024
BEJTIW	-0.5191735174101249	0.405646237018659	-0.13321363795920346	-0.03667725488300411	0.683527992108317
BEXYIN	-0.19504697658005643	0.40237091884999365	-0.11538294537751839	-0.07383919058347901	0.7676769357135871
BEYFEQ	0.496075860658729	-0.29755534802027994	-0.06605852136487299	-0.09076425572661934	1.1389969955608255
BIDKAC	-0.501640485776726	0.42738350440691175	-0.019423910788053486	0.0015593521533353444	0.714905310984724
BIGYUM	-0.4209772039857844	0.4287449176978365	0.1866324051226456	-0.09479894572881778	1.0316022222007202
BILQOC	-0.11001164101741479	0.5109790778163642	-0.05156987793579586	-0.04671734519204297	0.8366143729187339
BIRKEU	-0.2004534334917727	0.24398670802489575	-0.00943791232392599	0.05491107869844001	0.7710488822818413
BIRXOR	0.3674047273580623	-0.3359098326449765	0.48761636798607977	-0.2304814304429597	2.01491221684174
BIRXUX	0.3706819816279894	-0.06085351382829152	0.0363979459295691	-0.08733158890301579	1.2506455497947486
BIXGEW	1.3726813706823502	-0.7625153580767611	0.343327586714653	-0.29537823625465304	3.9973218896018103
BOGCUW	-0.6118182790294475	0.5519435412296562	0.18096743876846164	0.0045740213466688925	1.0783562438182057
BOJKAN	-0.629366273727265	0.2088963804140589	0.23195063125129564	0.015223092928733296	0.9211766685839946
BOKPEY	-0.3409744953817504	0.33300826204808376	0.024683074643286534	-0.02458227449792233	0.8004454186080726
BOKPIC	-0.3254389872827339	0.3323482353582222	0.023576902305853686	-0.020141125079791426	0.7913835259474142
BOKPOI	-0.30281690737694333	0.3133629763495104	0.08135647004333427	-0.022601463801152133	0.8841406754367546
BOKPUO	-0.3304882181845805	0.35580549882936297	0.005656350570549112	-0.007920797501818885	0.7894976605265274
BOLCEL	1.3820137293591812	-0.7682245353908229	0.06469137122193047	0.025321719822057623	2.583136483893761
BOLCIP	1.17241274141969	-0.7476570428695059	-0.018526030575842206	-0.027372823609794483	2.0417908045950703
BOLGEQ	0.21947214330804332	-0.15594366465806442	0.10131540472120648	-0.27599139249463944	1.2368378099075434
BOLGIU	-0.29041666619992235	0.4313615883705043	0.03384570832663769	-0.05420334393910152	0.8135874924885169
BOLGOA	-0.2910459927110547	0.428330842617488	0.03246704292112643	-0.05587287334961451	0.8104110529616637
BOQHUL	1.1663395836771042	-0.21440911909017502	0.3025131017531436	0.26895262893732785	2.3821430009433726
BOQJIB	0.7262583546143313	-0.12085256190666749	0.06739197129013089	-0.09616473244653465	1.4047973639578872
BORZEO	0.6552023975820371	0.32603744577400395	-0.1891705445773969	0.1096115879981719	1.077977693071116
BOSRAE	0.4505681839576403	-0.0043080844776232086	-0.3360783479438748	0.1074310952682342	0.7694557842905345
BOVJAY	0.3970817419696977	0.14290686062415947	-0.2225975455989885	-0.004369377881655354	0.931852231087183
BOXHII	-0.1589498460308203	0.22464949679311264	0.004234766035394938	0.06338565461774343	0.7938152598286966
BUPCIY	-0.12080851526128233	0.04675002985497423	0.17040077535895823	-0.07947407038437569	1.2342767432407342
BUTYOF	-0.265673843489139	0.33732306295899994	-0.060070707118410824	0.02558875536045223	0.7692538811829354
BUTYUL	-0.2496553939728381	0.3259046218327327	-0.058952466813454146	0.023364532661627434	0.7902216430202998
BUWKAG	1.0088637132638403	-0.39063558757098726	0.20058763179288078	-0.08877173918556647	2.0582205646589244
BUWKEK	0.6489427533940866	0.46499009836174354	0.25088058548813896	0.07051156569926773	1.8535152284815026
BUXKIO	-0.051564011884831285	0.26001668181324333	0.02344702731370349	0.011443068531072381	0.8683044680060701
BUXKOU	-0.14552333216507973	0.2793251336330561	-0.08102040057282689	0.09976112448629142	0.7671110920069951
BZTCOV	-0.12026741599339097	-0.14664859153858256	0.579269280612329	-0.05936872530821739	1.5405339502550437
CAJBEX	-0.38566410608982205	0.2834687680986899	0.02557669615905786	-0.059688951663397924	0.8293154341563929
CAMXOD	0.6722358371531318	0.33212851001799015	-0.22856623444916355	0.06448528286192728	1.0948196894980775
CANWOF	-0.030736209095583167	0.3837356766913319	0.00497158992592725	-0.05905191036919939	0.8895294396660679
CAQJEL	-0.13035028865437193	0.4348395953161185	-0.02989928422518133	-0.07099871528552261	0.8370914532779109
CAVJUI	-0.16953893031682243	0.5235735267756526	-0.18359448509844223	-0.011593309832689767	0.6480779281409633
CAVYAZ	-0.19265808388589356	0.3577643095896089	-0.28351502725807487	-0.028363730833866896	0.5680615169920221
CAWKUI	-0.07411868860102322	0.4094035268906785	-0.10023651888174162	0.0465338769859855	0.694305100067968
CAYQEY	-0.15514217827398502	0.42792426610259693	-0.1555225571708114	0.028053354432237998	0.6660949902207902
CAZVAE	0.43728360103222697	0.15833830768276336	-0.09644772888364828	0.04106553140637146	0.8640919861371583
CEBPIJ	-0.1646792752998607	0.22738689602439233	0.006657990817950932	0.06353843652605044	0.795792029712592
CECKIE	1.5019985444349646	-0.7911176990187647	0.01696687712184436	-0.005472394591025803	2.9399434495645176
CECXOB	-0.3571133247154732	0.2972328814674695	0.036106657526739444	0.00969487460039643	0.8104270805304145
CEFKAD	0.6110542735219684	-0.2391474889992271	0.48024481135502906	-0.025700773695902263	2.0237864151816676
CEFKEH	0.5908962334589125	-0.20390574885909818	0.45509078504013667	0.10617899108370304	1.9195505377157769
CEFROU	0.2950991193958137	0.1177796673222068	-0.14418522832175235	0.04930411021196971	0.845264842303233
CELNIS	-0.00773911283591433	0.26049396729074104	-0.3050447696960713	-0.06072658459137252	0.6140786734872538
CENYOL	0.6284297938869914	-0.012791549739534669	0.36146747784265176	0.15783458915398463	1.803721309939618
CESFAI	1.101442873261337	-0.20446979044171032	-0.05861937747490502	0.17144556724013402	1.641044903935141
CEVQOJ	1.5082434296282083	-0.8459613204734215	-0.027342638030207367	-0.019004016957553792	3.0910015301172384
CEVQUP	1.4536847974548759	-0.08411538406417518	-1.243076780622807	0.6513677009633386	0.753259506499884
CEVVII	0.35159011561837383	-0.6608492501354788	0.16608099241059074	-0.08325557685814496	1.5271964431144414
CEXCOZ	0.9414910900222013	-0.30599392033550143	0.0236235013837105	-0.12285574786095521	1.9175354246384528
CEXCUF	1.001605110529813	-0.41774581043991904	-0.004856991421354789	-0.08885335084894769	1.9104775186564762
CEYVOS	-0.01564832797118454	0.2873447780836219	-0.000801125983634382	-0.08956011150532697	0.8746705493432136
CIGZAT	1.0473159318019936	-1.0188713641624303	0.07382254942405919	0.07946299067124458	2.4433929588190737
CIHJAF	1.4180130546875183	-0.5954761782798625	-0.7771319374792979	0.46970023371161024	1.2504347317583093
CIHQOZ	0.08657174405162582	0.2330234278427875	-0.0023005745400996036	-0.07938621158011147	0.9397238634340431
CIHQUF	0.06335164232857116	0.25271465247897507	-0.002995230331950094	-0.07697907199484637	0.9260079457407084
CIHRUG	0.04045235242216405	0.2758187995460749	-0.004771047800946393	-0.07281632452109332	0.9195230930000984
CIHYUN	-0.047445976914442856	0.43720080116576476	-0.008251564349444684	-0.043238583456772645	0.8649618387208899
CIJRIX	0.9060881359274848	-0.2817358034908821	-0.05825525828122702	-0.15375861516068573	1.6318399287342522
CIRSAX	1.6137218021226665	-0.6985123249152781	-1.1054722254827778	0.6887039010414558	1.2930393773333426
CIRSEB	1.670861795586943	-0.5098953673680662	-0.6931403950506859	0.6654040259524419	1.6122332234535706
COCHUA	-0.12145496979061532	0.3433809543495251	-0.10292245561223828	-0.07536372102562104	0.7538631801903012
COFZIH	0.12706614427987528	-0.029491210598951434	0.22726552100627087	-0.2454449408570989	1.4503125081655024
COGTEZ	0.05091158488989311	0.28541337889456264	-0.008081294373630782	-0.06407570268852818	0.8890630770693506
COGTOJ	0.027480440466052247	0.32471778416457	-0.01879451549628959	-0.06602047909239135	0.8606479402789333
COHXAZ	-0.13728832986839423	0.25735880243858833	0.09313564782791636	-0.049615150374916664	0.8430613995498522
COHXED	-0.11089490985295258	0.23061362758919146	0.10580677645057865	-0.04344634136003457	0.8663530507994677
COHXON	-0.054351316046024056	0.25589796560606215	0.175403090266486	-0.13699964017161137	1.019137841101761
COPHAV	-0.12497794168101084	-0.13755107094476204	0.5440076640609766	-0.03803684394275922	1.4929968960902888
COPXAG	-0.11524867886127366	0.35438143079357476	-0.05411519118586082	0.157792532464377	0.8870238917650753
COXDOJ	0.6601138551153354	-0.4692909556585831	0.0844274466648254	-0.21619636811687715	1.7842194142185461
CPVPBU	1.270163350426174	-0.02497159007910088	-0.536722974262136	0.2856334187088079	1.145315703347657
CUCWUS	0.7270801185901741	-0.14148070911684618	-0.0977307251077304	-0.21071096608937884	1.2629182581737348
CUJDUG	1.488376035445008	-0.6496550267007483	-0.5177084841626952	0.2655956797621438	1.688202159535856
CUSMEI	1.412986648306155	-0.9653210411543678	0.42854705707809115	-0.16471137066443448	4.104177236245887
DAFNIL	-0.15092589533993728	0.3464731437847154	0.03183240066803672	-0.05944573413350214	0.6942980475881828
DAFPAF	-0.3109276566542536	0.7345639740877	-0.0834844121575784	-0.17345390060168484	0.6361509705430951
DAFRIP	-0.2842705449159135	0.4581045956954327	-0.007119089240993859	-0.11619614010328311	0.6077018608692846
DAKKEJ	-0.22152268964991428	0.2735329998668291	-0.013903976099809465	0.05678472324575247	0.7743250328385016
DAKKIN	-0.21725037845492778	0.2626479016814284	-0.0011733890323239182	0.0569497603268825	0.7870528603383301
DAKKOT	-0.22430920354019745	0.27574316508107966	-0.015096648271139407	0.056166820830468936	0.7721338955081517
DALRUE	-0.018578543931260683	0.39154792419418494	0.048667337227290275	0.005945774000641606	0.972114009369995
DALSAL	0.020860425945440575	0.35735716918468075	0.049650808656873824	-0.012074783312252757	0.9411106503597916
DALSEP	0.0034931489457550313	0.41048342045920594	0.015077790920002165	-0.006704216026290809	0.9234285258475975
DALSOZ	-0.008128547804797659	0.38476255520637415	0.011687987159630486	0.01772246399863937	0.9306452653721592
DAQCEF	-0.06947995750387603	0.2689232264539966	-0.1961738178526385	-0.016929915263764778	0.6700242469366232
DAQCIJ	-0.1553286494881294	0.3396000101053839	-0.34873959396281207	-0.026182935650963024	0.5436913452719312
DAQSAP	-0.2717850697419837	0.04624087670449961	0.2809148784600869	-0.018600743798692698	1.2339782895712321
DAQSIX	0.38818855034776556	0.24010977320939497	-0.594607727505066	0.06929089805710559	0.5971372852001987
DATMIV	-0.11067282539602674	-0.04711375951367014	0.3892859385090446	-0.13605136999707804	1.408167474326671
DAZGIX	-0.1374784685763908	0.3338025786837381	-0.11761350312980841	-0.07211197491423928	0.7256434506720619
DAZGOD	-0.13915767610091878	0.40968894952946655	-0.08098856714023317	-0.08976111634265493	0.7627200775741174
DAZLOG	0.5269644035631056	-0.07606623516025846	-0.0904625897406838	-0.1129237217885049	1.1275781526110462
DCPVCL	1.509289924128423	-0.889565930598203	-0.5527306326129132	0.39482492008103215	1.8360728081490656
DEGJAB	0.6440354348365984	-0.08650929883724268	-0.532671242176685	0.018858093653762325	0.7493542893585623
DENQOF	-0.4539905965755926	0.3518380694958153	0.3833907480908758	0.08884187492652791	1.2354339842295432
DENQUL	-0.3242817037978245	0.07704837373497408	-0.1708644320940556	-0.06179703610632965	0.8847197385193559
DERFAH	0.4779739095965394	-0.21540889042230227	0.49212187592210066	-0.054948994049413544	2.042831249022729
DERWUS	-0.04040442127708266	0.49941985967608316	-0.031984305226620574	-0.00978945550841992	0.753003302706448
DESGOX	0.7079940264039521	-0.569921694433999	0.34172878290596076	-0.27074841731603755	2.312909631180457
DESZIK	0.7517629462067568	-0.24359914613109646	-0.1390202933263839	0.23087475263578844	1.0993835142066812
DETCIP	0.3083889900816099	0.14304507953611945	-0.4504075728435115	-0.005466377255149965	0.6539354192937823
DETCOY	-0.12831180136017073	0.4690559594633382	-0.0849270639608099	-0.08373277574430316	0.8087705627953872
DEXXAJ	-0.1745171216517094	0.2269242182079998	0.01817570711353461	0.0545094546971652	0.81110006046359
DEXXEN	-0.19339768068230345	0.24208499120053506	0.030591854087413273	0.05286593638916512	0.8184699046066024
DEXXIR	-0.18652782195608575	0.2436721590038734	0.01474825699695434	0.04248952650505787	0.8192974060398416
DEYMIE	0.4072432082097044	0.11693017381193471	-0.558484598639322	0.033184364286037396	0.6181143353654406
DEYMOK	0.477747113214805	0.15305098649802573	-0.5448771456006294	0.055628913733447596	0.6576901714359227
DEZZUD	0.8435115985066655	-0.6282068597648199	0.34628555634757074	-0.1071441461432569	2.280070230893468
DIBLAD	-0.3267938766524443	0.36767761773453256	-0.13643217653290132	0.0496016624495953	0.6953942297664484
DIBZAS	-0.05782950641613693	0.3227958196294948	0.16074355396177573	-0.12999384755617865	1.002114393214432
DICGEB	0.4127901393075506	-0.3092265248571411	-0.32618212701573307	0.10633147504976402	0.8541128383899426
DIFWIA	0.23064784501465985	-0.009955594731901884	0.01762260030035029	-0.10320070075023968	1.0393647957283711
DIKYAY	-0.4003662857517565	0.26940205503473236	0.035931429786469626	-0.06437003257602164	0.818868462438146
DIMKOZ	0.9368306200984731	-0.5971804274715332	0.573901241605036	-0.17862972689872972	3.2503471317784243
DIPBOV	-0.4972449835646966	0.45160400452917815	0.12501996405034346	-0.016937007817154105	0.9443157522669482
DIRKAS	0.35100462090984497	0.15294398285467725	-0.46378256554968855	0.07477894554350019	0.5340365653540321
DIXFUL	0.9330645421406829	-0.7213251482051365	-0.10825256731360108	0.10493440818518632	1.6761991984068099
DIYKAX	0.16252706270279482	-0.03947134451315837	0.16824709318739448	0.25559392608920606	1.0280698558930697
DIYSEK	-0.5153298212911173	0.3107074842099756	0.24226300120999347	0.010358601911680327	0.8516365915680242
DIYSIO	-0.5244115672254397	0.34053031343322904	0.22691458679805274	0.019606830633473432	0.8548221989627788
DOBTIB	-0.3343939316509106	0.31682304889674195	0.02518609424742721	-0.015074996344540507	0.8100855279397908
DOBTOH	-0.3770282366310034	0.3087928716173681	0.051724414922999534	-0.02182645709276928	0.8530435063691866
DOBVAV	-0.3871459295623829	0.39773987179080394	0.015633951935025814	-0.05394290159980156	0.8018486134448084
DOQJIC	1.303189840875087	-0.5208229007380352	-0.3902645128820512	0.12199219783055013	1.7294421118926602
DOQZAK	-0.2121998352957526	0.6467628879794775	-0.07708694806807032	-0.07528503057693268	0.7664426450586731
DOXCUO	0.4757379617174986	-0.1590830970783762	0.012842434274436071	-0.2084400411492872	1.213396070943394
DOXDAV	0.8139685140298565	-0.30971551333484626	-0.060928597310863725	-0.14580333394999123	1.5468411945495495
DUBWEE	0.0056835140852316	0.29610960621489857	-0.0231068174599261	0.10609378284108315	0.7831092111611807
DUGBAL	-0.5373219367600144	0.453514272999047	0.16595238049361147	0.09984480528394198	1.0512167636910665
DUGBEP	-0.3067062223887955	0.2765776718942897	0.03180289372810399	0.05381833357067482	0.8110992458412989
DUMHOI	-0.04916555589357907	0.406614574392114	-0.11408409717170376	0.046503936772053445	0.6646260336766348
DUQQOX	-0.13742320693688015	0.3415812854989454	-0.11591557719159587	-0.08113237571310387	0.7156596864033674
DUQRAK	-0.1281645892117842	0.3870313968011062	-0.10606283338885773	-0.07900320634733841	0.746653329393325
DURRAK	-0.22447550706881048	0.32159445344075477	0.0010710864566224332	0.019116064476667596	0.8406499447086268
DURREO	-0.061943060379395565	0.2980195114135201	-0.08751114131020357	0.02370671036703398	0.6607229276006759
DUTMOW	0.7991768054399135	-0.2894460466300914	-0.4038448991896689	-0.06671143082470427	1.2210541450839574
DUYYIG	-0.08485509518520029	0.2976573165383295	-0.04978278550863312	0.028119893521281504	0.7096164263788267
DUZVAV	0.8450926012267148	-0.6281239192223347	0.3199396916883628	-0.07117380069052238	2.383666622011128
EBUJIU	0.0773397300516363	0.16480243174684894	-0.5912891057973287	0.09348922266289139	0.4538004404165371
EBUZAC	-0.209893659282542	0.2927389316393877	-0.04307322766921809	0.034530849889314964	0.8051221302365876
EBUZEG	-0.21423834433060973	0.30294105805659866	-0.05184752337207496	0.034599987566055514	0.8004957719960692
EBUZIK	-0.22862802075847943	0.3246497357998087	-0.06854404321903074	0.03354861401563161	0.7921089886297022
EDAHAU	-0.30030354972557305	0.32763731041331756	0.061082047369991205	-0.0016464887409516488	0.8712307017804851
EFAYAP	-0.004888057166402948	0.2878719561667781	0.02663389339782296	-0.08991602155480383	0.9052296510619534
EFOHOZ	-0.03619817953449367	0.43418793559533564	-0.021127391421095792	-0.05932887304323167	0.8613192468066961
EFOHUF	-0.12979866698136	0.36503607272530136	-0.1310207311819946	-0.07738951901849711	0.7304613529561659
EFONAS	0.7942344854712222	0.22691096986913073	-0.05720979115658004	0.021566024031164654	1.4058769062795096
EFUHUI	0.9528691083325831	-0.3448119465441756	-0.9876419328554964	0.392781148557379	0.6631487388501727
EHAJUW	-0.1972062828050607	0.2416734516804354	0.03221702353263492	0.0529652045763545	0.8189948264170507
EHEZEW	-0.3350092627571173	0.3540461049486844	0.022306556777747788	0.016346664122347282	0.8969506606791166
EJASIR	0.6461623061859223	-0.18673531327974624	-0.008137009739209722	-0.038263730329541196	1.4940785111063644
EJUCER	-0.38118757819086335	0.42370480265537724	-0.08851561276837452	-0.03345624915605973	0.6249408661434743
EJUCOB	-0.15889961811532194	0.44554079055131457	-0.1212796371623143	0.05137817641702333	0.7623466870792742
EJUCUH	-0.1790092273926871	0.5521386310046933	-0.15781994622179385	0.0037127803936963383	0.6708291611834077
EJUHOI	-0.09653030015411312	0.2708843494548222	-0.07689661424006111	-0.09213151047764309	0.7833320879738647
EKAHUT	0.8270012035762848	-0.29442888626491576	-0.02193047035130563	0.011215898333121473	1.5675813539382542
EKODEO	-0.2200165357149091	0.5030356344976349	-0.02784396746878938	-0.0646079207312979	0.8891048165851905
ELABUO	0.08558704518632476	0.5012229494278738	-0.11896083769489059	0.12568998289372119	1.0876003374570793
EPEJOA	-0.5958770432474023	0.4406890654666479	0.2577240218880934	0.03562898326717134	0.9174667282188028
EPEJUG	-0.4781431893133825	0.29048778254215424	0.18812018108322556	0.0065142000328981264	0.777963068615599
ERUQOZ	0.48472377645351683	-0.17667609940519302	-0.03984492107462036	-0.20148080744455998	1.200830387534252
ESAJEN	-0.10715133076366934	0.143808030554905	0.015109074614712031	0.07987810298335324	0.8697400042449985
ESOCIA	-0.030134852334943396	0.42980903234986656	-0.013767588551335114	-0.056865012087661745	0.8488754236702841
ESUYOG	0.39374316937912024	0.21881523674983272	-0.2528213603971018	0.05744933127969709	0.9429119521684228
ETOSIR	-0.21124303559608615	0.2174994119385516	0.20629809507802702	0.07952236117099218	0.9622729689983304
ETOSOX	0.2945221394919928	0.08099271516072992	-0.11650161844269381	0.10890268037400282	0.8082595103613358
EVAJOA	0.2921367209976995	-0.07630628734595102	0.051542928949018574	0.05878393142590855	1.1311612706330019
EVAKER	0.404631893931231	0.19853812086142064	-0.5392424253592264	0.04551423805182674	0.6721293466665867
EVOVUH	1.090741323754426	-0.42588787638741193	0.0205398762744127	0.11028154536480143	1.7635702832210827
EWEPOL	1.2683464533306599	-1.006015374055442	0.38724401721444546	-0.20111221863762851	3.597060343756176
EWEPUR	0.7882836272938714	-0.5025709161415757	0.386660238585685	-0.1432921830509444	2.279593749855631
EWOSAK	-0.09810456925630451	0.32314071999391436	-0.07808358477141678	0.03900158309472429	0.6972544042349061
EWUNAL	1.4950539231736664	-0.8688578195836946	-0.3928529281521862	0.2953525272137945	2.164578554726707
EWUNEP	1.4913682176637075	-0.5763709057018334	-0.6937128989838879	0.46709585264287173	1.4106939053230225
EXACIR	-0.0648045090058944	0.3815231591155456	-0.1117439991524802	0.05956722092315894	0.662789476364382
EXACOX	-0.05357839997906799	0.3975232903959459	-0.10083820592888708	0.05792835927769516	0.6785202679345815
EXAFAM	-0.06074470258807452	0.40372083465715447	-0.10566844888169238	0.05902350346564386	0.6702262280097753
EYIFUQ	-0.4293271534727836	0.29447254607844975	0.13915940193226187	-0.00901146833148666	0.9762230692966302
EYUGEM	-0.06857133407323568	0.27531699062566395	-0.0621828614322871	0.030891415000759696	0.6838451848473603
FABBES	-0.0339431274421198	0.435391043387905	-0.002631314112541583	-0.053375840881343645	0.8663797476871604
FAGSOW	0.3432917214681095	0.20355363816521854	0.22530390007435983	0.062121949119045165	1.2844283407166919
FAHYEV	-0.6304534420571897	0.4737443853323341	0.21450239103988447	0.02031569443732952	0.8763188441646982
FAJGEG	-0.29377511162767567	0.20483082809082354	0.11729766675699624	-0.0788702374816202	0.9325884672038678
FAKHUU	0.6659834179754571	-0.20158738047743163	0.15010370180982327	-0.31908036248124627	1.6044127417610605
FAKJEG	0.73148909115615	-0.16428466291702715	-0.08631254738291352	-0.1726753357928162	1.2484168271672778
FAKZEW	0.1471322304953535	-0.14926639488516147	-0.17400251266199235	0.02744055176599834	0.8845383411873196
FASQIB	-0.2654488266145991	0.2298653911806836	0.09041072057222496	0.034134794113870395	0.9021858794492775
FAVHOB	-0.08642399507192255	0.41538631279977867	-0.0982036895898963	0.04514639967702768	0.6874621534912823
FAVLET	0.8643473008443383	-0.6134720598024163	0.23978480410602612	-0.21922486717663187	2.5171470108275993
FAXQON	0.11845455104853198	-0.1826253526158067	0.2293014566961634	-0.24700954860391672	1.4407444664391846
FEFZEY	1.014334631108325	-0.49654961443615914	0.5402192887713455	-0.3039131315784431	3.005942942196446
FEHXUP	-0.3679144638350773	0.4297968836683198	-0.03237776232746646	-0.01723115235996165	0.7956015699049365
FEJJOW	-0.10782916774768037	0.14418061051966313	0.013829893279778654	0.0792043547473591	0.8679919242676843
FEKHEJ	-0.05868121864551368	0.3334121287910211	-0.27038599753158976	-0.02297683049569775	0.6121473506357955
FEKHIN	-0.058255170185407046	0.34111598034954527	-0.2727088805375022	-0.030404186436037706	0.6064647387863535
FESGUF	-0.30406570202697436	0.35881502892910866	-0.02844830817581223	-0.025202204646732937	0.6137638966633218
FEWJUQ	-0.00336541172617677	0.3014946366886121	0.0004950708923637526	-0.1184472771002385	0.8816370692718282
FEYRIL	0.6740456608392487	-0.5066726148524685	0.7148124135236439	-0.09324520651664558	2.8600312368576875
FEYROR	0.5744012821162929	0.1657287713608443	-0.09668133740150404	-0.021069688046725467	1.2831956470722692
FIBQOW	0.6169776357290009	-0.3001127771106381	0.1669603406763582	0.0556873247976334	1.547796487135007
FIBVUL	-0.16354732061677613	0.21104013018020606	0.027428777314686625	0.05440106525339296	0.8202823154477552
FIBWEW	-0.16362956218292268	0.21080423181002572	0.02923272974874705	0.054791960758078545	0.8224487414914685
FIDRUJ	-0.4485912295635357	0.4228643141782772	0.23766977607898662	0.10986038418697595	1.0174870042920954
FIGMAK	-0.042123422965967716	0.42288388034151436	0.0010179185600043827	-0.05771544903495035	0.8611837517408116
FIGMEO	-0.6000338167601038	0.4123218237855194	0.15099874303796604	0.013500172254069305	0.8253234990793497
FIHLOA	1.0867722582877248	-0.5488870404976909	-0.4075256768293375	0.07712624655212472	1.5217187090880255
FIHLUG	1.083027021095607	-0.5357844458658789	-0.42941967892321786	0.08811265461053669	1.4790320111942812
FIHMAN	1.0791643153998458	-0.5834204653371939	-0.36872601441777075	0.06288662523947172	1.5931552690818251
FIHMER	0.9830887463588014	-0.4678977183361244	-0.5477268437099584	0.1372701536191639	1.1764227937661156
FIHXAY	1.0768937205222646	-0.5600103820695179	-0.38640934184562103	0.06900409041113106	1.5525561877520329
FIHXEC	1.0676004495550866	-0.6170069823547852	-0.3052287501708538	0.03700991333098086	1.6828173326612457
FIJSOH	-0.007431555324508121	0.280220621139326	0.0011135643979742482	-0.09011276732608794	0.8965703752621181
FIVXOX	1.341137420087565	-0.46677158618530673	-0.6281989202412273	0.5103926030265045	1.2602967363581137
FIYHOL	-0.10963641843342709	0.17667573950895732	0.046113467372038586	0.07713448189289121	0.8359472486963858
FOGCOT	0.1912662270825516	0.09533228610852296	-0.06247330066235898	-0.0012292357716173902	0.7802027744097209
FONJAT	1.3434509920030346	-0.5782497601971576	0.18558092419585656	0.0697480904306452	2.7396233521869764
FOVXAR	0.43761105678224643	0.1596751034073305	-0.0962767278240466	0.043505786588183916	0.863048394309132
FOZLAH	0.8932758439625084	-0.4533715776410239	0.3002590280608616	-0.019517640047447105	2.2433351295028876
FUGNAW	0.7618783842014412	-0.7912665006438798	0.3023127305358351	0.027849001734539643	2.450813555099389
FULPAF	-0.09440129105785378	0.13326084928027337	0.029360479191544803	0.0836269767614902	0.8805563388590654
FULPEJ	-0.09457783563386801	0.13410055257815023	0.029383959274980165	0.08385743482502817	0.8804906515067434
FULPIN	-0.09405263297719246	0.1333690655384493	0.029817608081317365	0.08393874247020736	0.881324259080158
FULPUZ	-0.09897723138087278	0.13218472147516935	0.020153966450945165	0.08784066087145037	0.8624053791720656
FULQEK	-0.09393797164181095	0.1328218961675337	0.02956914991876941	0.08295784948542034	0.8816512542046142
FUMXUJ	-0.17905373491206866	0.24825373501268444	-0.005605370685751232	0.0533649000996944	0.7884688885695038
FUNCEW	0.48000793604441494	-0.23788949093865241	-0.10456177515226828	0.13569477081452394	0.9728338398300242
FUNNIO	-0.3115796712451697	0.21169629609206442	0.13020575095609707	0.011895635493844078	0.9556413198238248
FUPKEI	0.49461347800922173	-0.3838730933307427	0.4423679180857204	-0.29721586069342854	2.214902320061801
FURBOL	-0.09834682682347706	0.13233744412625315	0.02150690363874691	0.08762866459512851	0.8647331302843732
FURHIJ	0.451800500646637	0.034699400610875286	0.13849891744297413	-0.07808854833531513	1.2830176256610644
FURPUD	1.1684876796138535	-0.8882846380152284	0.06528866705758574	0.058087720836833306	2.22251701797771
FURRAL	1.145727750477198	-0.4019494068250366	-0.25873752920335974	0.04397368450177082	1.4836709588015002
FUYXAZ	-0.14150381269705692	0.12119464116416623	0.49809265555829363	-0.16636997138145332	1.4504132773916028
FUZPAU	0.6231065510967762	-0.08438236205251626	-0.13391050535282642	-0.026609579754641094	1.149245372755656
GADROS	1.5890016591469265	-0.4077283113527978	-0.9256805759277433	0.4362497110791526	1.1058447673200202
GAGVAM	1.9606739898662995	-1.8338205181681215	0.3309892740446708	-0.10697234396000257	5.559905116177155
GAGVUH	-0.13169147879249277	0.23967160835589574	0.12894733122726001	-0.06547828979174589	0.8962992350069552
GAQFAG	0.2797495825915166	-0.3459445634570106	0.2613587521325993	0.185296272104611	1.4198420636019196
GAQFEK	0.5059142772063971	-0.403870496093281	0.17593972896385338	0.029978653622001576	1.4915809773860924
GAQFIO	0.6421037522926691	-0.4504403562567962	0.12435613070635851	-0.09650848686849103	1.7569876054326543
GATQAV	-0.3514256015209458	0.340403176621893	-0.07168684694030872	0.01431782118035652	0.6189979651613171
GAVLAR	0.6185676360924051	0.047861770215507526	-0.6271525231564171	0.08839970162143174	0.6648484155296102
GECFID	-0.2014009336131104	0.08885093551111667	0.13121936187410874	-0.07914562300832767	1.270462875490202
GECPUC	-0.08110813861248856	0.3198307588741164	-0.07566746696686366	0.023563110882922525	0.6635549845453285
GECREL	1.0796159271166599	-0.6121361129537869	0.6661998907433625	-0.00711009692693846	3.3247144500422388
GEKBUT	0.496061092549561	-0.14289227633172663	-0.09520600363334483	0.0007642241204709743	1.1226051710760845
GEQZOS	-0.07448307324650161	-0.13247946661340315	0.5370861379563209	-0.1316467166297918	1.556895198591127
GERWIN	1.3211142213500255	-0.6474667901480619	-0.013820654225267542	-0.028061299170340823	2.391294195124111
GERWOT	1.500689359507589	-0.7815220637204092	-0.14647556477887969	-0.09211289535949752	2.6048811999142965
GERXEK	1.198083797138111	-0.31358155239026575	-0.13059779041770964	-0.0725631665226777	1.7723466563340007
GERXIO	1.0742724834276225	-0.7092502102534783	0.26671640586433754	-0.108046206188816	2.809319790403387
GERXUA	1.2865728883455572	-0.49386072388898694	-0.05234904358669132	-0.14362632605065406	2.179395539996295
GEWGOI	-0.6392805216032786	0.5589874281402617	0.20779522011041926	0.08632395662368617	0.9757436449469148
GEXNAY	1.5030305953427257	-0.5697927204148967	-0.2722882225341151	0.25364877849834033	2.0392565666757605
GEYQOS	0.35807281607981034	0.025806923316005093	0.28144205351890683	0.09685538432622082	1.5233323444413227
GIGBAZ	1.0510706947511648	-0.5598811207862744	-0.3815746510093526	0.32887265313949615	1.2933911983120465
GIHHEL	-0.352498500877092	0.17929518412961853	0.26662568998638636	0.04940539994196684	1.0933284356108246
GIKDAF	1.2449191872593315	-0.6002961375078573	0.01545339223828232	-0.03630825767392354	2.271719086922955
GILQAV	-0.3228830851907927	0.18445189217449143	0.24433482430899575	0.021124870702432873	1.0930074487715482
GILSAV	0.8617772733147961	0.41653269638753343	0.14373970325242477	0.1683641992458768	1.9041701576633847
GINYEH	0.9635865872979674	-0.714250044176929	-0.11525629771280521	0.1039725613982179	1.7356688048124087
GIQYUC	-0.07455027207106735	0.4041138489690793	-0.08786484635515206	0.039686341562701156	0.701900648930589
GISDER	0.6144086613649198	-0.8772465578465067	0.2654382191862378	-0.06127658576050224	2.182050409160925
GIVNOP	0.07556685816915287	0.2201985915544259	0.03220077332408541	0.011416744198232565	1.0149921842856373
GIXREN	-0.6235061101092962	0.5283692425952381	0.23518209785336894	0.04771810083150398	0.941612547640139
GIXRIR	0.00040838678692400876	0.25528916014451764	-0.00045088225976835927	-0.08252247648421006	0.8597118723907031
GIXROX	-0.6236773285933257	0.49981368206992693	0.1646165419480228	-0.006807586044020368	1.0434959069313976
GIYBIB	1.0251887767564578	-0.481084106141324	0.23552866215085635	0.11851576121083017	2.192063918456783
GOCPUK	0.1404860210511738	0.06717222007857593	-0.11685307074134697	-0.023460173361744677	0.8814323374933
GOFLIY	-0.531258652859699	0.42517344506944876	0.13164547552028164	0.08808610841606583	0.937765453776479
GOFMAR	-0.12718254587453393	0.18390909163358293	0.046325239175025706	0.07302570883171955	0.8290334400385666
GOFMEV	-0.1076205883191732	0.18530426793905463	0.06167866927340321	0.06558085102761226	0.8533950595685005
GOFMOF	-0.3221425266935114	0.2381882099979954	0.13452244758036166	0.02790221207282543	0.9677488880523987
GOGCOU	0.09259104394329043	0.19471811436817288	-0.03976090759917576	-0.033811849344441064	0.9609292732666181
GOGCUA	-0.01525325733925964	0.31828222428476416	-0.14993405531246007	-0.08935081865236252	0.740745965109697
GOHMEV	0.4426294622898532	-0.29749845548742815	-0.15702319974156975	0.03894540958438909	1.1198267133229467
GONQUV	0.5608861815047388	-0.53633321685533	0.2500742265932834	-0.18304820708135955	1.9356800005792674
GOPHIE	-0.5665968266184489	0.16318273938487105	0.11143179343468679	0.006186256746838377	0.7380554895924752
GOPHOK	0.14180442207206134	-0.05608039847300983	0.1400425058102531	0.044713320198989104	1.1436003275229358
GOZMAM	-0.13809636735889352	0.3219689727583869	-0.08719270978475725	-0.09585783412115254	0.7436749212646641
GOZXOI	-0.045781377186953964	0.48232693850213126	0.021566832555253268	-0.020816160336301126	0.8993115228479636
GOZXUO	-0.004573131428500243	0.4293528536587826	0.0666518647730183	-0.01856205216584058	0.9256691759703567
GUKQAE	-0.19898150342035814	0.28671454619538717	-0.039424397240032674	0.033953234729696184	0.8102085963765066
GULNEJ	-0.10326696516638201	0.3264243003701156	-0.06555218121218123	0.028970066611602383	0.6904132485520378
GULNIN	-0.10205829333605188	0.33381784914860047	-0.06471776078368865	0.02917523749810113	0.6906561037308876
GULNOT	-0.10791676663070326	0.3424715495381726	-0.06620615059186997	0.029792317895118305	0.6902902423059942
GULNUZ	-0.09118815772377387	0.31426464754140715	-0.05866666942844587	0.031354659016708586	0.6998352362243979
GULQIO	0.17472884870838934	0.30558198679856863	-0.0793523207544172	0.07040490808353636	0.7999618352355761
GULQOU	0.21701374286017883	0.18839882147625553	-0.26739471083086314	0.06309895652661812	0.7800304272217768
GUMCEX	0.9123043905870887	-0.09277232143957748	0.46166237802185484	0.08101874417496907	2.299031149870824
GUNXEU	-0.017715847335430635	0.32378008947164816	-0.019364705091280757	-0.10544988506203443	0.8545804759228777
GUNXIY	-0.5707025895014106	0.4793732552443185	0.22774601071004882	-0.05144916886796813	0.8743272167279492
GUPDEC	-0.030146404255567028	0.4071991707030077	-0.0010433687406606051	-0.053447327099853906	0.8805197123328383
GUPDOM	-0.4980921247712664	0.3977304238757918	0.08639855867364563	0.01729754530471596	0.8168221535828007
GUQZEZ	-0.3641354224769362	0.6328464588191275	0.08833311122504492	0.026700857617115492	1.073782207250272
HAGNIP	1.0564140385086058	-0.7256553708026009	0.6388961009394775	-0.213665712799174	4.0652817472352
HAGWOD	-0.3010260047992892	0.369555269807725	-0.060408452145578884	0.025125562076776714	0.7391660372010221
HAHSIU	-0.21922585677529272	0.2878833875561787	-0.02416437736410429	0.04600764787950263	0.770597227848022
HAMKUC	-0.16717071125826388	0.45317775275342964	-0.11638390098263517	-0.0032488499125654796	0.7006192805133884
HANCAE	0.4930549964135298	0.1716304564138763	0.1991976641605351	0.1836880793457277	1.391245812428427
HARHOX	-0.26332448180290324	0.2448571149916302	-0.04685026386413865	0.042633547178414076	0.7213780744828063
HAWJAT	0.07681445872387549	0.10683463573948793	-0.37463717561889653	-0.035231439276169244	0.599279669777971
HAXPAA	0.2634230846596304	0.1602424076762351	-0.4858801282167263	0.014649497139599205	0.5694829993744717
HAXPEB	-0.2991965576626048	0.3912188618686857	-0.040073930423477316	-0.008743357962886555	0.7850808226941846
HAYNOO	1.3801432640190732	-0.6506140937806412	-0.21909716897845205	0.2317599274291793	1.9560377319524784
HEKHEK	0.734185916741458	0.27086920080828525	0.07953757763979466	0.2232656366199113	1.5870214529221551
HEMDEI	1.3294100399044022	-0.4139138862706878	-0.3591365468029306	-0.024086542022426993	1.7492762614481192
HEQHUH	-0.046863638821852405	0.05632515420349937	-0.18281743377811605	0.1774128954873948	0.7169419400817914
HEQJET	-0.5653663058661711	0.1865684663116698	0.2218857676143232	0.019325084955081326	0.8408359815391752
HESGIY	-0.08078384888624379	0.1262501505445166	-0.06071442689395215	-0.09308104608791373	0.97790772535088
HESHAR	-0.04567933944704938	0.06499095919011932	-0.1621783770068126	-0.0923309877468472	0.8589905700408134
HESHEV	-0.061663902332682596	0.11453891705793595	-0.09254913422513647	-0.09501604361303453	0.9347735789113483
HETVEI	-0.23891088396069948	0.27422795475247985	0.00909966370359161	0.05581410122600214	0.7814144292106311
HEWCUI	0.057881717946926425	0.3502582683016452	-0.377977502221297	-0.039080891296534415	0.6275291123177341
HIDFEJ	-0.040184187286609774	0.39282840853767265	-0.009751869243429384	-0.05052550392160318	0.8636325323555047
HIDZEA	-0.23537003772288578	0.09257342910641964	0.11846499997088092	-0.15879025721790466	1.107716563297552
HIGPES	1.5537234433161786	-0.8801178418683877	-0.6415902985615219	0.45398390557459867	1.7383069990204878
HIGQIX	0.6885992999589705	0.5735745115076584	-0.2776167261161798	0.15283439883223016	0.8114302761276397
HIGVOK	0.8605235961198927	0.04780706499578469	0.1897034004749397	-0.07181723747455052	1.6239887479762696
HIMTEF	-0.08488279006971933	0.4336784341016352	-0.015053569142495823	-0.05633376462253785	0.8485795807791615
HIMTIJ	-0.0769458910087697	0.41278262260010024	-0.012467632830848646	-0.05715200803879936	0.8468679787451259
HIQDUG	0.017287219193153458	0.3169839616975162	-0.08291496810798521	-0.0700588729896974	0.7632608252052374
HIQFAO	0.16114066878229982	0.14072174730327902	-0.03383040413187274	-0.0416364764796336	0.9927147561686751
HOFKIZ	-0.13194317006576473	0.31893890229531296	-0.10079433833200438	-0.07397860407585373	0.7483102652053075
HOFKOF	-0.13373730048178967	0.3624417560605572	-0.10218359885709928	-0.07906283741075049	0.7572441821138637
HOMKAW	0.4154050676194747	0.3925054693953559	-0.030688602950590588	0.13516455789673493	1.2045497492897563
HONBOB	0.43010629753978824	-0.06259902781386528	0.4606743715084364	0.08722047185509693	1.657297815253271
HONCIW	0.9337273140206483	0.5429138782752673	0.12092318333701738	0.1297283775920482	2.2284095686575616
HUBPIF	-0.11080078899646173	0.1452937624334958	0.00990312641135449	0.08561204672374764	0.8571675008464159
HUGYUD	-0.037765140203464664	-0.28226304051155005	0.6302616534262031	-0.04372481091013551	1.7626773170695569
HUGZAK	-0.11490975867853148	0.4392207616984486	-0.22106673657897688	-0.05733655371579524	0.7798964168991438
HUQRUG	1.0677228781192816	-0.7658938083660862	-0.1106422358175908	0.11923498102141429	1.6793689986333031
HUWBAF	0.495409825498502	0.13162067530143107	-0.7873057590281148	0.29874494612711217	0.44062681769568024
HUXZOP	1.1844183972386229	-0.7243546880453382	0.5661201164557077	-0.11339628269985919	3.552060700094927
HUYHUE	-0.27134747085149113	0.21966287297133802	0.13863370888880025	-0.033313751215182416	0.8853139464230444
HUZVOP	1.498996062706372	-0.794136520609593	0.010000613821153526	-0.00910620992578804	2.9473278147516635
HUZYAC	-0.12150126829328878	0.21757118823627652	0.1258814701820369	0.0026568078027669195	0.8517293190634881
IDATAL	-0.4233750855311018	0.20569528906665324	0.39893623676596535	0.05540171176874915	1.2759940380239467
IDATEP	-0.2623219255504088	0.037196785255116716	0.2720564889074685	-0.020224995478133688	1.2290285291813405
IDATIT	-0.2028391121068247	0.013819504907056857	0.20733858474102138	-0.07809705278319107	1.2608216747559031
IFIQIY	-0.0541870311862116	0.36906348958887125	-0.09924218963522721	0.056646644696425746	0.6934061848663213
IGAVUK	0.9242534083823721	-0.49364027875944416	0.41150339068972686	-0.042666536697730684	2.3979236670749673
IGAWAR	0.9282869740621456	-0.36006882659493245	0.41181414908156055	-0.09707591233955082	2.2666062558895486
IGAWEV	0.9013103763394721	-0.4822131348827343	0.36913720016699947	-0.04791708347587999	2.232222979874863
IGAWIZ	0.8810462649176571	-0.4569277404518195	0.373563616685637	-0.13075336302377	2.313773623322394
IGAWOF	0.913089571410842	-0.47615845918915806	0.3603775737875785	-0.08827928615570321	2.2463423709209964
IGAWUL	0.6241679711304666	-0.3017039552840726	0.24561355431688944	-0.042127322825938576	1.6264608623145191
IGAYAT	0.7080806761187355	-0.17103562099033198	0.1175461714663886	0.04678411399891574	1.388286502992161
IHONOJ	0.8775816946744399	-0.13714476027556366	0.1954104199000977	0.11409428818855875	1.7503329544841977
IJIFOW	0.17953607596226195	0.03159186119868296	-0.3443570479519531	-0.04196499901644346	0.6673062191642528
IJOVAF	0.016165151371573483	0.35274606724187885	0.057568320980157545	-0.021398087092321667	0.9810598449395604
ILOGOF	0.8893670576401944	-0.56960544162826	0.019273171227577324	0.05953596115546944	1.6916495485718872
ILOGUL	0.4367172510652635	0.07973661324366954	0.11761493549833232	-0.0026392712453654626	1.1694292375924662
ILOYEN	0.4253024530865601	-0.11993824293022692	-0.09911432337264592	-0.04150444671441571	0.9864638773375696
INIHOD	0.6258819596758132	0.08615894312753558	0.3816338439326131	0.07743672740972499	1.5596530710696863
IPIQIJ	-0.6597569374212262	0.5231414452433661	0.18783417238751862	-0.010230547767663856	1.0460931772623465
IQEGAM	-0.16201850466293521	0.3040873498922948	-0.09247170188447787	0.09389948617337827	0.7645502117917451
IQEGEQ	-0.15314734696191934	0.2830589087676417	-0.0830104321269404	0.10264857905621075	0.7664622560958039
IRUCUU	-0.5725681662919744	0.42146248593926494	0.19943698865719703	0.042184686911217406	0.9059031517249865
ISUJAK	-0.04576426206985129	0.3651368430397851	-0.005989612270829725	-0.07210876792840534	0.8586424964081457
ITAYAE	-0.19171476118681108	0.45288264146285007	0.038477255418352396	-0.08646820194267407	0.7444584740804024
IVOXIB	1.1558084830380406	-0.7919431822360128	-0.060369703706264405	0.08588809565105832	1.9744687544290205
IVOXOH	1.1596676251911417	-0.7168254540684461	0.036202038829671074	-0.00582130014480306	2.0673624335307155
IVOXUN	1.2102500030433085	-0.7284257330027276	-0.09348063931832658	0.10318331723973259	1.8489888584500096
IVOYAU	1.1557262698854314	-0.8609013988716749	0.11668198687851375	0.005070535300202704	2.2740523946465263
IVOYEY	1.1364377568957615	-0.4669912945430231	-0.1234500590019743	0.1147244252532894	1.71437255912755
IWEFOH	-0.22519597968739635	0.23405096843017714	0.04413444300063751	0.05290216107348765	0.8228547746580216
IWEFUN	-0.3382561846292025	0.27001101755589396	0.24066770099004406	0.023583073380429184	1.0472039964985782
IWEGAU	-0.2904624279367125	0.2567633148392304	0.08494702219786371	0.05106077828233006	0.8721613237702446
IWEGEY	-0.2851848717886649	0.2538684908897454	0.08271120919436639	0.04753673237640793	0.8743974172699781
IWEGIC	-0.03373371052852825	0.412747282701707	-0.029702463486502628	-0.042764187055739616	0.8400946526471058
IWEGOI	0.021714371758998485	0.08194450626025107	0.010492185358796063	0.06736242532901246	0.8282800737344822
IXIFUQ	-0.3246679342501837	0.3542402800096415	0.012452453303710392	-0.02374270389985285	0.8271500036272879
IXUFUE	-0.2510531356214756	0.3350232108338128	-0.07323455041636265	-0.0015744831570494583	0.7861831667221931
IXUGAL	-0.25221893647027116	0.33655236400543675	-0.07391893046072266	-0.002288090785535414	0.7845824299604779
IXUGEP	-0.2453908935431981	0.33212983720871014	-0.07793644895396105	0.0048302088056768056	0.788566662109075
IXUGOY	0.38121382022800265	0.055860914103840975	-0.4835182729506775	0.035200865587656546	0.6438598052287281
IZOVOJ	1.0575000863575563	-0.8774084926280765	0.6052938147605461	-0.37751846309603776	4.06737155810834
IZOVUP	0.04549102489201218	-0.10516912827376101	0.3783910265391469	-0.17699379816598396	1.2655793542787983
JACKON	0.7497447265956843	-0.19784938679225972	0.3748877682177367	-0.10431809003136566	2.1375572500165365
JAFNAG	1.1412294443067537	-0.8017528157064943	-0.2302933534981147	0.11492987121546107	1.7688639806882953
JAHVUK	0.210080215177749	0.1939997537752769	-0.2748252335550881	0.0613144173034625	0.7663865444537039
JAHZEA	-0.10810154135943861	0.14553615592403168	0.013899634628083496	0.08052590683391564	0.8668601689604652
JEBJEF	1.0427503245607794	-0.6575941099470554	-0.0313679145863751	-0.04785498133059059	1.9255710635497687
JECXEY	0.5107876101974509	-0.35000614649171335	0.4572548495597246	0.007844492655300433	1.9332183934725062
JECYUP	0.5054186829684606	-0.03774627852361023	0.2853395022411629	0.011470669313575786	1.5302693566312253
JEDFUX	-0.3225755611718122	0.07533902354499744	0.08757005290676417	-0.0934446759337012	1.144802304952297
JEHGIQ	1.2387182942762727	-0.5391714930387659	0.03168480644591873	-0.08152120932702663	2.125613111704324
JEHTAS	-0.32856433645244554	0.38407274318138607	0.030816820301715453	-0.030990816804589955	0.8546473991646337
JEHVIB	-0.0741797054110207	0.3312058108406547	-0.20757152159738126	-0.07645492232718035	0.6371737245973524
JEJWOO	-0.1532141337573103	0.18543089188095707	0.010518422776444769	-0.1773356524914595	0.8029742987361576
JEKPEU	0.6384884464887532	0.15469570529662147	0.201983140942924	0.23073741049029786	1.2648126683821854
JEKQUP	-0.6646640012742342	0.5412787961017537	0.1866125343327477	-0.029732124919926023	1.0561745763967914
JEKRAW	-0.6541695902645142	0.5130011951501939	0.1897039975906584	-0.022728213802543015	1.0352211812322163
JEKRIE	-0.6634937484756502	0.5386154157666262	0.18789418900033464	-0.026735275217224755	1.0521699775144924
JEKTIG	-0.6668735158263885	0.5412622787416334	0.18310503405093623	-0.03253660639300435	1.0488395085292528
JERCEO	1.242417141162187	-0.36358911209148653	-0.3516576628405781	0.14493594161702955	1.514497032391041
JERCIS	1.507394241813985	-0.5128969752372392	-0.40768553378354544	0.22818201111108213	1.8082669037949175
JERCOY	1.231446431299919	-0.3060373931763602	-0.30095970145058737	0.013088901406758582	1.5286580865042425
JEWMAZ	0.3634370733266268	0.35486066210240896	-0.3879851472579854	-0.007092130162403225	0.5390857848360526
JEXKAB	0.8728377527751738	-0.41790978385888156	-0.3249829033407753	-0.09407495294748974	1.3115080619592305
JEXKIJ	0.7433689130363432	-0.3047275565778636	-0.22631851573831857	-0.1814011745882274	1.1808525442806928
JIMKAV	-0.2366217908576167	0.32260190017305945	-0.05558516513107742	0.025442936411032565	0.7924343576521596
JIQTEL	-0.12176736975713798	0.3214755046160297	-0.12069054345677489	-0.07794672175791129	0.7219220054654188
JIQTIP	-0.11386276974007004	0.3100173682098063	-0.11126385695797003	-0.08217089203760178	0.7355369626018788
JIQZER	0.06811322136943243	0.24915964228620557	-0.009691774879934223	-0.08160032678667513	0.9225304479339358
JIQZIV	0.04612460894493964	0.2677229823018158	-0.014919816279650416	-0.07854407072130677	0.9001935780287673
JIRBAN	1.6452300021543382	-1.1750820888386349	-0.4544460533747352	0.3749942394040075	2.439829856763672
JISFEW	-0.5096847043699069	0.1631111330841576	0.3442665492033248	-0.08972569488228543	0.9444211433829938
JOCMUK	-0.1460371203614219	0.20997450781569327	0.08587863506777685	0.20597960153568518	0.9494611008729945
JOFYAH	-0.21304760707281378	0.2641869433669358	-0.0039669869143234004	0.05903823988308378	0.7823657463667409
JONBIZ	0.08344758022654908	0.23085671642167338	2.0829837493074876e-05	-0.08076284218225174	0.9417172064957117
JONBOG	-0.025773225628830332	0.22351488112130236	-0.06611257349817945	-0.005331813505041194	0.8433399662965667
JOQQOV	-0.30429687965252183	0.36584162055013325	-0.02152499768365894	-0.005390464430375774	0.7864546934051045
JOXKOW	-0.12340566880157189	0.23810033601904423	0.09932124875071952	-0.04981892900242095	0.8544344854893574
JUCSIM	-0.10279168713321596	0.33279029700388285	-0.08712434140696414	0.03417451857155483	0.6931226603112199
JUCSOS	-0.12764386658772908	0.3592298849013501	-0.1295609644617163	-0.07584636627463098	0.7278421143294186
JUDDAQ	0.780209036970497	0.043830846251927125	-0.2813577332762256	0.234701104805433	0.9470939799966791
KADPUD	-0.0375668418340136	0.21948917397210932	-0.06329401222804852	-0.10497487756529417	0.8032740186872062
KAJCAC	0.17001025470071296	0.28679008832317365	-0.40925742618212313	-0.007579720801545439	0.6625676874387245
KAMPOE	0.038275888004180914	0.2120411379182806	-0.04567724430615033	-0.08145130035560347	0.8578968990587942
KAPLAO	0.5923044765832759	-0.46148590537975503	-0.026315267055819422	-0.055084414035801665	1.4181143288628935
KAQQAV	0.2096527405184494	-0.16204335363712064	0.04083220768054577	0.3255161857916047	1.0566203797407434
KARDUC	-0.23472862281454976	0.33896062893265866	-0.0352796030256871	-0.03441207192453555	0.8080474731791731
KARQUQ	0.7963462015661076	-0.5750989000978692	0.03835037145591816	-0.13099945504871457	1.942610138526386
KATZOY	1.4984877473615206	-0.3421390726867461	-0.5261098015734643	0.08187011763865626	1.4996939046909499
KAWDER	0.8073478225434414	-0.8001107549979355	0.40183240859186087	-0.200798743883406	2.877245038282375
KEJTOJ	-0.34033846782117205	0.3473918582960177	-0.04828013652611424	0.013747300804809928	0.7101122317547739
KELZIO	0.16991390498889913	0.18077942947423553	-0.3683540245062329	0.025034750739871894	0.6411103065045625
KEPYOV	0.26041969422395717	0.3732059988341426	0.13462588006899393	0.1866676249593478	1.2257462153103011
KERDOA	-0.01272317615043006	0.38722693123167573	0.02416661305821699	-0.001039517360429218	0.9664262371604234
KERDUI	-0.0966306621448827	0.13738432281438262	0.1250784385584877	0.013467861353421751	0.9351168732469618
KETXIS	-0.3463886961961289	0.20816970599925555	0.15093189297461226	-0.07022647499887127	1.1302855701977803
KEWGUQ	-0.0225637330850752	0.3475177963801467	-0.3448046754098776	-0.021621709704924434	0.5457065867865679
KEWVAK	-0.44422967340796937	0.48966437399377216	-0.04912643989071509	-0.06888722110115224	0.6138677044623178
KEWVEO	-0.13300651263416663	0.5496643870532077	-0.19207024311010945	0.031001318052141645	0.6973158480311388
KEWVIS	-0.3893133910202642	0.4838276915414602	-0.07044740672079436	-0.03744704369545153	0.6447626688880344
KEWVOY	-0.43785387093450456	0.47451814529079483	-0.05929682061805955	-0.03875503347037654	0.646162338783967
KEYDAV	-0.10889758322499965	0.2855823100039453	-0.10684869610401274	-0.08315683444232695	0.7627358668781945
KIBNES	0.6986393090339544	-0.2731710612403437	0.1930798304098105	-0.2516900759073781	1.800956630161897
KIRTAI	-0.06751839423738204	0.29264795801445664	-0.06480083314263102	0.02447607832856461	0.6803365389067327
KIVYIX	-0.8448210067804505	0.5498488902309903	-0.03144510486955619	-0.04216104361457995	0.9154227760046
KIXJIO	-0.20679293303072566	0.26921573861822445	-0.013147276850706588	0.05338690417503277	0.7805504995394285
KIZQER	-0.17928877347622185	0.23543237329968691	-0.01328999718009681	0.06161719483809566	0.7700506950531383
KIZQUH	-0.050865942460700975	0.4205115875289437	-0.02032980746653834	-0.0610852427499073	0.8353981203984128
KOCCUA	0.2591886633881204	-0.017841876170015758	0.024001823571983744	0.09428781176269738	1.0567564342142566
KOHNAX	-0.14002640747058148	0.24705256253747343	0.10934288463318664	-0.0446835220565978	0.864036970178837
KOHNIF	-0.16409558046387307	0.2592303634209111	0.10795233901391613	-0.050474109483973156	0.8708394817592768
KOLZIU	0.03373286161543643	0.1019746148661026	0.46441382647115403	-0.0394436098681744	1.4797717343612098
KOMJIF	0.556272412391237	-0.4377618573343494	0.472756447804635	-0.23183817502482756	2.399487680731978
KONBIA	-0.22586314689422338	0.30154957312602415	-0.04252595499539226	0.024807588244637007	0.8014381871164196
KUKYIA	-0.15722550331866625	0.35813431893771275	-0.11754715383936963	0.04823263179909423	0.6774778410643263
KURZEF	0.43946392585163974	-0.164192185507127	0.7685565995935725	-0.10820554147934724	2.495801809743961
KURZUV	0.37199275016420064	-0.28635974683310883	0.6297278818074523	-0.15191528203853114	2.087170964667717
KUSCAD	-0.09380306694813578	0.2994016512463341	-0.06936552018205405	0.036289579177860604	0.704759950771538
KUSGUB	0.4044506181893408	0.16443648616945528	-0.23724380586216565	0.008520965125066803	0.923068321519167
KUWYOT	-0.03851604376562756	0.7103564634132394	0.22112068607129773	0.05936335865603279	1.2975476108552666
KUWYUZ	0.41798303639380263	0.33880000857140835	0.022576018229818917	0.019256194788522887	0.9829398565644513
KUWZEK	0.19100290867265324	0.37329174577404867	0.2010735189095079	-0.09437690351983888	1.0999863136922885
KUXGIW	0.31629164650674646	0.35104233548621966	0.29617948572521013	-0.1253423391624375	1.366484281718354
KUZXOS	0.23049189308621765	-0.011877703153024055	-0.27986932334613973	-0.053829514241518245	0.7347069416582168
KUZYAF	0.22444008097138468	0.05098693322718417	-0.17500274891252432	-0.12295551629722237	0.8035247052143635
LAFDIF	0.8843345987790943	-0.09083978027231154	-0.12461134900065948	-0.04785648229538171	1.3047402873717728
LAFPUD	1.0705109714120655	-0.5402224425414641	-0.23207760139113437	0.01880151409415679	1.8225022324191977
LAFRIT	0.5454593359083368	-0.1634189312350227	-0.24350369542777897	-0.020924198241313578	0.9863720184098184
LAGLEL	-0.6223983037712397	0.4968272338506682	0.16358084534221187	0.026021107402250505	0.9942657600191969
LAMLES	-0.21436355746665336	0.235207867514733	0.003490714864517519	0.05406988855495536	0.7943653768913957
LAMSOK	1.0886932696020488	-0.6434811206316321	0.2802984905355569	0.05655443061295882	2.499035045553488
LAMXEC	0.8252002868618864	-0.149141914282774	-0.00986055874068728	0.2700828858202283	1.4273748265173005
LANDIN	0.8281473708407718	-0.2254794080164041	-0.08150930829862564	0.038116039199666815	1.3562927559877989
LARLOI	0.045107799038248686	0.29252755708461586	-0.00925232024279965	-0.07038825893434617	0.8922579405680372
LARRAB	-0.057236658562355824	0.4588676012527243	-0.2839622823151585	-0.017226677896212718	0.6328426290510346
LATRIH	-0.27465031998385214	0.05019453246360417	-0.09744623677156788	-0.13455920997977844	0.9837872181560665
LATZOX	-0.08542266667424014	0.2910984985327564	-0.060675504982821316	0.038826802263859275	0.7124177179528801
LATZUD	-0.029682281299267643	0.39407659816464646	0.005141517628360515	-0.060444024141006567	0.8725571316513339
LAWMIJ	-0.346003958408847	0.16755320920647632	0.1128629722409529	-0.10745034879772786	1.1119588900843744
LAZYAN	0.2941278292959195	-0.169201105412204	-0.19208250897325355	-0.12260261340606812	0.841617224057345
LEHMIW	-0.07302529855329265	0.38128891261594366	-0.09579450025543026	0.0518859962989896	0.7059575426292022
LERJAW	-0.11969240116703528	0.320777159186283	-0.11554647680786251	-0.08449426520406875	0.7359843104090218
LERJEA	-0.11423871010764097	0.3058631604425285	-0.1021516182098076	-0.0912545182725531	0.7560459087746741
LEWVIW	-0.6066505945287268	0.45564367183744137	0.17850100519406029	0.012334068773688006	0.8829437594884242
LEYKIK	-0.10377520859387479	0.3069204158434776	-0.09980968903243655	-0.09137239783715256	0.7486680143481865
LEYKOQ	-0.0939572733802474	0.298908720671771	-0.11694997576758602	-0.08971476794427188	0.7480194163582209
LIBLEN	0.5254370120578664	0.07911844111439181	0.38694885263678014	0.06746989496988122	1.6694576505474112
LIBTUL	0.8648925099208569	0.21024925174424292	0.2340300225112074	0.34457985176485745	1.7168048727326874
LIBVAT	0.5876724274571634	0.5257378377294312	0.08587908078596374	0.1303364172616266	1.5359429383340066
LIFTAV	1.0131524837591876	0.4680639031494912	-0.11799251967036492	0.1294138238498495	1.3838161101548276
LIFTEZ	1.033043901246478	-0.4819406523129292	-0.06743212666814012	-0.03229219025578017	1.8006721149857345
LIHYAC	-0.31442223453841	0.6063172249285801	-0.14636551523613836	-0.03085143043590638	0.6487487080000212
LIJDEN	-0.06013319289917263	0.23984657779851826	-0.0978368869866436	-0.09906598897079749	0.7748971061639687
LIJYAI	0.49216746454560134	0.45781236637705114	0.13250320650368333	0.1844833019022906	1.34457859194698
LOFTIJ	-0.08944952136887352	0.46739370602656083	0.000147543539043532	-0.034084662544522526	0.8163839652083026
LOKPEH	-0.6415702782019994	0.5199224803607728	0.08971509148830667	0.02401893056847549	0.9592329235591841
LOLCUM	-0.10855255373339157	0.34466359067560226	-0.12388707576052178	-0.09805824360589574	0.7685295392572872
LONXOC	-0.3730028675027701	0.26890123365416796	0.05021602896163235	-0.061032695330390394	0.8363949104539166
LONXUI	-0.3789750261067426	0.2765631256320621	0.04359203852355015	-0.06383002277306778	0.8355069455155497
LOPVIV	-0.3033645667859304	0.2188669735316825	0.1727472823969096	-0.036108045960555696	0.9305761040126614
LOSCEE	-0.11784656148683892	0.22584858784613693	0.03997600822775502	0.035543210585231855	0.8607433633058807
LOYYUV	-0.09383643538014397	0.13300546170417327	0.030044265607151704	0.08363716604850027	0.8819603597024281
LUBVAI	-0.138811274751383	0.3511703957982887	-0.10272098134174067	-0.0762612927963384	0.7339564829530314
LUBVIQ	-0.11324328674141881	0.3537936753090135	-0.1423716131397693	-0.0777828681170087	0.7196842742408273
LUBXOV	0.7860594168226882	-0.5591722629798199	0.23427808428226163	-0.2547434902391104	2.0735942932963543
LUFHUP	1.1960581373899681	-0.78902537662792	0.5443922550888206	-0.39730250091321817	3.9255929537983913
LUHJAZ	-0.16190645078879484	0.3294186315246658	0.10849083064170154	0.014797218124540022	0.9011886230203933
LUQVEB	1.7944916394312282	-0.9773621108668107	-1.0155201681934611	0.6583832380944704	1.4513749364617627
LUWPUP	0.1486492335490035	0.3929731446396564	0.19338969791654778	0.048776259911082545	1.153343931396587
LUWQAW	0.5444056952041136	0.27918031282763345	0.2275226464728732	0.1660374885098642	1.2533387083337006
LUWQEA	0.4553411911604939	0.41247757608353963	0.2991517271092813	0.09391731843357239	1.3614123517553731
LUWRUQ	0.027413745449796245	0.7083415554562545	0.17956584906173337	0.10042492454470607	1.2580621706519337
LUXDOZ	-0.09451983016852461	0.13471801563370356	0.02880196894903675	0.08294619586219784	0.8807359965869742
LUXDUF	-0.10747509930403032	0.1453499306499586	0.01510657066608645	0.08039185964854031	0.8691959218171733
MAHYAV	0.2271004612972507	0.07938096648275106	-0.0618574595939219	0.095968880216566	0.9443206464738574
MARKEY	-0.23082837786233767	0.2737415042333774	0.009188996559800683	0.05641849452928431	0.7813287687180607
MEFSOJ	-0.10350563900974397	0.28222202566329446	-0.0817242216676611	-0.09131806929099825	0.7763045786908337
MEFYOM	-0.2043497434388022	0.25459363911702637	-0.0007112814191696792	0.05927172398113653	0.7862415168397293
MEJJUJ	0.01764508830008671	0.30870407017436674	-0.010279489502742933	-0.05764258014581776	0.8720038149496839
MERJOL	0.43559625468193186	0.1570879708583972	-0.09549349389907155	0.04019918654936782	0.864027977691448
MEZCOJ	0.6332045243593716	-0.33349448447548796	0.2552814359469887	-0.09654064828260608	1.8807427332228546
MIBYAX	0.9102139528514015	-0.5085147455944246	0.5302213854343145	-0.28203519640687	3.131841553492552
MICYAB	0.8102849072468215	-0.43367538621011403	0.18256330240864801	-0.026922151262252392	1.8314183083733209
MIGHIV	0.4713887616446528	-0.27026788322126644	0.3368795437950989	-0.14028175602698334	1.6757488978828743
MIGHOB	0.34809517373172705	-0.1493231186900792	0.5439349410930946	-0.10340183503148156	1.887732572851086
MIGHUH	0.35372271664135146	-0.25428948641002147	0.17177359525203914	-0.06593676899470152	1.3084816390143148
MIGJAP	0.36102970047671823	-0.24010204572986182	0.14890449645284112	-0.04449047083634243	1.30881905647137
MIKQUV	-0.13471558829555264	0.31841971661575663	-0.1119833002561486	-0.07345600441536568	0.7391518445953233
MIKRAC	-0.1275588952105231	0.3535877353813771	-0.13217138938393297	-0.07722752555088222	0.7328878629161483
MITPIP	0.8760490055070074	-0.32311155733410074	0.04412996984290479	-0.16738245202025415	1.7882818208363842
MIYLIQ	-0.16674979414606028	0.22538483629378248	0.007823413831564652	0.0628195463225011	0.7972461967063271
MOHHUO	-0.3771647973161527	0.30956669176531826	0.03612091078972415	0.008851643896924721	0.8549383893565201
MOQHIL	-0.08369044150960692	0.506737066424524	-0.07341224148438334	-0.04558870601360014	0.8408007863258908
MOQJAF	-0.4997069688109206	0.40131497314667886	0.08441326979206881	0.01339258258599036	0.8159399122479565
MOSZIG	-0.3751495424823883	0.3273499354513557	0.057610365163326016	-0.040025926905531126	0.8682767356632008
MOTXAV	-0.36302019827155796	0.2635866693919676	0.048117201993705755	-0.06326068169099702	0.8314963238002961
MOTXEZ	-0.3710343710764197	0.27222400116624657	0.03813235801476944	-0.06668735794514452	0.8267784650436317
MOXGIR	-0.11020369145645992	0.2959623227107221	-0.08738372954583677	-0.09053371965185272	0.7630613024820015
MOXGOX	-0.10822771316207414	0.301412204689841	-0.1078257687114334	-0.09062255767169261	0.74266577601815
MOXGUD	-0.1146178383504095	0.29699793529385043	-0.09061119889947204	-0.08977071588709984	0.772370779323342
MUCRUX	0.9694913902707927	0.31852597045001463	0.11180006200470363	0.17039758461303753	1.9297220818482856
MUFHEC	-0.018517603100643765	0.34210479617807665	-0.045490968356321326	-0.08154976680022896	0.7904611886960297
MUFHIG	-0.20541342681082586	0.4107081288796083	-0.12723958028352442	-0.06447818460674745	0.7506467041162869
MUFQOV	0.026861030416375442	0.32891924335962697	-0.022067435831194956	-0.06376924322120234	0.8608715693104967
MUKHUX	-0.03254798490516286	0.3127810171609703	-0.2700362042432375	-0.09585271315163449	0.5610162980366077
MUNLAL	-0.029678618327471096	0.3805697213401663	0.009235728854823433	-0.06379146719256154	0.8518665638372036
MUNMUG	0.8788810169597796	-0.8845113458087234	0.4355811246609037	-0.18238186581632557	3.014624433633948
MURVIF	-0.33680548669545995	0.4381348967123483	-0.13223527245990274	-0.09473717564378564	0.7557587791431821
MUSGAJ	-0.21911649737651517	0.2578843298129866	0.0180258475866798	0.061427773695174805	0.7930241916435189
MUSGEN	-0.24061388716618692	0.27751572406424885	0.005401045762167683	0.05804380286371909	0.7776481122929085
MUSGIR	-0.21991363643302098	0.2576296920653659	0.017243937437387585	0.0644384861275612	0.7887072715776227
MUSGOX	-0.22852470796650115	0.2642264800872046	0.01546077847388816	0.05804952208957546	0.7879262092374841
MUSGUD	-0.2318189979073959	0.270186398287782	0.008814662644588828	0.057261516239367496	0.7799087370027931
MUSHUD	-0.17851804384060488	0.23275664048760203	0.010102061383960581	0.05832863141195647	0.7960293485827062
MUXQUS	-0.18066381899702755	0.07742956173279858	0.3119052234493426	0.1411070813163211	1.3763779012755593
MUYFAN	-0.3031946775239782	0.35655222006184906	-0.02958318089913442	-0.02746105594811768	0.6121288947994394
NABKOR	-0.21054570554210272	0.24976863746839972	-0.015059904535671687	0.03205048030517652	0.7950208912483043
NADYUO	0.8652847352686708	-0.539198653219213	0.09287966040393059	-0.04109839253194296	2.0320774263380734
NAJRAV	-0.03578779560024303	0.44749134481974095	-0.027137504316552846	-0.04735085510837568	0.8736528318864077
NALVUR	0.41799493558756673	-0.4897818931442048	-0.2678936537138561	0.14584382505243265	0.9890448714798847
NECJEM	1.061197612671728	-0.5634703948138442	0.10512277225361505	-0.11092061563324032	2.14557632825211
NEGHOZ	1.054965316041082	-0.6646874373903042	0.4127794576099695	-0.31777381591932297	3.050597429263125
NEGSIE	0.8611028145661894	-0.5608647549233414	0.35421578576195023	-0.25471820607693507	2.412914805268569
NEGSOK	1.103359408498672	-0.6005413460732534	0.3879447641554552	-0.3173396235378868	2.960532171010268
NERZAL	0.9749962102257848	-0.5259808381219988	0.4023791553550068	-0.07213405035961933	2.335607392369474
NETNAF	0.8380892693043127	-0.03988554878015382	-0.02107514651779205	0.10063465247170188	1.399051340447776
NETVAL	-0.2683133371986304	0.2764946379097536	0.10614112649695845	0.010714749963852962	0.9224462676005751
NEVJON	0.2273053657430375	0.07493629685065317	0.5214408067118365	-0.012838047876815702	1.6982309467582346
NEVLIN	0.7284033764562867	-0.011279723187373913	0.17125905982980774	0.197249757431839	1.4900393917534758
NEYVIY	-0.12545763226569662	0.3315112338070284	-0.09751237046351607	-0.09791786657988016	0.7429223710309425
NEZHOP	0.4254824912156825	0.3111911261020154	-0.19995800307979855	0.032855270487293364	0.7465974654932035
NIBLAM	-0.23173207898802417	0.2543855849048736	0.13101497589696223	-0.008930900609415468	0.8889034537190466
NIBLEQ	-0.23139568619032147	0.25988071342905805	0.1282404831709533	-0.010005066077849734	0.8837328415706165
NIBLIU	-0.2902825023711739	0.26701661671060306	0.056527214742679105	-0.033199511951831726	0.8794681066777015
NIBVAW	0.714007148623498	-0.5988774959152834	-0.32069993442294553	0.03646034196343396	1.2735267791078573
NIGZEI	0.8488416938072261	-0.7714166630501316	0.28771583282069124	-0.05334201262989377	2.376111322173169
NIHGOE	-0.6570010212451436	0.3931385721395143	0.09652883274614979	-0.02953339416283153	0.793059673035263
NIHGUK	-0.6706701916402187	0.3517814525132371	0.1030766142323501	-0.03818756419072583	0.7790007530081408
NIMTIM	-0.5108696534894643	0.4087863992672395	0.20675586119738656	-0.11997490395098992	1.2364237195997092
NIRKUU	0.24645213279004752	-0.23149649746546697	-0.057412810879649986	0.0011550981568251503	1.0764591534499055
NITJUW	0.2873763018916362	0.12490204453378273	-0.16726087002475765	0.0471004172657048	0.8232319285588212
NITKAD	0.3186751173953186	0.10963272874496022	-0.16219002810791247	0.01952069235792119	0.864369892583687
NIVHUV	0.5180186221521677	0.20473743346108808	-0.24870497049159507	0.022261920384222388	0.8152190127955281
NIVJIL	0.08154828458306129	0.4350291677707362	-0.23802851254418284	-0.03713090052136522	0.7344676413293899
NIVQAL	-0.22329845993703046	0.23670715195181102	-0.08169423839571141	0.09814187976107339	0.759894431313219
NIXDEF	0.30409119973816034	-0.4158545722220062	0.4984381126069183	0.06690327850927327	1.790313867697549
NIXDUV	0.2723548359056407	-0.3203111575934938	0.39481514637249315	0.045327710581026755	1.6241989120203697
NIXFAD	0.2538737583342825	-0.29225709371233805	0.5704842958262115	0.003592285150623105	1.8767325730498348
NOBYOV	-0.2730496544531791	0.30259393882160424	0.09567535081499487	-0.028835630563744594	0.9069243366582951
NOGFOG	-0.2717297651626298	0.22011302387352705	0.13888381520343798	-0.03254249571864633	0.8852898118703851
NOGFUM	-0.2972412148384094	0.23736064607886898	0.14557877674922684	-0.03291228370837598	0.8974108095592765
NOJRIP	-0.1807411815141724	0.4099125749548055	-0.08911466935815093	0.036590317903605896	0.7267504060662092
NOQQAM	0.3828212386681513	0.150853845883002	-0.23334112327845408	-0.00036833152785607087	0.9087426121624808
NOSYEC	-0.03363206432021615	0.42338790803148163	0.0020204875759903818	-0.022112710064107553	0.8699238409307731
NOSYIG	0.08779824198493724	0.24550781301084468	-0.019906525174128123	-0.07700881281448625	0.9171119781277488
NOZHAN	0.5691491714357118	0.37986923649941884	0.059724558269095174	0.26660993172879643	1.46463695385543
NUHHEF	0.8009210471498212	0.05576990669248216	-0.2994198655398954	0.0003046364848949476	0.9898420937265494
NUHPUD	-0.15000014201500278	0.30225726541824904	-0.10662266480095997	0.07660532360747603	0.6888921598300388
NUTFAJ	0.06792901477070856	-0.11705693992517197	0.1417588302277529	-0.253044071894189	1.2102277590194004
NUTFEN	0.08679505851667635	-0.10555116717699198	0.16352796132933164	-0.26642913812156743	1.2313599782308295
OBODUG	-0.10349433979395473	0.3476630144561389	-0.07126302559874714	0.03120153228310587	0.6854887383365073
OBOXUZ	-0.168439086643712	0.3233218117504085	0.08034944717686685	0.0002776324067088748	0.9246766328214836
OBOYAG	-0.3188116452745269	0.37846295819297493	0.028714605235736934	0.006415085452003116	0.8173266581040827
OBOYIO	-0.38240494284171866	0.35442560842479354	-0.03194432023849972	0.02470785853674828	0.6733750023563566
OCABIE	-0.3121721273697404	0.33095109435594294	0.05025355028183881	-0.029120252771458216	0.8635197732061388
ODOLAX	1.42031190545018	-0.7592638028722973	-0.5326191383234272	0.35299898490470716	1.5978483280681552
ODOLIF	1.3630287870978184	-0.7545239332264422	-0.707732302958549	0.43674518201128393	1.3450582282999792
ODPICV	-0.09459029127133434	0.13372722442223406	0.02932658267620164	0.08358511469726063	0.8810064801316239
OEDTAV	-0.35991797154377725	0.2674717766803626	0.2643687644576356	-0.06778255848694224	1.2550734182438612
OFAFIO	1.4574811327445594	-0.7845420883641961	-0.7919642315309785	0.5909524921730279	1.3336620015024891
OFAFOU	1.5320179372337397	-0.7235841960960376	-0.9273247536866954	0.6487079627554662	1.277527302753802
OGELUH	0.9149364940197162	-0.3344461371680797	0.5126797501304904	-0.07795183969469051	2.64883648559546
OGEMES	0.9059972748887519	-0.4666260439806123	0.30523020670564216	-0.01472945593034828	2.126661884186696
OGEQUM	0.22523473721259757	-0.0007492676658282793	-0.1816749524340362	-0.04159259516805487	0.7464877903703779
OGERAT	-0.3874292225770124	0.27712300576603244	0.03715529957961389	-0.059721090950709724	0.8177722395736244
OHEWIK	-0.1324143625154366	0.3125625711249468	-0.10004725793944952	-0.07294781612712559	0.7461900683443583
OHEWOQ	-0.12319661713570573	0.34968024602634296	-0.11916745335541569	-0.07582238832249563	0.7409221239108278
OHUHEE	-0.4071678595803667	0.29355961839669875	0.022417139238613215	-0.0730502804260911	0.8199361709432567
ONEGUL	0.4936471976772743	0.06500679403776566	0.13575033583316706	0.2140850300041174	1.211024431268284
ONEHAS	0.28221064345372504	0.46899474394845464	0.30821451187516213	0.12222377817189271	1.395797921750659
OPALOH	-0.3340464743564162	0.40840553512230626	0.01208668662036444	-0.027209571774060054	0.8742515563247888
OPIDIB	0.9498769594920486	-0.40902087051957403	0.42064858662431803	-0.12362640578822082	2.379355432937434
OQODOO	-0.08834668744856655	0.28853775704896234	-0.05916491892595413	0.039362676000537763	0.7103037082157507
OQODUU	-0.07106977940768067	0.27419418065204215	-0.05797865190383264	0.03984825813826156	0.7066685278818924
ORUTOL	0.9872117135696308	-0.7000223011200288	0.2187332971630325	-0.15599491974139928	2.523466236128506
ORUTUR	0.9815155015126416	-0.5404599797037088	0.21236108638116705	-0.15908311402969413	2.543500997342111
OSAFIY	0.013878187373823625	0.22424965441263012	-0.09675561973645588	-0.017825476848783973	0.8732551719766164
OSIDIF	-0.07205915622102621	0.442408979883408	-0.025176008449033838	-0.08570391179720224	0.8488315840530465
OTODEH	0.8167923519092497	-0.51589420790338	0.39790919972272965	-0.14326986801975203	2.350180315749148
OTODOR	0.9928738674200006	-0.6017760692124672	0.29007789196910916	-0.1294834218868221	2.414222160754506
OWULIC	0.7577200719519488	-0.30596769857570244	0.09943356340010928	0.10703205351030863	1.6591213987137445
OZITOI	-0.3050405487487282	0.18728423399960714	0.122308759341516	-0.015831639529992766	0.9065106128773375
PABLOW	-0.344527309538063	0.29663709245366865	0.047356933746149715	0.006255378827939785	0.8269403735150072
PABLUC	-0.38726035924810187	0.32676534774992916	0.062166455224776485	-0.008245134221288551	0.8616671176671613
PABVIY	1.5186774356694923	-0.7717980876276624	-0.685166021837169	0.44528603052834764	1.6248646947986416
PABVOE	1.5042889227088199	-0.8222931099671948	-0.6396272578838879	0.40566091344241884	1.7110842125614472
PABVUK	1.488094175122948	-0.7421028035487582	-0.024077343088280953	-0.00242166105940049	2.8141861221971762
PABWAR	1.4865818854698039	-0.7614842338351531	-0.015619881895427387	0.010992646687905727	2.8519795745606085
PACBIG	0.3617146888201739	-0.2758657934741852	0.2504868696202135	-0.11895338988443777	1.4280960085016752
PACBOM	0.35069026653546453	-0.2508122383860827	0.24434199465504605	-0.12515426395288615	1.4428271420162044
PACDIH	-0.2779356934795958	0.042620733902671626	-0.160490704681072	-0.10310739514732087	0.85004295043002
PACDON	-0.30709681478119766	0.0029169418393797386	-0.06650550707239976	-0.14789083239366754	0.9993138430070045
PAFFEI	-0.6790305001975527	0.5308925789657869	0.17098886437884595	-0.03156581178384417	0.9889972732709115
PAFKIQ	1.2361784864892473	-0.40171602437689985	0.39280049665021666	0.10455278164543723	2.6964422854124823
PAFQES	0.7208405771811526	-0.026823897453160828	0.08723677468235122	0.15162192138997066	1.5018132543481117
PAFWAV	0.5108177541490702	-0.04835320666593035	-0.041365072648302095	0.030420280296990405	1.5267990510574763
PAGXOK	0.1749051596728699	0.06085776038812585	-0.37220619049515913	-0.03764223730091658	0.6431476996749739
PAGYOL	1.096692758994401	-0.21848535308992312	-0.6593676239504013	0.054008150141984755	0.8925141471749575
PANZAH	-0.13930124785423503	0.2634375961325358	0.09411925050553291	-0.04690667634309724	0.841056687817357
PANZEL	-0.11602832631662796	0.3268839942160905	0.08733837679675585	-0.043937107235472284	0.8472031768094073
PATZIT	0.9806688302714099	-0.6685263784641161	0.015262421143224042	-0.06671549050916854	2.0615247790130473
PAVHIE	0.2355862544293097	0.05866355882975671	-0.17160442291757444	-0.10247326124918532	0.8436154561603619
PAVHUQ	-0.2621486937019548	0.3160195514118608	0.08762146296365161	-0.01803247113960113	0.8940630512901219
PAWYIW	-0.21339440105604046	0.1236593806431131	0.5189494964679768	-0.22216561844322275	1.5421090606609997
PAWYOC	-0.22009677192352717	0.12987371818559146	0.5139168334151587	-0.21226530576908942	1.4555363703227324
PAWYUI	-0.17637067055105637	-0.04835046649176711	0.5110900869791153	-0.16670348756719439	1.4303409615060128
PAWZAP	-0.26187616745148645	0.06920288035527189	0.5057015634493788	-0.2285524924262366	1.4177749173421588
PAXDIB	0.8365673308207029	0.11524871707808038	0.07477309924675563	0.1757606001070279	1.5411718637294864
PAYKAE	0.4332376384484542	0.15635385795707224	-0.09165939810181084	0.039863293513366475	0.8661120838584352
PEHLAP	-0.0961873034513907	0.32207153415708023	-0.12781994589318785	-0.10002185079942436	0.7290835802195131
PEKFUJ	-0.4622459993027621	0.32117221108417404	0.06372993169739424	0.04081725258009554	0.8988121173477903
PEMDAP	-0.10749968027284629	0.40195597500869107	-0.10704548573053288	0.046120943875101926	0.6973183151197357
PERGEY	-0.8442214205079446	0.5470357487238583	-0.01965954294296715	-0.025924691806467087	0.9307027862194982
PERHAW	-0.09481486971490272	0.1341303413827165	0.028995278582214873	0.0844159191431174	0.8800084030497537
PERYIU	-0.7273826332547633	0.5435618341054861	0.07845482931485298	-0.08626342511371571	0.9875126050902023
PETXIX	0.43967495984063687	0.17506952669610598	-0.47282396858782727	-0.0042128152524136195	0.6469900797679602
PETXOD	0.3460152515078154	0.21969266763708295	-0.5050903890042332	-0.0049932179475934355	0.579239355934267
PETXUJ	0.4306218094545753	0.11911144497741843	-0.4795262541209837	0.006305036039310714	0.6510786690857788
PETYAQ	0.32055630881757535	0.15575127026026048	-0.5063672215628716	0.0056561617079669	0.5805178647863307
PIBZAI	-0.17027416431205822	0.4456395268712824	-0.048434786375621666	-0.10316632029937325	0.8293324676244261
PICDEK	-0.7901600667508455	0.5542476147382588	-0.003254700326174531	-0.07933010876242255	0.860278938432119
PIHHUL	0.22944412649266654	0.1521110546829043	-0.20590732418306545	-0.1529118846307114	0.7684790813761433
PIHPAZ	-0.07844255277829859	0.3007147785452061	-0.07273386898099617	0.03815921052583909	0.6946890983166332
PILPUV	-0.020227863448403216	0.33690881058310296	-0.00583392255466833	-0.0857596162633315	0.8247867182845597
PIMLOP	0.6195766762771697	0.14849386975467294	-0.3933435294926415	0.06597258419528669	0.7770132997761706
PIMTOU	0.9798890140316598	-0.6645053908852002	0.1100449216704866	-0.10280697274137829	2.1610376973797822
PIMVAI	0.15745745096928898	-0.10636417510655716	-0.10606707770831321	-0.15444203952052424	0.9837037454022564
PIMVEM	0.11208178795333978	-0.0014151146845191587	0.0695523441099824	-0.14879559369045864	1.1537589496191138
PIPDID	-0.6308236554666662	0.6231795941213586	0.12313141784925422	0.08508126937539268	1.1950280748481739
PIVPOB	-0.15366445437164433	0.2288784022493835	0.34761702735472055	-0.1607045358716508	1.292761759629554
PIWYAY	0.0017382263218435057	0.30875532477675216	-0.009727590221620452	-0.1066499340606018	0.8634971003631091
PIZKAO	0.3690028037126183	-0.0703428285020723	0.10207662248288168	0.021962368472519308	1.300128074805375
PIZQAR	0.8339968303645642	-0.029646050267058466	0.17433330299723246	0.003854830771329698	1.713704423930156
PIZQIZ	0.9131095151824384	-0.07753790612836442	0.27579771000815523	-0.11147816021203497	2.0373038550830116
PIZQUL	0.9400569621109658	-0.3421011144784303	-0.040310309799578475	-0.15954627389129514	1.7064685750308888
PIZTAT	0.6786348055786164	-0.14603293066554257	0.12441864150034385	-0.1871345833935625	1.5673041715591198
POCDAN	-0.09503899709166097	0.2842743584514308	-0.11349402608164168	-0.08443905933152442	0.7557892548212585
POCNEE	0.6543233934424646	0.17965640061274435	0.07768756635714716	-0.03054517410153071	1.3818186689005902
POFHEA	-0.12891949968550698	0.3112147153553183	-0.1117879437233657	-0.06867793124568178	0.733975988943998
POGNEF	-0.09441602172919517	0.3103550954875415	-0.058256132596375854	0.03248013784126411	0.6981251161350563
POGNIJ	-0.09474496915157316	0.32440544055132425	-0.06259139733672671	0.032701399979511624	0.6961513580747023
POGNOP	-0.10054583876564971	0.3288661365871629	-0.06509161852559377	0.03412702776160518	0.6939810791493691
POGZOA	-0.38216211983895754	0.5153609727734759	-0.062016970123457124	-0.020272881565395216	0.7241430547120605
POGZUG	-0.45281574136882696	0.32936817819309827	0.15602950725479744	-0.014297168047480734	0.9966067679987555
POJSIS	0.0011372430705418601	0.3587614036617709	-0.040185433583070695	-0.1095948243431322	0.7989137132019621
POKCOJ	-0.015492466007958061	0.3399333591524806	-0.0021283676704149934	-0.10016150872411964	0.8213014522741297
POKPEN	-0.22750353815836943	0.3173210817480513	-0.05262520420459274	0.024785090906095507	0.7984703822088732
POPBAX	0.80900429556737	0.23649045683739123	0.20504674791760327	0.3205540687843723	1.816269053199978
PORHOU	-0.1447105190646365	0.31188128562163253	0.04029587085008807	-0.05468234887418283	0.6566033929297355
POSMAN	-0.2523549619126886	0.42628645074940075	-0.053006134175018566	0.04998758474725358	0.8684439240546107
POTFOW	-0.13800247589038683	0.2638300236177379	-0.11142815711805577	-0.07759253720344869	0.7398282834512945
POWFOW	-0.10766372117585288	0.5505695845516446	-0.02167656458765542	-0.03259686162990172	0.7339876095819589
POWKAP	0.5772906950051948	-0.3025878207998637	0.22863810633748374	-0.019163270054061432	1.6187774076969144
PUGWOD	-0.11988584844046946	0.4584878399917326	-0.05565814219598454	-0.06752090078845502	0.7969571779083751
PUJTOD	0.28504510122110505	0.21774203897235045	0.10426911950544496	-0.022914897075356558	1.1831139831174418
PUSSIF	-0.11932046771845828	0.5125677266090486	-0.011605895834652935	-0.04569301955062634	0.7953595406098299
PUSSOL	-0.03804129723606353	0.40066767605011566	0.002740474590876757	-0.013912781186442721	0.8179023645527244
PUVGUI	1.2566171724170743	-0.5237229831447152	-0.18759548778135454	-0.046846259649538785	1.8330508963598255
PUXVAG	0.1793353220923266	0.10494036440613319	0.14121503349739853	0.1812556414177934	1.1785931565875272
PUXVEK	0.0754938414023143	0.2651337221258988	0.052829592072625414	0.3119235856443871	1.1799262983713554
PUXVUA	0.18037102821163264	-0.22555121498836905	0.14791540295458658	0.05595755989736912	1.3207931571135867
QABZAU	-0.05119248056701986	0.1449289292239454	-0.06531770425663201	-0.09833788263106588	0.9958902893955663
QABZOJ	-0.17951304995182005	0.42593812474111303	-0.0962389831659195	0.0010660724550185519	0.6082243718523332
QAFCAE	1.0165536857803255	-0.5690357936733362	0.4086559939694684	-0.32519364822306257	2.875456701809741
QAHCUZ	-0.1670009643082997	0.4744909315496856	-0.1570574436548361	-0.07067748787771132	0.6567256908085685
QAHQAS	-0.09409491032309081	0.13335484057740998	0.02990205317145772	0.08377835284217616	0.8813518619249129
QAHZUU	1.4419859858587531	-0.9093113442803958	0.10418826355650701	-0.02288547173917016	3.17283838462827
QAJGER	-0.23811741467802694	0.2323516097173588	0.00918248466678745	0.12372581504832539	0.8355165044361579
QAJHEP	0.5635951401897823	0.16369935014122117	-0.2753605455198803	0.03560430996397567	0.8324698914520594
QALWEH	0.1654520826081245	-0.05783146102784964	-0.06680619376895902	0.1399157385509533	0.9480909624404347
QAYWIW	-0.06903509125531171	0.39985293310130243	-0.10153069661992539	0.06478354469585455	0.688821775904012
QEBFIQ	-0.2514637156069921	0.2067611190165951	0.1991054032545245	0.03874512414186268	1.007824645950808
QEBYAB	-0.0965368175305712	0.1338554008693117	0.025902644774043	0.08568840914229736	0.8738989260127935
QEFYAF	0.4492339541044341	0.08034122391191434	-0.23029714010012373	0.025105341030635515	0.9963586838949408
QEFZAG	0.44812469027693513	0.07995307760071191	-0.23137632109630152	0.02342792762848436	0.9966163547458142
QEFZIO	1.074709142401883	-0.5869340610029677	0.23386448365844767	0.06385341350144172	2.4269252067753384
QEFZOU	1.104907025805653	-0.6075066347391791	0.2853464011353385	0.06971180076810433	2.428898884327309
QELZOZ	0.3309840061691913	0.0042736307914283955	-0.25817806801229953	0.0440763965233485	0.8601551709724339
QEMXOV	1.1860242844844904	-0.7214209338890274	-0.4161880299342743	0.2247749041918502	1.362069229385584
QENKON	0.004872889401886571	0.08359565257372048	-0.2890580148678758	0.12706830987805373	0.6346796973263571
QEPBIW	-0.10786253752243313	0.4813888240359906	0.02965292942351952	-0.11410025633010329	0.8439855667906951
QEPBOC	-0.06426754663153655	0.3633353384711385	0.0538623925549144	-0.11517425127112116	0.8749934443513789
QEPBUI	-0.07852774446410793	0.38705180974523057	0.04647059039178078	-0.11377631725589979	0.8508427038228713
QEPCAP	-0.022339878524099355	0.27671436135218286	-0.2795675086461018	0.01551451125603127	0.487079434947079
QESGUQ	-0.0503953224665028	0.4218376097779254	-0.13576097159951825	0.035264944179351915	0.6465302148551182
QEYJIN	1.2105927297250232	-0.6663325812762101	-0.13992549807562304	-0.09834199915641711	2.0290810125486294
QEYJOT	0.8712360248931783	-0.6181367868958498	0.007303080460974137	-0.10211008595823884	1.9233400392947262
QEYMEO	0.10063318059565729	0.27230762745113035	-0.35693013922299766	0.007281404530899885	0.5181410831801995
QIFGES	-0.15864643286686597	0.3816669665439153	-0.020557920418328934	-0.06397520584960162	0.8651704539937939
QIHWOT	-0.09869960833110625	0.4144585217572546	0.0046601995944141605	-0.11956423741661401	0.8058460125786092
QIPKIM	-0.03846052675452949	0.5006422396249058	0.23789351360590807	0.08964582019072057	1.1322294417671295
QIPKOS	-0.07922501236157142	0.4911877338542111	0.21954798137494588	0.10250353166486437	1.1507848199475323
QIPLEJ	0.08291368371567875	0.504082481974156	0.24218698192314517	0.21188446083133358	1.302530876717707
QIVMUE	0.8301761864760229	-0.33465732710617163	0.12694882019695655	0.1531246831909496	1.5613765683215608
QIXGAJ	0.17865670406345524	-0.1756971630771884	0.0999297806860091	-0.2677308643653868	1.2499810635606488
QIXGEN	0.7154172490655339	-0.6340292444410276	0.1457380510362685	-0.14764812506195985	1.9949552528886603
QIXGIR	0.6503813193861112	-0.4606644701072523	0.13103315240909288	-0.2059033584309335	1.9242793290543372
QOCVOU	-0.4009162609895611	0.4789620376684597	-0.14578429482783414	-0.059686298016480524	0.759436320331257
QOCVUA	-0.4002598803374804	0.47116424379910604	-0.1409082131784065	-0.05914402325892808	0.7640137671280666
QOFHEY	0.9421316809439753	-0.29719016775954954	-0.04243936650087944	-0.15829205652369735	1.5564912196970657
QOFHOI	0.7822330276159426	-0.4024958190145041	-0.3921348936611242	0.011898449739892479	1.1664236537577917
QOHDUO	-0.288867934482147	0.3662307207171852	-0.06452004725817956	0.023125127922878838	0.7240164861935919
QOHXOC	-0.6083865031142608	0.3715569588367763	0.21869185466278615	-0.008870468512719581	0.9590284162124207
QOJNAE	-0.030997254789092654	0.38364322747227464	0.0009419449070030006	-0.05955624053962426	0.8820630086623491
QOLWOD	0.2921815771449334	-0.07674190542700998	0.051104434463929066	0.05777083188055622	1.1311976893147802
QOPDII	0.8502118549608091	-0.7280399479567644	0.20244053135437143	-0.1300039650831624	2.1690800141112536
QOQXAW	-0.5504547224381566	0.38796915837368984	0.16034217414742033	0.019735994552898005	0.8612366852418585
QOTSEY	-0.09975999974590843	0.3161707692753536	-0.07736852572031017	0.03306611618266145	0.7007553034996504
QOWYIN	-0.1086538236804917	0.3237388504694493	-0.09487354597284076	-0.07850930044309207	0.7755599634789455
QOXBOX	0.03365067180644887	0.32467152694990553	-0.029768785615511592	-0.06810946516405358	0.8560654175236407
QUMKIU	-0.15778583978913696	0.46084187886844397	-0.21123366034720098	0.09005742409496836	0.6259346241041566
QUNKEQ	0.8916969710915716	-0.4376092161720907	0.14574997392581004	-0.085213506202479	1.9511828554153086
QUNKIU	0.9540810504360304	-0.5869676604515507	0.010422268184590716	-0.14530593281547458	2.056020567286417
QUSTUV	-0.1318068301623576	0.3127860432771866	-0.08825675601447286	-0.10281019499144559	0.7572020678745031
QUSVAD	-0.13086598207715516	0.31857748892385696	-0.09178023273369543	-0.10429639867232629	0.7611638232757683
QUSVEH	-0.1323255741418654	0.3185873907242841	-0.09296672016792853	-0.10166006683920106	0.760042469613307
QUSVIL	-0.11703552268073514	0.30830773507469045	-0.08614720485920108	-0.10146846173891047	0.765064461896772
QUWCOD	-0.6621845379673883	0.6430213483086172	0.11881650548608433	0.08743937824131312	1.2078881905319472
QUXWEM	1.0169837700352784	-0.7444504379063849	0.23255784434271035	-0.08365902992506788	2.6856879325059206
RABNOT	0.8957172289702231	-0.6058894197044097	0.3789247314776082	-0.21580907912199176	2.8242068710287853
RACPER	-0.705146727080237	0.5493956381147543	0.00719944469795894	-0.04295045064268503	0.9751462532252937
RAJNEW	0.01463136416515276	0.2271780472288294	-0.05279854648753367	-0.047451886560432435	0.8455204846877291
RALWIK	-0.10167644153661737	0.4186517242331659	-0.08516661499353416	-0.07047710473301817	0.9278339778680696
RAPWEO	-0.143344591181382	0.32444650148739884	0.10606034685844504	-0.048565238027182586	0.8903839671010565
RAQRIM	-0.06349017399879076	0.4020891913710841	-0.10861574619336356	0.0700571416745338	0.7001918914835872
RAQROS	-0.02663797852885086	0.31434695335613483	-0.09694159223278381	0.07871690900779674	0.7087767759313164
RAQRUY	-0.1089030049883899	0.5196311572633204	-0.00966983898606616	-0.03466922927353641	0.7852359834976563
RAQSAF	-0.1805841547725766	0.2310743418035155	0.016502236360230488	0.05216302728701618	0.8074204738605423
RARHIC	0.6978424022443197	-0.3289834504187369	0.07207097612831365	-0.01742059045292097	1.519113993836995
RARHUO	-0.7067258109150054	0.45267993577622423	0.17961276526419304	-0.0042715303102500365	0.9768144485999577
RARJEA	-0.5940727239419039	0.45373336733539993	0.17740846672490676	0.010859501894412493	0.9981442571776972
RAVHAX	0.939748589752532	-0.5377785718343109	0.5394004404837042	-0.2844714895768018	3.219598879051575
RAWQUB	1.1955992542190166	-0.23138581340464914	0.17388765266359954	0.23697721136529504	2.090792727256082
RAXNUZ	1.0381754172812747	-0.73899754494893	0.259115102150246	-0.1892595811156671	2.7453658914137087
REFBOT	0.8783909347977619	-0.16543299925059163	-0.06615437631060582	-0.0634945598537782	1.459554487407631
REJCOC	0.592639307275932	-0.26231658315001793	0.38939717876375013	0.08984315114792878	1.7527499038244916
REJCUI	0.6469375925734546	-0.1141930597090689	0.319757072293935	0.19999738179715237	1.7666231878644656
REJDAP	0.6440858017766815	-0.3198562289957316	0.44580897456699453	-0.04109060423783549	2.0675941148965626
REJDET	1.0499267835153367	-0.4556868231240362	0.279336426358349	0.056966251004819134	2.314483754036268
REJDIX	0.6093477066825348	-0.24854457781175343	0.4342866802199996	0.0785137644881137	1.8207718744901165
REJDUJ	0.6448580467643956	-0.3477620317791795	0.35016148595188024	0.031377380154543055	1.8245427438940425
REJFAR	0.6131499173407446	-0.3121580412581242	0.29754799942615606	0.051115245482346756	1.723159114354817
REJFEV	0.9928469092399586	-0.4135359465949809	0.2134665912887436	0.11377477032498298	2.03473730470592
REJFOF	0.4150742652271009	-0.05799205846945954	0.38444393680532707	-0.02315847382872889	1.5776167309684017
REJFUL	0.9286391538552521	0.05356015476785614	0.27308541948823717	0.06507211386954237	1.9658050292773839
REJGAS	0.6193384567951199	-0.21476984181141856	0.491492514752087	0.04138266051623705	1.9412163686192179
REJGEW	0.3917970290517214	0.02399993896488506	0.33759824249916526	-0.08642189438683823	1.5156573765405548
REMFAQ	-0.18211488897639727	0.41805032370891004	-0.12150209956112984	0.03395028555252905	0.6746481101017691
REMFIY	-0.12239157850923599	0.5682855271464454	-0.056680366580441816	-0.06618155669260127	0.8540148944773666
REMFOE	-0.12229186659968638	0.571266908230767	-0.054579421937290096	-0.06488335758875201	0.861599779800666
REMGAR	-0.1313860100403783	0.4478287419855592	-0.05176559405259763	-0.06414627397044342	0.7882138216069634
RERREN	0.6402062777244546	-0.15381946982876993	-0.29549722921255034	0.0498004315241631	1.0123280515228135
RESYOD	0.29750666605134146	-0.11592529330364387	0.5113007820360255	-0.10034193405457631	1.8611302044385252
RETGUU	-0.2575696238028429	0.29265638815614425	-0.08783883488481435	0.031395410451985586	0.8082589883350665
REWDAB	1.2460676571820604	-0.6165533541381483	-0.6482316199650546	0.4137888054032464	1.3104257917314468
REYRIW	-0.17194881027833286	0.04397593245848108	0.3551890377442618	-0.1416236561534575	1.2873771942480565
REYROC	0.6110241161778784	0.11626156873634519	-0.05804802426868032	-0.0659039034777285	1.2418556697880505
REYWAW	-0.6079628316103589	0.3241013732323047	0.15436995950432195	0.08697441798969953	0.8312764916370874
REYWEA	0.4319292160609396	-0.6091682202324975	0.11020035584957538	-0.08911371788968853	1.6049792278707455
RIFRUT	1.0133495244013715	-0.2440864811327106	0.40756174613907503	0.1265425816368457	2.2963303203131527
RIFSEE	0.5263792716419662	0.05866141748813236	0.24609311346709342	0.06001572549140309	1.5169770520634882
RIGRAA	-0.10882439714925063	0.39097823215951555	-0.044376641890671156	-0.09025695072937989	0.7821433369593468
RIHNAX	1.2462202408371135	-0.8799767471669804	0.6303029800315587	-0.3107602154062706	4.340471420003777
RIQCAZ	1.0881955018560237	-0.504545710860203	0.06317162027202447	-0.15430999517724134	2.2896740604069827
RISZIF	-0.05813768400031227	0.42705621835550256	-0.014269902387446742	-0.06593462845626492	0.8368224836749873
RISZOL	-0.05445874884402313	0.4443237798239984	-0.02557524239844776	-0.06378539311370411	0.8224232856639541
RISZUR	-0.07472943085252082	0.45365495431841596	-0.01956190537529376	-0.0727362937072184	0.8204494125770707
RIVBUU	-0.009278850134863514	0.24690673580794587	0.0060226840155646055	-0.07657088059496849	0.8442088428136715
ROCKAV	-0.18674659359591983	0.3489641578596866	0.09563658524480928	-0.02707115058049546	1.1839466200807862
ROFVEN	1.5430111591368898	-0.755714805543376	-0.7107051052901181	0.453521196300807	1.5458579297845016
ROFVIR	1.4501584202221705	0.04576386388354858	-1.299098601994405	0.6825430795661711	0.6375927232596545
ROHTAL	-0.07066603515025438	0.3999749615943039	-0.00792458132168733	-0.04978953003994345	0.8236779758891486
ROJCAX	0.8748307845323677	-0.5110309386398839	0.33000407624896355	-0.1006641975740023	2.360052924127439
ROKHIJ	0.16855701589778738	-0.2904563281276483	0.16891561256796908	0.04630656997299145	1.1318824284283222
ROKHOP	0.4408801564712541	0.07440864967646033	-0.18991300595343447	0.04007088000108373	0.9436196675152826
ROLSOB	-0.3061440859940281	0.33961141875440093	0.06451308402158876	0.0036335481495978067	0.9325373620678843
ROQBIL	1.4387638056635415	-0.7558243920525759	-0.6318575488140047	0.4386642612387679	1.5703844350284997
ROQBOO	-0.05452769379950295	0.2578641116438224	0.1012788725508415	-0.028909579650867295	0.8919664153263451
ROQYOL	0.6583511258245256	-0.43235924102423795	-0.2662718220839859	-0.042840190630014555	1.2678420620358029
RUQNEW	0.8353116588267024	-0.36932742351791387	-0.23212693916936047	-0.14375454649912825	1.4477562606486776
RUQXOT	-0.11209555163836349	0.14414686475456095	0.005985136716123801	0.08577711339345234	0.8508747862125661
RURHAN	0.7689658524985377	0.31996464489912435	0.03311938039940521	0.2258527205828715	1.9925702989416874
RURHER	0.25880152175443305	0.30850403815178085	-0.03162775095670102	0.14951347879265436	1.1462194847061764
RURHIV	0.48749455547354525	0.3226334951879294	0.03694401984559176	0.029929032255253847	1.3061195376101322
RURHOB	0.41869357455711587	0.32789776056940567	0.013212517881409869	0.14784600685750365	1.4421349668140477
RUXMUU	0.6810468694311784	-0.5738137957957185	0.12981850094398364	-0.059029403909007266	1.8408046332689374
SABJEL	-0.14447736268798295	0.4953978695683382	-0.058895339529490054	-0.023302804329323967	0.7929324067452106
SABJIP	0.02815299351112177	0.26306611227222787	0.0501607839577452	0.03226268433836555	0.9105366453662127
SAFDEJ	1.389433421967523	-0.8203495122122826	0.00476062237445013	-0.0018137146805977042	2.864433220245511
SAFDOT	1.423103778327452	-0.5580321242816557	-0.061402907556652786	0.16781476023030972	2.2499826145184723
SAHZEG	1.1028307407443614	-0.5406241437168392	-0.16380300127748773	-0.042644803432699094	1.7376566158662874
SAKLOI	0.20053608508819698	0.13781617105489596	-0.12269013404752929	0.07192716121682872	0.8662378218843547
SAKMUO	0.8189567756894598	-0.05253316492663118	-0.2160145310944517	0.3978956745054205	1.2649092524337868
SANFAO	-0.2733204372261486	0.1588221677454984	0.36865822361695744	-0.07587105174744291	1.154246688147671
SAQJIG	-0.2317309798474212	0.29499580391797087	-0.06485133333475027	0.04516135423143221	0.761424738634172
SAXBAY	-0.20713314842347463	0.34879037291759707	-0.09955758608386425	0.032374704839840174	0.6689950614507115
SAXBEC	-0.2998471391096498	0.34593379570577676	0.0270474217922117	0.001199941651672476	0.8373054888572068
SAXTIV	1.5337338820633053	-1.1528397298129716	-0.38747624538791325	0.49117853651915816	2.285800506502275
SEDLUJ	1.005407296581787	-0.3283778904439028	0.05560373235143559	-0.056053962774968366	1.8187750450449829
SEHQED	1.0041870866676041	-0.4783185589170945	0.032864110431966326	-0.04277798687796078	2.00197510614037
SEKROP	0.523709473222902	-0.07233950325443883	-0.464841023166344	0.03443555632973614	0.7171140212615214
SEPVAL	0.21961863151688732	-0.008073079654042026	0.02163515266160404	0.09004187517699432	0.9768463144788477
SESWIZ	-0.21998434236203623	0.3033893644360167	-0.05210045297514136	0.033050041755979635	0.8000153713697784
SETMEM	-0.18352069534343052	0.3582455052582335	-0.3003292075789612	-0.03923258968778247	0.5630913987950299
SETXAR	-0.19373809801105146	0.23210869020741587	0.01095063091493828	0.05881697942449718	0.8162543585324878
SEWCAZ	-0.1342996105135823	0.33052479445806615	-0.09130881716223757	-0.0890026655367957	0.7444187838450246
SEWFUZ	-0.26117871931962	0.27762732433255055	-0.017718666478897277	0.06084321201521952	0.7624269424184178
SEWGAG	-0.24719817101590147	0.2877603913752512	-0.03146236201814695	0.05946196785947059	0.7497595627637403
SEWKIP	-0.20885337836443707	0.07120644292530098	0.17005389418734831	0.18778289766853742	0.9357144027897735
SEWPAP	-0.25307876892142556	0.29405310512305427	-0.026499479065381804	0.056748500007564	0.7534813130850487
SEWPET	-0.24956113668707758	0.28590332096726667	-0.023370710444316573	0.06294700912632398	0.7615515480855208
SEWPIX	-0.24171004777008775	0.28400997033511366	-0.02554432861438523	0.05907673648254638	0.7506974475274962
SIFWEN	0.6200076543564261	-0.11216378087727874	0.08608916468710143	-0.07828665507674781	1.3711916937323871
SIHREI	0.12840863681098114	0.020645714223579748	-0.13943657675069365	-0.015848740179075074	0.8565876633138505
SIHRIM	0.1214615643834871	0.08210024263451321	-0.11951654673565514	-0.01911212835471484	0.8712668013993621
SIJLAY	0.8422756020628936	-0.31031191959369187	-0.3319385247270167	-0.10825688445267628	1.3395161282492738
SIZDIQ	1.057382959432696	-0.42075454980095606	-0.15960852245869891	-0.1048678345644943	1.6847372683033317
SIZDOW	0.22130369368771774	0.07684296812431823	-0.17410750156251284	-0.11603835126057907	0.7879156019832863
SOCLEB	0.9464467208888094	-0.4982985750119172	-0.16113888114418365	0.15924020271953052	1.6732801024084705
SODLEE	-0.1814454871045088	0.22959703271741083	0.015659815969158136	0.05292452111154167	0.8037857819012089
SOFBUK	1.2552120076322963	-0.8628608090927039	0.3195276738700287	-0.28457261641772374	3.51856065107191
SOJGEF	-0.06750008345529857	0.4804185300966416	-0.014054153580950884	-0.0422717213442633	0.8326142305081026
SOKSAN	-0.42150341276089165	0.4580506134659402	-0.19965354700105947	-0.06612620691828333	0.6126566932944983
SOKSOB	0.8658026913114147	-0.5122856549437931	-0.19929104954234395	-0.0684190404922089	1.6195728078725353
SOMGIL	-0.08210896492030795	0.460590781846114	-0.1563481115053042	0.06419784793572458	0.6636995795247095
SONYOK	0.15711325805243037	-0.08765394360105727	-0.17757799688474857	-0.08244198157139071	0.8630108227335946
SOQZUT	-0.2906750264594309	0.23723151516694474	0.243059666456613	-0.07227047358084546	1.253396554109135
SOSPIA	0.17472904113656362	0.26410005199655096	-0.2763047095565	-0.14871568036179367	0.6052728970707015
SOSPOG	0.12601439871421194	0.25167013403172056	-0.2596934966968832	-0.11158720819754353	0.6374399245802482
SOSPUM	0.12766737502538694	0.29723702655425044	-0.3151113138136866	-0.028960876437620242	0.5452583874035628
SOZNOK	1.2090590588220915	-0.3688954412897341	-0.16165214182086501	-0.10672442694360532	1.8059572726336275
SUGWEZ	-0.3084080867263044	0.4008846719665754	-0.05232575224387173	-0.005753948335249795	0.7644704484375218
SUVRUW	0.07402861864578325	0.27794295175867834	-0.3581777511068373	0.002803957323638022	0.5040031165427022
TABMEP	0.6330319902888184	0.057597712660912403	-0.13954248385181328	-0.041221736713587864	1.0482007497167753
TABTEX	0.3565926661870975	0.5857215263771872	-0.3299533750278224	0.09381357646545545	0.6400000906196066
TACZON	0.28999311386762905	-0.2189475895919304	0.39241681432474185	0.006279391341001368	1.5631011823501675
TAHPIC	1.2397490542856198	-1.0318883002616852	0.5582926110790396	-0.23021923401405614	4.169051926901686
TAJZAI	-0.05755461500223369	0.40484630218008644	-0.11366627798372891	0.05819323662899037	0.6691160419213711
TAKMIE	-0.047132676213454516	0.38193316424571855	-0.09345948813238644	0.05835317857317956	0.6840984328235286
TALRAZ	0.8145458039524849	-0.6635586004620113	0.26625485298209406	-0.023485594420350073	2.0888466197496554
TATDAV	0.24275921401908462	0.16374120347115506	-0.1248577230982387	0.08932168953202071	0.8716979744486831
TATYIW	1.047281975991606	-0.4570997524704977	-0.10956454636827753	-0.02879159248415529	1.6878419490603502
TAVHIK	-0.01495379830485044	0.23240173748306425	-0.06799895635093535	-0.03018521789533285	0.8584981942654512
TAVJEI	-0.1170603434571591	0.41380931617834127	-0.0297161353285266	-0.07557998625307608	0.8393246740241342
TAZGIO	-0.010636288339152422	0.36518094353957176	0.03192770557297245	-0.05537700044366242	0.8840692550999555
TAZGOU	-0.022489445493925952	0.40674274116135434	0.0064834189261771535	-0.042975118079321986	0.8835025225427238
TAZHAH	-0.1059009454941644	0.29231148525107253	-0.07865203865190773	-0.08978491128016261	0.7751113418515636
TECFAJ	-0.04392823201624063	0.12510277576310902	0.1466331921120054	0.03756158383486343	0.9938197426850762
TEGTIJ	1.479428800647677	-0.8601649731067391	-0.49124885201041835	0.3886063887155976	1.8428101510045356
TEJTIN	-0.06316722977505274	0.26021392222800654	-0.017351183028865028	0.06677871112218804	0.7393093507059678
TEJTOT	-0.05640071423687765	0.4322221589688492	-0.005863674300337657	-0.021498223651159318	0.8399566709806945
TEMHEY	1.0576757896807343	-0.46519184660147006	-0.17720307801034357	0.08200420544077514	1.6698173002488117
TEMHOI	-0.33185573575958216	0.09304993203597478	-0.4078957617922936	0.042488528748752766	0.48382800487357813
TEMMIH	-0.07292739419165173	-0.00269402968659449	0.09028636434200202	-0.08251800832159495	1.123821281482818
TEMTOU	0.895166183928688	0.11092785519211124	0.16228232644112692	0.04591068818305422	1.5774658333750264
TERMIQ	0.30053601518129414	0.025599545821153424	-0.08368325784589456	-0.04572222176628292	1.0346966049271644
TESBID	-0.05391075473406781	0.4489387586539634	-0.07380533879354799	-0.006149967284642233	0.8013538460432856
TESBUP	-0.18213767092677724	0.22918516317973137	0.015765018423025662	0.052578550784288275	0.803840240371986
TESCAW	-0.18089693790118888	0.22975687689023117	0.014836804629964173	0.052257348046562166	0.8030330751319229
TESCEA	-0.1823370029464093	0.22827903141508188	0.015624932336848946	0.052866099752121136	0.8024791389639043
TESCIE	-0.17920261401938076	0.22859380615736957	0.013871372924949	0.05322346097954453	0.801244383485723
TEWGUZ	-0.29234387952744134	0.3260140323733888	0.05364834083836453	-0.022263183990052324	0.8648761528906976
TEWLOY	0.5257638986900437	-0.530823806259592	0.28634582710149037	-0.16759052098227578	1.9439468268059676
TEXDIM	-0.03304540909775655	0.4273172163420419	-0.006742251223404799	-0.061964293734574474	0.8587639820645214
TEXDOS	-0.0507703628914733	0.43192300958520524	-0.01732244703692684	-0.06233210438466889	0.8375528071118531
TIDXUZ	0.38480103786198105	-0.11203446978771203	0.029161518415418503	-0.09068516308755689	1.2278828513029771
TIFBUG	-0.21786035839622508	0.18305182711389245	-0.05554441256697268	0.07241947873127016	0.7998477462260491
TIFTIM	-0.21104478277630978	0.28569033675143574	-0.03215965064714667	0.026374331272790805	0.806751305174545
TIMJUU	-0.38044796555553484	0.3205062653804728	-0.02410992158371325	-0.07640820809355342	0.8572539827953711
TIPZUN	0.6300414532847451	-0.3757390031214961	-0.21021372424023674	0.10481692077015031	1.172008495516641
TIRQES	-0.5731103756485552	0.3923302127207272	0.13735738804854716	-0.0024673987915688964	0.8146025145945354
TIRQIW	-0.47210878937662537	0.29008839657390684	0.19154622059696	-0.0038517484352365294	0.7788297820180166
TIRRUH	1.3568663711431435	-0.42227296212148735	-0.3109220850320854	0.19839776798046316	1.7675802825283242
TIRSES	1.3236651550307639	-0.496986282983364	-0.20497844220306088	-0.0004058790381561983	1.934153823851557
TIRSIW	1.283297346129848	-0.2368347941099972	-0.352453625201261	0.08329169350453192	1.5985744279631748
TIRSOC	1.0008457578652386	-0.4933678447679045	-0.1147122422964108	-0.07689648305781213	1.7437853075191345
TOQRAV	-0.275323977357564	0.20058113848282355	0.08824726722046883	0.30362379888026253	0.9679142342605538
TOVJUJ	-0.4902045920727338	0.47661885814439275	0.1302853243461968	0.015288050158951454	0.9974908998005282
TOVKAQ	-0.157158502288679	0.35418946065046353	-0.1047172344871295	-0.07366776274401557	0.7631037088672743
TOVPOJ	0.06093132211511554	0.3649822116475657	0.24890584152565678	0.029165573631957507	1.1417477728974361
TOVQEA	0.6465373522413591	0.08201496019387244	0.23302149601045588	0.18398433225740704	1.3271451711047049
TOZREF	-0.11127058945671697	0.598593307423709	-0.07881174831525445	-0.06916756109106674	0.7358917988614627
TOZVUB	-0.2091124043972541	0.29551456089763695	-0.03594742206988	0.028244180610262362	0.805761935427534
TUCYEY	-0.153350063140135	0.28637531609070666	0.10119511845402637	-0.05760996914666437	0.8676869059888574
TUMXUV	0.46138793689430013	0.00353669318554517	0.07747304687150783	0.007752491971452002	1.5258909996002552
TUSFAO	1.1952720020033776	-0.7191882535311295	0.2157491572615126	-0.11256590783238207	2.598425422444254
TUVQAF	0.7465850295067082	0.24748206984139476	-0.10788230745222818	0.4009306502121163	1.243411133670263
TUVQIN	0.3748388339122899	0.5706962639955749	-0.0880436306203615	0.22459739144645074	1.2026607119396833
TUYHAY	-0.11077069095289804	0.2890206572348356	-0.08609613058473821	-0.089422531445675	0.7833488615134911
UCELUK	-0.1424211221610463	0.09816648171066056	0.07259357761966573	0.09035475007579624	0.9154160412470829
UDELEY	-0.07371730273322852	0.4736761184833448	-0.08437556597558178	-0.07901007092095985	0.831573882051378
UFEHET	1.0113387157069478	-0.08730873490865365	-0.36918437264191195	0.14299736325251505	1.1149740850482872
UFIFEV	0.22351540834757033	-0.211278487447232	0.5402206234925044	-0.035918177281370006	1.7408788378478426
UFIFIZ	-0.2144549533609461	0.11048553862237087	0.23050252299700966	0.15265509842810493	0.9867617038055447
UFIFOF	0.2698905729602519	-0.3396628371762926	0.3549035103018674	0.10788663623189927	1.5401518092383384
UHIYES	-0.20843660771297978	0.25297540280652686	0.001264492730357225	0.05978584074402654	0.787235196482444
UHIYIW	-0.2077290066818347	0.25086059238136726	0.001472285932546169	0.05954855791096169	0.7869465924499439
UJULAN	-0.4122929683936243	-0.0714164881249929	0.40813467283305604	-0.16162225571529068	1.0890419096113721
UJULER	-0.5480351214372132	0.45220274248696646	0.2546382208779203	0.04915542713909374	0.9045685441273941
UKOQUI	-0.5581310767647691	0.37021394509429173	0.13645895781644043	0.13130992310787773	1.0765738214971774
UKUXOP	0.05817359989136328	0.24407966318698981	-0.009061893653225156	-0.07242033436463692	0.9359140375228516
UKUYAC	-0.11045492446741312	0.3005292974307213	-0.09329622426756452	-0.09242141864797715	0.7628433253457607
ULEYOB	-0.03904367588592139	0.40787143779275514	-0.012414244841701755	-0.04652988679179203	0.8710186690385942
UMAXUE	1.4988422031422757	-0.34282211250286077	-0.5261911559762456	0.08187364934837274	1.5001843409683069
UMAYAL	1.498317720249092	-0.3419490777915809	-0.5283797809467482	0.07956736034255533	1.4993484616503359
UREQAL	-0.054888433686711036	0.5094893677588527	0.00852423548094064	-0.0984586102255692	0.8479429078280535
UREQEP	-0.055530989454012136	0.35430181288928553	-0.04637828191772503	0.021688475769759716	0.7104659454418121
USAQIP	1.3234575995513729	-0.5943534619545126	-0.8794880549660465	0.4993218596549258	1.2344723268954283
USEJOT	-0.3524684052134939	0.3857841643714518	0.021120959397146782	-0.03944538869802329	0.8010571261694284
UWOQAZ	0.3001934995637767	-0.4348426829577801	0.485565291060992	0.05027593170207045	1.7852300310382871
UWOQED	0.30009648210336426	0.47069399136343215	-0.0368530413986982	0.29503530147817875	1.2600429629539602
UWOQON	0.29840349096712115	-0.05953400499819472	-0.020728518492115766	-0.06162937981667152	0.980969425244392
UXEHAJ	0.4098827471964106	0.4322233088952957	-0.16347914735845798	0.14669717985632352	1.1860287819077127
UZADAD	0.19969466618551523	0.011626872250615095	-0.37753722990745653	0.25708699656759315	0.6326967801332617
UZADIL	0.2234762818434337	0.06620764300925619	-0.4842223756788777	0.19034243741797577	0.5234519787950886
UZIPUP	0.6981107897701908	0.1442334792741362	-0.3977588060909639	0.050254072224880014	0.7957913667996847
VAACAC	0.9736760362677228	-0.21295616511750293	-0.360312825263265	-0.17651100874737677	1.3094328162317055
VALDIY	1.2692096980178138	-0.9213409239113264	0.6552781570179609	-0.24318635771203168	4.311476225796694
VALXOX	-0.030481609351003414	0.253843489552389	-0.10788826647829927	-0.04311110070675968	0.8053093999390719
VATREQ	-0.12217957695329185	0.3013516194618634	-0.09713099545068712	-0.07434632509194149	0.7589528445769196
VATRIU	-0.11920469166555892	0.33728599202526743	-0.11707022826319632	-0.072209756152358	0.7496922986497406
VEBMUL	-0.30064963755914054	0.18656916455941852	0.11174174682693538	-0.004182522468382507	0.8879481566145533
VEBNAS	-0.31206586682047943	0.22529334865256523	0.08489136635461458	-0.003663883815767141	0.8677301464242845
VECSIG	-0.6735315308837388	0.5479483726719824	0.17992445881289607	-0.029089158043446667	0.997530321477744
VEFKOG	0.925382204233288	-0.9220867641464335	0.31076644848770973	-0.21404053677385537	2.8193893532677383
VEMQUA	-0.579694509050106	0.31407782233431936	0.15809275323915142	-0.01723186635917707	0.8888989275915703
VEMREL	-0.35130709098335045	0.3313324676141546	0.1601523345413857	0.00995076992734114	1.1001173444134995
VEQFOP	0.39309151185410274	-0.3514441917910944	0.32082524266015555	-0.07009727773227654	1.676457828566083
VEQFUV	0.3742398691904456	-0.3898165397914143	0.26886124899782526	-0.021433790668663126	1.5480809443916177
VEQGAC	0.37388985174477485	-0.4019775851146034	0.2665002905161804	-0.008158564848492159	1.5510282756029652
VERXIB	0.39144541339214856	-0.3537632645591997	0.5010822105763215	-0.24136035127580358	2.076010157467584
VEZFAI	-0.5613701993873117	0.15806117403162823	0.2233669663728459	0.018439849442894948	0.8593030707845684
VEZSEA	0.2115259733288246	-0.20465751989584668	0.00595235019207932	0.11611640018774871	0.9604508544969952
VEZSOK	0.2836814008081747	-0.18070215141128443	-0.08354423941784173	0.15056637274397716	0.8671023924871466
VEZWUU	-0.03954639020558259	0.4400816398180508	0.008069738100352525	-0.04722084499600987	0.8531266100409025
VEZXAB	-0.23592409533896141	0.25361727614418805	0.015067581406106367	0.052965198837929134	0.8091206666427597
VIDFIZ	-0.2898951886343597	0.3549594060191018	-0.07493642734579531	0.03350196314646503	0.8376813446677602
VIDTIM	0.18666582170096957	-0.14718808247201987	-0.040234955746801415	0.3646369464354597	0.9528743468730074
VIFKEB	-0.34117326040837836	0.3193371990261825	0.07572110768781518	0.019846408229832427	0.943653552983091
VIFQOR	0.6571588995673157	-0.40783946652789704	-0.19521491559480988	0.0814696675484744	1.218855434811557
VIKFAW	0.8666781830673584	-0.4506010944000169	-0.02254636815397057	-0.2031518370633426	1.8682714438123575
VIYDOX	-0.22662943283179615	0.30446870719212116	-0.05720906072489618	0.03105945142623542	0.8034172746617698
VIYLEU	1.5390666907003436	-0.7558130349379348	-0.5912960248490022	0.41032167661475677	1.687741326913689
VOCHED	1.7452920914785834	-0.9193259476451898	-1.0038257886140607	0.6391593005446284	1.3700022764469046
VODCEW	1.2078044957620997	-0.5808687734427574	-0.47659854811552116	0.10299578039286687	1.5020276381931574
VOJXAV	-0.33073176536181137	0.31491008855664104	0.021391800736887956	-0.0151161474476436	0.823733591492566
VOMGEJ	0.402945802838687	-0.34488334648850527	0.13897917407613844	-0.1123479977543195	1.4477695973209332
VOMHOW	-0.2641125924807288	0.42904600523382064	-0.06071699139181837	0.05531711817882268	0.8604418191625575
VOMVUQ	-0.1821335900947716	0.3557448059035154	0.022256329276749115	0.07732609664500446	0.8916530408942834
VOMWAX	-0.2639251227323811	0.4292938896361088	-0.06102681706212182	0.05582540522805536	0.8597307259275314
VOMWEB	-0.2380072229538488	0.37647464406077524	-0.06630934360985385	0.08174167193459847	0.8106548108161221
VOMWIF	-0.250884472291633	0.38210012270359617	-0.03702953889000389	0.0777915933569141	0.8547945287478577
VORYOS	-0.2413852979251243	0.30484115791386424	-0.04177414753138581	0.04040390103746539	0.7492957570496879
VOSCAK	-0.46197688091772804	0.41615213516073857	-0.048823277981118324	-0.003289324133641122	0.6710192387303406
VOTJEV	-0.2535703576750299	0.4283783958492874	-0.04952816504553982	0.05282868791256385	0.8724124477407192
VOTJIZ	-0.24510075497777883	0.40851655166442924	-0.04884467911107637	0.05397918793457476	0.8374012960638678
VOTQAW	-0.07951675298810956	0.3054941971305226	-0.07810770718408327	0.022969174345882977	0.6748027378443956
VOXREF	0.8180181356664753	-0.4312253740988205	-0.15738301033626456	0.03020410448174295	1.4183281707312467
VUCFUW	0.05177903936795358	0.26048414130267494	-0.007977175171348022	-0.07468463660821495	0.9298052061566606
VUDDEF	-0.21727775449724795	0.30150333944959573	-0.04190534811216798	0.028569673342126997	0.7933451981532942
VUGHEM	0.05451946130080865	0.26827600118299555	-0.008229830810776717	-0.08003527788035968	0.910748010606617
VUGHIQ	0.0649583075911071	0.2647643035184316	-0.02520286467936525	-0.07777566989487784	0.9031754997548188
VUHPEV	-0.11373093881116514	0.3190071977425387	-0.22489687778554315	-0.07186622975281816	0.7618554608315218
VUKTUT	-0.11818090955815519	0.16968782674976746	-0.1357236626741709	-0.09751914107334816	0.8535699629646935
VUMMEW	0.900314201186915	-0.3817724564329508	0.4402460085301868	-0.2627120768881804	2.722276905548204
VUPGUL	0.10350506412093186	0.18017205510759982	0.00977526396946754	-0.07033882639915237	1.0068729171287867
VUPHAS	-0.10911573255923024	0.268706528533489	-0.09914529364123006	-0.06368992055647152	0.774189523882649
VUPNUS	0.024047191408211877	0.320068825676194	-0.013888916084950742	-0.0664584614991494	0.8689663994328424
VURKAV	0.45500223438263365	-0.2511630964444095	0.3156552916230434	-0.07492858713739207	1.6433684346370825
VURKEZ	0.4724139446898521	-0.2712539088076858	0.2604865916371535	-0.08164816760559253	1.5694014700365897
VUWKAC	0.7631217790606382	-0.2726797638653528	0.4383477539792138	-0.22978456925095248	2.4771600037293147
WABBIM	0.400805402975573	0.15414717162054992	-0.2133720015625287	0.001788045647530205	0.9521972622734428
WABSEY	0.9044509596456201	-0.14111328364265086	0.07239751480959863	0.11599795567746067	1.5461377819388025
WAFGOD	0.5639746085045427	0.2539403484976862	0.046117431630670974	0.14437682660032325	1.2421834932949236
WAHHUM	1.1690221867305266	-0.7291562003720374	0.20593108068030988	-0.09383442803893069	2.5163124496160996
WALMUU	-0.10041449716137807	0.28519399347027685	-0.09614689781357981	-0.0910087378739591	0.7640003944110243
WALNAB	-0.09044578183122898	0.2711912188950575	-0.07652282277666252	-0.09334699151782033	0.7907310215323812
WAMPEG	-0.07279266042872168	0.23948519507956745	-0.18133493346527801	-0.05066076519405992	0.6820588382315017
WAQMEK	-0.38719062022472883	0.3071364026687905	-0.05264077220671398	0.017156119270172052	0.6405165788324176
WARCOH	1.2906274955228771	-0.6280509077109991	-0.32512801041600065	0.2613276959602655	1.6606509824033
WARDAV	0.2452154055079503	0.26191534553813856	-0.12082036434889731	0.087175492440021	0.815064122611526
WATKAD	0.6786771169314663	-0.14547229727610933	0.12454493859160767	-0.18672021216182694	1.567314935542818
WAWKOV	-0.4119039699095346	0.28267210453010316	0.02811594657326627	-0.06393830316642996	0.8202749569114128
WEHZUE	1.1500967604433838	-0.6596282891063557	0.10584520628283983	-0.19849579958511696	2.4166264033508806
WENVUG	0.48585256833319024	-0.3692131958948546	0.4873955442130915	-0.23494301259055567	2.230466009429972
WEPGAZ	1.6384375751377296	-0.7752548655966311	-0.5746532824738735	0.3106711207833389	2.0272516470338573
WEXDOU	0.3946410837429708	0.22344312353022344	-0.24599901399284535	0.06307665954415762	0.9496279257314256
WEXDUA	0.3931551719351787	0.21690031043246194	-0.25385822841501904	0.05800366891244002	0.9401596224348215
WEXFAI	0.3937350663524719	0.21833636435517878	-0.2524294453883576	0.057173721320116326	0.941476262531972
WEXTOM	0.7660977213834101	-0.01230175321703686	0.24921861041798773	0.1766360201921478	1.5490048690626297
WIFZIY	-0.35389829525713523	0.3705649763604414	0.042692819568884904	-0.03608379029010904	0.83113708542038
WIKHUV	0.0868386753533481	0.11276790489622912	-0.37333822459442456	-0.03162135855737759	0.6048409010979675
WIKJEH	0.08812382298475363	0.1245192958658542	-0.36635682530335667	-0.033959217965314606	0.6258099634616461
WIKJOR	0.10395457710850131	0.18430299518197701	-0.39959290647619006	-0.044272215154153235	0.5837613109313962
WIKJUX	0.11185586019817206	0.18391739710629695	-0.37676102682533547	-0.04765951280128061	0.6129138867482843
WIQMOA	0.011473290521280433	0.379310804233164	0.01994650375878254	0.01227070383445801	0.9461737980579255
WITZOR	-0.43698633995571834	0.42520587143025634	0.0797227325273849	-0.051641944779982185	0.8900300614245735
WIVSEC	0.3713703322993518	-0.27172850151346717	0.2818400285516791	-0.12138681780778621	1.6369267547163862
WOGBUQ	0.34575438434246974	-0.5169164818002513	0.49570513574139574	-0.030816398703247205	1.9582203973220644
WOGCAX	0.2996678085135547	-0.485456021542439	0.5477342073607261	-0.04694987252299633	1.9683647805396376
WOGCEB	0.44013946271351134	-0.482277328017221	0.4281875828863103	-0.05165744752392065	1.9289708471846208
WOHGEF	-0.10494645713949824	0.42293244894276916	-0.006739246305648733	-0.12742660793702337	0.8184164364652848
WOLBUU	1.0034077419439096	-0.42813626352073536	-0.13875888905972186	-0.17985084462411474	1.6637134331487138
WOLTIA	0.7546909362553444	-0.18003410726381652	0.12897994631360807	-0.058048163127824445	1.5460993137242847
WOLVUO	1.5098978339031421	-0.6158171829217374	-1.0117313016456357	0.6770568490546269	1.1584083504205496
WOPCOT	-0.6823511335841186	0.6374985050946472	0.15540439090275285	0.01948816745604346	1.0523972602327776
WOPSOJ	-0.2143031461330911	0.037985506989355544	0.44819378384124453	-0.10197464996163369	1.3802605632525111
WORZOV	1.2903267461838053	-0.282031852816956	0.10797141346145203	0.06533085213961384	2.203615566567974
WORZUB	0.5090958716551537	-0.08901931343201974	0.318570640795346	0.00517399986665628	1.501352942290533
WOSBAK	1.0925792934653926	0.23827032067165488	-0.12875127975052167	0.28030254608585115	1.4289830749775239
WOZLUV	-0.40738191305345905	0.3298490408420357	-0.05285848107959826	0.009172956896473173	0.6553450356313488
WOZMOQ	-0.15163745752386282	0.46016597243462265	-0.031498851948099316	-0.06563686769818536	0.8401410066495831
WOZZAP	-0.11391426464232213	0.25106091103534467	-0.1330031402335312	-0.08490355070130581	0.7367638937635073
WUHQIA	1.2834394196772245	-0.6503777030987793	-0.21173605587682148	-0.01779003747555844	2.150250604936347
WUHQOG	1.3121463546665635	-0.7797690529525649	-0.016992675127955145	-0.08047316194690399	2.556328675060913
WUHQUM	1.277472596473539	-0.5008752648418837	-0.19792738953010286	-0.04373506133885398	1.9391140504748219
WULTAA	-0.3085277451581643	0.08323362690740521	0.03587636642628572	-0.06809060576417426	1.0435284862327747
WUNHEV	-0.10513922973775136	0.4543154898324092	-0.015765192356792093	-0.09462041287875636	0.8286866280762747
WUNJIB	-0.0815399781354782	0.44266225808999426	0.03790809678732057	-0.14171770297179334	0.8411062580648971
WURLUQ	-0.10813432206025508	0.14474284364641232	0.013835069509290643	0.08036894835445596	0.8671194110897845
WUYTUI	0.02993258936500265	-0.18457207243184004	0.5745362632216777	-0.2055135796955416	1.8199304902711022
XABQEZ	-0.0896844696236494	0.38423354651382324	-0.0016591919407236977	-0.06326810290109032	0.7833041625930621
XABXOR	1.2257192010435847	-0.7242636902725177	0.061307275220370105	-0.03185061390397999	2.7096015580234782
XABYAE	1.4355374017124745	-0.909467831732113	0.014355676275430884	-0.07575148592087569	3.0760631351946497
XADQOK	0.8781728988104915	-0.43664197824359974	-0.2508806759656064	0.08163516134057924	1.3175654237482284
XADROM	0.05080357908618138	0.28327892788150033	-0.009130265497337697	-0.07093259152397269	0.8987306384490351
XADXOP	1.0331670291221546	-0.43491044150509034	0.12822710379365462	0.06908488103280497	1.9601279466864516
XADYAC	0.6931322356678327	-0.24086138601414464	0.4199357905858345	-0.11615231048893335	2.1557210086208123
XADYOQ	-0.14933242683248693	0.0214210627739444	0.3517599379803297	-0.07857792969254704	1.3333342326393784
XADYUW	0.5305868621115102	-0.3167902116043575	0.41351304910413467	-0.09475992715843168	1.8377844949340678
XADZAD	0.24246991260079964	-0.027710501756451622	0.40873852760787166	-0.05429015794109457	1.6556572885171061
XADZEH	0.6915613795521902	-0.33284928869104863	0.23674166601023813	-0.033291956129821096	1.6411637987471923
XAFDER	-0.11476113490562101	0.2871522077389085	-0.10216116737994382	-0.0714619521836987	0.7537982382538676
XAHJAU	-0.06817549723490046	0.28060065152147595	-0.06712300442483549	0.04387013022367702	0.6718304129254871
XALQUY	-0.5497396818239766	0.147596977777254	0.23010125579516236	0.003494462208727067	0.8765430286402024
XAPJOO	0.21653056189747755	0.05098295687341681	-0.47877943334927564	0.05133962764739573	0.638957348247391
XAPJUU	-0.3126925400812022	0.07278181846472043	-0.19257725370757484	-0.05530329358588826	0.8701828741304555
XASPEQ	-0.6568793531025214	0.5034788103684328	0.12783095537900527	0.01796417669006513	0.9885933213933432
XASPIU	-0.658600741449884	0.5052523139196737	0.13058158633202946	0.018758550546318246	0.993747494631507
XAWFEJ	0.6758460061699267	-0.3913774628680927	0.4008848985583279	-0.1226104488524514	2.0242998311251634
XAWFIN	-0.18151285098115055	0.06625707161602723	0.4060057450505439	-0.26538969665025247	1.2578368729061287
XAWGAG	0.68743624063708	-0.16882376584525471	0.13022655988617513	-0.17202235351100031	1.5628144925534306
XAYRAT	-0.6406795427650187	0.3572376530321174	0.2472627312195194	0.06610716131336394	0.975329149209864
XECJAS	-0.005967164572921568	0.4244236149213044	0.0404920413215811	-0.012118553276951508	0.960879983696415
XEHXUG	-0.3466142130906431	-0.03896167720441768	0.396680418019975	-0.022997663172622917	1.1569708643280527
XEJWUI	0.6909628544391064	0.2993846397612402	0.11265493202010105	0.13348791571832364	1.496274853513267
XEMXAO	-0.2612956296536173	0.1699496405555202	0.19190659315912525	0.04342546416467513	1.016073406565462
XEQCEF	-0.29792424083651214	0.3226460564361665	-0.038301953351550524	-0.05042593423460508	0.7567560620780049
XETDUV	-0.13406179406838659	0.34038845379137916	0.09767094173019236	-0.049989845568025035	0.8714668734612971
XETFAD	-0.11414079861543414	0.3314663806317387	0.09668907554415815	-0.030538005308124297	0.8540927942038344
XETSIC	0.6314104997591392	0.006732562300928446	-0.0417069666197184	0.0407683249345064	1.1114407626875986
XEYVUU	0.14807983430102656	0.13856481989732095	0.10711593269204747	0.11960998356147262	1.0015601844056172
XIDGUO	-0.28209570537871187	0.3273290222285957	0.058577761863785466	-0.013219544676966663	0.8772453542477673
XIDHAV	-0.3459327569645718	0.4145549870515185	-0.01891649574380372	-0.008919462235448289	0.7936007171448034
XIDSAG	0.8522968576607655	-0.25091649467885235	0.05506640756290976	-0.14250857335224995	1.6376310750444896
XIDSEK	1.0672744737811564	-0.3993870203904844	0.03416140739467538	-0.1331440211099491	2.0052302423051325
XIKQAJ	1.1417057128494918	-0.0024183461762619096	-0.07311876649745341	0.21825327739061243	1.6510838748726544
XIKRIS	1.1743930945689711	-1.100525871902131	0.7248804310009392	-0.3565425555046546	4.945809776504359
XIVKAO	-0.02820312012799331	0.41548065746310725	-0.003840808972734533	-0.05665250189781745	0.8623588460256664
XIZHUK	0.6506754451097878	-0.24490148774751197	0.12346396498374398	-0.23984463811401596	1.5047773203561423
XIZQAZ	-0.1921585556120391	0.25250448176638385	-0.12687440572911782	0.09844550311034984	0.7186211553790353
XIZQED	-0.21615934673577986	0.2459801271176013	-0.10646412049327729	0.09131703619750114	0.7405826952654927
XIZQIH	-0.2187591638686004	0.24953842192388687	-0.100542326112707	0.09408258681590423	0.74693222581463
XIZQON	-0.2303743317157525	0.24776007357975727	-0.09400065685512382	0.08785669592531678	0.7545881952390856
XIZQUT	-0.2275548836634238	0.25089970914924453	-0.08383240945346468	0.09174982507295071	0.7650091709231664
XIZREE	-0.26524306281235566	0.25941347259012815	-0.08927272299667993	0.09214045613948427	0.759069148703398
XOKMOA	-0.4359471035777349	0.4113276141794754	-0.19251108280539686	-0.023349521629748765	0.7561485616055941
XOKMUG	-0.10881322835367202	0.19591861224271456	0.07506279737075289	-0.009159320181880384	1.083824163928533
XOKNAN	-0.13796545451971642	0.4415480034383211	-0.27675498486213185	-0.020682409455323188	0.7791205371069886
XOMMAN	-0.21966542574407244	0.09346783763915567	0.48814635638764814	-0.10504202864308271	1.3513861434970653
XOPGUG	0.7525494651984115	-0.20420691123375267	0.22655842253306926	0.13529027675005367	1.6036565652205999
XOPHER	0.9399212760217504	-0.4914667914621303	0.38989808738607856	0.077383113543606	2.265233747172398
XOVBOZ	-0.2227315693357741	0.3082215886515681	-0.04467214179632284	0.025746978077736463	0.8018952738518779
XUDLIR	-0.1890127290516488	0.4551043728965999	-0.0601870646199769	-0.040642461377145236	0.7893426623545275
XUDLOX	0.04133248810963863	0.3978966733395296	0.03257047489631246	0.05959773013914452	0.8722764954266227
XUDLUD	0.04831722754900847	0.15992014520275055	-0.37466950442795566	-0.03402672485815249	0.5811279117084991
XUHXED	1.230808847700462	-1.0935791948595148	0.3931279943809206	-0.3470751485166691	3.689348188225795
XUKSAX	0.046095664587725516	0.368668589174466	-0.2181150289164585	-0.015950159035560102	0.5444744438875337
XUMCIS	-0.09248790321868183	0.38242936402960714	-0.04685759958687975	-0.010012568619392356	0.7800954147030196
XUMCOY	-0.0796832842350268	0.36112731000383314	-0.03782388547090677	-0.017652534335238758	0.7904312819481167
XUZCIF	0.4838098178506982	-0.21637292398757935	-0.135085209874099	0.006562219851200167	1.0949578548026349
XUZDEC	0.48360136804678433	-0.2172145217712279	-0.13248325919802967	0.006734874290809066	1.0970173959033531
YACPAX	0.3142420511047548	0.17689024646957663	0.20354288597253326	-0.19413993926381573	1.3402496408612166
YADMAT	-0.02579778214831574	0.41014433166328257	0.01822620669315836	-0.0520913040902084	0.8427332903502357
YADPOK	-0.09904178241667605	0.2894699104501538	-0.06977659456319392	0.03476446362233205	0.7079041045697557
YADXIM	-0.09249239975959789	0.3209622325947924	-0.07752920219616478	0.03917571943229029	0.6989427014089566
YAPHUS	1.6098309914160578	-0.3859641976465458	-0.5612693377406146	0.08961714811390051	1.588608393175905
YAPTEQ	-0.3379520517143222	0.5763160063245557	0.04673719974604512	-0.09474721400756567	1.0043987688242622
YARGED	1.4230332249889872	-0.8534243797089469	-0.08402720345564291	-0.015902395188758134	2.402424267424935
YAVCAB	-0.32002921019249664	0.32308352023418274	0.06411714361377696	0.06220839505227456	0.9350588836663317
YAZGOV	-0.3079260099015455	0.38208903978575515	0.053173204579587074	-0.04376978767832172	0.8604796427758492
YEDGUM	-0.36987975339535506	0.41331956730241426	0.00686602879074813	-0.026604553176692608	0.8927684334117402
YEDHAT	-0.229764539070052	0.29885346717990535	0.06038528686081787	-0.04772387591830719	0.9009281047578677
YEGTIR	-0.19208959645738455	0.26228421168843263	-0.008010220502477627	0.05521996053198319	0.7599743730202891
YEGTOX	-0.1930328199218514	0.26165237364606886	-0.007693953549296473	0.05553234655458217	0.7591877213915338
YEGTUD	-0.19216871826829385	0.2622582859771455	-0.007490418234305768	0.05456967063545759	0.7609058525937009
YEGVAL	-0.18999380559861168	0.27530451747237816	-0.034074418381966454	0.048906801747212875	0.7419680784975228
YEGVEP	-0.19102880783314902	0.2619083688294027	-0.008913082281666734	0.054478409227140936	0.7597515264101304
YEHDUO	-0.07190633266761903	0.3226434338315093	-0.10334914254696592	0.020811815079385634	0.6492709769700392
YEHNOQ	-0.6228379715771686	0.6279663320797776	0.1960889319479794	-0.0012603294017079839	0.9943106978619101
YEHPAE	-0.45082459832489796	0.41503527349368163	0.11842610034900128	0.0506858768384362	0.8766623253340334
YEHPEI	-0.5256483287551106	0.1917386752807868	0.2750220288365087	0.061669860927499306	0.8406229722747828
YEHWEN	-0.6582422309224798	0.5642773465497289	0.07502566272842875	-0.04919653598893972	0.9395094980214206
YESTUM	-0.6354109616776968	0.5982848091706686	0.1791795650116201	0.001529066724359561	1.13663801249669
YICKOL	-0.08337486668991012	0.12023954701391382	-0.1103925202941775	-0.0936404315400289	0.9001824182693159
YIDQAE	-0.0972852024928903	0.13245405107332653	0.02357909037749098	0.08603781189984713	0.8690064258918057
YIQLAL	0.4360255621785174	-0.3959991271422808	-0.23246369607704848	0.08395515678297083	1.0344982789230668
YIQLEP	0.5647745167294045	-0.7608554347583273	0.33938474664323914	-0.11945204643248547	2.196415743292647
YIQLIT	0.5588337967978352	-0.5882692863426486	0.12202068265427637	0.04520653134512355	1.5949456070299102
YIQLOZ	0.5933661553990475	-0.8513315793734106	0.36460245600809515	-0.1406910667222103	2.403198159406502
YIQMIU	0.7765129423362707	0.44821702442874256	0.12565714224198407	0.24700871486532616	1.7038230698497858
YITJEQ	0.9832975298012943	-0.7712969838446766	0.13204735496777445	-0.07523830141721652	2.17714209074208
YITLIX	-0.32583840911051176	0.2148217770226275	-0.28901552629538185	0.011887230667659714	0.5568704144288026
YIVLOH	1.074467403273951	-0.3708929696257324	0.22274865972794347	-0.06144314214984624	2.149024182289681
YODHAA	-0.06015120889239434	0.2901060947274535	-0.07856968044237267	0.03427818928873663	0.6720823251864776
YODHEE	-0.07422999688209497	0.31243508778505313	-0.07510987951316292	0.022695710222729874	0.6738671636910736
YOGJAF	-0.3556113142181947	0.377764952670245	-0.19016870917438503	0.034537040012675185	0.7296939949498027
YOGSOD	0.8536517154624095	-0.36836353335419303	0.4460287164943447	-0.23273306507527258	2.5717960229826713
YOGSUJ	0.8800153712687284	-0.3948421976337172	0.4379325583430802	-0.22836567269767988	2.615256452165791
YOGTAQ	0.7820126321828371	-0.40252611464941257	0.41112503383830146	-0.20236160622254226	2.440041831885156
YOGTEU	0.7698162791167342	-0.39374459163357	0.38847762948498643	-0.18649262529434832	2.434762543689783
YOGTOE	0.5568380281048273	-0.3585051028831837	0.1614708202222259	-0.26512990985678003	1.7219779152162304
YOGTUK	0.5601736578187753	-0.3438222886081199	0.16000410907346493	-0.2676367176520236	1.754898674516213
YOGVAS	0.7108505051984224	-0.42885980531190926	0.24685473667206972	-0.09272849421407206	1.867859575613596
YOGVEW	0.8136496837121618	-0.295408413698085	0.06384970020676994	-0.06212020273327164	1.625839633289917
YOHPUH	1.0767271459829089	-0.2158989485891697	-0.20733656088741031	0.02070434489096613	1.93106052022328
YOHQAO	0.6186071322341111	-0.2449377205304093	-0.21870551262923565	0.08251009624419134	1.165395851148948
YOHRAR	-0.1611230136822268	0.22648658089931173	0.025593587792458378	0.054844903768868504	0.8264365451866766
YOLXIH	-0.0507722036296796	0.4470108762709156	0.011384766072901065	-0.052469717018656534	0.8548735921256889
YOLXON	-0.03122035985441407	0.3937074864660318	0.009563696524865578	-0.057683736696005364	0.8202496121615422
YOMZOP	0.5310831431470304	0.15078043802360486	-0.04911824510545004	0.1463482730171258	1.1039296555405982
YONJET	1.0106981413248728	-0.6093979864668397	0.2906574093480462	-0.17912380567827804	2.5949610412984887
YONJIX	0.6978294530229228	-0.36985065917392523	0.38411572054429766	-0.1700548425682644	2.3084098356061697
YORJEU	1.102423030163258	-0.5256083321619417	0.5835218985521025	-0.2987278483221679	3.598273989926824
YOXLAA	-0.2061439327758161	0.4139092593053305	-0.0816785945878384	0.04658228722712321	0.7888317771067342
YOXLEE	0.5319078725833828	0.13965382385550873	0.30070196176285635	0.05491836283123703	1.5686117422936507
YOXLII	0.6430912679261138	0.16826586633181007	-0.3226690260606191	0.41791585415676796	0.8183703501482753
YUCMEO	0.6896218623217951	-0.6749757343615457	0.2562734516032915	-0.07773799206565508	2.194489208552702
YUDBIL	1.0829337249441395	-0.4727164609474762	0.1822005836816323	-0.2749692854334843	2.2934792596524396
YUJHES	1.4465883874917407	-0.5951246352701822	-0.3222271105646177	0.15493941164784497	1.6771505081831208
YUKPAX	0.8502806319955734	-0.25221938574742453	-0.4557310345944421	-0.07732353794065894	0.9927013742201624
YUKYUY	-0.08927919944667151	0.2749775388087149	-0.1325205053466405	-0.0827919255240709	0.7982600644355988
YUXHUU	-0.6855983891717141	0.5884232837533746	0.0862313820191847	-0.0632271567372608	1.0680178458444556
YUXRIS	-0.1838675240500045	0.16994681825067792	0.31214556128362125	-0.08138676195096008	1.287959487990552
ZAGHEX	0.7597878654904919	0.021431895588185035	-0.007458936316541875	0.19230612523608534	1.2589939923493776
ZANBUL	0.8100865898344289	-0.557877824875843	-0.06566177118859061	-0.12411194084773614	1.7366058858564664
ZANCAS	0.8527295351435646	-0.6129270058801184	-0.048790361152818706	-0.0923722485707931	1.818890413679597
ZAXLEP	-0.31525089965930464	0.6071604402894656	-0.14650097557029523	-0.03180763698198942	0.6499826961801042
ZEGKEE	-0.4694926033058917	0.29264993540240736	0.3979871633547043	-0.06084648197895051	1.2460572133524181
ZEHXAN	0.7634706950817987	-0.1471611745522572	-0.2514982440428776	0.33278909385580124	1.0016638569343248
ZEHXER	0.5625425170055705	-0.1729291952311759	-0.20099322009320733	0.24379500973687185	0.9204870494295165
ZEHXIV	0.5609170430492139	-0.19066367482515456	-0.1990936746873939	0.25919332314778465	0.9258557917932604
ZEHXOB	0.5804972986159798	-0.2140188653771682	-0.2169814998668162	0.2662651502814002	0.9268796057525215
ZELZUL	0.4765423557837982	-0.5857961089973801	0.6541816282210002	-0.23468171339693467	2.604411511469309
ZEVGIS	0.3793902038261354	-0.07196770288930399	-0.22347960672490852	0.06050485930311747	0.9478106441568195
ZEZFOZ	0.21933039662484521	0.45360410536399065	-0.2657276682664303	0.06634540603145003	0.7189762464975167
ZIQTAY	-0.6405221855098508	0.36636502822027384	0.20383971191002734	0.04048027037395002	0.9496211449442984
ZIQTOM	-0.5504289455692954	0.42173039086460695	0.13679692059582485	0.06977571764225254	1.016181169712066
ZIQTUS	-0.5841189112147078	0.43434157325710065	0.15134144212285647	0.057229666837010966	1.0067102218082993
ZIXFIX	-0.039245482892175776	0.342243157073746	-0.08651713607956692	0.05943290698294729	0.7073070690777189
ZOFKIO	1.248265668865494	-0.5288657283959525	0.4472056441704326	-0.1607135895707103	3.393255047830193
ZOFYIG	-0.2990175179742316	0.2922643936406758	-0.08026349763837551	0.01065486109257648	0.6097898444371249
ZOJHIS	0.025868497660313405	0.31252578982871604	-0.02496593254171771	-0.06973112126089796	0.8618703821101051
ZOJJOX	-0.06996654816193493	0.5442327834951818	-0.04314659809758693	-0.07020271662041534	0.8280021934512193
ZOJSEZ	-0.0730141084705127	0.2791834016701179	-0.06893372430386661	0.0390374038352391	0.6868781889316047
ZOKJIU	-0.08080410381618419	0.3162093829436524	-0.06103881818621078	0.03223423139843754	0.6765830748190129
ZOPPAV	0.4735068355689269	-0.18018261811159286	0.33143688759979917	-0.16652563302563794	1.6692259976603487
ZOXTIP	0.8896547686050584	0.21471610454688583	0.3221910974189197	-0.04244006779683775	2.2611484058312223
ZUCKAM	1.0211547469085729	-0.40213721034854555	-0.39102795774627663	0.40501510505763827	0.9579091250980396
ZUCKIU	1.0817547392732627	-0.421417495899241	-0.3972754041622123	0.3654432427907085	1.0017785818663496
ZUFJEP	-0.1572835242160182	0.02183583043509829	0.12410053673514312	-0.07112325107350255	1.2983953727670126
ZUJQOM	-0.15431900265632414	0.37873647887235296	-0.10443241620099616	-0.0902357306282999	0.7404962235677025
ZULGAO	0.18493324013850643	0.07691028659544241	-0.04308335469873038	0.03407017547302964	1.0005906407523473
ZUPDOG	0.3090358863653493	-0.0029390488018646854	-0.18707429986497595	0.007613831188245289	0.9381738254551513
ZUVXOD	-0.0012553417279033141	0.2706052077305846	-0.21861651537453797	-0.0388177688347878	0.6809501207916575
ZUXGIL	0.8896901726806252	-0.6314320665554863	0.3477300278665906	-0.05290518557738827	2.24365316339569
